loc,route,label,disposition,concept_or_reason,owner
frontend/src/components/ActivityFeed.jsx:53,ActivityFeed,activity-loading,NON_TRUTH_SURFACE_EXCLUDED_WITH_REASON,structural/control/label testid,
frontend/src/components/ActivityFeed.jsx:61,ActivityFeed,activity-empty,NON_TRUTH_SURFACE_EXCLUDED_WITH_REASON,structural/control/label testid,
frontend/src/components/AdminAccessControlPanel.jsx:280,AdminAccessControlPanel,access-control-panel,NON_TRUTH_SURFACE_EXCLUDED_WITH_REASON,structural/control/label testid,
frontend/src/components/AdminAccessControlPanel.jsx:301,AdminAccessControlPanel,acc-add-user-btn,NON_TRUTH_SURFACE_EXCLUDED_WITH_REASON,structural/control/label testid,
frontend/src/components/AdminAccessControlPanel.jsx:505,AdminAccessControlPanel,acc-create-dialog,NON_TRUTH_SURFACE_EXCLUDED_WITH_REASON,structural/control/label testid,
frontend/src/components/AdminAccessControlPanel.jsx:650,AdminAccessControlPanel,acc-create-cancel,NON_TRUTH_SURFACE_EXCLUDED_WITH_REASON,structural/control/label testid,
frontend/src/components/AdminAccessControlPanel.jsx:658,AdminAccessControlPanel,acc-create-submit,NON_TRUTH_SURFACE_EXCLUDED_WITH_REASON,structural/control/label testid,
frontend/src/components/AdminAccessStatsTile.jsx:86,AdminAccessStatsTile,admin-access-stats-error,NON_TRUTH_SURFACE_EXCLUDED_WITH_REASON,structural/control/label testid,
frontend/src/components/AdminBackupVerificationPanel.jsx:125,AdminBackupVerificationPanel,backup-verification-panel,NON_TRUTH_SURFACE_EXCLUDED_WITH_REASON,structural/control/label testid,
frontend/src/components/AdminBackupVerificationPanel.jsx:150,AdminBackupVerificationPanel,backup-verification-ots-wrapper,NON_TRUTH_SURFACE_EXCLUDED_WITH_REASON,structural/control/label testid,
frontend/src/components/AdminBackupVerificationPanel.jsx:158,AdminBackupVerificationPanel,backup-verification-ots-disclosure,NON_TRUTH_SURFACE_EXCLUDED_WITH_REASON,structural/control/label testid,
frontend/src/components/AdminBackupVerificationPanel.jsx:212,AdminBackupVerificationPanel,bv-preview-btn,NON_TRUTH_SURFACE_EXCLUDED_WITH_REASON,structural/control/label testid,
frontend/src/components/AdminBackupVerificationPanel.jsx:221,AdminBackupVerificationPanel,bv-run-now-btn,NON_TRUTH_SURFACE_EXCLUDED_WITH_REASON,structural/control/label testid,
frontend/src/components/AdminBannersPanel.jsx:175,AdminBannersPanel,banner-compose-dialog,NON_TRUTH_SURFACE_EXCLUDED_WITH_REASON,structural/control/label testid,
frontend/src/components/AdminBannersPanel.jsx:246,AdminBannersPanel,banner-translate-btn,NON_TRUTH_SURFACE_EXCLUDED_WITH_REASON,structural/control/label testid,
frontend/src/components/AdminBannersPanel.jsx:350,AdminBannersPanel,banner-save-btn,NON_TRUTH_SURFACE_EXCLUDED_WITH_REASON,structural/control/label testid,
frontend/src/components/AdminBannersPanel.jsx:424,AdminBannersPanel,admin-banners-panel,NON_TRUTH_SURFACE_EXCLUDED_WITH_REASON,structural/control/label testid,
frontend/src/components/AdminBannersPanel.jsx:436,AdminBannersPanel,banner-new-btn,NON_TRUTH_SURFACE_EXCLUDED_WITH_REASON,structural/control/label testid,
frontend/src/components/AdminBannersPanel.jsx:454,AdminBannersPanel,banner-archive-toggle,NON_TRUTH_SURFACE_EXCLUDED_WITH_REASON,structural/control/label testid,
frontend/src/components/AdminDispatchUsersPanel.jsx:173,AdminDispatchUsersPanel,admin-dispatch-users-panel,NON_TRUTH_SURFACE_EXCLUDED_WITH_REASON,structural/control/label testid,
frontend/src/components/AdminDispatchUsersPanel.jsx:195,AdminDispatchUsersPanel,admin-dispatch-users-refresh,NON_TRUTH_SURFACE_EXCLUDED_WITH_REASON,structural/control/label testid,
frontend/src/components/AdminDispatchUsersPanel.jsx:212,AdminDispatchUsersPanel,admin-dispatch-add-submit,NON_TRUTH_SURFACE_EXCLUDED_WITH_REASON,structural/control/label testid,
frontend/src/components/AdminDocIdSearch.jsx:67,AdminDocIdSearch,admin-doc-id-search,NON_TRUTH_SURFACE_EXCLUDED_WITH_REASON,structural/control/label testid,
frontend/src/components/AdminDocIdSearch.jsx:79,AdminDocIdSearch,admin-doc-id-search-input,NON_TRUTH_SURFACE_EXCLUDED_WITH_REASON,structural/control/label testid,
frontend/src/components/AdminDocIdSearch.jsx:86,AdminDocIdSearch,admin-doc-id-search-submit,NON_TRUTH_SURFACE_EXCLUDED_WITH_REASON,structural/control/label testid,
frontend/src/components/AdminEmailRoutingPanel.jsx:155,AdminEmailRoutingPanel,admin-email-routing-panel,NON_TRUTH_SURFACE_EXCLUDED_WITH_REASON,structural/control/label testid,
frontend/src/components/AdminEmailRoutingPanel.jsx:294,AdminEmailRoutingPanel,routing-test-input,NON_TRUTH_SURFACE_EXCLUDED_WITH_REASON,structural/control/label testid,
frontend/src/components/AdminFieldLeadershipUsersPanel.jsx:188,AdminFieldLeadershipUsersPanel,admin-field-leadership-users-panel,NON_TRUTH_SURFACE_EXCLUDED_WITH_REASON,structural/control/label testid,
frontend/src/components/AdminFieldLeadershipUsersPanel.jsx:213,AdminFieldLeadershipUsersPanel,admin-field-leadership-users-refresh,NON_TRUTH_SURFACE_EXCLUDED_WITH_REASON,structural/control/label testid,
frontend/src/components/AdminFieldLeadershipUsersPanel.jsx:252,AdminFieldLeadershipUsersPanel,admin-hr-add-submit,NON_TRUTH_SURFACE_EXCLUDED_WITH_REASON,structural/control/label testid,
frontend/src/components/AdminFieldLeadershipUsersPanel.jsx:420,AdminFieldLeadershipUsersPanel,admin-hr-pw-cancel,NON_TRUTH_SURFACE_EXCLUDED_WITH_REASON,structural/control/label testid,
frontend/src/components/AdminGlobalSearch.jsx:54,AdminGlobalSearch,admin-global-search,NON_TRUTH_SURFACE_EXCLUDED_WITH_REASON,structural/control/label testid,
frontend/src/components/AdminGlobalSearch.jsx:63,AdminGlobalSearch,admin-search-input,NON_TRUTH_SURFACE_EXCLUDED_WITH_REASON,structural/control/label testid,
frontend/src/components/AdminGlobalSearch.jsx:80,AdminGlobalSearch,admin-search-dropdown,NON_TRUTH_SURFACE_EXCLUDED_WITH_REASON,structural/control/label testid,
frontend/src/components/AdminGlobalSearch.jsx:85,AdminGlobalSearch,admin-search-empty,NON_TRUTH_SURFACE_EXCLUDED_WITH_REASON,structural/control/label testid,
frontend/src/components/AdminHRUsersPanel.jsx:179,AdminHRUsersPanel,admin-hr-users-panel,NON_TRUTH_SURFACE_EXCLUDED_WITH_REASON,structural/control/label testid,
frontend/src/components/AdminHRUsersPanel.jsx:204,AdminHRUsersPanel,admin-hr-users-refresh,NON_TRUTH_SURFACE_EXCLUDED_WITH_REASON,structural/control/label testid,
frontend/src/components/AdminHRUsersPanel.jsx:222,AdminHRUsersPanel,admin-hr-add-submit,NON_TRUTH_SURFACE_EXCLUDED_WITH_REASON,structural/control/label testid,
frontend/src/components/AdminHRUsersPanel.jsx:390,AdminHRUsersPanel,admin-hr-pw-cancel,NON_TRUTH_SURFACE_EXCLUDED_WITH_REASON,structural/control/label testid,
frontend/src/components/AdminJobMasterPanel.jsx:294,AdminJobMasterPanel,admin-job-master-panel,NON_TRUTH_SURFACE_EXCLUDED_WITH_REASON,structural/control/label testid,
frontend/src/components/AdminJobMasterPanel.jsx:307,AdminJobMasterPanel,job-master-population-caption,NON_TRUTH_SURFACE_EXCLUDED_WITH_REASON,structural/control/label testid,
frontend/src/components/AdminJobMasterPanel.jsx:320,AdminJobMasterPanel,job-master-refresh,NON_TRUTH_SURFACE_EXCLUDED_WITH_REASON,structural/control/label testid,
frontend/src/components/AdminJobMasterPanel.jsx:334,AdminJobMasterPanel,job-master-export-btn,NON_TRUTH_SURFACE_EXCLUDED_WITH_REASON,structural/control/label testid,
frontend/src/components/AdminJobMasterPanel.jsx:431,AdminJobMasterPanel,job-master-add-btn,NON_TRUTH_SURFACE_EXCLUDED_WITH_REASON,structural/control/label testid,
frontend/src/components/AdminJobMasterPanel.jsx:445,AdminJobMasterPanel,job-master-tabs,NON_TRUTH_SURFACE_EXCLUDED_WITH_REASON,structural/control/label testid,
frontend/src/components/AdminJobMasterPanel.jsx:706,AdminJobMasterPanel,job-master-bulk-dialog,NON_TRUTH_SURFACE_EXCLUDED_WITH_REASON,structural/control/label testid,
frontend/src/components/AdminJobMasterPanel.jsx:759,AdminJobMasterPanel,co-pm-dialog,NON_TRUTH_SURFACE_EXCLUDED_WITH_REASON,structural/control/label testid,
frontend/src/components/AdminJobMasterPanel.jsx:826,AdminJobMasterPanel,co-pm-cancel,NON_TRUTH_SURFACE_EXCLUDED_WITH_REASON,structural/control/label testid,
frontend/src/components/AdminJobMasterPanel.jsx:834,AdminJobMasterPanel,co-pm-save,NON_TRUTH_SURFACE_EXCLUDED_WITH_REASON,structural/control/label testid,
frontend/src/components/AdminPMPanel.jsx:333,AdminPMPanel,admin-pm-panel,NON_TRUTH_SURFACE_EXCLUDED_WITH_REASON,structural/control/label testid,
frontend/src/components/AdminPMPanel.jsx:358,AdminPMPanel,pm-refresh,NON_TRUTH_SURFACE_EXCLUDED_WITH_REASON,structural/control/label testid,
frontend/src/components/AdminPMPanel.jsx:416,AdminPMPanel,pm-add-btn,NON_TRUTH_SURFACE_EXCLUDED_WITH_REASON,structural/control/label testid,
frontend/src/components/AdminPMPanel.jsx:688,AdminPMPanel,pm-set-password-dialog,NON_TRUTH_SURFACE_EXCLUDED_WITH_REASON,structural/control/label testid,
frontend/src/components/AdminPMPanel.jsx:738,AdminPMPanel,pm-set-password-custom-input,NON_TRUTH_SURFACE_EXCLUDED_WITH_REASON,structural/control/label testid,
frontend/src/components/AdminPMPanel.jsx:748,AdminPMPanel,pm-set-password-cancel,NON_TRUTH_SURFACE_EXCLUDED_WITH_REASON,structural/control/label testid,
frontend/src/components/AdminPMPanel.jsx:774,AdminPMPanel,pm-set-password-welcome-pdf,NON_TRUTH_SURFACE_EXCLUDED_WITH_REASON,structural/control/label testid,
frontend/src/components/AdminPMPanel.jsx:829,AdminPMPanel,pm-issued-password-dialog,NON_TRUTH_SURFACE_EXCLUDED_WITH_REASON,structural/control/label testid,
frontend/src/components/AdminPMPanel.jsx:857,AdminPMPanel,pm-issued-password-copy,NON_TRUTH_SURFACE_EXCLUDED_WITH_REASON,structural/control/label testid,
frontend/src/components/AdminPMPanel.jsx:864,AdminPMPanel,pm-issued-password-close,NON_TRUTH_SURFACE_EXCLUDED_WITH_REASON,structural/control/label testid,
frontend/src/components/AdminReferenceLookup.jsx:68,AdminReferenceLookup,admin-lookup-input,NON_TRUTH_SURFACE_EXCLUDED_WITH_REASON,structural/control/label testid,
frontend/src/components/AdminReferenceLookup.jsx:78,AdminReferenceLookup,admin-lookup-submit,NON_TRUTH_SURFACE_EXCLUDED_WITH_REASON,structural/control/label testid,
frontend/src/components/AdminReferenceLookup.jsx:89,AdminReferenceLookup,admin-lookup-error,NON_TRUTH_SURFACE_EXCLUDED_WITH_REASON,structural/control/label testid,
frontend/src/components/AdminSafetyFormsPanel.jsx:116,AdminSafetyFormsPanel,admin-safety-forms-panel,NON_TRUTH_SURFACE_EXCLUDED_WITH_REASON,structural/control/label testid,
frontend/src/components/AdminSafetyUsersPanel.jsx:179,AdminSafetyUsersPanel,admin-safety-users-panel,NON_TRUTH_SURFACE_EXCLUDED_WITH_REASON,structural/control/label testid,
frontend/src/components/AdminSafetyUsersPanel.jsx:201,AdminSafetyUsersPanel,admin-safety-users-refresh,NON_TRUTH_SURFACE_EXCLUDED_WITH_REASON,structural/control/label testid,
frontend/src/components/AdminSafetyUsersPanel.jsx:218,AdminSafetyUsersPanel,admin-safety-add-submit,NON_TRUTH_SURFACE_EXCLUDED_WITH_REASON,structural/control/label testid,
frontend/src/components/AdminSafetyUsersPanel.jsx:386,AdminSafetyUsersPanel,admin-safety-pw-cancel,NON_TRUTH_SURFACE_EXCLUDED_WITH_REASON,structural/control/label testid,
frontend/src/components/AdminShopUsersPanel.jsx:221,AdminShopUsersPanel,admin-shop-users-panel,NON_TRUTH_SURFACE_EXCLUDED_WITH_REASON,structural/control/label testid,
frontend/src/components/AdminShopUsersPanel.jsx:245,AdminShopUsersPanel,admin-shop-users-refresh,NON_TRUTH_SURFACE_EXCLUDED_WITH_REASON,structural/control/label testid,
frontend/src/components/AdminShopUsersPanel.jsx:263,AdminShopUsersPanel,admin-shop-add-submit,NON_TRUTH_SURFACE_EXCLUDED_WITH_REASON,structural/control/label testid,
frontend/src/components/AdminShopUsersPanel.jsx:433,AdminShopUsersPanel,admin-shop-set-password-custom-input,NON_TRUTH_SURFACE_EXCLUDED_WITH_REASON,structural/control/label testid,
frontend/src/components/AdminShopUsersPanel.jsx:442,AdminShopUsersPanel,admin-shop-pw-choice-cancel,NON_TRUTH_SURFACE_EXCLUDED_WITH_REASON,structural/control/label testid,
frontend/src/components/AdminSignatureMigrationPanel.jsx:81,AdminSignatureMigrationPanel,admin-signature-migration-panel,NON_TRUTH_SURFACE_EXCLUDED_WITH_REASON,structural/control/label testid,
frontend/src/components/AdminSignatureMigrationPanel.jsx:100,AdminSignatureMigrationPanel,sig-mig-refresh,NON_TRUTH_SURFACE_EXCLUDED_WITH_REASON,structural/control/label testid,
frontend/src/components/AdminTrainingResourcesPanel.jsx:41,AdminTrainingResourcesPanel,admin-training-resources-panel,NON_TRUTH_SURFACE_EXCLUDED_WITH_REASON,structural/control/label testid,
frontend/src/components/AdminUnifiedDirectoryPanel.jsx:129,AdminUnifiedDirectoryPanel,unified-directory-panel,NON_TRUTH_SURFACE_EXCLUDED_WITH_REASON,structural/control/label testid,
frontend/src/components/AdminUnifiedDirectoryPanel.jsx:183,AdminUnifiedDirectoryPanel,udp-search-input,NON_TRUTH_SURFACE_EXCLUDED_WITH_REASON,structural/control/label testid,
frontend/src/components/AdminUnifiedDirectoryPanel.jsx:191,AdminUnifiedDirectoryPanel,udp-search-btn,NON_TRUTH_SURFACE_EXCLUDED_WITH_REASON,structural/control/label testid,
frontend/src/components/AdminUnifiedDirectoryPanel.jsx:203,AdminUnifiedDirectoryPanel,udp-portal-filter,NON_TRUTH_SURFACE_EXCLUDED_WITH_REASON,structural/control/label testid,
frontend/src/components/AdminUnifiedDirectoryPanel.jsx:221,AdminUnifiedDirectoryPanel,udp-source-filter,NON_TRUTH_SURFACE_EXCLUDED_WITH_REASON,structural/control/label testid,
frontend/src/components/AdminUnifiedDirectoryPanel.jsx:236,AdminUnifiedDirectoryPanel,udp-loading,NON_TRUTH_SURFACE_EXCLUDED_WITH_REASON,structural/control/label testid,
frontend/src/components/AdminUnifiedDirectoryPanel.jsx:243,AdminUnifiedDirectoryPanel,udp-empty,NON_TRUTH_SURFACE_EXCLUDED_WITH_REASON,structural/control/label testid,
frontend/src/components/AssetHistoryTimeline.jsx:72,AssetHistoryTimeline,asset-history-loading,NON_TRUTH_SURFACE_EXCLUDED_WITH_REASON,structural/control/label testid,
frontend/src/components/AssetHistoryTimeline.jsx:81,AssetHistoryTimeline,asset-history-error,NON_TRUTH_SURFACE_EXCLUDED_WITH_REASON,structural/control/label testid,
frontend/src/components/AssetHistoryTimeline.jsx:116,AssetHistoryTimeline,asset-history-empty,NON_TRUTH_SURFACE_EXCLUDED_WITH_REASON,structural/control/label testid,
frontend/src/components/AttendeeBulkAddDialog.jsx:167,AttendeeBulkAddDialog,attendee-bulk-add-dialog,NON_TRUTH_SURFACE_EXCLUDED_WITH_REASON,structural/control/label testid,
frontend/src/components/AttendeeBulkAddDialog.jsx:185,AttendeeBulkAddDialog,attendee-bulk-add-search,NON_TRUTH_SURFACE_EXCLUDED_WITH_REASON,structural/control/label testid,
frontend/src/components/AttendeeBulkAddDialog.jsx:225,AttendeeBulkAddDialog,attendee-bulk-add-empty,NON_TRUTH_SURFACE_EXCLUDED_WITH_REASON,structural/control/label testid,
frontend/src/components/AttendeeBulkAddDialog.jsx:282,AttendeeBulkAddDialog,attendee-bulk-add-cancel,NON_TRUTH_SURFACE_EXCLUDED_WITH_REASON,structural/control/label testid,
frontend/src/components/AttendeeBulkAddDialog.jsx:291,AttendeeBulkAddDialog,attendee-bulk-add-submit,NON_TRUTH_SURFACE_EXCLUDED_WITH_REASON,structural/control/label testid,
frontend/src/components/AutoEmailRoutingPanel.jsx:36,AutoEmailRoutingPanel,auto-email-routing-panel,NON_TRUTH_SURFACE_EXCLUDED_WITH_REASON,structural/control/label testid,
frontend/src/components/AutoEmailRoutingPanel.jsx:90,AutoEmailRoutingPanel,auto-email-status-badge,CANONICAL_STATUS,status,Wave-2 status vocab (TC-0002)
frontend/src/components/BackendStatusBanner.jsx:124,BackendStatusBanner,backend-status-banner,NON_TRUTH_SURFACE_EXCLUDED_WITH_REASON,structural/control/label testid,
frontend/src/components/BackendVersionBadge.jsx:50,BackendVersionBadge,backend-version-badge-loading,NON_TRUTH_SURFACE_EXCLUDED_WITH_REASON,structural/control/label testid,
frontend/src/components/BackupHeroPanel.jsx:109,BackupHeroPanel,backup-hero-panel,NON_TRUTH_SURFACE_EXCLUDED_WITH_REASON,structural/control/label testid,
frontend/src/components/BackupHeroPanel.jsx:131,BackupHeroPanel,hero-backup-btn,NON_TRUTH_SURFACE_EXCLUDED_WITH_REASON,structural/control/label testid,
frontend/src/components/BackupHeroPanel.jsx:160,BackupHeroPanel,hero-restore-btn,NON_TRUTH_SURFACE_EXCLUDED_WITH_REASON,structural/control/label testid,
frontend/src/components/BackupHeroPanel.jsx:190,BackupHeroPanel,hero-restore-file-input,NON_TRUTH_SURFACE_EXCLUDED_WITH_REASON,structural/control/label testid,
frontend/src/components/BackupHeroPanel.jsx:200,BackupHeroPanel,hero-restore-confirm-dialog,NON_TRUTH_SURFACE_EXCLUDED_WITH_REASON,structural/control/label testid,
frontend/src/components/BackupHeroPanel.jsx:217,BackupHeroPanel,hero-restore-confirm-btn,NON_TRUTH_SURFACE_EXCLUDED_WITH_REASON,structural/control/label testid,
frontend/src/components/BannerAuditDialog.jsx:151,BannerAuditDialog,banner-audit-dialog,NON_TRUTH_SURFACE_EXCLUDED_WITH_REASON,structural/control/label testid,
frontend/src/components/BannerAuditDialog.jsx:179,BannerAuditDialog,banner-audit-pdf-btn,NON_TRUTH_SURFACE_EXCLUDED_WITH_REASON,structural/control/label testid,
frontend/src/components/BannerAuditDialog.jsx:195,BannerAuditDialog,banner-audit-csv-btn,NON_TRUTH_SURFACE_EXCLUDED_WITH_REASON,structural/control/label testid,
frontend/src/components/BannerAuditDialog.jsx:290,BannerAuditDialog,banner-audit-close,NON_TRUTH_SURFACE_EXCLUDED_WITH_REASON,structural/control/label testid,
frontend/src/components/BannerStrip.jsx:174,BannerStrip,hub-banner-ack-btn,NON_TRUTH_SURFACE_EXCLUDED_WITH_REASON,structural/control/label testid,
frontend/src/components/BannerStrip.jsx:221,BannerStrip,hub-banner-dismiss-btn,NON_TRUTH_SURFACE_EXCLUDED_WITH_REASON,structural/control/label testid,
frontend/src/components/CalculatorUsageCard.jsx:85,CalculatorUsageCard,calc-export-csv,NON_TRUTH_SURFACE_EXCLUDED_WITH_REASON,structural/control/label testid,
frontend/src/components/CloudArchivesPanel.jsx:121,CloudArchivesPanel,cloud-archives-panel,NON_TRUTH_SURFACE_EXCLUDED_WITH_REASON,structural/control/label testid,
frontend/src/components/CloudArchivesPanel.jsx:142,CloudArchivesPanel,cloud-archive-run-now-btn,NON_TRUTH_SURFACE_EXCLUDED_WITH_REASON,structural/control/label testid,
frontend/src/components/CloudArchivesPanel.jsx:198,CloudArchivesPanel,cloud-archives-refresh-btn,NON_TRUTH_SURFACE_EXCLUDED_WITH_REASON,structural/control/label testid,
frontend/src/components/CloudArchivesPanel.jsx:213,CloudArchivesPanel,cloud-archives-hourly-status,CANONICAL_STATUS,status,Wave-2 status vocab (TC-0002)
frontend/src/components/CloudArchivesPanel.jsx:242,CloudArchivesPanel,cloud-archives-authoritative-meta,NON_TRUTH_SURFACE_EXCLUDED_WITH_REASON,structural/control/label testid,
frontend/src/components/CloudArchivesPanel.jsx:251,CloudArchivesPanel,cloud-archives-authoritative-status,CANONICAL_STATUS,status,Wave-2 status vocab (TC-0002)
frontend/src/components/CloudArchivesPanel.jsx:314,CloudArchivesPanel,cloud-archives-loading,NON_TRUTH_SURFACE_EXCLUDED_WITH_REASON,structural/control/label testid,
frontend/src/components/CloudArchivesPanel.jsx:322,CloudArchivesPanel,cloud-archives-empty,NON_TRUTH_SURFACE_EXCLUDED_WITH_REASON,structural/control/label testid,
frontend/src/components/ClusterCapacityBanner.jsx:55,ClusterCapacityBanner,cluster-capacity-banner,NON_TRUTH_SURFACE_EXCLUDED_WITH_REASON,structural/control/label testid,
frontend/src/components/CompanyInfoDialog.jsx:72,CompanyInfoDialog,company-info-btn,NON_TRUTH_SURFACE_EXCLUDED_WITH_REASON,structural/control/label testid,
frontend/src/components/CompanyInfoDialog.jsx:80,CompanyInfoDialog,company-info-dialog,NON_TRUTH_SURFACE_EXCLUDED_WITH_REASON,structural/control/label testid,
frontend/src/components/CompanyInfoDialog.jsx:187,CompanyInfoDialog,ci-cancel,NON_TRUTH_SURFACE_EXCLUDED_WITH_REASON,structural/control/label testid,
frontend/src/components/CompanyInfoDialog.jsx:194,CompanyInfoDialog,ci-save,NON_TRUTH_SURFACE_EXCLUDED_WITH_REASON,structural/control/label testid,
frontend/src/components/ComplianceExportPanel.jsx:183,ComplianceExportPanel,compliance-export-panel,NON_TRUTH_SURFACE_EXCLUDED_WITH_REASON,structural/control/label testid,
frontend/src/components/ComplianceExportPanel.jsx:203,ComplianceExportPanel,export-all-btn,NON_TRUTH_SURFACE_EXCLUDED_WITH_REASON,structural/control/label testid,
frontend/src/components/ComplianceExportPanel.jsx:261,ComplianceExportPanel,export-refresh,NON_TRUTH_SURFACE_EXCLUDED_WITH_REASON,structural/control/label testid,
frontend/src/components/ComplianceExportPanel.jsx:336,ComplianceExportPanel,full-backup-btn,NON_TRUTH_SURFACE_EXCLUDED_WITH_REASON,structural/control/label testid,
frontend/src/components/CrewRecoveryPanel.jsx:233,CrewRecoveryPanel,crew-recovery-panel,NON_TRUTH_SURFACE_EXCLUDED_WITH_REASON,structural/control/label testid,
frontend/src/components/CrewRecoveryPanel.jsx:256,CrewRecoveryPanel,crew-recovery-refresh,NON_TRUTH_SURFACE_EXCLUDED_WITH_REASON,structural/control/label testid,
frontend/src/components/CrewRecoveryPanel.jsx:286,CrewRecoveryPanel,crew-recovery-exception-note,NON_TRUTH_SURFACE_EXCLUDED_WITH_REASON,structural/control/label testid,
frontend/src/components/CrewRecoveryPanel.jsx:367,CrewRecoveryPanel,crew-recovery-reseed-btn,NON_TRUTH_SURFACE_EXCLUDED_WITH_REASON,structural/control/label testid,
frontend/src/components/CrewRecoveryPanel.jsx:379,CrewRecoveryPanel,crew-recovery-destructive-disclosure,NON_TRUTH_SURFACE_EXCLUDED_WITH_REASON,structural/control/label testid,
frontend/src/components/CrewRecoveryPanel.jsx:386,CrewRecoveryPanel,crew-recovery-reseed-confirm-dialog,NON_TRUTH_SURFACE_EXCLUDED_WITH_REASON,structural/control/label testid,
frontend/src/components/CrewRecoveryPanel.jsx:418,CrewRecoveryPanel,crew-recovery-reseed-cancel-btn,NON_TRUTH_SURFACE_EXCLUDED_WITH_REASON,structural/control/label testid,
frontend/src/components/CrewRecoveryPanel.jsx:426,CrewRecoveryPanel,crew-recovery-reseed-confirm-btn,NON_TRUTH_SURFACE_EXCLUDED_WITH_REASON,structural/control/label testid,
frontend/src/components/DailyReportTopBanner.jsx:23,DailyReportTopBanner,dr-top-banner,NON_TRUTH_SURFACE_EXCLUDED_WITH_REASON,structural/control/label testid,
frontend/src/components/DailyReportTopBanner.jsx:30,DailyReportTopBanner,dr-top-banner-back,NON_TRUTH_SURFACE_EXCLUDED_WITH_REASON,structural/control/label testid,
frontend/src/components/DailyReportTopBanner.jsx:45,DailyReportTopBanner,dr-top-banner-actions,NON_TRUTH_SURFACE_EXCLUDED_WITH_REASON,structural/control/label testid,
frontend/src/components/DateAuditPanel.jsx:76,DateAuditPanel,date-audit-panel,NON_TRUTH_SURFACE_EXCLUDED_WITH_REASON,structural/control/label testid,
frontend/src/components/DateAuditPanel.jsx:103,DateAuditPanel,date-audit-scan-btn,NON_TRUTH_SURFACE_EXCLUDED_WITH_REASON,structural/control/label testid,
frontend/src/components/DateAuditPanel.jsx:128,DateAuditPanel,"<Stat label=""Scanned"" value={data.totals?.scanned || 0} tone=""slate"" /",DIRECT_FACT,record_field_or_local_length,record serialization -> prop -> render
frontend/src/components/DateAuditPanel.jsx:129,DateAuditPanel,<Stat,DIRECT_FACT,value_component_fact,value-bearing component rendering a fetched fact
frontend/src/components/DateAuditPanel.jsx:134,DateAuditPanel,"<Stat label=""Review"" value={data.totals?.review || 0} tone=""slate"" />",DIRECT_FACT,record_field_or_local_length,record serialization -> prop -> render
frontend/src/components/DateAuditPanel.jsx:135,DateAuditPanel,"<Stat label=""OK"" value={data.totals?.ok || 0} tone=""emerald"" />",DIRECT_FACT,record_field_or_local_length,record serialization -> prop -> render
frontend/src/components/DispatchIntegrationsTab.jsx:54,DispatchIntegrationsTab,dispatch-integrations-loading,NON_TRUTH_SURFACE_EXCLUDED_WITH_REASON,structural/control/label testid,
frontend/src/components/DispatchIntegrationsTab.jsx:64,DispatchIntegrationsTab,dispatch-integrations-tab,NON_TRUTH_SURFACE_EXCLUDED_WITH_REASON,structural/control/label testid,
frontend/src/components/DispatchLiveSnapshot.jsx:107,DispatchLiveSnapshot,dispatch-feed-status,CANONICAL_STATUS,status,Wave-2 status vocab (TC-0002)
frontend/src/components/DispatchLiveSnapshot.jsx:121,DispatchLiveSnapshot,dispatch-snapshot-refresh,NON_TRUTH_SURFACE_EXCLUDED_WITH_REASON,structural/control/label testid,
frontend/src/components/DispatchMapHero.jsx:82,DispatchMapHero,dispatch-map-hero,NON_TRUTH_SURFACE_EXCLUDED_WITH_REASON,structural/control/label testid,
frontend/src/components/DispatchMapHero.jsx:94,DispatchMapHero,dispatch-map-feed-status,CANONICAL_STATUS,status,Wave-2 status vocab (TC-0002)
frontend/src/components/DownstreamCommitmentPanel.jsx:52,DownstreamCommitmentPanel,downstream-commitment-panel,NON_TRUTH_SURFACE_EXCLUDED_WITH_REASON,structural/control/label testid,
frontend/src/components/DownstreamCommitmentPanel.jsx:114,DownstreamCommitmentPanel,commitment-done-btn,NON_TRUTH_SURFACE_EXCLUDED_WITH_REASON,structural/control/label testid,
frontend/src/components/DraftResumeBanner.jsx:34,DraftResumeBanner,incident-report-draft-banner,NON_TRUTH_SURFACE_EXCLUDED_WITH_REASON,structural/control/label testid,
frontend/src/components/DriverCommandProfile.jsx:110,DriverCommandProfile,"<KV label=""Employee #"" value={identity.employee_id} mono testid=""dcp-i",DIRECT_FACT,value_component_fact,value-bearing component rendering a fetched fact
frontend/src/components/DriverCommandProfile.jsx:111,DriverCommandProfile,"<KV label=""Trade"" value={identity.trade} testid=""dcp-id-trade"" />",DIRECT_FACT,value_component_fact,value-bearing component rendering a fetched fact
frontend/src/components/DriverCommandProfile.jsx:112,DriverCommandProfile,"<KV label=""Role"" value={identity.role} testid=""dcp-id-role"" />",DIRECT_FACT,value_component_fact,value-bearing component rendering a fetched fact
frontend/src/components/DriverCommandProfile.jsx:113,DriverCommandProfile,"<KV label=""Crew"" value={identity.crew} testid=""dcp-id-crew"" />",DIRECT_FACT,value_component_fact,value-bearing component rendering a fetched fact
frontend/src/components/DriverCommandProfile.jsx:114,DriverCommandProfile,"<KV label=""Supervisor"" value={identity.supervisor_name} testid=""dcp-id",DIRECT_FACT,value_component_fact,value-bearing component rendering a fetched fact
frontend/src/components/DriverCommandProfile.jsx:115,DriverCommandProfile,"<KV label=""Email"" value={identity.email} testid=""dcp-id-email"" />",DIRECT_FACT,value_component_fact,value-bearing component rendering a fetched fact
frontend/src/components/DriverCommandProfile.jsx:116,DriverCommandProfile,"<KV label=""Phone"" value={identity.phone} testid=""dcp-id-phone"" />",DIRECT_FACT,value_component_fact,value-bearing component rendering a fetched fact
frontend/src/components/DriverCommandProfile.jsx:117,DriverCommandProfile,"<KV label=""Hire Date"" value={identity.hire_date ? formatPlatformDate(i",DIRECT_FACT,value_component_fact,value-bearing component rendering a fetched fact
frontend/src/components/DriverCommandProfile.jsx:157,DriverCommandProfile,"<KV label=""Current Vehicle"" value={operations.current_vehicle} mono te",DIRECT_FACT,value_component_fact,value-bearing component rendering a fetched fact
frontend/src/components/DriverCommandProfile.jsx:158,DriverCommandProfile,"<KV label=""Last Vehicle"" value={operations.last_vehicle} mono testid=""",DIRECT_FACT,value_component_fact,value-bearing component rendering a fetched fact
frontend/src/components/DriverCommandProfile.jsx:159,DriverCommandProfile,<KV,DIRECT_FACT,value_component_fact,value-bearing component rendering a fetched fact
frontend/src/components/DriverCommandProfile.jsx:189,DriverCommandProfile,dcp-safe-hos-status,CANONICAL_STATUS,status,Wave-2 status vocab (TC-0002)
frontend/src/components/DriverCommandProfile.jsx:273,DriverCommandProfile,"<KV label=""Most Used"" value={equipment_usage.most_used} mono testid=""d",DIRECT_FACT,value_component_fact,value-bearing component rendering a fetched fact
frontend/src/components/DriverCommandProfile.jsx:274,DriverCommandProfile,"<KV label=""Last Operated"" value={equipment_usage.last_operated} mono t",DIRECT_FACT,value_component_fact,value-bearing component rendering a fetched fact
frontend/src/components/DriverCommandProfile.jsx:310,DriverCommandProfile,dcp-motive-status,CANONICAL_STATUS,status,Wave-2 status vocab (TC-0002)
frontend/src/components/DriverCommandProfile.jsx:314,DriverCommandProfile,"<KV label=""Driver ID"" value={motive.driver_id} mono testid=""dcp-motive",DIRECT_FACT,value_component_fact,value-bearing component rendering a fetched fact
frontend/src/components/DriverCommandProfile.jsx:315,DriverCommandProfile,"<KV label=""Last Sync"" value={motive.last_sync ? formatPlatformTime(mot",DIRECT_FACT,value_component_fact,value-bearing component rendering a fetched fact
frontend/src/components/DriverCommandProfile.jsx:316,DriverCommandProfile,"<KV label=""Last GPS Activity"" value={motive.located_at ? formatPlatfor",DIRECT_FACT,value_component_fact,value-bearing component rendering a fetched fact
frontend/src/components/DriverCommandProfile.jsx:334,DriverCommandProfile,dcp-map-status,CANONICAL_STATUS,status,Wave-2 status vocab (TC-0002)
frontend/src/components/DriverCommandProfile.jsx:399,DriverCommandProfile,dcp-loading,NON_TRUTH_SURFACE_EXCLUDED_WITH_REASON,structural/control/label testid,
frontend/src/components/DriverCommandProfile.jsx:404,DriverCommandProfile,dcp-error,NON_TRUTH_SURFACE_EXCLUDED_WITH_REASON,structural/control/label testid,
frontend/src/components/DriverCommandProfile.jsx:411,DriverCommandProfile,dcp-root,NON_TRUTH_SURFACE_EXCLUDED_WITH_REASON,structural/control/label testid,
frontend/src/components/DriverCommandProfile.jsx:422,DriverCommandProfile,dcp-refresh,NON_TRUTH_SURFACE_EXCLUDED_WITH_REASON,structural/control/label testid,
frontend/src/components/EditProjectDialog.jsx:79,EditProjectDialog,edit-project-btn,NON_TRUTH_SURFACE_EXCLUDED_WITH_REASON,structural/control/label testid,
frontend/src/components/EditProjectDialog.jsx:84,EditProjectDialog,edit-project-dialog,NON_TRUTH_SURFACE_EXCLUDED_WITH_REASON,structural/control/label testid,
frontend/src/components/EditProjectDialog.jsx:120,EditProjectDialog,edit-project-cancel,NON_TRUTH_SURFACE_EXCLUDED_WITH_REASON,structural/control/label testid,
frontend/src/components/EditProjectDialog.jsx:129,EditProjectDialog,edit-project-save,NON_TRUTH_SURFACE_EXCLUDED_WITH_REASON,structural/control/label testid,
frontend/src/components/EmailReportDialog.jsx:135,EmailReportDialog,email-report-dialog,NON_TRUTH_SURFACE_EXCLUDED_WITH_REASON,structural/control/label testid,
frontend/src/components/EmailReportDialog.jsx:209,EmailReportDialog,email-note,NON_TRUTH_SURFACE_EXCLUDED_WITH_REASON,structural/control/label testid,
frontend/src/components/EmailReportDialog.jsx:219,EmailReportDialog,email-cancel,NON_TRUTH_SURFACE_EXCLUDED_WITH_REASON,structural/control/label testid,
frontend/src/components/EmailRoutingV2Panel.jsx:214,EmailRoutingV2Panel,email-routing-v2-panel,NON_TRUTH_SURFACE_EXCLUDED_WITH_REASON,structural/control/label testid,
frontend/src/components/EmailRoutingV2Panel.jsx:554,EmailRoutingV2Panel,v2-audit-drawer,NON_TRUTH_SURFACE_EXCLUDED_WITH_REASON,structural/control/label testid,
frontend/src/components/EmailRoutingV2Panel.jsx:574,EmailRoutingV2Panel,v2-audit-drawer-close,NON_TRUTH_SURFACE_EXCLUDED_WITH_REASON,structural/control/label testid,
frontend/src/components/EnvBanner.jsx:48,EnvBanner,env-banner,NON_TRUTH_SURFACE_EXCLUDED_WITH_REASON,structural/control/label testid,
frontend/src/components/EnvBanner.jsx:61,EnvBanner,unattested-candidate-banner,NON_TRUTH_SURFACE_EXCLUDED_WITH_REASON,structural/control/label testid,
frontend/src/components/EquipmentLines.jsx:140,EquipmentLines,equipment-lines-empty,NON_TRUTH_SURFACE_EXCLUDED_WITH_REASON,structural/control/label testid,
frontend/src/components/EquipmentMasterPanel.jsx:338,EquipmentMasterPanel,equipment-master-panel,NON_TRUTH_SURFACE_EXCLUDED_WITH_REASON,structural/control/label testid,
frontend/src/components/EquipmentMasterPanel.jsx:352,EquipmentMasterPanel,equipment-master-refresh,NON_TRUTH_SURFACE_EXCLUDED_WITH_REASON,structural/control/label testid,
frontend/src/components/EquipmentMasterPanel.jsx:364,EquipmentMasterPanel,equipment-master-export-btn,NON_TRUTH_SURFACE_EXCLUDED_WITH_REASON,structural/control/label testid,
frontend/src/components/EquipmentMasterPanel.jsx:380,EquipmentMasterPanel,equipment-master-bulk-input,NON_TRUTH_SURFACE_EXCLUDED_WITH_REASON,structural/control/label testid,
frontend/src/components/EquipmentMasterPanel.jsx:387,EquipmentMasterPanel,equipment-master-bulk-btn,NON_TRUTH_SURFACE_EXCLUDED_WITH_REASON,structural/control/label testid,
frontend/src/components/EquipmentMasterPanel.jsx:419,EquipmentMasterPanel,equipment-master-total-label,NON_TRUTH_SURFACE_EXCLUDED_WITH_REASON,structural/control/label testid,
frontend/src/components/EquipmentMasterPanel.jsx:431,EquipmentMasterPanel,equipment-master-add-btn,NON_TRUTH_SURFACE_EXCLUDED_WITH_REASON,structural/control/label testid,
frontend/src/components/EquipmentMasterPanel.jsx:442,EquipmentMasterPanel,equipment-tabs,NON_TRUTH_SURFACE_EXCLUDED_WITH_REASON,structural/control/label testid,
frontend/src/components/EquipmentMasterPanel.jsx:485,EquipmentMasterPanel,equipment-master-search,NON_TRUTH_SURFACE_EXCLUDED_WITH_REASON,structural/control/label testid,
frontend/src/components/EquipmentMasterPanel.jsx:566,EquipmentMasterPanel,equipment-master-load-error,NON_TRUTH_SURFACE_EXCLUDED_WITH_REASON,structural/control/label testid,
frontend/src/components/EquipmentMasterPanel.jsx:783,EquipmentMasterPanel,eq-form-save,NON_TRUTH_SURFACE_EXCLUDED_WITH_REASON,structural/control/label testid,
frontend/src/components/EquipmentMasterPanel.jsx:807,EquipmentMasterPanel,eq-history-fullpage-link,NON_TRUTH_SURFACE_EXCLUDED_WITH_REASON,structural/control/label testid,
frontend/src/components/EquipmentPartsPanel.jsx:17,EquipmentPartsPanel,equipment-parts-panel,NON_TRUTH_SURFACE_EXCLUDED_WITH_REASON,structural/control/label testid,
frontend/src/components/EquipmentReturnLines.jsx:158,EquipmentReturnLines,equipment-return-serial-input,NON_TRUTH_SURFACE_EXCLUDED_WITH_REASON,structural/control/label testid,
frontend/src/components/EquipmentReturnLines.jsx:183,EquipmentReturnLines,equipment-return-empty,NON_TRUTH_SURFACE_EXCLUDED_WITH_REASON,structural/control/label testid,
frontend/src/components/EquipmentStatusBoard.jsx:105,EquipmentStatusBoard,equipment-status-board,CANONICAL_STATUS,status,Wave-2 status vocab (TC-0002)
frontend/src/components/EquipmentStatusBoard.jsx:152,EquipmentStatusBoard,status-board-toggle,NON_TRUTH_SURFACE_EXCLUDED_WITH_REASON,structural/control/label testid,
frontend/src/components/EquipmentStatusBoard.jsx:163,EquipmentStatusBoard,equipment-status-board-count-label,NON_TRUTH_SURFACE_EXCLUDED_WITH_REASON,structural/control/label testid,
frontend/src/components/EquipmentStatusBoard.jsx:166,EquipmentStatusBoard,equipment-status-board-scope-note,NON_TRUTH_SURFACE_EXCLUDED_WITH_REASON,structural/control/label testid,
frontend/src/components/EquipmentStatusBoard.jsx:215,EquipmentStatusBoard,status-empty-filter,NON_TRUTH_SURFACE_EXCLUDED_WITH_REASON,structural/control/label testid,
frontend/src/components/EquipmentStatusBoard.jsx:219,EquipmentStatusBoard,status-board-list,CANONICAL_STATUS,status,Wave-2 status vocab (TC-0002)
frontend/src/components/EquipmentTrendsPanel.jsx:42,EquipmentTrendsPanel,equipment-trends-panel,NON_TRUTH_SURFACE_EXCLUDED_WITH_REASON,structural/control/label testid,
frontend/src/components/EquipmentTrendsPanel.jsx:57,EquipmentTrendsPanel,trends-window-select,NON_TRUTH_SURFACE_EXCLUDED_WITH_REASON,structural/control/label testid,
frontend/src/components/EquipmentTrendsPanel.jsx:69,EquipmentTrendsPanel,trends-refresh-btn,NON_TRUTH_SURFACE_EXCLUDED_WITH_REASON,structural/control/label testid,
frontend/src/components/EquipmentTrendsPanel.jsx:79,EquipmentTrendsPanel,<Stat,DIRECT_FACT,value_component_fact,value-bearing component rendering a fetched fact
frontend/src/components/ExpirationsSummary.jsx:55,ExpirationsSummary,docexp-panel,NON_TRUTH_SURFACE_EXCLUDED_WITH_REASON,structural/control/label testid,
frontend/src/components/ExpirationsSummary.jsx:61,ExpirationsSummary,docexp-refresh,NON_TRUTH_SURFACE_EXCLUDED_WITH_REASON,structural/control/label testid,
frontend/src/components/FieldSubmitterIdentityForm.jsx:124,FieldSubmitterIdentityForm,fsi-employee-filter-input,NON_TRUTH_SURFACE_EXCLUDED_WITH_REASON,structural/control/label testid,
frontend/src/components/FieldSubmitterIdentityForm.jsx:141,FieldSubmitterIdentityForm,fsi-employee-select,NON_TRUTH_SURFACE_EXCLUDED_WITH_REASON,structural/control/label testid,
frontend/src/components/FieldSubmitterIdentityForm.jsx:177,FieldSubmitterIdentityForm,fsi-email-input,NON_TRUTH_SURFACE_EXCLUDED_WITH_REASON,structural/control/label testid,
frontend/src/components/FieldSubmitterIdentityForm.jsx:184,FieldSubmitterIdentityForm,fsi-consent-label,NON_TRUTH_SURFACE_EXCLUDED_WITH_REASON,structural/control/label testid,
frontend/src/components/FieldSubmitterIdentityForm.jsx:192,FieldSubmitterIdentityForm,fsi-consent-checkbox,NON_TRUTH_SURFACE_EXCLUDED_WITH_REASON,structural/control/label testid,
frontend/src/components/FlAccountabilityWidget.jsx:85,FlAccountabilityWidget,fl-widget-loading,NON_TRUTH_SURFACE_EXCLUDED_WITH_REASON,structural/control/label testid,
frontend/src/components/FlAccountabilityWidget.jsx:92,FlAccountabilityWidget,fl-widget-error,NON_TRUTH_SURFACE_EXCLUDED_WITH_REASON,structural/control/label testid,
frontend/src/components/FlAccountabilityWidget.jsx:119,FlAccountabilityWidget,fl-widget-close,NON_TRUTH_SURFACE_EXCLUDED_WITH_REASON,structural/control/label testid,
frontend/src/components/FlAccountabilityWidget.jsx:164,FlAccountabilityWidget,fl-widget-expired-strip,CANONICAL_KPI,expiring_rate,lib.kpi_expiry
frontend/src/components/FleetRepairDrawer.jsx:174,FleetRepairDrawer,fleet-repair-mechanic-input,NON_TRUTH_SURFACE_EXCLUDED_WITH_REASON,structural/control/label testid,
frontend/src/components/FleetRepairDrawer.jsx:188,FleetRepairDrawer,fleet-repair-notes-input,NON_TRUTH_SURFACE_EXCLUDED_WITH_REASON,structural/control/label testid,
frontend/src/components/FleetRepairDrawer.jsx:211,FleetRepairDrawer,fleet-repair-error,NON_TRUTH_SURFACE_EXCLUDED_WITH_REASON,structural/control/label testid,
frontend/src/components/FleetRepairDrawer.jsx:222,FleetRepairDrawer,fleet-repair-cancel,NON_TRUTH_SURFACE_EXCLUDED_WITH_REASON,structural/control/label testid,
frontend/src/components/FleetRepairDrawer.jsx:231,FleetRepairDrawer,fleet-repair-submit,NON_TRUTH_SURFACE_EXCLUDED_WITH_REASON,structural/control/label testid,
frontend/src/components/FleetRepairDrawer.jsx:332,FleetRepairDrawer,fleet-rts-dispatcher-input,NON_TRUTH_SURFACE_EXCLUDED_WITH_REASON,structural/control/label testid,
frontend/src/components/FleetRepairDrawer.jsx:346,FleetRepairDrawer,fleet-rts-note-input,NON_TRUTH_SURFACE_EXCLUDED_WITH_REASON,structural/control/label testid,
frontend/src/components/FleetRepairDrawer.jsx:352,FleetRepairDrawer,fleet-rts-confirm-label,NON_TRUTH_SURFACE_EXCLUDED_WITH_REASON,structural/control/label testid,
frontend/src/components/FleetRepairDrawer.jsx:359,FleetRepairDrawer,fleet-rts-confirm-checkbox,NON_TRUTH_SURFACE_EXCLUDED_WITH_REASON,structural/control/label testid,
frontend/src/components/FleetRepairDrawer.jsx:369,FleetRepairDrawer,fleet-rts-error,NON_TRUTH_SURFACE_EXCLUDED_WITH_REASON,structural/control/label testid,
frontend/src/components/FleetRepairDrawer.jsx:380,FleetRepairDrawer,fleet-rts-cancel,NON_TRUTH_SURFACE_EXCLUDED_WITH_REASON,structural/control/label testid,
frontend/src/components/FleetRepairDrawer.jsx:389,FleetRepairDrawer,fleet-rts-submit,NON_TRUTH_SURFACE_EXCLUDED_WITH_REASON,structural/control/label testid,
frontend/src/components/ForgedOpsAttribution.jsx:103,ForgedOpsAttribution,footer-terms-link,NON_TRUTH_SURFACE_EXCLUDED_WITH_REASON,structural/control/label testid,
frontend/src/components/ForgedOpsAttribution.jsx:111,ForgedOpsAttribution,footer-privacy-link,NON_TRUTH_SURFACE_EXCLUDED_WITH_REASON,structural/control/label testid,
frontend/src/components/FormPasswordGate.jsx:94,FormPasswordGate,form-gate-input,NON_TRUTH_SURFACE_EXCLUDED_WITH_REASON,structural/control/label testid,
frontend/src/components/FormPasswordGate.jsx:107,FormPasswordGate,form-gate-submit,NON_TRUTH_SURFACE_EXCLUDED_WITH_REASON,structural/control/label testid,
frontend/src/components/GlobalFooter.jsx:15,GlobalFooter,global-footer,NON_TRUTH_SURFACE_EXCLUDED_WITH_REASON,structural/control/label testid,
frontend/src/components/GlobalSearch.jsx:233,GlobalSearch,global-search-panel,NON_TRUTH_SURFACE_EXCLUDED_WITH_REASON,structural/control/label testid,
frontend/src/components/GlobalSearch.jsx:244,GlobalSearch,global-search-input,NON_TRUTH_SURFACE_EXCLUDED_WITH_REASON,structural/control/label testid,
frontend/src/components/GlobalSearch.jsx:248,GlobalSearch,global-search-spinner,NON_TRUTH_SURFACE_EXCLUDED_WITH_REASON,structural/control/label testid,
frontend/src/components/GlobalSearch.jsx:254,GlobalSearch,global-search-close,NON_TRUTH_SURFACE_EXCLUDED_WITH_REASON,structural/control/label testid,
frontend/src/components/GlobalSearch.jsx:280,GlobalSearch,global-search-error,NON_TRUTH_SURFACE_EXCLUDED_WITH_REASON,structural/control/label testid,
frontend/src/components/GlobalSearch.jsx:320,GlobalSearch,global-search-hint,NON_TRUTH_SURFACE_EXCLUDED_WITH_REASON,structural/control/label testid,
frontend/src/components/GlobalSearch.jsx:330,GlobalSearch,global-search-empty,NON_TRUTH_SURFACE_EXCLUDED_WITH_REASON,structural/control/label testid,
frontend/src/components/Grade.jsx:53,Grade,grade-banner,NON_TRUTH_SURFACE_EXCLUDED_WITH_REASON,structural/control/label testid,
frontend/src/components/HrCompletenessTile.jsx:89,HrCompletenessTile,hr-completeness-tile-loading,NON_TRUTH_SURFACE_EXCLUDED_WITH_REASON,structural/control/label testid,
frontend/src/components/HrCompletenessTile.jsx:103,HrCompletenessTile,hr-completeness-tile-error,NON_TRUTH_SURFACE_EXCLUDED_WITH_REASON,structural/control/label testid,
frontend/src/components/HrCompletenessTile.jsx:135,HrCompletenessTile,hr-completeness-title,NON_TRUTH_SURFACE_EXCLUDED_WITH_REASON,structural/control/label testid,
frontend/src/components/HrCompletenessTile.jsx:141,HrCompletenessTile,hr-completeness-band,CANONICAL_STATUS,status,Wave-2 status vocab (TC-0002)
frontend/src/components/HrCompletenessTile.jsx:147,HrCompletenessTile,hr-completeness-generated-at,NON_TRUTH_SURFACE_EXCLUDED_WITH_REASON,structural/control/label testid,
frontend/src/components/HrCompletenessTile.jsx:182,HrCompletenessTile,hr-completeness-view-missing,NON_TRUTH_SURFACE_EXCLUDED_WITH_REASON,structural/control/label testid,
frontend/src/components/HrCompletenessTile.jsx:210,HrCompletenessTile,hr-completeness-export-csv,NON_TRUTH_SURFACE_EXCLUDED_WITH_REASON,structural/control/label testid,
frontend/src/components/HrCompletenessTile.jsx:217,HrCompletenessTile,hr-completeness-include-inactive-label,NON_TRUTH_SURFACE_EXCLUDED_WITH_REASON,structural/control/label testid,
frontend/src/components/HrCompletenessTile.jsx:224,HrCompletenessTile,hr-completeness-include-inactive,NON_TRUTH_SURFACE_EXCLUDED_WITH_REASON,structural/control/label testid,
frontend/src/components/HrCompletenessTile.jsx:231,HrCompletenessTile,hr-completeness-lifecycle-link,NON_TRUTH_SURFACE_EXCLUDED_WITH_REASON,structural/control/label testid,
frontend/src/components/HrCompletenessTile.jsx:284,HrCompletenessTile,hr-completeness-drawer,NON_TRUTH_SURFACE_EXCLUDED_WITH_REASON,structural/control/label testid,
frontend/src/components/HrCompletenessTile.jsx:298,HrCompletenessTile,hr-completeness-drawer-close,NON_TRUTH_SURFACE_EXCLUDED_WITH_REASON,structural/control/label testid,
frontend/src/components/HrCompletenessTile.jsx:312,HrCompletenessTile,hr-completeness-drawer-empty,NON_TRUTH_SURFACE_EXCLUDED_WITH_REASON,structural/control/label testid,
frontend/src/components/HrPageShell.jsx:39,HrPageShell,hr-page-shell-banner,NON_TRUTH_SURFACE_EXCLUDED_WITH_REASON,structural/control/label testid,
frontend/src/components/IncidentLifecyclePanel.jsx:179,IncidentLifecyclePanel,incident-lifecycle-error,NON_TRUTH_SURFACE_EXCLUDED_WITH_REASON,structural/control/label testid,
frontend/src/components/IncidentLifecyclePanel.jsx:189,IncidentLifecyclePanel,incident-lifecycle-loading,NON_TRUTH_SURFACE_EXCLUDED_WITH_REASON,structural/control/label testid,
frontend/src/components/IncidentLifecyclePanel.jsx:203,IncidentLifecyclePanel,incident-lifecycle-panel,NON_TRUTH_SURFACE_EXCLUDED_WITH_REASON,structural/control/label testid,
frontend/src/components/IncidentLifecyclePanel.jsx:224,IncidentLifecyclePanel,incident-lifecycle-history-btn,NON_TRUTH_SURFACE_EXCLUDED_WITH_REASON,structural/control/label testid,
frontend/src/components/IncidentLifecyclePanel.jsx:242,IncidentLifecyclePanel,incident-lifecycle-no-actions,NON_TRUTH_SURFACE_EXCLUDED_WITH_REASON,structural/control/label testid,
frontend/src/components/IncidentLifecyclePanel.jsx:292,IncidentLifecyclePanel,incident-closure-modal,NON_TRUTH_SURFACE_EXCLUDED_WITH_REASON,structural/control/label testid,
frontend/src/components/IncidentLifecyclePanel.jsx:331,IncidentLifecyclePanel,incident-close-cancel,NON_TRUTH_SURFACE_EXCLUDED_WITH_REASON,structural/control/label testid,
frontend/src/components/IncidentLifecyclePanel.jsx:351,IncidentLifecyclePanel,incident-reopen-modal,NON_TRUTH_SURFACE_EXCLUDED_WITH_REASON,structural/control/label testid,
frontend/src/components/IncidentLifecyclePanel.jsx:374,IncidentLifecyclePanel,incident-reopen-cancel,NON_TRUTH_SURFACE_EXCLUDED_WITH_REASON,structural/control/label testid,
frontend/src/components/IncidentLifecyclePanel.jsx:394,IncidentLifecyclePanel,incident-history-modal,NON_TRUTH_SURFACE_EXCLUDED_WITH_REASON,structural/control/label testid,
frontend/src/components/IncidentLifecyclePanel.jsx:408,IncidentLifecyclePanel,incident-history-empty,NON_TRUTH_SURFACE_EXCLUDED_WITH_REASON,structural/control/label testid,
frontend/src/components/IntegrationHealthCard.jsx:72,IntegrationHealthCard,integration-health-refresh,NON_TRUTH_SURFACE_EXCLUDED_WITH_REASON,structural/control/label testid,
frontend/src/components/IntegrationHealthCard.jsx:115,IntegrationHealthCard,integration-health-admin-link,NON_TRUTH_SURFACE_EXCLUDED_WITH_REASON,structural/control/label testid,
frontend/src/components/IntegrationProbesPanel.jsx:45,IntegrationProbesPanel,integration-probes-panel,NON_TRUTH_SURFACE_EXCLUDED_WITH_REASON,structural/control/label testid,
frontend/src/components/JhaAcknowledgeButton.jsx:160,JhaAcknowledgeButton,jha-ack-modal,NON_TRUTH_SURFACE_EXCLUDED_WITH_REASON,structural/control/label testid,
frontend/src/components/JhaAcknowledgeButton.jsx:187,JhaAcknowledgeButton,jha-ack-email-input,NON_TRUTH_SURFACE_EXCLUDED_WITH_REASON,structural/control/label testid,
frontend/src/components/JhaAcknowledgeButton.jsx:201,JhaAcknowledgeButton,jha-ack-signature-input,NON_TRUTH_SURFACE_EXCLUDED_WITH_REASON,structural/control/label testid,
frontend/src/components/JhaAcknowledgeButton.jsx:214,JhaAcknowledgeButton,jha-ack-cancel,NON_TRUTH_SURFACE_EXCLUDED_WITH_REASON,structural/control/label testid,
frontend/src/components/JobPicker.jsx:205,JobPicker,job-picker-search,NON_TRUTH_SURFACE_EXCLUDED_WITH_REASON,structural/control/label testid,
frontend/src/components/MasciLogo.jsx:83,MasciLogo,masci-logo-home-link,NON_TRUTH_SURFACE_EXCLUDED_WITH_REASON,structural/control/label testid,
frontend/src/components/MaterialMovementTile.jsx:39,MaterialMovementTile,mm-tile-loading,NON_TRUTH_SURFACE_EXCLUDED_WITH_REASON,structural/control/label testid,
frontend/src/components/MaterialMovementTile.jsx:55,MaterialMovementTile,mm-tile-root,NON_TRUTH_SURFACE_EXCLUDED_WITH_REASON,structural/control/label testid,
frontend/src/components/MotiveDriverIntelPanel.jsx:58,MotiveDriverIntelPanel,ois-driver-loading,NON_TRUTH_SURFACE_EXCLUDED_WITH_REASON,structural/control/label testid,
frontend/src/components/MotiveDriverIntelPanel.jsx:63,MotiveDriverIntelPanel,ois-driver-error,NON_TRUTH_SURFACE_EXCLUDED_WITH_REASON,structural/control/label testid,
frontend/src/components/MotiveDriverIntelPanel.jsx:75,MotiveDriverIntelPanel,ois-driver-intel-panel,NON_TRUTH_SURFACE_EXCLUDED_WITH_REASON,structural/control/label testid,
frontend/src/components/MotiveDriverIntelPanel.jsx:85,MotiveDriverIntelPanel,ois-driver-refresh,NON_TRUTH_SURFACE_EXCLUDED_WITH_REASON,structural/control/label testid,
frontend/src/components/MotiveDriverIntelPanel.jsx:94,MotiveDriverIntelPanel,ois-driver-meta,NON_TRUTH_SURFACE_EXCLUDED_WITH_REASON,structural/control/label testid,
frontend/src/components/MotiveDriverIntelPanel.jsx:140,MotiveDriverIntelPanel,ois-driver-events-empty,NON_TRUTH_SURFACE_EXCLUDED_WITH_REASON,structural/control/label testid,
frontend/src/components/MotiveOpsIntelPanel.jsx:125,MotiveOpsIntelPanel,ois-panel-loading,NON_TRUTH_SURFACE_EXCLUDED_WITH_REASON,structural/control/label testid,
frontend/src/components/MotiveOpsIntelPanel.jsx:130,MotiveOpsIntelPanel,ois-panel-error,NON_TRUTH_SURFACE_EXCLUDED_WITH_REASON,structural/control/label testid,
frontend/src/components/MotiveOpsIntelPanel.jsx:137,MotiveOpsIntelPanel,ois-ops-intel-panel,NON_TRUTH_SURFACE_EXCLUDED_WITH_REASON,structural/control/label testid,
frontend/src/components/MotiveOpsIntelPanel.jsx:163,MotiveOpsIntelPanel,ois-panel-refresh,NON_TRUTH_SURFACE_EXCLUDED_WITH_REASON,structural/control/label testid,
frontend/src/components/MotiveOpsIntelPanel.jsx:233,MotiveOpsIntelPanel,ois-recent-events-empty,NON_TRUTH_SURFACE_EXCLUDED_WITH_REASON,structural/control/label testid,
frontend/src/components/NotificationBell.jsx:389,NotificationBell,notification-drawer,NON_TRUTH_SURFACE_EXCLUDED_WITH_REASON,structural/control/label testid,
frontend/src/components/NotificationBell.jsx:454,NotificationBell,notification-mute-status,CANONICAL_STATUS,status,Wave-2 status vocab (TC-0002)
frontend/src/components/NotificationBell.jsx:463,NotificationBell,notification-empty,NON_TRUTH_SURFACE_EXCLUDED_WITH_REASON,structural/control/label testid,
frontend/src/components/NotificationBell.jsx:559,NotificationBell,notification-tasks-link,NON_TRUTH_SURFACE_EXCLUDED_WITH_REASON,structural/control/label testid,
frontend/src/components/OfflineBanner.jsx:58,OfflineBanner,offline-banner,NON_TRUTH_SURFACE_EXCLUDED_WITH_REASON,structural/control/label testid,
frontend/src/components/OperationsCenter.jsx:214,OperationsCenter,ops-center-loading,NON_TRUTH_SURFACE_EXCLUDED_WITH_REASON,structural/control/label testid,
frontend/src/components/OperationsCenter.jsx:221,OperationsCenter,ops-center-error,NON_TRUTH_SURFACE_EXCLUDED_WITH_REASON,structural/control/label testid,
frontend/src/components/OperationsCenter.jsx:250,OperationsCenter,ops-center-refresh,NON_TRUTH_SURFACE_EXCLUDED_WITH_REASON,structural/control/label testid,
frontend/src/components/OperationsTrustCenter.jsx:395,OperationsTrustCenter,otc-action-panel-empty,NON_TRUTH_SURFACE_EXCLUDED_WITH_REASON,structural/control/label testid,
frontend/src/components/OperationsTrustCenter.jsx:412,OperationsTrustCenter,otc-action-panel,NON_TRUTH_SURFACE_EXCLUDED_WITH_REASON,structural/control/label testid,
frontend/src/components/OperationsTrustCenter.jsx:722,OperationsTrustCenter,otc-loading,NON_TRUTH_SURFACE_EXCLUDED_WITH_REASON,structural/control/label testid,
frontend/src/components/OperationsTrustCenter.jsx:735,OperationsTrustCenter,otc-error,NON_TRUTH_SURFACE_EXCLUDED_WITH_REASON,structural/control/label testid,
frontend/src/components/OperationsTrustCenter.jsx:761,OperationsTrustCenter,<ScoreRing score={data.trust_score ?? 0} band={band} />,CANONICAL_KPI,health_score,lib.trust_score(+distinct)
frontend/src/components/OperationsTrustCenter.jsx:795,OperationsTrustCenter,otc-refresh,NON_TRUTH_SURFACE_EXCLUDED_WITH_REASON,structural/control/label testid,
frontend/src/components/OperationsTrustCenter.jsx:827,OperationsTrustCenter,otc-why-toggle,NON_TRUTH_SURFACE_EXCLUDED_WITH_REASON,structural/control/label testid,
frontend/src/components/PartsCatalog.jsx:209,PartsCatalog,parts-catalog,NON_TRUTH_SURFACE_EXCLUDED_WITH_REASON,structural/control/label testid,
frontend/src/components/PartsCatalog.jsx:223,PartsCatalog,parts-fleet-search,NON_TRUTH_SURFACE_EXCLUDED_WITH_REASON,structural/control/label testid,
frontend/src/components/PartsCatalog.jsx:232,PartsCatalog,parts-export-btn,NON_TRUTH_SURFACE_EXCLUDED_WITH_REASON,structural/control/label testid,
frontend/src/components/PartsCatalog.jsx:300,PartsCatalog,parts-save-btn,NON_TRUTH_SURFACE_EXCLUDED_WITH_REASON,structural/control/label testid,
frontend/src/components/PartsCatalog.jsx:516,PartsCatalog,parts-order-empty,NON_TRUTH_SURFACE_EXCLUDED_WITH_REASON,structural/control/label testid,
frontend/src/components/PersistenceHealthBanner.jsx:120,PersistenceHealthBanner,pre-deploy-backup-btn,NON_TRUTH_SURFACE_EXCLUDED_WITH_REASON,structural/control/label testid,
frontend/src/components/PersistenceHealthBanner.jsx:142,PersistenceHealthBanner,atlas-signup-link,NON_TRUTH_SURFACE_EXCLUDED_WITH_REASON,structural/control/label testid,
frontend/src/components/PlatformTrustDashboard.jsx:111,PlatformTrustDashboard,trust-spine-owner-note,NON_TRUTH_SURFACE_EXCLUDED_WITH_REASON,structural/control/label testid,
frontend/src/components/PlatformTrustDashboard.jsx:514,PlatformTrustDashboard,platform-trust-spine-loading,NON_TRUTH_SURFACE_EXCLUDED_WITH_REASON,structural/control/label testid,
frontend/src/components/PlatformTrustDashboard.jsx:533,PlatformTrustDashboard,platform-trust-spine-error,NON_TRUTH_SURFACE_EXCLUDED_WITH_REASON,structural/control/label testid,
frontend/src/components/PlatformTrustDashboard.jsx:591,PlatformTrustDashboard,trust-spine-platform-band,CANONICAL_STATUS,status,Wave-2 status vocab (TC-0002)
frontend/src/components/PlatformTrustDashboard.jsx:619,PlatformTrustDashboard,trust-spine-refresh,NON_TRUTH_SURFACE_EXCLUDED_WITH_REASON,structural/control/label testid,
frontend/src/components/PlatformTrustValidator.jsx:218,PlatformTrustValidator,platform-trust-loading,NON_TRUTH_SURFACE_EXCLUDED_WITH_REASON,structural/control/label testid,
frontend/src/components/PlatformTrustValidator.jsx:231,PlatformTrustValidator,platform-trust-error,NON_TRUTH_SURFACE_EXCLUDED_WITH_REASON,structural/control/label testid,
frontend/src/components/PlatformTrustValidator.jsx:278,PlatformTrustValidator,platform-trust-validator-title,NON_TRUTH_SURFACE_EXCLUDED_WITH_REASON,structural/control/label testid,
frontend/src/components/PlatformTrustValidator.jsx:283,PlatformTrustValidator,platform-trust-validator-subtitle,NON_TRUTH_SURFACE_EXCLUDED_WITH_REASON,structural/control/label testid,
frontend/src/components/PmOperationalKPIs.jsx:68,PmOperationalKPIs,pm-operational-kpis-title,NON_TRUTH_SURFACE_EXCLUDED_WITH_REASON,structural/control/label testid,
frontend/src/components/PmOperationalKPIs.jsx:93,PmOperationalKPIs,pm-operational-kpis-loading,NON_TRUTH_SURFACE_EXCLUDED_WITH_REASON,structural/control/label testid,
frontend/src/components/PmOperationalKPIs.jsx:94,PmOperationalKPIs,pm-operational-kpis-error,NON_TRUTH_SURFACE_EXCLUDED_WITH_REASON,structural/control/label testid,
frontend/src/components/PmShell.jsx:43,PmShell,pm-section-banner,NON_TRUTH_SURFACE_EXCLUDED_WITH_REASON,structural/control/label testid,
frontend/src/components/PortalContextBanner.jsx:89,PortalContextBanner,portal-context-banner,NON_TRUTH_SURFACE_EXCLUDED_WITH_REASON,structural/control/label testid,
frontend/src/components/PortalContextBanner.jsx:94,PortalContextBanner,portal-context-back-link,NON_TRUTH_SURFACE_EXCLUDED_WITH_REASON,structural/control/label testid,
frontend/src/components/PortalContextBanner.jsx:132,PortalContextBanner,auth-required-banner,NON_TRUTH_SURFACE_EXCLUDED_WITH_REASON,structural/control/label testid,
frontend/src/components/PortalContextBanner.jsx:156,PortalContextBanner,auth-required-back-link,NON_TRUTH_SURFACE_EXCLUDED_WITH_REASON,structural/control/label testid,
frontend/src/components/PortalSwitcher.jsx:97,PortalSwitcher,portal-switcher-menu,NON_TRUTH_SURFACE_EXCLUDED_WITH_REASON,structural/control/label testid,
frontend/src/components/PreDeploySnapshotPanel.jsx:97,PreDeploySnapshotPanel,predeploy-loading,NON_TRUTH_SURFACE_EXCLUDED_WITH_REASON,structural/control/label testid,
frontend/src/components/PreDeploySnapshotPanel.jsx:167,PreDeploySnapshotPanel,pre-deploy-snapshot-panel,NON_TRUTH_SURFACE_EXCLUDED_WITH_REASON,structural/control/label testid,
frontend/src/components/PreDeploySnapshotPanel.jsx:200,PreDeploySnapshotPanel,pre-deploy-snapshot-btn,NON_TRUTH_SURFACE_EXCLUDED_WITH_REASON,structural/control/label testid,
frontend/src/components/PromoHeroLoop.jsx:113,PromoHeroLoop,promo-hero-modal,NON_TRUTH_SURFACE_EXCLUDED_WITH_REASON,structural/control/label testid,
frontend/src/components/PromoHeroLoop.jsx:123,PromoHeroLoop,promo-hero-modal-close,NON_TRUTH_SURFACE_EXCLUDED_WITH_REASON,structural/control/label testid,
frontend/src/components/QaqcLifecyclePanel.jsx:170,QaqcLifecyclePanel,qaqc-lifecycle-error,NON_TRUTH_SURFACE_EXCLUDED_WITH_REASON,structural/control/label testid,
frontend/src/components/QaqcLifecyclePanel.jsx:180,QaqcLifecyclePanel,qaqc-lifecycle-loading,NON_TRUTH_SURFACE_EXCLUDED_WITH_REASON,structural/control/label testid,
frontend/src/components/QaqcLifecyclePanel.jsx:256,QaqcLifecyclePanel,qaqc-lifecycle-panel,NON_TRUTH_SURFACE_EXCLUDED_WITH_REASON,structural/control/label testid,
frontend/src/components/QaqcLifecyclePanel.jsx:268,QaqcLifecyclePanel,qaqc-lifecycle-history-btn,NON_TRUTH_SURFACE_EXCLUDED_WITH_REASON,structural/control/label testid,
frontend/src/components/QaqcLifecyclePanel.jsx:286,QaqcLifecyclePanel,qaqc-lifecycle-no-actions,NON_TRUTH_SURFACE_EXCLUDED_WITH_REASON,structural/control/label testid,
frontend/src/components/QaqcLifecyclePanel.jsx:321,QaqcLifecyclePanel,qaqc-closure-modal,NON_TRUTH_SURFACE_EXCLUDED_WITH_REASON,structural/control/label testid,
frontend/src/components/QaqcLifecyclePanel.jsx:368,QaqcLifecyclePanel,qaqc-close-path-corrective-action,NON_TRUTH_SURFACE_EXCLUDED_WITH_REASON,structural/control/label testid,
frontend/src/components/QaqcLifecyclePanel.jsx:460,QaqcLifecyclePanel,qaqc-close-cancel,NON_TRUTH_SURFACE_EXCLUDED_WITH_REASON,structural/control/label testid,
frontend/src/components/QaqcLifecyclePanel.jsx:480,QaqcLifecyclePanel,qaqc-reason-modal,NON_TRUTH_SURFACE_EXCLUDED_WITH_REASON,structural/control/label testid,
frontend/src/components/QaqcLifecyclePanel.jsx:504,QaqcLifecyclePanel,qaqc-reason-input,NON_TRUTH_SURFACE_EXCLUDED_WITH_REASON,structural/control/label testid,
frontend/src/components/QaqcLifecyclePanel.jsx:509,QaqcLifecyclePanel,qaqc-reason-cancel,NON_TRUTH_SURFACE_EXCLUDED_WITH_REASON,structural/control/label testid,
frontend/src/components/QaqcLifecyclePanel.jsx:531,QaqcLifecyclePanel,qaqc-history-modal,NON_TRUTH_SURFACE_EXCLUDED_WITH_REASON,structural/control/label testid,
frontend/src/components/QaqcLifecyclePanel.jsx:545,QaqcLifecyclePanel,qaqc-history-empty,NON_TRUTH_SURFACE_EXCLUDED_WITH_REASON,structural/control/label testid,
frontend/src/components/QueueStatusPill.jsx:153,QueueStatusPill,queue-drawer-error,NON_TRUTH_SURFACE_EXCLUDED_WITH_REASON,structural/control/label testid,
frontend/src/components/QueueStatusPill.jsx:385,QueueStatusPill,queue-status-drawer-backdrop,CANONICAL_STATUS,status,Wave-2 status vocab (TC-0002)
frontend/src/components/QueueStatusPill.jsx:390,QueueStatusPill,queue-status-drawer,NON_TRUTH_SURFACE_EXCLUDED_WITH_REASON,structural/control/label testid,
frontend/src/components/QueueStatusPill.jsx:404,QueueStatusPill,queue-drawer-close,NON_TRUTH_SURFACE_EXCLUDED_WITH_REASON,structural/control/label testid,
frontend/src/components/ReleaseUpdateBanner.jsx:28,ReleaseUpdateBanner,release-update-banner,NON_TRUTH_SURFACE_EXCLUDED_WITH_REASON,structural/control/label testid,
frontend/src/components/RestoreBackupPanel.jsx:173,RestoreBackupPanel,restore-backup-panel,NON_TRUTH_SURFACE_EXCLUDED_WITH_REASON,structural/control/label testid,
frontend/src/components/RestoreBackupPanel.jsx:196,RestoreBackupPanel,restore-source-toggle,NON_TRUTH_SURFACE_EXCLUDED_WITH_REASON,structural/control/label testid,
frontend/src/components/RestoreBackupPanel.jsx:225,RestoreBackupPanel,restore-mode-toggle,NON_TRUTH_SURFACE_EXCLUDED_WITH_REASON,structural/control/label testid,
frontend/src/components/RestoreBackupPanel.jsx:258,RestoreBackupPanel,restore-file-input,NON_TRUTH_SURFACE_EXCLUDED_WITH_REASON,structural/control/label testid,
frontend/src/components/RestoreBackupPanel.jsx:268,RestoreBackupPanel,restore-choose-file-btn,NON_TRUTH_SURFACE_EXCLUDED_WITH_REASON,structural/control/label testid,
frontend/src/components/RestoreBackupPanel.jsx:306,RestoreBackupPanel,restore-r2-select,NON_TRUTH_SURFACE_EXCLUDED_WITH_REASON,structural/control/label testid,
frontend/src/components/RestoreBackupPanel.jsx:323,RestoreBackupPanel,restore-r2-go-btn,NON_TRUTH_SURFACE_EXCLUDED_WITH_REASON,structural/control/label testid,
frontend/src/components/RestoreBackupPanel.jsx:396,RestoreBackupPanel,restore-confirm-dialog,NON_TRUTH_SURFACE_EXCLUDED_WITH_REASON,structural/control/label testid,
frontend/src/components/RestoreBackupPanel.jsx:414,RestoreBackupPanel,restore-confirm-input,NON_TRUTH_SURFACE_EXCLUDED_WITH_REASON,structural/control/label testid,
frontend/src/components/RestoreBackupPanel.jsx:416,RestoreBackupPanel,restore-backup-ack-label,NON_TRUTH_SURFACE_EXCLUDED_WITH_REASON,structural/control/label testid,
frontend/src/components/RestoreBackupPanel.jsx:421,RestoreBackupPanel,restore-backup-ack-checkbox,NON_TRUTH_SURFACE_EXCLUDED_WITH_REASON,structural/control/label testid,
frontend/src/components/RestoreBackupPanel.jsx:431,RestoreBackupPanel,restore-confirm-btn,NON_TRUTH_SURFACE_EXCLUDED_WITH_REASON,structural/control/label testid,
frontend/src/components/RoutingStatusPanel.jsx:137,RoutingStatusPanel,routing-status-panel,NON_TRUTH_SURFACE_EXCLUDED_WITH_REASON,structural/control/label testid,
frontend/src/components/RoutingStatusPanel.jsx:153,RoutingStatusPanel,routing-status-mode,CANONICAL_STATUS,status,Wave-2 status vocab (TC-0002)
frontend/src/components/RoutingStatusPanel.jsx:165,RoutingStatusPanel,routing-status-refresh,NON_TRUTH_SURFACE_EXCLUDED_WITH_REASON,structural/control/label testid,
frontend/src/components/RoutingStatusPanel.jsx:175,RoutingStatusPanel,routing-status-self-check,CANONICAL_STATUS,status,Wave-2 status vocab (TC-0002)
frontend/src/components/RoutingStatusPanel.jsx:183,RoutingStatusPanel,routing-status-band-reason,CANONICAL_STATUS,status,Wave-2 status vocab (TC-0002)
frontend/src/components/RoutingStatusPanel.jsx:357,RoutingStatusPanel,pm-email-coverage-loading,NON_TRUTH_SURFACE_EXCLUDED_WITH_REASON,structural/control/label testid,
frontend/src/components/RoutingStatusPanel.jsx:364,RoutingStatusPanel,pm-email-coverage-error,NON_TRUTH_SURFACE_EXCLUDED_WITH_REASON,structural/control/label testid,
frontend/src/components/RoutingStatusPanel.jsx:398,RoutingStatusPanel,pm-email-coverage-refresh,NON_TRUTH_SURFACE_EXCLUDED_WITH_REASON,structural/control/label testid,
frontend/src/components/SafetyCaLinksManager.jsx:110,SafetyCaLinksManager,safety-ca-link-add-toggle,NON_TRUTH_SURFACE_EXCLUDED_WITH_REASON,structural/control/label testid,
frontend/src/components/SafetyCaLinksManager.jsx:173,SafetyCaLinksManager,safety-ca-link-add-form,NON_TRUTH_SURFACE_EXCLUDED_WITH_REASON,structural/control/label testid,
frontend/src/components/SafetyCaLinksManager.jsx:203,SafetyCaLinksManager,safety-ca-link-label,NON_TRUTH_SURFACE_EXCLUDED_WITH_REASON,structural/control/label testid,
frontend/src/components/SafetyCaLinksManager.jsx:214,SafetyCaLinksManager,safety-ca-link-submit,NON_TRUTH_SURFACE_EXCLUDED_WITH_REASON,structural/control/label testid,
frontend/src/components/SafetyCaLinksManager.jsx:225,SafetyCaLinksManager,safety-ca-link-cancel,NON_TRUTH_SURFACE_EXCLUDED_WITH_REASON,structural/control/label testid,
frontend/src/components/SafetyFireExtManageDialog.jsx:140,SafetyFireExtManageDialog,safety-fe-manage-dialog,NON_TRUTH_SURFACE_EXCLUDED_WITH_REASON,structural/control/label testid,
frontend/src/components/SafetyFireExtManageDialog.jsx:162,SafetyFireExtManageDialog,safety-fe-history-pdf,NON_TRUTH_SURFACE_EXCLUDED_WITH_REASON,structural/control/label testid,
frontend/src/components/SafetyFireExtManageDialog.jsx:266,SafetyFireExtManageDialog,safety-fe-manage-close,NON_TRUTH_SURFACE_EXCLUDED_WITH_REASON,structural/control/label testid,
frontend/src/components/SafetyOperationalKpisCard.jsx:83,SafetyOperationalKpisCard,safety-kpis-title,NON_TRUTH_SURFACE_EXCLUDED_WITH_REASON,structural/control/label testid,
frontend/src/components/SafetyOperationalKpisCard.jsx:106,SafetyOperationalKpisCard,safety-kpis-loading,NON_TRUTH_SURFACE_EXCLUDED_WITH_REASON,structural/control/label testid,
frontend/src/components/SafetyOperationalKpisCard.jsx:108,SafetyOperationalKpisCard,safety-kpis-error,NON_TRUTH_SURFACE_EXCLUDED_WITH_REASON,structural/control/label testid,
frontend/src/components/SafetyOperationalKpisCard.jsx:124,SafetyOperationalKpisCard,safety-kpis-band,CANONICAL_STATUS,status,Wave-2 status vocab (TC-0002)
frontend/src/components/SafetyOperationalKpisCard.jsx:131,SafetyOperationalKpisCard,safety-kpis-band-value,CANONICAL_STATUS,status,Wave-2 status vocab (TC-0002)
frontend/src/components/SafetyOperationalKpisCard.jsx:191,SafetyOperationalKpisCard,safety-kpis-empty,NON_TRUTH_SURFACE_EXCLUDED_WITH_REASON,structural/control/label testid,
frontend/src/components/SafetyOperationalKpisCard.jsx:278,SafetyOperationalKpisCard,safety-kpis-source-status,CANONICAL_STATUS,status,Wave-2 status vocab (TC-0002)
frontend/src/components/SafetyOperationalKpisCard.jsx:348,SafetyOperationalKpisCard,safety-kpis-drilldown-close,NON_TRUTH_SURFACE_EXCLUDED_WITH_REASON,structural/control/label testid,
frontend/src/components/SafetyOperationalKpisCard.jsx:356,SafetyOperationalKpisCard,safety-kpis-drilldown-error,NON_TRUTH_SURFACE_EXCLUDED_WITH_REASON,structural/control/label testid,
frontend/src/components/SafetyShell.jsx:49,SafetyShell,safety-page-shell-banner,NON_TRUTH_SURFACE_EXCLUDED_WITH_REASON,structural/control/label testid,
frontend/src/components/SafetyTrenchIntelligenceCard.jsx:167,SafetyTrenchIntelligenceCard,safety-trench-drilldown-close,NON_TRUTH_SURFACE_EXCLUDED_WITH_REASON,structural/control/label testid,
frontend/src/components/SafetyTrenchIntelligenceCard.jsx:176,SafetyTrenchIntelligenceCard,safety-trench-drilldown-error,NON_TRUTH_SURFACE_EXCLUDED_WITH_REASON,structural/control/label testid,
frontend/src/components/SafetyTrenchIntelligenceCard.jsx:190,SafetyTrenchIntelligenceCard,safety-trench-drilldown-band,CANONICAL_STATUS,status,Wave-2 status vocab (TC-0002)
frontend/src/components/SafetyTrenchIntelligenceCard.jsx:282,SafetyTrenchIntelligenceCard,safety-trench-cleanup-refresh,NON_TRUTH_SURFACE_EXCLUDED_WITH_REASON,structural/control/label testid,
frontend/src/components/SafetyTrenchIntelligenceCard.jsx:308,SafetyTrenchIntelligenceCard,safety-trench-cleanup-toggle,NON_TRUTH_SURFACE_EXCLUDED_WITH_REASON,structural/control/label testid,
frontend/src/components/SafetyTrenchIntelligenceCard.jsx:369,SafetyTrenchIntelligenceCard,safety-trench-cp-manage-link,NON_TRUTH_SURFACE_EXCLUDED_WITH_REASON,structural/control/label testid,
frontend/src/components/SafetyTrenchIntelligenceCard.jsx:428,SafetyTrenchIntelligenceCard,safety-trench-title,NON_TRUTH_SURFACE_EXCLUDED_WITH_REASON,structural/control/label testid,
frontend/src/components/SafetyTrenchIntelligenceCard.jsx:458,SafetyTrenchIntelligenceCard,safety-trench-error,NON_TRUTH_SURFACE_EXCLUDED_WITH_REASON,structural/control/label testid,
frontend/src/components/SafetyTrenchIntelligenceCard.jsx:479,SafetyTrenchIntelligenceCard,safety-trench-band,CANONICAL_STATUS,status,Wave-2 status vocab (TC-0002)
frontend/src/components/SafetyTrenchIntelligenceCard.jsx:532,SafetyTrenchIntelligenceCard,safety-trench-top-projects-empty,NON_TRUTH_SURFACE_EXCLUDED_WITH_REASON,structural/control/label testid,
frontend/src/components/SessionStatusOverlay.jsx:150,SessionStatusOverlay,session-status-overlay,CANONICAL_STATUS,status,Wave-2 status vocab (TC-0002)
frontend/src/components/SessionStatusOverlay.jsx:163,SessionStatusOverlay,session-status-title,NON_TRUTH_SURFACE_EXCLUDED_WITH_REASON,structural/control/label testid,
frontend/src/components/SessionStatusOverlay.jsx:167,SessionStatusOverlay,session-status-body,CANONICAL_STATUS,status,Wave-2 status vocab (TC-0002)
frontend/src/components/SessionStatusOverlay.jsx:176,SessionStatusOverlay,session-status-close,NON_TRUTH_SURFACE_EXCLUDED_WITH_REASON,structural/control/label testid,
frontend/src/components/SessionStatusOverlay.jsx:186,SessionStatusOverlay,session-status-secondary,CANONICAL_STATUS,status,Wave-2 status vocab (TC-0002)
frontend/src/components/SessionStatusOverlay.jsx:196,SessionStatusOverlay,session-status-primary,CANONICAL_STATUS,status,Wave-2 status vocab (TC-0002)
frontend/src/components/ShopOpsIntelPanel.jsx:108,ShopOpsIntelPanel,ois-shop-panel-loading,NON_TRUTH_SURFACE_EXCLUDED_WITH_REASON,structural/control/label testid,
frontend/src/components/ShopOpsIntelPanel.jsx:114,ShopOpsIntelPanel,ois-shop-panel-error,NON_TRUTH_SURFACE_EXCLUDED_WITH_REASON,structural/control/label testid,
frontend/src/components/ShopOpsIntelPanel.jsx:132,ShopOpsIntelPanel,ois-shop-intel-panel,NON_TRUTH_SURFACE_EXCLUDED_WITH_REASON,structural/control/label testid,
frontend/src/components/ShopOpsIntelPanel.jsx:143,ShopOpsIntelPanel,ois-shop-refresh,NON_TRUTH_SURFACE_EXCLUDED_WITH_REASON,structural/control/label testid,
frontend/src/components/ShopOpsIntelPanel.jsx:169,ShopOpsIntelPanel,ois-shop-crit-empty,NON_TRUTH_SURFACE_EXCLUDED_WITH_REASON,structural/control/label testid,
frontend/src/components/ShopOpsIntelPanel.jsx:182,ShopOpsIntelPanel,ois-shop-gw-empty,NON_TRUTH_SURFACE_EXCLUDED_WITH_REASON,structural/control/label testid,
frontend/src/components/ShopOpsIntelPanel.jsx:195,ShopOpsIntelPanel,ois-shop-dvir-empty,NON_TRUTH_SURFACE_EXCLUDED_WITH_REASON,structural/control/label testid,
frontend/src/components/ShopOpsIntelPanel.jsx:222,ShopOpsIntelPanel,ois-shop-nr-empty,NON_TRUTH_SURFACE_EXCLUDED_WITH_REASON,structural/control/label testid,
frontend/src/components/SiteInspectionLifecyclePanel.jsx:172,SiteInspectionLifecyclePanel,site-inspection-lifecycle-error,NON_TRUTH_SURFACE_EXCLUDED_WITH_REASON,structural/control/label testid,
frontend/src/components/SiteInspectionLifecyclePanel.jsx:182,SiteInspectionLifecyclePanel,site-inspection-lifecycle-loading,NON_TRUTH_SURFACE_EXCLUDED_WITH_REASON,structural/control/label testid,
frontend/src/components/SiteInspectionLifecyclePanel.jsx:258,SiteInspectionLifecyclePanel,site-inspection-lifecycle-panel,NON_TRUTH_SURFACE_EXCLUDED_WITH_REASON,structural/control/label testid,
frontend/src/components/SiteInspectionLifecyclePanel.jsx:270,SiteInspectionLifecyclePanel,site-inspection-lifecycle-history-btn,NON_TRUTH_SURFACE_EXCLUDED_WITH_REASON,structural/control/label testid,
frontend/src/components/SiteInspectionLifecyclePanel.jsx:288,SiteInspectionLifecyclePanel,site-inspection-lifecycle-no-actions,NON_TRUTH_SURFACE_EXCLUDED_WITH_REASON,structural/control/label testid,
frontend/src/components/SiteInspectionLifecyclePanel.jsx:323,SiteInspectionLifecyclePanel,site-inspection-closure-modal,NON_TRUTH_SURFACE_EXCLUDED_WITH_REASON,structural/control/label testid,
frontend/src/components/SiteInspectionLifecyclePanel.jsx:370,SiteInspectionLifecyclePanel,site-inspection-close-path-corrective-action,NON_TRUTH_SURFACE_EXCLUDED_WITH_REASON,structural/control/label testid,
frontend/src/components/SiteInspectionLifecyclePanel.jsx:462,SiteInspectionLifecyclePanel,site-inspection-close-cancel,NON_TRUTH_SURFACE_EXCLUDED_WITH_REASON,structural/control/label testid,
frontend/src/components/SiteInspectionLifecyclePanel.jsx:482,SiteInspectionLifecyclePanel,site-inspection-reason-modal,NON_TRUTH_SURFACE_EXCLUDED_WITH_REASON,structural/control/label testid,
frontend/src/components/SiteInspectionLifecyclePanel.jsx:506,SiteInspectionLifecyclePanel,site-inspection-reason-input,NON_TRUTH_SURFACE_EXCLUDED_WITH_REASON,structural/control/label testid,
frontend/src/components/SiteInspectionLifecyclePanel.jsx:511,SiteInspectionLifecyclePanel,site-inspection-reason-cancel,NON_TRUTH_SURFACE_EXCLUDED_WITH_REASON,structural/control/label testid,
frontend/src/components/SiteInspectionLifecyclePanel.jsx:533,SiteInspectionLifecyclePanel,site-inspection-history-modal,NON_TRUTH_SURFACE_EXCLUDED_WITH_REASON,structural/control/label testid,
frontend/src/components/SiteInspectionLifecyclePanel.jsx:547,SiteInspectionLifecyclePanel,site-inspection-history-empty,NON_TRUTH_SURFACE_EXCLUDED_WITH_REASON,structural/control/label testid,
frontend/src/components/SitePostersPanel.jsx:113,SitePostersPanel,site-posters-panel,NON_TRUTH_SURFACE_EXCLUDED_WITH_REASON,structural/control/label testid,
frontend/src/components/SitePostersPanel.jsx:134,SitePostersPanel,print-all-posters-btn,NON_TRUTH_SURFACE_EXCLUDED_WITH_REASON,structural/control/label testid,
frontend/src/components/SplashOverlay.jsx:86,SplashOverlay,splash-logo,NON_TRUTH_SURFACE_EXCLUDED_WITH_REASON,structural/control/label testid,
frontend/src/components/StoredBackupsPanel.jsx:102,StoredBackupsPanel,stored-backups-panel,NON_TRUTH_SURFACE_EXCLUDED_WITH_REASON,structural/control/label testid,
frontend/src/components/StoredBackupsPanel.jsx:122,StoredBackupsPanel,backup-run-now-btn,NON_TRUTH_SURFACE_EXCLUDED_WITH_REASON,structural/control/label testid,
frontend/src/components/StoredBackupsPanel.jsx:158,StoredBackupsPanel,backups-loading,NON_TRUTH_SURFACE_EXCLUDED_WITH_REASON,structural/control/label testid,
frontend/src/components/StoredBackupsPanel.jsx:164,StoredBackupsPanel,backups-empty,NON_TRUTH_SURFACE_EXCLUDED_WITH_REASON,structural/control/label testid,
frontend/src/components/SystemHealthBadge.jsx:266,SystemHealthBadge,system-health-toggle,NON_TRUTH_SURFACE_EXCLUDED_WITH_REASON,structural/control/label testid,
frontend/src/components/SystemHealthBadge.jsx:275,SystemHealthBadge,system-health-dropdown,NON_TRUTH_SURFACE_EXCLUDED_WITH_REASON,structural/control/label testid,
frontend/src/components/TenantBrandingPanel.jsx:87,TenantBrandingPanel,tenant-branding-panel,NON_TRUTH_SURFACE_EXCLUDED_WITH_REASON,structural/control/label testid,
frontend/src/components/TenantBrandingPanel.jsx:128,TenantBrandingPanel,branding-save,NON_TRUTH_SURFACE_EXCLUDED_WITH_REASON,structural/control/label testid,
frontend/src/components/TopicPicker.jsx:223,TopicPicker,topic-picker-search,NON_TRUTH_SURFACE_EXCLUDED_WITH_REASON,structural/control/label testid,
frontend/src/components/UndoLastTransitionButton.jsx:126,UndoLastTransitionButton,undo-last-transition-btn,NON_TRUTH_SURFACE_EXCLUDED_WITH_REASON,structural/control/label testid,
frontend/src/components/UndoLastTransitionButton.jsx:133,UndoLastTransitionButton,undo-last-transition-modal,NON_TRUTH_SURFACE_EXCLUDED_WITH_REASON,structural/control/label testid,
frontend/src/components/UndoLastTransitionButton.jsx:182,UndoLastTransitionButton,undo-last-transition-cancel,NON_TRUTH_SURFACE_EXCLUDED_WITH_REASON,structural/control/label testid,
frontend/src/components/WhereUsedPanel.jsx:62,WhereUsedPanel,where-used-loading,NON_TRUTH_SURFACE_EXCLUDED_WITH_REASON,structural/control/label testid,
frontend/src/components/WhereUsedPanel.jsx:71,WhereUsedPanel,where-used-error,NON_TRUTH_SURFACE_EXCLUDED_WITH_REASON,structural/control/label testid,
frontend/src/components/WhereUsedPanel.jsx:92,WhereUsedPanel,where-used-empty,NON_TRUTH_SURFACE_EXCLUDED_WITH_REASON,structural/control/label testid,
frontend/src/components/WorkspaceSessionControl.jsx:19,WorkspaceSessionControl,hub-resume-link,NON_TRUTH_SURFACE_EXCLUDED_WITH_REASON,structural/control/label testid,
frontend/src/components/WorkspaceSessionControl.jsx:44,WorkspaceSessionControl,home-session-control-menu,NON_TRUTH_SURFACE_EXCLUDED_WITH_REASON,structural/control/label testid,
frontend/src/components/admin/CommandPalette.jsx:284,CommandPalette,admin-command-palette-input,NON_TRUTH_SURFACE_EXCLUDED_WITH_REASON,structural/control/label testid,
frontend/src/components/admin/CommandPalette.jsx:296,CommandPalette,admin-command-palette-close,NON_TRUTH_SURFACE_EXCLUDED_WITH_REASON,structural/control/label testid,
frontend/src/components/admin/CommandPalette.jsx:307,CommandPalette,admin-command-palette-empty,NON_TRUTH_SURFACE_EXCLUDED_WITH_REASON,structural/control/label testid,
frontend/src/components/admin/LegacyMovedBanner.jsx:52,LegacyMovedBanner,legacy-moved-shell,NON_TRUTH_SURFACE_EXCLUDED_WITH_REASON,structural/control/label testid,
frontend/src/components/admin/LocationIntelligencePanel.jsx:53,LocationIntelligencePanel,location-intel-panel,NON_TRUTH_SURFACE_EXCLUDED_WITH_REASON,structural/control/label testid,
frontend/src/components/admin/LocationIntelligencePanel.jsx:81,LocationIntelligencePanel,"<Stat label=""Active jobs""           value={stats.total}               ",DIRECT_FACT,displayed_count_fact,count of displayed/queried population
frontend/src/components/admin/LocationIntelligencePanel.jsx:82,LocationIntelligencePanel,"<Stat label=""Verified geofence""     value={stats.linked}    sub={`${st",GOVERNED_DISTINCT_VARIANT,distinct_percentage_metric,backend-computed % rendered (distinct governed variant)
frontend/src/components/admin/LocationIntelligencePanel.jsx:83,LocationIntelligencePanel,"<Stat label=""Pending review""        value={stats.pending}             ",DIRECT_FACT,value_component_fact,value-bearing component rendering a fetched fact
frontend/src/components/admin/LocationIntelligencePanel.jsx:84,LocationIntelligencePanel,"<Stat label=""No proposal""           value={stats.orphan}              ",DIRECT_FACT,value_component_fact,value-bearing component rendering a fetched fact
frontend/src/components/admin/MaintainxP0Tab.jsx:146,MaintainxP0Tab,mx-p0-root,NON_TRUTH_SURFACE_EXCLUDED_WITH_REASON,structural/control/label testid,
frontend/src/components/admin/MaintainxP0Tab.jsx:150,MaintainxP0Tab,mx-p0-safety-banner,NON_TRUTH_SURFACE_EXCLUDED_WITH_REASON,structural/control/label testid,
frontend/src/components/admin/MaintainxP0Tab.jsx:183,MaintainxP0Tab,mx-p0-config-refresh,NON_TRUTH_SURFACE_EXCLUDED_WITH_REASON,structural/control/label testid,
frontend/src/components/admin/MaintainxP0Tab.jsx:206,MaintainxP0Tab,mx-p0-key-status,CANONICAL_STATUS,status,Wave-2 status vocab (TC-0002)
frontend/src/components/admin/MaintainxP0Tab.jsx:291,MaintainxP0Tab,mx-p0-test-btn,NON_TRUTH_SURFACE_EXCLUDED_WITH_REASON,structural/control/label testid,
frontend/src/components/admin/MaintainxP0Tab.jsx:349,MaintainxP0Tab,mx-p0-dryrun-btn,NON_TRUTH_SURFACE_EXCLUDED_WITH_REASON,structural/control/label testid,
frontend/src/components/admin/MaintainxP0Tab.jsx:360,MaintainxP0Tab,mx-p0-dryrun-save-btn,NON_TRUTH_SURFACE_EXCLUDED_WITH_REASON,structural/control/label testid,
frontend/src/components/admin/MaintainxP0Tab.jsx:397,MaintainxP0Tab,mx-p0-reports-refresh,NON_TRUTH_SURFACE_EXCLUDED_WITH_REASON,structural/control/label testid,
frontend/src/components/admin/MaintainxP0Tab.jsx:407,MaintainxP0Tab,mx-p0-reports-empty,NON_TRUTH_SURFACE_EXCLUDED_WITH_REASON,structural/control/label testid,
frontend/src/components/admin/MappingCleanupTab.jsx:52,MappingCleanupTab,mcc-trust-header,NON_TRUTH_SURFACE_EXCLUDED_WITH_REASON,structural/control/label testid,
frontend/src/components/admin/MappingCleanupTab.jsx:77,MappingCleanupTab,mcc-refresh,NON_TRUTH_SURFACE_EXCLUDED_WITH_REASON,structural/control/label testid,
frontend/src/components/admin/MappingCleanupTab.jsx:186,MappingCleanupTab,mcc-picker-dialog,NON_TRUTH_SURFACE_EXCLUDED_WITH_REASON,structural/control/label testid,
frontend/src/components/admin/MappingCleanupTab.jsx:199,MappingCleanupTab,mcc-picker-search,NON_TRUTH_SURFACE_EXCLUDED_WITH_REASON,structural/control/label testid,
frontend/src/components/admin/MappingCleanupTab.jsx:614,MappingCleanupTab,mcc-conflict-panel,NON_TRUTH_SURFACE_EXCLUDED_WITH_REASON,structural/control/label testid,
frontend/src/components/admin/MappingCleanupTab.jsx:624,MappingCleanupTab,mcc-conflict-empty,NON_TRUTH_SURFACE_EXCLUDED_WITH_REASON,structural/control/label testid,
frontend/src/components/admin/MappingCleanupTab.jsx:707,MappingCleanupTab,mcc-loading,NON_TRUTH_SURFACE_EXCLUDED_WITH_REASON,structural/control/label testid,
frontend/src/components/admin/MappingCleanupTab.jsx:712,MappingCleanupTab,mcc-error,NON_TRUTH_SURFACE_EXCLUDED_WITH_REASON,structural/control/label testid,
frontend/src/components/admin/OperationalSignalsPanel.jsx:99,OperationalSignalsPanel,operational-signals-panel,NON_TRUTH_SURFACE_EXCLUDED_WITH_REASON,structural/control/label testid,
frontend/src/components/admin/OperationalSignalsPanel.jsx:115,OperationalSignalsPanel,ops-signals-window-select,NON_TRUTH_SURFACE_EXCLUDED_WITH_REASON,structural/control/label testid,
frontend/src/components/admin/OperationalSignalsPanel.jsx:126,OperationalSignalsPanel,ops-signals-refresh,NON_TRUTH_SURFACE_EXCLUDED_WITH_REASON,structural/control/label testid,
frontend/src/components/admin/OperationalSignalsPanel.jsx:138,OperationalSignalsPanel,ops-signals-error,NON_TRUTH_SURFACE_EXCLUDED_WITH_REASON,structural/control/label testid,
frontend/src/components/admin/OperationalSignalsPanel.jsx:203,OperationalSignalsPanel,"<Stat label=""n"" value={ct.count} />",DIRECT_FACT,displayed_count_fact,count of displayed/queried population
frontend/src/components/admin/OperationalSignalsPanel.jsx:204,OperationalSignalsPanel,"<Stat label=""avg"" value={ct.count ? formatMs(ct.avg_ms) : ""—""} />",DIRECT_FACT,displayed_count_fact,count of displayed/queried population
frontend/src/components/admin/OperationalSignalsPanel.jsx:205,OperationalSignalsPanel,"<Stat label=""p90"" value={ct.count ? formatMs(ct.p90_ms) : ""—""} />",DIRECT_FACT,displayed_count_fact,count of displayed/queried population
frontend/src/components/admin/R2LifecyclePanel.jsx:125,R2LifecyclePanel,r2-lifecycle-error,NON_TRUTH_SURFACE_EXCLUDED_WITH_REASON,structural/control/label testid,
frontend/src/components/admin/R2LifecyclePanel.jsx:140,R2LifecyclePanel,r2-lifecycle-panel,NON_TRUTH_SURFACE_EXCLUDED_WITH_REASON,structural/control/label testid,
frontend/src/components/admin/R2LifecyclePanel.jsx:180,R2LifecyclePanel,r2-lifecycle-health-band,CANONICAL_STATUS,status,Wave-2 status vocab (TC-0002)
frontend/src/components/admin/R2LifecyclePanel.jsx:288,R2LifecyclePanel,r2-lifecycle-retention-generated-at,NON_TRUTH_SURFACE_EXCLUDED_WITH_REASON,structural/control/label testid,
frontend/src/components/admin/StorageObservabilityCard.jsx:29,StorageObservabilityCard,storage-sparkline-empty,NON_TRUTH_SURFACE_EXCLUDED_WITH_REASON,structural/control/label testid,
frontend/src/components/admin/StorageObservabilityCard.jsx:182,StorageObservabilityCard,storage-card-loading,NON_TRUTH_SURFACE_EXCLUDED_WITH_REASON,structural/control/label testid,
frontend/src/components/admin/StorageObservabilityCard.jsx:190,StorageObservabilityCard,storage-card-error,NON_TRUTH_SURFACE_EXCLUDED_WITH_REASON,structural/control/label testid,
frontend/src/components/admin/StorageObservabilityCard.jsx:197,StorageObservabilityCard,storage-card-empty,NON_TRUTH_SURFACE_EXCLUDED_WITH_REASON,structural/control/label testid,
frontend/src/components/admin/StorageObservabilityCard.jsx:238,StorageObservabilityCard,storage-card-meta,NON_TRUTH_SURFACE_EXCLUDED_WITH_REASON,structural/control/label testid,
frontend/src/components/admin/operational-health/OperationalHealthDashboardShell.jsx:108,OperationalHealthDashboardShell,operational-health-refresh,NON_TRUTH_SURFACE_EXCLUDED_WITH_REASON,structural/control/label testid,
frontend/src/components/admin/operational-health/OperationalHealthDashboardShell.jsx:115,OperationalHealthDashboardShell,operational-health-dashboard-root,NON_TRUTH_SURFACE_EXCLUDED_WITH_REASON,structural/control/label testid,
frontend/src/components/admin/operational-health/OperationalHealthDashboardShell.jsx:116,OperationalHealthDashboardShell,operational-health-hero,NON_TRUTH_SURFACE_EXCLUDED_WITH_REASON,structural/control/label testid,
frontend/src/components/admin/operational-health/OperationalHealthDashboardShell.jsx:121,OperationalHealthDashboardShell,operational-health-framework-label,NON_TRUTH_SURFACE_EXCLUDED_WITH_REASON,structural/control/label testid,
frontend/src/components/admin/operational-health/OperationalHealthDashboardShell.jsx:125,OperationalHealthDashboardShell,operational-health-title,NON_TRUTH_SURFACE_EXCLUDED_WITH_REASON,structural/control/label testid,
frontend/src/components/admin/operational-health/OperationalHealthDashboardShell.jsx:128,OperationalHealthDashboardShell,operational-health-authority-statement,NON_TRUTH_SURFACE_EXCLUDED_WITH_REASON,structural/control/label testid,
frontend/src/components/admin/operational-health/OperationalHealthDashboardShell.jsx:141,OperationalHealthDashboardShell,operational-health-module-catalog,NON_TRUTH_SURFACE_EXCLUDED_WITH_REASON,structural/control/label testid,
frontend/src/components/admin/operational-health/OperationalHealthDashboardShell.jsx:163,OperationalHealthDashboardShell,operational-health-meta-row,NON_TRUTH_SURFACE_EXCLUDED_WITH_REASON,structural/control/label testid,
frontend/src/components/admin/operational-health/OperationalHealthDashboardShell.jsx:233,OperationalHealthDashboardShell,operational-health-error-banner,NON_TRUTH_SURFACE_EXCLUDED_WITH_REASON,structural/control/label testid,
frontend/src/components/admin/operational-health/OperationalHealthDashboardShell.jsx:241,OperationalHealthDashboardShell,operational-health-loading-panel,NON_TRUTH_SURFACE_EXCLUDED_WITH_REASON,structural/control/label testid,
frontend/src/components/admin/operational-health/OperationalHealthDashboardShell.jsx:267,OperationalHealthDashboardShell,operational-health-error-panel,NON_TRUTH_SURFACE_EXCLUDED_WITH_REASON,structural/control/label testid,
frontend/src/components/admin/operational-health/OperationalHealthDashboardShell.jsx:292,OperationalHealthDashboardShell,operational-health-filter-panel,NON_TRUTH_SURFACE_EXCLUDED_WITH_REASON,structural/control/label testid,
frontend/src/components/admin/operational-health/OperationalHealthDashboardShell.jsx:300,OperationalHealthDashboardShell,operational-health-search,NON_TRUTH_SURFACE_EXCLUDED_WITH_REASON,structural/control/label testid,
frontend/src/components/admin/operational-health/OperationalHealthDashboardShell.jsx:302,OperationalHealthDashboardShell,operational-health-status-filters,CANONICAL_STATUS,status,Wave-2 status vocab (TC-0002)
frontend/src/components/admin/operational-health/OperationalHealthDashboardShell.jsx:318,OperationalHealthDashboardShell,operational-health-status-engine,CANONICAL_STATUS,status,Wave-2 status vocab (TC-0002)
frontend/src/components/admin/operational-health/OperationalHealthDashboardShell.jsx:320,OperationalHealthDashboardShell,operational-health-status-engine-policy,CANONICAL_STATUS,status,Wave-2 status vocab (TC-0002)
frontend/src/components/asset/AddAssetDialog.jsx:158,AddAssetDialog,add-asset-dialog,NON_TRUTH_SURFACE_EXCLUDED_WITH_REASON,structural/control/label testid,
frontend/src/components/asset/AddAssetDialog.jsx:171,AddAssetDialog,add-asset-close,NON_TRUTH_SURFACE_EXCLUDED_WITH_REASON,structural/control/label testid,
frontend/src/components/asset/AddAssetDialog.jsx:185,AddAssetDialog,add-asset-coaching,NON_TRUTH_SURFACE_EXCLUDED_WITH_REASON,structural/control/label testid,
frontend/src/components/asset/AddAssetDialog.jsx:293,AddAssetDialog,add-asset-renewals-section,NON_TRUTH_SURFACE_EXCLUDED_WITH_REASON,structural/control/label testid,
frontend/src/components/asset/AssetDocumentsTab.jsx:175,AssetDocumentsTab,ap-docs-loading,NON_TRUTH_SURFACE_EXCLUDED_WITH_REASON,structural/control/label testid,
frontend/src/components/asset/AssetDocumentsTab.jsx:183,AssetDocumentsTab,ap-docs-error,NON_TRUTH_SURFACE_EXCLUDED_WITH_REASON,structural/control/label testid,
frontend/src/components/asset/AssetDocumentsTab.jsx:190,AssetDocumentsTab,asset-documents-tab,NON_TRUTH_SURFACE_EXCLUDED_WITH_REASON,structural/control/label testid,
frontend/src/components/asset/AssetDocumentsTab.jsx:198,AssetDocumentsTab,ap-docs-refresh,NON_TRUTH_SURFACE_EXCLUDED_WITH_REASON,structural/control/label testid,
frontend/src/components/asset/AssetDocumentsTab.jsx:204,AssetDocumentsTab,ap-docs-download-pdf,NON_TRUTH_SURFACE_EXCLUDED_WITH_REASON,structural/control/label testid,
frontend/src/components/asset/AssetDocumentsTab.jsx:260,AssetDocumentsTab,ap-docs-empty,NON_TRUTH_SURFACE_EXCLUDED_WITH_REASON,structural/control/label testid,
frontend/src/components/asset/AssetDocumentsTab.jsx:478,AssetDocumentsTab,ap-doc-upload-dialog,NON_TRUTH_SURFACE_EXCLUDED_WITH_REASON,structural/control/label testid,
frontend/src/components/asset/AssetDocumentsTab.jsx:498,AssetDocumentsTab,ap-doc-upload-close,NON_TRUTH_SURFACE_EXCLUDED_WITH_REASON,structural/control/label testid,
frontend/src/components/asset/AssetDocumentsTab.jsx:505,AssetDocumentsTab,ap-doc-upload-coaching,NON_TRUTH_SURFACE_EXCLUDED_WITH_REASON,structural/control/label testid,
frontend/src/components/asset/AssetDocumentsTab.jsx:529,AssetDocumentsTab,ap-doc-upload-type-help,NON_TRUTH_SURFACE_EXCLUDED_WITH_REASON,structural/control/label testid,
frontend/src/components/asset/AssetDocumentsTab.jsx:583,AssetDocumentsTab,ap-doc-upload-note,NON_TRUTH_SURFACE_EXCLUDED_WITH_REASON,structural/control/label testid,
frontend/src/components/asset/RequiredDocsEditor.jsx:113,RequiredDocsEditor,rde-loading,NON_TRUTH_SURFACE_EXCLUDED_WITH_REASON,structural/control/label testid,
frontend/src/components/asset/RequiredDocsEditor.jsx:123,RequiredDocsEditor,rde-coaching,NON_TRUTH_SURFACE_EXCLUDED_WITH_REASON,structural/control/label testid,
frontend/src/components/asset/RequiredDocsEditor.jsx:134,RequiredDocsEditor,rde-level-legend,NON_TRUTH_SURFACE_EXCLUDED_WITH_REASON,structural/control/label testid,
frontend/src/components/asset/RequiredDocsEditor.jsx:166,RequiredDocsEditor,rde-filter,NON_TRUTH_SURFACE_EXCLUDED_WITH_REASON,structural/control/label testid,
frontend/src/components/asset/RequiredDocsEditor.jsx:181,RequiredDocsEditor,rde-empty,NON_TRUTH_SURFACE_EXCLUDED_WITH_REASON,structural/control/label testid,
frontend/src/components/daily-report/DailyOperationalSummarySection.jsx:141,DailyOperationalSummarySection,daily-operational-summary-section,NON_TRUTH_SURFACE_EXCLUDED_WITH_REASON,structural/control/label testid,
frontend/src/components/daily-report/DailyOperationalSummarySection.jsx:151,DailyOperationalSummarySection,daily-summary-title,NON_TRUTH_SURFACE_EXCLUDED_WITH_REASON,structural/control/label testid,
frontend/src/components/daily-report/DailyOperationalSummarySection.jsx:184,DailyOperationalSummarySection,daily-summary-draft-btn,NON_TRUTH_SURFACE_EXCLUDED_WITH_REASON,structural/control/label testid,
frontend/src/components/daily-report/DailyOperationalSummarySection.jsx:203,DailyOperationalSummarySection,daily-summary-accept-btn,NON_TRUTH_SURFACE_EXCLUDED_WITH_REASON,structural/control/label testid,
frontend/src/components/daily-report/DailyOperationalSummarySection.jsx:214,DailyOperationalSummarySection,daily-summary-clear-btn,NON_TRUTH_SURFACE_EXCLUDED_WITH_REASON,structural/control/label testid,
frontend/src/components/daily-report/DailyOperationalSummarySection.jsx:233,DailyOperationalSummarySection,daily-summary-disabled-note,NON_TRUTH_SURFACE_EXCLUDED_WITH_REASON,structural/control/label testid,
frontend/src/components/daily-report/EquipmentDetectedToday.jsx:127,EquipmentDetectedToday,equipment-detected-error,NON_TRUTH_SURFACE_EXCLUDED_WITH_REASON,structural/control/label testid,
frontend/src/components/daily-report/EquipmentDetectedToday.jsx:133,EquipmentDetectedToday,equipment-detected-empty,NON_TRUTH_SURFACE_EXCLUDED_WITH_REASON,structural/control/label testid,
frontend/src/components/daily-report/MotiveVerificationPanel.jsx:37,MotiveVerificationPanel,motive-verification-panel,NON_TRUTH_SURFACE_EXCLUDED_WITH_REASON,structural/control/label testid,
frontend/src/components/daily-report/VerificationSummaryPanel.jsx:41,VerificationSummaryPanel,verification-summary-panel,NON_TRUTH_SURFACE_EXCLUDED_WITH_REASON,structural/control/label testid,
frontend/src/components/daily-report-v3/DailyReportV3ExcavationSection.jsx:104,DailyReportV3ExcavationSection,dr-v3-excavation-section,NON_TRUTH_SURFACE_EXCLUDED_WITH_REASON,structural/control/label testid,
frontend/src/components/daily-report-v3/DailyReportV3ExcavationSection.jsx:312,DailyReportV3ExcavationSection,exc-corrective-actions,NON_TRUTH_SURFACE_EXCLUDED_WITH_REASON,structural/control/label testid,
frontend/src/components/daily-report-v3/SectionProjectConditions.jsx:159,SectionProjectConditions,dr-v3-project-meta,NON_TRUTH_SURFACE_EXCLUDED_WITH_REASON,structural/control/label testid,
frontend/src/components/daily-report-v3/SectionProjectConditions.jsx:217,SectionProjectConditions,dr-v3-use-gps-btn,NON_TRUTH_SURFACE_EXCLUDED_WITH_REASON,structural/control/label testid,
frontend/src/components/daily-report-v3/SectionProjectConditions.jsx:224,SectionProjectConditions,dr-v3-location-status,CANONICAL_STATUS,status,Wave-2 status vocab (TC-0002)
frontend/src/components/daily-report-v3/SectionProjectConditions.jsx:317,SectionProjectConditions,dr-v3-refresh-weather-btn,NON_TRUTH_SURFACE_EXCLUDED_WITH_REASON,structural/control/label testid,
frontend/src/components/daily-report-v3/sections.jsx:265,sections,dr-v3-voice-record-button,NON_TRUTH_SURFACE_EXCLUDED_WITH_REASON,structural/control/label testid,
frontend/src/components/daily-report-v3/sections.jsx:1118,sections,dr-v3-cost-quantity-empty,NON_TRUTH_SURFACE_EXCLUDED_WITH_REASON,structural/control/label testid,
frontend/src/components/daily-report-v3/sections.jsx:1255,sections,dr-v3-work-block-preview-empty,NON_TRUTH_SURFACE_EXCLUDED_WITH_REASON,structural/control/label testid,
frontend/src/components/daily-report-v3/sections.jsx:1827,sections,dr-v3-attachments-section,NON_TRUTH_SURFACE_EXCLUDED_WITH_REASON,structural/control/label testid,
frontend/src/components/daily-report-v3/sections.jsx:2467,sections,dr-v3-ai-summary-help,NON_TRUTH_SURFACE_EXCLUDED_WITH_REASON,structural/control/label testid,
frontend/src/components/daily-report-v3/sections.jsx:2532,sections,dr-v3-submit-btn,NON_TRUTH_SURFACE_EXCLUDED_WITH_REASON,structural/control/label testid,
frontend/src/components/dispatch/AssignmentCreateDrawer.jsx:659,AssignmentCreateDrawer,assignment-create-drawer,NON_TRUTH_SURFACE_EXCLUDED_WITH_REASON,structural/control/label testid,
frontend/src/components/dispatch/AssignmentCreateDrawer.jsx:683,AssignmentCreateDrawer,assignment-create-close,NON_TRUTH_SURFACE_EXCLUDED_WITH_REASON,structural/control/label testid,
frontend/src/components/dispatch/AssignmentCreateDrawer.jsx:973,AssignmentCreateDrawer,ac-note,NON_TRUTH_SURFACE_EXCLUDED_WITH_REASON,structural/control/label testid,
frontend/src/components/dispatch/AssignmentCreateDrawer.jsx:986,AssignmentCreateDrawer,assignment-create-error,NON_TRUTH_SURFACE_EXCLUDED_WITH_REASON,structural/control/label testid,
frontend/src/components/dispatch/AssignmentCreateDrawer.jsx:1020,AssignmentCreateDrawer,assignment-create-submit,NON_TRUTH_SURFACE_EXCLUDED_WITH_REASON,structural/control/label testid,
frontend/src/components/dispatch/AssignmentDrawer.jsx:415,AssignmentDrawer,assignment-drawer,NON_TRUTH_SURFACE_EXCLUDED_WITH_REASON,structural/control/label testid,
frontend/src/components/dispatch/AssignmentDrawer.jsx:432,AssignmentDrawer,drawer-close,NON_TRUTH_SURFACE_EXCLUDED_WITH_REASON,structural/control/label testid,
frontend/src/components/dispatch/AssignmentDrawer.jsx:582,AssignmentDrawer,revise-note,NON_TRUTH_SURFACE_EXCLUDED_WITH_REASON,structural/control/label testid,
frontend/src/components/dispatch/AssignmentDrawer.jsx:602,AssignmentDrawer,revise-cancel,NON_TRUTH_SURFACE_EXCLUDED_WITH_REASON,structural/control/label testid,
frontend/src/components/dispatch/AssignmentDrawer.jsx:657,AssignmentDrawer,reassign-submit,NON_TRUTH_SURFACE_EXCLUDED_WITH_REASON,structural/control/label testid,
frontend/src/components/dispatch/AssignmentDrawer.jsx:664,AssignmentDrawer,reassign-cancel,NON_TRUTH_SURFACE_EXCLUDED_WITH_REASON,structural/control/label testid,
frontend/src/components/dispatch/AssignmentDrawer.jsx:682,AssignmentDrawer,drawer-open-cancel,NON_TRUTH_SURFACE_EXCLUDED_WITH_REASON,structural/control/label testid,
frontend/src/components/dispatch/AssignmentDrawer.jsx:702,AssignmentDrawer,cancel-submit,NON_TRUTH_SURFACE_EXCLUDED_WITH_REASON,structural/control/label testid,
frontend/src/components/dispatch/AssignmentDrawer.jsx:709,AssignmentDrawer,cancel-cancel,NON_TRUTH_SURFACE_EXCLUDED_WITH_REASON,structural/control/label testid,
frontend/src/components/dispatch/AssignmentDrawer.jsx:783,AssignmentDrawer,drawer-moments-section,NON_TRUTH_SURFACE_EXCLUDED_WITH_REASON,structural/control/label testid,
frontend/src/components/dispatch/AssignmentDrawer.jsx:795,AssignmentDrawer,drawer-attachments-section,NON_TRUTH_SURFACE_EXCLUDED_WITH_REASON,structural/control/label testid,
frontend/src/components/dispatch/AttachmentStrip.jsx:235,AttachmentStrip,attachment-strip-help,NON_TRUTH_SURFACE_EXCLUDED_WITH_REASON,structural/control/label testid,
frontend/src/components/dispatch/AttachmentStrip.jsx:256,AttachmentStrip,attachment-type-select,NON_TRUTH_SURFACE_EXCLUDED_WITH_REASON,structural/control/label testid,
frontend/src/components/dispatch/AttachmentStrip.jsx:271,AttachmentStrip,attachment-note-input,NON_TRUTH_SURFACE_EXCLUDED_WITH_REASON,structural/control/label testid,
frontend/src/components/dispatch/AttachmentStrip.jsx:347,AttachmentStrip,attachment-file-input,NON_TRUTH_SURFACE_EXCLUDED_WITH_REASON,structural/control/label testid,
frontend/src/components/dispatch/AttachmentStrip.jsx:372,AttachmentStrip,attachment-loading,NON_TRUTH_SURFACE_EXCLUDED_WITH_REASON,structural/control/label testid,
frontend/src/components/dispatch/AttachmentStrip.jsx:375,AttachmentStrip,attachment-empty,NON_TRUTH_SURFACE_EXCLUDED_WITH_REASON,structural/control/label testid,
frontend/src/components/dispatch/DispatchDecisionChip.jsx:115,DispatchDecisionChip,dispatch-decision-chip-loading,NON_TRUTH_SURFACE_EXCLUDED_WITH_REASON,structural/control/label testid,
frontend/src/components/dispatch/DispatchDecisionChip.jsx:123,DispatchDecisionChip,dispatch-decision-chip-error,NON_TRUTH_SURFACE_EXCLUDED_WITH_REASON,structural/control/label testid,
frontend/src/components/dispatch/DispatchDecisionChip.jsx:131,DispatchDecisionChip,dispatch-decision-chip-empty,NON_TRUTH_SURFACE_EXCLUDED_WITH_REASON,structural/control/label testid,
frontend/src/components/dispatch/DispatchDecisionChip.jsx:225,DispatchDecisionChip,dispatch-decision-why-drawer,NON_TRUTH_SURFACE_EXCLUDED_WITH_REASON,structural/control/label testid,
frontend/src/components/dispatch/DispatchDecisionChip.jsx:240,DispatchDecisionChip,dispatch-decision-why-close,NON_TRUTH_SURFACE_EXCLUDED_WITH_REASON,structural/control/label testid,
frontend/src/components/dispatch/DispatchEquipmentMaintenanceIndicator.jsx:56,DispatchEquipmentMaintenanceIndicator,dispatch-mx-link,NON_TRUTH_SURFACE_EXCLUDED_WITH_REASON,structural/control/label testid,
frontend/src/components/dispatch/OperationalMomentsRail.jsx:140,OperationalMomentsRail,moments-rail-loading,NON_TRUTH_SURFACE_EXCLUDED_WITH_REASON,structural/control/label testid,
frontend/src/components/dispatch/OperationalMomentsRail.jsx:151,OperationalMomentsRail,moments-rail-error,NON_TRUTH_SURFACE_EXCLUDED_WITH_REASON,structural/control/label testid,
frontend/src/components/dispatch/OperationalMomentsRail.jsx:162,OperationalMomentsRail,moments-rail-empty,NON_TRUTH_SURFACE_EXCLUDED_WITH_REASON,structural/control/label testid,
frontend/src/components/dispatch/PmHaulActivityTile.jsx:153,PmHaulActivityTile,<Stat,DIRECT_FACT,value_component_fact,value-bearing component rendering a fetched fact
frontend/src/components/dispatch/TransportationGate.jsx:74,TransportationGate,tx-elig-chip-loading,NON_TRUTH_SURFACE_EXCLUDED_WITH_REASON,structural/control/label testid,
frontend/src/components/dispatch/TransportationGate.jsx:155,TransportationGate,tx-override-modal,NON_TRUTH_SURFACE_EXCLUDED_WITH_REASON,structural/control/label testid,
frontend/src/components/dispatch/TransportationGate.jsx:162,TransportationGate,tx-override-close,NON_TRUTH_SURFACE_EXCLUDED_WITH_REASON,structural/control/label testid,
frontend/src/components/dispatch/TransportationGate.jsx:216,TransportationGate,tx-override-cancel,NON_TRUTH_SURFACE_EXCLUDED_WITH_REASON,structural/control/label testid,
frontend/src/components/dispatch/command/CommandStrip.jsx:119,CommandStrip,command-strip-needs-mapping-link,NON_TRUTH_SURFACE_EXCLUDED_WITH_REASON,structural/control/label testid,
frontend/src/components/dispatch/command/CommandStrip.jsx:124,CommandStrip,command-strip-mapping-queue-link,NON_TRUTH_SURFACE_EXCLUDED_WITH_REASON,structural/control/label testid,
frontend/src/components/dispatch/command/CommunicationsTab.jsx:113,CommunicationsTab,broadcast-form,NON_TRUTH_SURFACE_EXCLUDED_WITH_REASON,structural/control/label testid,
frontend/src/components/dispatch/command/CommunicationsTab.jsx:143,CommunicationsTab,broadcast-audience-select,NON_TRUTH_SURFACE_EXCLUDED_WITH_REASON,structural/control/label testid,
frontend/src/components/dispatch/command/CommunicationsTab.jsx:170,CommunicationsTab,broadcast-kind-select,NON_TRUTH_SURFACE_EXCLUDED_WITH_REASON,structural/control/label testid,
frontend/src/components/dispatch/command/FleetBoard.jsx:142,FleetBoard,fleet-sort,NON_TRUTH_SURFACE_EXCLUDED_WITH_REASON,structural/control/label testid,
frontend/src/components/dispatch/command/HaulBoard.jsx:113,HaulBoard,haul-integration-status,CANONICAL_STATUS,status,Wave-2 status vocab (TC-0002)
frontend/src/components/dispatch/command/ShopFeedBoard.jsx:194,ShopFeedBoard,shop-recovery-panel,NON_TRUTH_SURFACE_EXCLUDED_WITH_REASON,structural/control/label testid,
frontend/src/components/dispatch/command/ShopFeedBoard.jsx:230,ShopFeedBoard,shop-integration-status,CANONICAL_STATUS,status,Wave-2 status vocab (TC-0002)
frontend/src/components/guidance/index.jsx:109,index,what-happens-next-panel,NON_TRUTH_SURFACE_EXCLUDED_WITH_REASON,structural/control/label testid,
frontend/src/components/guidance/index.jsx:115,index,what-happens-next-toggle,NON_TRUTH_SURFACE_EXCLUDED_WITH_REASON,structural/control/label testid,
frontend/src/components/guidance/index.jsx:167,index,related-workflows-panel,NON_TRUTH_SURFACE_EXCLUDED_WITH_REASON,structural/control/label testid,
frontend/src/components/hr/HrComplianceAtRiskWidget.jsx:100,HrComplianceAtRiskWidget,hr-compliance-at-risk-widget,CANONICAL_KPI,compliance_rate,kpi_percent_complete.compliance_rate
frontend/src/components/hr/HrComplianceAtRiskWidget.jsx:121,HrComplianceAtRiskWidget,hr-compliance-at-risk-summary,CANONICAL_KPI,compliance_rate,kpi_percent_complete.compliance_rate
frontend/src/components/hr/HrComplianceAtRiskWidget.jsx:126,HrComplianceAtRiskWidget,hr-compliance-at-risk-rows,CANONICAL_KPI,compliance_rate,kpi_percent_complete.compliance_rate
frontend/src/components/hr/HrComplianceAtRiskWidget.jsx:156,HrComplianceAtRiskWidget,hr-compliance-at-risk-open-all,NON_TRUTH_SURFACE_EXCLUDED_WITH_REASON,control element (button/link/input/tab),
frontend/src/components/iam/IamUserDetailDrawer.jsx:164,IamUserDetailDrawer,iam-user-detail-drawer,NON_TRUTH_SURFACE_EXCLUDED_WITH_REASON,structural/control/label testid,
frontend/src/components/iam/IamUserDetailDrawer.jsx:246,IamUserDetailDrawer,iam-drawer-audit-link,NON_TRUTH_SURFACE_EXCLUDED_WITH_REASON,structural/control/label testid,
frontend/src/components/incident/IncidentFieldDoctrineBanner.jsx:25,IncidentFieldDoctrineBanner,incident-field-doctrine-banner,NON_TRUTH_SURFACE_EXCLUDED_WITH_REASON,structural/control/label testid,
frontend/src/components/oa/HistoryFeed.jsx:42,HistoryFeed,oa-history-empty,NON_TRUTH_SURFACE_EXCLUDED_WITH_REASON,structural/control/label testid,
frontend/src/components/oa/OperationsActionsTile.jsx:33,OperationsActionsTile,hub-tile-operations-actions,NON_TRUTH_SURFACE_EXCLUDED_WITH_REASON,structural/control/label testid,
frontend/src/components/oa/OwnerPicker.jsx:116,OwnerPicker,oa-owner-search-input,NON_TRUTH_SURFACE_EXCLUDED_WITH_REASON,structural/control/label testid,
frontend/src/components/oa/PhotoUploader.jsx:114,PhotoUploader,oa-photo-upload-btn,NON_TRUTH_SURFACE_EXCLUDED_WITH_REASON,structural/control/label testid,
frontend/src/components/oa/PhotoUploader.jsx:128,PhotoUploader,oa-photo-input,NON_TRUTH_SURFACE_EXCLUDED_WITH_REASON,structural/control/label testid,
frontend/src/components/ods/HorizonPrimitives.jsx:183,HorizonPrimitives,ods-evidence-footer,NON_TRUTH_SURFACE_EXCLUDED_WITH_REASON,structural/control/label testid,
frontend/src/components/operational/ChronologyPanel.jsx:45,ChronologyPanel,chronology-panel-empty,NON_TRUTH_SURFACE_EXCLUDED_WITH_REASON,structural/control/label testid,
frontend/src/components/operational/ChronologyPanel.jsx:56,ChronologyPanel,chronology-panel,NON_TRUTH_SURFACE_EXCLUDED_WITH_REASON,structural/control/label testid,
frontend/src/components/operational/OperationalTimelineSidecar.jsx:95,OperationalTimelineSidecar,operational-timeline-sidecar-title,NON_TRUTH_SURFACE_EXCLUDED_WITH_REASON,structural/control/label testid,
frontend/src/components/operational/OperationalTimelineSidecar.jsx:106,OperationalTimelineSidecar,operational-timeline-sidecar-refresh,NON_TRUTH_SURFACE_EXCLUDED_WITH_REASON,structural/control/label testid,
frontend/src/components/operational/OperationalTimelineSidecar.jsx:117,OperationalTimelineSidecar,operational-timeline-sidecar-error,NON_TRUTH_SURFACE_EXCLUDED_WITH_REASON,structural/control/label testid,
frontend/src/components/operational/OperationalTimelineSidecar.jsx:124,OperationalTimelineSidecar,operational-timeline-sidecar-loading,NON_TRUTH_SURFACE_EXCLUDED_WITH_REASON,structural/control/label testid,
frontend/src/components/operational/OperationalTimelineSidecar.jsx:131,OperationalTimelineSidecar,operational-timeline-sidecar-empty,NON_TRUTH_SURFACE_EXCLUDED_WITH_REASON,structural/control/label testid,
frontend/src/components/operational_intelligence/GuidanceCard.jsx:159,GuidanceCard,guidance-card-title,NON_TRUTH_SURFACE_EXCLUDED_WITH_REASON,structural/control/label testid,
frontend/src/components/operational_intelligence/GuidanceCard.jsx:181,GuidanceCard,guidance-card-close,NON_TRUTH_SURFACE_EXCLUDED_WITH_REASON,structural/control/label testid,
frontend/src/components/operational_intelligence/GuidanceCard.jsx:234,GuidanceCard,guidance-card-drivers-empty,NON_TRUTH_SURFACE_EXCLUDED_WITH_REASON,structural/control/label testid,
frontend/src/components/operational_intelligence/GuidanceCard.jsx:241,GuidanceCard,guidance-card-actions,NON_TRUTH_SURFACE_EXCLUDED_WITH_REASON,structural/control/label testid,
frontend/src/components/operational_intelligence/GuidanceCard.jsx:272,GuidanceCard,guidance-card-actions-empty,NON_TRUTH_SURFACE_EXCLUDED_WITH_REASON,structural/control/label testid,
frontend/src/components/operational_intelligence/GuidanceCard.jsx:342,GuidanceCard,guidance-card-guidance-link,NON_TRUTH_SURFACE_EXCLUDED_WITH_REASON,structural/control/label testid,
frontend/src/components/operations-map/AssetCardSheet.jsx:67,AssetCardSheet,ops-map-asset-sheet,NON_TRUTH_SURFACE_EXCLUDED_WITH_REASON,structural/control/label testid,
frontend/src/components/operations-map/AssetCardSheet.jsx:68,AssetCardSheet,ops-map-asset-sheet-close,NON_TRUTH_SURFACE_EXCLUDED_WITH_REASON,structural/control/label testid,
frontend/src/components/operations-map/AssetCardSheet.jsx:70,AssetCardSheet,ops-map-asset-sheet-error,NON_TRUTH_SURFACE_EXCLUDED_WITH_REASON,structural/control/label testid,
frontend/src/components/operations-map/AssetCardSheet.jsx:75,AssetCardSheet,ops-map-asset-sheet-title,NON_TRUTH_SURFACE_EXCLUDED_WITH_REASON,structural/control/label testid,
frontend/src/components/operations-map/AssetCardSheet.jsx:85,AssetCardSheet,ops-map-asset-sheet-action,NON_TRUTH_SURFACE_EXCLUDED_WITH_REASON,structural/control/label testid,
frontend/src/components/operations-map/AssetCardSheet.jsx:90,AssetCardSheet,ops-map-asset-sheet-action-label,NON_TRUTH_SURFACE_EXCLUDED_WITH_REASON,structural/control/label testid,
frontend/src/components/operations-map/AssetCardSheet.jsx:101,AssetCardSheet,ops-map-asset-sheet-action-next,NON_TRUTH_SURFACE_EXCLUDED_WITH_REASON,structural/control/label testid,
frontend/src/components/operations-map/MapFilterRail.jsx:71,MapFilterRail,ops-map-status-legend,NON_TRUTH_SURFACE_EXCLUDED_WITH_REASON,structural/control/label testid,
frontend/src/components/operations-map/MapOperationsBanner.jsx:45,MapOperationsBanner,ops-map-banner,NON_TRUTH_SURFACE_EXCLUDED_WITH_REASON,structural/control/label testid,
frontend/src/components/operations-map/MapTopBar.jsx:46,MapTopBar,ops-map-search-input,NON_TRUTH_SURFACE_EXCLUDED_WITH_REASON,structural/control/label testid,
frontend/src/components/operations-map/ProjectIntelligenceStrip.jsx:78,ProjectIntelligenceStrip,ops-map-projects-meta,NON_TRUTH_SURFACE_EXCLUDED_WITH_REASON,structural/control/label testid,
frontend/src/components/operations-map/ProjectIntelligenceStrip.jsx:85,ProjectIntelligenceStrip,ops-map-projects-empty,NON_TRUTH_SURFACE_EXCLUDED_WITH_REASON,structural/control/label testid,
frontend/src/components/operations_transportation_integration.jsx:136,operations_transportation_integration,ops-tx-readiness-loading,NON_TRUTH_SURFACE_EXCLUDED_WITH_REASON,structural/control/label testid,
frontend/src/components/operations_transportation_integration.jsx:147,operations_transportation_integration,ops-tx-readiness-error,NON_TRUTH_SURFACE_EXCLUDED_WITH_REASON,structural/control/label testid,
frontend/src/components/operations_transportation_integration.jsx:168,operations_transportation_integration,ops-tx-readiness-title,NON_TRUTH_SURFACE_EXCLUDED_WITH_REASON,structural/control/label testid,
frontend/src/components/operations_transportation_integration.jsx:179,operations_transportation_integration,ops-tx-readiness-refresh,NON_TRUTH_SURFACE_EXCLUDED_WITH_REASON,structural/control/label testid,
frontend/src/components/operations_transportation_integration.jsx:187,operations_transportation_integration,ops-tx-readiness-view-link,NON_TRUTH_SURFACE_EXCLUDED_WITH_REASON,structural/control/label testid,
frontend/src/components/operations_transportation_integration.jsx:280,operations_transportation_integration,ops-tx-risk-banner,NON_TRUTH_SURFACE_EXCLUDED_WITH_REASON,structural/control/label testid,
frontend/src/components/operations_transportation_integration.jsx:290,operations_transportation_integration,ops-tx-risk-banner-link,NON_TRUTH_SURFACE_EXCLUDED_WITH_REASON,structural/control/label testid,
frontend/src/components/operations_transportation_integration.jsx:327,operations_transportation_integration,ops-tx-health-widget-loading,NON_TRUTH_SURFACE_EXCLUDED_WITH_REASON,structural/control/label testid,
frontend/src/components/operations_transportation_integration.jsx:337,operations_transportation_integration,ops-tx-health-widget-error,NON_TRUTH_SURFACE_EXCLUDED_WITH_REASON,structural/control/label testid,
frontend/src/components/operations_transportation_integration.jsx:362,operations_transportation_integration,ops-tx-health-widget-link,NON_TRUTH_SURFACE_EXCLUDED_WITH_REASON,structural/control/label testid,
frontend/src/components/operations_transportation_integration.jsx:455,operations_transportation_integration,ops-tx-closeout-link,NON_TRUTH_SURFACE_EXCLUDED_WITH_REASON,structural/control/label testid,
frontend/src/components/pm/PmCostCodeAssignmentCard.jsx:131,PmCostCodeAssignmentCard,pm-cost-code-save-button,NON_TRUTH_SURFACE_EXCLUDED_WITH_REASON,structural/control/label testid,
frontend/src/components/pm/PmExposureTile.jsx:53,PmExposureTile,pm-exposure-tile-loading,NON_TRUTH_SURFACE_EXCLUDED_WITH_REASON,structural/control/label testid,
frontend/src/components/pm/PmJobsRead.jsx:54,PmJobsRead,pm-jobs-read-panel,NON_TRUTH_SURFACE_EXCLUDED_WITH_REASON,structural/control/label testid,
frontend/src/components/pm/PmJobsRead.jsx:67,PmJobsRead,pm-jobs-read-refresh,NON_TRUTH_SURFACE_EXCLUDED_WITH_REASON,structural/control/label testid,
frontend/src/components/pm/PmJobsRead.jsx:106,PmJobsRead,pm-jobs-read-search,NON_TRUTH_SURFACE_EXCLUDED_WITH_REASON,structural/control/label testid,
frontend/src/components/pm/command/PmProjectFirstHome.jsx:393,PmProjectFirstHome,pm-pfh-photo-lightbox-close,NON_TRUTH_SURFACE_EXCLUDED_WITH_REASON,structural/control/label testid,
frontend/src/components/pm/command/PmProjectFirstHome.jsx:421,PmProjectFirstHome,pm-pfh-photo-lightbox-prev,NON_TRUTH_SURFACE_EXCLUDED_WITH_REASON,structural/control/label testid,
frontend/src/components/pm/command/PmProjectFirstHome.jsx:430,PmProjectFirstHome,pm-pfh-photo-lightbox-next,NON_TRUTH_SURFACE_EXCLUDED_WITH_REASON,structural/control/label testid,
frontend/src/components/pm/command/PmProjectFirstHome.jsx:502,PmProjectFirstHome,pm-pfh-daily-view-all,NON_TRUTH_SURFACE_EXCLUDED_WITH_REASON,structural/control/label testid,
frontend/src/components/pm/command/PmProjectFirstHome.jsx:548,PmProjectFirstHome,pm-pfh-photo-view-all,NON_TRUTH_SURFACE_EXCLUDED_WITH_REASON,structural/control/label testid,
frontend/src/components/pm/command/PmProjectSelector.jsx:87,PmProjectSelector,pm-project-selector-wrapper,NON_TRUTH_SURFACE_EXCLUDED_WITH_REASON,structural/control/label testid,
frontend/src/components/pm/schedule/ScheduleActualsWorkspace.jsx:23,ScheduleActualsWorkspace,pm-project-schedule-actuals-section,NON_TRUTH_SURFACE_EXCLUDED_WITH_REASON,structural/control/label testid,
frontend/src/components/pm/schedule/ScheduleActualsWorkspace.jsx:29,ScheduleActualsWorkspace,pm-project-schedule-actuals-count-badge,DIRECT_FACT,record_field_or_local_length,record serialization -> prop -> render
frontend/src/components/pm/schedule/ScheduleDailyWorkPlanPanel.jsx:18,ScheduleDailyWorkPlanPanel,pm-project-schedule-daily-plan-section,NON_TRUTH_SURFACE_EXCLUDED_WITH_REASON,structural/control/label testid,
frontend/src/components/pm/schedule/ScheduleDailyWorkPlanPanel.jsx:24,ScheduleDailyWorkPlanPanel,pm-project-schedule-save-daily-plan-button,NON_TRUTH_SURFACE_EXCLUDED_WITH_REASON,structural/control/label testid,
frontend/src/components/pm/schedule/ScheduleDailyWorkPlanPanel.jsx:32,ScheduleDailyWorkPlanPanel,pm-project-schedule-daily-plan-date-input,NON_TRUTH_SURFACE_EXCLUDED_WITH_REASON,structural/control/label testid,
frontend/src/components/pm/schedule/ScheduleDailyWorkPlanPanel.jsx:36,ScheduleDailyWorkPlanPanel,pm-project-schedule-daily-plan-status-select,NON_TRUTH_SURFACE_EXCLUDED_WITH_REASON,structural/control/label testid,
frontend/src/components/pm/schedule/ScheduleDailyWorkPlanPanel.jsx:44,ScheduleDailyWorkPlanPanel,pm-project-schedule-daily-plan-item-count,DIRECT_FACT,record_field_or_local_length,record serialization -> prop -> render
frontend/src/components/pm/schedule/ScheduleDailyWorkPlanPanel.jsx:48,ScheduleDailyWorkPlanPanel,pm-project-schedule-daily-plan-notes-input,NON_TRUTH_SURFACE_EXCLUDED_WITH_REASON,structural/control/label testid,
frontend/src/components/project_controls/EarnedValueWorkspace.jsx:157,EarnedValueWorkspace,earned-value-hero-panel,NON_TRUTH_SURFACE_EXCLUDED_WITH_REASON,structural/control/label testid,
frontend/src/components/project_controls/EarnedValueWorkspace.jsx:162,EarnedValueWorkspace,earned-value-hero-description,NON_TRUTH_SURFACE_EXCLUDED_WITH_REASON,structural/control/label testid,
frontend/src/components/project_controls/EarnedValueWorkspace.jsx:169,EarnedValueWorkspace,earned-value-refresh-button,NON_TRUTH_SURFACE_EXCLUDED_WITH_REASON,structural/control/label testid,
frontend/src/components/project_controls/EarnedValueWorkspace.jsx:170,EarnedValueWorkspace,earned-value-capture-snapshot-button,NON_TRUTH_SURFACE_EXCLUDED_WITH_REASON,structural/control/label testid,
frontend/src/components/project_controls/EarnedValueWorkspace.jsx:171,EarnedValueWorkspace,earned-value-export-button,NON_TRUTH_SURFACE_EXCLUDED_WITH_REASON,structural/control/label testid,
frontend/src/components/project_controls/EarnedValueWorkspace.jsx:173,EarnedValueWorkspace,earned-value-snapshot-note-input,NON_TRUTH_SURFACE_EXCLUDED_WITH_REASON,structural/control/label testid,
frontend/src/components/project_controls/EarnedValueWorkspace.jsx:199,EarnedValueWorkspace,earned-value-tabs-root,NON_TRUTH_SURFACE_EXCLUDED_WITH_REASON,structural/control/label testid,
frontend/src/components/project_controls/EarnedValueWorkspace.jsx:206,EarnedValueWorkspace,earned-value-overview-tab-panel,NON_TRUTH_SURFACE_EXCLUDED_WITH_REASON,structural/control/label testid,
frontend/src/components/project_controls/EarnedValueWorkspace.jsx:271,EarnedValueWorkspace,earned-value-readiness-note,NON_TRUTH_SURFACE_EXCLUDED_WITH_REASON,structural/control/label testid,
frontend/src/components/project_controls/EarnedValueWorkspace.jsx:274,EarnedValueWorkspace,earned-value-budget-review-link,NON_TRUTH_SURFACE_EXCLUDED_WITH_REASON,structural/control/label testid,
frontend/src/components/project_controls/EarnedValueWorkspace.jsx:280,EarnedValueWorkspace,earned-value-lineage-tab-panel,NON_TRUTH_SURFACE_EXCLUDED_WITH_REASON,structural/control/label testid,
frontend/src/components/project_controls/EarnedValueWorkspace.jsx:313,EarnedValueWorkspace,earned-value-governance-tab-panel,NON_TRUTH_SURFACE_EXCLUDED_WITH_REASON,structural/control/label testid,
frontend/src/components/project_controls/ForecastingCommitmentsWorkspace.jsx:182,ForecastingCommitmentsWorkspace,forecast-commitment-family-input,NON_TRUTH_SURFACE_EXCLUDED_WITH_REASON,structural/control/label testid,
frontend/src/components/project_controls/ForecastingCommitmentsWorkspace.jsx:192,ForecastingCommitmentsWorkspace,forecast-commitment-status-input,NON_TRUTH_SURFACE_EXCLUDED_WITH_REASON,structural/control/label testid,
frontend/src/components/project_controls/ForecastingCommitmentsWorkspace.jsx:204,ForecastingCommitmentsWorkspace,forecast-commitment-due-date-input,NON_TRUTH_SURFACE_EXCLUDED_WITH_REASON,structural/control/label testid,
frontend/src/components/project_controls/ForecastingCommitmentsWorkspace.jsx:208,ForecastingCommitmentsWorkspace,forecast-commitment-confidence-input,NON_TRUTH_SURFACE_EXCLUDED_WITH_REASON,structural/control/label testid,
frontend/src/components/project_controls/ForecastingCommitmentsWorkspace.jsx:218,ForecastingCommitmentsWorkspace,forecast-commitment-title-input,NON_TRUTH_SURFACE_EXCLUDED_WITH_REASON,structural/control/label testid,
frontend/src/components/project_controls/ForecastingCommitmentsWorkspace.jsx:222,ForecastingCommitmentsWorkspace,forecast-commitment-linked-unit-input,NON_TRUTH_SURFACE_EXCLUDED_WITH_REASON,structural/control/label testid,
frontend/src/components/project_controls/ForecastingCommitmentsWorkspace.jsx:228,ForecastingCommitmentsWorkspace,forecast-commitment-target-quantity-input,NON_TRUTH_SURFACE_EXCLUDED_WITH_REASON,structural/control/label testid,
frontend/src/components/project_controls/ForecastingCommitmentsWorkspace.jsx:232,ForecastingCommitmentsWorkspace,forecast-commitment-target-hours-input,NON_TRUTH_SURFACE_EXCLUDED_WITH_REASON,structural/control/label testid,
frontend/src/components/project_controls/ForecastingCommitmentsWorkspace.jsx:236,ForecastingCommitmentsWorkspace,forecast-commitment-target-amount-input,NON_TRUTH_SURFACE_EXCLUDED_WITH_REASON,structural/control/label testid,
frontend/src/components/project_controls/ForecastingCommitmentsWorkspace.jsx:242,ForecastingCommitmentsWorkspace,forecast-commitment-description-input,NON_TRUTH_SURFACE_EXCLUDED_WITH_REASON,structural/control/label testid,
frontend/src/components/project_controls/ForecastingCommitmentsWorkspace.jsx:246,ForecastingCommitmentsWorkspace,forecast-commitment-evidence-note-input,NON_TRUTH_SURFACE_EXCLUDED_WITH_REASON,structural/control/label testid,
frontend/src/components/project_controls/ForecastingCommitmentsWorkspace.jsx:249,ForecastingCommitmentsWorkspace,forecast-commitment-save-button,NON_TRUTH_SURFACE_EXCLUDED_WITH_REASON,structural/control/label testid,
frontend/src/components/project_controls/ForecastingCommitmentsWorkspace.jsx:290,ForecastingCommitmentsWorkspace,forecasting-hero-panel,NON_TRUTH_SURFACE_EXCLUDED_WITH_REASON,structural/control/label testid,
frontend/src/components/project_controls/ForecastingCommitmentsWorkspace.jsx:295,ForecastingCommitmentsWorkspace,forecasting-hero-description,NON_TRUTH_SURFACE_EXCLUDED_WITH_REASON,structural/control/label testid,
frontend/src/components/project_controls/ForecastingCommitmentsWorkspace.jsx:300,ForecastingCommitmentsWorkspace,forecasting-refresh-button,NON_TRUTH_SURFACE_EXCLUDED_WITH_REASON,structural/control/label testid,
frontend/src/components/project_controls/ForecastingCommitmentsWorkspace.jsx:301,ForecastingCommitmentsWorkspace,forecasting-capture-snapshot-button,NON_TRUTH_SURFACE_EXCLUDED_WITH_REASON,structural/control/label testid,
frontend/src/components/project_controls/ForecastingCommitmentsWorkspace.jsx:303,ForecastingCommitmentsWorkspace,forecasting-snapshot-note-input,NON_TRUTH_SURFACE_EXCLUDED_WITH_REASON,structural/control/label testid,
frontend/src/components/project_controls/ForecastingCommitmentsWorkspace.jsx:315,ForecastingCommitmentsWorkspace,forecasting-tabs-root,NON_TRUTH_SURFACE_EXCLUDED_WITH_REASON,structural/control/label testid,
frontend/src/components/project_controls/ForecastingCommitmentsWorkspace.jsx:322,ForecastingCommitmentsWorkspace,forecasting-tab-panel,NON_TRUTH_SURFACE_EXCLUDED_WITH_REASON,structural/control/label testid,
frontend/src/components/project_controls/ForecastingCommitmentsWorkspace.jsx:335,ForecastingCommitmentsWorkspace,commitments-tab-panel,NON_TRUTH_SURFACE_EXCLUDED_WITH_REASON,structural/control/label testid,
frontend/src/components/project_controls/ForecastingCommitmentsWorkspace.jsx:340,ForecastingCommitmentsWorkspace,governance-tab-panel,NON_TRUTH_SURFACE_EXCLUDED_WITH_REASON,structural/control/label testid,
frontend/src/components/project_controls/PortfolioIntelligenceWorkspace.jsx:211,PortfolioIntelligenceWorkspace,portfolio-attention-meta,NON_TRUTH_SURFACE_EXCLUDED_WITH_REASON,structural/control/label testid,
frontend/src/components/project_controls/PortfolioIntelligenceWorkspace.jsx:217,PortfolioIntelligenceWorkspace,portfolio-intelligence-refresh-button,NON_TRUTH_SURFACE_EXCLUDED_WITH_REASON,structural/control/label testid,
frontend/src/components/project_controls/PortfolioIntelligenceWorkspace.jsx:220,PortfolioIntelligenceWorkspace,portfolio-intelligence-export-button,NON_TRUTH_SURFACE_EXCLUDED_WITH_REASON,structural/control/label testid,
frontend/src/components/project_controls/PortfolioIntelligenceWorkspace.jsx:426,PortfolioIntelligenceWorkspace,portfolio-intelligence-hero-panel,NON_TRUTH_SURFACE_EXCLUDED_WITH_REASON,structural/control/label testid,
frontend/src/components/project_controls/PortfolioIntelligenceWorkspace.jsx:431,PortfolioIntelligenceWorkspace,portfolio-intelligence-hero-description,NON_TRUTH_SURFACE_EXCLUDED_WITH_REASON,structural/control/label testid,
frontend/src/components/project_controls/PortfolioIntelligenceWorkspace.jsx:438,PortfolioIntelligenceWorkspace,portfolio-intelligence-hero-generated-at,NON_TRUTH_SURFACE_EXCLUDED_WITH_REASON,structural/control/label testid,
frontend/src/components/project_controls/PortfolioIntelligenceWorkspace.jsx:442,PortfolioIntelligenceWorkspace,portfolio-intelligence-hero-note,NON_TRUTH_SURFACE_EXCLUDED_WITH_REASON,structural/control/label testid,
frontend/src/components/project_controls/PortfolioIntelligenceWorkspace.jsx:456,PortfolioIntelligenceWorkspace,portfolio-cache-status-banner,NON_TRUTH_SURFACE_EXCLUDED_WITH_REASON,structural/control/label testid,
frontend/src/components/project_controls/PortfolioIntelligenceWorkspace.jsx:612,PortfolioIntelligenceWorkspace,portfolio-project-search-input,NON_TRUTH_SURFACE_EXCLUDED_WITH_REASON,structural/control/label testid,
frontend/src/components/project_controls/PortfolioIntelligenceWorkspace.jsx:629,PortfolioIntelligenceWorkspace,portfolio-project-filter-count,DIRECT_FACT,inline_length_or_count,inline .length/.count of rendered data
frontend/src/components/project_controls/PortfolioIntelligenceWorkspace.jsx:696,PortfolioIntelligenceWorkspace,portfolio-project-detail-dialog,NON_TRUTH_SURFACE_EXCLUDED_WITH_REASON,structural/control/label testid,
frontend/src/components/project_controls/PortfolioIntelligenceWorkspace.jsx:700,PortfolioIntelligenceWorkspace,portfolio-project-detail-title,NON_TRUTH_SURFACE_EXCLUDED_WITH_REASON,structural/control/label testid,
frontend/src/components/project_controls/PortfolioIntelligenceWorkspace.jsx:701,PortfolioIntelligenceWorkspace,portfolio-project-detail-description,NON_TRUTH_SURFACE_EXCLUDED_WITH_REASON,structural/control/label testid,
frontend/src/components/project_controls/PortfolioIntelligenceWorkspace.jsx:780,PortfolioIntelligenceWorkspace,portfolio-project-detail-performance-link,NON_TRUTH_SURFACE_EXCLUDED_WITH_REASON,structural/control/label testid,
frontend/src/components/project_controls/PortfolioIntelligenceWorkspace.jsx:781,PortfolioIntelligenceWorkspace,portfolio-project-detail-forecast-link,NON_TRUTH_SURFACE_EXCLUDED_WITH_REASON,structural/control/label testid,
frontend/src/components/project_controls/PortfolioIntelligenceWorkspace.jsx:782,PortfolioIntelligenceWorkspace,portfolio-project-detail-earned-value-link,NON_TRUTH_SURFACE_EXCLUDED_WITH_REASON,structural/control/label testid,
frontend/src/components/project_controls/PortfolioIntelligenceWorkspace.jsx:783,PortfolioIntelligenceWorkspace,portfolio-project-detail-pnl-link,NON_TRUTH_SURFACE_EXCLUDED_WITH_REASON,structural/control/label testid,
frontend/src/components/shop/UnitSearch.jsx:93,UnitSearch,shop-unit-search-root,NON_TRUTH_SURFACE_EXCLUDED_WITH_REASON,structural/control/label testid,
frontend/src/components/shop/UnitSearch.jsx:95,UnitSearch,shop-unit-search-form,NON_TRUTH_SURFACE_EXCLUDED_WITH_REASON,structural/control/label testid,
frontend/src/components/shop/UnitSearch.jsx:97,UnitSearch,shop-unit-search-input,NON_TRUTH_SURFACE_EXCLUDED_WITH_REASON,structural/control/label testid,
frontend/src/components/shop/UnitSearch.jsx:116,UnitSearch,shop-unit-search-loading,NON_TRUTH_SURFACE_EXCLUDED_WITH_REASON,structural/control/label testid,
frontend/src/components/shop/UnitSearch.jsx:119,UnitSearch,shop-unit-search-error,NON_TRUTH_SURFACE_EXCLUDED_WITH_REASON,structural/control/label testid,
frontend/src/components/shop/UnitSearch.jsx:125,UnitSearch,shop-unit-search-empty,NON_TRUTH_SURFACE_EXCLUDED_WITH_REASON,structural/control/label testid,
frontend/src/components/submission/SubmissionConfirmation.jsx:102,SubmissionConfirmation,submission-confirmation-root,NON_TRUTH_SURFACE_EXCLUDED_WITH_REASON,structural/control/label testid,
frontend/src/components/submission/SubmissionConfirmation.jsx:113,SubmissionConfirmation,submission-confirmation-title,NON_TRUTH_SURFACE_EXCLUDED_WITH_REASON,structural/control/label testid,
frontend/src/components/submission/SubmissionConfirmation.jsx:116,SubmissionConfirmation,submission-confirmation-description,NON_TRUTH_SURFACE_EXCLUDED_WITH_REASON,structural/control/label testid,
frontend/src/components/submission/SubmissionConfirmation.jsx:148,SubmissionConfirmation,submission-confirmation-processing-status,CANONICAL_STATUS,status,Wave-2 status vocab (TC-0002)
frontend/src/components/submission/SubmissionConfirmation.jsx:155,SubmissionConfirmation,submission-confirmation-note,NON_TRUTH_SURFACE_EXCLUDED_WITH_REASON,structural/control/label testid,
frontend/src/components/submission/SubmissionConfirmation.jsx:160,SubmissionConfirmation,submission-confirmation-actions,NON_TRUTH_SURFACE_EXCLUDED_WITH_REASON,structural/control/label testid,
frontend/src/components/team/AssignmentHistoryDrawer.jsx:59,AssignmentHistoryDrawer,assignment-history-drawer,NON_TRUTH_SURFACE_EXCLUDED_WITH_REASON,structural/control/label testid,
frontend/src/components/team/AssignmentHistoryDrawer.jsx:73,AssignmentHistoryDrawer,history-empty,NON_TRUTH_SURFACE_EXCLUDED_WITH_REASON,structural/control/label testid,
frontend/src/components/team/JobTeamRosterPanel.jsx:348,JobTeamRosterPanel,job-team-roster-panel,NON_TRUTH_SURFACE_EXCLUDED_WITH_REASON,structural/control/label testid,
frontend/src/components/team/JobTeamRosterPanel.jsx:363,JobTeamRosterPanel,open-history-drawer,NON_TRUTH_SURFACE_EXCLUDED_WITH_REASON,structural/control/label testid,
frontend/src/components/team/JobTeamRosterPanel.jsx:373,JobTeamRosterPanel,job-team-add-btn,NON_TRUTH_SURFACE_EXCLUDED_WITH_REASON,structural/control/label testid,
frontend/src/components/team/JobTeamRosterPanel.jsx:383,JobTeamRosterPanel,job-team-access-error,NON_TRUTH_SURFACE_EXCLUDED_WITH_REASON,structural/control/label testid,
frontend/src/components/team/JobTeamRosterPanel.jsx:398,JobTeamRosterPanel,job-team-pm-scope-note,NON_TRUTH_SURFACE_EXCLUDED_WITH_REASON,structural/control/label testid,
frontend/src/components/team/JobTeamRosterPanel.jsx:542,JobTeamRosterPanel,job-team-add-form,NON_TRUTH_SURFACE_EXCLUDED_WITH_REASON,structural/control/label testid,
frontend/src/components/team/JobTeamRosterPanel.jsx:554,JobTeamRosterPanel,job-team-role-select,NON_TRUTH_SURFACE_EXCLUDED_WITH_REASON,structural/control/label testid,
frontend/src/components/team/JobTeamRosterPanel.jsx:612,JobTeamRosterPanel,job-team-user-search,NON_TRUTH_SURFACE_EXCLUDED_WITH_REASON,structural/control/label testid,
frontend/src/components/team/JobTeamRosterPanel.jsx:671,JobTeamRosterPanel,job-team-primary-checkbox,NON_TRUTH_SURFACE_EXCLUDED_WITH_REASON,structural/control/label testid,
frontend/src/components/team/JobTeamRosterPanel.jsx:680,JobTeamRosterPanel,job-team-cancel,NON_TRUTH_SURFACE_EXCLUDED_WITH_REASON,structural/control/label testid,
frontend/src/components/team/JobTeamRosterPanel.jsx:687,JobTeamRosterPanel,job-team-submit,NON_TRUTH_SURFACE_EXCLUDED_WITH_REASON,structural/control/label testid,
frontend/src/components/team/RemoveReasonDialog.jsx:82,RemoveReasonDialog,remove-reason-dialog,NON_TRUTH_SURFACE_EXCLUDED_WITH_REASON,structural/control/label testid,
frontend/src/components/team/RemoveReasonDialog.jsx:139,RemoveReasonDialog,reason-error,NON_TRUTH_SURFACE_EXCLUDED_WITH_REASON,structural/control/label testid,
frontend/src/components/team/RemoveReasonDialog.jsx:151,RemoveReasonDialog,reason-cancel,NON_TRUTH_SURFACE_EXCLUDED_WITH_REASON,structural/control/label testid,
frontend/src/components/team/RemoveReasonDialog.jsx:158,RemoveReasonDialog,reason-submit,NON_TRUTH_SURFACE_EXCLUDED_WITH_REASON,structural/control/label testid,
frontend/src/components/transportation/MasciVideoPlayer.jsx:118,MasciVideoPlayer,masci-video-placeholder,NON_TRUTH_SURFACE_EXCLUDED_WITH_REASON,structural/control/label testid,
frontend/src/components/transportation/TransportationOpsTopBar.jsx:127,TransportationOpsTopBar,tx-search-input,NON_TRUTH_SURFACE_EXCLUDED_WITH_REASON,structural/control/label testid,
frontend/src/components/transportation/TransportationOpsTopBar.jsx:138,TransportationOpsTopBar,txops-search-input,NON_TRUTH_SURFACE_EXCLUDED_WITH_REASON,structural/control/label testid,
frontend/src/components/transportation/TransportationOpsTopBar.jsx:175,TransportationOpsTopBar,txops-portal-topbar-nav,NON_TRUTH_SURFACE_EXCLUDED_WITH_REASON,structural/control/label testid,
frontend/src/components/transportation/TransportationOpsTopBar.jsx:185,TransportationOpsTopBar,txops-portal-topbar-mobile-toggle,NON_TRUTH_SURFACE_EXCLUDED_WITH_REASON,structural/control/label testid,
frontend/src/components/transportation/TransportationOpsTopBar.jsx:196,TransportationOpsTopBar,txops-portal-topbar-search,NON_TRUTH_SURFACE_EXCLUDED_WITH_REASON,structural/control/label testid,
frontend/src/components/transportation/TransportationOpsTopBar.jsx:218,TransportationOpsTopBar,txops-portal-topbar-mobile-nav,NON_TRUTH_SURFACE_EXCLUDED_WITH_REASON,structural/control/label testid,
frontend/src/components/trench/TrenchSafetyOnProjectPanel.jsx:71,TrenchSafetyOnProjectPanel,trench-on-project-panel,NON_TRUTH_SURFACE_EXCLUDED_WITH_REASON,structural/control/label testid,
frontend/src/components/trench/TrenchSafetyOnProjectPanel.jsx:85,TrenchSafetyOnProjectPanel,trench-on-project-loading,NON_TRUTH_SURFACE_EXCLUDED_WITH_REASON,structural/control/label testid,
frontend/src/components/trench/TrenchSafetyOnProjectPanel.jsx:89,TrenchSafetyOnProjectPanel,trench-on-project-error,NON_TRUTH_SURFACE_EXCLUDED_WITH_REASON,structural/control/label testid,
frontend/src/components/trench/TrenchSafetyOnProjectPanel.jsx:93,TrenchSafetyOnProjectPanel,trench-on-project-empty,NON_TRUTH_SURFACE_EXCLUDED_WITH_REASON,structural/control/label testid,
frontend/src/design-system/DataTable.jsx:135,DataTable,ds-datatable-loading,NON_TRUTH_SURFACE_EXCLUDED_WITH_REASON,structural/control/label testid,
frontend/src/design-system/DataTable.jsx:150,DataTable,ds-datatable-empty,NON_TRUTH_SURFACE_EXCLUDED_WITH_REASON,structural/control/label testid,
frontend/src/design-system/PortalShell.jsx:283,PortalShell,ds-portal-shell,NON_TRUTH_SURFACE_EXCLUDED_WITH_REASON,structural/control/label testid,
frontend/src/design-system/PortalShell.jsx:315,PortalShell,ds-portal-shell-page-header,NON_TRUTH_SURFACE_EXCLUDED_WITH_REASON,structural/control/label testid,
frontend/src/design-system/PortalShell.jsx:359,PortalShell,ds-portal-shell-footer,NON_TRUTH_SURFACE_EXCLUDED_WITH_REASON,structural/control/label testid,
frontend/src/design-system/PublicShell.jsx:15,PublicShell,ds-public-shell,NON_TRUTH_SURFACE_EXCLUDED_WITH_REASON,structural/control/label testid,
frontend/src/pages/AccessDenied.jsx:40,AccessDenied,access-denied-page,NON_TRUTH_SURFACE_EXCLUDED_WITH_REASON,structural/control/label testid,
frontend/src/pages/AdminAssetThread.jsx:642,AdminAssetThread,admin-asset-thread-page,NON_TRUTH_SURFACE_EXCLUDED_WITH_REASON,structural/control/label testid,
frontend/src/pages/AdminAssetThread.jsx:647,AdminAssetThread,admin-asset-thread-header,NON_TRUTH_SURFACE_EXCLUDED_WITH_REASON,structural/control/label testid,
frontend/src/pages/AdminAssetThread.jsx:659,AdminAssetThread,admin-asset-thread-safety-fire-link,NON_TRUTH_SURFACE_EXCLUDED_WITH_REASON,structural/control/label testid,
frontend/src/pages/AdminAssetThread.jsx:667,AdminAssetThread,admin-asset-thread-upload-link,NON_TRUTH_SURFACE_EXCLUDED_WITH_REASON,structural/control/label testid,
frontend/src/pages/AdminAssetThread.jsx:674,AdminAssetThread,admin-asset-thread-fleet-link,NON_TRUTH_SURFACE_EXCLUDED_WITH_REASON,structural/control/label testid,
frontend/src/pages/AdminAssetThread.jsx:681,AdminAssetThread,admin-asset-thread-master-link,NON_TRUTH_SURFACE_EXCLUDED_WITH_REASON,structural/control/label testid,
frontend/src/pages/AdminAssetThread.jsx:692,AdminAssetThread,admin-asset-thread-loading,NON_TRUTH_SURFACE_EXCLUDED_WITH_REASON,structural/control/label testid,
frontend/src/pages/AdminAssetThread.jsx:699,AdminAssetThread,admin-asset-thread-error,NON_TRUTH_SURFACE_EXCLUDED_WITH_REASON,structural/control/label testid,
frontend/src/pages/AdminDeployReadiness.jsx:139,AdminDeployReadiness,deploy-readiness-refresh,NON_TRUTH_SURFACE_EXCLUDED_WITH_REASON,structural/control/label testid,
frontend/src/pages/AdminDeployReadiness.jsx:147,AdminDeployReadiness,deploy-readiness-initial-loading,NON_TRUTH_SURFACE_EXCLUDED_WITH_REASON,structural/control/label testid,
frontend/src/pages/AdminDeployReadiness.jsx:165,AdminDeployReadiness,deploy-readiness-authoritative-panel,NON_TRUTH_SURFACE_EXCLUDED_WITH_REASON,structural/control/label testid,
frontend/src/pages/AdminDeployReadiness.jsx:171,AdminDeployReadiness,deploy-readiness-authoritative-label,NON_TRUTH_SURFACE_EXCLUDED_WITH_REASON,structural/control/label testid,
frontend/src/pages/AdminDeployReadiness.jsx:177,AdminDeployReadiness,deploy-readiness-authoritative-meta,NON_TRUTH_SURFACE_EXCLUDED_WITH_REASON,structural/control/label testid,
frontend/src/pages/AdminDeployReadiness.jsx:225,AdminDeployReadiness,deploy-readiness-overall-label,NON_TRUTH_SURFACE_EXCLUDED_WITH_REASON,structural/control/label testid,
frontend/src/pages/AdminGuide.jsx:74,AdminGuide,guide-print-btn,NON_TRUTH_SURFACE_EXCLUDED_WITH_REASON,structural/control/label testid,
frontend/src/pages/AdminGuide.jsx:80,AdminGuide,admin-guide-page,NON_TRUTH_SURFACE_EXCLUDED_WITH_REASON,structural/control/label testid,
frontend/src/pages/AdminLeadershipEquipment.jsx:198,AdminLeadershipEquipment,admin-leadership-equipment-page,NON_TRUTH_SURFACE_EXCLUDED_WITH_REASON,structural/control/label testid,
frontend/src/pages/AdminLeadershipEquipment.jsx:215,AdminLeadershipEquipment,admin-equip-refresh,NON_TRUTH_SURFACE_EXCLUDED_WITH_REASON,structural/control/label testid,
frontend/src/pages/AdminLeadershipEquipment.jsx:218,AdminLeadershipEquipment,admin-equip-export,NON_TRUTH_SURFACE_EXCLUDED_WITH_REASON,structural/control/label testid,
frontend/src/pages/AdminLeadershipEquipment.jsx:234,AdminLeadershipEquipment,admin-equip-search,NON_TRUTH_SURFACE_EXCLUDED_WITH_REASON,structural/control/label testid,
frontend/src/pages/AdminLeadershipEquipment.jsx:311,AdminLeadershipEquipment,admin-equip-dlg-save,NON_TRUTH_SURFACE_EXCLUDED_WITH_REASON,structural/control/label testid,
frontend/src/pages/AdminLeadershipEquipment.jsx:338,AdminLeadershipEquipment,admin-make-dlg-save,NON_TRUTH_SURFACE_EXCLUDED_WITH_REASON,structural/control/label testid,
frontend/src/pages/AdminLegacyImports.jsx:92,AdminLegacyImports,legacy-imports-page,NON_TRUTH_SURFACE_EXCLUDED_WITH_REASON,structural/control/label testid,
frontend/src/pages/AdminLegacyImports.jsx:154,AdminLegacyImports,legacy-imports-empty,NON_TRUTH_SURFACE_EXCLUDED_WITH_REASON,structural/control/label testid,
frontend/src/pages/AdminLegacyImports.jsx:407,AdminLegacyImports,legacy-imports-review-modal,NON_TRUTH_SURFACE_EXCLUDED_WITH_REASON,structural/control/label testid,
frontend/src/pages/AdminLegacyImports.jsx:486,AdminLegacyImports,legacy-imports-ocr-error,NON_TRUTH_SURFACE_EXCLUDED_WITH_REASON,structural/control/label testid,
frontend/src/pages/AdminLegacyImports.jsx:725,AdminLegacyImports,legacy-imports-matches-panel,NON_TRUTH_SURFACE_EXCLUDED_WITH_REASON,structural/control/label testid,
frontend/src/pages/AdminLegacyImports.jsx:752,AdminLegacyImports,legacy-imports-duplicate-banner,NON_TRUTH_SURFACE_EXCLUDED_WITH_REASON,structural/control/label testid,
frontend/src/pages/AdminLogin.jsx:214,AdminLogin,admin-login-title,NON_TRUTH_SURFACE_EXCLUDED_WITH_REASON,structural/control/label testid,
frontend/src/pages/AdminLogin.jsx:221,AdminLogin,admin-login-form,NON_TRUTH_SURFACE_EXCLUDED_WITH_REASON,structural/control/label testid,
frontend/src/pages/AdminLogin.jsx:238,AdminLogin,admin-email-input,NON_TRUTH_SURFACE_EXCLUDED_WITH_REASON,structural/control/label testid,
frontend/src/pages/AdminLogin.jsx:253,AdminLogin,admin-password-input,NON_TRUTH_SURFACE_EXCLUDED_WITH_REASON,structural/control/label testid,
frontend/src/pages/AdminLogin.jsx:278,AdminLogin,admin-login-submit,NON_TRUTH_SURFACE_EXCLUDED_WITH_REASON,structural/control/label testid,
frontend/src/pages/AdminLogin.jsx:295,AdminLogin,admin-login-passkey-btn,NON_TRUTH_SURFACE_EXCLUDED_WITH_REASON,structural/control/label testid,
frontend/src/pages/AdminLogin.jsx:315,AdminLogin,admin-login-master-link,NON_TRUTH_SURFACE_EXCLUDED_WITH_REASON,structural/control/label testid,
frontend/src/pages/AdminMaterialLedgerQuality.jsx:194,AdminMaterialLedgerQuality,admin-mlq-back,NON_TRUTH_SURFACE_EXCLUDED_WITH_REASON,structural/control/label testid,
frontend/src/pages/AdminMaterialLedgerQuality.jsx:202,AdminMaterialLedgerQuality,admin-mlq-title,NON_TRUTH_SURFACE_EXCLUDED_WITH_REASON,structural/control/label testid,
frontend/src/pages/AdminMaterialLedgerQuality.jsx:211,AdminMaterialLedgerQuality,admin-mlq-refresh,NON_TRUTH_SURFACE_EXCLUDED_WITH_REASON,structural/control/label testid,
frontend/src/pages/AdminMaterialLedgerQuality.jsx:218,AdminMaterialLedgerQuality,admin-mlq-export-csv,NON_TRUTH_SURFACE_EXCLUDED_WITH_REASON,structural/control/label testid,
frontend/src/pages/AdminMaterialLedgerQuality.jsx:238,AdminMaterialLedgerQuality,admin-mlq-from-input,NON_TRUTH_SURFACE_EXCLUDED_WITH_REASON,structural/control/label testid,
frontend/src/pages/AdminMaterialLedgerQuality.jsx:247,AdminMaterialLedgerQuality,admin-mlq-to-input,NON_TRUTH_SURFACE_EXCLUDED_WITH_REASON,structural/control/label testid,
frontend/src/pages/AdminMaterialLedgerQuality.jsx:257,AdminMaterialLedgerQuality,admin-mlq-project-input,NON_TRUTH_SURFACE_EXCLUDED_WITH_REASON,structural/control/label testid,
frontend/src/pages/AdminMaterialLedgerQuality.jsx:267,AdminMaterialLedgerQuality,admin-mlq-material-input,NON_TRUTH_SURFACE_EXCLUDED_WITH_REASON,structural/control/label testid,
frontend/src/pages/AdminMaterialLedgerQuality.jsx:277,AdminMaterialLedgerQuality,admin-mlq-truck-input,NON_TRUTH_SURFACE_EXCLUDED_WITH_REASON,structural/control/label testid,
frontend/src/pages/AdminMaterialLedgerQuality.jsx:285,AdminMaterialLedgerQuality,admin-mlq-verification-select,NON_TRUTH_SURFACE_EXCLUDED_WITH_REASON,structural/control/label testid,
frontend/src/pages/AdminMaterialLedgerQuality.jsx:336,AdminMaterialLedgerQuality,admin-mlq-loading,NON_TRUTH_SURFACE_EXCLUDED_WITH_REASON,structural/control/label testid,
frontend/src/pages/AdminMaterialLedgerQuality.jsx:342,AdminMaterialLedgerQuality,admin-mlq-error,NON_TRUTH_SURFACE_EXCLUDED_WITH_REASON,structural/control/label testid,
frontend/src/pages/AdminMaterialLedgerQuality.jsx:350,AdminMaterialLedgerQuality,admin-mlq-empty,NON_TRUTH_SURFACE_EXCLUDED_WITH_REASON,structural/control/label testid,
frontend/src/pages/AdminMaterialLedgerQuality.jsx:466,AdminMaterialLedgerQuality,admin-mlq-footer,NON_TRUTH_SURFACE_EXCLUDED_WITH_REASON,structural/control/label testid,
frontend/src/pages/AdminQaqcList.jsx:87,AdminQaqcList,qaqc-export-csv,NON_TRUTH_SURFACE_EXCLUDED_WITH_REASON,structural/control/label testid,
frontend/src/pages/AdminQaqcList.jsx:92,AdminQaqcList,admin-qaqc-list-page,NON_TRUTH_SURFACE_EXCLUDED_WITH_REASON,structural/control/label testid,
frontend/src/pages/AdminQaqcList.jsx:114,AdminQaqcList,qaqc-search,NON_TRUTH_SURFACE_EXCLUDED_WITH_REASON,structural/control/label testid,
frontend/src/pages/AdminQaqcList.jsx:120,AdminQaqcList,qaqc-kind-filter,NON_TRUTH_SURFACE_EXCLUDED_WITH_REASON,structural/control/label testid,
frontend/src/pages/AdminQaqcList.jsx:127,AdminQaqcList,qaqc-export-csv-body,NON_TRUTH_SURFACE_EXCLUDED_WITH_REASON,control element (button/link/input/tab),
frontend/src/pages/AdminSchedulerRuns.jsx:205,AdminSchedulerRuns,scheduler-runs-filter,NON_TRUTH_SURFACE_EXCLUDED_WITH_REASON,structural/control/label testid,
frontend/src/pages/AdminSchedulerRuns.jsx:211,AdminSchedulerRuns,scheduler-runs-refresh,NON_TRUTH_SURFACE_EXCLUDED_WITH_REASON,structural/control/label testid,
frontend/src/pages/AdminTerminations.jsx:224,AdminTerminations,admin-terminations-page,NON_TRUTH_SURFACE_EXCLUDED_WITH_REASON,structural/control/label testid,
frontend/src/pages/AdminTerminations.jsx:267,AdminTerminations,terminations-search,NON_TRUTH_SURFACE_EXCLUDED_WITH_REASON,structural/control/label testid,
frontend/src/pages/AdminTerminations.jsx:291,AdminTerminations,terminations-refresh,NON_TRUTH_SURFACE_EXCLUDED_WITH_REASON,structural/control/label testid,
frontend/src/pages/AdminTrainingVideos.jsx:70,AdminTrainingVideos,training-videos-save,NON_TRUTH_SURFACE_EXCLUDED_WITH_REASON,structural/control/label testid,
frontend/src/pages/AdminTrainingVideos.jsx:75,AdminTrainingVideos,admin-training-videos-page,NON_TRUTH_SURFACE_EXCLUDED_WITH_REASON,structural/control/label testid,
frontend/src/pages/AdminVendorThread.jsx:394,AdminVendorThread,admin-vendor-thread-page,NON_TRUTH_SURFACE_EXCLUDED_WITH_REASON,structural/control/label testid,
frontend/src/pages/AdminVendorThread.jsx:399,AdminVendorThread,admin-vendor-thread-header,NON_TRUTH_SURFACE_EXCLUDED_WITH_REASON,structural/control/label testid,
frontend/src/pages/AdminVendorThread.jsx:412,AdminVendorThread,admin-vendor-thread-edit-button,NON_TRUTH_SURFACE_EXCLUDED_WITH_REASON,structural/control/label testid,
frontend/src/pages/AdminVendorThread.jsx:419,AdminVendorThread,admin-vendor-thread-upload-link,NON_TRUTH_SURFACE_EXCLUDED_WITH_REASON,structural/control/label testid,
frontend/src/pages/AdminVendorThread.jsx:426,AdminVendorThread,admin-vendor-thread-queue-link,NON_TRUTH_SURFACE_EXCLUDED_WITH_REASON,structural/control/label testid,
frontend/src/pages/AdminVendorThread.jsx:433,AdminVendorThread,admin-vendor-thread-master-link,NON_TRUTH_SURFACE_EXCLUDED_WITH_REASON,structural/control/label testid,
frontend/src/pages/AdminVendorThread.jsx:444,AdminVendorThread,admin-vendor-thread-edit-panel,NON_TRUTH_SURFACE_EXCLUDED_WITH_REASON,structural/control/label testid,
frontend/src/pages/AdminVendorThread.jsx:450,AdminVendorThread,admin-vendor-thread-edit-cancel,NON_TRUTH_SURFACE_EXCLUDED_WITH_REASON,structural/control/label testid,
frontend/src/pages/AdminVendorThread.jsx:455,AdminVendorThread,admin-vendor-thread-edit-save,NON_TRUTH_SURFACE_EXCLUDED_WITH_REASON,structural/control/label testid,
frontend/src/pages/AdminVendorThread.jsx:511,AdminVendorThread,admin-vendor-thread-loading,NON_TRUTH_SURFACE_EXCLUDED_WITH_REASON,structural/control/label testid,
frontend/src/pages/AdminVendorThread.jsx:518,AdminVendorThread,admin-vendor-thread-error,NON_TRUTH_SURFACE_EXCLUDED_WITH_REASON,structural/control/label testid,
frontend/src/pages/AssetTransfers.jsx:169,AssetTransfers,asset-transfer-new-btn,NON_TRUTH_SURFACE_EXCLUDED_WITH_REASON,structural/control/label testid,
frontend/src/pages/AssetTransfers.jsx:172,AssetTransfers,asset-transfers-refresh,NON_TRUTH_SURFACE_EXCLUDED_WITH_REASON,structural/control/label testid,
frontend/src/pages/AssetTransfers.jsx:179,AssetTransfers,asset-transfers-page,NON_TRUTH_SURFACE_EXCLUDED_WITH_REASON,structural/control/label testid,
frontend/src/pages/AssetTransfers.jsx:208,AssetTransfers,asset-transfers-doc-id-filter,NON_TRUTH_SURFACE_EXCLUDED_WITH_REASON,structural/control/label testid,
frontend/src/pages/AssetTransfers.jsx:223,AssetTransfers,asset-transfers-error,NON_TRUTH_SURFACE_EXCLUDED_WITH_REASON,structural/control/label testid,
frontend/src/pages/AssetTransfers.jsx:235,AssetTransfers,asset-transfers-empty,NON_TRUTH_SURFACE_EXCLUDED_WITH_REASON,structural/control/label testid,
frontend/src/pages/AssetTransfers.jsx:361,AssetTransfers,asset-transfer-create-dialog,NON_TRUTH_SURFACE_EXCLUDED_WITH_REASON,structural/control/label testid,
frontend/src/pages/AssetTransfers.jsx:365,AssetTransfers,asset-transfer-create-close,NON_TRUTH_SURFACE_EXCLUDED_WITH_REASON,structural/control/label testid,
frontend/src/pages/AssetTransfers.jsx:408,AssetTransfers,asset-transfer-create-error,NON_TRUTH_SURFACE_EXCLUDED_WITH_REASON,structural/control/label testid,
frontend/src/pages/AssetTransfers.jsx:414,AssetTransfers,asset-transfer-create-cancel,NON_TRUTH_SURFACE_EXCLUDED_WITH_REASON,structural/control/label testid,
frontend/src/pages/AssetTransfers.jsx:415,AssetTransfers,asset-transfer-create-submit,NON_TRUTH_SURFACE_EXCLUDED_WITH_REASON,structural/control/label testid,
frontend/src/pages/AssetTransfers.jsx:468,AssetTransfers,asset-transfer-detail-drawer,NON_TRUTH_SURFACE_EXCLUDED_WITH_REASON,structural/control/label testid,
frontend/src/pages/AssetTransfers.jsx:472,AssetTransfers,asset-transfer-detail-close,NON_TRUTH_SURFACE_EXCLUDED_WITH_REASON,structural/control/label testid,
frontend/src/pages/AssetTransfers.jsx:484,AssetTransfers,"<KV k=""Transfer #"" v={doc.doc_id || doc.id} />",DIRECT_FACT,record_field_or_local_length,record serialization -> prop -> render
frontend/src/pages/AssetTransfers.jsx:491,AssetTransfers,"<KV k=""Equipment"" v={`${doc.equipment_unit_id || doc.equipment_id} · $",DIRECT_FACT,value_component_fact,value-bearing component rendering a fetched fact
frontend/src/pages/AssetTransfers.jsx:492,AssetTransfers,"<KV k=""From"" v={`${doc.from_project_number || ""—""}${doc.from_location_",DIRECT_FACT,value_component_fact,value-bearing component rendering a fetched fact
frontend/src/pages/AssetTransfers.jsx:493,AssetTransfers,"<KV k=""To"" v={`${doc.to_project_number}${doc.to_location_label ? "" · """,DIRECT_FACT,value_component_fact,value-bearing component rendering a fetched fact
frontend/src/pages/AssetTransfers.jsx:494,AssetTransfers,"<KV k=""Requested by"" v={doc.requested_by} />",DIRECT_FACT,record_field_or_local_length,record serialization -> prop -> render
frontend/src/pages/AssetTransfers.jsx:495,AssetTransfers,"{doc.reason && <KV k=""Reason"" v={doc.reason} />}",DIRECT_FACT,record_field_or_local_length,record serialization -> prop -> render
frontend/src/pages/AssetTransfers.jsx:496,AssetTransfers,"{doc.rejection_reason && <KV k=""Rejection reason"" v={doc.rejection_rea",DIRECT_FACT,record_field_or_local_length,record serialization -> prop -> render
frontend/src/pages/AssetTransfers.jsx:497,AssetTransfers,"<KV k=""Created"" v={String(doc.created_at).slice(0, 16).replace(""T"", "" ",DIRECT_FACT,record_field_or_local_length,record serialization -> prop -> render
frontend/src/pages/AssetTransfers.jsx:498,AssetTransfers,"{doc.approved_at && <KV k=""Approved"" v={String(doc.approved_at).slice(",DIRECT_FACT,record_field_or_local_length,record serialization -> prop -> render
frontend/src/pages/AssetTransfers.jsx:499,AssetTransfers,"{doc.in_transit_at && <KV k=""In transit"" v={String(doc.in_transit_at).",DIRECT_FACT,record_field_or_local_length,record serialization -> prop -> render
frontend/src/pages/AssetTransfers.jsx:500,AssetTransfers,"{doc.received_at && <KV k=""Received"" v={String(doc.received_at).slice(",DIRECT_FACT,record_field_or_local_length,record serialization -> prop -> render
frontend/src/pages/AssetTransfers.jsx:501,AssetTransfers,"{doc.closed_at && <KV k=""Closed"" v={String(doc.closed_at).slice(0, 16)",DIRECT_FACT,record_field_or_local_length,record serialization -> prop -> render
frontend/src/pages/AssetTransfers.jsx:627,AssetTransfers,asset-transfer-receive-refusal-toggle,NON_TRUTH_SURFACE_EXCLUDED_WITH_REASON,structural/control/label testid,
frontend/src/pages/ConstraintDetail.jsx:117,ConstraintDetail,constraint-detail-error,NON_TRUTH_SURFACE_EXCLUDED_WITH_REASON,structural/control/label testid,
frontend/src/pages/ConstraintDetail.jsx:123,ConstraintDetail,constraint-detail-loading,NON_TRUTH_SURFACE_EXCLUDED_WITH_REASON,structural/control/label testid,
frontend/src/pages/ConstraintDetail.jsx:132,ConstraintDetail,constraint-detail-page,NON_TRUTH_SURFACE_EXCLUDED_WITH_REASON,structural/control/label testid,
frontend/src/pages/ConstraintDetail.jsx:135,ConstraintDetail,constraint-back-link,NON_TRUTH_SURFACE_EXCLUDED_WITH_REASON,structural/control/label testid,
frontend/src/pages/ConstraintDetail.jsx:144,ConstraintDetail,constraint-title,NON_TRUTH_SURFACE_EXCLUDED_WITH_REASON,structural/control/label testid,
frontend/src/pages/ConstraintDetail.jsx:160,ConstraintDetail,constraint-status,CANONICAL_STATUS,status,Wave-2 status vocab (TC-0002)
frontend/src/pages/ConstraintDetail.jsx:238,ConstraintDetail,chronology-action,NON_TRUTH_SURFACE_EXCLUDED_WITH_REASON,structural/control/label testid,
frontend/src/pages/ConstraintDetail.jsx:246,ConstraintDetail,chronology-note,NON_TRUTH_SURFACE_EXCLUDED_WITH_REASON,structural/control/label testid,
frontend/src/pages/ConstraintDetail.jsx:257,ConstraintDetail,chronology-add-btn,NON_TRUTH_SURFACE_EXCLUDED_WITH_REASON,structural/control/label testid,
frontend/src/pages/ConstraintDetail.jsx:267,ConstraintDetail,constraint-resolve-section,NON_TRUTH_SURFACE_EXCLUDED_WITH_REASON,structural/control/label testid,
frontend/src/pages/ConstraintDetail.jsx:283,ConstraintDetail,constraint-resolve-note,NON_TRUTH_SURFACE_EXCLUDED_WITH_REASON,structural/control/label testid,
frontend/src/pages/ConstraintDetail.jsx:295,ConstraintDetail,constraint-resolve-submit,NON_TRUTH_SURFACE_EXCLUDED_WITH_REASON,structural/control/label testid,
frontend/src/pages/ConstraintDetail.jsx:314,ConstraintDetail,constraint-detail-action-error,NON_TRUTH_SURFACE_EXCLUDED_WITH_REASON,structural/control/label testid,
frontend/src/pages/Constraints.jsx:92,Constraints,constraints-page,NON_TRUTH_SURFACE_EXCLUDED_WITH_REASON,structural/control/label testid,
frontend/src/pages/Constraints.jsx:108,Constraints,constraint-new-btn,NON_TRUTH_SURFACE_EXCLUDED_WITH_REASON,structural/control/label testid,
frontend/src/pages/Constraints.jsx:148,Constraints,filter-status,CANONICAL_STATUS,status,Wave-2 status vocab (TC-0002)
frontend/src/pages/Constraints.jsx:175,Constraints,constraints-error,NON_TRUTH_SURFACE_EXCLUDED_WITH_REASON,structural/control/label testid,
frontend/src/pages/Constraints.jsx:183,Constraints,constraints-loading,NON_TRUTH_SURFACE_EXCLUDED_WITH_REASON,structural/control/label testid,
frontend/src/pages/Constraints.jsx:187,Constraints,constraints-empty,NON_TRUTH_SURFACE_EXCLUDED_WITH_REASON,structural/control/label testid,
frontend/src/pages/DailyReportsDashboard.jsx:65,DailyReportsDashboard,new-daily-btn,NON_TRUTH_SURFACE_EXCLUDED_WITH_REASON,structural/control/label testid,
frontend/src/pages/DailyReportsDashboard.jsx:169,DailyReportsDashboard,daily-reports-page-actions,NON_TRUTH_SURFACE_EXCLUDED_WITH_REASON,structural/control/label testid,
frontend/src/pages/DailyReportsDashboard.jsx:206,DailyReportsDashboard,daily-report-count-label,NON_TRUTH_SURFACE_EXCLUDED_WITH_REASON,structural/control/label testid,
frontend/src/pages/DailyReportsDashboard.jsx:216,DailyReportsDashboard,daily-report-search-input,NON_TRUTH_SURFACE_EXCLUDED_WITH_REASON,structural/control/label testid,
frontend/src/pages/Dashboard.jsx:116,Dashboard,new-inspection-btn,NON_TRUTH_SURFACE_EXCLUDED_WITH_REASON,structural/control/label testid,
frontend/src/pages/Dashboard.jsx:125,Dashboard,dashboard-inspections-page,NON_TRUTH_SURFACE_EXCLUDED_WITH_REASON,structural/control/label testid,
frontend/src/pages/DesignSystemDemo.jsx:115,DesignSystemDemo,design-system-demo-root,NON_TRUTH_SURFACE_EXCLUDED_WITH_REASON,DEMO/DEV_ONLY,
frontend/src/pages/DesignSystemDemo.jsx:120,DesignSystemDemo,design-system-demo-banner,NON_TRUTH_SURFACE_EXCLUDED_WITH_REASON,DEMO/DEV_ONLY,
frontend/src/pages/DesignSystemDemo.jsx:150,DesignSystemDemo,ds-demo-status-grid,NON_TRUTH_SURFACE_EXCLUDED_WITH_REASON,DEMO/DEV_ONLY,
frontend/src/pages/DesignSystemDemo.jsx:256,DesignSystemDemo,ds-demo-datatable-loading,NON_TRUTH_SURFACE_EXCLUDED_WITH_REASON,DEMO/DEV_ONLY,
frontend/src/pages/DesignSystemDemo.jsx:262,DesignSystemDemo,ds-demo-datatable-empty,NON_TRUTH_SURFACE_EXCLUDED_WITH_REASON,DEMO/DEV_ONLY,
frontend/src/pages/DevHub.jsx:223,DevHub,dev-hub-page,NON_TRUTH_SURFACE_EXCLUDED_WITH_REASON,structural/control/label testid,
frontend/src/pages/DevHub.jsx:224,DevHub,dev-hub-hero,NON_TRUTH_SURFACE_EXCLUDED_WITH_REASON,structural/control/label testid,
frontend/src/pages/DevHub.jsx:239,DevHub,dev-attention-panel,NON_TRUTH_SURFACE_EXCLUDED_WITH_REASON,structural/control/label testid,
frontend/src/pages/DevHub.jsx:251,DevHub,dev-ops-manual-pdf,NON_TRUTH_SURFACE_EXCLUDED_WITH_REASON,structural/control/label testid,
frontend/src/pages/DevHub.jsx:272,DevHub,dev-snapshot-note,NON_TRUTH_SURFACE_EXCLUDED_WITH_REASON,structural/control/label testid,
frontend/src/pages/DevHub.jsx:274,DevHub,dev-snapshot-save,NON_TRUTH_SURFACE_EXCLUDED_WITH_REASON,structural/control/label testid,
frontend/src/pages/DevHub.jsx:287,DevHub,dev-source-bundle-download,NON_TRUTH_SURFACE_EXCLUDED_WITH_REASON,structural/control/label testid,
frontend/src/pages/DevHub.jsx:301,DevHub,dev-snapshot-empty,NON_TRUTH_SURFACE_EXCLUDED_WITH_REASON,structural/control/label testid,
frontend/src/pages/DevLogin.jsx:94,DevLogin,dev-login-title,NON_TRUTH_SURFACE_EXCLUDED_WITH_REASON,structural/control/label testid,
frontend/src/pages/DevLogin.jsx:112,DevLogin,dev-login-form,NON_TRUTH_SURFACE_EXCLUDED_WITH_REASON,structural/control/label testid,
frontend/src/pages/DevLogin.jsx:128,DevLogin,dev-password-input,NON_TRUTH_SURFACE_EXCLUDED_WITH_REASON,structural/control/label testid,
frontend/src/pages/DevLogin.jsx:136,DevLogin,dev-login-submit,NON_TRUTH_SURFACE_EXCLUDED_WITH_REASON,structural/control/label testid,
frontend/src/pages/DirectoryChangePassword.jsx:195,DirectoryChangePassword,dc-submit,NON_TRUTH_SURFACE_EXCLUDED_WITH_REASON,structural/control/label testid,
frontend/src/pages/DispatchBoard.jsx:119,DispatchBoard,board-findings-banner,NON_TRUTH_SURFACE_EXCLUDED_WITH_REASON,structural/control/label testid,
frontend/src/pages/DispatchBoard.jsx:589,DispatchBoard,board-back-link,NON_TRUTH_SURFACE_EXCLUDED_WITH_REASON,structural/control/label testid,
frontend/src/pages/DispatchBoard.jsx:622,DispatchBoard,board-refresh,NON_TRUTH_SURFACE_EXCLUDED_WITH_REASON,structural/control/label testid,
frontend/src/pages/DispatchBoard.jsx:642,DispatchBoard,board-shift-qr-link,NON_TRUTH_SURFACE_EXCLUDED_WITH_REASON,structural/control/label testid,
frontend/src/pages/DispatchBoard.jsx:698,DispatchBoard,board-error,NON_TRUTH_SURFACE_EXCLUDED_WITH_REASON,structural/control/label testid,
frontend/src/pages/DispatchBoard.jsx:704,DispatchBoard,board-loading,NON_TRUTH_SURFACE_EXCLUDED_WITH_REASON,structural/control/label testid,
frontend/src/pages/DispatchBoard.jsx:708,DispatchBoard,board-empty,NON_TRUTH_SURFACE_EXCLUDED_WITH_REASON,structural/control/label testid,
frontend/src/pages/DispatchBoard.jsx:718,DispatchBoard,board-day-tabs,NON_TRUTH_SURFACE_EXCLUDED_WITH_REASON,structural/control/label testid,
frontend/src/pages/DispatchChangePassword.jsx:110,DispatchChangePassword,dispatch-change-pw-title,NON_TRUTH_SURFACE_EXCLUDED_WITH_REASON,structural/control/label testid,
frontend/src/pages/DispatchChangePassword.jsx:122,DispatchChangePassword,dispatch-change-pw-form,NON_TRUTH_SURFACE_EXCLUDED_WITH_REASON,structural/control/label testid,
frontend/src/pages/DispatchChangePassword.jsx:167,DispatchChangePassword,dispatch-change-pw-submit,NON_TRUTH_SURFACE_EXCLUDED_WITH_REASON,structural/control/label testid,
frontend/src/pages/DispatchCommandCenter.jsx:114,DispatchCommandCenter,dcc-tabs,NON_TRUTH_SURFACE_EXCLUDED_WITH_REASON,structural/control/label testid,
frontend/src/pages/DispatchCommandCenter.jsx:178,DispatchCommandCenter,overview-skeleton,NON_TRUTH_SURFACE_EXCLUDED_WITH_REASON,structural/control/label testid,
frontend/src/pages/DispatchDriverProfile.jsx:24,DispatchDriverProfile,dispatch-driver-profile-page,NON_TRUTH_SURFACE_EXCLUDED_WITH_REASON,structural/control/label testid,
frontend/src/pages/DispatchDriverQualification.jsx:26,DispatchDriverQualification,dispatch-driver-qualification-page,NON_TRUTH_SURFACE_EXCLUDED_WITH_REASON,structural/control/label testid,
frontend/src/pages/DispatchForgotPassword.jsx:55,DispatchForgotPassword,dispatch-forgot-title,NON_TRUTH_SURFACE_EXCLUDED_WITH_REASON,structural/control/label testid,
frontend/src/pages/DispatchForgotPassword.jsx:72,DispatchForgotPassword,dispatch-forgot-return-link,NON_TRUTH_SURFACE_EXCLUDED_WITH_REASON,structural/control/label testid,
frontend/src/pages/DispatchForgotPassword.jsx:78,DispatchForgotPassword,dispatch-forgot-form,NON_TRUTH_SURFACE_EXCLUDED_WITH_REASON,structural/control/label testid,
frontend/src/pages/DispatchForgotPassword.jsx:97,DispatchForgotPassword,dispatch-forgot-submit,NON_TRUTH_SURFACE_EXCLUDED_WITH_REASON,structural/control/label testid,
frontend/src/pages/DispatchHaulLedger.jsx:168,DispatchHaulLedger,dispatch-haul-ledger-back,NON_TRUTH_SURFACE_EXCLUDED_WITH_REASON,structural/control/label testid,
frontend/src/pages/DispatchHaulLedger.jsx:176,DispatchHaulLedger,dispatch-haul-ledger-title,NON_TRUTH_SURFACE_EXCLUDED_WITH_REASON,structural/control/label testid,
frontend/src/pages/DispatchHaulLedger.jsx:185,DispatchHaulLedger,dispatch-haul-ledger-refresh,NON_TRUTH_SURFACE_EXCLUDED_WITH_REASON,structural/control/label testid,
frontend/src/pages/DispatchHaulLedger.jsx:206,DispatchHaulLedger,dispatch-haul-ledger-from-input,NON_TRUTH_SURFACE_EXCLUDED_WITH_REASON,structural/control/label testid,
frontend/src/pages/DispatchHaulLedger.jsx:215,DispatchHaulLedger,dispatch-haul-ledger-to-input,NON_TRUTH_SURFACE_EXCLUDED_WITH_REASON,structural/control/label testid,
frontend/src/pages/DispatchHaulLedger.jsx:225,DispatchHaulLedger,dispatch-haul-ledger-project-input,NON_TRUTH_SURFACE_EXCLUDED_WITH_REASON,structural/control/label testid,
frontend/src/pages/DispatchHaulLedger.jsx:235,DispatchHaulLedger,dispatch-haul-ledger-material-input,NON_TRUTH_SURFACE_EXCLUDED_WITH_REASON,structural/control/label testid,
frontend/src/pages/DispatchHaulLedger.jsx:245,DispatchHaulLedger,dispatch-haul-ledger-truck-input,NON_TRUTH_SURFACE_EXCLUDED_WITH_REASON,structural/control/label testid,
frontend/src/pages/DispatchHaulLedger.jsx:253,DispatchHaulLedger,dispatch-haul-ledger-verification-select,NON_TRUTH_SURFACE_EXCLUDED_WITH_REASON,structural/control/label testid,
frontend/src/pages/DispatchHaulLedger.jsx:305,DispatchHaulLedger,dispatch-haul-ledger-loading,NON_TRUTH_SURFACE_EXCLUDED_WITH_REASON,structural/control/label testid,
frontend/src/pages/DispatchHaulLedger.jsx:311,DispatchHaulLedger,dispatch-haul-ledger-error,NON_TRUTH_SURFACE_EXCLUDED_WITH_REASON,structural/control/label testid,
frontend/src/pages/DispatchHaulLedger.jsx:319,DispatchHaulLedger,dispatch-haul-ledger-empty,NON_TRUTH_SURFACE_EXCLUDED_WITH_REASON,structural/control/label testid,
frontend/src/pages/DispatchHaulLedger.jsx:435,DispatchHaulLedger,dispatch-haul-ledger-footer,NON_TRUTH_SURFACE_EXCLUDED_WITH_REASON,structural/control/label testid,
frontend/src/pages/DispatchHub.jsx:138,DispatchHub,dispatch-hub-mission-banner,NON_TRUTH_SURFACE_EXCLUDED_WITH_REASON,structural/control/label testid,
frontend/src/pages/DispatchHub.jsx:183,DispatchHub,ds-attention-loading,NON_TRUTH_SURFACE_EXCLUDED_WITH_REASON,structural/control/label testid,
frontend/src/pages/DispatchHub.jsx:187,DispatchHub,ds-attention-empty,NON_TRUTH_SURFACE_EXCLUDED_WITH_REASON,structural/control/label testid,
frontend/src/pages/DispatchHub.jsx:310,DispatchHub,dispatch-board-link,NON_TRUTH_SURFACE_EXCLUDED_WITH_REASON,structural/control/label testid,
frontend/src/pages/DispatchHub.jsx:365,DispatchHub,dh-tab-utilization,NON_TRUTH_SURFACE_EXCLUDED_WITH_REASON,control element (button/link/input/tab),
frontend/src/pages/DispatchHub.jsx:385,DispatchHub,dispatch-fleet-link,NON_TRUTH_SURFACE_EXCLUDED_WITH_REASON,structural/control/label testid,
frontend/src/pages/DispatchHub.jsx:393,DispatchHub,dispatch-driver-qual-link,NON_TRUTH_SURFACE_EXCLUDED_WITH_REASON,structural/control/label testid,
frontend/src/pages/DispatchHub.jsx:401,DispatchHub,dispatch-asset-transfers-link,NON_TRUTH_SURFACE_EXCLUDED_WITH_REASON,structural/control/label testid,
frontend/src/pages/DispatchHub.jsx:440,DispatchHub,dispatch-training-link,NON_TRUTH_SURFACE_EXCLUDED_WITH_REASON,structural/control/label testid,
frontend/src/pages/DispatchHubV2.jsx:170,DispatchHubV2,dispatch-hub-v2-root,NON_TRUTH_SURFACE_EXCLUDED_WITH_REASON,structural/control/label testid,
frontend/src/pages/DispatchLogin.jsx:126,DispatchLogin,dispatch-login-form,NON_TRUTH_SURFACE_EXCLUDED_WITH_REASON,structural/control/label testid,
frontend/src/pages/DispatchLogin.jsx:139,DispatchLogin,dispatch-email-input,NON_TRUTH_SURFACE_EXCLUDED_WITH_REASON,structural/control/label testid,
frontend/src/pages/DispatchLogin.jsx:151,DispatchLogin,dispatch-password-input,NON_TRUTH_SURFACE_EXCLUDED_WITH_REASON,structural/control/label testid,
frontend/src/pages/DispatchLogin.jsx:171,DispatchLogin,dispatch-forgot-password-link,NON_TRUTH_SURFACE_EXCLUDED_WITH_REASON,structural/control/label testid,
frontend/src/pages/DispatchLogin.jsx:180,DispatchLogin,dispatch-login-submit,NON_TRUTH_SURFACE_EXCLUDED_WITH_REASON,structural/control/label testid,
frontend/src/pages/DispatchOperationsMapPage.jsx:28,DispatchOperationsMapPage,dispatch-operations-map-page,NON_TRUTH_SURFACE_EXCLUDED_WITH_REASON,structural/control/label testid,
frontend/src/pages/DispatchResetPassword.jsx:79,DispatchResetPassword,dispatch-reset-title,NON_TRUTH_SURFACE_EXCLUDED_WITH_REASON,structural/control/label testid,
frontend/src/pages/DispatchResetPassword.jsx:88,DispatchResetPassword,dispatch-reset-form,NON_TRUTH_SURFACE_EXCLUDED_WITH_REASON,structural/control/label testid,
frontend/src/pages/DispatchResetPassword.jsx:120,DispatchResetPassword,dispatch-reset-submit,NON_TRUTH_SURFACE_EXCLUDED_WITH_REASON,structural/control/label testid,
frontend/src/pages/DocumentExpirations.jsx:136,DocumentExpirations,document-expirations-page,NON_TRUTH_SURFACE_EXCLUDED_WITH_REASON,structural/control/label testid,
frontend/src/pages/DocumentExpirations.jsx:151,DocumentExpirations,docexp-status-filter,NON_TRUTH_SURFACE_EXCLUDED_WITH_REASON,structural/control/label testid,
frontend/src/pages/DocumentExpirations.jsx:163,DocumentExpirations,docexp-category-filter,NON_TRUTH_SURFACE_EXCLUDED_WITH_REASON,structural/control/label testid,
frontend/src/pages/DocumentExpirations.jsx:179,DocumentExpirations,docexp-search-input,NON_TRUTH_SURFACE_EXCLUDED_WITH_REASON,structural/control/label testid,
frontend/src/pages/DocumentExpirations.jsx:192,DocumentExpirations,docexp-refresh,NON_TRUTH_SURFACE_EXCLUDED_WITH_REASON,structural/control/label testid,
frontend/src/pages/DocumentExpirations.jsx:306,DocumentExpirations,docexp-add-dialog,NON_TRUTH_SURFACE_EXCLUDED_WITH_REASON,structural/control/label testid,
frontend/src/pages/DocumentExpirations.jsx:326,DocumentExpirations,docexp-add-title,NON_TRUTH_SURFACE_EXCLUDED_WITH_REASON,structural/control/label testid,
frontend/src/pages/DocumentExpirations.jsx:347,DocumentExpirations,docexp-add-submit,NON_TRUTH_SURFACE_EXCLUDED_WITH_REASON,structural/control/label testid,
frontend/src/pages/EmployeeLifecycleQualifications.jsx:137,EmployeeLifecycleQualifications,qual-form-close,NON_TRUTH_SURFACE_EXCLUDED_WITH_REASON,structural/control/label testid,
frontend/src/pages/EmployeeLifecycleQualifications.jsx:287,EmployeeLifecycleQualifications,qual-form-cancel,NON_TRUTH_SURFACE_EXCLUDED_WITH_REASON,structural/control/label testid,
frontend/src/pages/EmployeeLifecycleQualifications.jsx:296,EmployeeLifecycleQualifications,qual-form-save,NON_TRUTH_SURFACE_EXCLUDED_WITH_REASON,structural/control/label testid,
frontend/src/pages/EmployeeLifecycleQualifications.jsx:475,EmployeeLifecycleQualifications,qual-open-form,NON_TRUTH_SURFACE_EXCLUDED_WITH_REASON,structural/control/label testid,
frontend/src/pages/EmployeeLifecycleQualifications.jsx:495,EmployeeLifecycleQualifications,qual-type-select,NON_TRUTH_SURFACE_EXCLUDED_WITH_REASON,structural/control/label testid,
frontend/src/pages/EmployeeLifecycleQualifications.jsx:528,EmployeeLifecycleQualifications,qual-refresh,NON_TRUTH_SURFACE_EXCLUDED_WITH_REASON,structural/control/label testid,
frontend/src/pages/EmployeeLifecycleQualifications.jsx:551,EmployeeLifecycleQualifications,qual-registry-empty,NON_TRUTH_SURFACE_EXCLUDED_WITH_REASON,structural/control/label testid,
frontend/src/pages/EmployeeLifecycleQualifications.jsx:613,EmployeeLifecycleQualifications,qual-employee-panel,NON_TRUTH_SURFACE_EXCLUDED_WITH_REASON,structural/control/label testid,
frontend/src/pages/EmployeeLifecycleQualifications.jsx:623,EmployeeLifecycleQualifications,qual-employee-select,NON_TRUTH_SURFACE_EXCLUDED_WITH_REASON,structural/control/label testid,
frontend/src/pages/EmployeeLifecycleQualifications.jsx:638,EmployeeLifecycleQualifications,qual-employee-empty,NON_TRUTH_SURFACE_EXCLUDED_WITH_REASON,structural/control/label testid,
frontend/src/pages/EmployeeProfile.jsx:159,EmployeeProfile,employee-profile-loading,NON_TRUTH_SURFACE_EXCLUDED_WITH_REASON,structural/control/label testid,
frontend/src/pages/EmployeeProfile.jsx:170,EmployeeProfile,employee-profile-error,NON_TRUTH_SURFACE_EXCLUDED_WITH_REASON,structural/control/label testid,
frontend/src/pages/EmployeeProfile.jsx:178,EmployeeProfile,employee-profile-back,NON_TRUTH_SURFACE_EXCLUDED_WITH_REASON,structural/control/label testid,
frontend/src/pages/EmployeeProfile.jsx:220,EmployeeProfile,employee-profile-header,NON_TRUTH_SURFACE_EXCLUDED_WITH_REASON,structural/control/label testid,
frontend/src/pages/EmployeeProfile.jsx:253,EmployeeProfile,employee-profile-next-action,NON_TRUTH_SURFACE_EXCLUDED_WITH_REASON,structural/control/label testid,
frontend/src/pages/EmployeeProfile.jsx:261,EmployeeProfile,employee-profile-tabs,NON_TRUTH_SURFACE_EXCLUDED_WITH_REASON,structural/control/label testid,
frontend/src/pages/EmployeeProfile.jsx:304,EmployeeProfile,employee-profile-timeline-empty,NON_TRUTH_SURFACE_EXCLUDED_WITH_REASON,structural/control/label testid,
frontend/src/pages/EmployeeProfile.jsx:419,EmployeeProfile,employee-profile-brief-pdf,NON_TRUTH_SURFACE_EXCLUDED_WITH_REASON,structural/control/label testid,
frontend/src/pages/EmployeeProfile.jsx:427,EmployeeProfile,employee-profile-records-actions,NON_TRUTH_SURFACE_EXCLUDED_WITH_REASON,structural/control/label testid,
frontend/src/pages/EmployeeProfile.jsx:509,EmployeeProfile,employee-profile-documents-search,NON_TRUTH_SURFACE_EXCLUDED_WITH_REASON,structural/control/label testid,
frontend/src/pages/EmployeeProfile.jsx:516,EmployeeProfile,employee-profile-documents-lane-filter,NON_TRUTH_SURFACE_EXCLUDED_WITH_REASON,structural/control/label testid,
frontend/src/pages/EmployeeProfile.jsx:530,EmployeeProfile,employee-profile-documents-empty,NON_TRUTH_SURFACE_EXCLUDED_WITH_REASON,structural/control/label testid,
frontend/src/pages/EquipmentDashboard.jsx:107,EquipmentDashboard,new-equipment-btn,NON_TRUTH_SURFACE_EXCLUDED_WITH_REASON,structural/control/label testid,
frontend/src/pages/EquipmentDashboard.jsx:117,EquipmentDashboard,equipment-dashboard-page,NON_TRUTH_SURFACE_EXCLUDED_WITH_REASON,structural/control/label testid,
frontend/src/pages/ExecutiveCaseReport.jsx:153,ExecutiveCaseReport,exec-report-back,NON_TRUTH_SURFACE_EXCLUDED_WITH_REASON,structural/control/label testid,
frontend/src/pages/ExecutiveCaseReport.jsx:164,ExecutiveCaseReport,exec-report-loading,NON_TRUTH_SURFACE_EXCLUDED_WITH_REASON,structural/control/label testid,
frontend/src/pages/ExecutiveCaseReport.jsx:204,ExecutiveCaseReport,exec-report-download-pdf,NON_TRUTH_SURFACE_EXCLUDED_WITH_REASON,structural/control/label testid,
frontend/src/pages/ExecutiveCaseReport.jsx:213,ExecutiveCaseReport,exec-report-hero-meta,NON_TRUTH_SURFACE_EXCLUDED_WITH_REASON,structural/control/label testid,
frontend/src/pages/ExecutiveCaseReport.jsx:350,ExecutiveCaseReport,exec-report-attention-header,NON_TRUTH_SURFACE_EXCLUDED_WITH_REASON,structural/control/label testid,
frontend/src/pages/ExecutiveIntelligence.jsx:118,ExecutiveIntelligence,safety-executive-intelligence-shell,NON_TRUTH_SURFACE_EXCLUDED_WITH_REASON,structural/control/label testid,
frontend/src/pages/ExecutiveIntelligence.jsx:121,ExecutiveIntelligence,safety-exec-preview-icon,NON_TRUTH_SURFACE_EXCLUDED_WITH_REASON,structural/control/label testid,
frontend/src/pages/ExecutiveIntelligence.jsx:149,ExecutiveIntelligence,executive-intelligence-error,NON_TRUTH_SURFACE_EXCLUDED_WITH_REASON,structural/control/label testid,
frontend/src/pages/ExecutiveIntelligence.jsx:161,ExecutiveIntelligence,executive-intelligence-loading,NON_TRUTH_SURFACE_EXCLUDED_WITH_REASON,structural/control/label testid,
frontend/src/pages/ExecutiveOperationalIntelligence.jsx:185,ExecutiveOperationalIntelligence,exec-intel-page,NON_TRUTH_SURFACE_EXCLUDED_WITH_REASON,structural/control/label testid,
frontend/src/pages/ExecutiveOperationalIntelligence.jsx:199,ExecutiveOperationalIntelligence,exec-intel-portfolio-link,NON_TRUTH_SURFACE_EXCLUDED_WITH_REASON,structural/control/label testid,
frontend/src/pages/ExecutiveOperationalIntelligence.jsx:224,ExecutiveOperationalIntelligence,exec-intel-error,NON_TRUTH_SURFACE_EXCLUDED_WITH_REASON,structural/control/label testid,
frontend/src/pages/ExecutiveOperationalIntelligence.jsx:229,ExecutiveOperationalIntelligence,exec-intel-loading,NON_TRUTH_SURFACE_EXCLUDED_WITH_REASON,structural/control/label testid,
frontend/src/pages/ExecutiveOperationalIntelligence.jsx:419,ExecutiveOperationalIntelligence,exec-briefing-panel,NON_TRUTH_SURFACE_EXCLUDED_WITH_REASON,structural/control/label testid,
frontend/src/pages/ExecutiveOperationalIntelligence.jsx:423,ExecutiveOperationalIntelligence,exec-briefing-status,CANONICAL_STATUS,status,Wave-2 status vocab (TC-0002)
frontend/src/pages/ExecutiveOperationalIntelligence.jsx:435,ExecutiveOperationalIntelligence,exec-briefing-history,DIRECT_FACT,inline_length_or_count,inline .length/.count of rendered data
frontend/src/pages/ExecutiveOverview.jsx:119,ExecutiveOverview,executive-overview-command-center-link,NON_TRUTH_SURFACE_EXCLUDED_WITH_REASON,structural/control/label testid,
frontend/src/pages/ExecutiveOverview.jsx:122,ExecutiveOverview,executive-overview-operational-link,NON_TRUTH_SURFACE_EXCLUDED_WITH_REASON,structural/control/label testid,
frontend/src/pages/FieldLeadershipDriverQualification.jsx:27,FieldLeadershipDriverQualification,fl-driver-qualification-page,NON_TRUTH_SURFACE_EXCLUDED_WITH_REASON,structural/control/label testid,
frontend/src/pages/FieldLeadershipDriverQualification.jsx:39,FieldLeadershipDriverQualification,fl-widget-drawer,NON_TRUTH_SURFACE_EXCLUDED_WITH_REASON,structural/control/label testid,
frontend/src/pages/FieldLeadershipForecasting.jsx:72,FieldLeadershipForecasting,field-forecast-dashboard-link,NON_TRUTH_SURFACE_EXCLUDED_WITH_REASON,structural/control/label testid,
frontend/src/pages/FieldLeadershipForecasting.jsx:77,FieldLeadershipForecasting,field-forecast-back-button,NON_TRUTH_SURFACE_EXCLUDED_WITH_REASON,structural/control/label testid,
frontend/src/pages/FieldLeadershipForecasting.jsx:78,FieldLeadershipForecasting,field-forecast-page-shell,NON_TRUTH_SURFACE_EXCLUDED_WITH_REASON,structural/control/label testid,
frontend/src/pages/FieldLeadershipFormPage.jsx:763,FieldLeadershipFormPage,leadership-form-actions,NON_TRUTH_SURFACE_EXCLUDED_WITH_REASON,structural/control/label testid,
frontend/src/pages/FieldLeadershipFormPage.jsx:764,FieldLeadershipFormPage,leadership-cancel,NON_TRUTH_SURFACE_EXCLUDED_WITH_REASON,structural/control/label testid,
frontend/src/pages/FieldLeadershipFormPage.jsx:773,FieldLeadershipFormPage,leadership-submit,NON_TRUTH_SURFACE_EXCLUDED_WITH_REASON,structural/control/label testid,
frontend/src/pages/FieldLeadershipFormPage.jsx:878,FieldLeadershipFormPage,field-employee-search,NON_TRUTH_SURFACE_EXCLUDED_WITH_REASON,structural/control/label testid,
frontend/src/pages/FieldLeadershipFormPage.jsx:891,FieldLeadershipFormPage,leadership-add-emp-toggle,NON_TRUTH_SURFACE_EXCLUDED_WITH_REASON,structural/control/label testid,
frontend/src/pages/FieldLeadershipFormPage.jsx:903,FieldLeadershipFormPage,leadership-add-emp-save,NON_TRUTH_SURFACE_EXCLUDED_WITH_REASON,structural/control/label testid,
frontend/src/pages/FieldLeadershipHub.jsx:343,FieldLeadershipHub,leadership-header-actions,NON_TRUTH_SURFACE_EXCLUDED_WITH_REASON,structural/control/label testid,
frontend/src/pages/FieldLeadershipHub.jsx:350,FieldLeadershipHub,leadership-records-link,NON_TRUTH_SURFACE_EXCLUDED_WITH_REASON,structural/control/label testid,
frontend/src/pages/FieldLeadershipHub.jsx:362,FieldLeadershipHub,leadership-training-link,NON_TRUTH_SURFACE_EXCLUDED_WITH_REASON,structural/control/label testid,
frontend/src/pages/FieldLeadershipHub.jsx:375,FieldLeadershipHub,leadership-hub-root,NON_TRUTH_SURFACE_EXCLUDED_WITH_REASON,structural/control/label testid,
frontend/src/pages/FieldLeadershipHub.jsx:376,FieldLeadershipHub,fl-portal-mission-banner,NON_TRUTH_SURFACE_EXCLUDED_WITH_REASON,structural/control/label testid,
frontend/src/pages/FieldLeadershipPortalChangePassword.jsx:126,FieldLeadershipPortalChangePassword,fl-cp-submit,NON_TRUTH_SURFACE_EXCLUDED_WITH_REASON,structural/control/label testid,
frontend/src/pages/FieldLeadershipPortalDashboard.jsx:54,FieldLeadershipPortalDashboard,fl-lookup-input,NON_TRUTH_SURFACE_EXCLUDED_WITH_REASON,structural/control/label testid,
frontend/src/pages/FieldLeadershipPortalDashboard.jsx:147,FieldLeadershipPortalDashboard,fl-portal-mission-banner,NON_TRUTH_SURFACE_EXCLUDED_WITH_REASON,structural/control/label testid,
frontend/src/pages/FieldLeadershipPortalLogin.jsx:164,FieldLeadershipPortalLogin,fl-forgot-dialog,NON_TRUTH_SURFACE_EXCLUDED_WITH_REASON,structural/control/label testid,
frontend/src/pages/FieldLeadershipPortalLogin.jsx:204,FieldLeadershipPortalLogin,fl-forgot-submit,NON_TRUTH_SURFACE_EXCLUDED_WITH_REASON,structural/control/label testid,
frontend/src/pages/FieldLeadershipPortalLogin.jsx:259,FieldLeadershipPortalLogin,fl-login-form,NON_TRUTH_SURFACE_EXCLUDED_WITH_REASON,structural/control/label testid,
frontend/src/pages/FieldLeadershipPortalLogin.jsx:310,FieldLeadershipPortalLogin,fl-forgot-link,NON_TRUTH_SURFACE_EXCLUDED_WITH_REASON,structural/control/label testid,
frontend/src/pages/FieldLeadershipPortalLogin.jsx:319,FieldLeadershipPortalLogin,fl-submit,NON_TRUTH_SURFACE_EXCLUDED_WITH_REASON,structural/control/label testid,
frontend/src/pages/FieldLeadershipRecords.jsx:185,FieldLeadershipRecords,leadership-records-root,NON_TRUTH_SURFACE_EXCLUDED_WITH_REASON,structural/control/label testid,
frontend/src/pages/FieldLeadershipRecords.jsx:228,FieldLeadershipRecords,records-search-btn,NON_TRUTH_SURFACE_EXCLUDED_WITH_REASON,structural/control/label testid,
frontend/src/pages/FieldLeadershipRecords.jsx:231,FieldLeadershipRecords,records-clear-btn,NON_TRUTH_SURFACE_EXCLUDED_WITH_REASON,structural/control/label testid,
frontend/src/pages/FieldLeadershipRecords.jsx:235,FieldLeadershipRecords,records-export-csv,NON_TRUTH_SURFACE_EXCLUDED_WITH_REASON,structural/control/label testid,
frontend/src/pages/FieldLeadershipRecords.jsx:242,FieldLeadershipRecords,leadership-records-table-shell,NON_TRUTH_SURFACE_EXCLUDED_WITH_REASON,structural/control/label testid,
frontend/src/pages/FieldLeadershipRecords.jsx:259,FieldLeadershipRecords,leadership-empty,NON_TRUTH_SURFACE_EXCLUDED_WITH_REASON,structural/control/label testid,
frontend/src/pages/FieldLeadershipView.jsx:213,FieldLeadershipView,leadership-view-section,NON_TRUTH_SURFACE_EXCLUDED_WITH_REASON,structural/control/label testid,
frontend/src/pages/FieldLeadershipView.jsx:334,FieldLeadershipView,leadership-view-pdf,NON_TRUTH_SURFACE_EXCLUDED_WITH_REASON,structural/control/label testid,
frontend/src/pages/FieldSafetyCards.jsx:162,FieldSafetyCards,safety-card-email-dialog,NON_TRUTH_SURFACE_EXCLUDED_WITH_REASON,structural/control/label testid,
frontend/src/pages/FieldSafetyCards.jsx:237,FieldSafetyCards,safety-card-email-note,NON_TRUTH_SURFACE_EXCLUDED_WITH_REASON,structural/control/label testid,
frontend/src/pages/FieldSafetyCards.jsx:246,FieldSafetyCards,safety-card-email-cancel,NON_TRUTH_SURFACE_EXCLUDED_WITH_REASON,structural/control/label testid,
frontend/src/pages/FieldSafetyCards.jsx:326,FieldSafetyCards,safety-cards-email-all-btn,NON_TRUTH_SURFACE_EXCLUDED_WITH_REASON,structural/control/label testid,
frontend/src/pages/FieldSafetyCards.jsx:418,FieldSafetyCards,safety-cards-page,NON_TRUTH_SURFACE_EXCLUDED_WITH_REASON,structural/control/label testid,
frontend/src/pages/FleetVisibility.jsx:567,FleetVisibility,fleet-safety-pdf-link,NON_TRUTH_SURFACE_EXCLUDED_WITH_REASON,structural/control/label testid,
frontend/src/pages/FleetVisibility.jsx:585,FleetVisibility,fleet-visibility-refresh,NON_TRUTH_SURFACE_EXCLUDED_WITH_REASON,structural/control/label testid,
frontend/src/pages/HistoricalRecordsBatchDetail.jsx:132,HistoricalRecordsBatchDetail,batch-detail-loading,NON_TRUTH_SURFACE_EXCLUDED_WITH_REASON,structural/control/label testid,
frontend/src/pages/HistoricalRecordsBatchDetail.jsx:142,HistoricalRecordsBatchDetail,batch-detail-header,NON_TRUTH_SURFACE_EXCLUDED_WITH_REASON,structural/control/label testid,
frontend/src/pages/HistoricalRecordsBatchDetail.jsx:162,HistoricalRecordsBatchDetail,batch-detail-back,NON_TRUTH_SURFACE_EXCLUDED_WITH_REASON,structural/control/label testid,
frontend/src/pages/HistoricalRecordsBatchDetail.jsx:210,HistoricalRecordsBatchDetail,batch-file-input,NON_TRUTH_SURFACE_EXCLUDED_WITH_REASON,structural/control/label testid,
frontend/src/pages/HistoricalRecordsBatchDetail.jsx:266,HistoricalRecordsBatchDetail,batch-apply-submit,NON_TRUTH_SURFACE_EXCLUDED_WITH_REASON,structural/control/label testid,
frontend/src/pages/HistoricalRecordsBatchDetail.jsx:272,HistoricalRecordsBatchDetail,batch-detail-refresh,NON_TRUTH_SURFACE_EXCLUDED_WITH_REASON,structural/control/label testid,
frontend/src/pages/HistoricalRecordsBatchDetail.jsx:288,HistoricalRecordsBatchDetail,batch-detail-empty,NON_TRUTH_SURFACE_EXCLUDED_WITH_REASON,structural/control/label testid,
frontend/src/pages/HistoricalRecordsBatches.jsx:90,HistoricalRecordsBatches,batches-header,NON_TRUTH_SURFACE_EXCLUDED_WITH_REASON,structural/control/label testid,
frontend/src/pages/HistoricalRecordsBatches.jsx:102,HistoricalRecordsBatches,batches-refresh,NON_TRUTH_SURFACE_EXCLUDED_WITH_REASON,structural/control/label testid,
frontend/src/pages/HistoricalRecordsBatches.jsx:125,HistoricalRecordsBatches,batches-empty,NON_TRUTH_SURFACE_EXCLUDED_WITH_REASON,structural/control/label testid,
frontend/src/pages/HistoricalRecordsBatches.jsx:200,HistoricalRecordsBatches,batches-new-label,NON_TRUTH_SURFACE_EXCLUDED_WITH_REASON,structural/control/label testid,
frontend/src/pages/HistoricalRecordsIntake.jsx:158,HistoricalRecordsIntake,intake-header,NON_TRUTH_SURFACE_EXCLUDED_WITH_REASON,structural/control/label testid,
frontend/src/pages/HistoricalRecordsIntake.jsx:170,HistoricalRecordsIntake,intake-back,NON_TRUTH_SURFACE_EXCLUDED_WITH_REASON,structural/control/label testid,
frontend/src/pages/HistoricalRecordsIntake.jsx:241,HistoricalRecordsIntake,intake-form,NON_TRUTH_SURFACE_EXCLUDED_WITH_REASON,structural/control/label testid,
frontend/src/pages/HistoricalRecordsIntake.jsx:320,HistoricalRecordsIntake,intake-vendor-name-input,NON_TRUTH_SURFACE_EXCLUDED_WITH_REASON,structural/control/label testid,
frontend/src/pages/HistoricalRecordsIntake.jsx:332,HistoricalRecordsIntake,intake-vendor-id-input,NON_TRUTH_SURFACE_EXCLUDED_WITH_REASON,structural/control/label testid,
frontend/src/pages/HistoricalRecordsIntake.jsx:335,HistoricalRecordsIntake,intake-vendor-owner-note,NON_TRUTH_SURFACE_EXCLUDED_WITH_REASON,structural/control/label testid,
frontend/src/pages/HistoricalRecordsIntake.jsx:412,HistoricalRecordsIntake,intake-file-attach-button,NON_TRUTH_SURFACE_EXCLUDED_WITH_REASON,structural/control/label testid,
frontend/src/pages/HistoricalRecordsIntake.jsx:423,HistoricalRecordsIntake,intake-file-input,NON_TRUTH_SURFACE_EXCLUDED_WITH_REASON,structural/control/label testid,
frontend/src/pages/HistoricalRecordsIntake.jsx:439,HistoricalRecordsIntake,intake-submit,NON_TRUTH_SURFACE_EXCLUDED_WITH_REASON,structural/control/label testid,
frontend/src/pages/HistoricalRecordsQueue.jsx:88,HistoricalRecordsQueue,queue-header,NON_TRUTH_SURFACE_EXCLUDED_WITH_REASON,structural/control/label testid,
frontend/src/pages/HistoricalRecordsQueue.jsx:100,HistoricalRecordsQueue,queue-back,NON_TRUTH_SURFACE_EXCLUDED_WITH_REASON,structural/control/label testid,
frontend/src/pages/HistoricalRecordsQueue.jsx:103,HistoricalRecordsQueue,queue-refresh-header,NON_TRUTH_SURFACE_EXCLUDED_WITH_REASON,structural/control/label testid,
frontend/src/pages/HistoricalRecordsQueue.jsx:113,HistoricalRecordsQueue,queue-lane-tabs,NON_TRUTH_SURFACE_EXCLUDED_WITH_REASON,structural/control/label testid,
frontend/src/pages/HistoricalRecordsQueue.jsx:127,HistoricalRecordsQueue,queue-refresh,NON_TRUTH_SURFACE_EXCLUDED_WITH_REASON,structural/control/label testid,
frontend/src/pages/HistoricalRecordsQueue.jsx:139,HistoricalRecordsQueue,queue-empty,NON_TRUTH_SURFACE_EXCLUDED_WITH_REASON,structural/control/label testid,
frontend/src/pages/HrChangePassword.jsx:124,HrChangePassword,hr-change-password-title,NON_TRUTH_SURFACE_EXCLUDED_WITH_REASON,structural/control/label testid,
frontend/src/pages/HrChangePassword.jsx:137,HrChangePassword,hr-change-pw-form,NON_TRUTH_SURFACE_EXCLUDED_WITH_REASON,structural/control/label testid,
frontend/src/pages/HrChangePassword.jsx:182,HrChangePassword,hr-change-pw-submit,NON_TRUTH_SURFACE_EXCLUDED_WITH_REASON,structural/control/label testid,
frontend/src/pages/HrDailyReports.jsx:137,HrDailyReports,hr-daily-reports-page,NON_TRUTH_SURFACE_EXCLUDED_WITH_REASON,structural/control/label testid,
frontend/src/pages/HrDailyReports.jsx:194,HrDailyReports,hr-dr-empty,NON_TRUTH_SURFACE_EXCLUDED_WITH_REASON,structural/control/label testid,
frontend/src/pages/HrDailyReports.jsx:327,HrDailyReports,hr-dr-detail-page,NON_TRUTH_SURFACE_EXCLUDED_WITH_REASON,structural/control/label testid,
frontend/src/pages/HrDriverProfile.jsx:35,HrDriverProfile,hr-driver-profile-page,NON_TRUTH_SURFACE_EXCLUDED_WITH_REASON,structural/control/label testid,
frontend/src/pages/HrDriverQualificationDashboard.jsx:216,HrDriverQualificationDashboard,dq-filter-expiring-cdl,CANONICAL_KPI,expiring_rate,lib.kpi_expiry
frontend/src/pages/HrDriverQualificationDashboard.jsx:225,HrDriverQualificationDashboard,dq-filter-expiring-medical,CANONICAL_KPI,expiring_rate,lib.kpi_expiry
frontend/src/pages/HrDriverQualificationDashboard.jsx:239,HrDriverQualificationDashboard,dq-export-csv,NON_TRUTH_SURFACE_EXCLUDED_WITH_REASON,structural/control/label testid,
frontend/src/pages/HrDriverQualificationDashboard.jsx:245,HrDriverQualificationDashboard,dq-import-link,NON_TRUTH_SURFACE_EXCLUDED_WITH_REASON,structural/control/label testid,
frontend/src/pages/HrDriverQualificationDashboard.jsx:250,HrDriverQualificationDashboard,dq-import-btn,NON_TRUTH_SURFACE_EXCLUDED_WITH_REASON,structural/control/label testid,
frontend/src/pages/HrDriverQualificationDashboard.jsx:263,HrDriverQualificationDashboard,dq-empty,NON_TRUTH_SURFACE_EXCLUDED_WITH_REASON,structural/control/label testid,
frontend/src/pages/HrDriverQualificationImport.jsx:169,HrDriverQualificationImport,dqi-file-input,NON_TRUTH_SURFACE_EXCLUDED_WITH_REASON,structural/control/label testid,
frontend/src/pages/HrDriverQualificationImport.jsx:180,HrDriverQualificationImport,dqi-preview-btn,NON_TRUTH_SURFACE_EXCLUDED_WITH_REASON,structural/control/label testid,
frontend/src/pages/HrDriverQualificationImport.jsx:195,HrDriverQualificationImport,dqi-restart-btn,NON_TRUTH_SURFACE_EXCLUDED_WITH_REASON,structural/control/label testid,
frontend/src/pages/HrDriverQualificationImport.jsx:312,HrDriverQualificationImport,dqi-apply-btn,NON_TRUTH_SURFACE_EXCLUDED_WITH_REASON,structural/control/label testid,
frontend/src/pages/HrDriverQualificationImport.jsx:350,HrDriverQualificationImport,dqi-another-btn,NON_TRUTH_SURFACE_EXCLUDED_WITH_REASON,structural/control/label testid,
frontend/src/pages/HrDriverQualificationImport.jsx:354,HrDriverQualificationImport,dqi-go-dashboard-btn,NON_TRUTH_SURFACE_EXCLUDED_WITH_REASON,structural/control/label testid,
frontend/src/pages/HrDriverQualificationImport.jsx:372,HrDriverQualificationImport,dqi-audit-empty,NON_TRUTH_SURFACE_EXCLUDED_WITH_REASON,structural/control/label testid,
frontend/src/pages/HrEmployeeAccountability.jsx:66,HrEmployeeAccountability,hr-acc-search,NON_TRUTH_SURFACE_EXCLUDED_WITH_REASON,structural/control/label testid,
frontend/src/pages/HrEmployeeAccountability.jsx:74,HrEmployeeAccountability,hr-acc-empty,NON_TRUTH_SURFACE_EXCLUDED_WITH_REASON,structural/control/label testid,
frontend/src/pages/HrEmployeeAccountabilityTimeline.jsx:183,HrEmployeeAccountabilityTimeline,acct-header-actions,NON_TRUTH_SURFACE_EXCLUDED_WITH_REASON,structural/control/label testid,
frontend/src/pages/HrEmployeeAccountabilityTimeline.jsx:188,HrEmployeeAccountabilityTimeline,acct-open-thread-link,NON_TRUTH_SURFACE_EXCLUDED_WITH_REASON,structural/control/label testid,
frontend/src/pages/HrEmployeeAccountabilityTimeline.jsx:195,HrEmployeeAccountabilityTimeline,acct-refresh-btn,NON_TRUTH_SURFACE_EXCLUDED_WITH_REASON,structural/control/label testid,
frontend/src/pages/HrEmployeeAccountabilityTimeline.jsx:204,HrEmployeeAccountabilityTimeline,acct-download-pdf-btn,NON_TRUTH_SURFACE_EXCLUDED_WITH_REASON,structural/control/label testid,
frontend/src/pages/HrEmployeeAccountabilityTimeline.jsx:212,HrEmployeeAccountabilityTimeline,hr-accountability-page,NON_TRUTH_SURFACE_EXCLUDED_WITH_REASON,structural/control/label testid,
frontend/src/pages/HrEmployeeAccountabilityTimeline.jsx:232,HrEmployeeAccountabilityTimeline,acct-loading,NON_TRUTH_SURFACE_EXCLUDED_WITH_REASON,structural/control/label testid,
frontend/src/pages/HrEmployeeAccountabilityTimeline.jsx:236,HrEmployeeAccountabilityTimeline,acct-error,NON_TRUTH_SURFACE_EXCLUDED_WITH_REASON,structural/control/label testid,
frontend/src/pages/HrEmployeeAccountabilityTimeline.jsx:243,HrEmployeeAccountabilityTimeline,acct-employee-header,NON_TRUTH_SURFACE_EXCLUDED_WITH_REASON,structural/control/label testid,
frontend/src/pages/HrEmployeeAccountabilityTimeline.jsx:306,HrEmployeeAccountabilityTimeline,acct-expiry-strip,CANONICAL_KPI,expiring_rate,lib.kpi_expiry
frontend/src/pages/HrEmployeeAccountabilityTimeline.jsx:313,HrEmployeeAccountabilityTimeline,acct-expiry-row,CANONICAL_KPI,expiring_rate,lib.kpi_expiry
frontend/src/pages/HrEmployeeAccountabilityTimeline.jsx:324,HrEmployeeAccountabilityTimeline,acct-tabs,NON_TRUTH_SURFACE_EXCLUDED_WITH_REASON,structural/control/label testid,
frontend/src/pages/HrEmployeeAccountabilityTimeline.jsx:353,HrEmployeeAccountabilityTimeline,acct-empty,NON_TRUTH_SURFACE_EXCLUDED_WITH_REASON,structural/control/label testid,
frontend/src/pages/HrEmployeeAccountabilityTimeline.jsx:402,HrEmployeeAccountabilityTimeline,acct-source-label,NON_TRUTH_SURFACE_EXCLUDED_WITH_REASON,structural/control/label testid,
frontend/src/pages/HrEmployeeAccountabilityTimeline.jsx:455,HrEmployeeAccountabilityTimeline,acct-footer,NON_TRUTH_SURFACE_EXCLUDED_WITH_REASON,structural/control/label testid,
frontend/src/pages/HrEmployeeRequestsQueue.jsx:241,HrEmployeeRequestsQueue,hr-employee-requests-page,NON_TRUTH_SURFACE_EXCLUDED_WITH_REASON,structural/control/label testid,
frontend/src/pages/HrEmployeeRequestsQueue.jsx:245,HrEmployeeRequestsQueue,hr-requests-back,NON_TRUTH_SURFACE_EXCLUDED_WITH_REASON,structural/control/label testid,
frontend/src/pages/HrEmployeeRequestsQueue.jsx:263,HrEmployeeRequestsQueue,hr-requests-coaching,NON_TRUTH_SURFACE_EXCLUDED_WITH_REASON,structural/control/label testid,
frontend/src/pages/HrEmployeeRequestsQueue.jsx:295,HrEmployeeRequestsQueue,hr-requests-refresh,NON_TRUTH_SURFACE_EXCLUDED_WITH_REASON,structural/control/label testid,
frontend/src/pages/HrEmployeeRequestsQueue.jsx:301,HrEmployeeRequestsQueue,hr-requests-loading,NON_TRUTH_SURFACE_EXCLUDED_WITH_REASON,structural/control/label testid,
frontend/src/pages/HrEmployeeRequestsQueue.jsx:306,HrEmployeeRequestsQueue,hr-requests-error,NON_TRUTH_SURFACE_EXCLUDED_WITH_REASON,structural/control/label testid,
frontend/src/pages/HrEmployeeRequestsQueue.jsx:311,HrEmployeeRequestsQueue,hr-requests-empty,NON_TRUTH_SURFACE_EXCLUDED_WITH_REASON,structural/control/label testid,
frontend/src/pages/HrEmployeeRequestsQueue.jsx:397,HrEmployeeRequestsQueue,hr-requests-approve-modal,NON_TRUTH_SURFACE_EXCLUDED_WITH_REASON,structural/control/label testid,
frontend/src/pages/HrEmployeeRequestsQueue.jsx:464,HrEmployeeRequestsQueue,hr-requests-edit-status,CANONICAL_STATUS,status,Wave-2 status vocab (TC-0002)
frontend/src/pages/HrEmployeeRequestsQueue.jsx:488,HrEmployeeRequestsQueue,hr-requests-approve-cancel,NON_TRUTH_SURFACE_EXCLUDED_WITH_REASON,structural/control/label testid,
frontend/src/pages/HrEmployeeRequestsQueue.jsx:500,HrEmployeeRequestsQueue,hr-requests-reject-modal,NON_TRUTH_SURFACE_EXCLUDED_WITH_REASON,structural/control/label testid,
frontend/src/pages/HrEmployeeRequestsQueue.jsx:515,HrEmployeeRequestsQueue,hr-requests-reject-cancel,NON_TRUTH_SURFACE_EXCLUDED_WITH_REASON,structural/control/label testid,
frontend/src/pages/HrEmployeeThread.jsx:292,HrEmployeeThread,hr-employee-thread-actions,NON_TRUTH_SURFACE_EXCLUDED_WITH_REASON,structural/control/label testid,
frontend/src/pages/HrEmployeeThread.jsx:295,HrEmployeeThread,hr-employee-thread-classic-link,NON_TRUTH_SURFACE_EXCLUDED_WITH_REASON,structural/control/label testid,
frontend/src/pages/HrEmployeeThread.jsx:305,HrEmployeeThread,hr-employee-thread-download-pdf,NON_TRUTH_SURFACE_EXCLUDED_WITH_REASON,structural/control/label testid,
frontend/src/pages/HrEmployeeThread.jsx:315,HrEmployeeThread,hr-employee-thread-loading,NON_TRUTH_SURFACE_EXCLUDED_WITH_REASON,structural/control/label testid,
frontend/src/pages/HrEmployeeThread.jsx:322,HrEmployeeThread,hr-employee-thread-error,NON_TRUTH_SURFACE_EXCLUDED_WITH_REASON,structural/control/label testid,
frontend/src/pages/HrEmployees.jsx:293,HrEmployees,hr-employees-page,NON_TRUTH_SURFACE_EXCLUDED_WITH_REASON,structural/control/label testid,
frontend/src/pages/HrEmployees.jsx:336,HrEmployees,hremp-bucket-filter,NON_TRUTH_SURFACE_EXCLUDED_WITH_REASON,structural/control/label testid,
frontend/src/pages/HrEmployees.jsx:352,HrEmployees,hremp-status-filter,NON_TRUTH_SURFACE_EXCLUDED_WITH_REASON,structural/control/label testid,
frontend/src/pages/HrEmployees.jsx:365,HrEmployees,hremp-crew-filter,NON_TRUTH_SURFACE_EXCLUDED_WITH_REASON,structural/control/label testid,
frontend/src/pages/HrEmployees.jsx:379,HrEmployees,hremp-supervisor-filter,NON_TRUTH_SURFACE_EXCLUDED_WITH_REASON,structural/control/label testid,
frontend/src/pages/HrEmployees.jsx:393,HrEmployees,hremp-trade-filter,NON_TRUTH_SURFACE_EXCLUDED_WITH_REASON,structural/control/label testid,
frontend/src/pages/HrEmployees.jsx:407,HrEmployees,hremp-rehire-filter,NON_TRUTH_SURFACE_EXCLUDED_WITH_REASON,structural/control/label testid,
frontend/src/pages/HrEmployees.jsx:424,HrEmployees,hremp-search-input,NON_TRUTH_SURFACE_EXCLUDED_WITH_REASON,structural/control/label testid,
frontend/src/pages/HrEmployees.jsx:431,HrEmployees,hremp-refresh,NON_TRUTH_SURFACE_EXCLUDED_WITH_REASON,structural/control/label testid,
frontend/src/pages/HrEmployees.jsx:436,HrEmployees,hremp-print,NON_TRUTH_SURFACE_EXCLUDED_WITH_REASON,structural/control/label testid,
frontend/src/pages/HrEmployees.jsx:645,HrEmployees,hremp-print-count,DIRECT_FACT,record_field_or_local_length,record serialization -> prop -> render
frontend/src/pages/HrEmployees.jsx:807,HrEmployees,hremp-add-dialog,NON_TRUTH_SURFACE_EXCLUDED_WITH_REASON,structural/control/label testid,
frontend/src/pages/HrEmployees.jsx:822,HrEmployees,hremp-add-status,CANONICAL_STATUS,status,Wave-2 status vocab (TC-0002)
frontend/src/pages/HrEmployees.jsx:930,HrEmployees,hremp-add-cancel,NON_TRUTH_SURFACE_EXCLUDED_WITH_REASON,structural/control/label testid,
frontend/src/pages/HrEmployees.jsx:931,HrEmployees,hremp-add-submit,NON_TRUTH_SURFACE_EXCLUDED_WITH_REASON,structural/control/label testid,
frontend/src/pages/HrEmployees.jsx:1111,HrEmployees,hremp-drawer,NON_TRUTH_SURFACE_EXCLUDED_WITH_REASON,structural/control/label testid,
frontend/src/pages/HrEmployees.jsx:1117,HrEmployees,hremp-drawer-title,NON_TRUTH_SURFACE_EXCLUDED_WITH_REASON,structural/control/label testid,
frontend/src/pages/HrEmployees.jsx:1129,HrEmployees,hremp-drawer-acct-link,NON_TRUTH_SURFACE_EXCLUDED_WITH_REASON,structural/control/label testid,
frontend/src/pages/HrEmployees.jsx:1137,HrEmployees,hremp-tab-status,NON_TRUTH_SURFACE_EXCLUDED_WITH_REASON,control element (button/link/input/tab),
frontend/src/pages/HrEmployees.jsx:1152,HrEmployees,hremp-pref-name-hint,NON_TRUTH_SURFACE_EXCLUDED_WITH_REASON,structural/control/label testid,
frontend/src/pages/HrEmployees.jsx:1181,HrEmployees,hremp-assign-link,NON_TRUTH_SURFACE_EXCLUDED_WITH_REASON,structural/control/label testid,
frontend/src/pages/HrEmployees.jsx:1248,HrEmployees,hremp-rehire-eligibility-display,CANONICAL_KPI,eligibility_rate,transport_carrier_intelligence
frontend/src/pages/HrEmployees.jsx:1267,HrEmployees,hremp-rehire-eligibility-reason-display,CANONICAL_KPI,eligibility_rate,transport_carrier_intelligence
frontend/src/pages/HrEmployees.jsx:1330,HrEmployees,hremp-driver-status,CANONICAL_STATUS,status,Wave-2 status vocab (TC-0002)
frontend/src/pages/HrEmployees.jsx:1414,HrEmployees,hremp-status-new,CANONICAL_STATUS,status,Wave-2 status vocab (TC-0002)
frontend/src/pages/HrEmployees.jsx:1421,HrEmployees,hremp-separation-section,NON_TRUTH_SURFACE_EXCLUDED_WITH_REASON,structural/control/label testid,
frontend/src/pages/HrEmployees.jsx:1449,HrEmployees,hremp-rehire-eligibility,CANONICAL_KPI,eligibility_rate,transport_carrier_intelligence
frontend/src/pages/HrEmployees.jsx:1475,HrEmployees,hremp-leave-section,NON_TRUTH_SURFACE_EXCLUDED_WITH_REASON,structural/control/label testid,
frontend/src/pages/HrEmployees.jsx:1495,HrEmployees,hremp-status-reason,CANONICAL_STATUS,status,Wave-2 status vocab (TC-0002)
frontend/src/pages/HrEmployees.jsx:1607,HrEmployees,hremp-status-footer,NON_TRUTH_SURFACE_EXCLUDED_WITH_REASON,structural/control/label testid,
frontend/src/pages/HrEmployees.jsx:1615,HrEmployees,hremp-status-save,NON_TRUTH_SURFACE_EXCLUDED_WITH_REASON,structural/control/label testid,
frontend/src/pages/HrEmployees.jsx:1625,HrEmployees,hremp-reactivate-dialog,NON_TRUTH_SURFACE_EXCLUDED_WITH_REASON,structural/control/label testid,
frontend/src/pages/HrEmployees.jsx:1660,HrEmployees,hremp-reactivate-status,CANONICAL_STATUS,status,Wave-2 status vocab (TC-0002)
frontend/src/pages/HrEmployees.jsx:1693,HrEmployees,hremp-reactivate-cancel,NON_TRUTH_SURFACE_EXCLUDED_WITH_REASON,structural/control/label testid,
frontend/src/pages/HrEmployees.jsx:1806,HrEmployees,hremp-tx-loading,NON_TRUTH_SURFACE_EXCLUDED_WITH_REASON,structural/control/label testid,
frontend/src/pages/HrEmployees.jsx:1809,HrEmployees,hremp-tx-error,NON_TRUTH_SURFACE_EXCLUDED_WITH_REASON,structural/control/label testid,
frontend/src/pages/HrEmployees.jsx:1835,HrEmployees,hremp-tx-panel,NON_TRUTH_SURFACE_EXCLUDED_WITH_REASON,structural/control/label testid,
frontend/src/pages/HrEmployees.jsx:1840,HrEmployees,hremp-tx-status-chip,CANONICAL_STATUS,status,Wave-2 status vocab (TC-0002)
frontend/src/pages/HrFieldLeadership.jsx:113,HrFieldLeadership,hr-fl-search,NON_TRUTH_SURFACE_EXCLUDED_WITH_REASON,structural/control/label testid,
frontend/src/pages/HrFieldLeadership.jsx:136,HrFieldLeadership,hr-fl-empty,NON_TRUTH_SURFACE_EXCLUDED_WITH_REASON,structural/control/label testid,
frontend/src/pages/HrFieldLeadership.jsx:203,HrFieldLeadership,hr-fl-drawer,NON_TRUTH_SURFACE_EXCLUDED_WITH_REASON,structural/control/label testid,
frontend/src/pages/HrFieldLeadership.jsx:212,HrFieldLeadership,hr-fl-drawer-close,NON_TRUTH_SURFACE_EXCLUDED_WITH_REASON,structural/control/label testid,
frontend/src/pages/HrFieldLeadershipUsers.jsx:28,HrFieldLeadershipUsers,hr-fl-users-page,NON_TRUTH_SURFACE_EXCLUDED_WITH_REASON,structural/control/label testid,
frontend/src/pages/HrHub.jsx:225,HrHub,hr-nav-back,NON_TRUTH_SURFACE_EXCLUDED_WITH_REASON,structural/control/label testid,
frontend/src/pages/HrHub.jsx:342,HrHub,hr-expirations-section,NON_TRUTH_SURFACE_EXCLUDED_WITH_REASON,structural/control/label testid,
frontend/src/pages/HrHub.jsx:350,HrHub,hr-transportation-readiness-section,NON_TRUTH_SURFACE_EXCLUDED_WITH_REASON,structural/control/label testid,
frontend/src/pages/HrHub.jsx:412,HrHub,hr-tx-readiness-view-link,NON_TRUTH_SURFACE_EXCLUDED_WITH_REASON,structural/control/label testid,
frontend/src/pages/HrHubV2.jsx:226,HrHubV2,hr-hub-v2-root,NON_TRUTH_SURFACE_EXCLUDED_WITH_REASON,structural/control/label testid,
frontend/src/pages/HrHubV2.jsx:244,HrHubV2,hr-page-shell-banner,NON_TRUTH_SURFACE_EXCLUDED_WITH_REASON,structural/control/label testid,
frontend/src/pages/HrHubV2.jsx:290,HrHubV2,hr-hub-v2-section-directory-search,NON_TRUTH_SURFACE_EXCLUDED_WITH_REASON,structural/control/label testid,
frontend/src/pages/HrHubV2.jsx:307,HrHubV2,hr-directory-search,NON_TRUTH_SURFACE_EXCLUDED_WITH_REASON,structural/control/label testid,
frontend/src/pages/HrHubV2.jsx:326,HrHubV2,hr-directory-search-submit,NON_TRUTH_SURFACE_EXCLUDED_WITH_REASON,structural/control/label testid,
frontend/src/pages/HrIncidents.jsx:101,HrIncidents,hr-inc-export-csv,NON_TRUTH_SURFACE_EXCLUDED_WITH_REASON,structural/control/label testid,
frontend/src/pages/HrIncidents.jsx:106,HrIncidents,hr-incidents-page,NON_TRUTH_SURFACE_EXCLUDED_WITH_REASON,structural/control/label testid,
frontend/src/pages/HrIncidents.jsx:139,HrIncidents,hr-inc-search,NON_TRUTH_SURFACE_EXCLUDED_WITH_REASON,structural/control/label testid,
frontend/src/pages/HrIncidents.jsx:169,HrIncidents,hr-inc-status,CANONICAL_STATUS,status,Wave-2 status vocab (TC-0002)
frontend/src/pages/HrIncidents.jsx:179,HrIncidents,hr-inc-refresh,NON_TRUTH_SURFACE_EXCLUDED_WITH_REASON,structural/control/label testid,
frontend/src/pages/HrIncidents.jsx:186,HrIncidents,hr-inc-error,NON_TRUTH_SURFACE_EXCLUDED_WITH_REASON,structural/control/label testid,
frontend/src/pages/HrIncidents.jsx:190,HrIncidents,hr-inc-empty,NON_TRUTH_SURFACE_EXCLUDED_WITH_REASON,structural/control/label testid,
frontend/src/pages/HrIncidents.jsx:224,HrIncidents,hr-inc-footer,NON_TRUTH_SURFACE_EXCLUDED_WITH_REASON,structural/control/label testid,
frontend/src/pages/HrLogin.jsx:199,HrLogin,hr-forgot-dialog,NON_TRUTH_SURFACE_EXCLUDED_WITH_REASON,structural/control/label testid,
frontend/src/pages/HrLogin.jsx:226,HrLogin,hr-forgot-email-input,NON_TRUTH_SURFACE_EXCLUDED_WITH_REASON,structural/control/label testid,
frontend/src/pages/HrLogin.jsx:236,HrLogin,hr-forgot-cancel,NON_TRUTH_SURFACE_EXCLUDED_WITH_REASON,structural/control/label testid,
frontend/src/pages/HrLogin.jsx:244,HrLogin,hr-forgot-submit,NON_TRUTH_SURFACE_EXCLUDED_WITH_REASON,structural/control/label testid,
frontend/src/pages/HrLogin.jsx:282,HrLogin,hr-login-form,NON_TRUTH_SURFACE_EXCLUDED_WITH_REASON,structural/control/label testid,
frontend/src/pages/HrLogin.jsx:301,HrLogin,hr-email-input,NON_TRUTH_SURFACE_EXCLUDED_WITH_REASON,structural/control/label testid,
frontend/src/pages/HrLogin.jsx:318,HrLogin,hr-password-input,NON_TRUTH_SURFACE_EXCLUDED_WITH_REASON,structural/control/label testid,
frontend/src/pages/HrLogin.jsx:342,HrLogin,hr-forgot-password-link,NON_TRUTH_SURFACE_EXCLUDED_WITH_REASON,structural/control/label testid,
frontend/src/pages/HrLogin.jsx:351,HrLogin,hr-login-submit,NON_TRUTH_SURFACE_EXCLUDED_WITH_REASON,structural/control/label testid,
frontend/src/pages/HrMotiveDrivers.jsx:20,HrMotiveDrivers,hr-motive-drivers-page,NON_TRUTH_SURFACE_EXCLUDED_WITH_REASON,structural/control/label testid,
frontend/src/pages/HrPayrollVariance.jsx:254,HrPayrollVariance,hr-pv-recent-empty,NON_TRUTH_SURFACE_EXCLUDED_WITH_REASON,structural/control/label testid,
frontend/src/pages/HrPayrollVariance.jsx:300,HrPayrollVariance,variance-csv-download,NON_TRUTH_SURFACE_EXCLUDED_WITH_REASON,structural/control/label testid,
frontend/src/pages/HrPayrollVariance.jsx:307,HrPayrollVariance,"<Stat label={t(""Total"")} value={summary.total} />",DIRECT_FACT,displayed_count_fact,count of displayed/queried population
frontend/src/pages/HrPayrollVariance.jsx:308,HrPayrollVariance,"<Stat label={t(""Matched"")} value={summary.matched} cls=""text-emerald-7",DIRECT_FACT,value_component_fact,value-bearing component rendering a fetched fact
frontend/src/pages/HrPayrollVariance.jsx:309,HrPayrollVariance,"<Stat label={t(""Flagged"")} value={summary.flagged} cls={summary.flagge",DIRECT_FACT,value_component_fact,value-bearing component rendering a fetched fact
frontend/src/pages/HrPayrollVariance.jsx:310,HrPayrollVariance,"<Stat label={t(""Pending Review"")} value={summary.pending} cls={summary",DIRECT_FACT,value_component_fact,value-bearing component rendering a fetched fact
frontend/src/pages/HrResetPassword.jsx:84,HrResetPassword,hr-reset-title,NON_TRUTH_SURFACE_EXCLUDED_WITH_REASON,structural/control/label testid,
frontend/src/pages/HrResetPassword.jsx:91,HrResetPassword,hr-reset-form,NON_TRUTH_SURFACE_EXCLUDED_WITH_REASON,structural/control/label testid,
frontend/src/pages/HrResetPassword.jsx:123,HrResetPassword,hr-reset-submit,NON_TRUTH_SURFACE_EXCLUDED_WITH_REASON,structural/control/label testid,
frontend/src/pages/HrSafetyRecords.jsx:116,HrSafetyRecords,hr-safety-add-training-form,NON_TRUTH_SURFACE_EXCLUDED_WITH_REASON,structural/control/label testid,
frontend/src/pages/HrSafetyRecords.jsx:155,HrSafetyRecords,hr-safety-add-training-cancel,NON_TRUTH_SURFACE_EXCLUDED_WITH_REASON,structural/control/label testid,
frontend/src/pages/HrSafetyRecords.jsx:156,HrSafetyRecords,hr-safety-add-training-submit,NON_TRUTH_SURFACE_EXCLUDED_WITH_REASON,structural/control/label testid,
frontend/src/pages/HrSafetyRecords.jsx:197,HrSafetyRecords,hr-safety-upload-doc-form,NON_TRUTH_SURFACE_EXCLUDED_WITH_REASON,structural/control/label testid,
frontend/src/pages/HrSafetyRecords.jsx:215,HrSafetyRecords,hr-safety-upload-doc-title,NON_TRUTH_SURFACE_EXCLUDED_WITH_REASON,structural/control/label testid,
frontend/src/pages/HrSafetyRecords.jsx:226,HrSafetyRecords,hr-safety-upload-doc-description,NON_TRUTH_SURFACE_EXCLUDED_WITH_REASON,structural/control/label testid,
frontend/src/pages/HrSafetyRecords.jsx:235,HrSafetyRecords,hr-safety-upload-doc-submit,NON_TRUTH_SURFACE_EXCLUDED_WITH_REASON,structural/control/label testid,
frontend/src/pages/HrSafetyRecords.jsx:361,HrSafetyRecords,hr-safety-search,NON_TRUTH_SURFACE_EXCLUDED_WITH_REASON,structural/control/label testid,
frontend/src/pages/HrSafetyRecords.jsx:367,HrSafetyRecords,hr-safety-add-training-btn,NON_TRUTH_SURFACE_EXCLUDED_WITH_REASON,structural/control/label testid,
frontend/src/pages/HrSafetyRecords.jsx:375,HrSafetyRecords,hr-safety-upload-doc-btn,NON_TRUTH_SURFACE_EXCLUDED_WITH_REASON,structural/control/label testid,
frontend/src/pages/HrTimeOff.jsx:86,HrTimeOff,hr-time-off-page,NON_TRUTH_SURFACE_EXCLUDED_WITH_REASON,structural/control/label testid,
frontend/src/pages/HrTimeOff.jsx:295,HrTimeOff,time-off-review-dialog,NON_TRUTH_SURFACE_EXCLUDED_WITH_REASON,structural/control/label testid,
frontend/src/pages/HrTimeOff.jsx:359,HrTimeOff,time-off-download-pdf,NON_TRUTH_SURFACE_EXCLUDED_WITH_REASON,structural/control/label testid,
frontend/src/pages/HrTimeOff.jsx:432,HrTimeOff,time-off-send-public-link,NON_TRUTH_SURFACE_EXCLUDED_WITH_REASON,structural/control/label testid,
frontend/src/pages/HrTimeOff.jsx:436,HrTimeOff,time-off-public-link-dialog,NON_TRUTH_SURFACE_EXCLUDED_WITH_REASON,structural/control/label testid,
frontend/src/pages/HrTimeOff.jsx:485,HrTimeOff,time-off-create-link,NON_TRUTH_SURFACE_EXCLUDED_WITH_REASON,structural/control/label testid,
frontend/src/pages/HrTimeVerification.jsx:154,HrTimeVerification,env-banner,NON_TRUTH_SURFACE_EXCLUDED_WITH_REASON,structural/control/label testid,
frontend/src/pages/HrTimeVerification.jsx:393,HrTimeVerification,hr-tv-csv,NON_TRUTH_SURFACE_EXCLUDED_WITH_REASON,structural/control/label testid,
frontend/src/pages/HrTimeVerification.jsx:397,HrTimeVerification,hr-tv-print,NON_TRUTH_SURFACE_EXCLUDED_WITH_REASON,structural/control/label testid,
frontend/src/pages/HrTimeVerification.jsx:483,HrTimeVerification,hr-tv-weekly-empty,NON_TRUTH_SURFACE_EXCLUDED_WITH_REASON,structural/control/label testid,
frontend/src/pages/HrTimeVerification.jsx:540,HrTimeVerification,hr-tv-daily-empty,NON_TRUTH_SURFACE_EXCLUDED_WITH_REASON,structural/control/label testid,
frontend/src/pages/HrTrainingRecords.jsx:86,HrTrainingRecords,hr-train-filter,NON_TRUTH_SURFACE_EXCLUDED_WITH_REASON,structural/control/label testid,
frontend/src/pages/HrTrainingRecords.jsx:118,HrTrainingRecords,hr-train-empty,NON_TRUTH_SURFACE_EXCLUDED_WITH_REASON,structural/control/label testid,
frontend/src/pages/HrV2Preview.jsx:239,HrV2Preview,hr-v2-compliance-grid,CANONICAL_KPI,compliance_rate,kpi_percent_complete.compliance_rate
frontend/src/pages/HrV2Preview.jsx:328,HrV2Preview,hr-v2-preview-root,NON_TRUTH_SURFACE_EXCLUDED_WITH_REASON,structural/control/label testid,
frontend/src/pages/HrV2Preview.jsx:330,HrV2Preview,hr-v2-preview-banner,NON_TRUTH_SURFACE_EXCLUDED_WITH_REASON,structural/control/label testid,
frontend/src/pages/HrV2Preview.jsx:360,HrV2Preview,hr-v2-purpose-note,NON_TRUTH_SURFACE_EXCLUDED_WITH_REASON,structural/control/label testid,
frontend/src/pages/Hub.jsx:109,Hub,hub-sign-in-link,NON_TRUTH_SURFACE_EXCLUDED_WITH_REASON,structural/control/label testid,
frontend/src/pages/Hub.jsx:155,Hub,hub-next-field-button,NON_TRUTH_SURFACE_EXCLUDED_WITH_REASON,structural/control/label testid,
frontend/src/pages/Hub.jsx:158,Hub,hub-next-guidance-button,NON_TRUTH_SURFACE_EXCLUDED_WITH_REASON,structural/control/label testid,
frontend/src/pages/Hub.jsx:161,Hub,hub-next-cheatsheet-button,NON_TRUTH_SURFACE_EXCLUDED_WITH_REASON,structural/control/label testid,
frontend/src/pages/IncidentReport.jsx:1561,IncidentReport,incident-report-prev,NON_TRUTH_SURFACE_EXCLUDED_WITH_REASON,structural/control/label testid,
frontend/src/pages/IncidentReport.jsx:1569,IncidentReport,incident-report-next,NON_TRUTH_SURFACE_EXCLUDED_WITH_REASON,structural/control/label testid,
frontend/src/pages/IncidentReport.jsx:1580,IncidentReport,incident-report-review-back,NON_TRUTH_SURFACE_EXCLUDED_WITH_REASON,structural/control/label testid,
frontend/src/pages/IncidentReport.jsx:1589,IncidentReport,incident-report-submit,NON_TRUTH_SURFACE_EXCLUDED_WITH_REASON,structural/control/label testid,
frontend/src/pages/IncidentReport.jsx:1624,IncidentReport,incident-report-submit-error,NON_TRUTH_SURFACE_EXCLUDED_WITH_REASON,structural/control/label testid,
frontend/src/pages/IncidentReportViewer.jsx:101,IncidentReportViewer,report-viewer-section-header,NON_TRUTH_SURFACE_EXCLUDED_WITH_REASON,structural/control/label testid,
frontend/src/pages/IncidentReportViewer.jsx:117,IncidentReportViewer,"<KV label={t(""Occurred at"")} value={d.occurred_at} testId=""report-view",DIRECT_FACT,value_component_fact,value-bearing component rendering a fetched fact
frontend/src/pages/IncidentReportViewer.jsx:118,IncidentReportViewer,"<KV label={t(""Reported at"")} value={d.reported_at} />",DIRECT_FACT,value_component_fact,value-bearing component rendering a fetched fact
frontend/src/pages/IncidentReportViewer.jsx:119,IncidentReportViewer,"<KV label={t(""Submitted at"")} value={d.submitted_at} />",DIRECT_FACT,value_component_fact,value-bearing component rendering a fetched fact
frontend/src/pages/IncidentReportViewer.jsx:120,IncidentReportViewer,"<KV label={t(""Reporter"")} value={d.reporter_name} />",DIRECT_FACT,value_component_fact,value-bearing component rendering a fetched fact
frontend/src/pages/IncidentReportViewer.jsx:121,IncidentReportViewer,"<KV label={t(""State"")} value={d.state} />",DIRECT_FACT,value_component_fact,value-bearing component rendering a fetched fact
frontend/src/pages/IncidentReportViewer.jsx:132,IncidentReportViewer,"<KV label={t(""Observed conditions"")} value={d.observed_conditions} />",DIRECT_FACT,value_component_fact,value-bearing component rendering a fetched fact
frontend/src/pages/IncidentReportViewer.jsx:134,IncidentReportViewer,"<KV label={t(""Immediate actions"")} value={d.immediate_actions} />",DIRECT_FACT,value_component_fact,value-bearing component rendering a fetched fact
frontend/src/pages/IncidentReportViewer.jsx:145,IncidentReportViewer,"<KV label={t(""Readiness"")} value={`${d.readiness_pct ?? 0}%`} testId=""",GOVERNED_DISTINCT_VARIANT,distinct_percentage_metric,backend-computed % rendered (distinct governed variant)
frontend/src/pages/IncidentReportViewer.jsx:147,IncidentReportViewer,"<KV label={t(""SLA"")} value={d.sla_status} />",DIRECT_FACT,value_component_fact,value-bearing component rendering a fetched fact
frontend/src/pages/IncidentReportViewer.jsx:148,IncidentReportViewer,"<KV label={t(""OSHA recordable"")} value={String(d.osha_recordable ?? ""—",DIRECT_FACT,value_component_fact,value-bearing component rendering a fetched fact
frontend/src/pages/IncidentReportViewer.jsx:149,IncidentReportViewer,"<KV label={t(""Root cause captured"")} value={d.root_cause_present ? t(""",DIRECT_FACT,value_component_fact,value-bearing component rendering a fetched fact
frontend/src/pages/IncidentReportViewer.jsx:226,IncidentReportViewer,"<KV label={t(""Entries"")} value={d.entries_count} />",DIRECT_FACT,displayed_count_fact,count of displayed/queried population
frontend/src/pages/IncidentReportViewer.jsx:227,IncidentReportViewer,"<KV label={t(""Total lost days"")} value={d.total_lost_days} />",DIRECT_FACT,value_component_fact,value-bearing component rendering a fetched fact
frontend/src/pages/IncidentReportViewer.jsx:281,IncidentReportViewer,report-viewer-section-corrective_actions,NON_TRUTH_SURFACE_EXCLUDED_WITH_REASON,structural/control/label testid,
frontend/src/pages/IncidentReportViewer.jsx:295,IncidentReportViewer,"<KV label={t(""Summary"")} value={d.summary} />",DIRECT_FACT,value_component_fact,value-bearing component rendering a fetched fact
frontend/src/pages/IncidentReportViewer.jsx:297,IncidentReportViewer,"<KV label={t(""Categories"")} value={(d.categories || []).join("", "") || ",DIRECT_FACT,value_component_fact,value-bearing component rendering a fetched fact
frontend/src/pages/IncidentReportViewer.jsx:299,IncidentReportViewer,"<KV label={t(""Contributing factors"")} value={(d.contributing_factors |",DIRECT_FACT,value_component_fact,value-bearing component rendering a fetched fact
frontend/src/pages/IncidentReportViewer.jsx:309,IncidentReportViewer,"{entries.map(([k, v]) => <KV key={k} label={k} value={v} />)}",DIRECT_FACT,value_component_fact,value-bearing component rendering a fetched fact
frontend/src/pages/IncidentReportViewer.jsx:388,IncidentReportViewer,"<KV label={t(""Root cause"")} value={d.root_cause_summary} />",DIRECT_FACT,value_component_fact,value-bearing component rendering a fetched fact
frontend/src/pages/IncidentReportViewer.jsx:390,IncidentReportViewer,"<KV label={t(""Contributing factors"")}",DIRECT_FACT,value_component_fact,value-bearing component rendering a fetched fact
frontend/src/pages/IncidentReportViewer.jsx:395,IncidentReportViewer,"<KV label={t(""Executive review notes"")} value={d.executive_review_note",DIRECT_FACT,value_component_fact,value-bearing component rendering a fetched fact
frontend/src/pages/IncidentReportViewer.jsx:475,IncidentReportViewer,report-viewer-loading,NON_TRUTH_SURFACE_EXCLUDED_WITH_REASON,structural/control/label testid,
frontend/src/pages/IncidentReportViewer.jsx:483,IncidentReportViewer,report-viewer-error,NON_TRUTH_SURFACE_EXCLUDED_WITH_REASON,structural/control/label testid,
frontend/src/pages/IncidentReportViewer.jsx:495,IncidentReportViewer,report-viewer-back-btn,NON_TRUTH_SURFACE_EXCLUDED_WITH_REASON,structural/control/label testid,
frontend/src/pages/IncidentReportViewer.jsx:530,IncidentReportViewer,report-viewer-print-btn,NON_TRUTH_SURFACE_EXCLUDED_WITH_REASON,structural/control/label testid,
frontend/src/pages/IncidentReportViewer.jsx:538,IncidentReportViewer,report-viewer-pdf-btn,NON_TRUTH_SURFACE_EXCLUDED_WITH_REASON,structural/control/label testid,
frontend/src/pages/IncidentReportViewer.jsx:545,IncidentReportViewer,report-viewer-share-btn,NON_TRUTH_SURFACE_EXCLUDED_WITH_REASON,structural/control/label testid,
frontend/src/pages/IncidentsDashboard.jsx:104,IncidentsDashboard,new-incident-btn,NON_TRUTH_SURFACE_EXCLUDED_WITH_REASON,structural/control/label testid,
frontend/src/pages/JhaPlansAdmin.jsx:278,JhaPlansAdmin,jha-admin-page,NON_TRUTH_SURFACE_EXCLUDED_WITH_REASON,structural/control/label testid,
frontend/src/pages/JhaPlansAdmin.jsx:279,JhaPlansAdmin,jha-admin-hero,NON_TRUTH_SURFACE_EXCLUDED_WITH_REASON,structural/control/label testid,
frontend/src/pages/JhaPlansAdmin.jsx:294,JhaPlansAdmin,jha-admin-attention-panel,NON_TRUTH_SURFACE_EXCLUDED_WITH_REASON,structural/control/label testid,
frontend/src/pages/JhaPlansAdmin.jsx:343,JhaPlansAdmin,jha-refresh,NON_TRUTH_SURFACE_EXCLUDED_WITH_REASON,structural/control/label testid,
frontend/src/pages/JhaPlansAdmin.jsx:359,JhaPlansAdmin,jha-filter,NON_TRUTH_SURFACE_EXCLUDED_WITH_REASON,structural/control/label testid,
frontend/src/pages/JhaPlansAdmin.jsx:363,JhaPlansAdmin,jha-new-project-panel,NON_TRUTH_SURFACE_EXCLUDED_WITH_REASON,structural/control/label testid,
frontend/src/pages/JhaPlansAdmin.jsx:377,JhaPlansAdmin,jha-new-project-input,NON_TRUTH_SURFACE_EXCLUDED_WITH_REASON,structural/control/label testid,
frontend/src/pages/JhaPlansAdmin.jsx:409,JhaPlansAdmin,jha-new-project-hidden-input,NON_TRUTH_SURFACE_EXCLUDED_WITH_REASON,structural/control/label testid,
frontend/src/pages/JhaPlansHub.jsx:163,JhaPlansHub,jha-attention-panel,NON_TRUTH_SURFACE_EXCLUDED_WITH_REASON,structural/control/label testid,
frontend/src/pages/JhaPlansHub.jsx:213,JhaPlansHub,jha-search,NON_TRUTH_SURFACE_EXCLUDED_WITH_REASON,structural/control/label testid,
frontend/src/pages/JobPhotosLibrary.jsx:327,JobPhotosLibrary,job-photos-library-page,NON_TRUTH_SURFACE_EXCLUDED_WITH_REASON,structural/control/label testid,
frontend/src/pages/JobPhotosLibrary.jsx:346,JobPhotosLibrary,photos-search,NON_TRUTH_SURFACE_EXCLUDED_WITH_REASON,structural/control/label testid,
frontend/src/pages/JobPhotosLibrary.jsx:354,JobPhotosLibrary,photos-source-filter,NON_TRUTH_SURFACE_EXCLUDED_WITH_REASON,structural/control/label testid,
frontend/src/pages/JobPhotosLibrary.jsx:372,JobPhotosLibrary,photos-empty,NON_TRUTH_SURFACE_EXCLUDED_WITH_REASON,structural/control/label testid,
frontend/src/pages/JobPhotosLibrary.jsx:513,JobPhotosLibrary,photos-email-btn,NON_TRUTH_SURFACE_EXCLUDED_WITH_REASON,structural/control/label testid,
frontend/src/pages/JobPhotosLibrary.jsx:521,JobPhotosLibrary,photos-download-btn,NON_TRUTH_SURFACE_EXCLUDED_WITH_REASON,structural/control/label testid,
frontend/src/pages/JobPhotosLibrary.jsx:768,JobPhotosLibrary,photos-lightbox-close,NON_TRUTH_SURFACE_EXCLUDED_WITH_REASON,structural/control/label testid,
frontend/src/pages/JobPhotosLibrary.jsx:811,JobPhotosLibrary,photos-email-dialog,NON_TRUTH_SURFACE_EXCLUDED_WITH_REASON,structural/control/label testid,
frontend/src/pages/JobPhotosLibrary.jsx:839,JobPhotosLibrary,photos-email-note,NON_TRUTH_SURFACE_EXCLUDED_WITH_REASON,structural/control/label testid,
frontend/src/pages/LeadershipHubV2.jsx:85,LeadershipHubV2,leadership-hub-v2-root,NON_TRUTH_SURFACE_EXCLUDED_WITH_REASON,structural/control/label testid,
frontend/src/pages/LeadershipHubV2.jsx:91,LeadershipHubV2,leadership-hub-v2-mission-banner,NON_TRUTH_SURFACE_EXCLUDED_WITH_REASON,structural/control/label testid,
frontend/src/pages/LeadershipHubV2.jsx:146,LeadershipHubV2,leadership-hub-v2-trace-note,NON_TRUTH_SURFACE_EXCLUDED_WITH_REASON,structural/control/label testid,
frontend/src/pages/MaterialCalculators.jsx:91,MaterialCalculators,calc-tabs,NON_TRUTH_SURFACE_EXCLUDED_WITH_REASON,structural/control/label testid,
frontend/src/pages/MaterialCalculators.jsx:117,MaterialCalculators,calc-active-tool-label,NON_TRUTH_SURFACE_EXCLUDED_WITH_REASON,structural/control/label testid,
frontend/src/pages/MeetingsDashboard.jsx:87,MeetingsDashboard,new-meeting-btn,NON_TRUTH_SURFACE_EXCLUDED_WITH_REASON,structural/control/label testid,
frontend/src/pages/NearMissKiosk.jsx:332,NearMissKiosk,near-miss-optional-toggle,NON_TRUTH_SURFACE_EXCLUDED_WITH_REASON,structural/control/label testid,
frontend/src/pages/NearMissKiosk.jsx:374,NearMissKiosk,near-miss-error,NON_TRUTH_SURFACE_EXCLUDED_WITH_REASON,structural/control/label testid,
frontend/src/pages/NearMissKiosk.jsx:383,NearMissKiosk,near-miss-submit,NON_TRUTH_SURFACE_EXCLUDED_WITH_REASON,structural/control/label testid,
frontend/src/pages/NewConstraint.jsx:148,NewConstraint,new-constraint-actions,NON_TRUTH_SURFACE_EXCLUDED_WITH_REASON,structural/control/label testid,
frontend/src/pages/NewConstraint.jsx:149,NewConstraint,new-constraint-cancel,NON_TRUTH_SURFACE_EXCLUDED_WITH_REASON,structural/control/label testid,
frontend/src/pages/NewConstraint.jsx:152,NewConstraint,new-constraint-submit,NON_TRUTH_SURFACE_EXCLUDED_WITH_REASON,structural/control/label testid,
frontend/src/pages/NewConstraint.jsx:159,NewConstraint,new-constraint-page,NON_TRUTH_SURFACE_EXCLUDED_WITH_REASON,structural/control/label testid,
frontend/src/pages/NewConstraint.jsx:171,NewConstraint,new-constraint-form,NON_TRUTH_SURFACE_EXCLUDED_WITH_REASON,structural/control/label testid,
frontend/src/pages/NewConstraint.jsx:201,NewConstraint,field-title,NON_TRUTH_SURFACE_EXCLUDED_WITH_REASON,structural/control/label testid,
frontend/src/pages/NewConstraint.jsx:275,NewConstraint,new-constraint-error,NON_TRUTH_SURFACE_EXCLUDED_WITH_REASON,structural/control/label testid,
frontend/src/pages/NewDailyReport.jsx:1074,NewDailyReport,daily-report-autosave-status,CANONICAL_STATUS,status,Wave-2 status vocab (TC-0002)
frontend/src/pages/NewDailyReport.jsx:1094,NewDailyReport,dr-v3-sticky-submit-status,CANONICAL_STATUS,status,Wave-2 status vocab (TC-0002)
frontend/src/pages/NewDailyReport.jsx:1104,NewDailyReport,dr-v3-sticky-submit-btn,NON_TRUTH_SURFACE_EXCLUDED_WITH_REASON,structural/control/label testid,
frontend/src/pages/NewDailyReport.jsx:1112,NewDailyReport,dr-v3-form-root,NON_TRUTH_SURFACE_EXCLUDED_WITH_REASON,structural/control/label testid,
frontend/src/pages/NewDailyReport.jsx:1208,NewDailyReport,dr-v3-smart-prefill-error,NON_TRUTH_SURFACE_EXCLUDED_WITH_REASON,structural/control/label testid,
frontend/src/pages/NewDailyReport.jsx:1259,NewDailyReport,dr-v3-form-body-shell,NON_TRUTH_SURFACE_EXCLUDED_WITH_REASON,structural/control/label testid,
frontend/src/pages/NewDailyReport.jsx:1260,NewDailyReport,dr-v3-form,NON_TRUTH_SURFACE_EXCLUDED_WITH_REASON,structural/control/label testid,
frontend/src/pages/NewDailyReportV3.jsx:1074,NewDailyReportV3,daily-report-autosave-status,CANONICAL_STATUS,status,Wave-2 status vocab (TC-0002)
frontend/src/pages/NewDailyReportV3.jsx:1094,NewDailyReportV3,dr-v3-sticky-submit-status,CANONICAL_STATUS,status,Wave-2 status vocab (TC-0002)
frontend/src/pages/NewDailyReportV3.jsx:1104,NewDailyReportV3,dr-v3-sticky-submit-btn,NON_TRUTH_SURFACE_EXCLUDED_WITH_REASON,structural/control/label testid,
frontend/src/pages/NewDailyReportV3.jsx:1112,NewDailyReportV3,dr-v3-form-root,NON_TRUTH_SURFACE_EXCLUDED_WITH_REASON,structural/control/label testid,
frontend/src/pages/NewDailyReportV3.jsx:1208,NewDailyReportV3,dr-v3-smart-prefill-error,NON_TRUTH_SURFACE_EXCLUDED_WITH_REASON,structural/control/label testid,
frontend/src/pages/NewDailyReportV3.jsx:1259,NewDailyReportV3,dr-v3-form-body-shell,NON_TRUTH_SURFACE_EXCLUDED_WITH_REASON,structural/control/label testid,
frontend/src/pages/NewDailyReportV3.jsx:1260,NewDailyReportV3,dr-v3-form,NON_TRUTH_SURFACE_EXCLUDED_WITH_REASON,structural/control/label testid,
frontend/src/pages/NewEquipmentInspection.jsx:761,NewEquipmentInspection,equipment-form-actions,NON_TRUTH_SURFACE_EXCLUDED_WITH_REASON,structural/control/label testid,
frontend/src/pages/NewEquipmentInspection.jsx:774,NewEquipmentInspection,submit-sticky-btn,NON_TRUTH_SURFACE_EXCLUDED_WITH_REASON,structural/control/label testid,
frontend/src/pages/NewEquipmentInspection.jsx:803,NewEquipmentInspection,critical-fluid-modal,NON_TRUTH_SURFACE_EXCLUDED_WITH_REASON,structural/control/label testid,
frontend/src/pages/NewEquipmentInspection.jsx:874,NewEquipmentInspection,oos-banner,NON_TRUTH_SURFACE_EXCLUDED_WITH_REASON,structural/control/label testid,
frontend/src/pages/NewEquipmentInspection.jsx:1076,NewEquipmentInspection,camera-obstruction-note,NON_TRUTH_SURFACE_EXCLUDED_WITH_REASON,structural/control/label testid,
frontend/src/pages/NewEquipmentInspection.jsx:1141,NewEquipmentInspection,input-unit-search,NON_TRUTH_SURFACE_EXCLUDED_WITH_REASON,structural/control/label testid,
frontend/src/pages/NewEquipmentInspection.jsx:1199,NewEquipmentInspection,preop-canonical-authority-note,NON_TRUTH_SURFACE_EXCLUDED_WITH_REASON,structural/control/label testid,
frontend/src/pages/NewEquipmentInspection.jsx:1438,NewEquipmentInspection,input-corrective-actions,NON_TRUTH_SURFACE_EXCLUDED_WITH_REASON,structural/control/label testid,
frontend/src/pages/NewEquipmentInspection.jsx:1504,NewEquipmentInspection,equip-submit-fail-hint,NON_TRUTH_SURFACE_EXCLUDED_WITH_REASON,structural/control/label testid,
frontend/src/pages/NewFleetDVIR.jsx:693,NewFleetDVIR,dvir-form-actions,NON_TRUTH_SURFACE_EXCLUDED_WITH_REASON,structural/control/label testid,
frontend/src/pages/NewFleetDVIR.jsx:725,NewFleetDVIR,fleet-dvir-form,NON_TRUTH_SURFACE_EXCLUDED_WITH_REASON,structural/control/label testid,
frontend/src/pages/NewFleetDVIR.jsx:729,NewFleetDVIR,dvir-cache-banner,NON_TRUTH_SURFACE_EXCLUDED_WITH_REASON,structural/control/label testid,
frontend/src/pages/NewFleetDVIR.jsx:796,NewFleetDVIR,dvir-truck-select,NON_TRUTH_SURFACE_EXCLUDED_WITH_REASON,structural/control/label testid,
frontend/src/pages/NewFleetDVIR.jsx:811,NewFleetDVIR,dvir-canonical-authority-note,NON_TRUTH_SURFACE_EXCLUDED_WITH_REASON,structural/control/label testid,
frontend/src/pages/NewFleetDVIR.jsx:1071,NewFleetDVIR,dvir-camera-obstruction-note,NON_TRUTH_SURFACE_EXCLUDED_WITH_REASON,structural/control/label testid,
frontend/src/pages/NewIncident.jsx:434,NewIncident,incident-form-actions,NON_TRUTH_SURFACE_EXCLUDED_WITH_REASON,structural/control/label testid,
frontend/src/pages/NewIncident.jsx:446,NewIncident,submit-sticky-btn,NON_TRUTH_SURFACE_EXCLUDED_WITH_REASON,structural/control/label testid,
frontend/src/pages/NewIncident.jsx:537,NewIncident,use-gps-btn,NON_TRUTH_SURFACE_EXCLUDED_WITH_REASON,structural/control/label testid,
frontend/src/pages/NewIncident.jsx:809,NewIncident,incident-threat-description,NON_TRUTH_SURFACE_EXCLUDED_WITH_REASON,structural/control/label testid,
frontend/src/pages/NewIncident.jsx:823,NewIncident,incident-weapon-description,NON_TRUTH_SURFACE_EXCLUDED_WITH_REASON,structural/control/label testid,
frontend/src/pages/NewIncident.jsx:911,NewIncident,incident-damage-description,NON_TRUTH_SURFACE_EXCLUDED_WITH_REASON,structural/control/label testid,
frontend/src/pages/NewIncident.jsx:1123,NewIncident,input-description,NON_TRUTH_SURFACE_EXCLUDED_WITH_REASON,structural/control/label testid,
frontend/src/pages/NewIncident.jsx:1183,NewIncident,incident-tier2-locked-banner,NON_TRUTH_SURFACE_EXCLUDED_WITH_REASON,structural/control/label testid,
frontend/src/pages/NewIncident.jsx:1404,NewIncident,input-immediate-actions,NON_TRUTH_SURFACE_EXCLUDED_WITH_REASON,structural/control/label testid,
frontend/src/pages/NewInspection.jsx:325,NewInspection,inspection-form-actions,NON_TRUTH_SURFACE_EXCLUDED_WITH_REASON,structural/control/label testid,
frontend/src/pages/NewInspection.jsx:337,NewInspection,submit-sticky-btn,NON_TRUTH_SURFACE_EXCLUDED_WITH_REASON,structural/control/label testid,
frontend/src/pages/NewInspection.jsx:424,NewInspection,use-gps-btn,NON_TRUTH_SURFACE_EXCLUDED_WITH_REASON,structural/control/label testid,
frontend/src/pages/NewInspection.jsx:792,NewInspection,inspection-submit-photos-hint,NON_TRUTH_SURFACE_EXCLUDED_WITH_REASON,structural/control/label testid,
frontend/src/pages/NewMeeting.jsx:451,NewMeeting,meeting-form-actions,NON_TRUTH_SURFACE_EXCLUDED_WITH_REASON,structural/control/label testid,
frontend/src/pages/NewMeeting.jsx:454,NewMeeting,meeting-submit-missing-hint,NON_TRUTH_SURFACE_EXCLUDED_WITH_REASON,structural/control/label testid,
frontend/src/pages/NewMeeting.jsx:464,NewMeeting,submit-sticky-btn,NON_TRUTH_SURFACE_EXCLUDED_WITH_REASON,structural/control/label testid,
frontend/src/pages/NewMeeting.jsx:625,NewMeeting,use-gps-btn,NON_TRUTH_SURFACE_EXCLUDED_WITH_REASON,structural/control/label testid,
frontend/src/pages/NewMeeting.jsx:756,NewMeeting,toggle-high-risk-label,NON_TRUTH_SURFACE_EXCLUDED_WITH_REASON,structural/control/label testid,
frontend/src/pages/NewMeeting.jsx:815,NewMeeting,toggle-sub-label,NON_TRUTH_SURFACE_EXCLUDED_WITH_REASON,structural/control/label testid,
frontend/src/pages/NewQaqcInspection.jsx:253,NewQaqcInspection,qaqc-form,NON_TRUTH_SURFACE_EXCLUDED_WITH_REASON,structural/control/label testid,
frontend/src/pages/NewQaqcInspection.jsx:278,NewQaqcInspection,qaqc-gps-btn,NON_TRUTH_SURFACE_EXCLUDED_WITH_REASON,structural/control/label testid,
frontend/src/pages/NewQaqcInspection.jsx:558,NewQaqcInspection,qaqc-submit-photos-hint,NON_TRUTH_SURFACE_EXCLUDED_WITH_REASON,structural/control/label testid,
frontend/src/pages/NewQaqcInspection.jsx:573,NewQaqcInspection,qaqc-submit,NON_TRUTH_SURFACE_EXCLUDED_WITH_REASON,structural/control/label testid,
frontend/src/pages/NewSafetyEquipmentIssuance.jsx:269,NewSafetyEquipmentIssuance,iss-form-actions,NON_TRUTH_SURFACE_EXCLUDED_WITH_REASON,structural/control/label testid,
frontend/src/pages/NewSafetyEquipmentIssuance.jsx:279,NewSafetyEquipmentIssuance,iss-submit,NON_TRUTH_SURFACE_EXCLUDED_WITH_REASON,structural/control/label testid,
frontend/src/pages/NewSafetyEquipmentIssuance.jsx:322,NewSafetyEquipmentIssuance,iss-form,NON_TRUTH_SURFACE_EXCLUDED_WITH_REASON,structural/control/label testid,
frontend/src/pages/NewSafetyEquipmentIssuance.jsx:582,NewSafetyEquipmentIssuance,iss-condition-note,NON_TRUTH_SURFACE_EXCLUDED_WITH_REASON,structural/control/label testid,
frontend/src/pages/NewSafetyEquipmentIssuance.jsx:674,NewSafetyEquipmentIssuance,iss-submit-photos-hint,NON_TRUTH_SURFACE_EXCLUDED_WITH_REASON,structural/control/label testid,
frontend/src/pages/NewSafetyEquipmentTraining.jsx:205,NewSafetyEquipmentTraining,trn-form-actions,NON_TRUTH_SURFACE_EXCLUDED_WITH_REASON,structural/control/label testid,
frontend/src/pages/NewSafetyEquipmentTraining.jsx:215,NewSafetyEquipmentTraining,trn-submit,NON_TRUTH_SURFACE_EXCLUDED_WITH_REASON,structural/control/label testid,
frontend/src/pages/NewSafetyEquipmentTraining.jsx:254,NewSafetyEquipmentTraining,trn-form,NON_TRUTH_SURFACE_EXCLUDED_WITH_REASON,structural/control/label testid,
frontend/src/pages/NewSafetyEquipmentTraining.jsx:529,NewSafetyEquipmentTraining,trn-submit-note,NON_TRUTH_SURFACE_EXCLUDED_WITH_REASON,structural/control/label testid,
frontend/src/pages/NotFound.jsx:32,NotFound,not-found-page,NON_TRUTH_SURFACE_EXCLUDED_WITH_REASON,structural/control/label testid,
frontend/src/pages/NotificationsDigest.jsx:213,NotificationsDigest,notif-refresh,NON_TRUTH_SURFACE_EXCLUDED_WITH_REASON,structural/control/label testid,
frontend/src/pages/NotificationsDigest.jsx:343,NotificationsDigest,notif-error,NON_TRUTH_SURFACE_EXCLUDED_WITH_REASON,structural/control/label testid,
frontend/src/pages/NotificationsDigest.jsx:348,NotificationsDigest,notif-empty,NON_TRUTH_SURFACE_EXCLUDED_WITH_REASON,structural/control/label testid,
frontend/src/pages/OperationsCenterCommand.jsx:99,OperationsCenterCommand,oc-cmd-exec-toggle,NON_TRUTH_SURFACE_EXCLUDED_WITH_REASON,structural/control/label testid,
frontend/src/pages/OperationsControlCaseDetail.jsx:164,OperationsControlCaseDetail,occ-case-detail-back-link,NON_TRUTH_SURFACE_EXCLUDED_WITH_REASON,structural/control/label testid,
frontend/src/pages/OperationsControlCaseDetail.jsx:172,OperationsControlCaseDetail,occ-case-detail-refresh-button,NON_TRUTH_SURFACE_EXCLUDED_WITH_REASON,structural/control/label testid,
frontend/src/pages/OperationsControlCaseDetail.jsx:187,OperationsControlCaseDetail,occ-case-detail-error,NON_TRUTH_SURFACE_EXCLUDED_WITH_REASON,structural/control/label testid,
frontend/src/pages/OperationsControlCaseDetail.jsx:204,OperationsControlCaseDetail,occ-case-detail-ack-button,NON_TRUTH_SURFACE_EXCLUDED_WITH_REASON,structural/control/label testid,
frontend/src/pages/OperationsControlCaseDetail.jsx:205,OperationsControlCaseDetail,occ-case-detail-task-button,NON_TRUTH_SURFACE_EXCLUDED_WITH_REASON,structural/control/label testid,
frontend/src/pages/OperationsControlCaseDetail.jsx:206,OperationsControlCaseDetail,occ-case-detail-export-button,NON_TRUTH_SURFACE_EXCLUDED_WITH_REASON,structural/control/label testid,
frontend/src/pages/OperationsControlCaseDetail.jsx:286,OperationsControlCaseDetail,occ-case-evidence-count,DIRECT_FACT,record_field_or_local_length,record serialization -> prop -> render
frontend/src/pages/OperationsControlCaseDetail.jsx:287,OperationsControlCaseDetail,occ-case-baseline-count,DIRECT_FACT,record_field_or_local_length,record serialization -> prop -> render
frontend/src/pages/OperationsControlCaseDetail.jsx:288,OperationsControlCaseDetail,occ-case-forecast-count,DIRECT_FACT,inline_length_or_count,inline .length/.count of rendered data
frontend/src/pages/OperationsControlCaseDetail.jsx:289,OperationsControlCaseDetail,occ-case-confidence-count,DIRECT_FACT,inline_length_or_count,inline .length/.count of rendered data
frontend/src/pages/OperationsControlCaseDetail.jsx:290,OperationsControlCaseDetail,occ-case-task-count,DIRECT_FACT,record_field_or_local_length,record serialization -> prop -> render
frontend/src/pages/OperationsControlCases.jsx:65,OperationsControlCases,occ-cases-refresh-button,NON_TRUTH_SURFACE_EXCLUDED_WITH_REASON,structural/control/label testid,
frontend/src/pages/OperationsControlCases.jsx:104,OperationsControlCases,occ-cases-error,NON_TRUTH_SURFACE_EXCLUDED_WITH_REASON,structural/control/label testid,
frontend/src/pages/OperationsControlCases.jsx:108,OperationsControlCases,occ-cases-empty,NON_TRUTH_SURFACE_EXCLUDED_WITH_REASON,structural/control/label testid,
frontend/src/pages/OperationsControlCasesRoute.jsx:14,OperationsControlCasesRoute,occ-cases-route-back-link,NON_TRUTH_SURFACE_EXCLUDED_WITH_REASON,structural/control/label testid,
frontend/src/pages/OperationsControlCenter.jsx:191,OperationsControlCenter,trust-layer-bounded-wrapper,NON_TRUTH_SURFACE_EXCLUDED_WITH_REASON,structural/control/label testid,
frontend/src/pages/OperationsControlCenter.jsx:194,OperationsControlCenter,trust-layer-bounded-disclosure,NON_TRUTH_SURFACE_EXCLUDED_WITH_REASON,structural/control/label testid,
frontend/src/pages/OperationsControlCenter.jsx:349,OperationsControlCenter,occ-control-plane-registry-title,NON_TRUTH_SURFACE_EXCLUDED_WITH_REASON,structural/control/label testid,
frontend/src/pages/OperationsControlCenter.jsx:596,OperationsControlCenter,trust-layer-refresh,NON_TRUTH_SURFACE_EXCLUDED_WITH_REASON,structural/control/label testid,
frontend/src/pages/OperationsControlCenter.jsx:607,OperationsControlCenter,trust-layer-error,NON_TRUTH_SURFACE_EXCLUDED_WITH_REASON,structural/control/label testid,
frontend/src/pages/OperationsControlCenter.jsx:642,OperationsControlCenter,trust-layer-search,NON_TRUTH_SURFACE_EXCLUDED_WITH_REASON,structural/control/label testid,
frontend/src/pages/OperationsControlCenter.jsx:967,OperationsControlCenter,occ-audit-panel,NON_TRUTH_SURFACE_EXCLUDED_WITH_REASON,structural/control/label testid,
frontend/src/pages/OperationsControlCenter.jsx:1259,OperationsControlCenter,occ-case-queue-section,NON_TRUTH_SURFACE_EXCLUDED_WITH_REASON,structural/control/label testid,
frontend/src/pages/OperationsControlCenter.jsx:1263,OperationsControlCenter,occ-governance-status-section,NON_TRUTH_SURFACE_EXCLUDED_WITH_REASON,structural/control/label testid,
frontend/src/pages/OperationsControlCenter.jsx:1270,OperationsControlCenter,occ-governance-open-admin-link,NON_TRUTH_SURFACE_EXCLUDED_WITH_REASON,structural/control/label testid,
frontend/src/pages/OperationsControlCenter.jsx:1273,OperationsControlCenter,occ-governance-health-status,CANONICAL_STATUS,status,Wave-2 status vocab (TC-0002)
frontend/src/pages/OperationsControlCenter.jsx:1309,OperationsControlCenter,occ-error,NON_TRUTH_SURFACE_EXCLUDED_WITH_REASON,structural/control/label testid,
frontend/src/pages/OperationsMapPage.jsx:33,OperationsMapPage,operations-map-page,NON_TRUTH_SURFACE_EXCLUDED_WITH_REASON,structural/control/label testid,
frontend/src/pages/OperationsMapPage.jsx:61,OperationsMapPage,ops-map-loading,NON_TRUTH_SURFACE_EXCLUDED_WITH_REASON,structural/control/label testid,
frontend/src/pages/OperationsMapPage.jsx:71,OperationsMapPage,ops-map-error,NON_TRUTH_SURFACE_EXCLUDED_WITH_REASON,structural/control/label testid,
frontend/src/pages/OpsTrainingCenter.jsx:43,OpsTrainingCenter,ops-training-nav-back,NON_TRUTH_SURFACE_EXCLUDED_WITH_REASON,structural/control/label testid,
frontend/src/pages/OpsTrainingCenter.jsx:112,OpsTrainingCenter,ops-training-mission-banner,NON_TRUTH_SURFACE_EXCLUDED_WITH_REASON,structural/control/label testid,
frontend/src/pages/OpsTrainingCenter.jsx:145,OpsTrainingCenter,ops-training-search,NON_TRUTH_SURFACE_EXCLUDED_WITH_REASON,structural/control/label testid,
frontend/src/pages/OpsTrainingGuide.jsx:80,OpsTrainingGuide,ops-training-nav-back,NON_TRUTH_SURFACE_EXCLUDED_WITH_REASON,structural/control/label testid,
frontend/src/pages/OpsTrainingGuide.jsx:145,OpsTrainingGuide,ops-training-guide-back,NON_TRUTH_SURFACE_EXCLUDED_WITH_REASON,structural/control/label testid,
frontend/src/pages/OpsTrainingGuide.jsx:176,OpsTrainingGuide,ops-training-guide-pdf,NON_TRUTH_SURFACE_EXCLUDED_WITH_REASON,structural/control/label testid,
frontend/src/pages/PmChangePassword.jsx:104,PmChangePassword,pm-change-pw-title,NON_TRUTH_SURFACE_EXCLUDED_WITH_REASON,structural/control/label testid,
frontend/src/pages/PmChangePassword.jsx:116,PmChangePassword,pm-change-pw-form,NON_TRUTH_SURFACE_EXCLUDED_WITH_REASON,structural/control/label testid,
frontend/src/pages/PmChangePassword.jsx:161,PmChangePassword,pm-change-pw-submit,NON_TRUTH_SURFACE_EXCLUDED_WITH_REASON,structural/control/label testid,
frontend/src/pages/PmCommandCenter.jsx:193,PmCommandCenter,pm-cc-tabs,NON_TRUTH_SURFACE_EXCLUDED_WITH_REASON,structural/control/label testid,
frontend/src/pages/PmCommandCenter.jsx:255,PmCommandCenter,pm-cc-team-card-empty,NON_TRUTH_SURFACE_EXCLUDED_WITH_REASON,structural/control/label testid,
frontend/src/pages/PmCommandCenter.jsx:292,PmCommandCenter,pm-cc-overview-skeleton,NON_TRUTH_SURFACE_EXCLUDED_WITH_REASON,structural/control/label testid,
frontend/src/pages/PmCrewCompliance.jsx:156,PmCrewCompliance,pm-crew-compliance,CANONICAL_KPI,compliance_rate,kpi_percent_complete.compliance_rate
frontend/src/pages/PmCrewCompliance.jsx:215,PmCrewCompliance,pm-crew-banner,NON_TRUTH_SURFACE_EXCLUDED_WITH_REASON,structural/control/label testid,
frontend/src/pages/PmCrewCompliance.jsx:227,PmCrewCompliance,pm-crew-error,NON_TRUTH_SURFACE_EXCLUDED_WITH_REASON,structural/control/label testid,
frontend/src/pages/PmCrewCompliance.jsx:241,PmCrewCompliance,pm-crew-search,NON_TRUTH_SURFACE_EXCLUDED_WITH_REASON,structural/control/label testid,
frontend/src/pages/PmCrewCompliance.jsx:244,PmCrewCompliance,pm-crew-refresh,NON_TRUTH_SURFACE_EXCLUDED_WITH_REASON,structural/control/label testid,
frontend/src/pages/PmCrewCompliance.jsx:250,PmCrewCompliance,pm-crew-tabs,NON_TRUTH_SURFACE_EXCLUDED_WITH_REASON,structural/control/label testid,
frontend/src/pages/PmCrewCompliance.jsx:302,PmCrewCompliance,pm-crew-emp-link,NON_TRUTH_SURFACE_EXCLUDED_WITH_REASON,structural/control/label testid,
frontend/src/pages/PmCrewCompliance.jsx:312,PmCrewCompliance,pm-crew-training-empty,NON_TRUTH_SURFACE_EXCLUDED_WITH_REASON,structural/control/label testid,
frontend/src/pages/PmCrewCompliance.jsx:374,PmCrewCompliance,pm-crew-ppe-empty,NON_TRUTH_SURFACE_EXCLUDED_WITH_REASON,structural/control/label testid,
frontend/src/pages/PmCrewCompliance.jsx:405,PmCrewCompliance,pm-crew-capas-empty,NON_TRUTH_SURFACE_EXCLUDED_WITH_REASON,structural/control/label testid,
frontend/src/pages/PmDueTodayV2.jsx:150,PmDueTodayV2,pm-due-today-v2-root,NON_TRUTH_SURFACE_EXCLUDED_WITH_REASON,structural/control/label testid,
frontend/src/pages/PmDueTodayV2.jsx:221,PmDueTodayV2,pm-due-trace-note,NON_TRUTH_SURFACE_EXCLUDED_WITH_REASON,structural/control/label testid,
frontend/src/pages/PmEarnedValueEngine.jsx:106,PmEarnedValueEngine,pm-earned-value-page,NON_TRUTH_SURFACE_EXCLUDED_WITH_REASON,structural/control/label testid,
frontend/src/pages/PmFieldLeadership.jsx:109,PmFieldLeadership,pm-fl-search,NON_TRUTH_SURFACE_EXCLUDED_WITH_REASON,structural/control/label testid,
frontend/src/pages/PmFieldLeadership.jsx:216,PmFieldLeadership,pm-fl-download-pdf,NON_TRUTH_SURFACE_EXCLUDED_WITH_REASON,structural/control/label testid,
frontend/src/pages/PmForecastingCommitments.jsx:98,PmForecastingCommitments,pm-forecasting-commitments-page,NON_TRUTH_SURFACE_EXCLUDED_WITH_REASON,structural/control/label testid,
frontend/src/pages/PmHoldsV2.jsx:160,PmHoldsV2,pm-holds-v2-root,NON_TRUTH_SURFACE_EXCLUDED_WITH_REASON,structural/control/label testid,
frontend/src/pages/PmHoldsV2.jsx:243,PmHoldsV2,pm-holds-trace-note,NON_TRUTH_SURFACE_EXCLUDED_WITH_REASON,structural/control/label testid,
frontend/src/pages/PmHub.jsx:287,PmHub,pm-crew-compliance-card,CANONICAL_KPI,compliance_rate,kpi_percent_complete.compliance_rate
frontend/src/pages/PmHub.jsx:299,PmHub,pm-crew-compliance-card-tiles,CANONICAL_KPI,compliance_rate,kpi_percent_complete.compliance_rate
frontend/src/pages/PmHub.jsx:306,PmHub,pm-crew-card-tile-expiring,CANONICAL_KPI,expiring_rate,lib.kpi_expiry
frontend/src/pages/PmHub.jsx:312,PmHub,pm-crew-card-tile-expired,CANONICAL_KPI,expiring_rate,lib.kpi_expiry
frontend/src/pages/PmHubV2.jsx:320,PmHubV2,pm-hub-v2-root,NON_TRUTH_SURFACE_EXCLUDED_WITH_REASON,structural/control/label testid,
frontend/src/pages/PmHubV2.jsx:340,PmHubV2,pm-hub-v2-mission-banner,NON_TRUTH_SURFACE_EXCLUDED_WITH_REASON,structural/control/label testid,
frontend/src/pages/PmLogin.jsx:186,PmLogin,pm-forgot-dialog,NON_TRUTH_SURFACE_EXCLUDED_WITH_REASON,structural/control/label testid,
frontend/src/pages/PmLogin.jsx:213,PmLogin,pm-forgot-email-input,NON_TRUTH_SURFACE_EXCLUDED_WITH_REASON,structural/control/label testid,
frontend/src/pages/PmLogin.jsx:223,PmLogin,pm-forgot-cancel,NON_TRUTH_SURFACE_EXCLUDED_WITH_REASON,structural/control/label testid,
frontend/src/pages/PmLogin.jsx:231,PmLogin,pm-forgot-submit,NON_TRUTH_SURFACE_EXCLUDED_WITH_REASON,structural/control/label testid,
frontend/src/pages/PmLogin.jsx:267,PmLogin,pm-login-form,NON_TRUTH_SURFACE_EXCLUDED_WITH_REASON,structural/control/label testid,
frontend/src/pages/PmLogin.jsx:286,PmLogin,pm-email-input,NON_TRUTH_SURFACE_EXCLUDED_WITH_REASON,structural/control/label testid,
frontend/src/pages/PmLogin.jsx:303,PmLogin,pm-password-input,NON_TRUTH_SURFACE_EXCLUDED_WITH_REASON,structural/control/label testid,
frontend/src/pages/PmLogin.jsx:327,PmLogin,pm-forgot-password-link,NON_TRUTH_SURFACE_EXCLUDED_WITH_REASON,structural/control/label testid,
frontend/src/pages/PmLogin.jsx:336,PmLogin,pm-login-submit,NON_TRUTH_SURFACE_EXCLUDED_WITH_REASON,structural/control/label testid,
frontend/src/pages/PmMondayReviewWorkspace.jsx:348,PmMondayReviewWorkspace,pm-monday-review-page,NON_TRUTH_SURFACE_EXCLUDED_WITH_REASON,structural/control/label testid,
frontend/src/pages/PmMondayReviewWorkspace.jsx:358,PmMondayReviewWorkspace,pm-monday-review-refresh,NON_TRUTH_SURFACE_EXCLUDED_WITH_REASON,structural/control/label testid,
frontend/src/pages/PmMondayReviewWorkspace.jsx:374,PmMondayReviewWorkspace,pm-monday-briefing-panel,NON_TRUTH_SURFACE_EXCLUDED_WITH_REASON,structural/control/label testid,
frontend/src/pages/PmMondayReviewWorkspace.jsx:393,PmMondayReviewWorkspace,pm-monday-review-readiness-panel,NON_TRUTH_SURFACE_EXCLUDED_WITH_REASON,structural/control/label testid,
frontend/src/pages/PmMondayReviewWorkspace.jsx:404,PmMondayReviewWorkspace,pm-monday-review-meta-executive-actions,NON_TRUTH_SURFACE_EXCLUDED_WITH_REASON,structural/control/label testid,
frontend/src/pages/PmMondayReviewWorkspace.jsx:410,PmMondayReviewWorkspace,pm-monday-review-save-meta,NON_TRUTH_SURFACE_EXCLUDED_WITH_REASON,structural/control/label testid,
frontend/src/pages/PmMondayReviewWorkspace.jsx:427,PmMondayReviewWorkspace,pm-monday-briefing-status,CANONICAL_STATUS,status,Wave-2 status vocab (TC-0002)
frontend/src/pages/PmMondayReviewWorkspace.jsx:428,PmMondayReviewWorkspace,pm-monday-briefing-generated-at,NON_TRUTH_SURFACE_EXCLUDED_WITH_REASON,structural/control/label testid,
frontend/src/pages/PmMondayReviewWorkspace.jsx:453,PmMondayReviewWorkspace,pm-monday-review-variance-panel,NON_TRUTH_SURFACE_EXCLUDED_WITH_REASON,structural/control/label testid,
frontend/src/pages/PmMondayReviewWorkspace.jsx:459,PmMondayReviewWorkspace,pm-monday-review-variance-count,DIRECT_FACT,record_field_or_local_length,record serialization -> prop -> render
frontend/src/pages/PmMondayReviewWorkspace.jsx:547,PmMondayReviewWorkspace,pm-monday-review-production-panel,NON_TRUTH_SURFACE_EXCLUDED_WITH_REASON,structural/control/label testid,
frontend/src/pages/PmMondayReviewWorkspace.jsx:559,PmMondayReviewWorkspace,pm-monday-review-payroll-panel,NON_TRUTH_SURFACE_EXCLUDED_WITH_REASON,structural/control/label testid,
frontend/src/pages/PmMondayReviewWorkspace.jsx:562,PmMondayReviewWorkspace,pm-monday-review-payroll-status,CANONICAL_STATUS,status,Wave-2 status vocab (TC-0002)
frontend/src/pages/PmMondayReviewWorkspace.jsx:569,PmMondayReviewWorkspace,pm-monday-review-links-panel,NON_TRUTH_SURFACE_EXCLUDED_WITH_REASON,structural/control/label testid,
frontend/src/pages/PmMondayReviewWorkspace.jsx:578,PmMondayReviewWorkspace,pm-monday-review-loading,NON_TRUTH_SURFACE_EXCLUDED_WITH_REASON,structural/control/label testid,
frontend/src/pages/PmMondayReviewWorkspace.jsx:580,PmMondayReviewWorkspace,pm-monday-review-empty,NON_TRUTH_SURFACE_EXCLUDED_WITH_REASON,structural/control/label testid,
frontend/src/pages/PmPortfolioIntelligence.jsx:92,PmPortfolioIntelligence,pm-portfolio-command-center-link,NON_TRUTH_SURFACE_EXCLUDED_WITH_REASON,structural/control/label testid,
frontend/src/pages/PmPortfolioIntelligence.jsx:98,PmPortfolioIntelligence,pm-portfolio-page,NON_TRUTH_SURFACE_EXCLUDED_WITH_REASON,structural/control/label testid,
frontend/src/pages/PmProjectBudgetAuthority.jsx:376,PmProjectBudgetAuthority,pm-project-budget-authority-page,NON_TRUTH_SURFACE_EXCLUDED_WITH_REASON,structural/control/label testid,
frontend/src/pages/PmProjectBudgetAuthority.jsx:385,PmProjectBudgetAuthority,pm-project-budget-refresh-button,NON_TRUTH_SURFACE_EXCLUDED_WITH_REASON,structural/control/label testid,
frontend/src/pages/PmProjectBudgetAuthority.jsx:388,PmProjectBudgetAuthority,pm-project-budget-export-button,NON_TRUTH_SURFACE_EXCLUDED_WITH_REASON,structural/control/label testid,
frontend/src/pages/PmProjectBudgetAuthority.jsx:393,PmProjectBudgetAuthority,pm-project-budget-project-picker-shell,NON_TRUTH_SURFACE_EXCLUDED_WITH_REASON,structural/control/label testid,
frontend/src/pages/PmProjectBudgetAuthority.jsx:420,PmProjectBudgetAuthority,pm-project-budget-tabs,NON_TRUTH_SURFACE_EXCLUDED_WITH_REASON,structural/control/label testid,
frontend/src/pages/PmProjectBudgetAuthority.jsx:422,PmProjectBudgetAuthority,pm-project-budget-imports-tab,NON_TRUTH_SURFACE_EXCLUDED_WITH_REASON,structural/control/label testid,
frontend/src/pages/PmProjectBudgetAuthority.jsx:423,PmProjectBudgetAuthority,pm-project-budget-versions-tab,NON_TRUTH_SURFACE_EXCLUDED_WITH_REASON,structural/control/label testid,
frontend/src/pages/PmProjectBudgetAuthority.jsx:424,PmProjectBudgetAuthority,pm-project-budget-review-tab,NON_TRUTH_SURFACE_EXCLUDED_WITH_REASON,structural/control/label testid,
frontend/src/pages/PmProjectBudgetAuthority.jsx:427,PmProjectBudgetAuthority,pm-project-budget-imports-panel,NON_TRUTH_SURFACE_EXCLUDED_WITH_REASON,structural/control/label testid,
frontend/src/pages/PmProjectBudgetAuthority.jsx:428,PmProjectBudgetAuthority,pm-project-budget-import-upload-section,NON_TRUTH_SURFACE_EXCLUDED_WITH_REASON,structural/control/label testid,
frontend/src/pages/PmProjectBudgetAuthority.jsx:438,PmProjectBudgetAuthority,pm-project-budget-source-kind-select,NON_TRUTH_SURFACE_EXCLUDED_WITH_REASON,structural/control/label testid,
frontend/src/pages/PmProjectBudgetAuthority.jsx:444,PmProjectBudgetAuthority,pm-project-budget-target-version-select,NON_TRUTH_SURFACE_EXCLUDED_WITH_REASON,structural/control/label testid,
frontend/src/pages/PmProjectBudgetAuthority.jsx:448,PmProjectBudgetAuthority,pm-project-budget-version-name-input,NON_TRUTH_SURFACE_EXCLUDED_WITH_REASON,structural/control/label testid,
frontend/src/pages/PmProjectBudgetAuthority.jsx:449,PmProjectBudgetAuthority,pm-project-budget-file-input,NON_TRUTH_SURFACE_EXCLUDED_WITH_REASON,structural/control/label testid,
frontend/src/pages/PmProjectBudgetAuthority.jsx:452,PmProjectBudgetAuthority,pm-project-budget-upload-button,NON_TRUTH_SURFACE_EXCLUDED_WITH_REASON,structural/control/label testid,
frontend/src/pages/PmProjectBudgetAuthority.jsx:458,PmProjectBudgetAuthority,pm-project-budget-import-count-badge,DIRECT_FACT,record_field_or_local_length,record serialization -> prop -> render
frontend/src/pages/PmProjectBudgetAuthority.jsx:477,PmProjectBudgetAuthority,pm-project-budget-import-detail-section,NON_TRUTH_SURFACE_EXCLUDED_WITH_REASON,structural/control/label testid,
frontend/src/pages/PmProjectBudgetAuthority.jsx:484,PmProjectBudgetAuthority,pm-project-budget-active-import-status,CANONICAL_STATUS,status,Wave-2 status vocab (TC-0002)
frontend/src/pages/PmProjectBudgetAuthority.jsx:485,PmProjectBudgetAuthority,pm-project-budget-activate-import-button,NON_TRUTH_SURFACE_EXCLUDED_WITH_REASON,structural/control/label testid,
frontend/src/pages/PmProjectBudgetAuthority.jsx:553,PmProjectBudgetAuthority,pm-project-budget-versions-panel,NON_TRUTH_SURFACE_EXCLUDED_WITH_REASON,structural/control/label testid,
frontend/src/pages/PmProjectBudgetAuthority.jsx:554,PmProjectBudgetAuthority,pm-project-budget-active-version-section,NON_TRUTH_SURFACE_EXCLUDED_WITH_REASON,structural/control/label testid,
frontend/src/pages/PmProjectBudgetAuthority.jsx:571,PmProjectBudgetAuthority,pm-project-budget-lines-section,NON_TRUTH_SURFACE_EXCLUDED_WITH_REASON,structural/control/label testid,
frontend/src/pages/PmProjectBudgetAuthority.jsx:578,PmProjectBudgetAuthority,pm-project-budget-compare-version-select,NON_TRUTH_SURFACE_EXCLUDED_WITH_REASON,structural/control/label testid,
frontend/src/pages/PmProjectBudgetAuthority.jsx:582,PmProjectBudgetAuthority,pm-project-budget-export-comparison-button,NON_TRUTH_SURFACE_EXCLUDED_WITH_REASON,structural/control/label testid,
frontend/src/pages/PmProjectBudgetAuthority.jsx:619,PmProjectBudgetAuthority,pm-project-budget-review-panel,NON_TRUTH_SURFACE_EXCLUDED_WITH_REASON,structural/control/label testid,
frontend/src/pages/PmProjectBudgetAuthority.jsx:620,PmProjectBudgetAuthority,pm-project-budget-review-queue-section,NON_TRUTH_SURFACE_EXCLUDED_WITH_REASON,structural/control/label testid,
frontend/src/pages/PmProjectBudgetAuthority.jsx:626,PmProjectBudgetAuthority,pm-project-budget-review-count-badge,DIRECT_FACT,record_field_or_local_length,record serialization -> prop -> render
frontend/src/pages/PmProjectBudgetAuthority.jsx:644,PmProjectBudgetAuthority,pm-project-budget-commitment-candidates-section,NON_TRUTH_SURFACE_EXCLUDED_WITH_REASON,structural/control/label testid,
frontend/src/pages/PmProjectBudgetAuthority.jsx:655,PmProjectBudgetAuthority,pm-project-budget-actual-cost-candidates-section,NON_TRUTH_SURFACE_EXCLUDED_WITH_REASON,structural/control/label testid,
frontend/src/pages/PmProjectControlsAuthority.jsx:191,PmProjectControlsAuthority,pm-project-controls-authority-page,NON_TRUTH_SURFACE_EXCLUDED_WITH_REASON,structural/control/label testid,
frontend/src/pages/PmProjectControlsAuthority.jsx:200,PmProjectControlsAuthority,pm-project-controls-refresh-button,NON_TRUTH_SURFACE_EXCLUDED_WITH_REASON,structural/control/label testid,
frontend/src/pages/PmProjectControlsAuthority.jsx:205,PmProjectControlsAuthority,pm-project-controls-project-picker-shell,NON_TRUTH_SURFACE_EXCLUDED_WITH_REASON,structural/control/label testid,
frontend/src/pages/PmProjectControlsAuthority.jsx:231,PmProjectControlsAuthority,pm-project-controls-pay-items-section,NON_TRUTH_SURFACE_EXCLUDED_WITH_REASON,structural/control/label testid,
frontend/src/pages/PmProjectControlsAuthority.jsx:237,PmProjectControlsAuthority,pm-project-controls-pay-item-count,DIRECT_FACT,record_field_or_local_length,record serialization -> prop -> render
frontend/src/pages/PmProjectControlsAuthority.jsx:240,PmProjectControlsAuthority,pm-project-controls-pay-item-number-input,NON_TRUTH_SURFACE_EXCLUDED_WITH_REASON,structural/control/label testid,
frontend/src/pages/PmProjectControlsAuthority.jsx:241,PmProjectControlsAuthority,pm-project-controls-pay-item-unit-input,NON_TRUTH_SURFACE_EXCLUDED_WITH_REASON,structural/control/label testid,
frontend/src/pages/PmProjectControlsAuthority.jsx:242,PmProjectControlsAuthority,pm-project-controls-pay-item-description-input,NON_TRUTH_SURFACE_EXCLUDED_WITH_REASON,structural/control/label testid,
frontend/src/pages/PmProjectControlsAuthority.jsx:244,PmProjectControlsAuthority,pm-project-controls-pay-item-quantity-input,NON_TRUTH_SURFACE_EXCLUDED_WITH_REASON,structural/control/label testid,
frontend/src/pages/PmProjectControlsAuthority.jsx:245,PmProjectControlsAuthority,pm-project-controls-pay-item-price-input,NON_TRUTH_SURFACE_EXCLUDED_WITH_REASON,structural/control/label testid,
frontend/src/pages/PmProjectControlsAuthority.jsx:249,PmProjectControlsAuthority,pm-project-controls-pay-item-save-button,NON_TRUTH_SURFACE_EXCLUDED_WITH_REASON,structural/control/label testid,
frontend/src/pages/PmProjectControlsAuthority.jsx:267,PmProjectControlsAuthority,pm-project-controls-mappings-section,NON_TRUTH_SURFACE_EXCLUDED_WITH_REASON,structural/control/label testid,
frontend/src/pages/PmProjectControlsAuthority.jsx:271,PmProjectControlsAuthority,pm-project-controls-mapping-pay-item-select,NON_TRUTH_SURFACE_EXCLUDED_WITH_REASON,structural/control/label testid,
frontend/src/pages/PmProjectControlsAuthority.jsx:275,PmProjectControlsAuthority,pm-project-controls-mapping-work-type-select,NON_TRUTH_SURFACE_EXCLUDED_WITH_REASON,structural/control/label testid,
frontend/src/pages/PmProjectControlsAuthority.jsx:280,PmProjectControlsAuthority,pm-project-controls-mapping-explanation-input,NON_TRUTH_SURFACE_EXCLUDED_WITH_REASON,structural/control/label testid,
frontend/src/pages/PmProjectControlsAuthority.jsx:282,PmProjectControlsAuthority,pm-project-controls-mapping-save-button,NON_TRUTH_SURFACE_EXCLUDED_WITH_REASON,structural/control/label testid,
frontend/src/pages/PmProjectControlsAuthority.jsx:297,PmProjectControlsAuthority,pm-project-controls-lookahead-section,NON_TRUTH_SURFACE_EXCLUDED_WITH_REASON,structural/control/label testid,
frontend/src/pages/PmProjectControlsAuthority.jsx:303,PmProjectControlsAuthority,pm-project-controls-lookahead-save-button,NON_TRUTH_SURFACE_EXCLUDED_WITH_REASON,structural/control/label testid,
frontend/src/pages/PmProjectControlsAuthority.jsx:305,PmProjectControlsAuthority,pm-project-controls-lookahead-note-input,NON_TRUTH_SURFACE_EXCLUDED_WITH_REASON,structural/control/label testid,
frontend/src/pages/PmProjectControlsAuthority.jsx:317,PmProjectControlsAuthority,pm-project-controls-lifecycle-section,NON_TRUTH_SURFACE_EXCLUDED_WITH_REASON,structural/control/label testid,
frontend/src/pages/PmProjectControlsAuthority.jsx:323,PmProjectControlsAuthority,pm-project-controls-archive-toggle-button,NON_TRUTH_SURFACE_EXCLUDED_WITH_REASON,structural/control/label testid,
frontend/src/pages/PmProjectControlsAuthority.jsx:337,PmProjectControlsAuthority,pm-project-controls-crew-section,NON_TRUTH_SURFACE_EXCLUDED_WITH_REASON,structural/control/label testid,
frontend/src/pages/PmProjectControlsAuthority.jsx:366,PmProjectControlsAuthority,pm-project-controls-ledger-section,NON_TRUTH_SURFACE_EXCLUDED_WITH_REASON,structural/control/label testid,
frontend/src/pages/PmProjectDetail.jsx:94,PmProjectDetail,pm-project-day-events-panel,NON_TRUTH_SURFACE_EXCLUDED_WITH_REASON,structural/control/label testid,
frontend/src/pages/PmProjectDetail.jsx:122,PmProjectDetail,pm-project-day-events-loading,NON_TRUTH_SURFACE_EXCLUDED_WITH_REASON,structural/control/label testid,
frontend/src/pages/PmProjectDetail.jsx:129,PmProjectDetail,pm-project-day-events-error,NON_TRUTH_SURFACE_EXCLUDED_WITH_REASON,structural/control/label testid,
frontend/src/pages/PmProjectDetail.jsx:138,PmProjectDetail,pm-project-day-events-empty,NON_TRUTH_SURFACE_EXCLUDED_WITH_REASON,structural/control/label testid,
frontend/src/pages/PmProjectDetail.jsx:297,PmProjectDetail,pm-project-material-movement-panel,NON_TRUTH_SURFACE_EXCLUDED_WITH_REASON,structural/control/label testid,
frontend/src/pages/PmProjectDetail.jsx:325,PmProjectDetail,pm-project-mm-loading,NON_TRUTH_SURFACE_EXCLUDED_WITH_REASON,structural/control/label testid,
frontend/src/pages/PmProjectDetail.jsx:332,PmProjectDetail,pm-project-mm-error,NON_TRUTH_SURFACE_EXCLUDED_WITH_REASON,structural/control/label testid,
frontend/src/pages/PmProjectDetail.jsx:341,PmProjectDetail,pm-project-mm-empty,NON_TRUTH_SURFACE_EXCLUDED_WITH_REASON,structural/control/label testid,
frontend/src/pages/PmProjectDetail.jsx:351,PmProjectDetail,pm-project-mm-status-row,CANONICAL_STATUS,status,Wave-2 status vocab (TC-0002)
frontend/src/pages/PmProjectDetail.jsx:560,PmProjectDetail,pm-project-detail-page,NON_TRUTH_SURFACE_EXCLUDED_WITH_REASON,structural/control/label testid,
frontend/src/pages/PmProjectDetail.jsx:574,PmProjectDetail,pm-project-detail-open-thread-link,NON_TRUTH_SURFACE_EXCLUDED_WITH_REASON,structural/control/label testid,
frontend/src/pages/PmProjectDetail.jsx:582,PmProjectDetail,pm-project-detail-back,NON_TRUTH_SURFACE_EXCLUDED_WITH_REASON,structural/control/label testid,
frontend/src/pages/PmProjectDetail.jsx:622,PmProjectDetail,pm-project-team-section,NON_TRUTH_SURFACE_EXCLUDED_WITH_REASON,structural/control/label testid,
frontend/src/pages/PmProjectDetail.jsx:628,PmProjectDetail,pm-project-team-full-page-link,NON_TRUTH_SURFACE_EXCLUDED_WITH_REASON,structural/control/label testid,
frontend/src/pages/PmProjectSchedule.jsx:521,PmProjectSchedule,pm-project-schedule-page,NON_TRUTH_SURFACE_EXCLUDED_WITH_REASON,structural/control/label testid,
frontend/src/pages/PmProjectSchedule.jsx:530,PmProjectSchedule,pm-project-schedule-refresh-button,NON_TRUTH_SURFACE_EXCLUDED_WITH_REASON,structural/control/label testid,
frontend/src/pages/PmProjectSchedule.jsx:533,PmProjectSchedule,pm-project-schedule-export-button,NON_TRUTH_SURFACE_EXCLUDED_WITH_REASON,structural/control/label testid,
frontend/src/pages/PmProjectSchedule.jsx:538,PmProjectSchedule,pm-project-schedule-project-picker-shell,NON_TRUTH_SURFACE_EXCLUDED_WITH_REASON,structural/control/label testid,
frontend/src/pages/PmProjectSchedule.jsx:566,PmProjectSchedule,pm-project-schedule-tabs,NON_TRUTH_SURFACE_EXCLUDED_WITH_REASON,structural/control/label testid,
frontend/src/pages/PmProjectSchedule.jsx:568,PmProjectSchedule,pm-project-schedule-imports-tab,NON_TRUTH_SURFACE_EXCLUDED_WITH_REASON,structural/control/label testid,
frontend/src/pages/PmProjectSchedule.jsx:569,PmProjectSchedule,pm-project-schedule-active-tab,NON_TRUTH_SURFACE_EXCLUDED_WITH_REASON,structural/control/label testid,
frontend/src/pages/PmProjectSchedule.jsx:570,PmProjectSchedule,pm-project-schedule-lookahead-tab,NON_TRUTH_SURFACE_EXCLUDED_WITH_REASON,structural/control/label testid,
frontend/src/pages/PmProjectSchedule.jsx:571,PmProjectSchedule,pm-project-schedule-actuals-tab,NON_TRUTH_SURFACE_EXCLUDED_WITH_REASON,structural/control/label testid,
frontend/src/pages/PmProjectSchedule.jsx:572,PmProjectSchedule,pm-project-schedule-review-tab,NON_TRUTH_SURFACE_EXCLUDED_WITH_REASON,structural/control/label testid,
frontend/src/pages/PmProjectSchedule.jsx:575,PmProjectSchedule,pm-project-schedule-imports-panel,NON_TRUTH_SURFACE_EXCLUDED_WITH_REASON,structural/control/label testid,
frontend/src/pages/PmProjectSchedule.jsx:576,PmProjectSchedule,pm-project-schedule-import-upload-section,NON_TRUTH_SURFACE_EXCLUDED_WITH_REASON,structural/control/label testid,
frontend/src/pages/PmProjectSchedule.jsx:586,PmProjectSchedule,pm-project-schedule-source-kind-select,NON_TRUTH_SURFACE_EXCLUDED_WITH_REASON,structural/control/label testid,
frontend/src/pages/PmProjectSchedule.jsx:592,PmProjectSchedule,pm-project-schedule-target-version-select,NON_TRUTH_SURFACE_EXCLUDED_WITH_REASON,structural/control/label testid,
frontend/src/pages/PmProjectSchedule.jsx:596,PmProjectSchedule,pm-project-schedule-version-name-input,NON_TRUTH_SURFACE_EXCLUDED_WITH_REASON,structural/control/label testid,
frontend/src/pages/PmProjectSchedule.jsx:597,PmProjectSchedule,pm-project-schedule-file-input,NON_TRUTH_SURFACE_EXCLUDED_WITH_REASON,structural/control/label testid,
frontend/src/pages/PmProjectSchedule.jsx:600,PmProjectSchedule,pm-project-schedule-upload-button,NON_TRUTH_SURFACE_EXCLUDED_WITH_REASON,structural/control/label testid,
frontend/src/pages/PmProjectSchedule.jsx:608,PmProjectSchedule,pm-project-schedule-import-count-badge,DIRECT_FACT,record_field_or_local_length,record serialization -> prop -> render
frontend/src/pages/PmProjectSchedule.jsx:627,PmProjectSchedule,pm-project-schedule-import-detail-section,NON_TRUTH_SURFACE_EXCLUDED_WITH_REASON,structural/control/label testid,
frontend/src/pages/PmProjectSchedule.jsx:634,PmProjectSchedule,pm-project-schedule-active-import-status,CANONICAL_STATUS,status,Wave-2 status vocab (TC-0002)
frontend/src/pages/PmProjectSchedule.jsx:635,PmProjectSchedule,pm-project-schedule-activate-import-button,NON_TRUTH_SURFACE_EXCLUDED_WITH_REASON,structural/control/label testid,
frontend/src/pages/PmProjectSchedule.jsx:711,PmProjectSchedule,pm-project-schedule-active-panel,NON_TRUTH_SURFACE_EXCLUDED_WITH_REASON,structural/control/label testid,
frontend/src/pages/PmProjectSchedule.jsx:712,PmProjectSchedule,pm-project-schedule-version-section,NON_TRUTH_SURFACE_EXCLUDED_WITH_REASON,structural/control/label testid,
frontend/src/pages/PmProjectSchedule.jsx:724,PmProjectSchedule,pm-project-schedule-activity-count,DIRECT_FACT,inline_length_or_count,inline .length/.count of rendered data
frontend/src/pages/PmProjectSchedule.jsx:730,PmProjectSchedule,pm-project-schedule-forecast-section,NON_TRUTH_SURFACE_EXCLUDED_WITH_REASON,structural/control/label testid,
frontend/src/pages/PmProjectSchedule.jsx:771,PmProjectSchedule,pm-project-schedule-export-section,NON_TRUTH_SURFACE_EXCLUDED_WITH_REASON,structural/control/label testid,
frontend/src/pages/PmProjectSchedule.jsx:778,PmProjectSchedule,pm-project-schedule-export-kind-select,NON_TRUTH_SURFACE_EXCLUDED_WITH_REASON,structural/control/label testid,
frontend/src/pages/PmProjectSchedule.jsx:781,PmProjectSchedule,pm-project-schedule-download-export-button,NON_TRUTH_SURFACE_EXCLUDED_WITH_REASON,structural/control/label testid,
frontend/src/pages/PmProjectSchedule.jsx:790,PmProjectSchedule,pm-project-schedule-email-recipients-input,NON_TRUTH_SURFACE_EXCLUDED_WITH_REASON,structural/control/label testid,
frontend/src/pages/PmProjectSchedule.jsx:791,PmProjectSchedule,pm-project-schedule-email-export-button,NON_TRUTH_SURFACE_EXCLUDED_WITH_REASON,structural/control/label testid,
frontend/src/pages/PmProjectSchedule.jsx:796,PmProjectSchedule,pm-project-schedule-activities-section,NON_TRUTH_SURFACE_EXCLUDED_WITH_REASON,structural/control/label testid,
frontend/src/pages/PmProjectSchedule.jsx:824,PmProjectSchedule,pm-project-schedule-work-packages-section,NON_TRUTH_SURFACE_EXCLUDED_WITH_REASON,structural/control/label testid,
frontend/src/pages/PmProjectSchedule.jsx:851,PmProjectSchedule,pm-project-schedule-lookahead-panel,NON_TRUTH_SURFACE_EXCLUDED_WITH_REASON,structural/control/label testid,
frontend/src/pages/PmProjectSchedule.jsx:852,PmProjectSchedule,pm-project-schedule-lookahead-editor-section,NON_TRUTH_SURFACE_EXCLUDED_WITH_REASON,structural/control/label testid,
frontend/src/pages/PmProjectSchedule.jsx:858,PmProjectSchedule,pm-project-schedule-save-lookahead-button,NON_TRUTH_SURFACE_EXCLUDED_WITH_REASON,structural/control/label testid,
frontend/src/pages/PmProjectSchedule.jsx:861,PmProjectSchedule,pm-project-schedule-lookahead-status-value,CANONICAL_STATUS,status,Wave-2 status vocab (TC-0002)
frontend/src/pages/PmProjectSchedule.jsx:862,PmProjectSchedule,pm-project-schedule-lookahead-2w-count,DIRECT_FACT,inline_length_or_count,inline .length/.count of rendered data
frontend/src/pages/PmProjectSchedule.jsx:863,PmProjectSchedule,pm-project-schedule-lookahead-4w-count,DIRECT_FACT,inline_length_or_count,inline .length/.count of rendered data
frontend/src/pages/PmProjectSchedule.jsx:868,PmProjectSchedule,pm-project-schedule-lookahead-status-input,NON_TRUTH_SURFACE_EXCLUDED_WITH_REASON,structural/control/label testid,
frontend/src/pages/PmProjectSchedule.jsx:872,PmProjectSchedule,pm-project-schedule-lookahead-note-input,NON_TRUTH_SURFACE_EXCLUDED_WITH_REASON,structural/control/label testid,
frontend/src/pages/PmProjectSchedule.jsx:876,PmProjectSchedule,pm-project-schedule-lookahead-tasks-input,NON_TRUTH_SURFACE_EXCLUDED_WITH_REASON,structural/control/label testid,
frontend/src/pages/PmProjectSchedule.jsx:877,PmProjectSchedule,pm-project-schedule-lookahead-constraints-input,NON_TRUTH_SURFACE_EXCLUDED_WITH_REASON,structural/control/label testid,
frontend/src/pages/PmProjectSchedule.jsx:891,PmProjectSchedule,pm-project-schedule-actuals-panel,NON_TRUTH_SURFACE_EXCLUDED_WITH_REASON,structural/control/label testid,
frontend/src/pages/PmProjectSchedule.jsx:902,PmProjectSchedule,pm-project-schedule-review-panel,NON_TRUTH_SURFACE_EXCLUDED_WITH_REASON,structural/control/label testid,
frontend/src/pages/PmProjectSchedule.jsx:903,PmProjectSchedule,pm-project-schedule-review-queue-section,NON_TRUTH_SURFACE_EXCLUDED_WITH_REASON,structural/control/label testid,
frontend/src/pages/PmProjectSchedule.jsx:909,PmProjectSchedule,pm-project-schedule-review-count-badge,DIRECT_FACT,record_field_or_local_length,record serialization -> prop -> render
frontend/src/pages/PmProjectThread.jsx:445,PmProjectThread,pm-project-thread-header,NON_TRUTH_SURFACE_EXCLUDED_WITH_REASON,structural/control/label testid,
frontend/src/pages/PmProjectThread.jsx:451,PmProjectThread,pm-project-thread-classic-link,NON_TRUTH_SURFACE_EXCLUDED_WITH_REASON,structural/control/label testid,
frontend/src/pages/PmProjectThread.jsx:460,PmProjectThread,pm-project-thread-loading,NON_TRUTH_SURFACE_EXCLUDED_WITH_REASON,structural/control/label testid,
frontend/src/pages/PmProjectThread.jsx:467,PmProjectThread,pm-project-thread-error,NON_TRUTH_SURFACE_EXCLUDED_WITH_REASON,structural/control/label testid,
frontend/src/pages/PmQaqcList.jsx:196,PmQaqcList,pm-qaqc-search,NON_TRUTH_SURFACE_EXCLUDED_WITH_REASON,structural/control/label testid,
frontend/src/pages/PmQaqcList.jsx:208,PmQaqcList,pm-qaqc-kind-filter,NON_TRUTH_SURFACE_EXCLUDED_WITH_REASON,structural/control/label testid,
frontend/src/pages/PmResetPassword.jsx:82,PmResetPassword,pm-reset-title,NON_TRUTH_SURFACE_EXCLUDED_WITH_REASON,structural/control/label testid,
frontend/src/pages/PmResetPassword.jsx:89,PmResetPassword,pm-reset-form,NON_TRUTH_SURFACE_EXCLUDED_WITH_REASON,structural/control/label testid,
frontend/src/pages/PmResetPassword.jsx:121,PmResetPassword,pm-reset-submit,NON_TRUTH_SURFACE_EXCLUDED_WITH_REASON,structural/control/label testid,
frontend/src/pages/PmV2Preview.jsx:370,PmV2Preview,pm-v2-preview-root,NON_TRUTH_SURFACE_EXCLUDED_WITH_REASON,structural/control/label testid,
frontend/src/pages/PmV2Preview.jsx:372,PmV2Preview,pm-v2-preview-banner,NON_TRUTH_SURFACE_EXCLUDED_WITH_REASON,structural/control/label testid,
frontend/src/pages/PmV2Preview.jsx:402,PmV2Preview,pm-v2-purpose-note,NON_TRUTH_SURFACE_EXCLUDED_WITH_REASON,structural/control/label testid,
frontend/src/pages/PoRequests.jsx:228,PoRequests,po-requests-page,NON_TRUTH_SURFACE_EXCLUDED_WITH_REASON,structural/control/label testid,
frontend/src/pages/PoRequests.jsx:234,PoRequests,po-authority-banner,NON_TRUTH_SURFACE_EXCLUDED_WITH_REASON,structural/control/label testid,
frontend/src/pages/PoRequests.jsx:272,PoRequests,po-status-filter,NON_TRUTH_SURFACE_EXCLUDED_WITH_REASON,structural/control/label testid,
frontend/src/pages/PoRequests.jsx:282,PoRequests,po-search-input,NON_TRUTH_SURFACE_EXCLUDED_WITH_REASON,structural/control/label testid,
frontend/src/pages/PoRequests.jsx:284,PoRequests,po-refresh,NON_TRUTH_SURFACE_EXCLUDED_WITH_REASON,structural/control/label testid,
frontend/src/pages/PoRequests.jsx:304,PoRequests,po-export-csv,NON_TRUTH_SURFACE_EXCLUDED_WITH_REASON,structural/control/label testid,
frontend/src/pages/PoRequests.jsx:323,PoRequests,po-supervisor-filter,NON_TRUTH_SURFACE_EXCLUDED_WITH_REASON,structural/control/label testid,
frontend/src/pages/PoRequests.jsx:333,PoRequests,po-vendor-filter,NON_TRUTH_SURFACE_EXCLUDED_WITH_REASON,structural/control/label testid,
frontend/src/pages/PoRequests.jsx:343,PoRequests,po-project-filter,NON_TRUTH_SURFACE_EXCLUDED_WITH_REASON,structural/control/label testid,
frontend/src/pages/PoRequests.jsx:465,PoRequests,po-add-dialog,NON_TRUTH_SURFACE_EXCLUDED_WITH_REASON,structural/control/label testid,
frontend/src/pages/PoRequests.jsx:516,PoRequests,po-add-description,NON_TRUTH_SURFACE_EXCLUDED_WITH_REASON,structural/control/label testid,
frontend/src/pages/PoRequests.jsx:554,PoRequests,po-add-cancel,NON_TRUTH_SURFACE_EXCLUDED_WITH_REASON,structural/control/label testid,
frontend/src/pages/PoRequests.jsx:555,PoRequests,po-add-submit,NON_TRUTH_SURFACE_EXCLUDED_WITH_REASON,structural/control/label testid,
frontend/src/pages/PoRequests.jsx:636,PoRequests,po-drawer,NON_TRUTH_SURFACE_EXCLUDED_WITH_REASON,structural/control/label testid,
frontend/src/pages/PoRequests.jsx:653,PoRequests,"<KV label=""Vendor"" value={po.vendor} />",DIRECT_FACT,value_component_fact,value-bearing component rendering a fetched fact
frontend/src/pages/PoRequests.jsx:654,PoRequests,"<KV label=""Category"" value={po.category} />",DIRECT_FACT,value_component_fact,value-bearing component rendering a fetched fact
frontend/src/pages/PoRequests.jsx:655,PoRequests,"<KV label=""Description"" value={po.description} multiline />",DIRECT_FACT,value_component_fact,value-bearing component rendering a fetched fact
frontend/src/pages/PoRequests.jsx:656,PoRequests,"<KV label=""Requested by"" value={`${po.requested_by_name} (${po.request",DIRECT_FACT,value_component_fact,value-bearing component rendering a fetched fact
frontend/src/pages/PoRequests.jsx:657,PoRequests,"<KV label=""Submitted"" value={formatLocalDateTime(po.created_at)} />",DIRECT_FACT,value_component_fact,value-bearing component rendering a fetched fact
frontend/src/pages/PoRequests.jsx:658,PoRequests,"{po.needed_by_date && <KV label=""Needed by"" value={po.needed_by_date} ",DIRECT_FACT,value_component_fact,value-bearing component rendering a fetched fact
frontend/src/pages/PoRequests.jsx:659,PoRequests,"{po.approved_by && <KV label=""Approved by"" value={`${po.approved_by.na",DIRECT_FACT,value_component_fact,value-bearing component rendering a fetched fact
frontend/src/pages/PoRequests.jsx:660,PoRequests,"{po.rejection_reason && <KV label=""Reason"" value={po.rejection_reason}",DIRECT_FACT,value_component_fact,value-bearing component rendering a fetched fact
frontend/src/pages/PoRequests.jsx:681,PoRequests,po-receipt-form,NON_TRUTH_SURFACE_EXCLUDED_WITH_REASON,structural/control/label testid,
frontend/src/pages/PoRequests.jsx:690,PoRequests,po-receipt-submit,NON_TRUTH_SURFACE_EXCLUDED_WITH_REASON,structural/control/label testid,
frontend/src/pages/PoRequests.jsx:712,PoRequests,po-clarification-response-input,NON_TRUTH_SURFACE_EXCLUDED_WITH_REASON,structural/control/label testid,
frontend/src/pages/PoRequests.jsx:719,PoRequests,po-clarification-response-submit,NON_TRUTH_SURFACE_EXCLUDED_WITH_REASON,structural/control/label testid,
frontend/src/pages/PoRequests.jsx:747,PoRequests,po-approve-btn,NON_TRUTH_SURFACE_EXCLUDED_WITH_REASON,structural/control/label testid,
frontend/src/pages/PoRequests.jsx:752,PoRequests,po-clarify-btn,NON_TRUTH_SURFACE_EXCLUDED_WITH_REASON,structural/control/label testid,
frontend/src/pages/PoRequests.jsx:757,PoRequests,po-reject-btn,NON_TRUTH_SURFACE_EXCLUDED_WITH_REASON,structural/control/label testid,
frontend/src/pages/PoRequests.jsx:769,PoRequests,po-close-btn,NON_TRUTH_SURFACE_EXCLUDED_WITH_REASON,structural/control/label testid,
frontend/src/pages/PoRequests.jsx:774,PoRequests,po-cancel-btn,NON_TRUTH_SURFACE_EXCLUDED_WITH_REASON,structural/control/label testid,
frontend/src/pages/ProjectHealth.jsx:164,ProjectHealth,project-health-refresh,NON_TRUTH_SURFACE_EXCLUDED_WITH_REASON,structural/control/label testid,
frontend/src/pages/ProjectHealth.jsx:174,ProjectHealth,project-health-page,NON_TRUTH_SURFACE_EXCLUDED_WITH_REASON,structural/control/label testid,
frontend/src/pages/ProjectHealth.jsx:249,ProjectHealth,project-health-sort,NON_TRUTH_SURFACE_EXCLUDED_WITH_REASON,structural/control/label testid,
frontend/src/pages/ProjectHealth.jsx:259,ProjectHealth,project-health-error,NON_TRUTH_SURFACE_EXCLUDED_WITH_REASON,structural/control/label testid,
frontend/src/pages/ProjectHealth.jsx:266,ProjectHealth,project-health-loading,NON_TRUTH_SURFACE_EXCLUDED_WITH_REASON,structural/control/label testid,
frontend/src/pages/ProjectHealth.jsx:273,ProjectHealth,project-health-empty,NON_TRUTH_SURFACE_EXCLUDED_WITH_REASON,structural/control/label testid,
frontend/src/pages/ProjectPnlPage.jsx:167,ProjectPnlPage,project-pnl-page,NON_TRUTH_SURFACE_EXCLUDED_WITH_REASON,structural/control/label testid,
frontend/src/pages/ProjectPnlPage.jsx:190,ProjectPnlPage,pnl-project-select,NON_TRUTH_SURFACE_EXCLUDED_WITH_REASON,structural/control/label testid,
frontend/src/pages/ProjectPnlPage.jsx:253,ProjectPnlPage,pnl-run-btn,NON_TRUTH_SURFACE_EXCLUDED_WITH_REASON,structural/control/label testid,
frontend/src/pages/ProjectStaffingHub.jsx:158,ProjectStaffingHub,overloaded-crew-section,NON_TRUTH_SURFACE_EXCLUDED_WITH_REASON,structural/control/label testid,
frontend/src/pages/ProjectStaffingHub.jsx:310,ProjectStaffingHub,staffing-search,NON_TRUTH_SURFACE_EXCLUDED_WITH_REASON,structural/control/label testid,
frontend/src/pages/PublicTimeOff.jsx:193,PublicTimeOff,public-time-off-form,NON_TRUTH_SURFACE_EXCLUDED_WITH_REASON,structural/control/label testid,
frontend/src/pages/PublicTimeOff.jsx:272,PublicTimeOff,public-submit,NON_TRUTH_SURFACE_EXCLUDED_WITH_REASON,structural/control/label testid,
frontend/src/pages/QaqcSection.jsx:103,QaqcSection,qaqc-section-heading,NON_TRUTH_SURFACE_EXCLUDED_WITH_REASON,structural/control/label testid,
frontend/src/pages/ReturnEquipment.jsx:201,ReturnEquipment,ret-form-actions,NON_TRUTH_SURFACE_EXCLUDED_WITH_REASON,structural/control/label testid,
frontend/src/pages/ReturnEquipment.jsx:211,ReturnEquipment,ret-submit,NON_TRUTH_SURFACE_EXCLUDED_WITH_REASON,structural/control/label testid,
frontend/src/pages/ReturnEquipment.jsx:245,ReturnEquipment,ret-form,NON_TRUTH_SURFACE_EXCLUDED_WITH_REASON,structural/control/label testid,
frontend/src/pages/Revise.jsx:82,Revise,revise-page,NON_TRUTH_SURFACE_EXCLUDED_WITH_REASON,structural/control/label testid,
frontend/src/pages/Revise.jsx:98,Revise,revise-page-title,NON_TRUTH_SURFACE_EXCLUDED_WITH_REASON,structural/control/label testid,
frontend/src/pages/Revise.jsx:108,Revise,revise-loading,NON_TRUTH_SURFACE_EXCLUDED_WITH_REASON,structural/control/label testid,
frontend/src/pages/Revise.jsx:116,Revise,revise-error,NON_TRUTH_SURFACE_EXCLUDED_WITH_REASON,structural/control/label testid,
frontend/src/pages/Revise.jsx:171,Revise,revise-changes-input,NON_TRUTH_SURFACE_EXCLUDED_WITH_REASON,structural/control/label testid,
frontend/src/pages/Revise.jsx:187,Revise,revise-note-input,NON_TRUTH_SURFACE_EXCLUDED_WITH_REASON,structural/control/label testid,
frontend/src/pages/Revise.jsx:194,Revise,revise-submit-btn,NON_TRUTH_SURFACE_EXCLUDED_WITH_REASON,structural/control/label testid,
frontend/src/pages/SafetyAudits.jsx:74,SafetyAudits,safety-audits-page,NON_TRUTH_SURFACE_EXCLUDED_WITH_REASON,structural/control/label testid,
frontend/src/pages/SafetyAudits.jsx:116,SafetyAudits,audits-search,NON_TRUTH_SURFACE_EXCLUDED_WITH_REASON,structural/control/label testid,
frontend/src/pages/SafetyAudits.jsx:119,SafetyAudits,audits-status,CANONICAL_STATUS,status,Wave-2 status vocab (TC-0002)
frontend/src/pages/SafetyAudits.jsx:135,SafetyAudits,audits-empty,NON_TRUTH_SURFACE_EXCLUDED_WITH_REASON,structural/control/label testid,
frontend/src/pages/SafetyCaseWorkspace.jsx:101,SafetyCaseWorkspace,case-header,NON_TRUTH_SURFACE_EXCLUDED_WITH_REASON,structural/control/label testid,
frontend/src/pages/SafetyCaseWorkspace.jsx:141,SafetyCaseWorkspace,case-header-next-action,NON_TRUTH_SURFACE_EXCLUDED_WITH_REASON,structural/control/label testid,
frontend/src/pages/SafetyCaseWorkspace.jsx:250,SafetyCaseWorkspace,case-timeline-empty,NON_TRUTH_SURFACE_EXCLUDED_WITH_REASON,structural/control/label testid,
frontend/src/pages/SafetyCaseWorkspace.jsx:372,SafetyCaseWorkspace,case-rca-save,NON_TRUTH_SURFACE_EXCLUDED_WITH_REASON,structural/control/label testid,
frontend/src/pages/SafetyCaseWorkspace.jsx:438,SafetyCaseWorkspace,safety-case-workspace-error,NON_TRUTH_SURFACE_EXCLUDED_WITH_REASON,structural/control/label testid,
frontend/src/pages/SafetyCaseWorkspace.jsx:471,SafetyCaseWorkspace,safety-case-open-thread-link,NON_TRUTH_SURFACE_EXCLUDED_WITH_REASON,structural/control/label testid,
frontend/src/pages/SafetyCaseWorkspace.jsx:628,SafetyCaseWorkspace,case-closeout-status,CANONICAL_STATUS,status,Wave-2 status vocab (TC-0002)
frontend/src/pages/SafetyChangePassword.jsx:110,SafetyChangePassword,safety-change-pw-title,NON_TRUTH_SURFACE_EXCLUDED_WITH_REASON,structural/control/label testid,
frontend/src/pages/SafetyChangePassword.jsx:122,SafetyChangePassword,safety-change-pw-form,NON_TRUTH_SURFACE_EXCLUDED_WITH_REASON,structural/control/label testid,
frontend/src/pages/SafetyChangePassword.jsx:167,SafetyChangePassword,safety-change-pw-submit,NON_TRUTH_SURFACE_EXCLUDED_WITH_REASON,structural/control/label testid,
frontend/src/pages/SafetyCorrectiveActions.jsx:418,SafetyCorrectiveActions,safety-ca-search,NON_TRUTH_SURFACE_EXCLUDED_WITH_REASON,structural/control/label testid,
frontend/src/pages/SafetyCorrectiveActions.jsx:553,SafetyCorrectiveActions,safety-ca-form-title,NON_TRUTH_SURFACE_EXCLUDED_WITH_REASON,structural/control/label testid,
frontend/src/pages/SafetyCorrectiveActions.jsx:564,SafetyCorrectiveActions,safety-ca-form-desc,NON_TRUTH_SURFACE_EXCLUDED_WITH_REASON,structural/control/label testid,
frontend/src/pages/SafetyCorrectiveActions.jsx:673,SafetyCorrectiveActions,safety-ca-form-status,CANONICAL_STATUS,status,Wave-2 status vocab (TC-0002)
frontend/src/pages/SafetyCorrectiveActions.jsx:767,SafetyCorrectiveActions,safety-ca-form-cancel,NON_TRUTH_SURFACE_EXCLUDED_WITH_REASON,structural/control/label testid,
frontend/src/pages/SafetyCorrectiveActions.jsx:775,SafetyCorrectiveActions,safety-ca-form-save,NON_TRUTH_SURFACE_EXCLUDED_WITH_REASON,structural/control/label testid,
frontend/src/pages/SafetyDigest.jsx:69,SafetyDigest,safety-digest-refresh,NON_TRUTH_SURFACE_EXCLUDED_WITH_REASON,structural/control/label testid,
frontend/src/pages/SafetyDocuments.jsx:147,SafetyDocuments,safety-doc-upload-btn,NON_TRUTH_SURFACE_EXCLUDED_WITH_REASON,structural/control/label testid,
frontend/src/pages/SafetyDocuments.jsx:161,SafetyDocuments,safety-doc-search,NON_TRUTH_SURFACE_EXCLUDED_WITH_REASON,structural/control/label testid,
frontend/src/pages/SafetyDocuments.jsx:225,SafetyDocuments,safety-doc-form-title,NON_TRUTH_SURFACE_EXCLUDED_WITH_REASON,structural/control/label testid,
frontend/src/pages/SafetyDocuments.jsx:245,SafetyDocuments,safety-doc-form-save,NON_TRUTH_SURFACE_EXCLUDED_WITH_REASON,structural/control/label testid,
frontend/src/pages/SafetyDriverProfile.jsx:23,SafetyDriverProfile,safety-driver-profile-page,NON_TRUTH_SURFACE_EXCLUDED_WITH_REASON,structural/control/label testid,
frontend/src/pages/SafetyEmployeeProfiles.jsx:99,SafetyEmployeeProfiles,safety-emp-back,NON_TRUTH_SURFACE_EXCLUDED_WITH_REASON,structural/control/label testid,
frontend/src/pages/SafetyEmployeeProfiles.jsx:107,SafetyEmployeeProfiles,safety-emp-accountability-link,NON_TRUTH_SURFACE_EXCLUDED_WITH_REASON,structural/control/label testid,
frontend/src/pages/SafetyEmployeeProfiles.jsx:178,SafetyEmployeeProfiles,safety-emp-history-fullpage-link,NON_TRUTH_SURFACE_EXCLUDED_WITH_REASON,structural/control/label testid,
frontend/src/pages/SafetyEmployeeProfiles.jsx:198,SafetyEmployeeProfiles,safety-emp-search,NON_TRUTH_SURFACE_EXCLUDED_WITH_REASON,structural/control/label testid,
frontend/src/pages/SafetyFireExtImport.jsx:233,SafetyFireExtImport,"<Stat label=""Total Rows"" value={preview.total_rows} accent=""slate"" />",DIRECT_FACT,value_component_fact,value-bearing component rendering a fetched fact
frontend/src/pages/SafetyFireExtImport.jsx:234,SafetyFireExtImport,"<Stat label=""Will Create"" value={preview.to_create} accent=""emerald"" /",DIRECT_FACT,value_component_fact,value-bearing component rendering a fetched fact
frontend/src/pages/SafetyFireExtImport.jsx:235,SafetyFireExtImport,"<Stat label=""Will Update"" value={preview.to_update} accent=""sky"" />",DIRECT_FACT,value_component_fact,value-bearing component rendering a fetched fact
frontend/src/pages/SafetyFireExtImport.jsx:236,SafetyFireExtImport,"<Stat label=""Will Skip"" value={preview.to_skip} accent={preview.to_ski",DIRECT_FACT,value_component_fact,value-bearing component rendering a fetched fact
frontend/src/pages/SafetyFireExtImport.jsx:248,SafetyFireExtImport,safety-fe-import-error-filter,NON_TRUTH_SURFACE_EXCLUDED_WITH_REASON,structural/control/label testid,
frontend/src/pages/SafetyFireExtinguishers.jsx:275,SafetyFireExtinguishers,safety-fe-search,NON_TRUTH_SURFACE_EXCLUDED_WITH_REASON,structural/control/label testid,
frontend/src/pages/SafetyFireExtinguishers.jsx:434,SafetyFireExtinguishers,safety-fe-form-save,NON_TRUTH_SURFACE_EXCLUDED_WITH_REASON,structural/control/label testid,
frontend/src/pages/SafetyFireExtinguishers.jsx:458,SafetyFireExtinguishers,safety-fe-inspect-status,CANONICAL_STATUS,status,Wave-2 status vocab (TC-0002)
frontend/src/pages/SafetyFireExtinguishers.jsx:485,SafetyFireExtinguishers,safety-fe-inspect-save,NON_TRUTH_SURFACE_EXCLUDED_WITH_REASON,structural/control/label testid,
frontend/src/pages/SafetyForgotPassword.jsx:57,SafetyForgotPassword,safety-forgot-title,NON_TRUTH_SURFACE_EXCLUDED_WITH_REASON,structural/control/label testid,
frontend/src/pages/SafetyForgotPassword.jsx:74,SafetyForgotPassword,safety-forgot-return-link,NON_TRUTH_SURFACE_EXCLUDED_WITH_REASON,structural/control/label testid,
frontend/src/pages/SafetyForgotPassword.jsx:80,SafetyForgotPassword,safety-forgot-form,NON_TRUTH_SURFACE_EXCLUDED_WITH_REASON,structural/control/label testid,
frontend/src/pages/SafetyForgotPassword.jsx:99,SafetyForgotPassword,safety-forgot-submit,NON_TRUTH_SURFACE_EXCLUDED_WITH_REASON,structural/control/label testid,
frontend/src/pages/SafetyFormsHub.jsx:61,SafetyFormsHub,safety-forms-hub-page,NON_TRUTH_SURFACE_EXCLUDED_WITH_REASON,structural/control/label testid,
frontend/src/pages/SafetyFormsLogin.jsx:69,SafetyFormsLogin,safety-forms-login-hero-icon-shell,NON_TRUTH_SURFACE_EXCLUDED_WITH_REASON,structural/control/label testid,
frontend/src/pages/SafetyFormsLogin.jsx:76,SafetyFormsLogin,safety-forms-login-title,NON_TRUTH_SURFACE_EXCLUDED_WITH_REASON,structural/control/label testid,
frontend/src/pages/SafetyFormsLogin.jsx:82,SafetyFormsLogin,safety-forms-login-form,NON_TRUTH_SURFACE_EXCLUDED_WITH_REASON,structural/control/label testid,
frontend/src/pages/SafetyFormsLogin.jsx:94,SafetyFormsLogin,safety-forms-password-input,NON_TRUTH_SURFACE_EXCLUDED_WITH_REASON,structural/control/label testid,
frontend/src/pages/SafetyFormsLogin.jsx:115,SafetyFormsLogin,safety-forms-login-submit,NON_TRUTH_SURFACE_EXCLUDED_WITH_REASON,structural/control/label testid,
frontend/src/pages/SafetyFormsRecords.jsx:134,SafetyFormsRecords,safety-forms-records-page,NON_TRUTH_SURFACE_EXCLUDED_WITH_REASON,structural/control/label testid,
frontend/src/pages/SafetyFormsRecords.jsx:157,SafetyFormsRecords,safety-forms-records-tabs,NON_TRUTH_SURFACE_EXCLUDED_WITH_REASON,structural/control/label testid,
frontend/src/pages/SafetyFormsRecords.jsx:174,SafetyFormsRecords,new-issuance-btn,NON_TRUTH_SURFACE_EXCLUDED_WITH_REASON,structural/control/label testid,
frontend/src/pages/SafetyFormsRecords.jsx:182,SafetyFormsRecords,new-training-btn,NON_TRUTH_SURFACE_EXCLUDED_WITH_REASON,structural/control/label testid,
frontend/src/pages/SafetyFormsRecords.jsx:238,SafetyFormsRecords,forms-search,NON_TRUTH_SURFACE_EXCLUDED_WITH_REASON,structural/control/label testid,
frontend/src/pages/SafetyFormsRecords.jsx:246,SafetyFormsRecords,forms-employee-filter,NON_TRUTH_SURFACE_EXCLUDED_WITH_REASON,structural/control/label testid,
frontend/src/pages/SafetyFormsRecords.jsx:271,SafetyFormsRecords,forms-empty,NON_TRUTH_SURFACE_EXCLUDED_WITH_REASON,structural/control/label testid,
frontend/src/pages/SafetyHub.jsx:231,SafetyHub,safety-expirations-section,NON_TRUTH_SURFACE_EXCLUDED_WITH_REASON,structural/control/label testid,
frontend/src/pages/SafetyHub.jsx:317,SafetyHub,safety-group-compliance,CANONICAL_KPI,compliance_rate,kpi_percent_complete.compliance_rate
frontend/src/pages/SafetyHubV2.jsx:176,SafetyHubV2,safety-hub-page,NON_TRUTH_SURFACE_EXCLUDED_WITH_REASON,structural/control/label testid,
frontend/src/pages/SafetyHubV2.jsx:194,SafetyHubV2,safety-hub-v2-mission-banner,NON_TRUTH_SURFACE_EXCLUDED_WITH_REASON,structural/control/label testid,
frontend/src/pages/SafetyHubV2.jsx:265,SafetyHubV2,safety-hub-v2-section-compliance,CANONICAL_KPI,compliance_rate,kpi_percent_complete.compliance_rate
frontend/src/pages/SafetyHubV2.jsx:272,SafetyHubV2,safety-hub-v2-queue-grid-compliance,CANONICAL_KPI,compliance_rate,kpi_percent_complete.compliance_rate
frontend/src/pages/SafetyIncidentThread.jsx:381,SafetyIncidentThread,safety-incident-thread-page,NON_TRUTH_SURFACE_EXCLUDED_WITH_REASON,structural/control/label testid,
frontend/src/pages/SafetyIncidentThread.jsx:386,SafetyIncidentThread,safety-incident-thread-header,NON_TRUTH_SURFACE_EXCLUDED_WITH_REASON,structural/control/label testid,
frontend/src/pages/SafetyIncidentThread.jsx:396,SafetyIncidentThread,safety-incident-thread-workspace-link,NON_TRUTH_SURFACE_EXCLUDED_WITH_REASON,structural/control/label testid,
frontend/src/pages/SafetyIncidentThread.jsx:406,SafetyIncidentThread,safety-incident-thread-loading,NON_TRUTH_SURFACE_EXCLUDED_WITH_REASON,structural/control/label testid,
frontend/src/pages/SafetyIncidentThread.jsx:413,SafetyIncidentThread,safety-incident-thread-error,NON_TRUTH_SURFACE_EXCLUDED_WITH_REASON,structural/control/label testid,
frontend/src/pages/SafetyIncidents.jsx:82,SafetyIncidents,safety-incidents-page,NON_TRUTH_SURFACE_EXCLUDED_WITH_REASON,structural/control/label testid,
frontend/src/pages/SafetyIncidents.jsx:117,SafetyIncidents,incidents-search,NON_TRUTH_SURFACE_EXCLUDED_WITH_REASON,structural/control/label testid,
frontend/src/pages/SafetyIncidents.jsx:130,SafetyIncidents,incidents-status,CANONICAL_STATUS,status,Wave-2 status vocab (TC-0002)
frontend/src/pages/SafetyIncidents.jsx:147,SafetyIncidents,incidents-empty,NON_TRUTH_SURFACE_EXCLUDED_WITH_REASON,structural/control/label testid,
frontend/src/pages/SafetyLogin.jsx:148,SafetyLogin,safety-login-form,NON_TRUTH_SURFACE_EXCLUDED_WITH_REASON,structural/control/label testid,
frontend/src/pages/SafetyLogin.jsx:193,SafetyLogin,safety-forgot-link,NON_TRUTH_SURFACE_EXCLUDED_WITH_REASON,structural/control/label testid,
frontend/src/pages/SafetyLogin.jsx:202,SafetyLogin,safety-login-submit,NON_TRUTH_SURFACE_EXCLUDED_WITH_REASON,structural/control/label testid,
frontend/src/pages/SafetyReports.jsx:165,SafetyReports,safety-reports-page,NON_TRUTH_SURFACE_EXCLUDED_WITH_REASON,structural/control/label testid,
frontend/src/pages/SafetyResetPassword.jsx:81,SafetyResetPassword,safety-reset-title,NON_TRUTH_SURFACE_EXCLUDED_WITH_REASON,structural/control/label testid,
frontend/src/pages/SafetyResetPassword.jsx:90,SafetyResetPassword,safety-reset-form,NON_TRUTH_SURFACE_EXCLUDED_WITH_REASON,structural/control/label testid,
frontend/src/pages/SafetyResetPassword.jsx:122,SafetyResetPassword,safety-reset-submit,NON_TRUTH_SURFACE_EXCLUDED_WITH_REASON,structural/control/label testid,
frontend/src/pages/SafetySection.jsx:88,SafetySection,safety-section-heading,NON_TRUTH_SURFACE_EXCLUDED_WITH_REASON,structural/control/label testid,
frontend/src/pages/SafetyTopicLibrary.jsx:276,SafetyTopicLibrary,safety-topic-library-root,NON_TRUTH_SURFACE_EXCLUDED_WITH_REASON,structural/control/label testid,
frontend/src/pages/SafetyTopicLibrary.jsx:370,SafetyTopicLibrary,library-search,NON_TRUTH_SURFACE_EXCLUDED_WITH_REASON,structural/control/label testid,
frontend/src/pages/SafetyTopicLibrary.jsx:405,SafetyTopicLibrary,open-pack-dialog,NON_TRUTH_SURFACE_EXCLUDED_WITH_REASON,structural/control/label testid,
frontend/src/pages/SafetyTopicLibrary.jsx:417,SafetyTopicLibrary,library-empty,NON_TRUTH_SURFACE_EXCLUDED_WITH_REASON,structural/control/label testid,
frontend/src/pages/SafetyTopicLibrary.jsx:488,SafetyTopicLibrary,pack-dialog,NON_TRUTH_SURFACE_EXCLUDED_WITH_REASON,structural/control/label testid,
frontend/src/pages/SafetyTrainingRecords.jsx:236,SafetyTrainingRecords,safety-tr-search,NON_TRUTH_SURFACE_EXCLUDED_WITH_REASON,structural/control/label testid,
frontend/src/pages/SafetyTrainingRecords.jsx:385,SafetyTrainingRecords,safety-tr-form-save,NON_TRUTH_SURFACE_EXCLUDED_WITH_REASON,structural/control/label testid,
frontend/src/pages/ShopChangePassword.jsx:104,ShopChangePassword,shop-change-pw-title,NON_TRUTH_SURFACE_EXCLUDED_WITH_REASON,structural/control/label testid,
frontend/src/pages/ShopChangePassword.jsx:116,ShopChangePassword,shop-change-pw-form,NON_TRUTH_SURFACE_EXCLUDED_WITH_REASON,structural/control/label testid,
frontend/src/pages/ShopChangePassword.jsx:161,ShopChangePassword,shop-change-pw-submit,NON_TRUTH_SURFACE_EXCLUDED_WITH_REASON,structural/control/label testid,
frontend/src/pages/ShopHub.jsx:272,ShopHub,shop-training-link,NON_TRUTH_SURFACE_EXCLUDED_WITH_REASON,structural/control/label testid,
frontend/src/pages/ShopHub.jsx:283,ShopHub,shop-change-pw-link,NON_TRUTH_SURFACE_EXCLUDED_WITH_REASON,structural/control/label testid,
frontend/src/pages/ShopHub.jsx:292,ShopHub,shop-logout-btn,NON_TRUTH_SURFACE_EXCLUDED_WITH_REASON,structural/control/label testid,
frontend/src/pages/ShopHub.jsx:328,ShopHub,shop-status-line,CANONICAL_STATUS,status,Wave-2 status vocab (TC-0002)
frontend/src/pages/ShopHub.jsx:459,ShopHub,shop-more-toggle,NON_TRUTH_SURFACE_EXCLUDED_WITH_REASON,structural/control/label testid,
frontend/src/pages/ShopHubV2.jsx:226,ShopHubV2,shop-recovery-map-section,NON_TRUTH_SURFACE_EXCLUDED_WITH_REASON,structural/control/label testid,
frontend/src/pages/ShopHubV2.jsx:255,ShopHubV2,shop-recovery-map-loading,NON_TRUTH_SURFACE_EXCLUDED_WITH_REASON,structural/control/label testid,
frontend/src/pages/ShopHubV2.jsx:260,ShopHubV2,shop-recovery-map-error,NON_TRUTH_SURFACE_EXCLUDED_WITH_REASON,structural/control/label testid,
frontend/src/pages/ShopHubV2.jsx:323,ShopHubV2,shop-recovery-map-truth-note,NON_TRUTH_SURFACE_EXCLUDED_WITH_REASON,structural/control/label testid,
frontend/src/pages/ShopHubV2.jsx:436,ShopHubV2,shop-hub-v2-parts-rollup-loading,NON_TRUTH_SURFACE_EXCLUDED_WITH_REASON,structural/control/label testid,
frontend/src/pages/ShopHubV2.jsx:515,ShopHubV2,shop-hub-v2-pm-loading,NON_TRUTH_SURFACE_EXCLUDED_WITH_REASON,structural/control/label testid,
frontend/src/pages/ShopHubV2.jsx:582,ShopHubV2,shop-hub-v2-workload-loading,NON_TRUTH_SURFACE_EXCLUDED_WITH_REASON,structural/control/label testid,
frontend/src/pages/ShopHubV2.jsx:584,ShopHubV2,shop-hub-v2-workload-empty,NON_TRUTH_SURFACE_EXCLUDED_WITH_REASON,structural/control/label testid,
frontend/src/pages/ShopHubV2.jsx:663,ShopHubV2,shop-hub-v2-root,NON_TRUTH_SURFACE_EXCLUDED_WITH_REASON,structural/control/label testid,
frontend/src/pages/ShopHubV2.jsx:707,ShopHubV2,shop-hub-v2-mission-banner,NON_TRUTH_SURFACE_EXCLUDED_WITH_REASON,structural/control/label testid,
frontend/src/pages/ShopHubV2.jsx:731,ShopHubV2,shop-hub-v2-unit-search-section,NON_TRUTH_SURFACE_EXCLUDED_WITH_REASON,structural/control/label testid,
frontend/src/pages/ShopHubV2.jsx:814,ShopHubV2,shop-hub-v2-pm-dashboard-link,NON_TRUTH_SURFACE_EXCLUDED_WITH_REASON,structural/control/label testid,
frontend/src/pages/ShopHubV2.jsx:819,ShopHubV2,shop-hub-v2-pm-templates-link,NON_TRUTH_SURFACE_EXCLUDED_WITH_REASON,structural/control/label testid,
frontend/src/pages/ShopHubV2.jsx:824,ShopHubV2,shop-hub-v2-pm-schedules-link,NON_TRUTH_SURFACE_EXCLUDED_WITH_REASON,structural/control/label testid,
frontend/src/pages/ShopHubV2.jsx:962,ShopHubV2,shop-hub-v2-trace-note,NON_TRUTH_SURFACE_EXCLUDED_WITH_REASON,structural/control/label testid,
frontend/src/pages/ShopLogin.jsx:195,ShopLogin,shop-forgot-dialog,NON_TRUTH_SURFACE_EXCLUDED_WITH_REASON,structural/control/label testid,
frontend/src/pages/ShopLogin.jsx:222,ShopLogin,shop-forgot-email-input,NON_TRUTH_SURFACE_EXCLUDED_WITH_REASON,structural/control/label testid,
frontend/src/pages/ShopLogin.jsx:232,ShopLogin,shop-forgot-cancel,NON_TRUTH_SURFACE_EXCLUDED_WITH_REASON,structural/control/label testid,
frontend/src/pages/ShopLogin.jsx:240,ShopLogin,shop-forgot-submit,NON_TRUTH_SURFACE_EXCLUDED_WITH_REASON,structural/control/label testid,
frontend/src/pages/ShopLogin.jsx:276,ShopLogin,shop-login-form,NON_TRUTH_SURFACE_EXCLUDED_WITH_REASON,structural/control/label testid,
frontend/src/pages/ShopLogin.jsx:290,ShopLogin,shop-email-input,NON_TRUTH_SURFACE_EXCLUDED_WITH_REASON,structural/control/label testid,
frontend/src/pages/ShopLogin.jsx:304,ShopLogin,shop-password-input,NON_TRUTH_SURFACE_EXCLUDED_WITH_REASON,structural/control/label testid,
frontend/src/pages/ShopLogin.jsx:328,ShopLogin,shop-forgot-password-link,NON_TRUTH_SURFACE_EXCLUDED_WITH_REASON,structural/control/label testid,
frontend/src/pages/ShopLogin.jsx:337,ShopLogin,shop-login-submit,NON_TRUTH_SURFACE_EXCLUDED_WITH_REASON,structural/control/label testid,
frontend/src/pages/ShopResetPassword.jsx:78,ShopResetPassword,shop-reset-title,NON_TRUTH_SURFACE_EXCLUDED_WITH_REASON,structural/control/label testid,
frontend/src/pages/ShopResetPassword.jsx:85,ShopResetPassword,shop-reset-form,NON_TRUTH_SURFACE_EXCLUDED_WITH_REASON,structural/control/label testid,
frontend/src/pages/ShopResetPassword.jsx:117,ShopResetPassword,shop-reset-submit,NON_TRUTH_SURFACE_EXCLUDED_WITH_REASON,structural/control/label testid,
frontend/src/pages/SignIn.jsx:308,SignIn,mfa-challenge-form,NON_TRUTH_SURFACE_EXCLUDED_WITH_REASON,structural/control/label testid,
frontend/src/pages/SignIn.jsx:334,SignIn,mfa-code-input,NON_TRUTH_SURFACE_EXCLUDED_WITH_REASON,structural/control/label testid,
frontend/src/pages/SignIn.jsx:353,SignIn,mfa-cancel-btn,NON_TRUTH_SURFACE_EXCLUDED_WITH_REASON,structural/control/label testid,
frontend/src/pages/SignIn.jsx:361,SignIn,mfa-verify-btn,NON_TRUTH_SURFACE_EXCLUDED_WITH_REASON,structural/control/label testid,
frontend/src/pages/SignIn.jsx:368,SignIn,signin-form,NON_TRUTH_SURFACE_EXCLUDED_WITH_REASON,structural/control/label testid,
frontend/src/pages/SignIn.jsx:416,SignIn,signin-submit,NON_TRUTH_SURFACE_EXCLUDED_WITH_REASON,structural/control/label testid,
frontend/src/pages/SignIn.jsx:435,SignIn,signin-passkey-btn,NON_TRUTH_SURFACE_EXCLUDED_WITH_REASON,structural/control/label testid,
frontend/src/pages/SignIn.jsx:445,SignIn,signin-passkey-hint,NON_TRUTH_SURFACE_EXCLUDED_WITH_REASON,structural/control/label testid,
frontend/src/pages/SignIn.jsx:458,SignIn,signin-pm-link,NON_TRUTH_SURFACE_EXCLUDED_WITH_REASON,structural/control/label testid,
frontend/src/pages/SignIn.jsx:461,SignIn,signin-shop-link,NON_TRUTH_SURFACE_EXCLUDED_WITH_REASON,structural/control/label testid,
frontend/src/pages/SignIn.jsx:464,SignIn,signin-hr-link,NON_TRUTH_SURFACE_EXCLUDED_WITH_REASON,structural/control/label testid,
frontend/src/pages/SignIn.jsx:467,SignIn,signin-safety-link,NON_TRUTH_SURFACE_EXCLUDED_WITH_REASON,structural/control/label testid,
frontend/src/pages/SignIn.jsx:470,SignIn,signin-dispatch-link,NON_TRUTH_SURFACE_EXCLUDED_WITH_REASON,structural/control/label testid,
frontend/src/pages/SignIn.jsx:473,SignIn,signin-leadership-link,NON_TRUTH_SURFACE_EXCLUDED_WITH_REASON,structural/control/label testid,
frontend/src/pages/SignIn.jsx:476,SignIn,signin-admin-link,NON_TRUTH_SURFACE_EXCLUDED_WITH_REASON,structural/control/label testid,
frontend/src/pages/Tasks.jsx:110,Tasks,tasks-page,NON_TRUTH_SURFACE_EXCLUDED_WITH_REASON,structural/control/label testid,
frontend/src/pages/Tasks.jsx:131,Tasks,tasks-priority-filter,NON_TRUTH_SURFACE_EXCLUDED_WITH_REASON,structural/control/label testid,
frontend/src/pages/Tasks.jsx:144,Tasks,tasks-source-filter,NON_TRUTH_SURFACE_EXCLUDED_WITH_REASON,structural/control/label testid,
frontend/src/pages/Tasks.jsx:162,Tasks,tasks-search-input,NON_TRUTH_SURFACE_EXCLUDED_WITH_REASON,structural/control/label testid,
frontend/src/pages/Tasks.jsx:274,Tasks,task-drawer,NON_TRUTH_SURFACE_EXCLUDED_WITH_REASON,structural/control/label testid,
frontend/src/pages/Tasks.jsx:361,Tasks,task-comment-input,NON_TRUTH_SURFACE_EXCLUDED_WITH_REASON,structural/control/label testid,
frontend/src/pages/Tasks.jsx:363,Tasks,task-comment-submit,NON_TRUTH_SURFACE_EXCLUDED_WITH_REASON,structural/control/label testid,
frontend/src/pages/TrainingHub.jsx:61,TrainingHub,training-hub-page,NON_TRUTH_SURFACE_EXCLUDED_WITH_REASON,structural/control/label testid,
frontend/src/pages/TrainingHub.jsx:62,TrainingHub,training-hub-mission-banner,NON_TRUTH_SURFACE_EXCLUDED_WITH_REASON,structural/control/label testid,
frontend/src/pages/TrainingHub.jsx:103,TrainingHub,training-hub-guidance-banner,NON_TRUTH_SURFACE_EXCLUDED_WITH_REASON,structural/control/label testid,
frontend/src/pages/TrainingQrPoster.jsx:122,TrainingQrPoster,qr-poster-back,NON_TRUTH_SURFACE_EXCLUDED_WITH_REASON,structural/control/label testid,
frontend/src/pages/TrainingQrPoster.jsx:131,TrainingQrPoster,qr-poster-print,NON_TRUTH_SURFACE_EXCLUDED_WITH_REASON,structural/control/label testid,
frontend/src/pages/TrainingTrack.jsx:113,TrainingTrack,training-track-page,NON_TRUTH_SURFACE_EXCLUDED_WITH_REASON,structural/control/label testid,
frontend/src/pages/TrainingTrack.jsx:356,TrainingTrack,lesson-video-fallback-hint,NON_TRUTH_SURFACE_EXCLUDED_WITH_REASON,structural/control/label testid,
frontend/src/pages/TrainingTrack.jsx:365,TrainingTrack,lesson-video-error,NON_TRUTH_SURFACE_EXCLUDED_WITH_REASON,structural/control/label testid,
frontend/src/pages/TrenchBoxes.jsx:18,TrenchBoxes,back-link,NON_TRUTH_SURFACE_EXCLUDED_WITH_REASON,structural/control/label testid,
frontend/src/pages/TrenchBoxesAdmin.jsx:168,TrenchBoxesAdmin,admin-trench-page,NON_TRUTH_SURFACE_EXCLUDED_WITH_REASON,structural/control/label testid,
frontend/src/pages/TrenchBoxesAdmin.jsx:190,TrenchBoxesAdmin,open-poster-link,NON_TRUTH_SURFACE_EXCLUDED_WITH_REASON,structural/control/label testid,
frontend/src/pages/TrenchBoxesAdmin.jsx:194,TrenchBoxesAdmin,new-trench-btn,NON_TRUTH_SURFACE_EXCLUDED_WITH_REASON,structural/control/label testid,
frontend/src/pages/TrenchBoxesAdmin.jsx:285,TrenchBoxesAdmin,trench-box-dialog,NON_TRUTH_SURFACE_EXCLUDED_WITH_REASON,structural/control/label testid,
frontend/src/pages/TrenchBoxesAdmin.jsx:298,TrenchBoxesAdmin,trench-box-type-select,NON_TRUTH_SURFACE_EXCLUDED_WITH_REASON,structural/control/label testid,
frontend/src/pages/TrenchBoxesAdmin.jsx:318,TrenchBoxesAdmin,trench-box-stacking-select,NON_TRUTH_SURFACE_EXCLUDED_WITH_REASON,structural/control/label testid,
frontend/src/pages/TrenchBoxesAdmin.jsx:347,TrenchBoxesAdmin,trench-file-input,NON_TRUTH_SURFACE_EXCLUDED_WITH_REASON,structural/control/label testid,
frontend/src/pages/TrenchBoxesAdmin.jsx:359,TrenchBoxesAdmin,trench-notes-input,NON_TRUTH_SURFACE_EXCLUDED_WITH_REASON,structural/control/label testid,
frontend/src/pages/TrenchBoxesAdmin.jsx:363,TrenchBoxesAdmin,save-trench-btn,NON_TRUTH_SURFACE_EXCLUDED_WITH_REASON,structural/control/label testid,
frontend/src/pages/V2Compare.jsx:136,V2Compare,v2-compare-banner,NON_TRUTH_SURFACE_EXCLUDED_WITH_REASON,structural/control/label testid,
frontend/src/pages/V2Index.jsx:221,V2Index,v2-index-root,NON_TRUTH_SURFACE_EXCLUDED_WITH_REASON,structural/control/label testid,
frontend/src/pages/V2Index.jsx:223,V2Index,v2-index-banner,NON_TRUTH_SURFACE_EXCLUDED_WITH_REASON,structural/control/label testid,
frontend/src/pages/V2Index.jsx:262,V2Index,v2-index-rules-note,NON_TRUTH_SURFACE_EXCLUDED_WITH_REASON,structural/control/label testid,
frontend/src/pages/ViewDailyReport.jsx:135,ViewDailyReport,daily-report-table-empty,NON_TRUTH_SURFACE_EXCLUDED_WITH_REASON,structural/control/label testid,
frontend/src/pages/ViewDailyReport.jsx:331,ViewDailyReport,delete-btn,NON_TRUTH_SURFACE_EXCLUDED_WITH_REASON,structural/control/label testid,
frontend/src/pages/ViewDailyReport.jsx:341,ViewDailyReport,email-btn,NON_TRUTH_SURFACE_EXCLUDED_WITH_REASON,structural/control/label testid,
frontend/src/pages/ViewDailyReport.jsx:348,ViewDailyReport,print-btn,NON_TRUTH_SURFACE_EXCLUDED_WITH_REASON,structural/control/label testid,
frontend/src/pages/ViewDailyReport.jsx:417,ViewDailyReport,"<KV label={t(""Project Name"")} value={data.project_name} />",DIRECT_FACT,record_field_or_local_length,record serialization -> prop -> render
frontend/src/pages/ViewDailyReport.jsx:418,ViewDailyReport,"<KV label={t(""Project Number"")} value={data.project_number} />",DIRECT_FACT,record_field_or_local_length,record serialization -> prop -> render
frontend/src/pages/ViewDailyReport.jsx:440,ViewDailyReport,"<KV label={t(""Date"")} value={formatDateLong(data.report_date)} />",DIRECT_FACT,record_field_or_local_length,record serialization -> prop -> render
frontend/src/pages/ViewDailyReport.jsx:441,ViewDailyReport,"<KV label={t(""Prepared By"")} value={data.prepared_by} />",DIRECT_FACT,record_field_or_local_length,record serialization -> prop -> render
frontend/src/pages/ViewDailyReport.jsx:442,ViewDailyReport,"<KV label={t(""Superintendent"")} value={data.superintendent} />",DIRECT_FACT,record_field_or_local_length,record serialization -> prop -> render
frontend/src/pages/ViewDailyReport.jsx:446,ViewDailyReport,daily-report-notification-status,CANONICAL_STATUS,status,Wave-2 status vocab (TC-0002)
frontend/src/pages/ViewDailyReport.jsx:465,ViewDailyReport,daily-report-notification-status-text,CANONICAL_STATUS,status,Wave-2 status vocab (TC-0002)
frontend/src/pages/ViewDailyReport.jsx:484,ViewDailyReport,view-dr-weather-meta,NON_TRUTH_SURFACE_EXCLUDED_WITH_REASON,structural/control/label testid,
frontend/src/pages/ViewDailyReport.jsx:515,ViewDailyReport,"<KV label={t(""Schedule Delays"")} value={data.schedule_delays} />",DIRECT_FACT,record_field_or_local_length,record serialization -> prop -> render
frontend/src/pages/ViewDailyReport.jsx:516,ViewDailyReport,"<KV label={t(""Weather Impact"")} value={data.weather_impact} />",DIRECT_FACT,record_field_or_local_length,record serialization -> prop -> render
frontend/src/pages/ViewDailyReport.jsx:517,ViewDailyReport,"<KV label={t(""Accidents on Site"")} value={data.safety_incidents_today}",DIRECT_FACT,record_field_or_local_length,record serialization -> prop -> render
frontend/src/pages/ViewDailyReport.jsx:518,ViewDailyReport,"<KV label={t(""Injuries Reported"")} value={data.injuries_reported} />",DIRECT_FACT,record_field_or_local_length,record serialization -> prop -> render
frontend/src/pages/ViewDailyReport.jsx:520,ViewDailyReport,"<KV label={t(""Detail"")} value={data.incident_notes} full />",DIRECT_FACT,record_field_or_local_length,record serialization -> prop -> render
frontend/src/pages/ViewDailyReport.jsx:529,ViewDailyReport,"<KV label={t(""Safety Notified"")} value={data.safety_notified} />",DIRECT_FACT,record_field_or_local_length,record serialization -> prop -> render
frontend/src/pages/ViewDailyReport.jsx:532,ViewDailyReport,<KV,DIRECT_FACT,value_component_fact,value-bearing component rendering a fetched fact
frontend/src/pages/ViewDailyReport.jsx:556,ViewDailyReport,"<KV label={t(""General Notes"")} value={data.general_notes} full />",DIRECT_FACT,record_field_or_local_length,record serialization -> prop -> render
frontend/src/pages/ViewDailyReport.jsx:571,ViewDailyReport,view-dr-operational-summary-meta,NON_TRUTH_SURFACE_EXCLUDED_WITH_REASON,structural/control/label testid,
frontend/src/pages/ViewDailyReport.jsx:849,ViewDailyReport,dr-view-schedule-actual-count,DIRECT_FACT,inline_length_or_count,inline .length/.count of rendered data
frontend/src/pages/ViewEquipmentInspection.jsx:155,ViewEquipmentInspection,email-btn,NON_TRUTH_SURFACE_EXCLUDED_WITH_REASON,structural/control/label testid,
frontend/src/pages/ViewEquipmentInspection.jsx:158,ViewEquipmentInspection,print-btn,NON_TRUTH_SURFACE_EXCLUDED_WITH_REASON,structural/control/label testid,
frontend/src/pages/ViewEquipmentInspection.jsx:162,ViewEquipmentInspection,delete-btn,NON_TRUTH_SURFACE_EXCLUDED_WITH_REASON,structural/control/label testid,
frontend/src/pages/ViewEquipmentInspection.jsx:216,ViewEquipmentInspection,"<KV label=""Project"" value={sanitizeOperatorReference(data.project_name",DIRECT_FACT,record_field_or_local_length,record serialization -> prop -> render
frontend/src/pages/ViewEquipmentInspection.jsx:217,ViewEquipmentInspection,"<KV label=""Project #"" value={sanitizeOperatorProjectNumber(data.projec",DIRECT_FACT,record_field_or_local_length,record serialization -> prop -> render
frontend/src/pages/ViewEquipmentInspection.jsx:218,ViewEquipmentInspection,"<KV label=""Location"" value={sanitizeOperatorReference(data.location, """,DIRECT_FACT,record_field_or_local_length,record serialization -> prop -> render
frontend/src/pages/ViewEquipmentInspection.jsx:219,ViewEquipmentInspection,"<KV label=""Operator"" value={sanitizeOperatorReference(formatEmployeeId",DIRECT_FACT,value_component_fact,value-bearing component rendering a fetched fact
frontend/src/pages/ViewEquipmentInspection.jsx:220,ViewEquipmentInspection,"<KV label=""Date / Time"" value={`${data.inspection_date} ${data.inspect",NON_TRUTH_SURFACE_EXCLUDED_WITH_REASON,on_time SectionTimeline false-match (non-KPI),
frontend/src/pages/ViewEquipmentInspection.jsx:227,ViewEquipmentInspection,"<KV label=""Type"" value={data.equipment_type} />",DIRECT_FACT,record_field_or_local_length,record serialization -> prop -> render
frontend/src/pages/ViewEquipmentInspection.jsx:228,ViewEquipmentInspection,"<KV label=""Unit"" value={data.equipment_unit} />",DIRECT_FACT,record_field_or_local_length,record serialization -> prop -> render
frontend/src/pages/ViewEquipmentInspection.jsx:229,ViewEquipmentInspection,"<KV label=""Make"" value={data.equipment_make} />",DIRECT_FACT,record_field_or_local_length,record serialization -> prop -> render
frontend/src/pages/ViewEquipmentInspection.jsx:230,ViewEquipmentInspection,"<KV label=""Model"" value={data.equipment_model} />",DIRECT_FACT,record_field_or_local_length,record serialization -> prop -> render
frontend/src/pages/ViewEquipmentInspection.jsx:231,ViewEquipmentInspection,"<KV label=""Serial #"" value={data.equipment_serial} />",DIRECT_FACT,record_field_or_local_length,record serialization -> prop -> render
frontend/src/pages/ViewEquipmentInspection.jsx:232,ViewEquipmentInspection,"<KV label=""Hour Meter / Odometer"" value={data.hour_meter || data.odome",DIRECT_FACT,record_field_or_local_length,record serialization -> prop -> render
frontend/src/pages/ViewEquipmentInspection.jsx:331,ViewEquipmentInspection,"<KV label=""Deficiencies"" value={data.deficiency_notes} />",DIRECT_FACT,record_field_or_local_length,record serialization -> prop -> render
frontend/src/pages/ViewEquipmentInspection.jsx:332,ViewEquipmentInspection,"<KV label=""Corrective Actions"" value={data.corrective_actions} />",DIRECT_FACT,record_field_or_local_length,record serialization -> prop -> render
frontend/src/pages/ViewIncident.jsx:299,ViewIncident,delete-btn,NON_TRUTH_SURFACE_EXCLUDED_WITH_REASON,structural/control/label testid,
frontend/src/pages/ViewIncident.jsx:302,ViewIncident,email-btn,NON_TRUTH_SURFACE_EXCLUDED_WITH_REASON,structural/control/label testid,
frontend/src/pages/ViewIncident.jsx:305,ViewIncident,print-btn,NON_TRUTH_SURFACE_EXCLUDED_WITH_REASON,structural/control/label testid,
frontend/src/pages/ViewIncident.jsx:376,ViewIncident,followup-glossary-link,NON_TRUTH_SURFACE_EXCLUDED_WITH_REASON,structural/control/label testid,
frontend/src/pages/ViewIncident.jsx:471,ViewIncident,"<KV label={t(""Project Name"")} value={sanitizeOperatorReference(data.pr",DIRECT_FACT,record_field_or_local_length,record serialization -> prop -> render
frontend/src/pages/ViewIncident.jsx:472,ViewIncident,"<KV label={t(""Project Number"")} value={sanitizeOperatorProjectNumber(d",DIRECT_FACT,record_field_or_local_length,record serialization -> prop -> render
frontend/src/pages/ViewIncident.jsx:504,ViewIncident,<KV,DIRECT_FACT,value_component_fact,value-bearing component rendering a fetched fact
frontend/src/pages/ViewIncident.jsx:508,ViewIncident,"<KV label={t(""Incident Time"")} value={data.incident_time} />",DIRECT_FACT,record_field_or_local_length,record serialization -> prop -> render
frontend/src/pages/ViewIncident.jsx:513,ViewIncident,"<KV label={t(""Reported By"")} value={data.reported_by} />",DIRECT_FACT,record_field_or_local_length,record serialization -> prop -> render
frontend/src/pages/ViewIncident.jsx:514,ViewIncident,"<KV label={t(""Supervisor"")} value={data.supervisor_name} />",DIRECT_FACT,record_field_or_local_length,record serialization -> prop -> render
frontend/src/pages/ViewIncident.jsx:520,ViewIncident,"<KV label={t(""Incident Type"")} value={data.incident_type} />",DIRECT_FACT,record_field_or_local_length,record serialization -> prop -> render
frontend/src/pages/ViewIncident.jsx:521,ViewIncident,"<KV label={t(""Severity"")} value={sev.label} />",DIRECT_FACT,value_component_fact,value-bearing component rendering a fetched fact
frontend/src/pages/ViewIncident.jsx:522,ViewIncident,"<KV label={t(""OSHA Recordable"")} value={data.osha_recordable} />",DIRECT_FACT,record_field_or_local_length,record serialization -> prop -> render
frontend/src/pages/ViewIncident.jsx:523,ViewIncident,"<KV label={t(""Work Stopped"")} value={data.work_stopped} />",DIRECT_FACT,record_field_or_local_length,record serialization -> prop -> render
frontend/src/pages/ViewIncident.jsx:530,ViewIncident,"<KV label={t(""Name"")} value={data.person_name} />",DIRECT_FACT,record_field_or_local_length,record serialization -> prop -> render
frontend/src/pages/ViewIncident.jsx:531,ViewIncident,"<KV label={t(""Role / Trade"")} value={data.person_role} />",DIRECT_FACT,record_field_or_local_length,record serialization -> prop -> render
frontend/src/pages/ViewIncident.jsx:532,ViewIncident,"<KV label={t(""Employer"")} value={data.person_employer} />",DIRECT_FACT,record_field_or_local_length,record serialization -> prop -> render
frontend/src/pages/ViewIncident.jsx:537,ViewIncident,"<KV label={t(""Body Part"")} value={data.body_part} />",DIRECT_FACT,record_field_or_local_length,record serialization -> prop -> render
frontend/src/pages/ViewIncident.jsx:538,ViewIncident,"<KV label={t(""Injury Nature"")} value={data.injury_nature} />",DIRECT_FACT,record_field_or_local_length,record serialization -> prop -> render
frontend/src/pages/ViewIncident.jsx:544,ViewIncident,"<KV label={t(""Medical Facility"")} value={data.medical_facility} />",DIRECT_FACT,record_field_or_local_length,record serialization -> prop -> render
frontend/src/pages/ViewIncident.jsx:545,ViewIncident,"<KV label={t(""Sent Home / Off Site"")} value={data.sent_home} />",DIRECT_FACT,record_field_or_local_length,record serialization -> prop -> render
frontend/src/pages/ViewIncident.jsx:552,ViewIncident,"<KV label={t(""Description"")} value={data.description} full />",DIRECT_FACT,record_field_or_local_length,record serialization -> prop -> render
frontend/src/pages/ViewIncident.jsx:553,ViewIncident,"<KV label={t(""Immediate Cause"")} value={data.immediate_cause} full />",DIRECT_FACT,record_field_or_local_length,record serialization -> prop -> render
frontend/src/pages/ViewIncident.jsx:582,ViewIncident,"<KV label={t(""Notes"")} value={data.root_cause_notes} full />",DIRECT_FACT,record_field_or_local_length,record serialization -> prop -> render
frontend/src/pages/ViewIncident.jsx:630,ViewIncident,"<KV label={t(""Responsible Party"")} value={data.responsible_party} />",DIRECT_FACT,record_field_or_local_length,record serialization -> prop -> render
frontend/src/pages/ViewIncident.jsx:679,ViewIncident,"<KV label={t(""Safety Manager"")} value={data.notified_safety_manager} /",DIRECT_FACT,record_field_or_local_length,record serialization -> prop -> render
frontend/src/pages/ViewIncident.jsx:680,ViewIncident,"<KV label={t(""Project Manager"")} value={data.notified_pm} />",DIRECT_FACT,record_field_or_local_length,record serialization -> prop -> render
frontend/src/pages/ViewIncident.jsx:681,ViewIncident,"<KV label={t(""General Contractor"")} value={data.notified_gc} />",DIRECT_FACT,record_field_or_local_length,record serialization -> prop -> render
frontend/src/pages/ViewIncident.jsx:682,ViewIncident,"<KV label={t(""Owner / Agency"")} value={data.notified_owner} />",DIRECT_FACT,record_field_or_local_length,record serialization -> prop -> render
frontend/src/pages/ViewIncident.jsx:683,ViewIncident,"<KV label={t(""OSHA"")} value={data.notified_osha} />",DIRECT_FACT,record_field_or_local_length,record serialization -> prop -> render
frontend/src/pages/ViewIncident.jsx:684,ViewIncident,"<KV label={t(""Other"")} value={data.notified_other} />",DIRECT_FACT,record_field_or_local_length,record serialization -> prop -> render
frontend/src/pages/ViewInspection.jsx:223,ViewInspection,delete-btn,NON_TRUTH_SURFACE_EXCLUDED_WITH_REASON,structural/control/label testid,
frontend/src/pages/ViewInspection.jsx:227,ViewInspection,email-btn,NON_TRUTH_SURFACE_EXCLUDED_WITH_REASON,structural/control/label testid,
frontend/src/pages/ViewInspection.jsx:230,ViewInspection,print-btn,NON_TRUTH_SURFACE_EXCLUDED_WITH_REASON,structural/control/label testid,
frontend/src/pages/ViewInspection.jsx:305,ViewInspection,"<KV label={t(""Project Name"")} value={sanitizeOperatorReference(data.pr",DIRECT_FACT,record_field_or_local_length,record serialization -> prop -> render
frontend/src/pages/ViewInspection.jsx:306,ViewInspection,"<KV label={t(""Project Number"")} value={sanitizeOperatorProjectNumber(d",DIRECT_FACT,record_field_or_local_length,record serialization -> prop -> render
frontend/src/pages/ViewInspection.jsx:326,ViewInspection,view-gps-map-link,NON_TRUTH_SURFACE_EXCLUDED_WITH_REASON,structural/control/label testid,
frontend/src/pages/ViewInspection.jsx:340,ViewInspection,"<KV label={t(""Date"")} value={formatDateLong(data.inspection_date)} />",DIRECT_FACT,record_field_or_local_length,record serialization -> prop -> render
frontend/src/pages/ViewInspection.jsx:341,ViewInspection,"<KV label={t(""Time"")} value={data.inspection_time} />",NON_TRUTH_SURFACE_EXCLUDED_WITH_REASON,on_time SectionTimeline false-match (non-KPI),
frontend/src/pages/ViewInspection.jsx:342,ViewInspection,"<KV label={t(""Operation"")} value={data.operation} />",DIRECT_FACT,record_field_or_local_length,record serialization -> prop -> render
frontend/src/pages/ViewInspection.jsx:343,ViewInspection,"<KV label={t(""Inspector"")} value={data.inspector_name} />",DIRECT_FACT,record_field_or_local_length,record serialization -> prop -> render
frontend/src/pages/ViewInspection.jsx:344,ViewInspection,"<KV label={t(""Foreman / Supervisor"")} value={data.foreman_name} />",DIRECT_FACT,record_field_or_local_length,record serialization -> prop -> render
frontend/src/pages/ViewInspection.jsx:345,ViewInspection,"<KV label={t(""Crew / Personnel"")} value={data.crew_personnel} full />",DIRECT_FACT,record_field_or_local_length,record serialization -> prop -> render
frontend/src/pages/ViewInspection.jsx:346,ViewInspection,"<KV label={t(""Subcontractors"")} value={data.subcontractors} full />",DIRECT_FACT,record_field_or_local_length,record serialization -> prop -> render
frontend/src/pages/ViewInspection.jsx:347,ViewInspection,"<KV label={t(""Weather Conditions"")} value={data.weather_conditions} fu",DIRECT_FACT,record_field_or_local_length,record serialization -> prop -> render
frontend/src/pages/ViewInspection.jsx:411,ViewInspection,"<KV label={t(""Hazards Observed"")} value={data.hazards_observed} />",DIRECT_FACT,record_field_or_local_length,record serialization -> prop -> render
frontend/src/pages/ViewInspection.jsx:412,ViewInspection,"<KV label={t(""Stop Work Issued"")} value={data.stop_work_issued} />",DIRECT_FACT,record_field_or_local_length,record serialization -> prop -> render
frontend/src/pages/ViewInspection.jsx:413,ViewInspection,"<KV label={t(""Corrected On Site"")} value={data.corrected_on_site} />",DIRECT_FACT,record_field_or_local_length,record serialization -> prop -> render
frontend/src/pages/ViewInspection.jsx:415,ViewInspection,"<KV label={t(""Responsible Party"")} value={data.responsible_party} full",DIRECT_FACT,record_field_or_local_length,record serialization -> prop -> render
frontend/src/pages/ViewMeeting.jsx:170,ViewMeeting,delete-btn,NON_TRUTH_SURFACE_EXCLUDED_WITH_REASON,structural/control/label testid,
frontend/src/pages/ViewMeeting.jsx:174,ViewMeeting,email-btn,NON_TRUTH_SURFACE_EXCLUDED_WITH_REASON,structural/control/label testid,
frontend/src/pages/ViewMeeting.jsx:177,ViewMeeting,print-btn,NON_TRUTH_SURFACE_EXCLUDED_WITH_REASON,structural/control/label testid,
frontend/src/pages/ViewMeeting.jsx:235,ViewMeeting,"<KV label={t(""Project Name"")} value={sanitizeOperatorReference(data.pr",DIRECT_FACT,record_field_or_local_length,record serialization -> prop -> render
frontend/src/pages/ViewMeeting.jsx:236,ViewMeeting,"<KV label={t(""Project Number"")} value={sanitizeOperatorProjectNumber(d",DIRECT_FACT,record_field_or_local_length,record serialization -> prop -> render
frontend/src/pages/ViewMeeting.jsx:266,ViewMeeting,"<KV label={t(""Date"")} value={formatDateLong(data.meeting_date)} />",DIRECT_FACT,record_field_or_local_length,record serialization -> prop -> render
frontend/src/pages/ViewMeeting.jsx:267,ViewMeeting,"<KV label={t(""Time"")} value={data.meeting_time} />",DIRECT_FACT,record_field_or_local_length,record serialization -> prop -> render
frontend/src/pages/ViewMeeting.jsx:268,ViewMeeting,"<KV label={t(""Conducted By"")} value={data.conducted_by} />",DIRECT_FACT,record_field_or_local_length,record serialization -> prop -> render
frontend/src/pages/ViewMeeting.jsx:269,ViewMeeting,"<KV label={t(""Category"")} value={t(data.topic_category)} />",DIRECT_FACT,record_field_or_local_length,record serialization -> prop -> render
frontend/src/pages/ViewMeeting.jsx:272,ViewMeeting,"<KV label={t(""Crew Size"")} value={String(data.crew_size)} />",DIRECT_FACT,record_field_or_local_length,record serialization -> prop -> render
frontend/src/pages/ViewMeeting.jsx:274,ViewMeeting,"{data.shift && <KV label={t(""Shift"")} value={data.shift} />}",DIRECT_FACT,record_field_or_local_length,record serialization -> prop -> render
frontend/src/pages/ViewMeeting.jsx:276,ViewMeeting,<KV,DIRECT_FACT,value_component_fact,value-bearing component rendering a fetched fact
frontend/src/pages/ViewMeeting.jsx:302,ViewMeeting,"<KV label={t(""Topic / Subject"")} value={data.topic} full />",DIRECT_FACT,record_field_or_local_length,record serialization -> prop -> render
frontend/src/pages/ViewMeeting.jsx:303,ViewMeeting,"<KV label={t(""Hazards Reviewed"")} value={data.hazards_reviewed} full /",DIRECT_FACT,record_field_or_local_length,record serialization -> prop -> render
frontend/src/pages/ViewMeeting.jsx:315,ViewMeeting,return <KV label={labelText} value={data.discussion_notes} full />;,DIRECT_FACT,record_field_or_local_length,record serialization -> prop -> render
frontend/src/pages/ViewMeeting.jsx:344,ViewMeeting,"<KV label={t(""References Cited"")} value={data.references_cited} full /",DIRECT_FACT,record_field_or_local_length,record serialization -> prop -> render
frontend/src/pages/ViewMeeting.jsx:345,ViewMeeting,"<KV label={t(""Action Items / Follow-Up"")} value={data.action_items} fu",DIRECT_FACT,record_field_or_local_length,record serialization -> prop -> render
frontend/src/pages/ViewQaqcInspection.jsx:191,ViewQaqcInspection,print-btn,NON_TRUTH_SURFACE_EXCLUDED_WITH_REASON,structural/control/label testid,
frontend/src/pages/ViewQaqcInspection.jsx:195,ViewQaqcInspection,delete-btn,NON_TRUTH_SURFACE_EXCLUDED_WITH_REASON,structural/control/label testid,
frontend/src/pages/ViewQaqcInspection.jsx:205,ViewQaqcInspection,view-qaqc-lifecycle-panel,NON_TRUTH_SURFACE_EXCLUDED_WITH_REASON,structural/control/label testid,
frontend/src/pages/ViewSafetyForm.jsx:294,ViewSafetyForm,view-download-pdf,NON_TRUTH_SURFACE_EXCLUDED_WITH_REASON,structural/control/label testid,
frontend/src/pages/ViewSafetyForm.jsx:338,ViewSafetyForm,view-safety-form-items-empty,NON_TRUTH_SURFACE_EXCLUDED_WITH_REASON,structural/control/label testid,
frontend/src/pages/ViewSafetyForm.jsx:362,ViewSafetyForm,view-checkin-btn,NON_TRUTH_SURFACE_EXCLUDED_WITH_REASON,structural/control/label testid,
frontend/src/pages/ViewSafetyForm.jsx:384,ViewSafetyForm,view-download-return-pdf,NON_TRUTH_SURFACE_EXCLUDED_WITH_REASON,structural/control/label testid,
frontend/src/pages/ViewSafetyForm.jsx:407,ViewSafetyForm,view-safety-form-chargeback,DIRECT_FACT,inline_length_or_count,inline .length/.count of rendered data
frontend/src/pages/admin/AdminAIConfiguration.jsx:257,AdminAIConfiguration,admin-ai-configuration-page,NON_TRUTH_SURFACE_EXCLUDED_WITH_REASON,structural/control/label testid,
frontend/src/pages/admin/AdminAIConfiguration.jsx:285,AdminAIConfiguration,admin-ai-refresh,NON_TRUTH_SURFACE_EXCLUDED_WITH_REASON,structural/control/label testid,
frontend/src/pages/admin/AdminAIConfiguration.jsx:300,AdminAIConfiguration,admin-ai-system-status,CANONICAL_STATUS,status,Wave-2 status vocab (TC-0002)
frontend/src/pages/admin/AdminAIConfiguration.jsx:438,AdminAIConfiguration,admin-ai-change-note,NON_TRUTH_SURFACE_EXCLUDED_WITH_REASON,structural/control/label testid,
frontend/src/pages/admin/AdminAIConfiguration.jsx:469,AdminAIConfiguration,admin-ai-save,NON_TRUTH_SURFACE_EXCLUDED_WITH_REASON,structural/control/label testid,
frontend/src/pages/admin/AdminAIConfiguration.jsx:659,AdminAIConfiguration,admin-ai-health-refresh,NON_TRUTH_SURFACE_EXCLUDED_WITH_REASON,structural/control/label testid,
frontend/src/pages/admin/AdminAIConfiguration.jsx:672,AdminAIConfiguration,admin-ai-health-banner,NON_TRUTH_SURFACE_EXCLUDED_WITH_REASON,structural/control/label testid,
frontend/src/pages/admin/AdminAnalytics.jsx:107,AdminAnalytics,admin-analytics-header,NON_TRUTH_SURFACE_EXCLUDED_WITH_REASON,structural/control/label testid,
frontend/src/pages/admin/AdminAnalytics.jsx:118,AdminAnalytics,analytics-window-select,NON_TRUTH_SURFACE_EXCLUDED_WITH_REASON,structural/control/label testid,
frontend/src/pages/admin/AdminAnalytics.jsx:130,AdminAnalytics,analytics-refresh,NON_TRUTH_SURFACE_EXCLUDED_WITH_REASON,structural/control/label testid,
frontend/src/pages/admin/AdminAnalytics.jsx:139,AdminAnalytics,analytics-load-error,NON_TRUTH_SURFACE_EXCLUDED_WITH_REASON,structural/control/label testid,
frontend/src/pages/admin/AdminAssetAdmin.jsx:52,AdminAssetAdmin,asset-admin-status-pill,CANONICAL_STATUS,status,Wave-2 status vocab (TC-0002)
frontend/src/pages/admin/AdminAssetAdmin.jsx:137,AdminAssetAdmin,asset-admin-page,NON_TRUTH_SURFACE_EXCLUDED_WITH_REASON,structural/control/label testid,
frontend/src/pages/admin/AdminAssetAdmin.jsx:177,AdminAssetAdmin,asset-admin-refresh,NON_TRUTH_SURFACE_EXCLUDED_WITH_REASON,structural/control/label testid,
frontend/src/pages/admin/AdminAssetAdmin.jsx:199,AdminAssetAdmin,<Stat,DIRECT_FACT,value_component_fact,value-bearing component rendering a fetched fact
frontend/src/pages/admin/AdminAssetAdmin.jsx:235,AdminAssetAdmin,asset-admin-tabs,NON_TRUTH_SURFACE_EXCLUDED_WITH_REASON,structural/control/label testid,
frontend/src/pages/admin/AdminAssetAdmin.jsx:317,AdminAssetAdmin,aa-queue-loading,NON_TRUTH_SURFACE_EXCLUDED_WITH_REASON,structural/control/label testid,
frontend/src/pages/admin/AdminAssetAdmin.jsx:325,AdminAssetAdmin,aa-queue-empty,NON_TRUTH_SURFACE_EXCLUDED_WITH_REASON,structural/control/label testid,
frontend/src/pages/admin/AdminAssetAdmin.jsx:566,AdminAssetAdmin,aa-crosswalk-cancel,NON_TRUTH_SURFACE_EXCLUDED_WITH_REASON,structural/control/label testid,
frontend/src/pages/admin/AdminAssetAdmin.jsx:613,AdminAssetAdmin,aa-templates-loading,NON_TRUTH_SURFACE_EXCLUDED_WITH_REASON,structural/control/label testid,
frontend/src/pages/admin/AdminAssetAdmin.jsx:628,AdminAssetAdmin,aa-templates-empty,NON_TRUTH_SURFACE_EXCLUDED_WITH_REASON,structural/control/label testid,
frontend/src/pages/admin/AdminAssetAdmin.jsx:706,AdminAssetAdmin,aa-docs-loading,NON_TRUTH_SURFACE_EXCLUDED_WITH_REASON,structural/control/label testid,
frontend/src/pages/admin/AdminAssetAdmin.jsx:789,AdminAssetAdmin,aa-missing-empty,NON_TRUTH_SURFACE_EXCLUDED_WITH_REASON,structural/control/label testid,
frontend/src/pages/admin/AdminAssetAdmin.jsx:836,AdminAssetAdmin,aa-recent-empty,NON_TRUTH_SURFACE_EXCLUDED_WITH_REASON,structural/control/label testid,
frontend/src/pages/admin/AdminAssetMapping.jsx:122,AdminAssetMapping,asset-mapping-page,NON_TRUTH_SURFACE_EXCLUDED_WITH_REASON,structural/control/label testid,
frontend/src/pages/admin/AdminAssetMapping.jsx:134,AdminAssetMapping,am-scan-btn,NON_TRUTH_SURFACE_EXCLUDED_WITH_REASON,structural/control/label testid,
frontend/src/pages/admin/AdminAssetMapping.jsx:153,AdminAssetMapping,am-readiness-banner,NON_TRUTH_SURFACE_EXCLUDED_WITH_REASON,structural/control/label testid,
frontend/src/pages/admin/AdminAssetMapping.jsx:163,AdminAssetMapping,"<Stat l=""Current Trust"" v={pctOr(impact.current.trust_score_pct)} test",CANONICAL_KPI,health_score,lib.trust_score(+distinct)
frontend/src/pages/admin/AdminAssetMapping.jsx:164,AdminAssetMapping,"<Stat l=""Potential Trust"" v={pctOr(impact.potential.trust_score_pct)} ",CANONICAL_KPI,health_score,lib.trust_score(+distinct)
frontend/src/pages/admin/AdminAssetMapping.jsx:165,AdminAssetMapping,"<Stat l=""HIGH Matches Waiting"" v={impact.actions.high_confidence_waiti",DIRECT_FACT,value_component_fact,value-bearing component rendering a fetched fact
frontend/src/pages/admin/AdminAssetMapping.jsx:166,AdminAssetMapping,"<Stat l=""Est. Dispatches Impacted"" v={impact.actions.estimated_dispatc",DIRECT_FACT,value_component_fact,value-bearing component rendering a fetched fact
frontend/src/pages/admin/AdminAssetMapping.jsx:167,AdminAssetMapping,"<Stat l=""Est. Assets Confirmed"" v={impact.actions.estimated_assets_con",DIRECT_FACT,value_component_fact,value-bearing component rendering a fetched fact
frontend/src/pages/admin/AdminAssetMapping.jsx:168,AdminAssetMapping,"<Stat l=""Coverage %"" v={`${impact.current.coverage_pct}%`} testid=""am-",CANONICAL_KPI,percent_complete,lib.kpi_percent_complete
frontend/src/pages/admin/AdminAssetMapping.jsx:169,AdminAssetMapping,"<Stat l=""Mapped Assets"" v={impact.current.mapped_assets} testid=""am-im",DIRECT_FACT,value_component_fact,value-bearing component rendering a fetched fact
frontend/src/pages/admin/AdminAssetMapping.jsx:170,AdminAssetMapping,"<Stat l=""Unmapped Assets"" v={impact.current.unmapped_assets} testid=""a",DIRECT_FACT,value_component_fact,value-bearing component rendering a fetched fact
frontend/src/pages/admin/AdminAssetMapping.jsx:182,AdminAssetMapping,"<KV l=""Coverage"" v={`${impact.current.coverage_pct}%`} />",CANONICAL_KPI,percent_complete,lib.kpi_percent_complete
frontend/src/pages/admin/AdminAssetMapping.jsx:183,AdminAssetMapping,"<KV l=""Trust"" v={pctOr(impact.current.trust_score_pct)} />",CANONICAL_KPI,health_score,lib.trust_score(+distinct)
frontend/src/pages/admin/AdminAssetMapping.jsx:184,AdminAssetMapping,"<KV l=""Mapped"" v={impact.current.mapped_assets} />",DIRECT_FACT,value_component_fact,value-bearing component rendering a fetched fact
frontend/src/pages/admin/AdminAssetMapping.jsx:190,AdminAssetMapping,"<KV l=""Coverage"" v={`${impact.potential.coverage_pct}%`} accent />",CANONICAL_KPI,percent_complete,lib.kpi_percent_complete
frontend/src/pages/admin/AdminAssetMapping.jsx:191,AdminAssetMapping,"<KV l=""Trust"" v={pctOr(impact.potential.trust_score_pct)} accent />",CANONICAL_KPI,health_score,lib.trust_score(+distinct)
frontend/src/pages/admin/AdminAssetMapping.jsx:192,AdminAssetMapping,"<KV l=""Mapped"" v={impact.potential.mapped_assets} accent />",DIRECT_FACT,value_component_fact,value-bearing component rendering a fetched fact
frontend/src/pages/admin/AdminAssetMapping.jsx:208,AdminAssetMapping,am-review-high-btn,NON_TRUTH_SURFACE_EXCLUDED_WITH_REASON,structural/control/label testid,
frontend/src/pages/admin/AdminAssetMapping.jsx:220,AdminAssetMapping,am-runbook-link,NON_TRUTH_SURFACE_EXCLUDED_WITH_REASON,structural/control/label testid,
frontend/src/pages/admin/AdminAssetMapping.jsx:226,AdminAssetMapping,am-not-ready-hint,NON_TRUTH_SURFACE_EXCLUDED_WITH_REASON,structural/control/label testid,
frontend/src/pages/admin/AdminAssetMapping.jsx:296,AdminAssetMapping,am-bulk-high-btn,NON_TRUTH_SURFACE_EXCLUDED_WITH_REASON,structural/control/label testid,
frontend/src/pages/admin/AdminAssetMapping.jsx:301,AdminAssetMapping,am-queue-filter,NON_TRUTH_SURFACE_EXCLUDED_WITH_REASON,structural/control/label testid,
frontend/src/pages/admin/AdminAssetMapping.jsx:369,AdminAssetMapping,"<Stat l=""Projects Verified"" v={exec.projects_verified} />",DIRECT_FACT,value_component_fact,value-bearing component rendering a fetched fact
frontend/src/pages/admin/AdminAssetMapping.jsx:370,AdminAssetMapping,"<Stat l=""Projects Pending"" v={exec.projects_pending} />",DIRECT_FACT,value_component_fact,value-bearing component rendering a fetched fact
frontend/src/pages/admin/AdminAssetMapping.jsx:371,AdminAssetMapping,"<Stat l=""Mapped Assets"" v={exec.mapped_assets} />",DIRECT_FACT,value_component_fact,value-bearing component rendering a fetched fact
frontend/src/pages/admin/AdminAssetMapping.jsx:372,AdminAssetMapping,"<Stat l=""Unmapped Assets"" v={exec.unmapped_assets} />",DIRECT_FACT,value_component_fact,value-bearing component rendering a fetched fact
frontend/src/pages/admin/AdminAssetMapping.jsx:373,AdminAssetMapping,"<Stat l=""Trust Score"" v={pctOr(exec.trust_score_pct)} />",CANONICAL_KPI,health_score,lib.trust_score(+distinct)
frontend/src/pages/admin/AdminAssetMapping.jsx:374,AdminAssetMapping,"<Stat l=""Potential Trust"" v={pctOr(exec.potential_trust_score_pct)} />",CANONICAL_KPI,health_score,lib.trust_score(+distinct)
frontend/src/pages/admin/AdminAssetMapping.jsx:375,AdminAssetMapping,"<Stat l=""Coverage"" v={`${exec.coverage_pct}%`} />",CANONICAL_KPI,percent_complete,lib.kpi_percent_complete
frontend/src/pages/admin/AdminAssetMapping.jsx:376,AdminAssetMapping,"<Stat l=""Top Risk"" v={(exec.highest_risk_gaps || [])[0]?.truck_id || """,DIRECT_FACT,value_component_fact,value-bearing component rendering a fetched fact
frontend/src/pages/admin/AdminAssetSpineHealth.jsx:136,AdminAssetSpineHealth,asset-spine-scan-btn,NON_TRUTH_SURFACE_EXCLUDED_WITH_REASON,structural/control/label testid,
frontend/src/pages/admin/AdminAssetSpineHealth.jsx:143,AdminAssetSpineHealth,asset-spine-health-page,NON_TRUTH_SURFACE_EXCLUDED_WITH_REASON,structural/control/label testid,
frontend/src/pages/admin/AdminAssetSpineHealth.jsx:177,AdminAssetSpineHealth,<Stat,DIRECT_FACT,value_component_fact,value-bearing component rendering a fetched fact
frontend/src/pages/admin/AdminAuditLog.jsx:85,AdminAuditLog,admin-audit-log-page,NON_TRUTH_SURFACE_EXCLUDED_WITH_REASON,structural/control/label testid,
frontend/src/pages/admin/AdminAuditLog.jsx:109,AdminAuditLog,audit-action,NON_TRUTH_SURFACE_EXCLUDED_WITH_REASON,structural/control/label testid,
frontend/src/pages/admin/AdminAuditLog.jsx:133,AdminAuditLog,audit-prev,NON_TRUTH_SURFACE_EXCLUDED_WITH_REASON,structural/control/label testid,
frontend/src/pages/admin/AdminAuditLog.jsx:134,AdminAuditLog,audit-next,NON_TRUTH_SURFACE_EXCLUDED_WITH_REASON,structural/control/label testid,
frontend/src/pages/admin/AdminAuditLog.jsx:143,AdminAuditLog,audit-empty,NON_TRUTH_SURFACE_EXCLUDED_WITH_REASON,structural/control/label testid,
frontend/src/pages/admin/AdminCommandCenter.jsx:124,AdminCommandCenter,cc-drilldown-modal,NON_TRUTH_SURFACE_EXCLUDED_WITH_REASON,structural/control/label testid,
frontend/src/pages/admin/AdminCommandCenter.jsx:149,AdminCommandCenter,cc-drill-status,CANONICAL_STATUS,status,Wave-2 status vocab (TC-0002)
frontend/src/pages/admin/AdminCommandCenter.jsx:163,AdminCommandCenter,cc-drill-open-link,NON_TRUTH_SURFACE_EXCLUDED_WITH_REASON,structural/control/label testid,
frontend/src/pages/admin/AdminCommandCenter.jsx:168,AdminCommandCenter,cc-drill-close,NON_TRUTH_SURFACE_EXCLUDED_WITH_REASON,structural/control/label testid,
frontend/src/pages/admin/AdminCommandCenter.jsx:234,AdminCommandCenter,cc-loading,NON_TRUTH_SURFACE_EXCLUDED_WITH_REASON,structural/control/label testid,
frontend/src/pages/admin/AdminCommandCenter.jsx:241,AdminCommandCenter,cc-error,NON_TRUTH_SURFACE_EXCLUDED_WITH_REASON,structural/control/label testid,
frontend/src/pages/admin/AdminCommandCenter.jsx:258,AdminCommandCenter,cc-portfolio-link,NON_TRUTH_SURFACE_EXCLUDED_WITH_REASON,structural/control/label testid,
frontend/src/pages/admin/AdminCommandCenter.jsx:292,AdminCommandCenter,cc-refresh-btn,NON_TRUTH_SURFACE_EXCLUDED_WITH_REASON,structural/control/label testid,
frontend/src/pages/admin/AdminCommandCenter.jsx:311,AdminCommandCenter,cc-admin-settings-note,NON_TRUTH_SURFACE_EXCLUDED_WITH_REASON,structural/control/label testid,
frontend/src/pages/admin/AdminComplianceFindings.jsx:164,AdminComplianceFindings,admin-compliance-findings,CANONICAL_KPI,compliance_rate,kpi_percent_complete.compliance_rate
frontend/src/pages/admin/AdminComplianceFindings.jsx:205,AdminComplianceFindings,findings-filter-status,CANONICAL_STATUS,status,Wave-2 status vocab (TC-0002)
frontend/src/pages/admin/AdminComplianceFindings.jsx:242,AdminComplianceFindings,findings-filter-search,NON_TRUTH_SURFACE_EXCLUDED_WITH_REASON,structural/control/label testid,
frontend/src/pages/admin/AdminComplianceFindings.jsx:247,AdminComplianceFindings,findings-refresh,NON_TRUTH_SURFACE_EXCLUDED_WITH_REASON,structural/control/label testid,
frontend/src/pages/admin/AdminComplianceFindings.jsx:262,AdminComplianceFindings,findings-error,NON_TRUTH_SURFACE_EXCLUDED_WITH_REASON,structural/control/label testid,
frontend/src/pages/admin/AdminComplianceFindings.jsx:267,AdminComplianceFindings,findings-empty,NON_TRUTH_SURFACE_EXCLUDED_WITH_REASON,structural/control/label testid,
frontend/src/pages/admin/AdminComplianceFindings.jsx:338,AdminComplianceFindings,finding-action-dialog,NON_TRUTH_SURFACE_EXCLUDED_WITH_REASON,structural/control/label testid,
frontend/src/pages/admin/AdminComplianceFindings.jsx:362,AdminComplianceFindings,finding-action-note,NON_TRUTH_SURFACE_EXCLUDED_WITH_REASON,structural/control/label testid,
frontend/src/pages/admin/AdminComplianceFindings.jsx:368,AdminComplianceFindings,finding-action-cancel,NON_TRUTH_SURFACE_EXCLUDED_WITH_REASON,structural/control/label testid,
frontend/src/pages/admin/AdminComplianceFindings.jsx:371,AdminComplianceFindings,finding-action-submit,NON_TRUTH_SURFACE_EXCLUDED_WITH_REASON,structural/control/label testid,
frontend/src/pages/admin/AdminCostRegistry.jsx:51,AdminCostRegistry,admin-cost-registry-page,NON_TRUTH_SURFACE_EXCLUDED_WITH_REASON,structural/control/label testid,
frontend/src/pages/admin/AdminCostRegistry.jsx:60,AdminCostRegistry,admin-cost-registry-form,NON_TRUTH_SURFACE_EXCLUDED_WITH_REASON,structural/control/label testid,
frontend/src/pages/admin/AdminCostRegistry.jsx:69,AdminCostRegistry,admin-cost-registry-save-button,NON_TRUTH_SURFACE_EXCLUDED_WITH_REASON,structural/control/label testid,
frontend/src/pages/admin/AdminDatabase.jsx:76,AdminDatabase,capacity-now-error,NON_TRUTH_SURFACE_EXCLUDED_WITH_REASON,structural/control/label testid,
frontend/src/pages/admin/AdminDatabase.jsx:133,AdminDatabase,admin-database-page,NON_TRUTH_SURFACE_EXCLUDED_WITH_REASON,structural/control/label testid,
frontend/src/pages/admin/AdminDigestConfig.jsx:118,AdminDigestConfig,admin-digest-config-page,NON_TRUTH_SURFACE_EXCLUDED_WITH_REASON,structural/control/label testid,
frontend/src/pages/admin/AdminDigestConfig.jsx:155,AdminDigestConfig,digest-enabled-toggle,NON_TRUTH_SURFACE_EXCLUDED_WITH_REASON,structural/control/label testid,
frontend/src/pages/admin/AdminDigestConfig.jsx:246,AdminDigestConfig,digest-save,NON_TRUTH_SURFACE_EXCLUDED_WITH_REASON,structural/control/label testid,
frontend/src/pages/admin/AdminDispatch.jsx:54,AdminDispatch,admin-dispatch-page,NON_TRUTH_SURFACE_EXCLUDED_WITH_REASON,structural/control/label testid,
frontend/src/pages/admin/AdminDispatch.jsx:77,AdminDispatch,dp-tab-utilization,NON_TRUTH_SURFACE_EXCLUDED_WITH_REASON,control element (button/link/input/tab),
frontend/src/pages/admin/AdminDispatch.jsx:205,AdminDispatch,dp-utilization,CANONICAL_KPI,utilization,kpi_percent_complete.utilization_percent/storage
frontend/src/pages/admin/AdminDispatch.jsx:220,AdminDispatch,util-search,NON_TRUTH_SURFACE_EXCLUDED_WITH_REASON,structural/control/label testid,
frontend/src/pages/admin/AdminDispatch.jsx:340,AdminDispatch,dp-transfer-history-toggle,NON_TRUTH_SURFACE_EXCLUDED_WITH_REASON,structural/control/label testid,
frontend/src/pages/admin/AdminDispatch.jsx:365,AdminDispatch,dp-transfer-empty,NON_TRUTH_SURFACE_EXCLUDED_WITH_REASON,structural/control/label testid,
frontend/src/pages/admin/AdminDispatch.jsx:460,AdminDispatch,dp-transfer-create-dialog,NON_TRUTH_SURFACE_EXCLUDED_WITH_REASON,structural/control/label testid,
frontend/src/pages/admin/AdminDispatch.jsx:465,AdminDispatch,dp-create-search,NON_TRUTH_SURFACE_EXCLUDED_WITH_REASON,structural/control/label testid,
frontend/src/pages/admin/AdminDispatch.jsx:493,AdminDispatch,dp-create-submit,NON_TRUTH_SURFACE_EXCLUDED_WITH_REASON,structural/control/label testid,
frontend/src/pages/admin/AdminDispatch.jsx:673,AdminDispatch,dp-hold-create-dialog,NON_TRUTH_SURFACE_EXCLUDED_WITH_REASON,structural/control/label testid,
frontend/src/pages/admin/AdminDispatch.jsx:711,AdminDispatch,dp-hold-submit,NON_TRUTH_SURFACE_EXCLUDED_WITH_REASON,structural/control/label testid,
frontend/src/pages/admin/AdminDispatch.jsx:777,AdminDispatch,idle-empty,NON_TRUTH_SURFACE_EXCLUDED_WITH_REASON,structural/control/label testid,
frontend/src/pages/admin/AdminDlsDay1Debrief.jsx:223,AdminDlsDay1Debrief,day1-debrief-header,NON_TRUTH_SURFACE_EXCLUDED_WITH_REASON,structural/control/label testid,
frontend/src/pages/admin/AdminDlsDay1Debrief.jsx:311,AdminDlsDay1Debrief,day1-submit,NON_TRUTH_SURFACE_EXCLUDED_WITH_REASON,structural/control/label testid,
frontend/src/pages/admin/AdminDlsDay1Debrief.jsx:319,AdminDlsDay1Debrief,day1-error,NON_TRUTH_SURFACE_EXCLUDED_WITH_REASON,structural/control/label testid,
frontend/src/pages/admin/AdminDlsShiftQR.jsx:122,AdminDlsShiftQR,shiftqr-form,NON_TRUTH_SURFACE_EXCLUDED_WITH_REASON,structural/control/label testid,
frontend/src/pages/admin/AdminDlsShiftQR.jsx:133,AdminDlsShiftQR,shiftqr-truck-input,NON_TRUTH_SURFACE_EXCLUDED_WITH_REASON,structural/control/label testid,
frontend/src/pages/admin/AdminDlsShiftQR.jsx:151,AdminDlsShiftQR,shiftqr-carrier-input,NON_TRUTH_SURFACE_EXCLUDED_WITH_REASON,structural/control/label testid,
frontend/src/pages/admin/AdminDlsShiftQR.jsx:169,AdminDlsShiftQR,shiftqr-tenant-input,NON_TRUTH_SURFACE_EXCLUDED_WITH_REASON,structural/control/label testid,
frontend/src/pages/admin/AdminDlsShiftQR.jsx:184,AdminDlsShiftQR,shiftqr-print-btn,NON_TRUTH_SURFACE_EXCLUDED_WITH_REASON,structural/control/label testid,
frontend/src/pages/admin/AdminDlsShiftQR.jsx:195,AdminDlsShiftQR,shiftqr-open-link,NON_TRUTH_SURFACE_EXCLUDED_WITH_REASON,structural/control/label testid,
frontend/src/pages/admin/AdminDriverIntel.jsx:20,AdminDriverIntel,admin-driver-intel-page,NON_TRUTH_SURFACE_EXCLUDED_WITH_REASON,structural/control/label testid,
frontend/src/pages/admin/AdminDriverIntel.jsx:22,AdminDriverIntel,admin-driver-intel-back,NON_TRUTH_SURFACE_EXCLUDED_WITH_REASON,structural/control/label testid,
frontend/src/pages/admin/AdminDriverIntel.jsx:28,AdminDriverIntel,admin-driver-intel-mapping-link,NON_TRUTH_SURFACE_EXCLUDED_WITH_REASON,structural/control/label testid,
frontend/src/pages/admin/AdminGeofenceReconciliation.jsx:170,AdminGeofenceReconciliation,geofence-recon-page,NON_TRUTH_SURFACE_EXCLUDED_WITH_REASON,structural/control/label testid,
frontend/src/pages/admin/AdminGeofenceReconciliation.jsx:193,AdminGeofenceReconciliation,recon-import-btn,NON_TRUTH_SURFACE_EXCLUDED_WITH_REASON,structural/control/label testid,
frontend/src/pages/admin/AdminGeofenceReconciliation.jsx:202,AdminGeofenceReconciliation,recon-run-btn,NON_TRUTH_SURFACE_EXCLUDED_WITH_REASON,structural/control/label testid,
frontend/src/pages/admin/AdminGeofenceReconciliation.jsx:255,AdminGeofenceReconciliation,recon-bulk-approve-btn,NON_TRUTH_SURFACE_EXCLUDED_WITH_REASON,structural/control/label testid,
frontend/src/pages/admin/AdminGovernance.jsx:242,AdminGovernance,gov-score-banner,NON_TRUTH_SURFACE_EXCLUDED_WITH_REASON,structural/control/label testid,
frontend/src/pages/admin/AdminGovernance.jsx:254,AdminGovernance,gov-health-label,NON_TRUTH_SURFACE_EXCLUDED_WITH_REASON,structural/control/label testid,
frontend/src/pages/admin/AdminGovernance.jsx:300,AdminGovernance,gov-error,NON_TRUTH_SURFACE_EXCLUDED_WITH_REASON,structural/control/label testid,
frontend/src/pages/admin/AdminGovernance.jsx:317,AdminGovernance,gov-self-protection-link,NON_TRUTH_SURFACE_EXCLUDED_WITH_REASON,structural/control/label testid,
frontend/src/pages/admin/AdminGovernance.jsx:339,AdminGovernance,gov-severity-loading,NON_TRUTH_SURFACE_EXCLUDED_WITH_REASON,structural/control/label testid,
frontend/src/pages/admin/AdminGovernance.jsx:355,AdminGovernance,gov-status-loading,NON_TRUTH_SURFACE_EXCLUDED_WITH_REASON,structural/control/label testid,
frontend/src/pages/admin/AdminGovernance.jsx:359,AdminGovernance,gov-status-strip,CANONICAL_STATUS,status,Wave-2 status vocab (TC-0002)
frontend/src/pages/admin/AdminGovernance.jsx:375,AdminGovernance,gov-rule-loading,NON_TRUTH_SURFACE_EXCLUDED_WITH_REASON,structural/control/label testid,
frontend/src/pages/admin/AdminGovernance.jsx:379,AdminGovernance,gov-rule-empty,NON_TRUTH_SURFACE_EXCLUDED_WITH_REASON,structural/control/label testid,
frontend/src/pages/admin/AdminGovernance.jsx:403,AdminGovernance,gov-backfill-panel,NON_TRUTH_SURFACE_EXCLUDED_WITH_REASON,structural/control/label testid,
frontend/src/pages/admin/AdminGovernanceHierarchyFoundation.jsx:146,AdminGovernanceHierarchyFoundation,hierarchy-item-dialog,NON_TRUTH_SURFACE_EXCLUDED_WITH_REASON,structural/control/label testid,
frontend/src/pages/admin/AdminGovernanceHierarchyFoundation.jsx:155,AdminGovernanceHierarchyFoundation,hierarchy-form-type-select,NON_TRUTH_SURFACE_EXCLUDED_WITH_REASON,structural/control/label testid,
frontend/src/pages/admin/AdminGovernanceHierarchyFoundation.jsx:163,AdminGovernanceHierarchyFoundation,hierarchy-form-subtype-select,NON_TRUTH_SURFACE_EXCLUDED_WITH_REASON,structural/control/label testid,
frontend/src/pages/admin/AdminGovernanceHierarchyFoundation.jsx:170,AdminGovernanceHierarchyFoundation,hierarchy-form-code-input,NON_TRUTH_SURFACE_EXCLUDED_WITH_REASON,structural/control/label testid,
frontend/src/pages/admin/AdminGovernanceHierarchyFoundation.jsx:174,AdminGovernanceHierarchyFoundation,hierarchy-form-name-input,NON_TRUTH_SURFACE_EXCLUDED_WITH_REASON,structural/control/label testid,
frontend/src/pages/admin/AdminGovernanceHierarchyFoundation.jsx:179,AdminGovernanceHierarchyFoundation,hierarchy-form-parent-select,NON_TRUTH_SURFACE_EXCLUDED_WITH_REASON,structural/control/label testid,
frontend/src/pages/admin/AdminGovernanceHierarchyFoundation.jsx:188,AdminGovernanceHierarchyFoundation,hierarchy-form-description-input,NON_TRUTH_SURFACE_EXCLUDED_WITH_REASON,structural/control/label testid,
frontend/src/pages/admin/AdminGovernanceHierarchyFoundation.jsx:192,AdminGovernanceHierarchyFoundation,hierarchy-form-display-order-input,NON_TRUTH_SURFACE_EXCLUDED_WITH_REASON,structural/control/label testid,
frontend/src/pages/admin/AdminGovernanceHierarchyFoundation.jsx:196,AdminGovernanceHierarchyFoundation,hierarchy-form-external-reference-input,NON_TRUTH_SURFACE_EXCLUDED_WITH_REASON,structural/control/label testid,
frontend/src/pages/admin/AdminGovernanceHierarchyFoundation.jsx:200,AdminGovernanceHierarchyFoundation,hierarchy-form-cancel-button,NON_TRUTH_SURFACE_EXCLUDED_WITH_REASON,structural/control/label testid,
frontend/src/pages/admin/AdminGovernanceHierarchyFoundation.jsx:201,AdminGovernanceHierarchyFoundation,hierarchy-form-submit-button,NON_TRUTH_SURFACE_EXCLUDED_WITH_REASON,structural/control/label testid,
frontend/src/pages/admin/AdminGovernanceHierarchyFoundation.jsx:326,AdminGovernanceHierarchyFoundation,hierarchy-refresh-button,NON_TRUTH_SURFACE_EXCLUDED_WITH_REASON,structural/control/label testid,
frontend/src/pages/admin/AdminGovernanceHierarchyFoundation.jsx:327,AdminGovernanceHierarchyFoundation,hierarchy-backfill-button,NON_TRUTH_SURFACE_EXCLUDED_WITH_REASON,structural/control/label testid,
frontend/src/pages/admin/AdminGovernanceHierarchyFoundation.jsx:328,AdminGovernanceHierarchyFoundation,hierarchy-add-button,NON_TRUTH_SURFACE_EXCLUDED_WITH_REASON,structural/control/label testid,
frontend/src/pages/admin/AdminGovernanceHierarchyFoundation.jsx:332,AdminGovernanceHierarchyFoundation,hierarchy-foundation-page,NON_TRUTH_SURFACE_EXCLUDED_WITH_REASON,structural/control/label testid,
frontend/src/pages/admin/AdminGovernanceHierarchyFoundation.jsx:340,AdminGovernanceHierarchyFoundation,hierarchy-main-panel,NON_TRUTH_SURFACE_EXCLUDED_WITH_REASON,structural/control/label testid,
frontend/src/pages/admin/AdminGovernanceHierarchyFoundation.jsx:347,AdminGovernanceHierarchyFoundation,hierarchy-search-input,NON_TRUTH_SURFACE_EXCLUDED_WITH_REASON,structural/control/label testid,
frontend/src/pages/admin/AdminGovernanceHierarchyFoundation.jsx:353,AdminGovernanceHierarchyFoundation,hierarchy-type-filter,NON_TRUTH_SURFACE_EXCLUDED_WITH_REASON,structural/control/label testid,
frontend/src/pages/admin/AdminGovernanceHierarchyFoundation.jsx:391,AdminGovernanceHierarchyFoundation,hierarchy-detail-panel,NON_TRUTH_SURFACE_EXCLUDED_WITH_REASON,structural/control/label testid,
frontend/src/pages/admin/AdminGovernanceHierarchyFoundation.jsx:399,AdminGovernanceHierarchyFoundation,hierarchy-edit-button,NON_TRUTH_SURFACE_EXCLUDED_WITH_REASON,structural/control/label testid,
frontend/src/pages/admin/AdminGovernanceHierarchyFoundation.jsx:400,AdminGovernanceHierarchyFoundation,hierarchy-toggle-status-button,NON_TRUTH_SURFACE_EXCLUDED_WITH_REASON,structural/control/label testid,
frontend/src/pages/admin/AdminGovernanceHierarchyFoundation.jsx:401,AdminGovernanceHierarchyFoundation,hierarchy-archive-button,NON_TRUTH_SURFACE_EXCLUDED_WITH_REASON,structural/control/label testid,
frontend/src/pages/admin/AdminGovernanceHierarchyFoundation.jsx:407,AdminGovernanceHierarchyFoundation,hierarchy-detail-children,DIRECT_FACT,inline_length_or_count,inline .length/.count of rendered data
frontend/src/pages/admin/AdminGovernanceHierarchyFoundation.jsx:408,AdminGovernanceHierarchyFoundation,hierarchy-detail-bindings,DIRECT_FACT,inline_length_or_count,inline .length/.count of rendered data
frontend/src/pages/admin/AdminGovernanceHierarchyFoundation.jsx:413,AdminGovernanceHierarchyFoundation,hierarchy-review-queue-panel,NON_TRUTH_SURFACE_EXCLUDED_WITH_REASON,structural/control/label testid,
frontend/src/pages/admin/AdminGovernanceHierarchyFoundation.jsx:421,AdminGovernanceHierarchyFoundation,hierarchy-assignment-panel,NON_TRUTH_SURFACE_EXCLUDED_WITH_REASON,structural/control/label testid,
frontend/src/pages/admin/AdminGovernanceHierarchyFoundation.jsx:428,AdminGovernanceHierarchyFoundation,hierarchy-scope-panel,NON_TRUTH_SURFACE_EXCLUDED_WITH_REASON,structural/control/label testid,
frontend/src/pages/admin/AdminGovernanceHierarchyFoundation.jsx:432,AdminGovernanceHierarchyFoundation,hierarchy-scope-email-input,NON_TRUTH_SURFACE_EXCLUDED_WITH_REASON,structural/control/label testid,
frontend/src/pages/admin/AdminGovernanceHierarchyFoundation.jsx:434,AdminGovernanceHierarchyFoundation,hierarchy-scope-refresh-button,NON_TRUTH_SURFACE_EXCLUDED_WITH_REASON,structural/control/label testid,
frontend/src/pages/admin/AdminGovernanceOperationalIntelligence.jsx:125,AdminGovernanceOperationalIntelligence,admin-governance-operational-intelligence-page,NON_TRUTH_SURFACE_EXCLUDED_WITH_REASON,structural/control/label testid,
frontend/src/pages/admin/AdminGovernanceOperationalIntelligence.jsx:134,AdminGovernanceOperationalIntelligence,admin-governance-operational-intelligence-refresh-button,NON_TRUTH_SURFACE_EXCLUDED_WITH_REASON,structural/control/label testid,
frontend/src/pages/admin/AdminGovernanceOperationalIntelligence.jsx:135,AdminGovernanceOperationalIntelligence,admin-governance-operational-intelligence-backfill-button,NON_TRUTH_SURFACE_EXCLUDED_WITH_REASON,structural/control/label testid,
frontend/src/pages/admin/AdminGovernanceOperationalIntelligence.jsx:154,AdminGovernanceOperationalIntelligence,admin-governance-operational-intelligence-backfill-status,CANONICAL_STATUS,status,Wave-2 status vocab (TC-0002)
frontend/src/pages/admin/AdminGovernanceProjectBudgetAuthority.jsx:170,AdminGovernanceProjectBudgetAuthority,admin-project-budget-authority-page,NON_TRUTH_SURFACE_EXCLUDED_WITH_REASON,structural/control/label testid,
frontend/src/pages/admin/AdminGovernanceProjectBudgetAuthority.jsx:172,AdminGovernanceProjectBudgetAuthority,admin-project-budget-project-filter-input,NON_TRUTH_SURFACE_EXCLUDED_WITH_REASON,structural/control/label testid,
frontend/src/pages/admin/AdminGovernanceProjectBudgetAuthority.jsx:173,AdminGovernanceProjectBudgetAuthority,admin-project-budget-apply-filter-button,NON_TRUTH_SURFACE_EXCLUDED_WITH_REASON,structural/control/label testid,
frontend/src/pages/admin/AdminGovernanceProjectBudgetAuthority.jsx:174,AdminGovernanceProjectBudgetAuthority,admin-project-budget-refresh-button,NON_TRUTH_SURFACE_EXCLUDED_WITH_REASON,structural/control/label testid,
frontend/src/pages/admin/AdminGovernanceProjectBudgetAuthority.jsx:177,AdminGovernanceProjectBudgetAuthority,admin-project-budget-backfill-button,NON_TRUTH_SURFACE_EXCLUDED_WITH_REASON,structural/control/label testid,
frontend/src/pages/admin/AdminGovernanceProjectBudgetAuthority.jsx:180,AdminGovernanceProjectBudgetAuthority,admin-project-budget-export-button,NON_TRUTH_SURFACE_EXCLUDED_WITH_REASON,structural/control/label testid,
frontend/src/pages/admin/AdminGovernanceProjectBudgetAuthority.jsx:215,AdminGovernanceProjectBudgetAuthority,admin-project-budget-tabs,NON_TRUTH_SURFACE_EXCLUDED_WITH_REASON,structural/control/label testid,
frontend/src/pages/admin/AdminGovernanceProjectBudgetAuthority.jsx:217,AdminGovernanceProjectBudgetAuthority,admin-project-budget-review-tab,NON_TRUTH_SURFACE_EXCLUDED_WITH_REASON,structural/control/label testid,
frontend/src/pages/admin/AdminGovernanceProjectBudgetAuthority.jsx:218,AdminGovernanceProjectBudgetAuthority,admin-project-budget-versions-tab,NON_TRUTH_SURFACE_EXCLUDED_WITH_REASON,structural/control/label testid,
frontend/src/pages/admin/AdminGovernanceProjectBudgetAuthority.jsx:219,AdminGovernanceProjectBudgetAuthority,admin-project-budget-imports-tab,NON_TRUTH_SURFACE_EXCLUDED_WITH_REASON,structural/control/label testid,
frontend/src/pages/admin/AdminGovernanceProjectBudgetAuthority.jsx:222,AdminGovernanceProjectBudgetAuthority,admin-project-budget-review-panel,NON_TRUTH_SURFACE_EXCLUDED_WITH_REASON,structural/control/label testid,
frontend/src/pages/admin/AdminGovernanceProjectBudgetAuthority.jsx:223,AdminGovernanceProjectBudgetAuthority,admin-project-budget-review-queue-section,NON_TRUTH_SURFACE_EXCLUDED_WITH_REASON,structural/control/label testid,
frontend/src/pages/admin/AdminGovernanceProjectBudgetAuthority.jsx:229,AdminGovernanceProjectBudgetAuthority,admin-project-budget-review-count-badge,DIRECT_FACT,record_field_or_local_length,record serialization -> prop -> render
frontend/src/pages/admin/AdminGovernanceProjectBudgetAuthority.jsx:247,AdminGovernanceProjectBudgetAuthority,admin-project-budget-versions-panel,NON_TRUTH_SURFACE_EXCLUDED_WITH_REASON,structural/control/label testid,
frontend/src/pages/admin/AdminGovernanceProjectBudgetAuthority.jsx:248,AdminGovernanceProjectBudgetAuthority,admin-project-budget-versions-section,NON_TRUTH_SURFACE_EXCLUDED_WITH_REASON,structural/control/label testid,
frontend/src/pages/admin/AdminGovernanceProjectBudgetAuthority.jsx:255,AdminGovernanceProjectBudgetAuthority,admin-project-budget-compare-version-select,NON_TRUTH_SURFACE_EXCLUDED_WITH_REASON,structural/control/label testid,
frontend/src/pages/admin/AdminGovernanceProjectBudgetAuthority.jsx:259,AdminGovernanceProjectBudgetAuthority,admin-project-budget-export-comparison-button,NON_TRUTH_SURFACE_EXCLUDED_WITH_REASON,structural/control/label testid,
frontend/src/pages/admin/AdminGovernanceProjectBudgetAuthority.jsx:280,AdminGovernanceProjectBudgetAuthority,admin-project-budget-lines-section,NON_TRUTH_SURFACE_EXCLUDED_WITH_REASON,structural/control/label testid,
frontend/src/pages/admin/AdminGovernanceProjectBudgetAuthority.jsx:310,AdminGovernanceProjectBudgetAuthority,admin-project-budget-imports-panel,NON_TRUTH_SURFACE_EXCLUDED_WITH_REASON,structural/control/label testid,
frontend/src/pages/admin/AdminGovernanceProjectBudgetAuthority.jsx:311,AdminGovernanceProjectBudgetAuthority,admin-project-budget-imports-section,NON_TRUTH_SURFACE_EXCLUDED_WITH_REASON,structural/control/label testid,
frontend/src/pages/admin/AdminGovernanceProjectBudgetAuthority.jsx:317,AdminGovernanceProjectBudgetAuthority,admin-project-budget-imports-count-badge,DIRECT_FACT,record_field_or_local_length,record serialization -> prop -> render
frontend/src/pages/admin/AdminGovernanceProjectBudgetAuthority.jsx:334,AdminGovernanceProjectBudgetAuthority,admin-project-budget-import-detail-section,NON_TRUTH_SURFACE_EXCLUDED_WITH_REASON,structural/control/label testid,
frontend/src/pages/admin/AdminGovernanceProjectControlsAuthority.jsx:126,AdminGovernanceProjectControlsAuthority,admin-project-controls-authority-page,NON_TRUTH_SURFACE_EXCLUDED_WITH_REASON,structural/control/label testid,
frontend/src/pages/admin/AdminGovernanceProjectControlsAuthority.jsx:128,AdminGovernanceProjectControlsAuthority,admin-project-controls-refresh-button,NON_TRUTH_SURFACE_EXCLUDED_WITH_REASON,structural/control/label testid,
frontend/src/pages/admin/AdminGovernanceProjectControlsAuthority.jsx:131,AdminGovernanceProjectControlsAuthority,admin-project-controls-backfill-button,NON_TRUTH_SURFACE_EXCLUDED_WITH_REASON,structural/control/label testid,
frontend/src/pages/admin/AdminGovernanceProjectControlsAuthority.jsx:134,AdminGovernanceProjectControlsAuthority,admin-project-controls-add-work-type-button,NON_TRUTH_SURFACE_EXCLUDED_WITH_REASON,structural/control/label testid,
frontend/src/pages/admin/AdminGovernanceProjectControlsAuthority.jsx:157,AdminGovernanceProjectControlsAuthority,admin-project-controls-work-types-section,NON_TRUTH_SURFACE_EXCLUDED_WITH_REASON,structural/control/label testid,
frontend/src/pages/admin/AdminGovernanceProjectControlsAuthority.jsx:163,AdminGovernanceProjectControlsAuthority,admin-project-controls-work-type-count,DIRECT_FACT,record_field_or_local_length,record serialization -> prop -> render
frontend/src/pages/admin/AdminGovernanceProjectControlsAuthority.jsx:198,AdminGovernanceProjectControlsAuthority,admin-project-controls-review-section,NON_TRUTH_SURFACE_EXCLUDED_WITH_REASON,structural/control/label testid,
frontend/src/pages/admin/AdminGovernanceProjectControlsAuthority.jsx:201,AdminGovernanceProjectControlsAuthority,admin-project-controls-review-count,DIRECT_FACT,record_field_or_local_length,record serialization -> prop -> render
frontend/src/pages/admin/AdminGovernanceProjectControlsAuthority.jsx:218,AdminGovernanceProjectControlsAuthority,admin-project-controls-events-section,NON_TRUTH_SURFACE_EXCLUDED_WITH_REASON,structural/control/label testid,
frontend/src/pages/admin/AdminGovernanceProjectControlsAuthority.jsx:238,AdminGovernanceProjectControlsAuthority,admin-project-controls-work-type-dialog,NON_TRUTH_SURFACE_EXCLUDED_WITH_REASON,structural/control/label testid,
frontend/src/pages/admin/AdminGovernanceProjectControlsAuthority.jsx:244,AdminGovernanceProjectControlsAuthority,admin-project-controls-work-type-code-input,NON_TRUTH_SURFACE_EXCLUDED_WITH_REASON,structural/control/label testid,
frontend/src/pages/admin/AdminGovernanceProjectControlsAuthority.jsx:245,AdminGovernanceProjectControlsAuthority,admin-project-controls-work-type-name-input,NON_TRUTH_SURFACE_EXCLUDED_WITH_REASON,structural/control/label testid,
frontend/src/pages/admin/AdminGovernanceProjectControlsAuthority.jsx:246,AdminGovernanceProjectControlsAuthority,admin-project-controls-work-type-category-input,NON_TRUTH_SURFACE_EXCLUDED_WITH_REASON,structural/control/label testid,
frontend/src/pages/admin/AdminGovernanceProjectControlsAuthority.jsx:247,AdminGovernanceProjectControlsAuthority,admin-project-controls-work-type-description-input,NON_TRUTH_SURFACE_EXCLUDED_WITH_REASON,structural/control/label testid,
frontend/src/pages/admin/AdminGovernanceProjectControlsAuthority.jsx:248,AdminGovernanceProjectControlsAuthority,admin-project-controls-work-type-keywords-input,NON_TRUTH_SURFACE_EXCLUDED_WITH_REASON,structural/control/label testid,
frontend/src/pages/admin/AdminGovernanceProjectControlsAuthority.jsx:251,AdminGovernanceProjectControlsAuthority,admin-project-controls-work-type-cancel-button,NON_TRUTH_SURFACE_EXCLUDED_WITH_REASON,structural/control/label testid,
frontend/src/pages/admin/AdminGovernanceProjectControlsAuthority.jsx:252,AdminGovernanceProjectControlsAuthority,admin-project-controls-work-type-save-button,NON_TRUTH_SURFACE_EXCLUDED_WITH_REASON,structural/control/label testid,
frontend/src/pages/admin/AdminGovernanceProjectScheduleAuthority.jsx:181,AdminGovernanceProjectScheduleAuthority,admin-project-schedule-authority-page,NON_TRUTH_SURFACE_EXCLUDED_WITH_REASON,structural/control/label testid,
frontend/src/pages/admin/AdminGovernanceProjectScheduleAuthority.jsx:183,AdminGovernanceProjectScheduleAuthority,admin-project-schedule-project-filter-input,NON_TRUTH_SURFACE_EXCLUDED_WITH_REASON,structural/control/label testid,
frontend/src/pages/admin/AdminGovernanceProjectScheduleAuthority.jsx:184,AdminGovernanceProjectScheduleAuthority,admin-project-schedule-apply-filter-button,NON_TRUTH_SURFACE_EXCLUDED_WITH_REASON,structural/control/label testid,
frontend/src/pages/admin/AdminGovernanceProjectScheduleAuthority.jsx:185,AdminGovernanceProjectScheduleAuthority,admin-project-schedule-refresh-button,NON_TRUTH_SURFACE_EXCLUDED_WITH_REASON,structural/control/label testid,
frontend/src/pages/admin/AdminGovernanceProjectScheduleAuthority.jsx:186,AdminGovernanceProjectScheduleAuthority,admin-project-schedule-backfill-button,NON_TRUTH_SURFACE_EXCLUDED_WITH_REASON,structural/control/label testid,
frontend/src/pages/admin/AdminGovernanceProjectScheduleAuthority.jsx:187,AdminGovernanceProjectScheduleAuthority,admin-project-schedule-export-kind-select,NON_TRUTH_SURFACE_EXCLUDED_WITH_REASON,structural/control/label testid,
frontend/src/pages/admin/AdminGovernanceProjectScheduleAuthority.jsx:190,AdminGovernanceProjectScheduleAuthority,admin-project-schedule-export-button,NON_TRUTH_SURFACE_EXCLUDED_WITH_REASON,structural/control/label testid,
frontend/src/pages/admin/AdminGovernanceProjectScheduleAuthority.jsx:222,AdminGovernanceProjectScheduleAuthority,admin-project-schedule-tabs,NON_TRUTH_SURFACE_EXCLUDED_WITH_REASON,structural/control/label testid,
frontend/src/pages/admin/AdminGovernanceProjectScheduleAuthority.jsx:224,AdminGovernanceProjectScheduleAuthority,admin-project-schedule-review-tab,NON_TRUTH_SURFACE_EXCLUDED_WITH_REASON,structural/control/label testid,
frontend/src/pages/admin/AdminGovernanceProjectScheduleAuthority.jsx:225,AdminGovernanceProjectScheduleAuthority,admin-project-schedule-versions-tab,NON_TRUTH_SURFACE_EXCLUDED_WITH_REASON,structural/control/label testid,
frontend/src/pages/admin/AdminGovernanceProjectScheduleAuthority.jsx:226,AdminGovernanceProjectScheduleAuthority,admin-project-schedule-actuals-tab,NON_TRUTH_SURFACE_EXCLUDED_WITH_REASON,structural/control/label testid,
frontend/src/pages/admin/AdminGovernanceProjectScheduleAuthority.jsx:227,AdminGovernanceProjectScheduleAuthority,admin-project-schedule-imports-tab,NON_TRUTH_SURFACE_EXCLUDED_WITH_REASON,structural/control/label testid,
frontend/src/pages/admin/AdminGovernanceProjectScheduleAuthority.jsx:230,AdminGovernanceProjectScheduleAuthority,admin-project-schedule-review-panel,NON_TRUTH_SURFACE_EXCLUDED_WITH_REASON,structural/control/label testid,
frontend/src/pages/admin/AdminGovernanceProjectScheduleAuthority.jsx:231,AdminGovernanceProjectScheduleAuthority,admin-project-schedule-review-queue-section,NON_TRUTH_SURFACE_EXCLUDED_WITH_REASON,structural/control/label testid,
frontend/src/pages/admin/AdminGovernanceProjectScheduleAuthority.jsx:237,AdminGovernanceProjectScheduleAuthority,admin-project-schedule-review-count-badge,DIRECT_FACT,record_field_or_local_length,record serialization -> prop -> render
frontend/src/pages/admin/AdminGovernanceProjectScheduleAuthority.jsx:255,AdminGovernanceProjectScheduleAuthority,admin-project-schedule-actuals-panel,NON_TRUTH_SURFACE_EXCLUDED_WITH_REASON,structural/control/label testid,
frontend/src/pages/admin/AdminGovernanceProjectScheduleAuthority.jsx:256,AdminGovernanceProjectScheduleAuthority,admin-project-schedule-actuals-summary-section,NON_TRUTH_SURFACE_EXCLUDED_WITH_REASON,structural/control/label testid,
frontend/src/pages/admin/AdminGovernanceProjectScheduleAuthority.jsx:273,AdminGovernanceProjectScheduleAuthority,admin-project-schedule-actuals-candidates-section,NON_TRUTH_SURFACE_EXCLUDED_WITH_REASON,structural/control/label testid,
frontend/src/pages/admin/AdminGovernanceProjectScheduleAuthority.jsx:289,AdminGovernanceProjectScheduleAuthority,admin-project-schedule-actuals-plans-section,NON_TRUTH_SURFACE_EXCLUDED_WITH_REASON,structural/control/label testid,
frontend/src/pages/admin/AdminGovernanceProjectScheduleAuthority.jsx:307,AdminGovernanceProjectScheduleAuthority,admin-project-schedule-versions-panel,NON_TRUTH_SURFACE_EXCLUDED_WITH_REASON,structural/control/label testid,
frontend/src/pages/admin/AdminGovernanceProjectScheduleAuthority.jsx:308,AdminGovernanceProjectScheduleAuthority,admin-project-schedule-versions-section,NON_TRUTH_SURFACE_EXCLUDED_WITH_REASON,structural/control/label testid,
frontend/src/pages/admin/AdminGovernanceProjectScheduleAuthority.jsx:330,AdminGovernanceProjectScheduleAuthority,admin-project-schedule-activities-section,NON_TRUTH_SURFACE_EXCLUDED_WITH_REASON,structural/control/label testid,
frontend/src/pages/admin/AdminGovernanceProjectScheduleAuthority.jsx:342,AdminGovernanceProjectScheduleAuthority,admin-project-schedule-work-packages-section,NON_TRUTH_SURFACE_EXCLUDED_WITH_REASON,structural/control/label testid,
frontend/src/pages/admin/AdminGovernanceProjectScheduleAuthority.jsx:358,AdminGovernanceProjectScheduleAuthority,admin-project-schedule-imports-panel,NON_TRUTH_SURFACE_EXCLUDED_WITH_REASON,structural/control/label testid,
frontend/src/pages/admin/AdminGovernanceProjectScheduleAuthority.jsx:359,AdminGovernanceProjectScheduleAuthority,admin-project-schedule-imports-section,NON_TRUTH_SURFACE_EXCLUDED_WITH_REASON,structural/control/label testid,
frontend/src/pages/admin/AdminGovernanceProjectScheduleAuthority.jsx:365,AdminGovernanceProjectScheduleAuthority,admin-project-schedule-imports-count-badge,DIRECT_FACT,record_field_or_local_length,record serialization -> prop -> render
frontend/src/pages/admin/AdminGovernanceProjectScheduleAuthority.jsx:382,AdminGovernanceProjectScheduleAuthority,admin-project-schedule-import-detail-section,NON_TRUTH_SURFACE_EXCLUDED_WITH_REASON,structural/control/label testid,
frontend/src/pages/admin/AdminGovernanceRegistryPage.jsx:25,AdminGovernanceRegistryPage,gov-registry-error,NON_TRUTH_SURFACE_EXCLUDED_WITH_REASON,structural/control/label testid,
frontend/src/pages/admin/AdminGuidanceCoverage.jsx:57,AdminGuidanceCoverage,admin-guidance-coverage-panel,NON_TRUTH_SURFACE_EXCLUDED_WITH_REASON,structural/control/label testid,
frontend/src/pages/admin/AdminGuidanceCoverage.jsx:79,AdminGuidanceCoverage,admin-guidance-coverage-refresh,NON_TRUTH_SURFACE_EXCLUDED_WITH_REASON,structural/control/label testid,
frontend/src/pages/admin/AdminGuidanceCoverage.jsx:116,AdminGuidanceCoverage,coverage-matrix-section,NON_TRUTH_SURFACE_EXCLUDED_WITH_REASON,structural/control/label testid,
frontend/src/pages/admin/AdminGuidanceCoverage.jsx:199,AdminGuidanceCoverage,workflow-coverage-section,NON_TRUTH_SURFACE_EXCLUDED_WITH_REASON,structural/control/label testid,
frontend/src/pages/admin/AdminGuidanceCoverage.jsx:273,AdminGuidanceCoverage,search-misses-section,NON_TRUTH_SURFACE_EXCLUDED_WITH_REASON,structural/control/label testid,
frontend/src/pages/admin/AdminIntegrationCenter.jsx:95,AdminIntegrationCenter,ic-tab-csv,NON_TRUTH_SURFACE_EXCLUDED_WITH_REASON,structural/control/label testid,
frontend/src/pages/admin/AdminIntegrationCenter.jsx:170,AdminIntegrationCenter,"<Stat label=""Records mapped"" value={p.records_mapped} />",DIRECT_FACT,displayed_count_fact,count of displayed/queried population
frontend/src/pages/admin/AdminIntegrationCenter.jsx:171,AdminIntegrationCenter,"<Stat label=""Last sync"" value={p.last_sync_at ? p.last_sync_at.slice(0",DIRECT_FACT,value_component_fact,value-bearing component rendering a fetched fact
frontend/src/pages/admin/AdminIntegrationCenter.jsx:172,AdminIntegrationCenter,"<Stat label=""Last success"" value={p.last_successful_sync_at ? p.last_s",DIRECT_FACT,value_component_fact,value-bearing component rendering a fetched fact
frontend/src/pages/admin/AdminIntegrationCenter.jsx:173,AdminIntegrationCenter,"<Stat label=""Last failure"" value={p.last_failed_sync_at ? p.last_faile",DIRECT_FACT,value_component_fact,value-bearing component rendering a fetched fact
frontend/src/pages/admin/AdminIntegrationCenter.jsx:1095,AdminIntegrationCenter,ic-wizard-preview-panel,NON_TRUTH_SURFACE_EXCLUDED_WITH_REASON,structural/control/label testid,
frontend/src/pages/admin/AdminIntegrationCenter.jsx:1225,AdminIntegrationCenter,ic-wizard-runs-load-error,NON_TRUTH_SURFACE_EXCLUDED_WITH_REASON,structural/control/label testid,
frontend/src/pages/admin/AdminIntegrationCenter.jsx:1402,AdminIntegrationCenter,ic-geofence-status,CANONICAL_STATUS,status,Wave-2 status vocab (TC-0002)
frontend/src/pages/admin/AdminIntegrationCenter.jsx:1415,AdminIntegrationCenter,ic-geofence-refresh,NON_TRUTH_SURFACE_EXCLUDED_WITH_REASON,structural/control/label testid,
frontend/src/pages/admin/AdminJhaAcknowledgements.jsx:89,AdminJhaAcknowledgements,admin-jha-acks-page,NON_TRUTH_SURFACE_EXCLUDED_WITH_REASON,structural/control/label testid,
frontend/src/pages/admin/AdminJhaAcknowledgements.jsx:107,AdminJhaAcknowledgements,admin-jha-acks-refresh,NON_TRUTH_SURFACE_EXCLUDED_WITH_REASON,structural/control/label testid,
frontend/src/pages/admin/AdminJhaAcknowledgements.jsx:116,AdminJhaAcknowledgements,admin-jha-acks-compliance,CANONICAL_KPI,compliance_rate,kpi_percent_complete.compliance_rate
frontend/src/pages/admin/AdminJhaAcknowledgements.jsx:141,AdminJhaAcknowledgements,admin-jha-acks-compliance-table,CANONICAL_KPI,compliance_rate,kpi_percent_complete.compliance_rate
frontend/src/pages/admin/AdminJhaAcknowledgements.jsx:209,AdminJhaAcknowledgements,admin-jha-acks-project-input,NON_TRUTH_SURFACE_EXCLUDED_WITH_REASON,structural/control/label testid,
frontend/src/pages/admin/AdminJhaAcknowledgements.jsx:303,AdminJhaAcknowledgements,admin-jha-acks-employee-input,NON_TRUTH_SURFACE_EXCLUDED_WITH_REASON,structural/control/label testid,
frontend/src/pages/admin/AdminJobTeam.jsx:40,AdminJobTeam,admin-job-team-back,NON_TRUTH_SURFACE_EXCLUDED_WITH_REASON,structural/control/label testid,
frontend/src/pages/admin/AdminJobs.jsx:26,AdminJobs,admin-jobs-cost-registry-link,NON_TRUTH_SURFACE_EXCLUDED_WITH_REASON,structural/control/label testid,
frontend/src/pages/admin/AdminMasterHistory.jsx:49,AdminMasterHistory,master-history-back,NON_TRUTH_SURFACE_EXCLUDED_WITH_REASON,structural/control/label testid,
frontend/src/pages/admin/AdminMasterHistory.jsx:57,AdminMasterHistory,master-history-csv,NON_TRUTH_SURFACE_EXCLUDED_WITH_REASON,structural/control/label testid,
frontend/src/pages/admin/AdminMasterHistory.jsx:72,AdminMasterHistory,master-history-pdf,NON_TRUTH_SURFACE_EXCLUDED_WITH_REASON,structural/control/label testid,
frontend/src/pages/admin/AdminMasterHistory.jsx:93,AdminMasterHistory,master-history-header,NON_TRUTH_SURFACE_EXCLUDED_WITH_REASON,structural/control/label testid,
frontend/src/pages/admin/AdminMfa.jsx:160,AdminMfa,mfa-status-panel,NON_TRUTH_SURFACE_EXCLUDED_WITH_REASON,structural/control/label testid,
frontend/src/pages/admin/AdminMfa.jsx:178,AdminMfa,mfa-status-badge,CANONICAL_STATUS,status,Wave-2 status vocab (TC-0002)
frontend/src/pages/admin/AdminMfa.jsx:209,AdminMfa,mfa-enroll-start-btn,NON_TRUTH_SURFACE_EXCLUDED_WITH_REASON,structural/control/label testid,
frontend/src/pages/admin/AdminMfa.jsx:217,AdminMfa,mfa-enroll-panel,NON_TRUTH_SURFACE_EXCLUDED_WITH_REASON,structural/control/label testid,
frontend/src/pages/admin/AdminMfa.jsx:238,AdminMfa,mfa-enroll-secret-copy,NON_TRUTH_SURFACE_EXCLUDED_WITH_REASON,structural/control/label testid,
frontend/src/pages/admin/AdminMfa.jsx:261,AdminMfa,mfa-enroll-recovery-copy,NON_TRUTH_SURFACE_EXCLUDED_WITH_REASON,structural/control/label testid,
frontend/src/pages/admin/AdminMfa.jsx:280,AdminMfa,mfa-enroll-code-input,NON_TRUTH_SURFACE_EXCLUDED_WITH_REASON,structural/control/label testid,
frontend/src/pages/admin/AdminMfa.jsx:286,AdminMfa,mfa-enroll-verify-btn,NON_TRUTH_SURFACE_EXCLUDED_WITH_REASON,structural/control/label testid,
frontend/src/pages/admin/AdminMfa.jsx:297,AdminMfa,mfa-manage-panel,NON_TRUTH_SURFACE_EXCLUDED_WITH_REASON,structural/control/label testid,
frontend/src/pages/admin/AdminMfa.jsx:312,AdminMfa,mfa-manage-code-input,NON_TRUTH_SURFACE_EXCLUDED_WITH_REASON,structural/control/label testid,
frontend/src/pages/admin/AdminMfa.jsx:320,AdminMfa,mfa-regen-recovery-btn,NON_TRUTH_SURFACE_EXCLUDED_WITH_REASON,structural/control/label testid,
frontend/src/pages/admin/AdminMfa.jsx:329,AdminMfa,mfa-disable-btn,NON_TRUTH_SURFACE_EXCLUDED_WITH_REASON,structural/control/label testid,
frontend/src/pages/admin/AdminMfa.jsx:335,AdminMfa,mfa-regen-codes-panel,NON_TRUTH_SURFACE_EXCLUDED_WITH_REASON,structural/control/label testid,
frontend/src/pages/admin/AdminOS.jsx:881,AdminOS,admin-os-root,NON_TRUTH_SURFACE_EXCLUDED_WITH_REASON,structural/control/label testid,
frontend/src/pages/admin/AdminOS.jsx:911,AdminOS,admin-os-refresh,NON_TRUTH_SURFACE_EXCLUDED_WITH_REASON,structural/control/label testid,
frontend/src/pages/admin/AdminOS.jsx:935,AdminOS,admin-os-mission-banner,NON_TRUTH_SURFACE_EXCLUDED_WITH_REASON,structural/control/label testid,
frontend/src/pages/admin/AdminOS.jsx:1014,AdminOS,admin-os-next-actions,NON_TRUTH_SURFACE_EXCLUDED_WITH_REASON,structural/control/label testid,
frontend/src/pages/admin/AdminOS.jsx:1106,AdminOS,admin-os-trace-note,NON_TRUTH_SURFACE_EXCLUDED_WITH_REASON,structural/control/label testid,
frontend/src/pages/admin/AdminOperationalIntelligence.jsx:272,AdminOperationalIntelligence,oi-drawer-close,NON_TRUTH_SURFACE_EXCLUDED_WITH_REASON,structural/control/label testid,
frontend/src/pages/admin/AdminOperationalIntelligence.jsx:286,AdminOperationalIntelligence,oi-preview-error,NON_TRUTH_SURFACE_EXCLUDED_WITH_REASON,structural/control/label testid,
frontend/src/pages/admin/AdminOperationalIntelligence.jsx:295,AdminOperationalIntelligence,oi-preview-loading,NON_TRUTH_SURFACE_EXCLUDED_WITH_REASON,structural/control/label testid,
frontend/src/pages/admin/AdminOperationalIntelligence.jsx:461,AdminOperationalIntelligence,oi-refresh-btn,NON_TRUTH_SURFACE_EXCLUDED_WITH_REASON,structural/control/label testid,
frontend/src/pages/admin/AdminOperationalIntelligence.jsx:470,AdminOperationalIntelligence,oi-registry-link,NON_TRUTH_SURFACE_EXCLUDED_WITH_REASON,structural/control/label testid,
frontend/src/pages/admin/AdminOperationalIntelligence.jsx:478,AdminOperationalIntelligence,oi-cockpit-loading,NON_TRUTH_SURFACE_EXCLUDED_WITH_REASON,structural/control/label testid,
frontend/src/pages/admin/AdminOperationalIntelligence.jsx:499,AdminOperationalIntelligence,oi-recipients-manage-link,NON_TRUTH_SURFACE_EXCLUDED_WITH_REASON,structural/control/label testid,
frontend/src/pages/admin/AdminOperationalIntelligence.jsx:505,AdminOperationalIntelligence,oi-recipients-link,NON_TRUTH_SURFACE_EXCLUDED_WITH_REASON,structural/control/label testid,
frontend/src/pages/admin/AdminOperationalIntelligence.jsx:511,AdminOperationalIntelligence,oi-groups-link,NON_TRUTH_SURFACE_EXCLUDED_WITH_REASON,structural/control/label testid,
frontend/src/pages/admin/AdminOperationalIntelligence.jsx:555,AdminOperationalIntelligence,oi-dryrun-error,NON_TRUTH_SURFACE_EXCLUDED_WITH_REASON,structural/control/label testid,
frontend/src/pages/admin/AdminOperationalIntelligenceRecipients.jsx:62,AdminOperationalIntelligenceRecipients,"<Stat label=""Total recipients""   value={totals.total} testid=""oi-summa",DIRECT_FACT,displayed_count_fact,count of displayed/queried population
frontend/src/pages/admin/AdminOperationalIntelligenceRecipients.jsx:63,AdminOperationalIntelligenceRecipients,"<Stat label=""Active""             value={totals.active}   tone=""emerald",DIRECT_FACT,value_component_fact,value-bearing component rendering a fetched fact
frontend/src/pages/admin/AdminOperationalIntelligenceRecipients.jsx:64,AdminOperationalIntelligenceRecipients,"<Stat label=""Inactive""           value={totals.inactive} tone=""slate"" ",DIRECT_FACT,value_component_fact,value-bearing component rendering a fetched fact
frontend/src/pages/admin/AdminOperationalIntelligenceRecipients.jsx:65,AdminOperationalIntelligenceRecipients,"<Stat label=""Groups""             value={totals.groups}                ",DIRECT_FACT,value_component_fact,value-bearing component rendering a fetched fact
frontend/src/pages/admin/AdminOperationalIntelligenceRecipients.jsx:66,AdminOperationalIntelligenceRecipients,"<Stat label=""Products represented"" value={totals.products}            ",DIRECT_FACT,value_component_fact,value-bearing component rendering a fetched fact
frontend/src/pages/admin/AdminOperationalIntelligenceRecipients.jsx:104,AdminOperationalIntelligenceRecipients,oi-recipient-email-input,NON_TRUTH_SURFACE_EXCLUDED_WITH_REASON,structural/control/label testid,
frontend/src/pages/admin/AdminOperationalIntelligenceRecipients.jsx:108,AdminOperationalIntelligenceRecipients,oi-recipient-email-error,NON_TRUTH_SURFACE_EXCLUDED_WITH_REASON,structural/control/label testid,
frontend/src/pages/admin/AdminOperationalIntelligenceRecipients.jsx:117,AdminOperationalIntelligenceRecipients,oi-recipient-display-name-input,NON_TRUTH_SURFACE_EXCLUDED_WITH_REASON,structural/control/label testid,
frontend/src/pages/admin/AdminOperationalIntelligenceRecipients.jsx:123,AdminOperationalIntelligenceRecipients,oi-recipient-role-input,NON_TRUTH_SURFACE_EXCLUDED_WITH_REASON,structural/control/label testid,
frontend/src/pages/admin/AdminOperationalIntelligenceRecipients.jsx:129,AdminOperationalIntelligenceRecipients,oi-recipient-department-input,NON_TRUTH_SURFACE_EXCLUDED_WITH_REASON,structural/control/label testid,
frontend/src/pages/admin/AdminOperationalIntelligenceRecipients.jsx:137,AdminOperationalIntelligenceRecipients,oi-recipient-digest-select,NON_TRUTH_SURFACE_EXCLUDED_WITH_REASON,structural/control/label testid,
frontend/src/pages/admin/AdminOperationalIntelligenceRecipients.jsx:152,AdminOperationalIntelligenceRecipients,oi-recipient-notes-input,NON_TRUTH_SURFACE_EXCLUDED_WITH_REASON,structural/control/label testid,
frontend/src/pages/admin/AdminOperationalIntelligenceRecipients.jsx:158,AdminOperationalIntelligenceRecipients,oi-recipient-active-checkbox,NON_TRUTH_SURFACE_EXCLUDED_WITH_REASON,structural/control/label testid,
frontend/src/pages/admin/AdminOperationalIntelligenceRecipients.jsx:163,AdminOperationalIntelligenceRecipients,oi-recipient-form-cancel,NON_TRUTH_SURFACE_EXCLUDED_WITH_REASON,structural/control/label testid,
frontend/src/pages/admin/AdminOperationalIntelligenceRecipients.jsx:167,AdminOperationalIntelligenceRecipients,oi-recipient-form-submit,NON_TRUTH_SURFACE_EXCLUDED_WITH_REASON,structural/control/label testid,
frontend/src/pages/admin/AdminOperationalIntelligenceRecipients.jsx:365,AdminOperationalIntelligenceRecipients,oi-bulk-import-panel,NON_TRUTH_SURFACE_EXCLUDED_WITH_REASON,structural/control/label testid,
frontend/src/pages/admin/AdminOperationalIntelligenceRecipients.jsx:372,AdminOperationalIntelligenceRecipients,oi-bulk-close,NON_TRUTH_SURFACE_EXCLUDED_WITH_REASON,structural/control/label testid,
frontend/src/pages/admin/AdminOperationalIntelligenceRecipients.jsx:377,AdminOperationalIntelligenceRecipients,oi-bulk-tabs,NON_TRUTH_SURFACE_EXCLUDED_WITH_REASON,structural/control/label testid,
frontend/src/pages/admin/AdminOperationalIntelligenceRecipients.jsx:395,AdminOperationalIntelligenceRecipients,oi-bulk-tab-copy,NON_TRUTH_SURFACE_EXCLUDED_WITH_REASON,structural/control/label testid,
frontend/src/pages/admin/AdminOperationalIntelligenceRecipients.jsx:402,AdminOperationalIntelligenceRecipients,oi-bulk-safety-note,NON_TRUTH_SURFACE_EXCLUDED_WITH_REASON,structural/control/label testid,
frontend/src/pages/admin/AdminOperationalIntelligenceRecipients.jsx:439,AdminOperationalIntelligenceRecipients,oi-directory-search-input,NON_TRUTH_SURFACE_EXCLUDED_WITH_REASON,structural/control/label testid,
frontend/src/pages/admin/AdminOperationalIntelligenceRecipients.jsx:445,AdminOperationalIntelligenceRecipients,oi-directory-portal-filter,NON_TRUTH_SURFACE_EXCLUDED_WITH_REASON,structural/control/label testid,
frontend/src/pages/admin/AdminOperationalIntelligenceRecipients.jsx:476,AdminOperationalIntelligenceRecipients,oi-directory-empty,NON_TRUTH_SURFACE_EXCLUDED_WITH_REASON,structural/control/label testid,
frontend/src/pages/admin/AdminOperationalIntelligenceRecipients.jsx:517,AdminOperationalIntelligenceRecipients,oi-directory-cancel,NON_TRUTH_SURFACE_EXCLUDED_WITH_REASON,structural/control/label testid,
frontend/src/pages/admin/AdminOperationalIntelligenceRecipients.jsx:523,AdminOperationalIntelligenceRecipients,oi-directory-submit,NON_TRUTH_SURFACE_EXCLUDED_WITH_REASON,structural/control/label testid,
frontend/src/pages/admin/AdminOperationalIntelligenceRecipients.jsx:547,AdminOperationalIntelligenceRecipients,oi-bulk-active-checkbox,NON_TRUTH_SURFACE_EXCLUDED_WITH_REASON,structural/control/label testid,
frontend/src/pages/admin/AdminOperationalIntelligenceRecipients.jsx:566,AdminOperationalIntelligenceRecipients,oi-bulk-cancel,NON_TRUTH_SURFACE_EXCLUDED_WITH_REASON,structural/control/label testid,
frontend/src/pages/admin/AdminOperationalIntelligenceRecipients.jsx:570,AdminOperationalIntelligenceRecipients,oi-bulk-paste-submit,NON_TRUTH_SURFACE_EXCLUDED_WITH_REASON,structural/control/label testid,
frontend/src/pages/admin/AdminOperationalIntelligenceRecipients.jsx:601,AdminOperationalIntelligenceRecipients,oi-bulk-cancel-copy,NON_TRUTH_SURFACE_EXCLUDED_WITH_REASON,structural/control/label testid,
frontend/src/pages/admin/AdminOperationalIntelligenceRecipients.jsx:605,AdminOperationalIntelligenceRecipients,oi-bulk-copy-submit,NON_TRUTH_SURFACE_EXCLUDED_WITH_REASON,structural/control/label testid,
frontend/src/pages/admin/AdminOperationalIntelligenceRecipients.jsx:623,AdminOperationalIntelligenceRecipients,"<Stat label=""Inserted"" value={result.inserted ?? 0} tone=""emerald"" tes",DIRECT_FACT,value_component_fact,value-bearing component rendering a fetched fact
frontend/src/pages/admin/AdminOperationalIntelligenceRecipients.jsx:624,AdminOperationalIntelligenceRecipients,"<Stat label=""Duplicate (skipped)"" value={result.duplicate ?? 0} testid",DIRECT_FACT,value_component_fact,value-bearing component rendering a fetched fact
frontend/src/pages/admin/AdminOperationalIntelligenceRecipients.jsx:625,AdminOperationalIntelligenceRecipients,"<Stat label=""Errors"" value={result.skipped ?? 0} tone=""slate"" testid=""",DIRECT_FACT,value_component_fact,value-bearing component rendering a fetched fact
frontend/src/pages/admin/AdminOperationalIntelligenceRecipients.jsx:658,AdminOperationalIntelligenceRecipients,oi-group-create-panel,NON_TRUTH_SURFACE_EXCLUDED_WITH_REASON,structural/control/label testid,
frontend/src/pages/admin/AdminOperationalIntelligenceRecipients.jsx:665,AdminOperationalIntelligenceRecipients,oi-group-create-close,NON_TRUTH_SURFACE_EXCLUDED_WITH_REASON,structural/control/label testid,
frontend/src/pages/admin/AdminOperationalIntelligenceRecipients.jsx:704,AdminOperationalIntelligenceRecipients,oi-group-create-cancel,NON_TRUTH_SURFACE_EXCLUDED_WITH_REASON,structural/control/label testid,
frontend/src/pages/admin/AdminOperationalIntelligenceRecipients.jsx:709,AdminOperationalIntelligenceRecipients,oi-group-create-submit,NON_TRUTH_SURFACE_EXCLUDED_WITH_REASON,structural/control/label testid,
frontend/src/pages/admin/AdminOperationalIntelligenceRecipients.jsx:964,AdminOperationalIntelligenceRecipients,oi-recipients-refresh,NON_TRUTH_SURFACE_EXCLUDED_WITH_REASON,structural/control/label testid,
frontend/src/pages/admin/AdminOperationalIntelligenceRecipients.jsx:969,AdminOperationalIntelligenceRecipients,oi-recipients-bulk-btn,NON_TRUTH_SURFACE_EXCLUDED_WITH_REASON,structural/control/label testid,
frontend/src/pages/admin/AdminOperationalIntelligenceRecipients.jsx:973,AdminOperationalIntelligenceRecipients,oi-recipients-add-btn,NON_TRUTH_SURFACE_EXCLUDED_WITH_REASON,structural/control/label testid,
frontend/src/pages/admin/AdminOperationalIntelligenceRecipients.jsx:994,AdminOperationalIntelligenceRecipients,oi-recipients-loading,NON_TRUTH_SURFACE_EXCLUDED_WITH_REASON,structural/control/label testid,
frontend/src/pages/admin/AdminOperationalIntelligenceRecipients.jsx:1030,AdminOperationalIntelligenceRecipients,oi-recipients-search-input,NON_TRUTH_SURFACE_EXCLUDED_WITH_REASON,structural/control/label testid,
frontend/src/pages/admin/AdminOperationalIntelligenceRecipients.jsx:1037,AdminOperationalIntelligenceRecipients,oi-recipients-product-filter,NON_TRUTH_SURFACE_EXCLUDED_WITH_REASON,structural/control/label testid,
frontend/src/pages/admin/AdminOperationalIntelligenceRecipients.jsx:1047,AdminOperationalIntelligenceRecipients,oi-recipients-active-filter-label,NON_TRUTH_SURFACE_EXCLUDED_WITH_REASON,structural/control/label testid,
frontend/src/pages/admin/AdminOperationalIntelligenceRecipients.jsx:1050,AdminOperationalIntelligenceRecipients,oi-recipients-active-filter,NON_TRUTH_SURFACE_EXCLUDED_WITH_REASON,structural/control/label testid,
frontend/src/pages/admin/AdminOperationalIntelligenceRecipients.jsx:1074,AdminOperationalIntelligenceRecipients,oi-recipients-empty,NON_TRUTH_SURFACE_EXCLUDED_WITH_REASON,structural/control/label testid,
frontend/src/pages/admin/AdminOperationalIntelligenceRecipients.jsx:1120,AdminOperationalIntelligenceRecipients,oi-groups-panel,NON_TRUTH_SURFACE_EXCLUDED_WITH_REASON,structural/control/label testid,
frontend/src/pages/admin/AdminOperationalIntelligenceRecipients.jsx:1125,AdminOperationalIntelligenceRecipients,oi-groups-create-btn,NON_TRUTH_SURFACE_EXCLUDED_WITH_REASON,structural/control/label testid,
frontend/src/pages/admin/AdminOperationalIntelligenceRecipients.jsx:1149,AdminOperationalIntelligenceRecipients,oi-groups-empty,NON_TRUTH_SURFACE_EXCLUDED_WITH_REASON,structural/control/label testid,
frontend/src/pages/admin/AdminOperationalIntelligenceRecipients.jsx:1188,AdminOperationalIntelligenceRecipients,oi-recipients-governance-note,NON_TRUTH_SURFACE_EXCLUDED_WITH_REASON,structural/control/label testid,
frontend/src/pages/admin/AdminOperationalInventory.jsx:111,AdminOperationalInventory,admin-operational-inventory-panel,NON_TRUTH_SURFACE_EXCLUDED_WITH_REASON,structural/control/label testid,
frontend/src/pages/admin/AdminOperationalInventory.jsx:131,AdminOperationalInventory,admin-operational-inventory-sample-detail-link,NON_TRUTH_SURFACE_EXCLUDED_WITH_REASON,structural/control/label testid,
frontend/src/pages/admin/AdminOperationalInventory.jsx:140,AdminOperationalInventory,admin-operational-inventory-refresh,NON_TRUTH_SURFACE_EXCLUDED_WITH_REASON,structural/control/label testid,
frontend/src/pages/admin/AdminOperationalInventory.jsx:160,AdminOperationalInventory,"<Stat label=""Portals"" value={snap.totals.portals} />",DIRECT_FACT,value_component_fact,value-bearing component rendering a fetched fact
frontend/src/pages/admin/AdminOperationalInventory.jsx:161,AdminOperationalInventory,"<Stat label=""User types"" value={snap.totals.user_types} />",DIRECT_FACT,value_component_fact,value-bearing component rendering a fetched fact
frontend/src/pages/admin/AdminOperationalInventory.jsx:162,AdminOperationalInventory,"<Stat label=""Public routes"" value={snap.totals.public_routes} />",DIRECT_FACT,value_component_fact,value-bearing component rendering a fetched fact
frontend/src/pages/admin/AdminOperationalInventory.jsx:163,AdminOperationalInventory,"<Stat label=""Guidance articles"" value={snap.totals.guidance_articles} ",DIRECT_FACT,value_component_fact,value-bearing component rendering a fetched fact
frontend/src/pages/admin/AdminOperationalInventory.jsx:164,AdminOperationalInventory,"<Stat label=""Drift · P0"" value={driftBySeverity.p0} tone={driftBySever",DIRECT_FACT,value_component_fact,value-bearing component rendering a fetched fact
frontend/src/pages/admin/AdminOperationalInventory.jsx:165,AdminOperationalInventory,"<Stat label=""Drift · P1"" value={driftBySeverity.p1} tone={driftBySever",DIRECT_FACT,value_component_fact,value-bearing component rendering a fetched fact
frontend/src/pages/admin/AdminOperationalInventory.jsx:166,AdminOperationalInventory,"<Stat label=""Drift · P2"" value={driftBySeverity.p2} tone={driftBySever",DIRECT_FACT,value_component_fact,value-bearing component rendering a fetched fact
frontend/src/pages/admin/AdminOperationalInventory.jsx:167,AdminOperationalInventory,"<Stat label=""Translation %"" value={`${snap.translation.pct_body}%`} to",GOVERNED_DISTINCT_VARIANT,distinct_percentage_metric,backend-computed % rendered (distinct governed variant)
frontend/src/pages/admin/AdminOperationalInventory.jsx:172,AdminOperationalInventory,inventory-tabs,NON_TRUTH_SURFACE_EXCLUDED_WITH_REASON,structural/control/label testid,
frontend/src/pages/admin/AdminOperationalInventory.jsx:290,AdminOperationalInventory,inventory-portals-tab,NON_TRUTH_SURFACE_EXCLUDED_WITH_REASON,structural/control/label testid,
frontend/src/pages/admin/AdminOperationalInventory.jsx:334,AdminOperationalInventory,inventory-usertypes-tab,NON_TRUTH_SURFACE_EXCLUDED_WITH_REASON,structural/control/label testid,
frontend/src/pages/admin/AdminOperationalInventory.jsx:367,AdminOperationalInventory,inventory-routes-tab,NON_TRUTH_SURFACE_EXCLUDED_WITH_REASON,structural/control/label testid,
frontend/src/pages/admin/AdminOperationalInventory.jsx:400,AdminOperationalInventory,inventory-workflows-tab,NON_TRUTH_SURFACE_EXCLUDED_WITH_REASON,structural/control/label testid,
frontend/src/pages/admin/AdminOperationalInventory.jsx:437,AdminOperationalInventory,inventory-translation-tab,NON_TRUTH_SURFACE_EXCLUDED_WITH_REASON,structural/control/label testid,
frontend/src/pages/admin/AdminOperationalInventory.jsx:439,AdminOperationalInventory,"<Stat label=""Total articles"" value={data.total_articles} />",DIRECT_FACT,record_field_or_local_length,record serialization -> prop -> render
frontend/src/pages/admin/AdminOperationalInventory.jsx:440,AdminOperationalInventory,"<Stat label=""title_es present"" value={data.title_es_present} tone={dat",DIRECT_FACT,record_field_or_local_length,record serialization -> prop -> render
frontend/src/pages/admin/AdminOperationalInventory.jsx:441,AdminOperationalInventory,"<Stat label=""body_es present""  value={data.body_es_present}  tone={dat",DIRECT_FACT,record_field_or_local_length,record serialization -> prop -> render
frontend/src/pages/admin/AdminOperationalInventory.jsx:442,AdminOperationalInventory,"<Stat label=""Schema landed"" value={data.schema_landed ? ""yes"" : ""no""} ",DIRECT_FACT,record_field_or_local_length,record serialization -> prop -> render
frontend/src/pages/admin/AdminOperationalInventory.jsx:524,AdminOperationalInventory,inventory-drift-empty,NON_TRUTH_SURFACE_EXCLUDED_WITH_REASON,structural/control/label testid,
frontend/src/pages/admin/AdminOperationalInventory.jsx:534,AdminOperationalInventory,inventory-drift-tab,NON_TRUTH_SURFACE_EXCLUDED_WITH_REASON,structural/control/label testid,
frontend/src/pages/admin/AdminOperationalLanguage.jsx:632,AdminOperationalLanguage,glossary-search,NON_TRUTH_SURFACE_EXCLUDED_WITH_REASON,structural/control/label testid,
frontend/src/pages/admin/AdminOperationalLanguage.jsx:640,AdminOperationalLanguage,glossary-empty,NON_TRUTH_SURFACE_EXCLUDED_WITH_REASON,structural/control/label testid,
frontend/src/pages/admin/AdminOperationsDashboard.jsx:96,AdminOperationsDashboard,ops-dashboard-page,NON_TRUTH_SURFACE_EXCLUDED_WITH_REASON,structural/control/label testid,
frontend/src/pages/admin/AdminOperationsDashboard.jsx:118,AdminOperationsDashboard,ops-materialize-btn,NON_TRUTH_SURFACE_EXCLUDED_WITH_REASON,structural/control/label testid,
frontend/src/pages/admin/AdminOperationsDashboard.jsx:127,AdminOperationsDashboard,ops-audit-btn,NON_TRUTH_SURFACE_EXCLUDED_WITH_REASON,structural/control/label testid,
frontend/src/pages/admin/AdminOperationsDashboard.jsx:176,AdminOperationsDashboard,verification-coverage-link,NON_TRUTH_SURFACE_EXCLUDED_WITH_REASON,structural/control/label testid,
frontend/src/pages/admin/AdminOperationsDashboard.jsx:187,AdminOperationsDashboard,ops-audit-panel,NON_TRUTH_SURFACE_EXCLUDED_WITH_REASON,structural/control/label testid,
frontend/src/pages/admin/AdminOperationsEvents.jsx:51,AdminOperationsEvents,admin-events-page,NON_TRUTH_SURFACE_EXCLUDED_WITH_REASON,structural/control/label testid,
frontend/src/pages/admin/AdminProfile.jsx:80,AdminProfile,admin-profile-page,NON_TRUTH_SURFACE_EXCLUDED_WITH_REASON,structural/control/label testid,
frontend/src/pages/admin/AdminProfile.jsx:85,AdminProfile,admin-profile-back,NON_TRUTH_SURFACE_EXCLUDED_WITH_REASON,structural/control/label testid,
frontend/src/pages/admin/AdminProfile.jsx:123,AdminProfile,admin-profile-error,NON_TRUTH_SURFACE_EXCLUDED_WITH_REASON,structural/control/label testid,
frontend/src/pages/admin/AdminProfile.jsx:131,AdminProfile,admin-profile-devices-loading,NON_TRUTH_SURFACE_EXCLUDED_WITH_REASON,structural/control/label testid,
frontend/src/pages/admin/AdminProfile.jsx:135,AdminProfile,admin-profile-devices-empty,NON_TRUTH_SURFACE_EXCLUDED_WITH_REASON,structural/control/label testid,
frontend/src/pages/admin/AdminProjectIdentityGovernance.jsx:295,AdminProjectIdentityGovernance,project-identity-page,NON_TRUTH_SURFACE_EXCLUDED_WITH_REASON,structural/control/label testid,
frontend/src/pages/admin/AdminProjectIdentityGovernance.jsx:302,AdminProjectIdentityGovernance,identity-governance-status,CANONICAL_STATUS,status,Wave-2 status vocab (TC-0002)
frontend/src/pages/admin/AdminProjectIdentityGovernance.jsx:318,AdminProjectIdentityGovernance,identity-why-toggle,NON_TRUTH_SURFACE_EXCLUDED_WITH_REASON,structural/control/label testid,
frontend/src/pages/admin/AdminProjectIdentityGovernance.jsx:326,AdminProjectIdentityGovernance,identity-why-panel,NON_TRUTH_SURFACE_EXCLUDED_WITH_REASON,structural/control/label testid,
frontend/src/pages/admin/AdminProjectIdentityGovernance.jsx:398,AdminProjectIdentityGovernance,identity-search,NON_TRUTH_SURFACE_EXCLUDED_WITH_REASON,structural/control/label testid,
frontend/src/pages/admin/AdminProjectIdentityGovernance.jsx:404,AdminProjectIdentityGovernance,identity-status-filter,NON_TRUTH_SURFACE_EXCLUDED_WITH_REASON,structural/control/label testid,
frontend/src/pages/admin/AdminProjectIdentityGovernance.jsx:417,AdminProjectIdentityGovernance,identity-type-filter,NON_TRUTH_SURFACE_EXCLUDED_WITH_REASON,structural/control/label testid,
frontend/src/pages/admin/AdminProjectIdentityGovernance.jsx:428,AdminProjectIdentityGovernance,identity-rescan-btn,NON_TRUTH_SURFACE_EXCLUDED_WITH_REASON,structural/control/label testid,
frontend/src/pages/admin/AdminProjectIdentityGovernance.jsx:444,AdminProjectIdentityGovernance,identity-empty,NON_TRUTH_SURFACE_EXCLUDED_WITH_REASON,structural/control/label testid,
frontend/src/pages/admin/AdminPromoAssets.jsx:327,AdminPromoAssets,admin-promo-assets-page,NON_TRUTH_SURFACE_EXCLUDED_WITH_REASON,structural/control/label testid,
frontend/src/pages/admin/AdminPromoAssets.jsx:354,AdminPromoAssets,promo-manifest-export,NON_TRUTH_SURFACE_EXCLUDED_WITH_REASON,structural/control/label testid,
frontend/src/pages/admin/AdminPromoAssets.jsx:365,AdminPromoAssets,promo-refresh,NON_TRUTH_SURFACE_EXCLUDED_WITH_REASON,structural/control/label testid,
frontend/src/pages/admin/AdminPromoAssets.jsx:373,AdminPromoAssets,promo-upload-btn,NON_TRUTH_SURFACE_EXCLUDED_WITH_REASON,structural/control/label testid,
frontend/src/pages/admin/AdminPromoAssets.jsx:400,AdminPromoAssets,promo-search-input,NON_TRUTH_SURFACE_EXCLUDED_WITH_REASON,structural/control/label testid,
frontend/src/pages/admin/AdminPromoAssets.jsx:482,AdminPromoAssets,promo-empty-upload-btn,NON_TRUTH_SURFACE_EXCLUDED_WITH_REASON,structural/control/label testid,
frontend/src/pages/admin/AdminPromoAssets.jsx:589,AdminPromoAssets,promo-upload-dialog,NON_TRUTH_SURFACE_EXCLUDED_WITH_REASON,structural/control/label testid,
frontend/src/pages/admin/AdminPromoAssets.jsx:659,AdminPromoAssets,promo-upload-description,NON_TRUTH_SURFACE_EXCLUDED_WITH_REASON,structural/control/label testid,
frontend/src/pages/admin/AdminPromoAssets.jsx:741,AdminPromoAssets,promo-upload-submit,NON_TRUTH_SURFACE_EXCLUDED_WITH_REASON,structural/control/label testid,
frontend/src/pages/admin/AdminPromoAssets.jsx:785,AdminPromoAssets,promo-preview-dialog,NON_TRUTH_SURFACE_EXCLUDED_WITH_REASON,structural/control/label testid,
frontend/src/pages/admin/AdminPromoAssets.jsx:869,AdminPromoAssets,promo-edit-dialog,NON_TRUTH_SURFACE_EXCLUDED_WITH_REASON,structural/control/label testid,
frontend/src/pages/admin/AdminPromoAssets.jsx:928,AdminPromoAssets,promo-edit-description,NON_TRUTH_SURFACE_EXCLUDED_WITH_REASON,structural/control/label testid,
frontend/src/pages/admin/AdminPromoAssets.jsx:945,AdminPromoAssets,promo-edit-submit,NON_TRUTH_SURFACE_EXCLUDED_WITH_REASON,structural/control/label testid,
frontend/src/pages/admin/AdminRecovery.jsx:357,AdminRecovery,admin-recovery-page-heading,NON_TRUTH_SURFACE_EXCLUDED_WITH_REASON,structural/control/label testid,
frontend/src/pages/admin/AdminRecovery.jsx:377,AdminRecovery,recovery-loading,NON_TRUTH_SURFACE_EXCLUDED_WITH_REASON,structural/control/label testid,
frontend/src/pages/admin/AdminRecovery.jsx:384,AdminRecovery,recovery-error,NON_TRUTH_SURFACE_EXCLUDED_WITH_REASON,structural/control/label testid,
frontend/src/pages/admin/AdminRecovery.jsx:398,AdminRecovery,recovery-ots-disclosure,NON_TRUTH_SURFACE_EXCLUDED_WITH_REASON,structural/control/label testid,
frontend/src/pages/admin/AdminRecovery.jsx:401,AdminRecovery,reliability-executive-panel,NON_TRUTH_SURFACE_EXCLUDED_WITH_REASON,structural/control/label testid,
frontend/src/pages/admin/AdminRecovery.jsx:405,AdminRecovery,reliability-executive-title,NON_TRUTH_SURFACE_EXCLUDED_WITH_REASON,structural/control/label testid,
frontend/src/pages/admin/AdminRecovery.jsx:569,AdminRecovery,backup-trust-score-panel,NON_TRUTH_SURFACE_EXCLUDED_WITH_REASON,structural/control/label testid,
frontend/src/pages/admin/AdminRecovery.jsx:582,AdminRecovery,hourly-activation-panel,NON_TRUTH_SURFACE_EXCLUDED_WITH_REASON,structural/control/label testid,
frontend/src/pages/admin/AdminRecovery.jsx:693,AdminRecovery,recovery-footer,NON_TRUTH_SURFACE_EXCLUDED_WITH_REASON,structural/control/label testid,
frontend/src/pages/admin/AdminRecoveryStream.jsx:64,AdminRecoveryStream,admin-recovery-stream-page,NON_TRUTH_SURFACE_EXCLUDED_WITH_REASON,structural/control/label testid,
frontend/src/pages/admin/AdminRecoveryStream.jsx:83,AdminRecoveryStream,admin-recovery-stream-refresh,NON_TRUTH_SURFACE_EXCLUDED_WITH_REASON,structural/control/label testid,
frontend/src/pages/admin/AdminRecoveryStream.jsx:101,AdminRecoveryStream,admin-recovery-stream-workflow-select,NON_TRUTH_SURFACE_EXCLUDED_WITH_REASON,structural/control/label testid,
frontend/src/pages/admin/AdminRecoveryStream.jsx:136,AdminRecoveryStream,admin-recovery-stream-empty,NON_TRUTH_SURFACE_EXCLUDED_WITH_REASON,structural/control/label testid,
frontend/src/pages/admin/AdminSessions.jsx:117,AdminSessions,admin-sessions-page,NON_TRUTH_SURFACE_EXCLUDED_WITH_REASON,structural/control/label testid,
frontend/src/pages/admin/AdminSessions.jsx:160,AdminSessions,admin-sessions-refresh-btn,NON_TRUTH_SURFACE_EXCLUDED_WITH_REASON,structural/control/label testid,
frontend/src/pages/admin/AdminSessions.jsx:185,AdminSessions,admin-sessions-empty,NON_TRUTH_SURFACE_EXCLUDED_WITH_REASON,structural/control/label testid,
frontend/src/pages/admin/AdminStorageRecovery.jsx:562,AdminStorageRecovery,admin-storage-recovery-root,NON_TRUTH_SURFACE_EXCLUDED_WITH_REASON,structural/control/label testid,
frontend/src/pages/admin/AdminStorageRecovery.jsx:582,AdminStorageRecovery,storage-recovery-refresh,NON_TRUTH_SURFACE_EXCLUDED_WITH_REASON,structural/control/label testid,
frontend/src/pages/admin/AdminStorageRecovery.jsx:600,AdminStorageRecovery,storage-recovery-ots-wrapper,NON_TRUTH_SURFACE_EXCLUDED_WITH_REASON,structural/control/label testid,
frontend/src/pages/admin/AdminStorageRecovery.jsx:608,AdminStorageRecovery,storage-recovery-ots-disclosure,NON_TRUTH_SURFACE_EXCLUDED_WITH_REASON,structural/control/label testid,
frontend/src/pages/admin/AdminStorageRecovery.jsx:612,AdminStorageRecovery,storage-recovery-retention-banner,NON_TRUTH_SURFACE_EXCLUDED_WITH_REASON,structural/control/label testid,
frontend/src/pages/admin/AdminStorageRecovery.jsx:692,AdminStorageRecovery,storage-recovery-integrity-section,NON_TRUTH_SURFACE_EXCLUDED_WITH_REASON,structural/control/label testid,
frontend/src/pages/admin/AdminStorageRecovery.jsx:699,AdminStorageRecovery,storage-recovery-error,NON_TRUTH_SURFACE_EXCLUDED_WITH_REASON,structural/control/label testid,
frontend/src/pages/admin/AdminStorageRecovery.jsx:715,AdminStorageRecovery,storage-recovery-search,NON_TRUTH_SURFACE_EXCLUDED_WITH_REASON,structural/control/label testid,
frontend/src/pages/admin/AdminStorageRecovery.jsx:788,AdminStorageRecovery,storage-recovery-actions,NON_TRUTH_SURFACE_EXCLUDED_WITH_REASON,structural/control/label testid,
frontend/src/pages/admin/AdminStorageRecovery.jsx:855,AdminStorageRecovery,storage-recovery-events-empty,NON_TRUTH_SURFACE_EXCLUDED_WITH_REASON,structural/control/label testid,
frontend/src/pages/admin/AdminSystem.jsx:12,AdminSystem,admin-system-recovery-root,NON_TRUTH_SURFACE_EXCLUDED_WITH_REASON,structural/control/label testid,
frontend/src/pages/admin/AdminSystem.jsx:23,AdminSystem,admin-system-recovery-banner,NON_TRUTH_SURFACE_EXCLUDED_WITH_REASON,structural/control/label testid,
frontend/src/pages/admin/AssetProfile.jsx:65,AssetProfile,asset-profile-page,NON_TRUTH_SURFACE_EXCLUDED_WITH_REASON,structural/control/label testid,
frontend/src/pages/admin/AssetProfile.jsx:67,AssetProfile,asset-profile-back,NON_TRUTH_SURFACE_EXCLUDED_WITH_REASON,structural/control/label testid,
frontend/src/pages/admin/AssetProfile.jsx:94,AssetProfile,asset-profile-status,CANONICAL_STATUS,status,Wave-2 status vocab (TC-0002)
frontend/src/pages/admin/AssetProfile.jsx:283,AssetProfile,ap-motive-title,NON_TRUTH_SURFACE_EXCLUDED_WITH_REASON,structural/control/label testid,
frontend/src/pages/admin/AssetProfile.jsx:715,AssetProfile,ap-admin-loading,NON_TRUTH_SURFACE_EXCLUDED_WITH_REASON,structural/control/label testid,
frontend/src/pages/admin/AssetProfile.jsx:756,AssetProfile,ap-admin-cancel,NON_TRUTH_SURFACE_EXCLUDED_WITH_REASON,structural/control/label testid,
frontend/src/pages/admin/AssetProfile.jsx:763,AssetProfile,ap-admin-save,NON_TRUTH_SURFACE_EXCLUDED_WITH_REASON,structural/control/label testid,
frontend/src/pages/admin/AssetProfile.jsx:808,AssetProfile,ap-admin-verified-checkbox,NON_TRUTH_SURFACE_EXCLUDED_WITH_REASON,structural/control/label testid,
frontend/src/pages/admin/DeployRecovery.jsx:92,DeployRecovery,admin-deploy-recovery-page,NON_TRUTH_SURFACE_EXCLUDED_WITH_REASON,structural/control/label testid,
frontend/src/pages/admin/DeployRecovery.jsx:108,DeployRecovery,recovery-refresh,NON_TRUTH_SURFACE_EXCLUDED_WITH_REASON,structural/control/label testid,
frontend/src/pages/admin/DeployRecovery.jsx:113,DeployRecovery,deploy-recovery-ots-wrapper,NON_TRUTH_SURFACE_EXCLUDED_WITH_REASON,structural/control/label testid,
frontend/src/pages/admin/DeployRecovery.jsx:121,DeployRecovery,deploy-recovery-ots-disclosure,NON_TRUTH_SURFACE_EXCLUDED_WITH_REASON,structural/control/label testid,
frontend/src/pages/admin/DeployRecovery.jsx:137,DeployRecovery,deploy-recovery-r2-status,CANONICAL_STATUS,status,Wave-2 status vocab (TC-0002)
frontend/src/pages/admin/DeployRecovery.jsx:145,DeployRecovery,deploy-recovery-recent-backup-note,NON_TRUTH_SURFACE_EXCLUDED_WITH_REASON,structural/control/label testid,
frontend/src/pages/admin/DeployRecovery.jsx:196,DeployRecovery,recovery-health-link,NON_TRUTH_SURFACE_EXCLUDED_WITH_REASON,structural/control/label testid,
frontend/src/pages/admin/DeployRecovery.jsx:208,DeployRecovery,recovery-audit-link,NON_TRUTH_SURFACE_EXCLUDED_WITH_REASON,structural/control/label testid,
frontend/src/pages/admin/IntegrationTruth.jsx:123,IntegrationTruth,refresh-ai-keys-btn,NON_TRUTH_SURFACE_EXCLUDED_WITH_REASON,structural/control/label testid,
frontend/src/pages/admin/IntegrationTruth.jsx:203,IntegrationTruth,refresh-integrations-btn,NON_TRUTH_SURFACE_EXCLUDED_WITH_REASON,structural/control/label testid,
frontend/src/pages/admin/IntegrationTruth.jsx:302,IntegrationTruth,refresh-alias-telemetry-btn,NON_TRUTH_SURFACE_EXCLUDED_WITH_REASON,structural/control/label testid,
frontend/src/pages/admin/IntegrationTruth.jsx:496,IntegrationTruth,integration-truth-page,NON_TRUTH_SURFACE_EXCLUDED_WITH_REASON,structural/control/label testid,
frontend/src/pages/admin/PreviewValidationIdentities.jsx:73,PreviewValidationIdentities,pvi-mint-form,NON_TRUTH_SURFACE_EXCLUDED_WITH_REASON,structural/control/label testid,
frontend/src/pages/admin/PreviewValidationIdentities.jsx:112,PreviewValidationIdentities,pvi-mint-submit,NON_TRUTH_SURFACE_EXCLUDED_WITH_REASON,structural/control/label testid,
frontend/src/pages/admin/PreviewValidationIdentities.jsx:132,PreviewValidationIdentities,pvi-minted-modal,NON_TRUTH_SURFACE_EXCLUDED_WITH_REASON,structural/control/label testid,
frontend/src/pages/admin/PreviewValidationIdentities.jsx:156,PreviewValidationIdentities,pvi-minted-copy,NON_TRUTH_SURFACE_EXCLUDED_WITH_REASON,structural/control/label testid,
frontend/src/pages/admin/PreviewValidationIdentities.jsx:159,PreviewValidationIdentities,pvi-minted-close,NON_TRUTH_SURFACE_EXCLUDED_WITH_REASON,structural/control/label testid,
frontend/src/pages/admin/PreviewValidationIdentities.jsx:233,PreviewValidationIdentities,preview-validation-identities-page,NON_TRUTH_SURFACE_EXCLUDED_WITH_REASON,structural/control/label testid,
frontend/src/pages/admin/PreviewValidationIdentities.jsx:268,PreviewValidationIdentities,pvi-include-inactive,NON_TRUTH_SURFACE_EXCLUDED_WITH_REASON,structural/control/label testid,
frontend/src/pages/admin/PreviewValidationIdentities.jsx:335,PreviewValidationIdentities,pvi-refresh,NON_TRUTH_SURFACE_EXCLUDED_WITH_REASON,structural/control/label testid,
frontend/src/pages/admin/SelfProtection.jsx:156,SelfProtection,self-protection-error,NON_TRUTH_SURFACE_EXCLUDED_WITH_REASON,structural/control/label testid,
frontend/src/pages/admin/SelfProtection.jsx:177,SelfProtection,self-protection-loading,NON_TRUTH_SURFACE_EXCLUDED_WITH_REASON,structural/control/label testid,
frontend/src/pages/admin/SelfProtection.jsx:245,SelfProtection,self-protection-page,NON_TRUTH_SURFACE_EXCLUDED_WITH_REASON,structural/control/label testid,
frontend/src/pages/admin/SelfProtection.jsx:252,SelfProtection,self-protection-title,NON_TRUTH_SURFACE_EXCLUDED_WITH_REASON,structural/control/label testid,
frontend/src/pages/admin/SelfProtection.jsx:265,SelfProtection,self-protection-refresh,NON_TRUTH_SURFACE_EXCLUDED_WITH_REASON,structural/control/label testid,
frontend/src/pages/admin/SystemHealth.jsx:45,SystemHealth,admin-system-health-page,NON_TRUTH_SURFACE_EXCLUDED_WITH_REASON,structural/control/label testid,
frontend/src/pages/admin/SystemHealth.jsx:61,SystemHealth,health-refresh,NON_TRUTH_SURFACE_EXCLUDED_WITH_REASON,structural/control/label testid,
frontend/src/pages/admin/Wp17dCertificationDashboard.jsx:166,Wp17dCertificationDashboard,wp17d-certification-page,NON_TRUTH_SURFACE_EXCLUDED_WITH_REASON,structural/control/label testid,
frontend/src/pages/admin/Wp17dCertificationDashboard.jsx:180,Wp17dCertificationDashboard,wp17d-open-active-batch-link,NON_TRUTH_SURFACE_EXCLUDED_WITH_REASON,structural/control/label testid,
frontend/src/pages/admin/Wp17dCertificationDashboard.jsx:187,Wp17dCertificationDashboard,wp17d-provenance-banner,NON_TRUTH_SURFACE_EXCLUDED_WITH_REASON,structural/control/label testid,
frontend/src/pages/admin/Wp17dCertificationDashboard.jsx:198,Wp17dCertificationDashboard,wp17d-route-status-panel,NON_TRUTH_SURFACE_EXCLUDED_WITH_REASON,structural/control/label testid,
frontend/src/pages/admin/Wp17dCertificationDashboard.jsx:210,Wp17dCertificationDashboard,wp17d-route-status-table,CANONICAL_STATUS,status,Wave-2 status vocab (TC-0002)
frontend/src/pages/admin/Wp17dCertificationDashboard.jsx:215,Wp17dCertificationDashboard,wp17d-readiness-summary-panel,NON_TRUTH_SURFACE_EXCLUDED_WITH_REASON,structural/control/label testid,
frontend/src/pages/admin/Wp17dCertificationDashboard.jsx:227,Wp17dCertificationDashboard,wp17d-go-no-go-panel,NON_TRUTH_SURFACE_EXCLUDED_WITH_REASON,structural/control/label testid,
frontend/src/pages/admin/Wp17dCertificationDashboard.jsx:232,Wp17dCertificationDashboard,wp17d-blockers-panel,NON_TRUTH_SURFACE_EXCLUDED_WITH_REASON,structural/control/label testid,
frontend/src/pages/admin/Wp17dCertificationDashboard.jsx:249,Wp17dCertificationDashboard,wp17d-batch-evidence-panel,NON_TRUTH_SURFACE_EXCLUDED_WITH_REASON,structural/control/label testid,
frontend/src/pages/daily-report-v2/DailyReportV2.jsx:88,DailyReportV2,dr-v2-shell,NON_TRUTH_SURFACE_EXCLUDED_WITH_REASON,structural/control/label testid,
frontend/src/pages/daily-report-v2/DailyReportV2.jsx:95,DailyReportV2,dr-v2-status-saving,CANONICAL_STATUS,status,Wave-2 status vocab (TC-0002)
frontend/src/pages/daily-report-v2/DailyReportV2.jsx:116,DailyReportV2,dr-v2-header,NON_TRUTH_SURFACE_EXCLUDED_WITH_REASON,structural/control/label testid,
frontend/src/pages/daily-report-v2/sections/AISummarySection.jsx:89,AISummarySection,dr-v2-ai-summary-error,NON_TRUTH_SURFACE_EXCLUDED_WITH_REASON,structural/control/label testid,
frontend/src/pages/daily-report-v2/sections/AISummarySection.jsx:98,AISummarySection,dr-v2-ai-empty,NON_TRUTH_SURFACE_EXCLUDED_WITH_REASON,structural/control/label testid,
frontend/src/pages/daily-report-v2/sections/ActivityCardsSection.jsx:70,ActivityCardsSection,dr-v2-activity-empty,NON_TRUTH_SURFACE_EXCLUDED_WITH_REASON,structural/control/label testid,
frontend/src/pages/daily-report-v2/sections/CrewTimeSection.jsx:52,CrewTimeSection,dr-v2-crewtime-empty,NON_TRUTH_SURFACE_EXCLUDED_WITH_REASON,structural/control/label testid,
frontend/src/pages/daily-report-v2/sections/EquipmentSection.jsx:53,EquipmentSection,dr-v2-equip-empty,NON_TRUTH_SURFACE_EXCLUDED_WITH_REASON,structural/control/label testid,
frontend/src/pages/daily-report-v2/sections/SignatureSubmitSection.jsx:40,SignatureSubmitSection,dr-v2-submit-btn,NON_TRUTH_SURFACE_EXCLUDED_WITH_REASON,structural/control/label testid,
frontend/src/pages/daily-report-v2/sections/SignatureSubmitSection.jsx:48,SignatureSubmitSection,dr-v2-submit-status,CANONICAL_STATUS,status,Wave-2 status vocab (TC-0002)
frontend/src/pages/driver/DriverMagicLanding.jsx:109,DriverMagicLanding,driver-magic-lang-toggle,NON_TRUTH_SURFACE_EXCLUDED_WITH_REASON,structural/control/label testid,
frontend/src/pages/driver/DriverMagicLanding.jsx:150,DriverMagicLanding,driver-magic-error,NON_TRUTH_SURFACE_EXCLUDED_WITH_REASON,structural/control/label testid,
frontend/src/pages/driver/DriverShift.jsx:335,DriverShift,driver-shift-loading,NON_TRUTH_SURFACE_EXCLUDED_WITH_REASON,structural/control/label testid,
frontend/src/pages/driver/DriverShift.jsx:356,DriverShift,driver-sign-out-empty,NON_TRUTH_SURFACE_EXCLUDED_WITH_REASON,structural/control/label testid,
frontend/src/pages/driver/DriverShift.jsx:385,DriverShift,driver-truck-label,NON_TRUTH_SURFACE_EXCLUDED_WITH_REASON,structural/control/label testid,
frontend/src/pages/driver/DriverShift.jsx:388,DriverShift,driver-name-label,NON_TRUTH_SURFACE_EXCLUDED_WITH_REASON,structural/control/label testid,
frontend/src/pages/driver/DriverShift.jsx:488,DriverShift,driver-ack-button,NON_TRUTH_SURFACE_EXCLUDED_WITH_REASON,structural/control/label testid,
frontend/src/pages/driver/DriverShift.jsx:602,DriverShift,driver-breakdown-proof-input,NON_TRUTH_SURFACE_EXCLUDED_WITH_REASON,structural/control/label testid,
frontend/src/pages/driver/DriverShift.jsx:687,DriverShift,driver-error,NON_TRUTH_SURFACE_EXCLUDED_WITH_REASON,structural/control/label testid,
frontend/src/pages/driver/DriverShift.jsx:697,DriverShift,driver-wait-sheet,NON_TRUTH_SURFACE_EXCLUDED_WITH_REASON,structural/control/label testid,
frontend/src/pages/driver/DriverShift.jsx:708,DriverShift,driver-wait-sheet-close,NON_TRUTH_SURFACE_EXCLUDED_WITH_REASON,structural/control/label testid,
frontend/src/pages/driver/ShiftStart.jsx:131,ShiftStart,shift-start-help,NON_TRUTH_SURFACE_EXCLUDED_WITH_REASON,structural/control/label testid,
frontend/src/pages/driver/ShiftStart.jsx:139,ShiftStart,shift-start-footer-note,NON_TRUTH_SURFACE_EXCLUDED_WITH_REASON,structural/control/label testid,
frontend/src/pages/driver/ShiftStart.jsx:144,ShiftStart,shift-start-submit,NON_TRUTH_SURFACE_EXCLUDED_WITH_REASON,structural/control/label testid,
frontend/src/pages/driver/ShiftStart.jsx:215,ShiftStart,shift-start-error,NON_TRUTH_SURFACE_EXCLUDED_WITH_REASON,structural/control/label testid,
frontend/src/pages/fleet/FleetUnitThread.jsx:344,FleetUnitThread,fleet-unit-thread-loading,NON_TRUTH_SURFACE_EXCLUDED_WITH_REASON,structural/control/label testid,
frontend/src/pages/fleet/FleetUnitThread.jsx:357,FleetUnitThread,fleet-unit-thread-back,NON_TRUTH_SURFACE_EXCLUDED_WITH_REASON,structural/control/label testid,
frontend/src/pages/guidance/OperationalGuidanceCenter.jsx:300,OperationalGuidanceCenter,guidance-search-input,NON_TRUTH_SURFACE_EXCLUDED_WITH_REASON,structural/control/label testid,
frontend/src/pages/guidance/OperationalGuidanceCenter.jsx:412,OperationalGuidanceCenter,guidance-search-back,NON_TRUTH_SURFACE_EXCLUDED_WITH_REASON,structural/control/label testid,
frontend/src/pages/guidance/OperationalGuidanceCenter.jsx:418,OperationalGuidanceCenter,guidance-search-empty,NON_TRUTH_SURFACE_EXCLUDED_WITH_REASON,structural/control/label testid,
frontend/src/pages/guidance/OperationalGuidanceCenter.jsx:475,OperationalGuidanceCenter,guidance-back-btn,NON_TRUTH_SURFACE_EXCLUDED_WITH_REASON,structural/control/label testid,
frontend/src/pages/guidance/OperationalGuidanceCenter.jsx:479,OperationalGuidanceCenter,guidance-article-title,NON_TRUTH_SURFACE_EXCLUDED_WITH_REASON,structural/control/label testid,
frontend/src/pages/guidance/OperationalGuidanceCenter.jsx:619,OperationalGuidanceCenter,guidance-hero,NON_TRUTH_SURFACE_EXCLUDED_WITH_REASON,structural/control/label testid,
frontend/src/pages/guidance/OperationalGuidanceCenter.jsx:796,OperationalGuidanceCenter,guidance-empty,NON_TRUTH_SURFACE_EXCLUDED_WITH_REASON,structural/control/label testid,
frontend/src/pages/guidance/OperationalGuidanceCenter.jsx:825,OperationalGuidanceCenter,guidance-signin-link,NON_TRUTH_SURFACE_EXCLUDED_WITH_REASON,structural/control/label testid,
frontend/src/pages/legal/PrivacyPolicy.jsx:24,PrivacyPolicy,privacy-tenant-placeholder,NON_TRUTH_SURFACE_EXCLUDED_WITH_REASON,structural/control/label testid,
frontend/src/pages/legal/PrivacyPolicy.jsx:62,PrivacyPolicy,privacy-back-link,NON_TRUTH_SURFACE_EXCLUDED_WITH_REASON,structural/control/label testid,
frontend/src/pages/legal/PrivacyPolicy.jsx:79,PrivacyPolicy,privacy-policy-page,NON_TRUTH_SURFACE_EXCLUDED_WITH_REASON,structural/control/label testid,
frontend/src/pages/legal/PrivacyPolicy.jsx:480,PrivacyPolicy,privacy-terms-link,NON_TRUTH_SURFACE_EXCLUDED_WITH_REASON,structural/control/label testid,
frontend/src/pages/legal/TermsOfService.jsx:29,TermsOfService,legal-tenant-placeholder,NON_TRUTH_SURFACE_EXCLUDED_WITH_REASON,structural/control/label testid,
frontend/src/pages/legal/TermsOfService.jsx:67,TermsOfService,terms-back-link,NON_TRUTH_SURFACE_EXCLUDED_WITH_REASON,structural/control/label testid,
frontend/src/pages/legal/TermsOfService.jsx:84,TermsOfService,terms-of-service-page,NON_TRUTH_SURFACE_EXCLUDED_WITH_REASON,structural/control/label testid,
frontend/src/pages/legal/TermsOfService.jsx:523,TermsOfService,terms-privacy-link,NON_TRUTH_SURFACE_EXCLUDED_WITH_REASON,structural/control/label testid,
frontend/src/pages/odr/OdrCenter.jsx:77,OdrCenter,fl-odr-tabs,NON_TRUTH_SURFACE_EXCLUDED_WITH_REASON,structural/control/label testid,
frontend/src/pages/odr/OdrCenter.jsx:103,OdrCenter,fl-odr-tab-desc,NON_TRUTH_SURFACE_EXCLUDED_WITH_REASON,structural/control/label testid,
frontend/src/pages/odr/OdrCenter.jsx:174,OdrCenter,fl-odr-empty,NON_TRUTH_SURFACE_EXCLUDED_WITH_REASON,structural/control/label testid,
frontend/src/pages/odr/OdrDetail.jsx:26,OdrDetail,odr-detail-error,NON_TRUTH_SURFACE_EXCLUDED_WITH_REASON,structural/control/label testid,
frontend/src/pages/odr/OdrDetail.jsx:27,OdrDetail,odr-detail-loading,NON_TRUTH_SURFACE_EXCLUDED_WITH_REASON,structural/control/label testid,
frontend/src/pages/odr/OdrDetail.jsx:34,OdrDetail,odr-detail-page,NON_TRUTH_SURFACE_EXCLUDED_WITH_REASON,structural/control/label testid,
frontend/src/pages/odr/OdrDetail.jsx:47,OdrDetail,odr-detail-pdf-actions,NON_TRUTH_SURFACE_EXCLUDED_WITH_REASON,structural/control/label testid,
frontend/src/pages/odr/OdrNew.jsx:302,OdrNew,odr-new-page,NON_TRUTH_SURFACE_EXCLUDED_WITH_REASON,structural/control/label testid,
frontend/src/pages/odr/OdrNew.jsx:315,OdrNew,odr-lang-toggle,NON_TRUTH_SURFACE_EXCLUDED_WITH_REASON,structural/control/label testid,
frontend/src/pages/odr/OdrNew.jsx:425,OdrNew,odr-production-note,NON_TRUTH_SURFACE_EXCLUDED_WITH_REASON,structural/control/label testid,
frontend/src/pages/odr/OdrNew.jsx:459,OdrNew,odr-delay-desc,NON_TRUTH_SURFACE_EXCLUDED_WITH_REASON,structural/control/label testid,
frontend/src/pages/odr/OdrNew.jsx:577,OdrNew,odr-error,NON_TRUTH_SURFACE_EXCLUDED_WITH_REASON,structural/control/label testid,
frontend/src/pages/odr/OdrNew.jsx:585,OdrNew,odr-back,NON_TRUTH_SURFACE_EXCLUDED_WITH_REASON,structural/control/label testid,
frontend/src/pages/odr/OdrNew.jsx:595,OdrNew,odr-next,NON_TRUTH_SURFACE_EXCLUDED_WITH_REASON,structural/control/label testid,
frontend/src/pages/odr/OdrNew.jsx:605,OdrNew,odr-submit,NON_TRUTH_SURFACE_EXCLUDED_WITH_REASON,structural/control/label testid,
frontend/src/pages/odr/OdrPmPanel.jsx:62,OdrPmPanel,pm-odr-panel,NON_TRUTH_SURFACE_EXCLUDED_WITH_REASON,structural/control/label testid,
frontend/src/pages/odr/OdrPublicViewer.jsx:65,OdrPublicViewer,public-odr-header,NON_TRUTH_SURFACE_EXCLUDED_WITH_REASON,structural/control/label testid,
frontend/src/pages/odr/OdrPublicViewer.jsx:83,OdrPublicViewer,"<KV k=""Crew Name"" v={crew.crew_name} />",DIRECT_FACT,value_component_fact,value-bearing component rendering a fetched fact
frontend/src/pages/odr/OdrPublicViewer.jsx:84,OdrPublicViewer,"<KV k=""Crew Type"" v={crew.crew_type} />",DIRECT_FACT,value_component_fact,value-bearing component rendering a fetched fact
frontend/src/pages/odr/OdrPublicViewer.jsx:85,OdrPublicViewer,"<KV k=""Primary Operation"" v={crew.primary_operation} />",DIRECT_FACT,value_component_fact,value-bearing component rendering a fetched fact
frontend/src/pages/odr/OdrPublicViewer.jsx:106,OdrPublicViewer,"<KV k=""Total Hours Lost"" v={(data.delays || {}).total_hours_lost ?? 0}",DIRECT_FACT,value_component_fact,value-bearing component rendering a fetched fact
frontend/src/pages/odr/OdrPublicViewer.jsx:119,OdrPublicViewer,"? <KV k=""Safety Event"" v=""Recorded"" />",DIRECT_FACT,value_component_fact,value-bearing component rendering a fetched fact
frontend/src/pages/odr/OdrPublicViewer.jsx:128,OdrPublicViewer,"<KV k=""Hours Lost"" v={(data.weather_impact || {}).hours_lost ?? ""—""} /",DIRECT_FACT,value_component_fact,value-bearing component rendering a fetched fact
frontend/src/pages/odr/OdrPublicViewer.jsx:129,OdrPublicViewer,"<KV k=""Description"" v={((data.weather_impact || {}).description || {})",DIRECT_FACT,value_component_fact,value-bearing component rendering a fetched fact
frontend/src/pages/odr/OdrPublicViewer.jsx:135,OdrPublicViewer,<KV,DIRECT_FACT,value_component_fact,value-bearing component rendering a fetched fact
frontend/src/pages/operational_records/OperationalRecords.jsx:97,OperationalRecords,op-records-search,NON_TRUTH_SURFACE_EXCLUDED_WITH_REASON,structural/control/label testid,
frontend/src/pages/operational_records/OperationalRecords.jsx:105,OperationalRecords,op-records-project-filter,NON_TRUTH_SURFACE_EXCLUDED_WITH_REASON,structural/control/label testid,
frontend/src/pages/operational_records/OperationalRecords.jsx:113,OperationalRecords,op-records-kind-filter,NON_TRUTH_SURFACE_EXCLUDED_WITH_REASON,structural/control/label testid,
frontend/src/pages/operational_records/OperationalRecords.jsx:125,OperationalRecords,op-records-refresh,NON_TRUTH_SURFACE_EXCLUDED_WITH_REASON,structural/control/label testid,
frontend/src/pages/operational_records/OperationalRecords.jsx:143,OperationalRecords,op-records-loading,NON_TRUTH_SURFACE_EXCLUDED_WITH_REASON,structural/control/label testid,
frontend/src/pages/operations_actions/OperationsActionDetail.jsx:126,OperationsActionDetail,oa-detail-loading,NON_TRUTH_SURFACE_EXCLUDED_WITH_REASON,structural/control/label testid,
frontend/src/pages/operations_actions/OperationsActionDetail.jsx:133,OperationsActionDetail,oa-detail-error,NON_TRUTH_SURFACE_EXCLUDED_WITH_REASON,structural/control/label testid,
frontend/src/pages/operations_actions/OperationsActionDetail.jsx:144,OperationsActionDetail,oa-detail-root,NON_TRUTH_SURFACE_EXCLUDED_WITH_REASON,structural/control/label testid,
frontend/src/pages/operations_actions/OperationsActionDetail.jsx:149,OperationsActionDetail,oa-det-nav-back,NON_TRUTH_SURFACE_EXCLUDED_WITH_REASON,structural/control/label testid,
frontend/src/pages/operations_actions/OperationsActionDetail.jsx:167,OperationsActionDetail,oa-det-title,NON_TRUTH_SURFACE_EXCLUDED_WITH_REASON,structural/control/label testid,
frontend/src/pages/operations_actions/OperationsActionDetail.jsx:173,OperationsActionDetail,oa-det-refresh,NON_TRUTH_SURFACE_EXCLUDED_WITH_REASON,structural/control/label testid,
frontend/src/pages/operations_actions/OperationsActionDetail.jsx:177,OperationsActionDetail,"<KV label={t(""Created By"")} value={oa.created_by?.name} testid=""oa-det",DIRECT_FACT,value_component_fact,value-bearing component rendering a fetched fact
frontend/src/pages/operations_actions/OperationsActionDetail.jsx:178,OperationsActionDetail,"<KV label={t(""Created"")} value={formatPlatformTime(oa.created_at)} tes",DIRECT_FACT,value_component_fact,value-bearing component rendering a fetched fact
frontend/src/pages/operations_actions/OperationsActionDetail.jsx:179,OperationsActionDetail,"<KV label={t(""Current Owner"")} value={oa.current_owner?.name || ""—""} t",DIRECT_FACT,value_component_fact,value-bearing component rendering a fetched fact
frontend/src/pages/operations_actions/OperationsActionDetail.jsx:180,OperationsActionDetail,"<KV label={t(""Last Updated"")} value={formatPlatformTime(oa.last_update",DIRECT_FACT,value_component_fact,value-bearing component rendering a fetched fact
frontend/src/pages/operations_actions/OperationsActionDetail.jsx:189,OperationsActionDetail,oa-det-status-actions,NON_TRUTH_SURFACE_EXCLUDED_WITH_REASON,structural/control/label testid,
frontend/src/pages/operations_actions/OperationsActionDetail.jsx:208,OperationsActionDetail,oa-action-assign-toggle,NON_TRUTH_SURFACE_EXCLUDED_WITH_REASON,structural/control/label testid,
frontend/src/pages/operations_actions/OperationsActionDetail.jsx:234,OperationsActionDetail,oa-det-edit-section,NON_TRUTH_SURFACE_EXCLUDED_WITH_REASON,structural/control/label testid,
frontend/src/pages/operations_actions/OperationsActionDetail.jsx:242,OperationsActionDetail,oa-det-edit-toggle,NON_TRUTH_SURFACE_EXCLUDED_WITH_REASON,structural/control/label testid,
frontend/src/pages/operations_actions/OperationsActionDetail.jsx:253,OperationsActionDetail,oa-det-edit-form,NON_TRUTH_SURFACE_EXCLUDED_WITH_REASON,structural/control/label testid,
frontend/src/pages/operations_actions/OperationsActionDetail.jsx:254,OperationsActionDetail,oa-edit-title,NON_TRUTH_SURFACE_EXCLUDED_WITH_REASON,structural/control/label testid,
frontend/src/pages/operations_actions/OperationsActionDetail.jsx:268,OperationsActionDetail,oa-edit-description,NON_TRUTH_SURFACE_EXCLUDED_WITH_REASON,structural/control/label testid,
frontend/src/pages/operations_actions/OperationsActionDetail.jsx:270,OperationsActionDetail,oa-edit-save,NON_TRUTH_SURFACE_EXCLUDED_WITH_REASON,structural/control/label testid,
frontend/src/pages/operations_actions/OperationsActionDetail.jsx:279,OperationsActionDetail,oa-det-photos-section,NON_TRUTH_SURFACE_EXCLUDED_WITH_REASON,structural/control/label testid,
frontend/src/pages/operations_actions/OperationsActionDetail.jsx:285,OperationsActionDetail,oa-det-notes-section,NON_TRUTH_SURFACE_EXCLUDED_WITH_REASON,structural/control/label testid,
frontend/src/pages/operations_actions/OperationsActionDetail.jsx:296,OperationsActionDetail,oa-notes-empty,NON_TRUTH_SURFACE_EXCLUDED_WITH_REASON,structural/control/label testid,
frontend/src/pages/operations_actions/OperationsActionDetail.jsx:300,OperationsActionDetail,oa-note-input,NON_TRUTH_SURFACE_EXCLUDED_WITH_REASON,structural/control/label testid,
frontend/src/pages/operations_actions/OperationsActionDetail.jsx:301,OperationsActionDetail,oa-note-submit,NON_TRUTH_SURFACE_EXCLUDED_WITH_REASON,structural/control/label testid,
frontend/src/pages/operations_actions/OperationsActionDetail.jsx:309,OperationsActionDetail,oa-det-history-section,NON_TRUTH_SURFACE_EXCLUDED_WITH_REASON,structural/control/label testid,
frontend/src/pages/operations_actions/OperationsActionNew.jsx:65,OperationsActionNew,oa-new-root,NON_TRUTH_SURFACE_EXCLUDED_WITH_REASON,structural/control/label testid,
frontend/src/pages/operations_actions/OperationsActionNew.jsx:70,OperationsActionNew,oa-new-nav-back,NON_TRUTH_SURFACE_EXCLUDED_WITH_REASON,structural/control/label testid,
frontend/src/pages/operations_actions/OperationsActionNew.jsx:84,OperationsActionNew,oa-new-form,NON_TRUTH_SURFACE_EXCLUDED_WITH_REASON,structural/control/label testid,
frontend/src/pages/operations_actions/OperationsActionNew.jsx:91,OperationsActionNew,oa-input-title,NON_TRUTH_SURFACE_EXCLUDED_WITH_REASON,structural/control/label testid,
frontend/src/pages/operations_actions/OperationsActionNew.jsx:119,OperationsActionNew,oa-input-description,NON_TRUTH_SURFACE_EXCLUDED_WITH_REASON,structural/control/label testid,
frontend/src/pages/operations_actions/OperationsActionNew.jsx:132,OperationsActionNew,oa-new-cancel,NON_TRUTH_SURFACE_EXCLUDED_WITH_REASON,structural/control/label testid,
frontend/src/pages/operations_actions/OperationsActionNew.jsx:139,OperationsActionNew,oa-new-submit,NON_TRUTH_SURFACE_EXCLUDED_WITH_REASON,structural/control/label testid,
frontend/src/pages/operations_actions/OperationsActions.jsx:76,OperationsActions,oa-list-root,NON_TRUTH_SURFACE_EXCLUDED_WITH_REASON,structural/control/label testid,
frontend/src/pages/operations_actions/OperationsActions.jsx:83,OperationsActions,oa-nav-back,NON_TRUTH_SURFACE_EXCLUDED_WITH_REASON,structural/control/label testid,
frontend/src/pages/operations_actions/OperationsActions.jsx:160,OperationsActions,oa-list-loading,NON_TRUTH_SURFACE_EXCLUDED_WITH_REASON,structural/control/label testid,
frontend/src/pages/operations_actions/OperationsActions.jsx:164,OperationsActions,oa-list-error,NON_TRUTH_SURFACE_EXCLUDED_WITH_REASON,structural/control/label testid,
frontend/src/pages/operations_actions/OperationsActions.jsx:171,OperationsActions,oa-list-empty,NON_TRUTH_SURFACE_EXCLUDED_WITH_REASON,structural/control/label testid,
frontend/src/pages/operations_actions/OperationsActions.jsx:215,OperationsActions,oa-list-refresh,NON_TRUTH_SURFACE_EXCLUDED_WITH_REASON,structural/control/label testid,
frontend/src/pages/pm/PmJobTeam.jsx:42,PmJobTeam,pm-job-team-back,NON_TRUTH_SURFACE_EXCLUDED_WITH_REASON,structural/control/label testid,
frontend/src/pages/shop/FuelLubeVisitDetail.jsx:43,FuelLubeVisitDetail,fuel-lube-detail-root,NON_TRUTH_SURFACE_EXCLUDED_WITH_REASON,structural/control/label testid,
frontend/src/pages/shop/FuelLubeVisitDetail.jsx:51,FuelLubeVisitDetail,fuel-lube-detail-back,NON_TRUTH_SURFACE_EXCLUDED_WITH_REASON,structural/control/label testid,
frontend/src/pages/shop/FuelLubeVisitDetail.jsx:52,FuelLubeVisitDetail,fuel-lube-detail-print,NON_TRUTH_SURFACE_EXCLUDED_WITH_REASON,structural/control/label testid,
frontend/src/pages/shop/FuelLubeVisitDetail.jsx:57,FuelLubeVisitDetail,fuel-lube-detail-error,NON_TRUTH_SURFACE_EXCLUDED_WITH_REASON,structural/control/label testid,
frontend/src/pages/shop/FuelLubeVisitDetail.jsx:61,FuelLubeVisitDetail,fuel-lube-detail-loading,NON_TRUTH_SURFACE_EXCLUDED_WITH_REASON,structural/control/label testid,
frontend/src/pages/shop/FuelLubeVisitDetail.jsx:65,FuelLubeVisitDetail,fuel-lube-detail-header,NON_TRUTH_SURFACE_EXCLUDED_WITH_REASON,structural/control/label testid,
frontend/src/pages/shop/FuelLubeVisitForm.jsx:279,FuelLubeVisitForm,fuel-lube-visit-form-root,NON_TRUTH_SURFACE_EXCLUDED_WITH_REASON,structural/control/label testid,
frontend/src/pages/shop/FuelLubeVisitForm.jsx:295,FuelLubeVisitForm,fuel-lube-visit-form-error,NON_TRUTH_SURFACE_EXCLUDED_WITH_REASON,structural/control/label testid,
frontend/src/pages/shop/FuelLubeVisitForm.jsx:299,FuelLubeVisitForm,fuel-lube-visit-form-header,NON_TRUTH_SURFACE_EXCLUDED_WITH_REASON,structural/control/label testid,
frontend/src/pages/shop/FuelLubeVisitForm.jsx:381,FuelLubeVisitForm,fuel-lube-visit-form-submit,NON_TRUTH_SURFACE_EXCLUDED_WITH_REASON,structural/control/label testid,
frontend/src/pages/shop/FuelLubeVisitForm.jsx:393,FuelLubeVisitForm,fuel-lube-visit-form-footer,NON_TRUTH_SURFACE_EXCLUDED_WITH_REASON,structural/control/label testid,
frontend/src/pages/shop/FuelLubeVisitRecords.jsx:74,FuelLubeVisitRecords,fuel-lube-records-root,NON_TRUTH_SURFACE_EXCLUDED_WITH_REASON,structural/control/label testid,
frontend/src/pages/shop/FuelLubeVisitRecords.jsx:98,FuelLubeVisitRecords,fuel-lube-records-refresh,NON_TRUTH_SURFACE_EXCLUDED_WITH_REASON,structural/control/label testid,
frontend/src/pages/shop/FuelLubeVisitRecords.jsx:123,FuelLubeVisitRecords,fuel-lube-records-error,NON_TRUTH_SURFACE_EXCLUDED_WITH_REASON,structural/control/label testid,
frontend/src/pages/shop/FuelLubeVisitRecords.jsx:130,FuelLubeVisitRecords,fuel-lube-records-count,DIRECT_FACT,inline_length_or_count,inline .length/.count of rendered data
frontend/src/pages/shop/FuelLubeVisitRecords.jsx:134,FuelLubeVisitRecords,fuel-lube-records-loading,NON_TRUTH_SURFACE_EXCLUDED_WITH_REASON,structural/control/label testid,
frontend/src/pages/shop/FuelLubeVisitRecords.jsx:137,FuelLubeVisitRecords,fuel-lube-records-empty,NON_TRUTH_SURFACE_EXCLUDED_WITH_REASON,structural/control/label testid,
frontend/src/pages/shop/PmDashboard.jsx:70,PmDashboard,pm-dashboard-root,NON_TRUTH_SURFACE_EXCLUDED_WITH_REASON,structural/control/label testid,
frontend/src/pages/shop/PmDashboard.jsx:92,PmDashboard,pm-dashboard-error,NON_TRUTH_SURFACE_EXCLUDED_WITH_REASON,structural/control/label testid,
frontend/src/pages/shop/PmDashboard.jsx:153,PmDashboard,pm-dashboard-due-empty,NON_TRUTH_SURFACE_EXCLUDED_WITH_REASON,structural/control/label testid,
frontend/src/pages/shop/PmDashboard.jsx:164,PmDashboard,pm-dashboard-rts-note,NON_TRUTH_SURFACE_EXCLUDED_WITH_REASON,structural/control/label testid,
frontend/src/pages/shop/PmSchedules.jsx:101,PmSchedules,pm-schedules-root,NON_TRUTH_SURFACE_EXCLUDED_WITH_REASON,structural/control/label testid,
frontend/src/pages/shop/PmSchedules.jsx:106,PmSchedules,pm-schedules-error,NON_TRUTH_SURFACE_EXCLUDED_WITH_REASON,structural/control/label testid,
frontend/src/pages/shop/PmSchedules.jsx:109,PmSchedules,pm-schedules-form,NON_TRUTH_SURFACE_EXCLUDED_WITH_REASON,structural/control/label testid,
frontend/src/pages/shop/PmSchedules.jsx:158,PmSchedules,pm-schedules-submit,NON_TRUTH_SURFACE_EXCLUDED_WITH_REASON,structural/control/label testid,
frontend/src/pages/shop/PmSchedules.jsx:164,PmSchedules,pm-schedules-cancel,NON_TRUTH_SURFACE_EXCLUDED_WITH_REASON,structural/control/label testid,
frontend/src/pages/shop/PmSchedules.jsx:176,PmSchedules,pm-schedules-empty,NON_TRUTH_SURFACE_EXCLUDED_WITH_REASON,structural/control/label testid,
frontend/src/pages/shop/PmTemplates.jsx:92,PmTemplates,pm-templates-root,NON_TRUTH_SURFACE_EXCLUDED_WITH_REASON,structural/control/label testid,
frontend/src/pages/shop/PmTemplates.jsx:97,PmTemplates,pm-templates-error,NON_TRUTH_SURFACE_EXCLUDED_WITH_REASON,structural/control/label testid,
frontend/src/pages/shop/PmTemplates.jsx:100,PmTemplates,pm-templates-form,NON_TRUTH_SURFACE_EXCLUDED_WITH_REASON,structural/control/label testid,
frontend/src/pages/shop/PmTemplates.jsx:146,PmTemplates,pm-templates-input-description,NON_TRUTH_SURFACE_EXCLUDED_WITH_REASON,structural/control/label testid,
frontend/src/pages/shop/PmTemplates.jsx:191,PmTemplates,pm-templates-submit,NON_TRUTH_SURFACE_EXCLUDED_WITH_REASON,structural/control/label testid,
frontend/src/pages/shop/PmTemplates.jsx:197,PmTemplates,pm-templates-cancel,NON_TRUTH_SURFACE_EXCLUDED_WITH_REASON,structural/control/label testid,
frontend/src/pages/shop/PmTemplates.jsx:207,PmTemplates,pm-templates-empty,NON_TRUTH_SURFACE_EXCLUDED_WITH_REASON,structural/control/label testid,
frontend/src/pages/shop/PmWorkOrders.jsx:58,PmWorkOrders,pm-work-orders-root,NON_TRUTH_SURFACE_EXCLUDED_WITH_REASON,structural/control/label testid,
frontend/src/pages/shop/PmWorkOrders.jsx:63,PmWorkOrders,pm-work-orders-error,NON_TRUTH_SURFACE_EXCLUDED_WITH_REASON,structural/control/label testid,
frontend/src/pages/shop/PmWorkOrders.jsx:64,PmWorkOrders,pm-work-orders-empty,NON_TRUTH_SURFACE_EXCLUDED_WITH_REASON,structural/control/label testid,
frontend/src/pages/shop/PmWorkOrders.jsx:128,PmWorkOrders,pm-work-order-detail-root,NON_TRUTH_SURFACE_EXCLUDED_WITH_REASON,structural/control/label testid,
frontend/src/pages/shop/PmWorkOrders.jsx:147,PmWorkOrders,pm-work-order-detail-error,NON_TRUTH_SURFACE_EXCLUDED_WITH_REASON,structural/control/label testid,
frontend/src/pages/shop/PmWorkOrders.jsx:149,PmWorkOrders,pm-work-order-status,CANONICAL_STATUS,status,Wave-2 status vocab (TC-0002)
frontend/src/pages/shop/PmWorkOrders.jsx:159,PmWorkOrders,pm-assign-form,NON_TRUTH_SURFACE_EXCLUDED_WITH_REASON,structural/control/label testid,
frontend/src/pages/shop/PmWorkOrders.jsx:170,PmWorkOrders,pm-assign-submit,NON_TRUTH_SURFACE_EXCLUDED_WITH_REASON,structural/control/label testid,
frontend/src/pages/shop/PmWorkOrders.jsx:217,PmWorkOrders,pm-complete-form,NON_TRUTH_SURFACE_EXCLUDED_WITH_REASON,structural/control/label testid,
frontend/src/pages/shop/PmWorkOrders.jsx:248,PmWorkOrders,pm-complete-submit,NON_TRUTH_SURFACE_EXCLUDED_WITH_REASON,structural/control/label testid,
frontend/src/pages/shop/PmWorkOrders.jsx:260,PmWorkOrders,pm-review-form,NON_TRUTH_SURFACE_EXCLUDED_WITH_REASON,structural/control/label testid,
frontend/src/pages/shop/PmWorkOrders.jsx:282,PmWorkOrders,pm-review-submit,NON_TRUTH_SURFACE_EXCLUDED_WITH_REASON,structural/control/label testid,
frontend/src/pages/shop/PmWorkOrders.jsx:311,PmWorkOrders,pm-work-order-rts-note,NON_TRUTH_SURFACE_EXCLUDED_WITH_REASON,structural/control/label testid,
frontend/src/pages/shop/ServiceTruckReconciliationDetail.jsx:83,ServiceTruckReconciliationDetail,strr-detail-root,NON_TRUTH_SURFACE_EXCLUDED_WITH_REASON,structural/control/label testid,
frontend/src/pages/shop/ServiceTruckReconciliationDetail.jsx:91,ServiceTruckReconciliationDetail,strr-detail-back,NON_TRUTH_SURFACE_EXCLUDED_WITH_REASON,structural/control/label testid,
frontend/src/pages/shop/ServiceTruckReconciliationDetail.jsx:93,ServiceTruckReconciliationDetail,strr-detail-print,NON_TRUTH_SURFACE_EXCLUDED_WITH_REASON,structural/control/label testid,
frontend/src/pages/shop/ServiceTruckReconciliationDetail.jsx:98,ServiceTruckReconciliationDetail,strr-detail-error,NON_TRUTH_SURFACE_EXCLUDED_WITH_REASON,structural/control/label testid,
frontend/src/pages/shop/ServiceTruckReconciliationDetail.jsx:102,ServiceTruckReconciliationDetail,strr-detail-loading,NON_TRUTH_SURFACE_EXCLUDED_WITH_REASON,structural/control/label testid,
frontend/src/pages/shop/ServiceTruckReconciliationDetail.jsx:106,ServiceTruckReconciliationDetail,strr-detail-header,NON_TRUTH_SURFACE_EXCLUDED_WITH_REASON,structural/control/label testid,
frontend/src/pages/shop/ServiceTruckReconciliationDetail.jsx:112,ServiceTruckReconciliationDetail,strr-detail-status,CANONICAL_STATUS,status,Wave-2 status vocab (TC-0002)
frontend/src/pages/shop/ServiceTruckReconciliationDetail.jsx:193,ServiceTruckReconciliationDetail,strr-detail-review-error,NON_TRUTH_SURFACE_EXCLUDED_WITH_REASON,structural/control/label testid,
frontend/src/pages/shop/ServiceTruckReconciliationDetail.jsx:196,ServiceTruckReconciliationDetail,strr-detail-review-submit,NON_TRUTH_SURFACE_EXCLUDED_WITH_REASON,structural/control/label testid,
frontend/src/pages/shop/ServiceTruckReconciliationForm.jsx:190,ServiceTruckReconciliationForm,strr-form-root,NON_TRUTH_SURFACE_EXCLUDED_WITH_REASON,structural/control/label testid,
frontend/src/pages/shop/ServiceTruckReconciliationForm.jsx:197,ServiceTruckReconciliationForm,strr-form-mode-toggle,NON_TRUTH_SURFACE_EXCLUDED_WITH_REASON,structural/control/label testid,
frontend/src/pages/shop/ServiceTruckReconciliationForm.jsx:211,ServiceTruckReconciliationForm,strr-form-date-label,NON_TRUTH_SURFACE_EXCLUDED_WITH_REASON,structural/control/label testid,
frontend/src/pages/shop/ServiceTruckReconciliationForm.jsx:215,ServiceTruckReconciliationForm,strr-form-truck-label,NON_TRUTH_SURFACE_EXCLUDED_WITH_REASON,structural/control/label testid,
frontend/src/pages/shop/ServiceTruckReconciliationForm.jsx:225,ServiceTruckReconciliationForm,strr-form-tech-id-label,NON_TRUTH_SURFACE_EXCLUDED_WITH_REASON,structural/control/label testid,
frontend/src/pages/shop/ServiceTruckReconciliationForm.jsx:229,ServiceTruckReconciliationForm,strr-form-tech-name-label,NON_TRUTH_SURFACE_EXCLUDED_WITH_REASON,structural/control/label testid,
frontend/src/pages/shop/ServiceTruckReconciliationForm.jsx:234,ServiceTruckReconciliationForm,strr-form-rec-id-label,NON_TRUTH_SURFACE_EXCLUDED_WITH_REASON,structural/control/label testid,
frontend/src/pages/shop/ServiceTruckReconciliationForm.jsx:255,ServiceTruckReconciliationForm,strr-form-notes-label,NON_TRUTH_SURFACE_EXCLUDED_WITH_REASON,structural/control/label testid,
frontend/src/pages/shop/ServiceTruckReconciliationForm.jsx:261,ServiceTruckReconciliationForm,strr-form-error,NON_TRUTH_SURFACE_EXCLUDED_WITH_REASON,structural/control/label testid,
frontend/src/pages/shop/ServiceTruckReconciliationForm.jsx:273,ServiceTruckReconciliationForm,strr-form-submit-close,NON_TRUTH_SURFACE_EXCLUDED_WITH_REASON,structural/control/label testid,
frontend/src/pages/shop/ServiceTruckReconciliationForm.jsx:278,ServiceTruckReconciliationForm,strr-form-records-link,NON_TRUTH_SURFACE_EXCLUDED_WITH_REASON,structural/control/label testid,
frontend/src/pages/shop/ServiceTruckReconciliationRecords.jsx:83,ServiceTruckReconciliationRecords,strr-list-root,NON_TRUTH_SURFACE_EXCLUDED_WITH_REASON,structural/control/label testid,
frontend/src/pages/shop/ServiceTruckReconciliationRecords.jsx:107,ServiceTruckReconciliationRecords,strr-list-refresh,NON_TRUTH_SURFACE_EXCLUDED_WITH_REASON,structural/control/label testid,
frontend/src/pages/shop/ServiceTruckReconciliationRecords.jsx:126,ServiceTruckReconciliationRecords,strr-list-filter-status,CANONICAL_STATUS,status,Wave-2 status vocab (TC-0002)
frontend/src/pages/shop/ServiceTruckReconciliationRecords.jsx:136,ServiceTruckReconciliationRecords,strr-list-error,NON_TRUTH_SURFACE_EXCLUDED_WITH_REASON,structural/control/label testid,
frontend/src/pages/shop/ServiceTruckReconciliationRecords.jsx:143,ServiceTruckReconciliationRecords,strr-list-count,DIRECT_FACT,inline_length_or_count,inline .length/.count of rendered data
frontend/src/pages/shop/ServiceTruckReconciliationRecords.jsx:147,ServiceTruckReconciliationRecords,strr-list-loading,NON_TRUTH_SURFACE_EXCLUDED_WITH_REASON,structural/control/label testid,
frontend/src/pages/shop/ServiceTruckReconciliationRecords.jsx:150,ServiceTruckReconciliationRecords,strr-list-empty,NON_TRUTH_SURFACE_EXCLUDED_WITH_REASON,structural/control/label testid,
frontend/src/pages/shop/ShopAssetCare.jsx:72,ShopAssetCare,asset-care-loading,NON_TRUTH_SURFACE_EXCLUDED_WITH_REASON,structural/control/label testid,
frontend/src/pages/shop/ShopAssetCare.jsx:95,ShopAssetCare,ac-refresh,NON_TRUTH_SURFACE_EXCLUDED_WITH_REASON,structural/control/label testid,
frontend/src/pages/shop/ShopAssetCare.jsx:114,ShopAssetCare,ac-quick-actions,NON_TRUTH_SURFACE_EXCLUDED_WITH_REASON,structural/control/label testid,
frontend/src/pages/shop/ShopAssetCare.jsx:137,ShopAssetCare,ac-alerts-empty,NON_TRUTH_SURFACE_EXCLUDED_WITH_REASON,structural/control/label testid,
frontend/src/pages/shop/ShopAssetCare.jsx:184,ShopAssetCare,ac-readiness-empty,NON_TRUTH_SURFACE_EXCLUDED_WITH_REASON,structural/control/label testid,
frontend/src/pages/shop/ShopManagerQueue.jsx:273,ShopManagerQueue,shop-manager-queue-root,NON_TRUTH_SURFACE_EXCLUDED_WITH_REASON,structural/control/label testid,
frontend/src/pages/shop/ShopManagerQueue.jsx:283,ShopManagerQueue,shop-manager-queue-refresh,NON_TRUTH_SURFACE_EXCLUDED_WITH_REASON,structural/control/label testid,
frontend/src/pages/shop/ShopManagerQueue.jsx:292,ShopManagerQueue,shop-manager-queue-error,NON_TRUTH_SURFACE_EXCLUDED_WITH_REASON,structural/control/label testid,
frontend/src/pages/shop/ShopManagerQueue.jsx:329,ShopManagerQueue,shop-manager-queue-loading,NON_TRUTH_SURFACE_EXCLUDED_WITH_REASON,structural/control/label testid,
frontend/src/pages/shop/ShopManagerQueue.jsx:334,ShopManagerQueue,shop-manager-queue-empty,NON_TRUTH_SURFACE_EXCLUDED_WITH_REASON,structural/control/label testid,
frontend/src/pages/shop/ShopMyAssignments.jsx:188,ShopMyAssignments,shop-my-assignments-root,NON_TRUTH_SURFACE_EXCLUDED_WITH_REASON,structural/control/label testid,
frontend/src/pages/shop/ShopMyAssignments.jsx:198,ShopMyAssignments,shop-my-assignments-refresh,NON_TRUTH_SURFACE_EXCLUDED_WITH_REASON,structural/control/label testid,
frontend/src/pages/shop/ShopMyAssignments.jsx:207,ShopMyAssignments,shop-my-assignments-error,NON_TRUTH_SURFACE_EXCLUDED_WITH_REASON,structural/control/label testid,
frontend/src/pages/shop/ShopMyAssignments.jsx:221,ShopMyAssignments,shop-my-assignments-loading,NON_TRUTH_SURFACE_EXCLUDED_WITH_REASON,structural/control/label testid,
frontend/src/pages/shop/ShopMyAssignments.jsx:235,ShopMyAssignments,shop-my-assignments-empty,NON_TRUTH_SURFACE_EXCLUDED_WITH_REASON,structural/control/label testid,
frontend/src/pages/shop/ShopTrenchSafetyRepairs.jsx:76,ShopTrenchSafetyRepairs,shop-trench-repairs-header,NON_TRUTH_SURFACE_EXCLUDED_WITH_REASON,structural/control/label testid,
frontend/src/pages/shop/ShopTrenchSafetyRepairs.jsx:105,ShopTrenchSafetyRepairs,repair-queue-loading,NON_TRUTH_SURFACE_EXCLUDED_WITH_REASON,structural/control/label testid,
frontend/src/pages/shop/ShopTrenchSafetyRepairs.jsx:109,ShopTrenchSafetyRepairs,repair-queue-error,NON_TRUTH_SURFACE_EXCLUDED_WITH_REASON,structural/control/label testid,
frontend/src/pages/shop/ShopTrenchSafetyRepairs.jsx:111,ShopTrenchSafetyRepairs,repair-queue-empty,NON_TRUTH_SURFACE_EXCLUDED_WITH_REASON,structural/control/label testid,
frontend/src/pages/shop/ShopTrenchSafetyRepairs.jsx:122,ShopTrenchSafetyRepairs,repair-queue-coaching,NON_TRUTH_SURFACE_EXCLUDED_WITH_REASON,structural/control/label testid,
frontend/src/pages/shop/UnitHistoryLanding.jsx:72,UnitHistoryLanding,unit-history-landing-root,NON_TRUTH_SURFACE_EXCLUDED_WITH_REASON,structural/control/label testid,
frontend/src/pages/shop/UnitHistoryLanding.jsx:84,UnitHistoryLanding,unit-history-landing-input,NON_TRUTH_SURFACE_EXCLUDED_WITH_REASON,structural/control/label testid,
frontend/src/pages/shop/UnitHistoryLanding.jsx:92,UnitHistoryLanding,unit-history-landing-submit,NON_TRUTH_SURFACE_EXCLUDED_WITH_REASON,structural/control/label testid,
frontend/src/pages/shop/UnitHistoryLanding.jsx:110,UnitHistoryLanding,unit-history-landing-recent-empty,NON_TRUTH_SURFACE_EXCLUDED_WITH_REASON,structural/control/label testid,
frontend/src/pages/shop/UnitHistoryLanding.jsx:133,UnitHistoryLanding,unit-history-landing-footer,NON_TRUTH_SURFACE_EXCLUDED_WITH_REASON,structural/control/label testid,
frontend/src/pages/shop/UnitHistoryTimeline.jsx:298,UnitHistoryTimeline,unit-history-timeline-root,NON_TRUTH_SURFACE_EXCLUDED_WITH_REASON,structural/control/label testid,
frontend/src/pages/shop/UnitHistoryTimeline.jsx:313,UnitHistoryTimeline,unit-history-refresh,NON_TRUTH_SURFACE_EXCLUDED_WITH_REASON,structural/control/label testid,
frontend/src/pages/shop/UnitHistoryTimeline.jsx:367,UnitHistoryTimeline,unit-history-event-count,DIRECT_FACT,inline_length_or_count,inline .length/.count of rendered data
frontend/src/pages/shop/UnitHistoryTimeline.jsx:375,UnitHistoryTimeline,unit-history-error,NON_TRUTH_SURFACE_EXCLUDED_WITH_REASON,structural/control/label testid,
frontend/src/pages/shop/UnitHistoryTimeline.jsx:382,UnitHistoryTimeline,unit-history-loading,NON_TRUTH_SURFACE_EXCLUDED_WITH_REASON,structural/control/label testid,
frontend/src/pages/shop/UnitHistoryTimeline.jsx:387,UnitHistoryTimeline,unit-history-empty,NON_TRUTH_SURFACE_EXCLUDED_WITH_REASON,structural/control/label testid,
frontend/src/pages/shop/UnitHistoryTimeline.jsx:427,UnitHistoryTimeline,unit-history-doctrine-footer,NON_TRUTH_SURFACE_EXCLUDED_WITH_REASON,structural/control/label testid,
frontend/src/pages/transportation/CertificateVerify.jsx:62,CertificateVerify,cert-verify-error,NON_TRUTH_SURFACE_EXCLUDED_WITH_REASON,structural/control/label testid,
frontend/src/pages/transportation/CertificateVerify.jsx:69,CertificateVerify,cert-verify-loading,NON_TRUTH_SURFACE_EXCLUDED_WITH_REASON,structural/control/label testid,
frontend/src/pages/transportation/ExternalCarrierInvite.jsx:61,ExternalCarrierInvite,carrier-invite-loading,NON_TRUTH_SURFACE_EXCLUDED_WITH_REASON,structural/control/label testid,
frontend/src/pages/transportation/ExternalCarrierInvite.jsx:139,ExternalCarrierInvite,carrier-invite-error,NON_TRUTH_SURFACE_EXCLUDED_WITH_REASON,structural/control/label testid,
frontend/src/pages/transportation/ExternalCarrierInvite.jsx:227,ExternalCarrierInvite,carrier-invite-orientation-note,NON_TRUTH_SURFACE_EXCLUDED_WITH_REASON,structural/control/label testid,
frontend/src/pages/transportation/ExternalCarrierInvite.jsx:276,ExternalCarrierInvite,carrier-portal-back,NON_TRUTH_SURFACE_EXCLUDED_WITH_REASON,structural/control/label testid,
frontend/src/pages/transportation/ExternalCarrierInvite.jsx:332,ExternalCarrierInvite,step-3-submit,NON_TRUTH_SURFACE_EXCLUDED_WITH_REASON,structural/control/label testid,
frontend/src/pages/transportation/MissionControl.jsx:283,MissionControl,mc-loading,NON_TRUTH_SURFACE_EXCLUDED_WITH_REASON,structural/control/label testid,
frontend/src/pages/transportation/MissionControl.jsx:293,MissionControl,mc-error,NON_TRUTH_SURFACE_EXCLUDED_WITH_REASON,structural/control/label testid,
frontend/src/pages/transportation/MissionControl.jsx:464,MissionControl,mc-refresh,NON_TRUTH_SURFACE_EXCLUDED_WITH_REASON,structural/control/label testid,
frontend/src/pages/transportation/TransportationAcademy.jsx:133,TransportationAcademy,transportation-academy-page,NON_TRUTH_SURFACE_EXCLUDED_WITH_REASON,structural/control/label testid,
frontend/src/pages/transportation/TransportationAcademy.jsx:142,TransportationAcademy,academy-loading,NON_TRUTH_SURFACE_EXCLUDED_WITH_REASON,structural/control/label testid,
frontend/src/pages/transportation/TransportationAcademy.jsx:177,TransportationAcademy,academy-in-development-panel,NON_TRUTH_SURFACE_EXCLUDED_WITH_REASON,structural/control/label testid,
frontend/src/pages/transportation/TransportationAcademy.jsx:228,TransportationAcademy,academy-detail-loading,NON_TRUTH_SURFACE_EXCLUDED_WITH_REASON,structural/control/label testid,
frontend/src/pages/transportation/TransportationAcademy.jsx:241,TransportationAcademy,academy-detail-back,NON_TRUTH_SURFACE_EXCLUDED_WITH_REASON,structural/control/label testid,
frontend/src/pages/transportation/TransportationAcademy.jsx:268,TransportationAcademy,academy-detail-prev,NON_TRUTH_SURFACE_EXCLUDED_WITH_REASON,structural/control/label testid,
frontend/src/pages/transportation/TransportationAcademy.jsx:281,TransportationAcademy,academy-detail-next,NON_TRUTH_SURFACE_EXCLUDED_WITH_REASON,structural/control/label testid,
frontend/src/pages/transportation/TransportationApp.jsx:70,TransportationApp,admin-transportation-page,NON_TRUTH_SURFACE_EXCLUDED_WITH_REASON,structural/control/label testid,
frontend/src/pages/transportation/TransportationApp.jsx:71,TransportationApp,txops-mission-banner,NON_TRUTH_SURFACE_EXCLUDED_WITH_REASON,structural/control/label testid,
frontend/src/pages/transportation/TransportationSearch.jsx:147,TransportationSearch,txops-search,NON_TRUTH_SURFACE_EXCLUDED_WITH_REASON,structural/control/label testid,
frontend/src/pages/transportation/TransportationSearch.jsx:154,TransportationSearch,txops-search-input,NON_TRUTH_SURFACE_EXCLUDED_WITH_REASON,structural/control/label testid,
frontend/src/pages/transportation/TransportationSearch.jsx:164,TransportationSearch,txops-search-loading,NON_TRUTH_SURFACE_EXCLUDED_WITH_REASON,structural/control/label testid,
frontend/src/pages/transportation/TransportationSearch.jsx:178,TransportationSearch,txops-search-shortcut-hint,NON_TRUTH_SURFACE_EXCLUDED_WITH_REASON,structural/control/label testid,
frontend/src/pages/transportation/TransportationSearch.jsx:188,TransportationSearch,txops-search-drawer,NON_TRUTH_SURFACE_EXCLUDED_WITH_REASON,structural/control/label testid,
frontend/src/pages/transportation/TransportationSearch.jsx:193,TransportationSearch,txops-search-error,NON_TRUTH_SURFACE_EXCLUDED_WITH_REASON,structural/control/label testid,
frontend/src/pages/transportation/TransportationSearch.jsx:200,TransportationSearch,txops-search-empty,NON_TRUTH_SURFACE_EXCLUDED_WITH_REASON,structural/control/label testid,
frontend/src/pages/transportation/TransportationWorkspaceShell.jsx:55,TransportationWorkspaceShell,txops-header-title,NON_TRUTH_SURFACE_EXCLUDED_WITH_REASON,structural/control/label testid,
frontend/src/pages/transportation/TransportationWorkspaceShell.jsx:66,TransportationWorkspaceShell,txops-header-actions,NON_TRUTH_SURFACE_EXCLUDED_WITH_REASON,structural/control/label testid,
frontend/src/pages/transportation/TransportationWorkspaceShell.jsx:317,TransportationWorkspaceShell,txops-rail-entity-banner,NON_TRUTH_SURFACE_EXCLUDED_WITH_REASON,structural/control/label testid,
frontend/src/pages/transportation/TransportationWorkspaceShell.jsx:325,TransportationWorkspaceShell,txops-rail-entity-link,NON_TRUTH_SURFACE_EXCLUDED_WITH_REASON,structural/control/label testid,
frontend/src/pages/transportation/TransportationWorkspaceShell.jsx:332,TransportationWorkspaceShell,txops-rail-entity-subtitle,NON_TRUTH_SURFACE_EXCLUDED_WITH_REASON,structural/control/label testid,
frontend/src/pages/transportation/TransportationWorkspaceShell.jsx:456,TransportationWorkspaceShell,txops-rail-audit-link,NON_TRUTH_SURFACE_EXCLUDED_WITH_REASON,structural/control/label testid,
frontend/src/pages/transportation/TransportationWorkspaceShell.jsx:494,TransportationWorkspaceShell,txops-workspace-shell,NON_TRUTH_SURFACE_EXCLUDED_WITH_REASON,structural/control/label testid,
frontend/src/pages/transportation/_command_queue.jsx:104,_command_queue,tx-cq-loading,NON_TRUTH_SURFACE_EXCLUDED_WITH_REASON,structural/control/label testid,
frontend/src/pages/transportation/_command_queue.jsx:108,_command_queue,tx-cq-empty,NON_TRUTH_SURFACE_EXCLUDED_WITH_REASON,structural/control/label testid,
frontend/src/pages/transportation/_command_queue.jsx:226,_command_queue,tx-cq-health-loading,NON_TRUTH_SURFACE_EXCLUDED_WITH_REASON,structural/control/label testid,
frontend/src/pages/transportation/_command_queue.jsx:346,_command_queue,tx-cq-forecast-loading,NON_TRUTH_SURFACE_EXCLUDED_WITH_REASON,structural/control/label testid,
frontend/src/pages/transportation/_command_queue.jsx:636,_command_queue,tx-cq-digest-preview-toggle,NON_TRUTH_SURFACE_EXCLUDED_WITH_REASON,structural/control/label testid,
frontend/src/pages/transportation/_dispatch_bridge.jsx:86,_dispatch_bridge,txops-dispatch-bridge-note,NON_TRUTH_SURFACE_EXCLUDED_WITH_REASON,structural/control/label testid,
frontend/src/pages/transportation/_intelligence.jsx:134,_intelligence,tx-intel-exec-loading,NON_TRUTH_SURFACE_EXCLUDED_WITH_REASON,structural/control/label testid,
frontend/src/pages/transportation/_intelligence.jsx:136,_intelligence,tx-intel-exec-error,NON_TRUTH_SURFACE_EXCLUDED_WITH_REASON,structural/control/label testid,
frontend/src/pages/transportation/_intelligence.jsx:188,_intelligence,tx-intel-exec-refresh,NON_TRUTH_SURFACE_EXCLUDED_WITH_REASON,structural/control/label testid,
frontend/src/pages/transportation/_intelligence.jsx:502,_intelligence,tx-intel-learning-loading,NON_TRUTH_SURFACE_EXCLUDED_WITH_REASON,structural/control/label testid,
frontend/src/pages/transportation/_intelligence.jsx:504,_intelligence,tx-intel-learning-error,NON_TRUTH_SURFACE_EXCLUDED_WITH_REASON,structural/control/label testid,
frontend/src/pages/transportation/_intelligence.jsx:528,_intelligence,tx-intel-learning-refresh,NON_TRUTH_SURFACE_EXCLUDED_WITH_REASON,structural/control/label testid,
frontend/src/pages/transportation/_intelligence.jsx:750,_intelligence,tx-intel-cleanup-error,NON_TRUTH_SURFACE_EXCLUDED_WITH_REASON,structural/control/label testid,
frontend/src/pages/transportation/_intelligence.jsx:751,_intelligence,tx-intel-cleanup-loading,NON_TRUTH_SURFACE_EXCLUDED_WITH_REASON,structural/control/label testid,
frontend/src/pages/transportation/_intelligence.jsx:752,_intelligence,tx-intel-cleanup-empty,NON_TRUTH_SURFACE_EXCLUDED_WITH_REASON,structural/control/label testid,
frontend/src/pages/transportation/_intelligence.jsx:780,_intelligence,tx-intel-cleanup-top-title,NON_TRUTH_SURFACE_EXCLUDED_WITH_REASON,structural/control/label testid,
frontend/src/pages/transportation/_intelligence.jsx:864,_intelligence,tx-intel-cleanup-affected-drawer,NON_TRUTH_SURFACE_EXCLUDED_WITH_REASON,structural/control/label testid,
frontend/src/pages/transportation/_intelligence.jsx:870,_intelligence,tx-intel-cleanup-detail-title,NON_TRUTH_SURFACE_EXCLUDED_WITH_REASON,structural/control/label testid,
frontend/src/pages/transportation/_intelligence.jsx:878,_intelligence,tx-intel-cleanup-detail-close,NON_TRUTH_SURFACE_EXCLUDED_WITH_REASON,structural/control/label testid,
frontend/src/pages/transportation/_intelligence.jsx:898,_intelligence,tx-intel-cleanup-materialize-btn,NON_TRUTH_SURFACE_EXCLUDED_WITH_REASON,structural/control/label testid,
frontend/src/pages/transportation/_lists.jsx:124,_lists,carriers-list-refresh,NON_TRUTH_SURFACE_EXCLUDED_WITH_REASON,structural/control/label testid,
frontend/src/pages/transportation/_lists.jsx:136,_lists,carriers-search,NON_TRUTH_SURFACE_EXCLUDED_WITH_REASON,structural/control/label testid,
frontend/src/pages/transportation/_lists.jsx:145,_lists,carriers-list-loading,NON_TRUTH_SURFACE_EXCLUDED_WITH_REASON,structural/control/label testid,
frontend/src/pages/transportation/_lists.jsx:230,_lists,drivers-list-refresh,NON_TRUTH_SURFACE_EXCLUDED_WITH_REASON,structural/control/label testid,
frontend/src/pages/transportation/_lists.jsx:249,_lists,drivers-search,NON_TRUTH_SURFACE_EXCLUDED_WITH_REASON,structural/control/label testid,
frontend/src/pages/transportation/_lists.jsx:258,_lists,drivers-list-loading,NON_TRUTH_SURFACE_EXCLUDED_WITH_REASON,structural/control/label testid,
frontend/src/pages/transportation/_lists.jsx:355,_lists,tx-fleet-bulk-adopt-btn,NON_TRUTH_SURFACE_EXCLUDED_WITH_REASON,structural/control/label testid,
frontend/src/pages/transportation/_lists.jsx:359,_lists,trucks-list-refresh,NON_TRUTH_SURFACE_EXCLUDED_WITH_REASON,structural/control/label testid,
frontend/src/pages/transportation/_lists.jsx:394,_lists,trucks-search,NON_TRUTH_SURFACE_EXCLUDED_WITH_REASON,structural/control/label testid,
frontend/src/pages/transportation/_lists.jsx:423,_lists,trucks-list-loading,NON_TRUTH_SURFACE_EXCLUDED_WITH_REASON,structural/control/label testid,
frontend/src/pages/transportation/_lists.jsx:564,_lists,tx-fleet-bulk-adopt-modal,NON_TRUTH_SURFACE_EXCLUDED_WITH_REASON,structural/control/label testid,
frontend/src/pages/transportation/_lists.jsx:574,_lists,tx-fleet-bulk-close,NON_TRUTH_SURFACE_EXCLUDED_WITH_REASON,structural/control/label testid,
frontend/src/pages/transportation/_lists.jsx:578,_lists,tx-fleet-bulk-loading,NON_TRUTH_SURFACE_EXCLUDED_WITH_REASON,structural/control/label testid,
frontend/src/pages/transportation/_lists.jsx:617,_lists,tx-fleet-bulk-cancel,NON_TRUTH_SURFACE_EXCLUDED_WITH_REASON,structural/control/label testid,
frontend/src/pages/transportation/_lists.jsx:722,_lists,tx-fleet-edit-modal,NON_TRUTH_SURFACE_EXCLUDED_WITH_REASON,structural/control/label testid,
frontend/src/pages/transportation/_lists.jsx:735,_lists,tx-fleet-edit-close,NON_TRUTH_SURFACE_EXCLUDED_WITH_REASON,structural/control/label testid,
frontend/src/pages/transportation/_lists.jsx:774,_lists,tx-fleet-edit-status,CANONICAL_STATUS,status,Wave-2 status vocab (TC-0002)
frontend/src/pages/transportation/_lists.jsx:837,_lists,tx-fleet-edit-error,NON_TRUTH_SURFACE_EXCLUDED_WITH_REASON,structural/control/label testid,
frontend/src/pages/transportation/_lists.jsx:843,_lists,tx-fleet-edit-cancel,NON_TRUTH_SURFACE_EXCLUDED_WITH_REASON,structural/control/label testid,
frontend/src/pages/transportation/_lists.jsx:844,_lists,tx-fleet-edit-save,NON_TRUTH_SURFACE_EXCLUDED_WITH_REASON,structural/control/label testid,
frontend/src/pages/transportation/_lists.jsx:885,_lists,carrier-ws-loading,NON_TRUTH_SURFACE_EXCLUDED_WITH_REASON,structural/control/label testid,
frontend/src/pages/transportation/_lists.jsx:892,_lists,carrier-back,NON_TRUTH_SURFACE_EXCLUDED_WITH_REASON,structural/control/label testid,
frontend/src/pages/transportation/_lists.jsx:902,_lists,carrier-ws-tabs,NON_TRUTH_SURFACE_EXCLUDED_WITH_REASON,structural/control/label testid,
frontend/src/pages/transportation/_lists.jsx:1074,_lists,carrier-rate-history-link,NON_TRUTH_SURFACE_EXCLUDED_WITH_REASON,structural/control/label testid,
frontend/src/pages/transportation/_lists.jsx:1111,_lists,driver-ws-loading,NON_TRUTH_SURFACE_EXCLUDED_WITH_REASON,structural/control/label testid,
frontend/src/pages/transportation/_lists.jsx:1118,_lists,driver-back,NON_TRUTH_SURFACE_EXCLUDED_WITH_REASON,structural/control/label testid,
frontend/src/pages/transportation/_lists.jsx:1337,_lists,truck-ws-loading,NON_TRUTH_SURFACE_EXCLUDED_WITH_REASON,structural/control/label testid,
frontend/src/pages/transportation/_lists.jsx:1345,_lists,truck-back,NON_TRUTH_SURFACE_EXCLUDED_WITH_REASON,structural/control/label testid,
frontend/src/pages/transportation/_lists.jsx:1392,_lists,truck-start-inspection-btn,NON_TRUTH_SURFACE_EXCLUDED_WITH_REASON,structural/control/label testid,
frontend/src/pages/transportation/_modals.jsx:155,_modals,link-hr-driver-search,NON_TRUTH_SURFACE_EXCLUDED_WITH_REASON,structural/control/label testid,
frontend/src/pages/transportation/_modals.jsx:163,_modals,link-hr-driver-refresh,NON_TRUTH_SURFACE_EXCLUDED_WITH_REASON,structural/control/label testid,
frontend/src/pages/transportation/_modals.jsx:167,_modals,link-hr-driver-loading,NON_TRUTH_SURFACE_EXCLUDED_WITH_REASON,structural/control/label testid,
frontend/src/pages/transportation/_modals.jsx:171,_modals,link-hr-driver-empty,NON_TRUTH_SURFACE_EXCLUDED_WITH_REASON,structural/control/label testid,
frontend/src/pages/transportation/_modals.jsx:312,_modals,add-leased-driver-cancel,NON_TRUTH_SURFACE_EXCLUDED_WITH_REASON,structural/control/label testid,
frontend/src/pages/transportation/_modals.jsx:313,_modals,add-leased-driver-submit,NON_TRUTH_SURFACE_EXCLUDED_WITH_REASON,structural/control/label testid,
frontend/src/pages/transportation/_modals.jsx:344,_modals,carrier-form-status,CANONICAL_STATUS,status,Wave-2 status vocab (TC-0002)
frontend/src/pages/transportation/_modals.jsx:398,_modals,add-carrier-cancel,NON_TRUTH_SURFACE_EXCLUDED_WITH_REASON,structural/control/label testid,
frontend/src/pages/transportation/_modals.jsx:399,_modals,add-carrier-submit,NON_TRUTH_SURFACE_EXCLUDED_WITH_REASON,structural/control/label testid,
frontend/src/pages/transportation/_modals.jsx:454,_modals,edit-carrier-cancel,NON_TRUTH_SURFACE_EXCLUDED_WITH_REASON,structural/control/label testid,
frontend/src/pages/transportation/_modals.jsx:455,_modals,edit-carrier-submit,NON_TRUTH_SURFACE_EXCLUDED_WITH_REASON,structural/control/label testid,
frontend/src/pages/transportation/_orientation.jsx:111,_orientation,tx-orient-dashboard-loading,NON_TRUTH_SURFACE_EXCLUDED_WITH_REASON,structural/control/label testid,
frontend/src/pages/transportation/_orientation.jsx:242,_orientation,tx-orient-module-loading,NON_TRUTH_SURFACE_EXCLUDED_WITH_REASON,structural/control/label testid,
frontend/src/pages/transportation/_orientation.jsx:269,_orientation,tx-orient-module-back,NON_TRUTH_SURFACE_EXCLUDED_WITH_REASON,structural/control/label testid,
frontend/src/pages/transportation/_orientation.jsx:365,_orientation,tx-orient-q-submit,NON_TRUTH_SURFACE_EXCLUDED_WITH_REASON,structural/control/label testid,
frontend/src/pages/transportation/_orientation.jsx:512,_orientation,tx-emails-loading,NON_TRUTH_SURFACE_EXCLUDED_WITH_REASON,structural/control/label testid,
frontend/src/pages/transportation/_orientation.jsx:520,_orientation,tx-emails-panel,NON_TRUTH_SURFACE_EXCLUDED_WITH_REASON,structural/control/label testid,
frontend/src/pages/transportation/_views.jsx:116,_views,tx-dashboard-top-cleanup-loading,NON_TRUTH_SURFACE_EXCLUDED_WITH_REASON,structural/control/label testid,
frontend/src/pages/transportation/_views.jsx:131,_views,tx-dashboard-top-cleanup-empty,NON_TRUTH_SURFACE_EXCLUDED_WITH_REASON,structural/control/label testid,
frontend/src/pages/transportation/_views.jsx:164,_views,tx-dashboard-top-cleanup-title,NON_TRUTH_SURFACE_EXCLUDED_WITH_REASON,structural/control/label testid,
frontend/src/pages/transportation/_views.jsx:186,_views,tx-dashboard-top-cleanup-description,NON_TRUTH_SURFACE_EXCLUDED_WITH_REASON,structural/control/label testid,
frontend/src/pages/transportation/_views.jsx:199,_views,tx-dashboard-top-cleanup-link,NON_TRUTH_SURFACE_EXCLUDED_WITH_REASON,structural/control/label testid,
frontend/src/pages/transportation/_views.jsx:223,_views,tx-dashboard-hr-health-loading,NON_TRUTH_SURFACE_EXCLUDED_WITH_REASON,structural/control/label testid,
frontend/src/pages/transportation/_views.jsx:287,_views,compliance-loading,NON_TRUTH_SURFACE_EXCLUDED_WITH_REASON,structural/control/label testid,
frontend/src/pages/transportation/_views.jsx:292,_views,tx-compliance-page,NON_TRUTH_SURFACE_EXCLUDED_WITH_REASON,structural/control/label testid,
frontend/src/pages/transportation/_views.jsx:296,_views,compliance-refresh,NON_TRUTH_SURFACE_EXCLUDED_WITH_REASON,structural/control/label testid,
frontend/src/pages/transportation/_views.jsx:369,_views,doc-filter-status,CANONICAL_STATUS,status,Wave-2 status vocab (TC-0002)
frontend/src/pages/transportation/_views.jsx:391,_views,doc-refresh,NON_TRUTH_SURFACE_EXCLUDED_WITH_REASON,structural/control/label testid,
frontend/src/pages/transportation/_views.jsx:394,_views,doc-loading,NON_TRUTH_SURFACE_EXCLUDED_WITH_REASON,structural/control/label testid,
frontend/src/pages/transportation/_views.jsx:508,_views,insp-launcher-truck-select,NON_TRUTH_SURFACE_EXCLUDED_WITH_REASON,structural/control/label testid,
frontend/src/pages/transportation/_views.jsx:518,_views,insp-launcher-start-btn,NON_TRUTH_SURFACE_EXCLUDED_WITH_REASON,structural/control/label testid,
frontend/src/pages/transportation/_views.jsx:551,_views,insp-refresh,NON_TRUTH_SURFACE_EXCLUDED_WITH_REASON,structural/control/label testid,
frontend/src/pages/transportation/_views.jsx:554,_views,insp-loading,NON_TRUTH_SURFACE_EXCLUDED_WITH_REASON,structural/control/label testid,
frontend/src/pages/transportation/_views.jsx:630,_views,rate-refresh,NON_TRUTH_SURFACE_EXCLUDED_WITH_REASON,structural/control/label testid,
frontend/src/pages/transportation/_views.jsx:631,_views,rate-new-btn,NON_TRUTH_SURFACE_EXCLUDED_WITH_REASON,structural/control/label testid,
frontend/src/pages/transportation/_views.jsx:672,_views,rate-loading,NON_TRUTH_SURFACE_EXCLUDED_WITH_REASON,structural/control/label testid,
frontend/src/pages/transportation/_views.jsx:674,_views,rate-empty,NON_TRUTH_SURFACE_EXCLUDED_WITH_REASON,structural/control/label testid,
frontend/src/pages/transportation/_views.jsx:722,_views,audit-refresh,NON_TRUTH_SURFACE_EXCLUDED_WITH_REASON,structural/control/label testid,
frontend/src/pages/transportation/_views.jsx:726,_views,audit-loading,NON_TRUTH_SURFACE_EXCLUDED_WITH_REASON,structural/control/label testid,
frontend/src/pages/transportation/_widgets.jsx:102,_widgets,dropzone-type-select,NON_TRUTH_SURFACE_EXCLUDED_WITH_REASON,structural/control/label testid,
frontend/src/pages/transportation/_widgets.jsx:112,_widgets,dropzone-expires-input,NON_TRUTH_SURFACE_EXCLUDED_WITH_REASON,structural/control/label testid,
frontend/src/pages/transportation/_widgets.jsx:138,_widgets,dropzone-browse-btn,NON_TRUTH_SURFACE_EXCLUDED_WITH_REASON,structural/control/label testid,
frontend/src/pages/transportation/_widgets.jsx:141,_widgets,dropzone-camera-btn,NON_TRUTH_SURFACE_EXCLUDED_WITH_REASON,structural/control/label testid,
frontend/src/pages/transportation/_widgets.jsx:148,_widgets,dropzone-file-input,NON_TRUTH_SURFACE_EXCLUDED_WITH_REASON,structural/control/label testid,
frontend/src/pages/transportation/_widgets.jsx:153,_widgets,dropzone-camera-input,NON_TRUTH_SURFACE_EXCLUDED_WITH_REASON,structural/control/label testid,
frontend/src/pages/transportation/_widgets.jsx:159,_widgets,dropzone-error,NON_TRUTH_SURFACE_EXCLUDED_WITH_REASON,structural/control/label testid,
frontend/src/pages/transportation/_widgets.jsx:201,_widgets,signature-name-input,NON_TRUTH_SURFACE_EXCLUDED_WITH_REASON,structural/control/label testid,
frontend/src/pages/transportation/_widgets.jsx:211,_widgets,signature-ack-checkbox,NON_TRUTH_SURFACE_EXCLUDED_WITH_REASON,structural/control/label testid,
frontend/src/pages/transportation/_widgets.jsx:225,_widgets,signature-cancel-btn,NON_TRUTH_SURFACE_EXCLUDED_WITH_REASON,structural/control/label testid,
frontend/src/pages/transportation/_widgets.jsx:226,_widgets,signature-submit-btn,NON_TRUTH_SURFACE_EXCLUDED_WITH_REASON,structural/control/label testid,
frontend/src/pages/transportation/_widgets.jsx:271,_widgets,rate-create-dialog,NON_TRUTH_SURFACE_EXCLUDED_WITH_REASON,structural/control/label testid,
frontend/src/pages/transportation/_widgets.jsx:279,_widgets,rate-create-hourly-input,NON_TRUTH_SURFACE_EXCLUDED_WITH_REASON,structural/control/label testid,
frontend/src/pages/transportation/_widgets.jsx:285,_widgets,rate-create-activate-checkbox,NON_TRUTH_SURFACE_EXCLUDED_WITH_REASON,structural/control/label testid,
frontend/src/pages/transportation/_widgets.jsx:293,_widgets,rate-create-error,NON_TRUTH_SURFACE_EXCLUDED_WITH_REASON,structural/control/label testid,
frontend/src/pages/transportation/_widgets.jsx:296,_widgets,rate-create-cancel,NON_TRUTH_SURFACE_EXCLUDED_WITH_REASON,structural/control/label testid,
frontend/src/pages/transportation/_widgets.jsx:297,_widgets,rate-create-submit,NON_TRUTH_SURFACE_EXCLUDED_WITH_REASON,structural/control/label testid,
frontend/src/pages/transportation/_widgets.jsx:448,_widgets,insp-trigger-select,NON_TRUTH_SURFACE_EXCLUDED_WITH_REASON,structural/control/label testid,
frontend/src/pages/transportation/_widgets.jsx:458,_widgets,insp-inspector-input,NON_TRUTH_SURFACE_EXCLUDED_WITH_REASON,structural/control/label testid,
frontend/src/pages/transportation/_widgets.jsx:465,_widgets,insp-reason-input,NON_TRUTH_SURFACE_EXCLUDED_WITH_REASON,structural/control/label testid,
frontend/src/pages/transportation/_widgets.jsx:473,_widgets,insp-person-input,NON_TRUTH_SURFACE_EXCLUDED_WITH_REASON,structural/control/label testid,
frontend/src/pages/transportation/_widgets.jsx:478,_widgets,insp-setup-error,NON_TRUTH_SURFACE_EXCLUDED_WITH_REASON,structural/control/label testid,
frontend/src/pages/transportation/_widgets.jsx:483,_widgets,insp-setup-cancel,NON_TRUTH_SURFACE_EXCLUDED_WITH_REASON,structural/control/label testid,
frontend/src/pages/transportation/_widgets.jsx:498,_widgets,insp-all-pass-btn,NON_TRUTH_SURFACE_EXCLUDED_WITH_REASON,structural/control/label testid,
frontend/src/pages/transportation/_widgets.jsx:540,_widgets,insp-walkthrough-error,NON_TRUTH_SURFACE_EXCLUDED_WITH_REASON,structural/control/label testid,
frontend/src/pages/transportation/_widgets.jsx:542,_widgets,insp-prev,NON_TRUTH_SURFACE_EXCLUDED_WITH_REASON,structural/control/label testid,
frontend/src/pages/transportation/_widgets.jsx:546,_widgets,insp-next,NON_TRUTH_SURFACE_EXCLUDED_WITH_REASON,structural/control/label testid,
frontend/src/pages/transportation/_widgets.jsx:573,_widgets,insp-done-close,NON_TRUTH_SURFACE_EXCLUDED_WITH_REASON,structural/control/label testid,
frontend/src/pages/transportation/_widgets.jsx:604,_widgets,timeline-refresh,NON_TRUTH_SURFACE_EXCLUDED_WITH_REASON,structural/control/label testid,
frontend/src/pages/transportation/_widgets.jsx:608,_widgets,timeline-loading,NON_TRUTH_SURFACE_EXCLUDED_WITH_REASON,structural/control/label testid,
frontend/src/pages/transportation/_widgets.jsx:610,_widgets,timeline-empty,NON_TRUTH_SURFACE_EXCLUDED_WITH_REASON,structural/control/label testid,
frontend/src/pages/transportation/_widgets.jsx:680,_widgets,packet-create-btn,NON_TRUTH_SURFACE_EXCLUDED_WITH_REASON,structural/control/label testid,
frontend/src/pages/transportation/_widgets.jsx:685,_widgets,packet-submit-btn,NON_TRUTH_SURFACE_EXCLUDED_WITH_REASON,structural/control/label testid,
frontend/src/pages/transportation/_widgets.jsx:690,_widgets,packet-to-pending-review-btn,NON_TRUTH_SURFACE_EXCLUDED_WITH_REASON,structural/control/label testid,
frontend/src/pages/transportation/_widgets.jsx:696,_widgets,packet-return-btn,NON_TRUTH_SURFACE_EXCLUDED_WITH_REASON,structural/control/label testid,
frontend/src/pages/transportation/_widgets.jsx:699,_widgets,packet-approve-btn,NON_TRUTH_SURFACE_EXCLUDED_WITH_REASON,structural/control/label testid,
frontend/src/pages/transportation/_widgets.jsx:716,_widgets,packet-error,NON_TRUTH_SURFACE_EXCLUDED_WITH_REASON,structural/control/label testid,
frontend/src/pages/trench_safety/ExcavationOversight.jsx:157,ExcavationOversight,exc-tabs,NON_TRUTH_SURFACE_EXCLUDED_WITH_REASON,structural/control/label testid,
frontend/src/pages/trench_safety/ExcavationOversight.jsx:178,ExcavationOversight,exc-filter-status,CANONICAL_STATUS,status,Wave-2 status vocab (TC-0002)
frontend/src/pages/trench_safety/ExcavationOversight.jsx:191,ExcavationOversight,exc-list-empty,NON_TRUTH_SURFACE_EXCLUDED_WITH_REASON,structural/control/label testid,
frontend/src/pages/trench_safety/ExcavationOversight.jsx:325,ExcavationOversight,exc-review-dialog,NON_TRUTH_SURFACE_EXCLUDED_WITH_REASON,structural/control/label testid,
frontend/src/pages/trench_safety/ExcavationOversight.jsx:360,ExcavationOversight,exc-review-translate-panel,NON_TRUTH_SURFACE_EXCLUDED_WITH_REASON,structural/control/label testid,
frontend/src/pages/trench_safety/ExcavationOversight.jsx:368,ExcavationOversight,exc-review-translation-input,NON_TRUTH_SURFACE_EXCLUDED_WITH_REASON,structural/control/label testid,
frontend/src/pages/trench_safety/ExcavationOversight.jsx:370,ExcavationOversight,exc-review-translation-save,NON_TRUTH_SURFACE_EXCLUDED_WITH_REASON,structural/control/label testid,
frontend/src/pages/trench_safety/ExcavationOversight.jsx:375,ExcavationOversight,exc-review-note,NON_TRUTH_SURFACE_EXCLUDED_WITH_REASON,structural/control/label testid,
frontend/src/pages/trench_safety/ExcavationOversight.jsx:378,ExcavationOversight,exc-review-reinspect-panel,NON_TRUTH_SURFACE_EXCLUDED_WITH_REASON,structural/control/label testid,
frontend/src/pages/trench_safety/ExcavationOversight.jsx:397,ExcavationOversight,exc-review-rdack-panel,NON_TRUTH_SURFACE_EXCLUDED_WITH_REASON,structural/control/label testid,
frontend/src/pages/trench_safety/ExcavationOversight.jsx:412,ExcavationOversight,exc-review-rdack-save,NON_TRUTH_SURFACE_EXCLUDED_WITH_REASON,structural/control/label testid,
frontend/src/pages/trench_safety/ExcavationOversight.jsx:426,ExcavationOversight,exc-action-close,NON_TRUTH_SURFACE_EXCLUDED_WITH_REASON,structural/control/label testid,
frontend/src/pages/trench_safety/PublicAssetLookup.jsx:42,PublicAssetLookup,public-asset-lookup-input,NON_TRUTH_SURFACE_EXCLUDED_WITH_REASON,structural/control/label testid,
frontend/src/pages/trench_safety/PublicAssetLookup.jsx:49,PublicAssetLookup,public-asset-lookup-submit,NON_TRUTH_SURFACE_EXCLUDED_WITH_REASON,structural/control/label testid,
frontend/src/pages/trench_safety/PublicExcavationForm.jsx:440,PublicExcavationForm,public-excavation-coaching,NON_TRUTH_SURFACE_EXCLUDED_WITH_REASON,structural/control/label testid,
frontend/src/pages/trench_safety/PublicExcavationForm.jsx:719,PublicExcavationForm,exc-locate-status,CANONICAL_STATUS,status,Wave-2 status vocab (TC-0002)
frontend/src/pages/trench_safety/PublicExcavationForm.jsx:890,PublicExcavationForm,public-excavation-error,NON_TRUTH_SURFACE_EXCLUDED_WITH_REASON,structural/control/label testid,
frontend/src/pages/trench_safety/PublicExcavationForm.jsx:897,PublicExcavationForm,public-excavation-cancel-link,NON_TRUTH_SURFACE_EXCLUDED_WITH_REASON,structural/control/label testid,
frontend/src/pages/trench_safety/PublicExcavationForm.jsx:902,PublicExcavationForm,exc-submit,NON_TRUTH_SURFACE_EXCLUDED_WITH_REASON,structural/control/label testid,
frontend/src/pages/trench_safety/PublicExcavationForm.jsx:1039,PublicExcavationForm,exc-success-reinspect-note,NON_TRUTH_SURFACE_EXCLUDED_WITH_REASON,structural/control/label testid,
frontend/src/pages/trench_safety/PublicExcavationForm.jsx:1043,PublicExcavationForm,exc-success-reinspect-submit,NON_TRUTH_SURFACE_EXCLUDED_WITH_REASON,structural/control/label testid,
frontend/src/pages/trench_safety/PublicExcavationForm.jsx:1046,PublicExcavationForm,exc-success-reinspect-cancel,NON_TRUTH_SURFACE_EXCLUDED_WITH_REASON,structural/control/label testid,
frontend/src/pages/trench_safety/PublicReportModal.jsx:83,PublicReportModal,public-report-modal,NON_TRUTH_SURFACE_EXCLUDED_WITH_REASON,structural/control/label testid,
frontend/src/pages/trench_safety/PublicReportModal.jsx:99,PublicReportModal,public-report-close,NON_TRUTH_SURFACE_EXCLUDED_WITH_REASON,structural/control/label testid,
frontend/src/pages/trench_safety/PublicReportModal.jsx:187,PublicReportModal,public-report-desc,NON_TRUTH_SURFACE_EXCLUDED_WITH_REASON,structural/control/label testid,
frontend/src/pages/trench_safety/PublicReportModal.jsx:207,PublicReportModal,public-report-error,NON_TRUTH_SURFACE_EXCLUDED_WITH_REASON,structural/control/label testid,
frontend/src/pages/trench_safety/PublicReportModal.jsx:219,PublicReportModal,public-report-submit,NON_TRUTH_SURFACE_EXCLUDED_WITH_REASON,structural/control/label testid,
frontend/src/pages/trench_safety/PublicTrenchSafetyDashboard.jsx:167,PublicTrenchSafetyDashboard,public-dash-coaching,NON_TRUTH_SURFACE_EXCLUDED_WITH_REASON,structural/control/label testid,
frontend/src/pages/trench_safety/PublicTrenchSafetyDashboard.jsx:177,PublicTrenchSafetyDashboard,public-dash-qr-help,NON_TRUTH_SURFACE_EXCLUDED_WITH_REASON,structural/control/label testid,
frontend/src/pages/trench_safety/PublicTrenchSafetyDashboard.jsx:190,PublicTrenchSafetyDashboard,public-dash-actions,NON_TRUTH_SURFACE_EXCLUDED_WITH_REASON,structural/control/label testid,
frontend/src/pages/trench_safety/PublicTrenchSafetyDashboard.jsx:232,PublicTrenchSafetyDashboard,public-dash-loading,NON_TRUTH_SURFACE_EXCLUDED_WITH_REASON,structural/control/label testid,
frontend/src/pages/trench_safety/PublicTrenchSafetyDashboard.jsx:236,PublicTrenchSafetyDashboard,public-dash-error,NON_TRUTH_SURFACE_EXCLUDED_WITH_REASON,structural/control/label testid,
frontend/src/pages/trench_safety/PublicTrenchSafetyDashboard.jsx:240,PublicTrenchSafetyDashboard,"<Stat label={t(""Active Assets"")}    value={overview?.total_active_asse",DIRECT_FACT,value_component_fact,value-bearing component rendering a fetched fact
frontend/src/pages/trench_safety/PublicTrenchSafetyDashboard.jsx:241,PublicTrenchSafetyDashboard,"<Stat label={t(""Available"")}        value={totals[""Available""] ?? 0}  ",DIRECT_FACT,value_component_fact,value-bearing component rendering a fetched fact
frontend/src/pages/trench_safety/PublicTrenchSafetyDashboard.jsx:242,PublicTrenchSafetyDashboard,"<Stat label={t(""Inspection Hold"")}  value={totals[""Inspection Hold""] ?",DIRECT_FACT,value_component_fact,value-bearing component rendering a fetched fact
frontend/src/pages/trench_safety/PublicTrenchSafetyDashboard.jsx:243,PublicTrenchSafetyDashboard,"<Stat label={t(""Repair"")}           value={totals[""Repair""] ?? 0} tone",DIRECT_FACT,value_component_fact,value-bearing component rendering a fetched fact
frontend/src/pages/trench_safety/PublicTrenchSafetyDashboard.jsx:246,PublicTrenchSafetyDashboard,"<Stat label={t(""Trench Boxes"")}     value={typeTotals[""Trench Box""] ??",DIRECT_FACT,value_component_fact,value-bearing component rendering a fetched fact
frontend/src/pages/trench_safety/PublicTrenchSafetyDashboard.jsx:247,PublicTrenchSafetyDashboard,"<Stat label={t(""End Panels"")}       value={typeTotals[""End Panel""] ?? ",DIRECT_FACT,value_component_fact,value-bearing component rendering a fetched fact
frontend/src/pages/trench_safety/PublicTrenchSafetyDashboard.jsx:248,PublicTrenchSafetyDashboard,"<Stat label={t(""Spreader Bars"")}    value={typeTotals[""Spreader Bar""] ",DIRECT_FACT,value_component_fact,value-bearing component rendering a fetched fact
frontend/src/pages/trench_safety/PublicTrenchSafetyDashboard.jsx:249,PublicTrenchSafetyDashboard,"<Stat label={t(""Road Plates"")}      value={typeTotals[""Road Plate""] ??",DIRECT_FACT,value_component_fact,value-bearing component rendering a fetched fact
frontend/src/pages/trench_safety/PublicTrenchSafetyDashboard.jsx:250,PublicTrenchSafetyDashboard,"<Stat label={t(""Other Assets"")}     value={(typeTotals[""Hydraulic Shor",DIRECT_FACT,value_component_fact,value-bearing component rendering a fetched fact
frontend/src/pages/trench_safety/PublicTrenchSafetyReferences.jsx:156,PublicTrenchSafetyReferences,public-refs-qr-help,NON_TRUTH_SURFACE_EXCLUDED_WITH_REASON,structural/control/label testid,
frontend/src/pages/trench_safety/PublicTrenchSafetyReport.jsx:59,PublicTrenchSafetyReport,public-report-routing-coaching,NON_TRUTH_SURFACE_EXCLUDED_WITH_REASON,structural/control/label testid,
frontend/src/pages/trench_safety/PublicTrenchSafetyReport.jsx:62,PublicTrenchSafetyReport,public-report-status-coaching,NON_TRUTH_SURFACE_EXCLUDED_WITH_REASON,structural/control/label testid,
frontend/src/pages/trench_safety/PublicTrenchSafetyReport.jsx:91,PublicTrenchSafetyReport,public-report-back-link,NON_TRUTH_SURFACE_EXCLUDED_WITH_REASON,structural/control/label testid,
frontend/src/pages/trench_safety/PublicTrenchSafetyTabulatedData.jsx:61,PublicTrenchSafetyTabulatedData,public-tabdata-coaching,NON_TRUTH_SURFACE_EXCLUDED_WITH_REASON,structural/control/label testid,
frontend/src/pages/trench_safety/PublicTrenchSafetyTabulatedData.jsx:69,PublicTrenchSafetyTabulatedData,public-tabdata-cross-link,NON_TRUTH_SURFACE_EXCLUDED_WITH_REASON,structural/control/label testid,
frontend/src/pages/trench_safety/PublicTrenchSafetyTabulatedData.jsx:85,PublicTrenchSafetyTabulatedData,public-tabdata-qr-help,NON_TRUTH_SURFACE_EXCLUDED_WITH_REASON,structural/control/label testid,
frontend/src/pages/trench_safety/TrenchSafetyActions.jsx:338,TrenchSafetyActions,create-asset-dialog,NON_TRUTH_SURFACE_EXCLUDED_WITH_REASON,structural/control/label testid,
frontend/src/pages/trench_safety/TrenchSafetyActions.jsx:351,TrenchSafetyActions,create-asset-cancel,NON_TRUTH_SURFACE_EXCLUDED_WITH_REASON,structural/control/label testid,
frontend/src/pages/trench_safety/TrenchSafetyActions.jsx:352,TrenchSafetyActions,create-asset-save,NON_TRUTH_SURFACE_EXCLUDED_WITH_REASON,structural/control/label testid,
frontend/src/pages/trench_safety/TrenchSafetyActions.jsx:396,TrenchSafetyActions,edit-asset-dialog,NON_TRUTH_SURFACE_EXCLUDED_WITH_REASON,structural/control/label testid,
frontend/src/pages/trench_safety/TrenchSafetyActions.jsx:402,TrenchSafetyActions,edit-asset-cancel,NON_TRUTH_SURFACE_EXCLUDED_WITH_REASON,structural/control/label testid,
frontend/src/pages/trench_safety/TrenchSafetyActions.jsx:403,TrenchSafetyActions,edit-asset-save,NON_TRUTH_SURFACE_EXCLUDED_WITH_REASON,structural/control/label testid,
frontend/src/pages/trench_safety/TrenchSafetyActions.jsx:430,TrenchSafetyActions,retire-asset-dialog,NON_TRUTH_SURFACE_EXCLUDED_WITH_REASON,structural/control/label testid,
frontend/src/pages/trench_safety/TrenchSafetyActions.jsx:472,TrenchSafetyActions,status-change-dialog,NON_TRUTH_SURFACE_EXCLUDED_WITH_REASON,structural/control/label testid,
frontend/src/pages/trench_safety/TrenchSafetyActions.jsx:483,TrenchSafetyActions,status-target,CANONICAL_STATUS,status,Wave-2 status vocab (TC-0002)
frontend/src/pages/trench_safety/TrenchSafetyActions.jsx:491,TrenchSafetyActions,status-reason,NON_TRUTH_SURFACE_EXCLUDED_WITH_REASON,control element (button/link/input/tab),
frontend/src/pages/trench_safety/TrenchSafetyActions.jsx:495,TrenchSafetyActions,status-save,NON_TRUTH_SURFACE_EXCLUDED_WITH_REASON,structural/control/label testid,
frontend/src/pages/trench_safety/TrenchSafetyActions.jsx:526,TrenchSafetyActions,open-hold-dialog,NON_TRUTH_SURFACE_EXCLUDED_WITH_REASON,structural/control/label testid,
frontend/src/pages/trench_safety/TrenchSafetyActions.jsx:543,TrenchSafetyActions,hold-open-save,NON_TRUTH_SURFACE_EXCLUDED_WITH_REASON,structural/control/label testid,
frontend/src/pages/trench_safety/TrenchSafetyActions.jsx:570,TrenchSafetyActions,clear-hold-dialog,NON_TRUTH_SURFACE_EXCLUDED_WITH_REASON,structural/control/label testid,
frontend/src/pages/trench_safety/TrenchSafetyActions.jsx:582,TrenchSafetyActions,clear-hold-save,NON_TRUTH_SURFACE_EXCLUDED_WITH_REASON,structural/control/label testid,
frontend/src/pages/trench_safety/TrenchSafetyActions.jsx:612,TrenchSafetyActions,holds-panel,NON_TRUTH_SURFACE_EXCLUDED_WITH_REASON,structural/control/label testid,
frontend/src/pages/trench_safety/TrenchSafetyActions.jsx:617,TrenchSafetyActions,open-hold-btn,NON_TRUTH_SURFACE_EXCLUDED_WITH_REASON,structural/control/label testid,
frontend/src/pages/trench_safety/TrenchSafetyActions.jsx:624,TrenchSafetyActions,holds-empty,NON_TRUTH_SURFACE_EXCLUDED_WITH_REASON,structural/control/label testid,
frontend/src/pages/trench_safety/TrenchSafetyActions.jsx:721,TrenchSafetyActions,create-inspection-dialog,NON_TRUTH_SURFACE_EXCLUDED_WITH_REASON,structural/control/label testid,
frontend/src/pages/trench_safety/TrenchSafetyActions.jsx:809,TrenchSafetyActions,insp-save,NON_TRUTH_SURFACE_EXCLUDED_WITH_REASON,structural/control/label testid,
frontend/src/pages/trench_safety/TrenchSafetyActions.jsx:838,TrenchSafetyActions,inspections-panel,NON_TRUTH_SURFACE_EXCLUDED_WITH_REASON,structural/control/label testid,
frontend/src/pages/trench_safety/TrenchSafetyActions.jsx:843,TrenchSafetyActions,create-inspection-btn,NON_TRUTH_SURFACE_EXCLUDED_WITH_REASON,structural/control/label testid,
frontend/src/pages/trench_safety/TrenchSafetyActions.jsx:850,TrenchSafetyActions,inspections-empty,NON_TRUTH_SURFACE_EXCLUDED_WITH_REASON,structural/control/label testid,
frontend/src/pages/trench_safety/TrenchSafetyActions.jsx:897,TrenchSafetyActions,upload-cert-dialog,NON_TRUTH_SURFACE_EXCLUDED_WITH_REASON,structural/control/label testid,
frontend/src/pages/trench_safety/TrenchSafetyActions.jsx:926,TrenchSafetyActions,cert-save,NON_TRUTH_SURFACE_EXCLUDED_WITH_REASON,structural/control/label testid,
frontend/src/pages/trench_safety/TrenchSafetyActions.jsx:973,TrenchSafetyActions,certifications-panel,NON_TRUTH_SURFACE_EXCLUDED_WITH_REASON,structural/control/label testid,
frontend/src/pages/trench_safety/TrenchSafetyActions.jsx:978,TrenchSafetyActions,upload-cert-btn,NON_TRUTH_SURFACE_EXCLUDED_WITH_REASON,structural/control/label testid,
frontend/src/pages/trench_safety/TrenchSafetyActions.jsx:985,TrenchSafetyActions,certs-empty,NON_TRUTH_SURFACE_EXCLUDED_WITH_REASON,structural/control/label testid,
frontend/src/pages/trench_safety/TrenchSafetyActions.jsx:1039,TrenchSafetyActions,audit-panel,NON_TRUTH_SURFACE_EXCLUDED_WITH_REASON,structural/control/label testid,
frontend/src/pages/trench_safety/TrenchSafetyActions.jsx:1046,TrenchSafetyActions,audit-empty,NON_TRUTH_SURFACE_EXCLUDED_WITH_REASON,structural/control/label testid,
frontend/src/pages/trench_safety/TrenchSafetyAssetDetail.jsx:186,TrenchSafetyAssetDetail,trench-detail-status-badge,CANONICAL_STATUS,status,Wave-2 status vocab (TC-0002)
frontend/src/pages/trench_safety/TrenchSafetyAssetDetail.jsx:193,TrenchSafetyAssetDetail,trench-detail-actions,NON_TRUTH_SURFACE_EXCLUDED_WITH_REASON,structural/control/label testid,
frontend/src/pages/trench_safety/TrenchSafetyAssetDetail.jsx:203,TrenchSafetyAssetDetail,btn-change-status,NON_TRUTH_SURFACE_EXCLUDED_WITH_REASON,control element (button/link/input/tab),
frontend/src/pages/trench_safety/TrenchSafetyAssetDetail.jsx:215,TrenchSafetyAssetDetail,trench-detail-assignment-note,NON_TRUTH_SURFACE_EXCLUDED_WITH_REASON,structural/control/label testid,
frontend/src/pages/trench_safety/TrenchSafetyAssetDetail.jsx:303,TrenchSafetyAssetDetail,trench-detail-qr-link,NON_TRUTH_SURFACE_EXCLUDED_WITH_REASON,structural/control/label testid,
frontend/src/pages/trench_safety/TrenchSafetyAssetDetail.jsx:308,TrenchSafetyAssetDetail,trench-detail-tabdata-link,NON_TRUTH_SURFACE_EXCLUDED_WITH_REASON,structural/control/label testid,
frontend/src/pages/trench_safety/TrenchSafetyAssetDetail.jsx:388,TrenchSafetyAssetDetail,trench-detail-coaching,NON_TRUTH_SURFACE_EXCLUDED_WITH_REASON,structural/control/label testid,
frontend/src/pages/trench_safety/TrenchSafetyAssetsList.jsx:104,TrenchSafetyAssetsList,trench-list-title,NON_TRUTH_SURFACE_EXCLUDED_WITH_REASON,structural/control/label testid,
frontend/src/pages/trench_safety/TrenchSafetyAssetsList.jsx:116,TrenchSafetyAssetsList,trench-list-actions,NON_TRUTH_SURFACE_EXCLUDED_WITH_REASON,structural/control/label testid,
frontend/src/pages/trench_safety/TrenchSafetyAssetsList.jsx:117,TrenchSafetyAssetsList,trench-list-quick-add-btn,NON_TRUTH_SURFACE_EXCLUDED_WITH_REASON,structural/control/label testid,
frontend/src/pages/trench_safety/TrenchSafetyAssetsList.jsx:120,TrenchSafetyAssetsList,trench-list-create-btn,NON_TRUTH_SURFACE_EXCLUDED_WITH_REASON,structural/control/label testid,
frontend/src/pages/trench_safety/TrenchSafetyAssetsList.jsx:123,TrenchSafetyAssetsList,trench-list-csv-btn,NON_TRUTH_SURFACE_EXCLUDED_WITH_REASON,structural/control/label testid,
frontend/src/pages/trench_safety/TrenchSafetyAssetsList.jsx:152,TrenchSafetyAssetsList,trench-list-search,NON_TRUTH_SURFACE_EXCLUDED_WITH_REASON,structural/control/label testid,
frontend/src/pages/trench_safety/TrenchSafetyAssetsList.jsx:163,TrenchSafetyAssetsList,trench-list-filter-status,CANONICAL_STATUS,status,Wave-2 status vocab (TC-0002)
frontend/src/pages/trench_safety/TrenchSafetyAssetsList.jsx:204,TrenchSafetyAssetsList,trench-list-loading,NON_TRUTH_SURFACE_EXCLUDED_WITH_REASON,structural/control/label testid,
frontend/src/pages/trench_safety/TrenchSafetyAssetsList.jsx:209,TrenchSafetyAssetsList,trench-list-error,NON_TRUTH_SURFACE_EXCLUDED_WITH_REASON,structural/control/label testid,
frontend/src/pages/trench_safety/TrenchSafetyAssetsList.jsx:213,TrenchSafetyAssetsList,trench-list-empty,NON_TRUTH_SURFACE_EXCLUDED_WITH_REASON,structural/control/label testid,
frontend/src/pages/trench_safety/TrenchSafetyAssignDialogs.jsx:103,TrenchSafetyAssignDialogs,assign-dialog,NON_TRUTH_SURFACE_EXCLUDED_WITH_REASON,structural/control/label testid,
frontend/src/pages/trench_safety/TrenchSafetyAssignDialogs.jsx:233,TrenchSafetyAssignDialogs,assign-cancel,NON_TRUTH_SURFACE_EXCLUDED_WITH_REASON,structural/control/label testid,
frontend/src/pages/trench_safety/TrenchSafetyAssignDialogs.jsx:241,TrenchSafetyAssignDialogs,assign-submit,NON_TRUTH_SURFACE_EXCLUDED_WITH_REASON,structural/control/label testid,
frontend/src/pages/trench_safety/TrenchSafetyAssignDialogs.jsx:289,TrenchSafetyAssignDialogs,return-dialog,NON_TRUTH_SURFACE_EXCLUDED_WITH_REASON,structural/control/label testid,
frontend/src/pages/trench_safety/TrenchSafetyAssignDialogs.jsx:345,TrenchSafetyAssignDialogs,return-cancel,NON_TRUTH_SURFACE_EXCLUDED_WITH_REASON,structural/control/label testid,
frontend/src/pages/trench_safety/TrenchSafetyAssignDialogs.jsx:353,TrenchSafetyAssignDialogs,return-submit,NON_TRUTH_SURFACE_EXCLUDED_WITH_REASON,structural/control/label testid,
frontend/src/pages/trench_safety/TrenchSafetyFieldReportsPage.jsx:12,TrenchSafetyFieldReportsPage,fr-title,NON_TRUTH_SURFACE_EXCLUDED_WITH_REASON,structural/control/label testid,
frontend/src/pages/trench_safety/TrenchSafetyHub.jsx:93,TrenchSafetyHub,trench-hub-title,NON_TRUTH_SURFACE_EXCLUDED_WITH_REASON,structural/control/label testid,
frontend/src/pages/trench_safety/TrenchSafetyHub.jsx:100,TrenchSafetyHub,trench-hub-coaching,NON_TRUTH_SURFACE_EXCLUDED_WITH_REASON,structural/control/label testid,
frontend/src/pages/trench_safety/TrenchSafetyHub.jsx:109,TrenchSafetyHub,trench-hub-actions,NON_TRUTH_SURFACE_EXCLUDED_WITH_REASON,structural/control/label testid,
frontend/src/pages/trench_safety/TrenchSafetyHub.jsx:121,TrenchSafetyHub,trench-hub-loading,NON_TRUTH_SURFACE_EXCLUDED_WITH_REASON,structural/control/label testid,
frontend/src/pages/trench_safety/TrenchSafetyHub.jsx:126,TrenchSafetyHub,trench-hub-error,NON_TRUTH_SURFACE_EXCLUDED_WITH_REASON,structural/control/label testid,
frontend/src/pages/trench_safety/TrenchSafetyHub.jsx:132,TrenchSafetyHub,trench-hub-posture,CANONICAL_STATUS,status,Wave-2 status vocab (TC-0002)
frontend/src/pages/trench_safety/TrenchSafetyOpsCenter.jsx:89,TrenchSafetyOpsCenter,posture-loading,NON_TRUTH_SURFACE_EXCLUDED_WITH_REASON,structural/control/label testid,
frontend/src/pages/trench_safety/TrenchSafetyOpsCenter.jsx:94,TrenchSafetyOpsCenter,daily-posture,CANONICAL_STATUS,status,Wave-2 status vocab (TC-0002)
frontend/src/pages/trench_safety/TrenchSafetyOpsCenter.jsx:143,TrenchSafetyOpsCenter,verify-repair-dialog,NON_TRUTH_SURFACE_EXCLUDED_WITH_REASON,structural/control/label testid,
frontend/src/pages/trench_safety/TrenchSafetyOpsCenter.jsx:170,TrenchSafetyOpsCenter,verify-save,NON_TRUTH_SURFACE_EXCLUDED_WITH_REASON,structural/control/label testid,
frontend/src/pages/trench_safety/TrenchSafetyOpsCenter.jsx:224,TrenchSafetyOpsCenter,rr-coaching,NON_TRUTH_SURFACE_EXCLUDED_WITH_REASON,structural/control/label testid,
frontend/src/pages/trench_safety/TrenchSafetyOpsCenter.jsx:229,TrenchSafetyOpsCenter,rr-loading,NON_TRUTH_SURFACE_EXCLUDED_WITH_REASON,structural/control/label testid,
frontend/src/pages/trench_safety/TrenchSafetyOpsCenter.jsx:231,TrenchSafetyOpsCenter,rr-empty,NON_TRUTH_SURFACE_EXCLUDED_WITH_REASON,structural/control/label testid,
frontend/src/pages/trench_safety/TrenchSafetyOpsCenter.jsx:326,TrenchSafetyOpsCenter,fr-kind-filter,NON_TRUTH_SURFACE_EXCLUDED_WITH_REASON,structural/control/label testid,
frontend/src/pages/trench_safety/TrenchSafetyOpsCenter.jsx:337,TrenchSafetyOpsCenter,fr-loading,NON_TRUTH_SURFACE_EXCLUDED_WITH_REASON,structural/control/label testid,
frontend/src/pages/trench_safety/TrenchSafetyOpsCenter.jsx:339,TrenchSafetyOpsCenter,fr-empty,NON_TRUTH_SURFACE_EXCLUDED_WITH_REASON,structural/control/label testid,
frontend/src/pages/trench_safety/TrenchSafetyOpsCenter.jsx:429,TrenchSafetyOpsCenter,qr-mgmt-panel,NON_TRUTH_SURFACE_EXCLUDED_WITH_REASON,structural/control/label testid,
frontend/src/pages/trench_safety/TrenchSafetyOpsCenter.jsx:436,TrenchSafetyOpsCenter,qr-img-link,NON_TRUTH_SURFACE_EXCLUDED_WITH_REASON,structural/control/label testid,
frontend/src/pages/trench_safety/TrenchSafetyOpsCenter.jsx:440,TrenchSafetyOpsCenter,qr-img-loading,NON_TRUTH_SURFACE_EXCLUDED_WITH_REASON,structural/control/label testid,
frontend/src/pages/trench_safety/TrenchSafetyOpsCenter.jsx:450,TrenchSafetyOpsCenter,qr-download,NON_TRUTH_SURFACE_EXCLUDED_WITH_REASON,structural/control/label testid,
frontend/src/pages/trench_safety/TrenchSafetyOpsCenter.jsx:455,TrenchSafetyOpsCenter,qr-print,NON_TRUTH_SURFACE_EXCLUDED_WITH_REASON,structural/control/label testid,
frontend/src/pages/trench_safety/TrenchSafetyOpsCenter.jsx:465,TrenchSafetyOpsCenter,qr-history-empty,NON_TRUTH_SURFACE_EXCLUDED_WITH_REASON,structural/control/label testid,
frontend/src/pages/trench_safety/TrenchSafetyOpsCenter.jsx:518,TrenchSafetyOpsCenter,photo-upload-dialog,NON_TRUTH_SURFACE_EXCLUDED_WITH_REASON,structural/control/label testid,
frontend/src/pages/trench_safety/TrenchSafetyOpsCenter.jsx:545,TrenchSafetyOpsCenter,photo-caption,NON_TRUTH_SURFACE_EXCLUDED_WITH_REASON,structural/control/label testid,
frontend/src/pages/trench_safety/TrenchSafetyOpsCenter.jsx:549,TrenchSafetyOpsCenter,photo-save,NON_TRUTH_SURFACE_EXCLUDED_WITH_REASON,structural/control/label testid,
frontend/src/pages/trench_safety/TrenchSafetyOpsCenter.jsx:585,TrenchSafetyOpsCenter,photo-mgmt-panel,NON_TRUTH_SURFACE_EXCLUDED_WITH_REASON,structural/control/label testid,
frontend/src/pages/trench_safety/TrenchSafetyOpsCenter.jsx:590,TrenchSafetyOpsCenter,photo-upload-btn,NON_TRUTH_SURFACE_EXCLUDED_WITH_REASON,structural/control/label testid,
frontend/src/pages/trench_safety/TrenchSafetyOpsCenter.jsx:595,TrenchSafetyOpsCenter,photo-empty,NON_TRUTH_SURFACE_EXCLUDED_WITH_REASON,structural/control/label testid,
frontend/src/pages/trench_safety/TrenchSafetyPolish.jsx:125,TrenchSafetyPolish,quick-add-asset-dialog,NON_TRUTH_SURFACE_EXCLUDED_WITH_REASON,structural/control/label testid,
frontend/src/pages/trench_safety/TrenchSafetyPolish.jsx:195,TrenchSafetyPolish,quick-add-cancel,NON_TRUTH_SURFACE_EXCLUDED_WITH_REASON,structural/control/label testid,
frontend/src/pages/trench_safety/TrenchSafetyPolish.jsx:196,TrenchSafetyPolish,quick-add-save,NON_TRUTH_SURFACE_EXCLUDED_WITH_REASON,structural/control/label testid,
frontend/src/pages/trench_safety/TrenchSafetyPolish.jsx:276,TrenchSafetyPolish,ops-summary-loading,NON_TRUTH_SURFACE_EXCLUDED_WITH_REASON,structural/control/label testid,
frontend/src/pages/trench_safety/TrenchSafetyPolish.jsx:282,TrenchSafetyPolish,ops-summary-error,NON_TRUTH_SURFACE_EXCLUDED_WITH_REASON,structural/control/label testid,
frontend/src/pages/trench_safety/TrenchSafetyPolish.jsx:295,TrenchSafetyPolish,"<Stat label={t(""Active Assets"")}         value={total}                ",DIRECT_FACT,displayed_count_fact,count of displayed/queried population
frontend/src/pages/trench_safety/TrenchSafetyPolish.jsx:296,TrenchSafetyPolish,"<Stat label={t(""Available"")}            value={csa[""Available""]   ?? 0",DIRECT_FACT,value_component_fact,value-bearing component rendering a fetched fact
frontend/src/pages/trench_safety/TrenchSafetyPolish.jsx:297,TrenchSafetyPolish,"<Stat label={t(""Assigned"")}             value={csa[""Assigned""]    ?? 0",DIRECT_FACT,displayed_count_fact,count of displayed/queried population
frontend/src/pages/trench_safety/TrenchSafetyPolish.jsx:298,TrenchSafetyPolish,"<Stat label={t(""On Hold"")}              value={al.on_hold        ?? 0}",DIRECT_FACT,value_component_fact,value-bearing component rendering a fetched fact
frontend/src/pages/trench_safety/TrenchSafetyPolish.jsx:299,TrenchSafetyPolish,"<Stat label={t(""Open Repairs"")}         value={al.open_repairs   ?? 0}",DIRECT_FACT,value_component_fact,value-bearing component rendering a fetched fact
frontend/src/pages/trench_safety/TrenchSafetyPolish.jsx:300,TrenchSafetyPolish,"<Stat label={t(""Inspections Due"")}      value={al.inspections_due ?? 0",DIRECT_FACT,value_component_fact,value-bearing component rendering a fetched fact
frontend/src/pages/trench_safety/TrenchSafetyPolish.jsx:301,TrenchSafetyPolish,"<Stat label={t(""Recent Events · 7d"")} value={recent}                  ",DIRECT_FACT,value_component_fact,value-bearing component rendering a fetched fact
frontend/src/pages/trench_safety/TrenchSafetyPolish.jsx:305,TrenchSafetyPolish,ops-summary-status-cards,CANONICAL_STATUS,status,Wave-2 status vocab (TC-0002)
frontend/src/pages/trench_safety/TrenchSafetyPolish.jsx:309,TrenchSafetyPolish,ops-status-grid,CANONICAL_STATUS,status,Wave-2 status vocab (TC-0002)
frontend/src/pages/trench_safety/TrenchSafetyPolish.jsx:311,TrenchSafetyPolish,<Stat,DIRECT_FACT,value_component_fact,value-bearing component rendering a fetched fact
frontend/src/pages/trench_safety/TrenchSafetyPolish.jsx:393,TrenchSafetyPolish,trench-filter-chips-status,CANONICAL_STATUS,status,Wave-2 status vocab (TC-0002)
frontend/src/pages/trench_safety/TrenchSafetyPolish.jsx:498,TrenchSafetyPolish,csv-import-dialog,NON_TRUTH_SURFACE_EXCLUDED_WITH_REASON,structural/control/label testid,
frontend/src/pages/trench_safety/TrenchSafetyPolish.jsx:512,TrenchSafetyPolish,csv-import-file-label,NON_TRUTH_SURFACE_EXCLUDED_WITH_REASON,structural/control/label testid,
frontend/src/pages/trench_safety/TrenchSafetyPolish.jsx:539,TrenchSafetyPolish,csv-import-preview-btn,NON_TRUTH_SURFACE_EXCLUDED_WITH_REASON,structural/control/label testid,
frontend/src/pages/trench_safety/TrenchSafetyPolish.jsx:542,TrenchSafetyPolish,csv-import-commit-btn,NON_TRUTH_SURFACE_EXCLUDED_WITH_REASON,structural/control/label testid,
frontend/src/pages/trench_safety/TrenchSafetyPolish.jsx:592,TrenchSafetyPolish,csv-import-close,NON_TRUTH_SURFACE_EXCLUDED_WITH_REASON,structural/control/label testid,
frontend/src/pages/trench_safety/TrenchSafetyPulse.jsx:75,TrenchSafetyPulse,pulse-card-loading,NON_TRUTH_SURFACE_EXCLUDED_WITH_REASON,structural/control/label testid,
frontend/src/pages/trench_safety/TrenchSafetyPulse.jsx:123,TrenchSafetyPulse,"<Stat label={t(""On Hold"")}        value={al.on_hold ?? 0}             ",DIRECT_FACT,value_component_fact,value-bearing component rendering a fetched fact
frontend/src/pages/trench_safety/TrenchSafetyPulse.jsx:124,TrenchSafetyPulse,"<Stat label={t(""Open Repairs"")}   value={al.open_repairs ?? 0}        ",DIRECT_FACT,value_component_fact,value-bearing component rendering a fetched fact
frontend/src/pages/trench_safety/TrenchSafetyPulse.jsx:125,TrenchSafetyPulse,"<Stat label={t(""Inspections Due"")} value={al.inspections_due ?? 0}    ",DIRECT_FACT,value_component_fact,value-bearing component rendering a fetched fact
frontend/src/pages/trench_safety/TrenchSafetyPulse.jsx:126,TrenchSafetyPulse,"<Stat label={t(""Recent · 7d"")}    value={snap.activity_7d_total ?? 0} ",DIRECT_FACT,displayed_count_fact,count of displayed/queried population
frontend/src/pages/trench_safety/TrenchSafetyPulse.jsx:128,TrenchSafetyPulse,pulse-card-scope-note,NON_TRUTH_SURFACE_EXCLUDED_WITH_REASON,structural/control/label testid,
frontend/src/pages/trench_safety/TrenchSafetyPulse.jsx:133,TrenchSafetyPulse,pulse-view-btn,NON_TRUTH_SURFACE_EXCLUDED_WITH_REASON,structural/control/label testid,
frontend/src/pages/trench_safety/TrenchSafetyPulse.jsx:138,TrenchSafetyPulse,pulse-generate-btn,NON_TRUTH_SURFACE_EXCLUDED_WITH_REASON,structural/control/label testid,
frontend/src/pages/trench_safety/TrenchSafetyPulse.jsx:141,TrenchSafetyPulse,pulse-send-btn,NON_TRUTH_SURFACE_EXCLUDED_WITH_REASON,structural/control/label testid,
frontend/src/pages/trench_safety/TrenchSafetyPulse.jsx:146,TrenchSafetyPulse,pulse-history-btn,NON_TRUTH_SURFACE_EXCLUDED_WITH_REASON,structural/control/label testid,
frontend/src/pages/trench_safety/TrenchSafetyPulse.jsx:203,TrenchSafetyPulse,pulse-viewer-dialog,NON_TRUTH_SURFACE_EXCLUDED_WITH_REASON,structural/control/label testid,
frontend/src/pages/trench_safety/TrenchSafetyPulse.jsx:245,TrenchSafetyPulse,pulse-history-dialog,NON_TRUTH_SURFACE_EXCLUDED_WITH_REASON,structural/control/label testid,
frontend/src/pages/trench_safety/TrenchSafetyPulse.jsx:250,TrenchSafetyPulse,pulse-history-empty,NON_TRUTH_SURFACE_EXCLUDED_WITH_REASON,structural/control/label testid,
frontend/src/pages/trench_safety/TrenchSafetyQrLanding.jsx:146,TrenchSafetyQrLanding,qr-loading,NON_TRUTH_SURFACE_EXCLUDED_WITH_REASON,structural/control/label testid,
frontend/src/pages/trench_safety/TrenchSafetyQrLanding.jsx:151,TrenchSafetyQrLanding,qr-error,NON_TRUTH_SURFACE_EXCLUDED_WITH_REASON,structural/control/label testid,
frontend/src/pages/trench_safety/TrenchSafetyQrLanding.jsx:157,TrenchSafetyQrLanding,qr-hero,NON_TRUTH_SURFACE_EXCLUDED_WITH_REASON,structural/control/label testid,
frontend/src/pages/trench_safety/TrenchSafetyQrLanding.jsx:164,TrenchSafetyQrLanding,qr-status,CANONICAL_STATUS,status,Wave-2 status vocab (TC-0002)
frontend/src/pages/trench_safety/TrenchSafetyQrLanding.jsx:221,TrenchSafetyQrLanding,qr-tabdata-link,NON_TRUTH_SURFACE_EXCLUDED_WITH_REASON,structural/control/label testid,
frontend/src/pages/trench_safety/TrenchSafetyQrLanding.jsx:226,TrenchSafetyQrLanding,qr-references-link,NON_TRUTH_SURFACE_EXCLUDED_WITH_REASON,structural/control/label testid,
frontend/src/pages/trench_safety/TrenchSafetyQrLanding.jsx:231,TrenchSafetyQrLanding,qr-report-btn,NON_TRUTH_SURFACE_EXCLUDED_WITH_REASON,structural/control/label testid,
frontend/src/pages/trench_safety/TrenchSafetyQrLanding.jsx:236,TrenchSafetyQrLanding,qr-coaching,NON_TRUTH_SURFACE_EXCLUDED_WITH_REASON,structural/control/label testid,
frontend/src/pages/trench_safety/TrenchSafetyRepairReviewPage.jsx:12,TrenchSafetyRepairReviewPage,rr-title,NON_TRUTH_SURFACE_EXCLUDED_WITH_REASON,structural/control/label testid,
frontend/src/pages/trench_safety/TrenchSafetyReportDistribution.jsx:136,TrenchSafetyReportDistribution,subscription-manager-dialog,NON_TRUTH_SURFACE_EXCLUDED_WITH_REASON,structural/control/label testid,
frontend/src/pages/trench_safety/TrenchSafetyReportDistribution.jsx:155,TrenchSafetyReportDistribution,sub-new-form,NON_TRUTH_SURFACE_EXCLUDED_WITH_REASON,structural/control/label testid,
frontend/src/pages/trench_safety/TrenchSafetyReportDistribution.jsx:200,TrenchSafetyReportDistribution,sub-new-save,NON_TRUTH_SURFACE_EXCLUDED_WITH_REASON,structural/control/label testid,
frontend/src/pages/trench_safety/TrenchSafetyReportDistribution.jsx:214,TrenchSafetyReportDistribution,sub-list-empty,NON_TRUTH_SURFACE_EXCLUDED_WITH_REASON,structural/control/label testid,
frontend/src/pages/trench_safety/TrenchSafetyReportDistribution.jsx:244,TrenchSafetyReportDistribution,sub-close,NON_TRUTH_SURFACE_EXCLUDED_WITH_REASON,structural/control/label testid,
frontend/src/pages/trench_safety/TrenchSafetyReportDistribution.jsx:297,TrenchSafetyReportDistribution,digest-viewer-dialog,NON_TRUTH_SURFACE_EXCLUDED_WITH_REASON,structural/control/label testid,
frontend/src/pages/trench_safety/TrenchSafetyReports.jsx:41,TrenchSafetyReports,// Compact governed percentage cell for tables — same N/A / UNKNOWN / ,GOVERNED_DISTINCT_VARIANT,distinct_percentage_metric,backend-computed % rendered (distinct governed variant)
frontend/src/pages/trench_safety/TrenchSafetyReports.jsx:145,TrenchSafetyReports,filter-status,CANONICAL_STATUS,status,Wave-2 status vocab (TC-0002)
frontend/src/pages/trench_safety/TrenchSafetyReports.jsx:193,TrenchSafetyReports,"<div className=""border rounded p-3 bg-white""><div className=""text-[10p",GOVERNED_DISTINCT_VARIANT,distinct_percentage_metric,backend-computed % rendered (distinct governed variant)
frontend/src/pages/trench_safety/TrenchSafetyReports.jsx:256,TrenchSafetyReports,report-inspection-compliance,CANONICAL_KPI,compliance_rate,kpi_percent_complete.compliance_rate
frontend/src/pages/trench_safety/TrenchSafetyReports.jsx:266,TrenchSafetyReports,<Pct value={data?.compliance_score} state={data?.compliance_score_stat,CANONICAL_KPI,compliance_rate,kpi_percent_complete.compliance_rate
frontend/src/pages/trench_safety/TrenchSafetyReports.jsx:359,TrenchSafetyReports,report-utilization,CANONICAL_KPI,utilization,kpi_percent_complete.utilization_percent/storage
frontend/src/pages/trench_safety/TrenchSafetyReports.jsx:369,TrenchSafetyReports,<Pct value={data?.utilization_pct} />,CANONICAL_KPI,utilization,kpi_percent_complete.utilization_percent/storage
frontend/src/pages/trench_safety/TrenchSafetyReports.jsx:564,TrenchSafetyReports,reports-actions,NON_TRUTH_SURFACE_EXCLUDED_WITH_REASON,structural/control/label testid,
frontend/src/pages/trench_safety/TrenchSafetyShell.jsx:51,TrenchSafetyShell,trench-safety-tabs-shell,NON_TRUTH_SURFACE_EXCLUDED_WITH_REASON,structural/control/label testid,
frontend/src/pages/trench_safety/TrenchSafetyShell.jsx:58,TrenchSafetyShell,trench-safety-tabs,NON_TRUTH_SURFACE_EXCLUDED_WITH_REASON,structural/control/label testid,
frontend/src/pages/trench_safety/TrenchSafetyTabulatedData.jsx:21,TrenchSafetyTabulatedData,trench-tabdata-title,NON_TRUTH_SURFACE_EXCLUDED_WITH_REASON,structural/control/label testid,
