Permanent surface ID,Portal/family,Route or launch point,Parent route,Surface type,Active/hidden/detail/public/external state,Current visual generation,Current shell,Current header,Current sidebar/navigation,Current background,Current component family,Current icon family,Current terminology,Current coaching,Current footer,Current mobile state,Current functional status,Current runtime errors,WP-17B disposition,Required migration action,Required functional repair,Target canonical components,Files affected,Dependencies,Status,Evidence,Final certification
ROUTE-0001,public_shared,/,/,route_screen,ACTIVE,WP17D_CANONICAL_WAVE,WP17 public shell,Canonical glass header,Mixed or contextual navigation,Layered light base + navy grid + restrained glass,Hub,lucide-react (canonical wrapper convergence),ALIGN_TO_WP17B_TERMINOLOGY,ADD_CONTEXTUAL_HELP_WHERE_REQUIRED,Canonical footer boundary in wave rollout,Canonical responsive shell in wave rollout,Under active convergence repair,None observed in current wave or pending inspection,REPRESENTATIVE_IMPLEMENTATION,FIRST_WAVE_REPAIR_AND_CONVERGENCE,Inspect and repair defects encountered during migration,WP17C_CANONICAL_PAGE,app/routing/AppRoutes.jsx,PortalShell + tokens + navigation canon,MIGRATING,Imported from WP17C ledger · Shared shell/token convergence wave active · Executive first-priority repair wave · app/routing/AppRoutes.jsx,PENDING
ROUTE-0002,public_shared,/revise/:token,/revise,detail_route,DETAIL,WP17D_CANONICAL_WAVE,WP17 public shell,Canonical glass header,Mixed or contextual navigation,Layered light base + navy grid + restrained glass,Revise,lucide-react (canonical wrapper convergence),ALIGN_TO_WP17B_TERMINOLOGY,ADD_CONTEXTUAL_HELP_WHERE_REQUIRED,Canonical footer boundary in wave rollout,Canonical responsive shell in wave rollout,Under active convergence repair,None observed in current wave or pending inspection,KEEP_HIDDEN_DETAIL,FIRST_WAVE_REPAIR_AND_CONVERGENCE,Inspect and repair defects encountered during migration,WP17C_CANONICAL_DETAIL_PAGE,app/routing/AppRoutes.jsx,PortalShell + tokens + navigation canon,MIGRATING,Imported from WP17C ledger · Shared shell/token convergence wave active · Executive first-priority repair wave · app/routing/AppRoutes.jsx,PENDING
ROUTE-0003,public_shared,/safety,/,route_screen,ACTIVE,WP17D_CANONICAL_WAVE,WP17 public shell,Canonical glass header,Mixed or contextual navigation,Layered light base + navy grid + restrained glass,SafetySection,lucide-react (canonical wrapper convergence),ALIGN_TO_WP17B_TERMINOLOGY,ADD_CONTEXTUAL_HELP_WHERE_REQUIRED,Canonical footer boundary in wave rollout,Canonical responsive shell in wave rollout,Under active convergence repair,None observed in current wave or pending inspection,MIGRATE_IN_WP17D,FIRST_WAVE_REPAIR_AND_CONVERGENCE,Inspect and repair defects encountered during migration,WP17C_CANONICAL_PAGE,app/routing/AppRoutes.jsx,PortalShell + tokens + navigation canon,MIGRATING,Imported from WP17C ledger · Shared shell/token convergence wave active · Executive first-priority repair wave · app/routing/AppRoutes.jsx,PENDING
ROUTE-0004,safety,/safety/forms/login,/safety/forms,route_screen,ACTIVE,WP17D_CANONICAL_WAVE,PortalShell (canonical wp17d wave),Canonical glass header,Canonical sidebar in wave migration,Layered light base + navy grid + restrained glass,SafetyFormsLogin,lucide-react (canonical wrapper convergence),ALIGN_TO_WP17B_TERMINOLOGY,ADD_CONTEXTUAL_HELP_WHERE_REQUIRED,Canonical footer boundary in wave rollout,Canonical responsive shell in wave rollout,Operational; convergence verification pending,None observed in current wave or pending inspection,MIGRATE_IN_WP17D,PORTAL_MIGRATION,Inspect and repair defects encountered during migration,WP17C_CANONICAL_PAGE,app/routing/AppRoutes.jsx,PortalShell + tokens + navigation canon,IMPLEMENTED,Imported from WP17C ledger · Shared shell/token convergence wave active · app/routing/AppRoutes.jsx,PENDING
ROUTE-0005,safety,/safety/forms,/safety,route_screen,ACTIVE,WP17D_CANONICAL_WAVE,PortalShell (canonical wp17d wave),Canonical glass header,Canonical sidebar in wave migration,Layered light base + navy grid + restrained glass,SafetyFormsHub,lucide-react (canonical wrapper convergence),ALIGN_TO_WP17B_TERMINOLOGY,ADD_CONTEXTUAL_HELP_WHERE_REQUIRED,Canonical footer boundary in wave rollout,Canonical responsive shell in wave rollout,Operational; convergence verification pending,None observed in current wave or pending inspection,MIGRATE_IN_WP17D,PORTAL_MIGRATION,Inspect and repair defects encountered during migration,WP17C_CANONICAL_PAGE,app/routing/AppRoutes.jsx,PortalShell + tokens + navigation canon,IMPLEMENTED,Imported from WP17C ledger · Shared shell/token convergence wave active · app/routing/AppRoutes.jsx,PENDING
ROUTE-0006,safety,/safety/forms/equipment-issuance/new,/safety/forms/equipment-issuance,route_screen,ACTIVE,WP17D_CANONICAL_WAVE,PortalShell (canonical wp17d wave),Canonical glass header,Canonical sidebar in wave migration,Layered light base + navy grid + restrained glass,NewSafetyEquipmentIssuance,lucide-react (canonical wrapper convergence),ALIGN_TO_WP17B_TERMINOLOGY,ADD_CONTEXTUAL_HELP_WHERE_REQUIRED,Canonical footer boundary in wave rollout,Canonical responsive shell in wave rollout,Operational; convergence verification pending,None observed in current wave or pending inspection,MIGRATE_IN_WP17D,PORTAL_MIGRATION,Inspect and repair defects encountered during migration,WP17C_CANONICAL_PAGE,app/routing/AppRoutes.jsx,PortalShell + tokens + navigation canon,IMPLEMENTED,Imported from WP17C ledger · Shared shell/token convergence wave active · app/routing/AppRoutes.jsx,PENDING
ROUTE-0007,safety,/safety/forms/equipment-issuance/:id,/safety/forms/equipment-issuance,detail_route,DETAIL,WP17D_CANONICAL_WAVE,PortalShell (canonical wp17d wave),Canonical glass header,Canonical sidebar in wave migration,Layered light base + navy grid + restrained glass,ViewSafetyForm,lucide-react (canonical wrapper convergence),ALIGN_TO_WP17B_TERMINOLOGY,ADD_CONTEXTUAL_HELP_WHERE_REQUIRED,Canonical footer boundary in wave rollout,Canonical responsive shell in wave rollout,Operational; convergence verification pending,None observed in current wave or pending inspection,KEEP_HIDDEN_DETAIL,PORTAL_MIGRATION,Inspect and repair defects encountered during migration,WP17C_CANONICAL_DETAIL_PAGE,app/routing/AppRoutes.jsx,PortalShell + tokens + navigation canon,IMPLEMENTED,Imported from WP17C ledger · Shared shell/token convergence wave active · app/routing/AppRoutes.jsx,PENDING
ROUTE-0008,safety,/safety/forms/equipment-issuance/:id/return,/safety/forms/equipment-issuance/:id,detail_route,DETAIL,WP17D_CANONICAL_WAVE,PortalShell (canonical wp17d wave),Canonical glass header,Canonical sidebar in wave migration,Layered light base + navy grid + restrained glass,ReturnEquipment,lucide-react (canonical wrapper convergence),ALIGN_TO_WP17B_TERMINOLOGY,ADD_CONTEXTUAL_HELP_WHERE_REQUIRED,Canonical footer boundary in wave rollout,Canonical responsive shell in wave rollout,Operational; convergence verification pending,None observed in current wave or pending inspection,KEEP_HIDDEN_DETAIL,PORTAL_MIGRATION,Inspect and repair defects encountered during migration,WP17C_CANONICAL_DETAIL_PAGE,app/routing/AppRoutes.jsx,PortalShell + tokens + navigation canon,IMPLEMENTED,Imported from WP17C ledger · Shared shell/token convergence wave active · app/routing/AppRoutes.jsx,PENDING
ROUTE-0009,safety,/safety/forms/equipment-training/new,/safety/forms/equipment-training,route_screen,ACTIVE,WP17D_CANONICAL_WAVE,PortalShell (canonical wp17d wave),Canonical glass header,Canonical sidebar in wave migration,Layered light base + navy grid + restrained glass,NewSafetyEquipmentTraining,lucide-react (canonical wrapper convergence),ALIGN_TO_WP17B_TERMINOLOGY,ADD_CONTEXTUAL_HELP_WHERE_REQUIRED,Canonical footer boundary in wave rollout,Canonical responsive shell in wave rollout,Operational; convergence verification pending,None observed in current wave or pending inspection,MIGRATE_IN_WP17D,PORTAL_MIGRATION,Inspect and repair defects encountered during migration,WP17C_CANONICAL_PAGE,app/routing/AppRoutes.jsx,PortalShell + tokens + navigation canon,IMPLEMENTED,Imported from WP17C ledger · Shared shell/token convergence wave active · app/routing/AppRoutes.jsx,PENDING
ROUTE-0010,safety,/safety/forms/equipment-training/:id,/safety/forms/equipment-training,detail_route,DETAIL,WP17D_CANONICAL_WAVE,PortalShell (canonical wp17d wave),Canonical glass header,Canonical sidebar in wave migration,Layered light base + navy grid + restrained glass,ViewSafetyForm,lucide-react (canonical wrapper convergence),ALIGN_TO_WP17B_TERMINOLOGY,ADD_CONTEXTUAL_HELP_WHERE_REQUIRED,Canonical footer boundary in wave rollout,Canonical responsive shell in wave rollout,Operational; convergence verification pending,None observed in current wave or pending inspection,KEEP_HIDDEN_DETAIL,PORTAL_MIGRATION,Inspect and repair defects encountered during migration,WP17C_CANONICAL_DETAIL_PAGE,app/routing/AppRoutes.jsx,PortalShell + tokens + navigation canon,IMPLEMENTED,Imported from WP17C ledger · Shared shell/token convergence wave active · app/routing/AppRoutes.jsx,PENDING
ROUTE-0011,safety,/safety/cards,/safety,route_screen,ACTIVE,WP17D_CANONICAL_WAVE,PortalShell (canonical wp17d wave),Canonical glass header,Canonical sidebar in wave migration,Layered light base + navy grid + restrained glass,FieldSafetyCards,lucide-react (canonical wrapper convergence),ALIGN_TO_WP17B_TERMINOLOGY,ADD_CONTEXTUAL_HELP_WHERE_REQUIRED,Canonical footer boundary in wave rollout,Canonical responsive shell in wave rollout,Operational; convergence verification pending,None observed in current wave or pending inspection,MIGRATE_IN_WP17D,PORTAL_MIGRATION,Inspect and repair defects encountered during migration,WP17C_CANONICAL_PAGE,app/routing/AppRoutes.jsx,PortalShell + tokens + navigation canon,IMPLEMENTED,Imported from WP17C ledger · Shared shell/token convergence wave active · app/routing/AppRoutes.jsx,PENDING
ROUTE-0012,public_shared,/field,/,route_screen,ACTIVE,WP17D_CANONICAL_WAVE,WP17 public shell,Canonical glass header,Mixed or contextual navigation,Layered light base + navy grid + restrained glass,FieldSection,lucide-react (canonical wrapper convergence),ALIGN_TO_WP17B_TERMINOLOGY,ADD_CONTEXTUAL_HELP_WHERE_REQUIRED,Canonical footer boundary in wave rollout,Canonical responsive shell in wave rollout,Under active convergence repair,None observed in current wave or pending inspection,MIGRATE_IN_WP17D,FIRST_WAVE_REPAIR_AND_CONVERGENCE,Inspect and repair defects encountered during migration,WP17C_CANONICAL_PAGE,app/routing/AppRoutes.jsx,PortalShell + tokens + navigation canon,MIGRATING,Imported from WP17C ledger · Shared shell/token convergence wave active · Executive first-priority repair wave · app/routing/AppRoutes.jsx,PENDING
ROUTE-0013,public_shared,/field/calculators,/field,route_screen,ACTIVE,WP17D_CANONICAL_WAVE,WP17 public shell,Canonical glass header,Mixed or contextual navigation,Layered light base + navy grid + restrained glass,MaterialCalculators,lucide-react (canonical wrapper convergence),ALIGN_TO_WP17B_TERMINOLOGY,ADD_CONTEXTUAL_HELP_WHERE_REQUIRED,Canonical footer boundary in wave rollout,Canonical responsive shell in wave rollout,Under active convergence repair,None observed in current wave or pending inspection,MIGRATE_IN_WP17D,FIRST_WAVE_REPAIR_AND_CONVERGENCE,Inspect and repair defects encountered during migration,WP17C_CANONICAL_PAGE,app/routing/AppRoutes.jsx,PortalShell + tokens + navigation canon,MIGRATING,Imported from WP17C ledger · Shared shell/token convergence wave active · Executive first-priority repair wave · app/routing/AppRoutes.jsx,PENDING
ROUTE-0014,public_shared,/qaqc,/,route_screen,ACTIVE,WP17D_CANONICAL_WAVE,WP17 public shell,Canonical glass header,Mixed or contextual navigation,Layered light base + navy grid + restrained glass,QaqcSection,lucide-react (canonical wrapper convergence),ALIGN_TO_WP17B_TERMINOLOGY,ADD_CONTEXTUAL_HELP_WHERE_REQUIRED,Canonical footer boundary in wave rollout,Canonical responsive shell in wave rollout,Under active convergence repair,None observed in current wave or pending inspection,MIGRATE_IN_WP17D,FIRST_WAVE_REPAIR_AND_CONVERGENCE,Inspect and repair defects encountered during migration,WP17C_CANONICAL_PAGE,app/routing/AppRoutes.jsx,PortalShell + tokens + navigation canon,MIGRATING,Imported from WP17C ledger · Shared shell/token convergence wave active · Executive first-priority repair wave · app/routing/AppRoutes.jsx,PENDING
ROUTE-0015,public_shared,/qa-qc,/,redirect_route,ACTIVE,WP17D_CANONICAL_WAVE,WP17 public shell,Canonical glass header,Mixed or contextual navigation,Layered light base + navy grid + restrained glass,Navigate,lucide-react (canonical wrapper convergence),ALIGN_TO_WP17B_TERMINOLOGY,ADD_CONTEXTUAL_HELP_WHERE_REQUIRED,Canonical footer boundary in wave rollout,Canonical responsive shell in wave rollout,Under active convergence repair,None observed in current wave or pending inspection,CANONICALIZE_REDIRECT,FIRST_WAVE_REPAIR_AND_CONVERGENCE,Inspect and repair defects encountered during migration,WP17C_CANONICAL_PAGE,app/routing/AppRoutes.jsx,PortalShell + tokens + navigation canon,REDIRECTED,Imported from WP17C ledger · Shared shell/token convergence wave active · Executive first-priority repair wave · app/routing/AppRoutes.jsx,PENDING
ROUTE-0016,public_shared,/qaqc/:slug/new,/qaqc/:slug,detail_route,DETAIL,WP17D_CANONICAL_WAVE,WP17 public shell,Canonical glass header,Mixed or contextual navigation,Layered light base + navy grid + restrained glass,NewQaqcInspection,lucide-react (canonical wrapper convergence),ALIGN_TO_WP17B_TERMINOLOGY,ADD_CONTEXTUAL_HELP_WHERE_REQUIRED,Canonical footer boundary in wave rollout,Canonical responsive shell in wave rollout,Under active convergence repair,None observed in current wave or pending inspection,KEEP_HIDDEN_DETAIL,FIRST_WAVE_REPAIR_AND_CONVERGENCE,Inspect and repair defects encountered during migration,WP17C_CANONICAL_DETAIL_PAGE,app/routing/AppRoutes.jsx,PortalShell + tokens + navigation canon,MIGRATING,Imported from WP17C ledger · Shared shell/token convergence wave active · Executive first-priority repair wave · app/routing/AppRoutes.jsx,PENDING
ROUTE-0017,public_shared,/qaqc/:id,/qaqc,detail_route,DETAIL,WP17D_CANONICAL_WAVE,WP17 public shell,Canonical glass header,Mixed or contextual navigation,Layered light base + navy grid + restrained glass,ViewQaqcInspection,lucide-react (canonical wrapper convergence),ALIGN_TO_WP17B_TERMINOLOGY,ADD_CONTEXTUAL_HELP_WHERE_REQUIRED,Canonical footer boundary in wave rollout,Canonical responsive shell in wave rollout,Under active convergence repair,None observed in current wave or pending inspection,KEEP_HIDDEN_DETAIL,FIRST_WAVE_REPAIR_AND_CONVERGENCE,Inspect and repair defects encountered during migration,WP17C_CANONICAL_DETAIL_PAGE,app/routing/AppRoutes.jsx,PortalShell + tokens + navigation canon,MIGRATING,Imported from WP17C ledger · Shared shell/token convergence wave active · Executive first-priority repair wave · app/routing/AppRoutes.jsx,PENDING
ROUTE-0018,admin,/admin/qaqc,/admin,route_screen,ACTIVE,WP17D_CANONICAL_WAVE,PortalShell (canonical wp17d wave),Canonical glass header,Canonical sidebar in wave migration,Layered light base + navy grid + restrained glass,route_element,lucide-react (canonical wrapper convergence),ALIGN_TO_WP17B_TERMINOLOGY,ADD_CONTEXTUAL_HELP_WHERE_REQUIRED,Canonical footer boundary in wave rollout,Canonical responsive shell in wave rollout,Operational; convergence verification pending,None observed in current wave or pending inspection,MIGRATE_IN_WP17D,PORTAL_MIGRATION,Inspect and repair defects encountered during migration,WP17C_CANONICAL_PAGE,app/routing/AppRoutes.jsx,PortalShell + tokens + navigation canon,IMPLEMENTED,Imported from WP17C ledger · Shared shell/token convergence wave active · app/routing/AppRoutes.jsx,PENDING
ROUTE-0019,admin,/admin/transportation/*,/admin/transportation,route_screen,ACTIVE,WP17D_CANONICAL_WAVE,PortalShell (canonical wp17d wave),Canonical glass header,Canonical sidebar in wave migration,Layered light base + navy grid + restrained glass,route_element,lucide-react (canonical wrapper convergence),ALIGN_TO_WP17B_TERMINOLOGY,ADD_CONTEXTUAL_HELP_WHERE_REQUIRED,Canonical footer boundary in wave rollout,Canonical responsive shell in wave rollout,Operational; convergence verification pending,None observed in current wave or pending inspection,MIGRATE_IN_WP17D,PORTAL_MIGRATION,Inspect and repair defects encountered during migration,WP17C_CANONICAL_PAGE,app/routing/AppRoutes.jsx,PortalShell + tokens + navigation canon,IMPLEMENTED,Imported from WP17C ledger · Shared shell/token convergence wave active · app/routing/AppRoutes.jsx,PENDING
ROUTE-0020,transportation,/transportation-operations/*,/transportation-operations,route_screen,ACTIVE,WP17D_CANONICAL_WAVE,PortalShell (canonical wp17d wave),Canonical glass header,Canonical sidebar in wave migration,Layered light base + navy grid + restrained glass,route_element,lucide-react (canonical wrapper convergence),ALIGN_TO_WP17B_TERMINOLOGY,ADD_CONTEXTUAL_HELP_WHERE_REQUIRED,Canonical footer boundary in wave rollout,Canonical responsive shell in wave rollout,Under active convergence repair,Inspecting valid-session auth/runtime failures and mixed layout regressions,MIGRATE_IN_WP17D,FIRST_WAVE_REPAIR_AND_CONVERGENCE,"Repair auth/runtime drift, duplicate navigation, and mixed shell behavior",WP17C_CANONICAL_PAGE,app/routing/AppRoutes.jsx,PortalShell + tokens + navigation canon,MIGRATING,Imported from WP17C ledger · Shared shell/token convergence wave active · Executive first-priority repair wave · app/routing/AppRoutes.jsx,PENDING
ROUTE-0021,admin,/admin/photos,/admin,route_screen,ACTIVE,WP17D_CANONICAL_WAVE,PortalShell (canonical wp17d wave),Canonical glass header,Canonical sidebar in wave migration,Layered light base + navy grid + restrained glass,route_element,lucide-react (canonical wrapper convergence),ALIGN_TO_WP17B_TERMINOLOGY,ADD_CONTEXTUAL_HELP_WHERE_REQUIRED,Canonical footer boundary in wave rollout,Canonical responsive shell in wave rollout,Operational; convergence verification pending,None observed in current wave or pending inspection,MIGRATE_IN_WP17D,PORTAL_MIGRATION,Inspect and repair defects encountered during migration,WP17C_CANONICAL_PAGE,app/routing/AppRoutes.jsx,PortalShell + tokens + navigation canon,IMPLEMENTED,Imported from WP17C ledger · Shared shell/token convergence wave active · app/routing/AppRoutes.jsx,PENDING
ROUTE-0022,public_shared,/constraints,/,route_screen,ACTIVE,WP17D_CANONICAL_WAVE,WP17 public shell,Canonical glass header,Mixed or contextual navigation,Layered light base + navy grid + restrained glass,Constraints,lucide-react (canonical wrapper convergence),ALIGN_TO_WP17B_TERMINOLOGY,ADD_CONTEXTUAL_HELP_WHERE_REQUIRED,Canonical footer boundary in wave rollout,Canonical responsive shell in wave rollout,Under active convergence repair,None observed in current wave or pending inspection,MIGRATE_IN_WP17D,FIRST_WAVE_REPAIR_AND_CONVERGENCE,Inspect and repair defects encountered during migration,WP17C_CANONICAL_PAGE,app/routing/AppRoutes.jsx,PortalShell + tokens + navigation canon,MIGRATING,Imported from WP17C ledger · Shared shell/token convergence wave active · Executive first-priority repair wave · app/routing/AppRoutes.jsx,PENDING
ROUTE-0023,public_shared,/constraints/new,/constraints,route_screen,ACTIVE,WP17D_CANONICAL_WAVE,WP17 public shell,Canonical glass header,Mixed or contextual navigation,Layered light base + navy grid + restrained glass,NewConstraint,lucide-react (canonical wrapper convergence),ALIGN_TO_WP17B_TERMINOLOGY,ADD_CONTEXTUAL_HELP_WHERE_REQUIRED,Canonical footer boundary in wave rollout,Canonical responsive shell in wave rollout,Under active convergence repair,None observed in current wave or pending inspection,MIGRATE_IN_WP17D,FIRST_WAVE_REPAIR_AND_CONVERGENCE,Inspect and repair defects encountered during migration,WP17C_CANONICAL_PAGE,app/routing/AppRoutes.jsx,PortalShell + tokens + navigation canon,MIGRATING,Imported from WP17C ledger · Shared shell/token convergence wave active · Executive first-priority repair wave · app/routing/AppRoutes.jsx,PENDING
ROUTE-0024,public_shared,/constraints/:id,/constraints,detail_route,DETAIL,WP17D_CANONICAL_WAVE,WP17 public shell,Canonical glass header,Mixed or contextual navigation,Layered light base + navy grid + restrained glass,ConstraintDetail,lucide-react (canonical wrapper convergence),ALIGN_TO_WP17B_TERMINOLOGY,ADD_CONTEXTUAL_HELP_WHERE_REQUIRED,Canonical footer boundary in wave rollout,Canonical responsive shell in wave rollout,Under active convergence repair,None observed in current wave or pending inspection,KEEP_HIDDEN_DETAIL,FIRST_WAVE_REPAIR_AND_CONVERGENCE,Inspect and repair defects encountered during migration,WP17C_CANONICAL_DETAIL_PAGE,app/routing/AppRoutes.jsx,PortalShell + tokens + navigation canon,MIGRATING,Imported from WP17C ledger · Shared shell/token convergence wave active · Executive first-priority repair wave · app/routing/AppRoutes.jsx,PENDING
ROUTE-0025,field_leadership,/leadership,/,route_screen,ACTIVE,WP17D_CANONICAL_WAVE,Legacy or portal-specific shell,Canonical glass header,Mixed or contextual navigation,Layered light base + navy grid + restrained glass,FieldLeadershipHub,lucide-react (canonical wrapper convergence),ALIGN_TO_WP17B_TERMINOLOGY,ADD_CONTEXTUAL_HELP_WHERE_REQUIRED,Mixed footer treatment,Canonical responsive shell in wave rollout,Operational; convergence verification pending,None observed in current wave or pending inspection,MIGRATE_IN_WP17D,PORTAL_MIGRATION,Inspect and repair defects encountered during migration,WP17C_CANONICAL_PAGE,app/routing/AppRoutes.jsx,PortalShell + tokens + navigation canon,IMPLEMENTED,Imported from WP17C ledger · Shared shell/token convergence wave active · app/routing/AppRoutes.jsx,PENDING
ROUTE-0026,field_leadership,/leadership/hub_v2,/leadership,hidden_companion_route,HIDDEN,WP17D_CANONICAL_WAVE,Legacy or portal-specific shell,Canonical glass header,Mixed or contextual navigation,Layered light base + navy grid + restrained glass,LeadershipHubV2,lucide-react (canonical wrapper convergence),ALIGN_TO_WP17B_TERMINOLOGY,ADD_CONTEXTUAL_HELP_WHERE_REQUIRED,Mixed footer treatment,Canonical responsive shell in wave rollout,Intentionally hidden or internal,None observed in current wave or pending inspection,MERGE_OR_RETIRE,PORTAL_MIGRATION,Inspect and repair defects encountered during migration,WP17C_CANONICAL_PAGE,app/routing/AppRoutes.jsx,PortalShell + tokens + navigation canon,HIDDEN,Imported from WP17C ledger · Shared shell/token convergence wave active · app/routing/AppRoutes.jsx,PENDING
ROUTE-0027,field_leadership,/leadership/records,/leadership,route_screen,ACTIVE,WP17D_CANONICAL_WAVE,Legacy or portal-specific shell,Canonical glass header,Mixed or contextual navigation,Layered light base + navy grid + restrained glass,FieldLeadershipRecords,lucide-react (canonical wrapper convergence),ALIGN_TO_WP17B_TERMINOLOGY,ADD_CONTEXTUAL_HELP_WHERE_REQUIRED,Mixed footer treatment,Canonical responsive shell in wave rollout,Operational; convergence verification pending,None observed in current wave or pending inspection,MIGRATE_IN_WP17D,PORTAL_MIGRATION,Inspect and repair defects encountered during migration,WP17C_CANONICAL_PAGE,app/routing/AppRoutes.jsx,PortalShell + tokens + navigation canon,IMPLEMENTED,Imported from WP17C ledger · Shared shell/token convergence wave active · app/routing/AppRoutes.jsx,PENDING
ROUTE-0028,field_leadership,/leadership/records/:id,/leadership/records,detail_route,DETAIL,WP17D_CANONICAL_WAVE,Legacy or portal-specific shell,Canonical glass header,Mixed or contextual navigation,Layered light base + navy grid + restrained glass,FieldLeadershipView,lucide-react (canonical wrapper convergence),ALIGN_TO_WP17B_TERMINOLOGY,ADD_CONTEXTUAL_HELP_WHERE_REQUIRED,Mixed footer treatment,Canonical responsive shell in wave rollout,Operational; convergence verification pending,None observed in current wave or pending inspection,KEEP_HIDDEN_DETAIL,PORTAL_MIGRATION,Inspect and repair defects encountered during migration,WP17C_CANONICAL_DETAIL_PAGE,app/routing/AppRoutes.jsx,PortalShell + tokens + navigation canon,IMPLEMENTED,Imported from WP17C ledger · Shared shell/token convergence wave active · app/routing/AppRoutes.jsx,PENDING
ROUTE-0029,field_leadership,/leadership/:kind/new,/leadership/:kind,detail_route,DETAIL,WP17D_CANONICAL_WAVE,Legacy or portal-specific shell,Canonical glass header,Mixed or contextual navigation,Layered light base + navy grid + restrained glass,FieldLeadershipFormPage,lucide-react (canonical wrapper convergence),ALIGN_TO_WP17B_TERMINOLOGY,ADD_CONTEXTUAL_HELP_WHERE_REQUIRED,Mixed footer treatment,Canonical responsive shell in wave rollout,Operational; convergence verification pending,None observed in current wave or pending inspection,KEEP_HIDDEN_DETAIL,PORTAL_MIGRATION,Inspect and repair defects encountered during migration,WP17C_CANONICAL_DETAIL_PAGE,app/routing/AppRoutes.jsx,PortalShell + tokens + navigation canon,IMPLEMENTED,Imported from WP17C ledger · Shared shell/token convergence wave active · app/routing/AppRoutes.jsx,PENDING
ROUTE-0030,safety,/safety/inspections/new,/safety/inspections,route_screen,ACTIVE,WP17D_CANONICAL_WAVE,PortalShell (canonical wp17d wave),Canonical glass header,Canonical sidebar in wave migration,Layered light base + navy grid + restrained glass,route_element,lucide-react (canonical wrapper convergence),ALIGN_TO_WP17B_TERMINOLOGY,ADD_CONTEXTUAL_HELP_WHERE_REQUIRED,Canonical footer boundary in wave rollout,Canonical responsive shell in wave rollout,Operational; convergence verification pending,None observed in current wave or pending inspection,MIGRATE_IN_WP17D,PORTAL_MIGRATION,Inspect and repair defects encountered during migration,WP17C_CANONICAL_PAGE,app/routing/AppRoutes.jsx,PortalShell + tokens + navigation canon,IMPLEMENTED,Imported from WP17C ledger · Shared shell/token convergence wave active · app/routing/AppRoutes.jsx,PENDING
ROUTE-0031,public_shared,/inspect/new,/inspect,route_screen,ACTIVE,WP17D_CANONICAL_WAVE,WP17 public shell,Canonical glass header,Mixed or contextual navigation,Layered light base + navy grid + restrained glass,InspectionLegacyRedirect,lucide-react (canonical wrapper convergence),ALIGN_TO_WP17B_TERMINOLOGY,ADD_CONTEXTUAL_HELP_WHERE_REQUIRED,Canonical footer boundary in wave rollout,Canonical responsive shell in wave rollout,Under active convergence repair,None observed in current wave or pending inspection,MIGRATE_IN_WP17D,FIRST_WAVE_REPAIR_AND_CONVERGENCE,Inspect and repair defects encountered during migration,WP17C_CANONICAL_PAGE,app/routing/AppRoutes.jsx,PortalShell + tokens + navigation canon,MIGRATING,Imported from WP17C ledger · Shared shell/token convergence wave active · Executive first-priority repair wave · app/routing/AppRoutes.jsx,PENDING
ROUTE-0032,public_shared,/submit,/,route_screen,ACTIVE,WP17D_CANONICAL_WAVE,WP17 public shell,Canonical glass header,Mixed or contextual navigation,Layered light base + navy grid + restrained glass,InspectionLegacyRedirect,lucide-react (canonical wrapper convergence),ALIGN_TO_WP17B_TERMINOLOGY,ADD_CONTEXTUAL_HELP_WHERE_REQUIRED,Canonical footer boundary in wave rollout,Canonical responsive shell in wave rollout,Under active convergence repair,None observed in current wave or pending inspection,MIGRATE_IN_WP17D,FIRST_WAVE_REPAIR_AND_CONVERGENCE,Inspect and repair defects encountered during migration,WP17C_CANONICAL_PAGE,app/routing/AppRoutes.jsx,PortalShell + tokens + navigation canon,MIGRATING,Imported from WP17C ledger · Shared shell/token convergence wave active · Executive first-priority repair wave · app/routing/AppRoutes.jsx,PENDING
ROUTE-0033,public_shared,/inspections/submit,/inspections,route_screen,ACTIVE,WP17D_CANONICAL_WAVE,WP17 public shell,Canonical glass header,Mixed or contextual navigation,Layered light base + navy grid + restrained glass,InspectionLegacyRedirect,lucide-react (canonical wrapper convergence),ALIGN_TO_WP17B_TERMINOLOGY,ADD_CONTEXTUAL_HELP_WHERE_REQUIRED,Canonical footer boundary in wave rollout,Canonical responsive shell in wave rollout,Under active convergence repair,None observed in current wave or pending inspection,MIGRATE_IN_WP17D,FIRST_WAVE_REPAIR_AND_CONVERGENCE,Inspect and repair defects encountered during migration,WP17C_CANONICAL_PAGE,app/routing/AppRoutes.jsx,PortalShell + tokens + navigation canon,MIGRATING,Imported from WP17C ledger · Shared shell/token convergence wave active · Executive first-priority repair wave · app/routing/AppRoutes.jsx,PENDING
ROUTE-0034,public_shared,/inspections/new,/inspections,route_screen,ACTIVE,WP17D_CANONICAL_WAVE,WP17 public shell,Canonical glass header,Mixed or contextual navigation,Layered light base + navy grid + restrained glass,InspectionLegacyRedirect,lucide-react (canonical wrapper convergence),ALIGN_TO_WP17B_TERMINOLOGY,ADD_CONTEXTUAL_HELP_WHERE_REQUIRED,Canonical footer boundary in wave rollout,Canonical responsive shell in wave rollout,Under active convergence repair,None observed in current wave or pending inspection,MIGRATE_IN_WP17D,FIRST_WAVE_REPAIR_AND_CONVERGENCE,Inspect and repair defects encountered during migration,WP17C_CANONICAL_PAGE,app/routing/AppRoutes.jsx,PortalShell + tokens + navigation canon,MIGRATING,Imported from WP17C ledger · Shared shell/token convergence wave active · Executive first-priority repair wave · app/routing/AppRoutes.jsx,PENDING
ROUTE-0035,public_shared,/meetings/new,/meetings,route_screen,ACTIVE,WP17D_CANONICAL_WAVE,WP17 public shell,Canonical glass header,Mixed or contextual navigation,Layered light base + navy grid + restrained glass,NewMeeting,lucide-react (canonical wrapper convergence),ALIGN_TO_WP17B_TERMINOLOGY,ADD_CONTEXTUAL_HELP_WHERE_REQUIRED,Canonical footer boundary in wave rollout,Canonical responsive shell in wave rollout,Under active convergence repair,None observed in current wave or pending inspection,MIGRATE_IN_WP17D,FIRST_WAVE_REPAIR_AND_CONVERGENCE,Inspect and repair defects encountered during migration,WP17C_CANONICAL_PAGE,app/routing/AppRoutes.jsx,PortalShell + tokens + navigation canon,MIGRATING,Imported from WP17C ledger · Shared shell/token convergence wave active · Executive first-priority repair wave · app/routing/AppRoutes.jsx,PENDING
ROUTE-0036,public_shared,/meetings/submit,/meetings,route_screen,ACTIVE,WP17D_CANONICAL_WAVE,WP17 public shell,Canonical glass header,Mixed or contextual navigation,Layered light base + navy grid + restrained glass,NewMeeting,lucide-react (canonical wrapper convergence),ALIGN_TO_WP17B_TERMINOLOGY,ADD_CONTEXTUAL_HELP_WHERE_REQUIRED,Canonical footer boundary in wave rollout,Canonical responsive shell in wave rollout,Under active convergence repair,None observed in current wave or pending inspection,MIGRATE_IN_WP17D,FIRST_WAVE_REPAIR_AND_CONVERGENCE,Inspect and repair defects encountered during migration,WP17C_CANONICAL_PAGE,app/routing/AppRoutes.jsx,PortalShell + tokens + navigation canon,MIGRATING,Imported from WP17C ledger · Shared shell/token convergence wave active · Executive first-priority repair wave · app/routing/AppRoutes.jsx,PENDING
ROUTE-0037,public_shared,/jha,/,route_screen,ACTIVE,WP17D_CANONICAL_WAVE,WP17 public shell,Canonical glass header,Mixed or contextual navigation,Layered light base + navy grid + restrained glass,JhaPlansHub,lucide-react (canonical wrapper convergence),ALIGN_TO_WP17B_TERMINOLOGY,ADD_CONTEXTUAL_HELP_WHERE_REQUIRED,Canonical footer boundary in wave rollout,Canonical responsive shell in wave rollout,Under active convergence repair,None observed in current wave or pending inspection,MIGRATE_IN_WP17D,FIRST_WAVE_REPAIR_AND_CONVERGENCE,Inspect and repair defects encountered during migration,WP17C_CANONICAL_PAGE,app/routing/AppRoutes.jsx,PortalShell + tokens + navigation canon,MIGRATING,Imported from WP17C ledger · Shared shell/token convergence wave active · Executive first-priority repair wave · app/routing/AppRoutes.jsx,PENDING
ROUTE-0038,public_shared,/jha/submit,/jha,redirect_route,ACTIVE,WP17D_CANONICAL_WAVE,WP17 public shell,Canonical glass header,Mixed or contextual navigation,Layered light base + navy grid + restrained glass,Navigate,lucide-react (canonical wrapper convergence),ALIGN_TO_WP17B_TERMINOLOGY,ADD_CONTEXTUAL_HELP_WHERE_REQUIRED,Canonical footer boundary in wave rollout,Canonical responsive shell in wave rollout,Under active convergence repair,None observed in current wave or pending inspection,CANONICALIZE_REDIRECT,FIRST_WAVE_REPAIR_AND_CONVERGENCE,Inspect and repair defects encountered during migration,WP17C_CANONICAL_PAGE,app/routing/AppRoutes.jsx,PortalShell + tokens + navigation canon,REDIRECTED,Imported from WP17C ledger · Shared shell/token convergence wave active · Executive first-priority repair wave · app/routing/AppRoutes.jsx,PENDING
ROUTE-0039,public_shared,/jha/new,/jha,redirect_route,ACTIVE,WP17D_CANONICAL_WAVE,WP17 public shell,Canonical glass header,Mixed or contextual navigation,Layered light base + navy grid + restrained glass,Navigate,lucide-react (canonical wrapper convergence),ALIGN_TO_WP17B_TERMINOLOGY,ADD_CONTEXTUAL_HELP_WHERE_REQUIRED,Canonical footer boundary in wave rollout,Canonical responsive shell in wave rollout,Under active convergence repair,None observed in current wave or pending inspection,CANONICALIZE_REDIRECT,FIRST_WAVE_REPAIR_AND_CONVERGENCE,Inspect and repair defects encountered during migration,WP17C_CANONICAL_PAGE,app/routing/AppRoutes.jsx,PortalShell + tokens + navigation canon,REDIRECTED,Imported from WP17C ledger · Shared shell/token convergence wave active · Executive first-priority repair wave · app/routing/AppRoutes.jsx,PENDING
ROUTE-0040,public_shared,/trench-boxes,/,redirect_route,ACTIVE,WP17D_CANONICAL_WAVE,WP17 public shell,Canonical glass header,Mixed or contextual navigation,Layered light base + navy grid + restrained glass,Navigate,lucide-react (canonical wrapper convergence),ALIGN_TO_WP17B_TERMINOLOGY,ADD_CONTEXTUAL_HELP_WHERE_REQUIRED,Canonical footer boundary in wave rollout,Canonical responsive shell in wave rollout,Under active convergence repair,None observed in current wave or pending inspection,CANONICALIZE_REDIRECT,FIRST_WAVE_REPAIR_AND_CONVERGENCE,Inspect and repair defects encountered during migration,WP17C_CANONICAL_PAGE,app/routing/AppRoutes.jsx,PortalShell + tokens + navigation canon,REDIRECTED,Imported from WP17C ledger · Shared shell/token convergence wave active · Executive first-priority repair wave · app/routing/AppRoutes.jsx,PENDING
ROUTE-0041,public_shared,/trench-safety,/,route_screen,ACTIVE,WP17D_CANONICAL_WAVE,WP17 public shell,Canonical glass header,Mixed or contextual navigation,Layered light base + navy grid + restrained glass,PublicTrenchSafetyDashboard,lucide-react (canonical wrapper convergence),ALIGN_TO_WP17B_TERMINOLOGY,ADD_CONTEXTUAL_HELP_WHERE_REQUIRED,Canonical footer boundary in wave rollout,Canonical responsive shell in wave rollout,Under active convergence repair,None observed in current wave or pending inspection,MIGRATE_IN_WP17D,FIRST_WAVE_REPAIR_AND_CONVERGENCE,Inspect and repair defects encountered during migration,WP17C_CANONICAL_PAGE,app/routing/AppRoutes.jsx,PortalShell + tokens + navigation canon,MIGRATING,Imported from WP17C ledger · Shared shell/token convergence wave active · Executive first-priority repair wave · app/routing/AppRoutes.jsx,PENDING
ROUTE-0042,public_shared,/trench-safety/tabulated-data,/trench-safety,route_screen,ACTIVE,WP17D_CANONICAL_WAVE,WP17 public shell,Canonical glass header,Mixed or contextual navigation,Layered light base + navy grid + restrained glass,PublicTrenchSafetyTabulatedData,lucide-react (canonical wrapper convergence),ALIGN_TO_WP17B_TERMINOLOGY,ADD_CONTEXTUAL_HELP_WHERE_REQUIRED,Canonical footer boundary in wave rollout,Canonical responsive shell in wave rollout,Under active convergence repair,None observed in current wave or pending inspection,MIGRATE_IN_WP17D,FIRST_WAVE_REPAIR_AND_CONVERGENCE,Inspect and repair defects encountered during migration,WP17C_CANONICAL_PAGE,app/routing/AppRoutes.jsx,PortalShell + tokens + navigation canon,MIGRATING,Imported from WP17C ledger · Shared shell/token convergence wave active · Executive first-priority repair wave · app/routing/AppRoutes.jsx,PENDING
ROUTE-0043,public_shared,/trench-safety/references,/trench-safety,route_screen,ACTIVE,WP17D_CANONICAL_WAVE,WP17 public shell,Canonical glass header,Mixed or contextual navigation,Layered light base + navy grid + restrained glass,PublicTrenchSafetyReferences,lucide-react (canonical wrapper convergence),ALIGN_TO_WP17B_TERMINOLOGY,ADD_CONTEXTUAL_HELP_WHERE_REQUIRED,Canonical footer boundary in wave rollout,Canonical responsive shell in wave rollout,Under active convergence repair,None observed in current wave or pending inspection,MIGRATE_IN_WP17D,FIRST_WAVE_REPAIR_AND_CONVERGENCE,Inspect and repair defects encountered during migration,WP17C_CANONICAL_PAGE,app/routing/AppRoutes.jsx,PortalShell + tokens + navigation canon,MIGRATING,Imported from WP17C ledger · Shared shell/token convergence wave active · Executive first-priority repair wave · app/routing/AppRoutes.jsx,PENDING
ROUTE-0044,public_shared,/trench-safety/report,/trench-safety,route_screen,ACTIVE,WP17D_CANONICAL_WAVE,WP17 public shell,Canonical glass header,Mixed or contextual navigation,Layered light base + navy grid + restrained glass,PublicTrenchSafetyReport,lucide-react (canonical wrapper convergence),ALIGN_TO_WP17B_TERMINOLOGY,ADD_CONTEXTUAL_HELP_WHERE_REQUIRED,Canonical footer boundary in wave rollout,Canonical responsive shell in wave rollout,Under active convergence repair,None observed in current wave or pending inspection,MIGRATE_IN_WP17D,FIRST_WAVE_REPAIR_AND_CONVERGENCE,Inspect and repair defects encountered during migration,WP17C_CANONICAL_PAGE,app/routing/AppRoutes.jsx,PortalShell + tokens + navigation canon,MIGRATING,Imported from WP17C ledger · Shared shell/token convergence wave active · Executive first-priority repair wave · app/routing/AppRoutes.jsx,PENDING
ROUTE-0045,public_shared,/trench-safety/assets/:assetId,/trench-safety/assets,detail_route,DETAIL,WP17D_CANONICAL_WAVE,WP17 public shell,Canonical glass header,Mixed or contextual navigation,Layered light base + navy grid + restrained glass,TrenchSafetyQrLanding,lucide-react (canonical wrapper convergence),ALIGN_TO_WP17B_TERMINOLOGY,ADD_CONTEXTUAL_HELP_WHERE_REQUIRED,Canonical footer boundary in wave rollout,Canonical responsive shell in wave rollout,Under active convergence repair,None observed in current wave or pending inspection,KEEP_HIDDEN_DETAIL,FIRST_WAVE_REPAIR_AND_CONVERGENCE,Inspect and repair defects encountered during migration,WP17C_CANONICAL_DETAIL_PAGE,app/routing/AppRoutes.jsx,PortalShell + tokens + navigation canon,MIGRATING,Imported from WP17C ledger · Shared shell/token convergence wave active · Executive first-priority repair wave · app/routing/AppRoutes.jsx,PENDING
ROUTE-0046,transportation,/transport-invite/:token,/transport-invite,detail_route,DETAIL,WP17D_CANONICAL_WAVE,PortalShell (canonical wp17d wave),Canonical glass header,Canonical sidebar in wave migration,Layered light base + navy grid + restrained glass,ExternalCarrierInvite,lucide-react (canonical wrapper convergence),ALIGN_TO_WP17B_TERMINOLOGY,ADD_CONTEXTUAL_HELP_WHERE_REQUIRED,Canonical footer boundary in wave rollout,Canonical responsive shell in wave rollout,Under active convergence repair,Inspecting valid-session auth/runtime failures and mixed layout regressions,KEEP_HIDDEN_DETAIL,FIRST_WAVE_REPAIR_AND_CONVERGENCE,"Repair auth/runtime drift, duplicate navigation, and mixed shell behavior",WP17C_CANONICAL_DETAIL_PAGE,app/routing/AppRoutes.jsx,PortalShell + tokens + navigation canon,MIGRATING,Imported from WP17C ledger · Shared shell/token convergence wave active · Executive first-priority repair wave · app/routing/AppRoutes.jsx,PENDING
ROUTE-0047,transportation,/transport-verify/:cnum,/transport-verify,detail_route,DETAIL,WP17D_CANONICAL_WAVE,PortalShell (canonical wp17d wave),Canonical glass header,Canonical sidebar in wave migration,Layered light base + navy grid + restrained glass,CertificateVerify,lucide-react (canonical wrapper convergence),ALIGN_TO_WP17B_TERMINOLOGY,ADD_CONTEXTUAL_HELP_WHERE_REQUIRED,Canonical footer boundary in wave rollout,Canonical responsive shell in wave rollout,Under active convergence repair,Inspecting valid-session auth/runtime failures and mixed layout regressions,KEEP_HIDDEN_DETAIL,FIRST_WAVE_REPAIR_AND_CONVERGENCE,"Repair auth/runtime drift, duplicate navigation, and mixed shell behavior",WP17C_CANONICAL_DETAIL_PAGE,app/routing/AppRoutes.jsx,PortalShell + tokens + navigation canon,MIGRATING,Imported from WP17C ledger · Shared shell/token convergence wave active · Executive first-priority repair wave · app/routing/AppRoutes.jsx,PENDING
ROUTE-0048,public_shared,/incidents/new,/incidents,redirect_route,ACTIVE,WP17D_CANONICAL_WAVE,WP17 public shell,Canonical glass header,Mixed or contextual navigation,Layered light base + navy grid + restrained glass,Navigate,lucide-react (canonical wrapper convergence),ALIGN_TO_WP17B_TERMINOLOGY,ADD_CONTEXTUAL_HELP_WHERE_REQUIRED,Canonical footer boundary in wave rollout,Canonical responsive shell in wave rollout,Under active convergence repair,None observed in current wave or pending inspection,CANONICALIZE_REDIRECT,FIRST_WAVE_REPAIR_AND_CONVERGENCE,Inspect and repair defects encountered during migration,WP17C_CANONICAL_PAGE,app/routing/AppRoutes.jsx,PortalShell + tokens + navigation canon,REDIRECTED,Imported from WP17C ledger · Shared shell/token convergence wave active · Executive first-priority repair wave · app/routing/AppRoutes.jsx,PENDING
ROUTE-0049,public_shared,/incidents/submit,/incidents,redirect_route,ACTIVE,WP17D_CANONICAL_WAVE,WP17 public shell,Canonical glass header,Mixed or contextual navigation,Layered light base + navy grid + restrained glass,Navigate,lucide-react (canonical wrapper convergence),ALIGN_TO_WP17B_TERMINOLOGY,ADD_CONTEXTUAL_HELP_WHERE_REQUIRED,Canonical footer boundary in wave rollout,Canonical responsive shell in wave rollout,Under active convergence repair,None observed in current wave or pending inspection,CANONICALIZE_REDIRECT,FIRST_WAVE_REPAIR_AND_CONVERGENCE,Inspect and repair defects encountered during migration,WP17C_CANONICAL_PAGE,app/routing/AppRoutes.jsx,PortalShell + tokens + navigation canon,REDIRECTED,Imported from WP17C ledger · Shared shell/token convergence wave active · Executive first-priority repair wave · app/routing/AppRoutes.jsx,PENDING
ROUTE-0050,public_shared,/incidents/report,/incidents,route_screen,ACTIVE,WP17D_CANONICAL_WAVE,WP17 public shell,Canonical glass header,Mixed or contextual navigation,Layered light base + navy grid + restrained glass,IncidentReport,lucide-react (canonical wrapper convergence),ALIGN_TO_WP17B_TERMINOLOGY,ADD_CONTEXTUAL_HELP_WHERE_REQUIRED,Canonical footer boundary in wave rollout,Canonical responsive shell in wave rollout,Under active convergence repair,None observed in current wave or pending inspection,MIGRATE_IN_WP17D,FIRST_WAVE_REPAIR_AND_CONVERGENCE,Inspect and repair defects encountered during migration,WP17C_CANONICAL_PAGE,app/routing/AppRoutes.jsx,PortalShell + tokens + navigation canon,MIGRATING,Imported from WP17C ledger · Shared shell/token convergence wave active · Executive first-priority repair wave · app/routing/AppRoutes.jsx,PENDING
ROUTE-0051,public_shared,/near-miss,/,route_screen,ACTIVE,WP17D_CANONICAL_WAVE,WP17 public shell,Canonical glass header,Mixed or contextual navigation,Layered light base + navy grid + restrained glass,NearMissKiosk,lucide-react (canonical wrapper convergence),ALIGN_TO_WP17B_TERMINOLOGY,ADD_CONTEXTUAL_HELP_WHERE_REQUIRED,Canonical footer boundary in wave rollout,Canonical responsive shell in wave rollout,Under active convergence repair,None observed in current wave or pending inspection,MIGRATE_IN_WP17D,FIRST_WAVE_REPAIR_AND_CONVERGENCE,Inspect and repair defects encountered during migration,WP17C_CANONICAL_PAGE,app/routing/AppRoutes.jsx,PortalShell + tokens + navigation canon,MIGRATING,Imported from WP17C ledger · Shared shell/token convergence wave active · Executive first-priority repair wave · app/routing/AppRoutes.jsx,PENDING
ROUTE-0052,safety,/safety/cases/:caseId,/safety/cases,detail_route,DETAIL,WP17D_CANONICAL_WAVE,PortalShell (canonical wp17d wave),Canonical glass header,Canonical sidebar in wave migration,Layered light base + navy grid + restrained glass,SafetyCaseWorkspace,lucide-react (canonical wrapper convergence),ALIGN_TO_WP17B_TERMINOLOGY,ADD_CONTEXTUAL_HELP_WHERE_REQUIRED,Canonical footer boundary in wave rollout,Canonical responsive shell in wave rollout,Operational; convergence verification pending,None observed in current wave or pending inspection,KEEP_HIDDEN_DETAIL,PORTAL_MIGRATION,Inspect and repair defects encountered during migration,WP17C_CANONICAL_DETAIL_PAGE,app/routing/AppRoutes.jsx,PortalShell + tokens + navigation canon,IMPLEMENTED,Imported from WP17C ledger · Shared shell/token convergence wave active · app/routing/AppRoutes.jsx,PENDING
ROUTE-0053,safety,/safety/incidents/:caseId/thread,/safety/incidents/:caseId,detail_route,DETAIL,WP17D_CANONICAL_WAVE,PortalShell (canonical wp17d wave),Canonical glass header,Canonical sidebar in wave migration,Layered light base + navy grid + restrained glass,SafetyIncidentThread,lucide-react (canonical wrapper convergence),ALIGN_TO_WP17B_TERMINOLOGY,ADD_CONTEXTUAL_HELP_WHERE_REQUIRED,Canonical footer boundary in wave rollout,Canonical responsive shell in wave rollout,Operational; convergence verification pending,None observed in current wave or pending inspection,KEEP_HIDDEN_DETAIL,PORTAL_MIGRATION,Inspect and repair defects encountered during migration,WP17C_CANONICAL_DETAIL_PAGE,app/routing/AppRoutes.jsx,PortalShell + tokens + navigation canon,IMPLEMENTED,Imported from WP17C ledger · Shared shell/token convergence wave active · app/routing/AppRoutes.jsx,PENDING
ROUTE-0054,safety,/safety/executive-intelligence,/safety,route_screen,ACTIVE,WP17D_CANONICAL_WAVE,PortalShell (canonical wp17d wave),Canonical glass header,Canonical sidebar in wave migration,Layered light base + navy grid + restrained glass,ExecutiveIntelligence,lucide-react (canonical wrapper convergence),ALIGN_TO_WP17B_TERMINOLOGY,ADD_CONTEXTUAL_HELP_WHERE_REQUIRED,Canonical footer boundary in wave rollout,Canonical responsive shell in wave rollout,Operational; convergence verification pending,None observed in current wave or pending inspection,MIGRATE_IN_WP17D,PORTAL_MIGRATION,Inspect and repair defects encountered during migration,WP17C_CANONICAL_PAGE,app/routing/AppRoutes.jsx,PortalShell + tokens + navigation canon,IMPLEMENTED,Imported from WP17C ledger · Shared shell/token convergence wave active · app/routing/AppRoutes.jsx,PENDING
ROUTE-0055,safety,/safety/cases/:caseId/reports/:reportType,/safety/cases/:caseId/reports,detail_route,DETAIL,WP17D_CANONICAL_WAVE,PortalShell (canonical wp17d wave),Canonical glass header,Canonical sidebar in wave migration,Layered light base + navy grid + restrained glass,IncidentReportViewer,lucide-react (canonical wrapper convergence),ALIGN_TO_WP17B_TERMINOLOGY,ADD_CONTEXTUAL_HELP_WHERE_REQUIRED,Canonical footer boundary in wave rollout,Canonical responsive shell in wave rollout,Operational; convergence verification pending,None observed in current wave or pending inspection,KEEP_HIDDEN_DETAIL,PORTAL_MIGRATION,Inspect and repair defects encountered during migration,WP17C_CANONICAL_DETAIL_PAGE,app/routing/AppRoutes.jsx,PortalShell + tokens + navigation canon,IMPLEMENTED,Imported from WP17C ledger · Shared shell/token convergence wave active · app/routing/AppRoutes.jsx,PENDING
ROUTE-0056,safety,/safety/cases/:caseId/executive-report,/safety/cases/:caseId,detail_route,DETAIL,WP17D_CANONICAL_WAVE,PortalShell (canonical wp17d wave),Canonical glass header,Canonical sidebar in wave migration,Layered light base + navy grid + restrained glass,ExecutiveCaseReport,lucide-react (canonical wrapper convergence),ALIGN_TO_WP17B_TERMINOLOGY,ADD_CONTEXTUAL_HELP_WHERE_REQUIRED,Canonical footer boundary in wave rollout,Canonical responsive shell in wave rollout,Operational; convergence verification pending,None observed in current wave or pending inspection,KEEP_HIDDEN_DETAIL,PORTAL_MIGRATION,Inspect and repair defects encountered during migration,WP17C_CANONICAL_DETAIL_PAGE,app/routing/AppRoutes.jsx,PortalShell + tokens + navigation canon,IMPLEMENTED,Imported from WP17C ledger · Shared shell/token convergence wave active · app/routing/AppRoutes.jsx,PENDING
ROUTE-0057,public_shared,/daily/new,/daily,redirect_route,ACTIVE,WP17D_CANONICAL_WAVE,WP17 public shell,Canonical glass header,Mixed or contextual navigation,Layered light base + navy grid + restrained glass,Navigate,lucide-react (canonical wrapper convergence),ALIGN_TO_WP17B_TERMINOLOGY,ADD_CONTEXTUAL_HELP_WHERE_REQUIRED,Canonical footer boundary in wave rollout,Canonical responsive shell in wave rollout,Under active convergence repair,None observed in current wave or pending inspection,CANONICALIZE_REDIRECT,FIRST_WAVE_REPAIR_AND_CONVERGENCE,Inspect and repair defects encountered during migration,WP17C_CANONICAL_PAGE,app/routing/AppRoutes.jsx,PortalShell + tokens + navigation canon,REDIRECTED,Imported from WP17C ledger · Shared shell/token convergence wave active · Executive first-priority repair wave · app/routing/AppRoutes.jsx,PENDING
ROUTE-0058,public_shared,/daily/submit,/daily,route_screen,ACTIVE,WP17D_CANONICAL_WAVE,WP17 public shell,Canonical glass header,Mixed or contextual navigation,Layered light base + navy grid + restrained glass,NewDailyReportV3,lucide-react (canonical wrapper convergence),ALIGN_TO_WP17B_TERMINOLOGY,ADD_CONTEXTUAL_HELP_WHERE_REQUIRED,Canonical footer boundary in wave rollout,Canonical responsive shell in wave rollout,Under active convergence repair,None observed in current wave or pending inspection,MIGRATE_IN_WP17D,FIRST_WAVE_REPAIR_AND_CONVERGENCE,Inspect and repair defects encountered during migration,WP17C_CANONICAL_PAGE,app/routing/AppRoutes.jsx,PortalShell + tokens + navigation canon,MIGRATING,Imported from WP17C ledger · Shared shell/token convergence wave active · Executive first-priority repair wave · app/routing/AppRoutes.jsx,PENDING
ROUTE-0059,public_shared,/equipment/new,/equipment,route_screen,ACTIVE,WP17D_CANONICAL_WAVE,WP17 public shell,Canonical glass header,Mixed or contextual navigation,Layered light base + navy grid + restrained glass,NewEquipmentInspection,lucide-react (canonical wrapper convergence),ALIGN_TO_WP17B_TERMINOLOGY,ADD_CONTEXTUAL_HELP_WHERE_REQUIRED,Canonical footer boundary in wave rollout,Canonical responsive shell in wave rollout,Under active convergence repair,None observed in current wave or pending inspection,MIGRATE_IN_WP17D,FIRST_WAVE_REPAIR_AND_CONVERGENCE,Inspect and repair defects encountered during migration,WP17C_CANONICAL_PAGE,app/routing/AppRoutes.jsx,PortalShell + tokens + navigation canon,MIGRATING,Imported from WP17C ledger · Shared shell/token convergence wave active · Executive first-priority repair wave · app/routing/AppRoutes.jsx,PENDING
ROUTE-0060,public_shared,/equipment/submit,/equipment,route_screen,ACTIVE,WP17D_CANONICAL_WAVE,WP17 public shell,Canonical glass header,Mixed or contextual navigation,Layered light base + navy grid + restrained glass,NewEquipmentInspection,lucide-react (canonical wrapper convergence),ALIGN_TO_WP17B_TERMINOLOGY,ADD_CONTEXTUAL_HELP_WHERE_REQUIRED,Canonical footer boundary in wave rollout,Canonical responsive shell in wave rollout,Under active convergence repair,None observed in current wave or pending inspection,MIGRATE_IN_WP17D,FIRST_WAVE_REPAIR_AND_CONVERGENCE,Inspect and repair defects encountered during migration,WP17C_CANONICAL_PAGE,app/routing/AppRoutes.jsx,PortalShell + tokens + navigation canon,MIGRATING,Imported from WP17C ledger · Shared shell/token convergence wave active · Executive first-priority repair wave · app/routing/AppRoutes.jsx,PENDING
ROUTE-0061,public_shared,/equipment/:id,/equipment,detail_route,DETAIL,WP17D_CANONICAL_WAVE,WP17 public shell,Canonical glass header,Mixed or contextual navigation,Layered light base + navy grid + restrained glass,RedirectWithId,lucide-react (canonical wrapper convergence),ALIGN_TO_WP17B_TERMINOLOGY,ADD_CONTEXTUAL_HELP_WHERE_REQUIRED,Canonical footer boundary in wave rollout,Canonical responsive shell in wave rollout,Under active convergence repair,None observed in current wave or pending inspection,KEEP_HIDDEN_DETAIL,FIRST_WAVE_REPAIR_AND_CONVERGENCE,Inspect and repair defects encountered during migration,WP17C_CANONICAL_DETAIL_PAGE,app/routing/AppRoutes.jsx,PortalShell + tokens + navigation canon,MIGRATING,Imported from WP17C ledger · Shared shell/token convergence wave active · Executive first-priority repair wave · app/routing/AppRoutes.jsx,PENDING
ROUTE-0062,public_shared,/fleet/dvir/new,/fleet/dvir,route_screen,ACTIVE,WP17D_CANONICAL_WAVE,WP17 public shell,Canonical glass header,Mixed or contextual navigation,Layered light base + navy grid + restrained glass,NewFleetDVIR,lucide-react (canonical wrapper convergence),ALIGN_TO_WP17B_TERMINOLOGY,ADD_CONTEXTUAL_HELP_WHERE_REQUIRED,Canonical footer boundary in wave rollout,Canonical responsive shell in wave rollout,Under active convergence repair,None observed in current wave or pending inspection,MIGRATE_IN_WP17D,FIRST_WAVE_REPAIR_AND_CONVERGENCE,Inspect and repair defects encountered during migration,WP17C_CANONICAL_PAGE,app/routing/AppRoutes.jsx,PortalShell + tokens + navigation canon,MIGRATING,Imported from WP17C ledger · Shared shell/token convergence wave active · Executive first-priority repair wave · app/routing/AppRoutes.jsx,PENDING
ROUTE-0063,public_shared,/fleet/dvir/submit,/fleet/dvir,route_screen,ACTIVE,WP17D_CANONICAL_WAVE,WP17 public shell,Canonical glass header,Mixed or contextual navigation,Layered light base + navy grid + restrained glass,NewFleetDVIR,lucide-react (canonical wrapper convergence),ALIGN_TO_WP17B_TERMINOLOGY,ADD_CONTEXTUAL_HELP_WHERE_REQUIRED,Canonical footer boundary in wave rollout,Canonical responsive shell in wave rollout,Under active convergence repair,None observed in current wave or pending inspection,MIGRATE_IN_WP17D,FIRST_WAVE_REPAIR_AND_CONVERGENCE,Inspect and repair defects encountered during migration,WP17C_CANONICAL_PAGE,app/routing/AppRoutes.jsx,PortalShell + tokens + navigation canon,MIGRATING,Imported from WP17C ledger · Shared shell/token convergence wave active · Executive first-priority repair wave · app/routing/AppRoutes.jsx,PENDING
ROUTE-0064,public_shared,/fleet/weekly-lead/new,/fleet/weekly-lead,route_screen,ACTIVE,WP17D_CANONICAL_WAVE,WP17 public shell,Canonical glass header,Mixed or contextual navigation,Layered light base + navy grid + restrained glass,NewFleetDVIR,lucide-react (canonical wrapper convergence),ALIGN_TO_WP17B_TERMINOLOGY,ADD_CONTEXTUAL_HELP_WHERE_REQUIRED,Canonical footer boundary in wave rollout,Canonical responsive shell in wave rollout,Under active convergence repair,None observed in current wave or pending inspection,MIGRATE_IN_WP17D,FIRST_WAVE_REPAIR_AND_CONVERGENCE,Inspect and repair defects encountered during migration,WP17C_CANONICAL_PAGE,app/routing/AppRoutes.jsx,PortalShell + tokens + navigation canon,MIGRATING,Imported from WP17C ledger · Shared shell/token convergence wave active · Executive first-priority repair wave · app/routing/AppRoutes.jsx,PENDING
ROUTE-0065,public_shared,/fleet/weekly-emergency/new,/fleet/weekly-emergency,route_screen,ACTIVE,WP17D_CANONICAL_WAVE,WP17 public shell,Canonical glass header,Mixed or contextual navigation,Layered light base + navy grid + restrained glass,NewFleetDVIR,lucide-react (canonical wrapper convergence),ALIGN_TO_WP17B_TERMINOLOGY,ADD_CONTEXTUAL_HELP_WHERE_REQUIRED,Canonical footer boundary in wave rollout,Canonical responsive shell in wave rollout,Under active convergence repair,None observed in current wave or pending inspection,MIGRATE_IN_WP17D,FIRST_WAVE_REPAIR_AND_CONVERGENCE,Inspect and repair defects encountered during migration,WP17C_CANONICAL_PAGE,app/routing/AppRoutes.jsx,PortalShell + tokens + navigation canon,MIGRATING,Imported from WP17C ledger · Shared shell/token convergence wave active · Executive first-priority repair wave · app/routing/AppRoutes.jsx,PENDING
ROUTE-0066,public_shared,/fleet/dvir/submitted/:id,/fleet/dvir/submitted,detail_route,DETAIL,WP17D_CANONICAL_WAVE,WP17 public shell,Canonical glass header,Mixed or contextual navigation,Layered light base + navy grid + restrained glass,FleetDVIRConfirmation,lucide-react (canonical wrapper convergence),ALIGN_TO_WP17B_TERMINOLOGY,ADD_CONTEXTUAL_HELP_WHERE_REQUIRED,Canonical footer boundary in wave rollout,Canonical responsive shell in wave rollout,Under active convergence repair,None observed in current wave or pending inspection,KEEP_HIDDEN_DETAIL,FIRST_WAVE_REPAIR_AND_CONVERGENCE,Inspect and repair defects encountered during migration,WP17C_CANONICAL_DETAIL_PAGE,app/routing/AppRoutes.jsx,PortalShell + tokens + navigation canon,MIGRATING,Imported from WP17C ledger · Shared shell/token convergence wave active · Executive first-priority repair wave · app/routing/AppRoutes.jsx,PENDING
ROUTE-0067,public_shared,/thank-you,/,route_screen,ACTIVE,WP17D_CANONICAL_WAVE,WP17 public shell,Canonical glass header,Mixed or contextual navigation,Layered light base + navy grid + restrained glass,ThankYou,lucide-react (canonical wrapper convergence),ALIGN_TO_WP17B_TERMINOLOGY,ADD_CONTEXTUAL_HELP_WHERE_REQUIRED,Canonical footer boundary in wave rollout,Canonical responsive shell in wave rollout,Under active convergence repair,None observed in current wave or pending inspection,MIGRATE_IN_WP17D,FIRST_WAVE_REPAIR_AND_CONVERGENCE,Inspect and repair defects encountered during migration,WP17C_CANONICAL_PAGE,app/routing/AppRoutes.jsx,PortalShell + tokens + navigation canon,MIGRATING,Imported from WP17C ledger · Shared shell/token convergence wave active · Executive first-priority repair wave · app/routing/AppRoutes.jsx,PENDING
ROUTE-0068,public_shared,/cheatsheet,/,route_screen,ACTIVE,WP17D_CANONICAL_WAVE,WP17 public shell,Canonical glass header,Mixed or contextual navigation,Layered light base + navy grid + restrained glass,PosterErrorBoundary,lucide-react (canonical wrapper convergence),ALIGN_TO_WP17B_TERMINOLOGY,ADD_CONTEXTUAL_HELP_WHERE_REQUIRED,Canonical footer boundary in wave rollout,Canonical responsive shell in wave rollout,Under active convergence repair,None observed in current wave or pending inspection,MIGRATE_IN_WP17D,FIRST_WAVE_REPAIR_AND_CONVERGENCE,Inspect and repair defects encountered during migration,WP17C_CANONICAL_PAGE,app/routing/AppRoutes.jsx,PortalShell + tokens + navigation canon,MIGRATING,Imported from WP17C ledger · Shared shell/token convergence wave active · Executive first-priority repair wave · app/routing/AppRoutes.jsx,PENDING
ROUTE-0069,public_shared,/cheat-sheet,/,redirect_route,ACTIVE,WP17D_CANONICAL_WAVE,WP17 public shell,Canonical glass header,Mixed or contextual navigation,Layered light base + navy grid + restrained glass,Navigate,lucide-react (canonical wrapper convergence),ALIGN_TO_WP17B_TERMINOLOGY,ADD_CONTEXTUAL_HELP_WHERE_REQUIRED,Canonical footer boundary in wave rollout,Canonical responsive shell in wave rollout,Under active convergence repair,None observed in current wave or pending inspection,CANONICALIZE_REDIRECT,FIRST_WAVE_REPAIR_AND_CONVERGENCE,Inspect and repair defects encountered during migration,WP17C_CANONICAL_PAGE,app/routing/AppRoutes.jsx,PortalShell + tokens + navigation canon,REDIRECTED,Imported from WP17C ledger · Shared shell/token convergence wave active · Executive first-priority repair wave · app/routing/AppRoutes.jsx,PENDING
ROUTE-0070,public_shared,/reports/daily/new,/reports/daily,redirect_route,ACTIVE,WP17D_CANONICAL_WAVE,WP17 public shell,Canonical glass header,Mixed or contextual navigation,Layered light base + navy grid + restrained glass,Navigate,lucide-react (canonical wrapper convergence),ALIGN_TO_WP17B_TERMINOLOGY,ADD_CONTEXTUAL_HELP_WHERE_REQUIRED,Canonical footer boundary in wave rollout,Canonical responsive shell in wave rollout,Under active convergence repair,None observed in current wave or pending inspection,CANONICALIZE_REDIRECT,FIRST_WAVE_REPAIR_AND_CONVERGENCE,Inspect and repair defects encountered during migration,WP17C_CANONICAL_PAGE,app/routing/AppRoutes.jsx,PortalShell + tokens + navigation canon,REDIRECTED,Imported from WP17C ledger · Shared shell/token convergence wave active · Executive first-priority repair wave · app/routing/AppRoutes.jsx,PENDING
ROUTE-0071,public_shared,/daily-reports/new,/daily-reports,redirect_route,ACTIVE,WP17D_CANONICAL_WAVE,WP17 public shell,Canonical glass header,Mixed or contextual navigation,Layered light base + navy grid + restrained glass,Navigate,lucide-react (canonical wrapper convergence),ALIGN_TO_WP17B_TERMINOLOGY,ADD_CONTEXTUAL_HELP_WHERE_REQUIRED,Canonical footer boundary in wave rollout,Canonical responsive shell in wave rollout,Under active convergence repair,None observed in current wave or pending inspection,REPRESENTATIVE_IMPLEMENTATION,FIRST_WAVE_REPAIR_AND_CONVERGENCE,Inspect and repair defects encountered during migration,WP17C_CANONICAL_PAGE,app/routing/AppRoutes.jsx,PortalShell + tokens + navigation canon,REDIRECTED,Imported from WP17C ledger · Shared shell/token convergence wave active · Executive first-priority repair wave · app/routing/AppRoutes.jsx,PENDING
ROUTE-0072,public_shared,/daily-reports,/,route_screen,ACTIVE,WP17D_CANONICAL_WAVE,WP17 public shell,Canonical glass header,Mixed or contextual navigation,Layered light base + navy grid + restrained glass,route_element,lucide-react (canonical wrapper convergence),ALIGN_TO_WP17B_TERMINOLOGY,ADD_CONTEXTUAL_HELP_WHERE_REQUIRED,Canonical footer boundary in wave rollout,Canonical responsive shell in wave rollout,Under active convergence repair,None observed in current wave or pending inspection,MIGRATE_IN_WP17D,FIRST_WAVE_REPAIR_AND_CONVERGENCE,Inspect and repair defects encountered during migration,WP17C_CANONICAL_PAGE,app/routing/AppRoutes.jsx,PortalShell + tokens + navigation canon,MIGRATING,Imported from WP17C ledger · Shared shell/token convergence wave active · Executive first-priority repair wave · app/routing/AppRoutes.jsx,PENDING
ROUTE-0073,public_shared,/daily-reports/:id,/daily-reports,detail_route,DETAIL,WP17D_CANONICAL_WAVE,WP17 public shell,Canonical glass header,Mixed or contextual navigation,Layered light base + navy grid + restrained glass,RedirectWithId,lucide-react (canonical wrapper convergence),ALIGN_TO_WP17B_TERMINOLOGY,ADD_CONTEXTUAL_HELP_WHERE_REQUIRED,Canonical footer boundary in wave rollout,Canonical responsive shell in wave rollout,Under active convergence repair,None observed in current wave or pending inspection,KEEP_HIDDEN_DETAIL,FIRST_WAVE_REPAIR_AND_CONVERGENCE,Inspect and repair defects encountered during migration,WP17C_CANONICAL_DETAIL_PAGE,app/routing/AppRoutes.jsx,PortalShell + tokens + navigation canon,MIGRATING,Imported from WP17C ledger · Shared shell/token convergence wave active · Executive first-priority repair wave · app/routing/AppRoutes.jsx,PENDING
ROUTE-0074,safety,/safety/jha,/safety,redirect_route,ACTIVE,WP17D_CANONICAL_WAVE,PortalShell (canonical wp17d wave),Canonical glass header,Canonical sidebar in wave migration,Layered light base + navy grid + restrained glass,Navigate,lucide-react (canonical wrapper convergence),ALIGN_TO_WP17B_TERMINOLOGY,ADD_CONTEXTUAL_HELP_WHERE_REQUIRED,Canonical footer boundary in wave rollout,Canonical responsive shell in wave rollout,Operational; convergence verification pending,None observed in current wave or pending inspection,CANONICALIZE_REDIRECT,PORTAL_MIGRATION,Inspect and repair defects encountered during migration,WP17C_CANONICAL_PAGE,app/routing/AppRoutes.jsx,PortalShell + tokens + navigation canon,REDIRECTED,Imported from WP17C ledger · Shared shell/token convergence wave active · app/routing/AppRoutes.jsx,PENDING
ROUTE-0075,safety,/safety/trench-boxes,/safety,redirect_route,ACTIVE,WP17D_CANONICAL_WAVE,PortalShell (canonical wp17d wave),Canonical glass header,Canonical sidebar in wave migration,Layered light base + navy grid + restrained glass,Navigate,lucide-react (canonical wrapper convergence),ALIGN_TO_WP17B_TERMINOLOGY,ADD_CONTEXTUAL_HELP_WHERE_REQUIRED,Canonical footer boundary in wave rollout,Canonical responsive shell in wave rollout,Operational; convergence verification pending,None observed in current wave or pending inspection,CANONICALIZE_REDIRECT,PORTAL_MIGRATION,Inspect and repair defects encountered during migration,WP17C_CANONICAL_PAGE,app/routing/AppRoutes.jsx,PortalShell + tokens + navigation canon,REDIRECTED,Imported from WP17C ledger · Shared shell/token convergence wave active · app/routing/AppRoutes.jsx,PENDING
ROUTE-0076,safety,/safety/trench-safety,/safety,route_screen,ACTIVE,WP17D_CANONICAL_WAVE,PortalShell (canonical wp17d wave),Canonical glass header,Canonical sidebar in wave migration,Layered light base + navy grid + restrained glass,route_element,lucide-react (canonical wrapper convergence),ALIGN_TO_WP17B_TERMINOLOGY,ADD_CONTEXTUAL_HELP_WHERE_REQUIRED,Canonical footer boundary in wave rollout,Canonical responsive shell in wave rollout,Operational; convergence verification pending,None observed in current wave or pending inspection,MIGRATE_IN_WP17D,PORTAL_MIGRATION,Inspect and repair defects encountered during migration,WP17C_CANONICAL_PAGE,app/routing/AppRoutes.jsx,PortalShell + tokens + navigation canon,IMPLEMENTED,Imported from WP17C ledger · Shared shell/token convergence wave active · app/routing/AppRoutes.jsx,PENDING
ROUTE-0077,safety,/safety/trench-safety/assets,/safety/trench-safety,route_screen,ACTIVE,WP17D_CANONICAL_WAVE,PortalShell (canonical wp17d wave),Canonical glass header,Canonical sidebar in wave migration,Layered light base + navy grid + restrained glass,route_element,lucide-react (canonical wrapper convergence),ALIGN_TO_WP17B_TERMINOLOGY,ADD_CONTEXTUAL_HELP_WHERE_REQUIRED,Canonical footer boundary in wave rollout,Canonical responsive shell in wave rollout,Operational; convergence verification pending,None observed in current wave or pending inspection,MIGRATE_IN_WP17D,PORTAL_MIGRATION,Inspect and repair defects encountered during migration,WP17C_CANONICAL_PAGE,app/routing/AppRoutes.jsx,PortalShell + tokens + navigation canon,IMPLEMENTED,Imported from WP17C ledger · Shared shell/token convergence wave active · app/routing/AppRoutes.jsx,PENDING
ROUTE-0078,safety,/safety/trench-safety/assets/:assetId,/safety/trench-safety/assets,detail_route,DETAIL,WP17D_CANONICAL_WAVE,PortalShell (canonical wp17d wave),Canonical glass header,Canonical sidebar in wave migration,Layered light base + navy grid + restrained glass,route_element,lucide-react (canonical wrapper convergence),ALIGN_TO_WP17B_TERMINOLOGY,ADD_CONTEXTUAL_HELP_WHERE_REQUIRED,Canonical footer boundary in wave rollout,Canonical responsive shell in wave rollout,Operational; convergence verification pending,None observed in current wave or pending inspection,KEEP_HIDDEN_DETAIL,PORTAL_MIGRATION,Inspect and repair defects encountered during migration,WP17C_CANONICAL_DETAIL_PAGE,app/routing/AppRoutes.jsx,PortalShell + tokens + navigation canon,IMPLEMENTED,Imported from WP17C ledger · Shared shell/token convergence wave active · app/routing/AppRoutes.jsx,PENDING
ROUTE-0079,safety,/safety/trench-safety/tabulated-data,/safety/trench-safety,route_screen,ACTIVE,WP17D_CANONICAL_WAVE,PortalShell (canonical wp17d wave),Canonical glass header,Canonical sidebar in wave migration,Layered light base + navy grid + restrained glass,route_element,lucide-react (canonical wrapper convergence),ALIGN_TO_WP17B_TERMINOLOGY,ADD_CONTEXTUAL_HELP_WHERE_REQUIRED,Canonical footer boundary in wave rollout,Canonical responsive shell in wave rollout,Operational; convergence verification pending,None observed in current wave or pending inspection,MIGRATE_IN_WP17D,PORTAL_MIGRATION,Inspect and repair defects encountered during migration,WP17C_CANONICAL_PAGE,app/routing/AppRoutes.jsx,PortalShell + tokens + navigation canon,IMPLEMENTED,Imported from WP17C ledger · Shared shell/token convergence wave active · app/routing/AppRoutes.jsx,PENDING
ROUTE-0080,safety,/safety/trench-safety/reports,/safety/trench-safety,route_screen,ACTIVE,WP17D_CANONICAL_WAVE,PortalShell (canonical wp17d wave),Canonical glass header,Canonical sidebar in wave migration,Layered light base + navy grid + restrained glass,route_element,lucide-react (canonical wrapper convergence),ALIGN_TO_WP17B_TERMINOLOGY,ADD_CONTEXTUAL_HELP_WHERE_REQUIRED,Canonical footer boundary in wave rollout,Canonical responsive shell in wave rollout,Operational; convergence verification pending,None observed in current wave or pending inspection,MIGRATE_IN_WP17D,PORTAL_MIGRATION,Inspect and repair defects encountered during migration,WP17C_CANONICAL_PAGE,app/routing/AppRoutes.jsx,PortalShell + tokens + navigation canon,IMPLEMENTED,Imported from WP17C ledger · Shared shell/token convergence wave active · app/routing/AppRoutes.jsx,PENDING
ROUTE-0081,safety,/safety/trench-safety/excavations,/safety/trench-safety,route_screen,ACTIVE,WP17D_CANONICAL_WAVE,PortalShell (canonical wp17d wave),Canonical glass header,Canonical sidebar in wave migration,Layered light base + navy grid + restrained glass,route_element,lucide-react (canonical wrapper convergence),ALIGN_TO_WP17B_TERMINOLOGY,ADD_CONTEXTUAL_HELP_WHERE_REQUIRED,Canonical footer boundary in wave rollout,Canonical responsive shell in wave rollout,Operational; convergence verification pending,None observed in current wave or pending inspection,MIGRATE_IN_WP17D,PORTAL_MIGRATION,Inspect and repair defects encountered during migration,WP17C_CANONICAL_PAGE,app/routing/AppRoutes.jsx,PortalShell + tokens + navigation canon,IMPLEMENTED,Imported from WP17C ledger · Shared shell/token convergence wave active · app/routing/AppRoutes.jsx,PENDING
ROUTE-0082,admin,/admin/trench-safety/excavations,/admin/trench-safety,route_screen,ACTIVE,WP17D_CANONICAL_WAVE,PortalShell (canonical wp17d wave),Canonical glass header,Canonical sidebar in wave migration,Layered light base + navy grid + restrained glass,route_element,lucide-react (canonical wrapper convergence),ALIGN_TO_WP17B_TERMINOLOGY,ADD_CONTEXTUAL_HELP_WHERE_REQUIRED,Canonical footer boundary in wave rollout,Canonical responsive shell in wave rollout,Operational; convergence verification pending,None observed in current wave or pending inspection,MIGRATE_IN_WP17D,PORTAL_MIGRATION,Inspect and repair defects encountered during migration,WP17C_CANONICAL_PAGE,app/routing/AppRoutes.jsx,PortalShell + tokens + navigation canon,IMPLEMENTED,Imported from WP17C ledger · Shared shell/token convergence wave active · app/routing/AppRoutes.jsx,PENDING
ROUTE-0083,public_shared,/trench-safety/excavation/new,/trench-safety/excavation,route_screen,ACTIVE,WP17D_CANONICAL_WAVE,WP17 public shell,Canonical glass header,Mixed or contextual navigation,Layered light base + navy grid + restrained glass,PublicExcavationForm,lucide-react (canonical wrapper convergence),ALIGN_TO_WP17B_TERMINOLOGY,ADD_CONTEXTUAL_HELP_WHERE_REQUIRED,Canonical footer boundary in wave rollout,Canonical responsive shell in wave rollout,Under active convergence repair,None observed in current wave or pending inspection,MIGRATE_IN_WP17D,FIRST_WAVE_REPAIR_AND_CONVERGENCE,Inspect and repair defects encountered during migration,WP17C_CANONICAL_PAGE,app/routing/AppRoutes.jsx,PortalShell + tokens + navigation canon,MIGRATING,Imported from WP17C ledger · Shared shell/token convergence wave active · Executive first-priority repair wave · app/routing/AppRoutes.jsx,PENDING
ROUTE-0084,safety,/safety/trench-safety/repair-review,/safety/trench-safety,route_screen,ACTIVE,WP17D_CANONICAL_WAVE,PortalShell (canonical wp17d wave),Canonical glass header,Canonical sidebar in wave migration,Layered light base + navy grid + restrained glass,route_element,lucide-react (canonical wrapper convergence),ALIGN_TO_WP17B_TERMINOLOGY,ADD_CONTEXTUAL_HELP_WHERE_REQUIRED,Canonical footer boundary in wave rollout,Canonical responsive shell in wave rollout,Operational; convergence verification pending,None observed in current wave or pending inspection,MIGRATE_IN_WP17D,PORTAL_MIGRATION,Inspect and repair defects encountered during migration,WP17C_CANONICAL_PAGE,app/routing/AppRoutes.jsx,PortalShell + tokens + navigation canon,IMPLEMENTED,Imported from WP17C ledger · Shared shell/token convergence wave active · app/routing/AppRoutes.jsx,PENDING
ROUTE-0085,safety,/safety/trench-safety/field-reports,/safety/trench-safety,route_screen,ACTIVE,WP17D_CANONICAL_WAVE,PortalShell (canonical wp17d wave),Canonical glass header,Canonical sidebar in wave migration,Layered light base + navy grid + restrained glass,route_element,lucide-react (canonical wrapper convergence),ALIGN_TO_WP17B_TERMINOLOGY,ADD_CONTEXTUAL_HELP_WHERE_REQUIRED,Canonical footer boundary in wave rollout,Canonical responsive shell in wave rollout,Operational; convergence verification pending,None observed in current wave or pending inspection,MIGRATE_IN_WP17D,PORTAL_MIGRATION,Inspect and repair defects encountered during migration,WP17C_CANONICAL_PAGE,app/routing/AppRoutes.jsx,PortalShell + tokens + navigation canon,IMPLEMENTED,Imported from WP17C ledger · Shared shell/token convergence wave active · app/routing/AppRoutes.jsx,PENDING
ROUTE-0086,safety,/safety-portal/trench-safety,/safety-portal,redirect_route,ACTIVE,WP17D_CANONICAL_WAVE,PortalShell (canonical wp17d wave),Canonical glass header,Canonical sidebar in wave migration,Layered light base + navy grid + restrained glass,Navigate,lucide-react (canonical wrapper convergence),ALIGN_TO_WP17B_TERMINOLOGY,ADD_CONTEXTUAL_HELP_WHERE_REQUIRED,Canonical footer boundary in wave rollout,Canonical responsive shell in wave rollout,Operational; convergence verification pending,None observed in current wave or pending inspection,CANONICALIZE_REDIRECT,PORTAL_MIGRATION,Inspect and repair defects encountered during migration,WP17C_CANONICAL_PAGE,app/routing/AppRoutes.jsx,PortalShell + tokens + navigation canon,REDIRECTED,Imported from WP17C ledger · Shared shell/token convergence wave active · app/routing/AppRoutes.jsx,PENDING
ROUTE-0087,safety,/safety-portal/trench-safety/assets,/safety-portal/trench-safety,redirect_route,ACTIVE,WP17D_CANONICAL_WAVE,PortalShell (canonical wp17d wave),Canonical glass header,Canonical sidebar in wave migration,Layered light base + navy grid + restrained glass,Navigate,lucide-react (canonical wrapper convergence),ALIGN_TO_WP17B_TERMINOLOGY,ADD_CONTEXTUAL_HELP_WHERE_REQUIRED,Canonical footer boundary in wave rollout,Canonical responsive shell in wave rollout,Operational; convergence verification pending,None observed in current wave or pending inspection,CANONICALIZE_REDIRECT,PORTAL_MIGRATION,Inspect and repair defects encountered during migration,WP17C_CANONICAL_PAGE,app/routing/AppRoutes.jsx,PortalShell + tokens + navigation canon,REDIRECTED,Imported from WP17C ledger · Shared shell/token convergence wave active · app/routing/AppRoutes.jsx,PENDING
ROUTE-0088,safety,/safety-portal/trench-safety/tabulated-data,/safety-portal/trench-safety,redirect_route,ACTIVE,WP17D_CANONICAL_WAVE,PortalShell (canonical wp17d wave),Canonical glass header,Canonical sidebar in wave migration,Layered light base + navy grid + restrained glass,Navigate,lucide-react (canonical wrapper convergence),ALIGN_TO_WP17B_TERMINOLOGY,ADD_CONTEXTUAL_HELP_WHERE_REQUIRED,Canonical footer boundary in wave rollout,Canonical responsive shell in wave rollout,Operational; convergence verification pending,None observed in current wave or pending inspection,CANONICALIZE_REDIRECT,PORTAL_MIGRATION,Inspect and repair defects encountered during migration,WP17C_CANONICAL_PAGE,app/routing/AppRoutes.jsx,PortalShell + tokens + navigation canon,REDIRECTED,Imported from WP17C ledger · Shared shell/token convergence wave active · app/routing/AppRoutes.jsx,PENDING
ROUTE-0089,public_shared,/app/*,/app,redirect_route,ACTIVE,WP17D_CANONICAL_WAVE,WP17 public shell,Canonical glass header,Mixed or contextual navigation,Layered light base + navy grid + restrained glass,Navigate,lucide-react (canonical wrapper convergence),ALIGN_TO_WP17B_TERMINOLOGY,ADD_CONTEXTUAL_HELP_WHERE_REQUIRED,Canonical footer boundary in wave rollout,Canonical responsive shell in wave rollout,Under active convergence repair,None observed in current wave or pending inspection,CANONICALIZE_REDIRECT,FIRST_WAVE_REPAIR_AND_CONVERGENCE,Inspect and repair defects encountered during migration,WP17C_CANONICAL_PAGE,app/routing/AppRoutes.jsx,PortalShell + tokens + navigation canon,REDIRECTED,Imported from WP17C ledger · Shared shell/token convergence wave active · Executive first-priority repair wave · app/routing/AppRoutes.jsx,PENDING
ROUTE-0090,admin,/admin/login,/admin,route_screen,ACTIVE,WP17D_CANONICAL_WAVE,PortalShell (canonical wp17d wave),Canonical glass header,Canonical sidebar in wave migration,Layered light base + navy grid + restrained glass,AdminLogin,lucide-react (canonical wrapper convergence),ALIGN_TO_WP17B_TERMINOLOGY,ADD_CONTEXTUAL_HELP_WHERE_REQUIRED,Canonical footer boundary in wave rollout,Canonical responsive shell in wave rollout,Operational; convergence verification pending,None observed in current wave or pending inspection,MIGRATE_IN_WP17D,PORTAL_MIGRATION,Inspect and repair defects encountered during migration,WP17C_CANONICAL_PAGE,app/routing/AppRoutes.jsx,PortalShell + tokens + navigation canon,IMPLEMENTED,Imported from WP17C ledger · Shared shell/token convergence wave active · app/routing/AppRoutes.jsx,PENDING
ROUTE-0091,admin,/admin,/,route_screen,ACTIVE,WP17D_CANONICAL_WAVE,PortalShell (canonical wp17d wave),Canonical glass header,Canonical sidebar in wave migration,Layered light base + navy grid + restrained glass,route_element,lucide-react (canonical wrapper convergence),ALIGN_TO_WP17B_TERMINOLOGY,ADD_CONTEXTUAL_HELP_WHERE_REQUIRED,Canonical footer boundary in wave rollout,Canonical responsive shell in wave rollout,Operational; convergence verification pending,None observed in current wave or pending inspection,REPRESENTATIVE_IMPLEMENTATION,PORTAL_MIGRATION,Inspect and repair defects encountered during migration,WP17C_CANONICAL_PAGE,app/routing/AppRoutes.jsx,PortalShell + tokens + navigation canon,IMPLEMENTED,Imported from WP17C ledger · Shared shell/token convergence wave active · app/routing/AppRoutes.jsx,PENDING
ROUTE-0092,admin,/admin/hub_v1,/admin,redirect_route,ACTIVE,WP17D_CANONICAL_WAVE,PortalShell (canonical wp17d wave),Canonical glass header,Canonical sidebar in wave migration,Layered light base + navy grid + restrained glass,Navigate,lucide-react (canonical wrapper convergence),ALIGN_TO_WP17B_TERMINOLOGY,ADD_CONTEXTUAL_HELP_WHERE_REQUIRED,Canonical footer boundary in wave rollout,Canonical responsive shell in wave rollout,Operational; convergence verification pending,None observed in current wave or pending inspection,CANONICALIZE_REDIRECT,PORTAL_MIGRATION,Inspect and repair defects encountered during migration,WP17C_CANONICAL_PAGE,app/routing/AppRoutes.jsx,PortalShell + tokens + navigation canon,REDIRECTED,Imported from WP17C ledger · Shared shell/token convergence wave active · app/routing/AppRoutes.jsx,PENDING
ROUTE-0093,admin,/admin/hub_v2,/admin,redirect_route,HIDDEN,WP17D_CANONICAL_WAVE,PortalShell (canonical wp17d wave),Canonical glass header,Canonical sidebar in wave migration,Layered light base + navy grid + restrained glass,Navigate,lucide-react (canonical wrapper convergence),ALIGN_TO_WP17B_TERMINOLOGY,ADD_CONTEXTUAL_HELP_WHERE_REQUIRED,Canonical footer boundary in wave rollout,Canonical responsive shell in wave rollout,Intentionally hidden or internal,None observed in current wave or pending inspection,CANONICALIZE_REDIRECT,PORTAL_MIGRATION,Inspect and repair defects encountered during migration,WP17C_CANONICAL_PAGE,app/routing/AppRoutes.jsx,PortalShell + tokens + navigation canon,HIDDEN,Imported from WP17C ledger · Shared shell/token convergence wave active · app/routing/AppRoutes.jsx,PENDING
ROUTE-0094,admin,/admin/executive-overview,/admin,route_screen,ACTIVE,WP17D_CANONICAL_WAVE,PortalShell (canonical wp17d wave),Canonical glass header,Canonical sidebar in wave migration,Layered light base + navy grid + restrained glass,route_element,lucide-react (canonical wrapper convergence),ALIGN_TO_WP17B_TERMINOLOGY,ADD_CONTEXTUAL_HELP_WHERE_REQUIRED,Canonical footer boundary in wave rollout,Canonical responsive shell in wave rollout,Operational; convergence verification pending,None observed in current wave or pending inspection,MIGRATE_IN_WP17D,PORTAL_MIGRATION,Inspect and repair defects encountered during migration,WP17C_CANONICAL_PAGE,app/routing/AppRoutes.jsx,PortalShell + tokens + navigation canon,IMPLEMENTED,Imported from WP17C ledger · Shared shell/token convergence wave active · app/routing/AppRoutes.jsx,PENDING
ROUTE-0095,admin,/admin/executive-intelligence,/admin,route_screen,ACTIVE,WP17D_CANONICAL_WAVE,PortalShell (canonical wp17d wave),Canonical glass header,Canonical sidebar in wave migration,Layered light base + navy grid + restrained glass,route_element,lucide-react (canonical wrapper convergence),ALIGN_TO_WP17B_TERMINOLOGY,ADD_CONTEXTUAL_HELP_WHERE_REQUIRED,Canonical footer boundary in wave rollout,Canonical responsive shell in wave rollout,Operational; convergence verification pending,None observed in current wave or pending inspection,MIGRATE_IN_WP17D,PORTAL_MIGRATION,Inspect and repair defects encountered during migration,WP17C_CANONICAL_PAGE,app/routing/AppRoutes.jsx,PortalShell + tokens + navigation canon,IMPLEMENTED,Imported from WP17C ledger · Shared shell/token convergence wave active · app/routing/AppRoutes.jsx,PENDING
ROUTE-0096,admin,/admin/material-ledger-quality,/admin,route_screen,ACTIVE,WP17D_CANONICAL_WAVE,PortalShell (canonical wp17d wave),Canonical glass header,Canonical sidebar in wave migration,Layered light base + navy grid + restrained glass,route_element,lucide-react (canonical wrapper convergence),ALIGN_TO_WP17B_TERMINOLOGY,ADD_CONTEXTUAL_HELP_WHERE_REQUIRED,Canonical footer boundary in wave rollout,Canonical responsive shell in wave rollout,Operational; convergence verification pending,None observed in current wave or pending inspection,MIGRATE_IN_WP17D,PORTAL_MIGRATION,Inspect and repair defects encountered during migration,WP17C_CANONICAL_PAGE,app/routing/AppRoutes.jsx,PortalShell + tokens + navigation canon,IMPLEMENTED,Imported from WP17C ledger · Shared shell/token convergence wave active · app/routing/AppRoutes.jsx,PENDING
ROUTE-0097,admin,/admin/people,/admin,route_screen,ACTIVE,WP17D_CANONICAL_WAVE,PortalShell (canonical wp17d wave),Canonical glass header,Canonical sidebar in wave migration,Layered light base + navy grid + restrained glass,route_element,lucide-react (canonical wrapper convergence),ALIGN_TO_WP17B_TERMINOLOGY,ADD_CONTEXTUAL_HELP_WHERE_REQUIRED,Canonical footer boundary in wave rollout,Canonical responsive shell in wave rollout,Operational; convergence verification pending,None observed in current wave or pending inspection,REPRESENTATIVE_IMPLEMENTATION,PORTAL_MIGRATION,Inspect and repair defects encountered during migration,WP17C_CANONICAL_PAGE,app/routing/AppRoutes.jsx,PortalShell + tokens + navigation canon,IMPLEMENTED,Imported from WP17C ledger · Shared shell/token convergence wave active · app/routing/AppRoutes.jsx,PENDING
ROUTE-0098,admin,/admin/mfa,/admin,route_screen,ACTIVE,WP17D_CANONICAL_WAVE,PortalShell (canonical wp17d wave),Canonical glass header,Canonical sidebar in wave migration,Layered light base + navy grid + restrained glass,route_element,lucide-react (canonical wrapper convergence),ALIGN_TO_WP17B_TERMINOLOGY,ADD_CONTEXTUAL_HELP_WHERE_REQUIRED,Canonical footer boundary in wave rollout,Canonical responsive shell in wave rollout,Operational; convergence verification pending,None observed in current wave or pending inspection,MIGRATE_IN_WP17D,PORTAL_MIGRATION,Inspect and repair defects encountered during migration,WP17C_CANONICAL_PAGE,app/routing/AppRoutes.jsx,PortalShell + tokens + navigation canon,IMPLEMENTED,Imported from WP17C ledger · Shared shell/token convergence wave active · app/routing/AppRoutes.jsx,PENDING
ROUTE-0099,admin,/admin/promo-assets,/admin,route_screen,ACTIVE,WP17D_CANONICAL_WAVE,PortalShell (canonical wp17d wave),Canonical glass header,Canonical sidebar in wave migration,Layered light base + navy grid + restrained glass,route_element,lucide-react (canonical wrapper convergence),ALIGN_TO_WP17B_TERMINOLOGY,ADD_CONTEXTUAL_HELP_WHERE_REQUIRED,Canonical footer boundary in wave rollout,Canonical responsive shell in wave rollout,Operational; convergence verification pending,None observed in current wave or pending inspection,MIGRATE_IN_WP17D,PORTAL_MIGRATION,Inspect and repair defects encountered during migration,WP17C_CANONICAL_PAGE,app/routing/AppRoutes.jsx,PortalShell + tokens + navigation canon,IMPLEMENTED,Imported from WP17C ledger · Shared shell/token convergence wave active · app/routing/AppRoutes.jsx,PENDING
ROUTE-0100,admin,/admin/jobs,/admin,route_screen,ACTIVE,WP17D_CANONICAL_WAVE,PortalShell (canonical wp17d wave),Canonical glass header,Canonical sidebar in wave migration,Layered light base + navy grid + restrained glass,route_element,lucide-react (canonical wrapper convergence),ALIGN_TO_WP17B_TERMINOLOGY,ADD_CONTEXTUAL_HELP_WHERE_REQUIRED,Canonical footer boundary in wave rollout,Canonical responsive shell in wave rollout,Operational; convergence verification pending,None observed in current wave or pending inspection,MIGRATE_IN_WP17D,PORTAL_MIGRATION,Inspect and repair defects encountered during migration,WP17C_CANONICAL_PAGE,app/routing/AppRoutes.jsx,PortalShell + tokens + navigation canon,IMPLEMENTED,Imported from WP17C ledger · Shared shell/token convergence wave active · app/routing/AppRoutes.jsx,PENDING
ROUTE-0101,admin,/admin/cost-registry,/admin,route_screen,ACTIVE,WP17D_CANONICAL_WAVE,PortalShell (canonical wp17d wave),Canonical glass header,Canonical sidebar in wave migration,Layered light base + navy grid + restrained glass,route_element,lucide-react (canonical wrapper convergence),ALIGN_TO_WP17B_TERMINOLOGY,ADD_CONTEXTUAL_HELP_WHERE_REQUIRED,Canonical footer boundary in wave rollout,Canonical responsive shell in wave rollout,Operational; convergence verification pending,None observed in current wave or pending inspection,MIGRATE_IN_WP17D,PORTAL_MIGRATION,Inspect and repair defects encountered during migration,WP17C_CANONICAL_PAGE,app/routing/AppRoutes.jsx,PortalShell + tokens + navigation canon,IMPLEMENTED,Imported from WP17C ledger · Shared shell/token convergence wave active · app/routing/AppRoutes.jsx,PENDING
ROUTE-0102,admin,/admin/jobs/:projectNumber/team,/admin/jobs/:projectNumber,detail_route,DETAIL,WP17D_CANONICAL_WAVE,PortalShell (canonical wp17d wave),Canonical glass header,Canonical sidebar in wave migration,Layered light base + navy grid + restrained glass,route_element,lucide-react (canonical wrapper convergence),ALIGN_TO_WP17B_TERMINOLOGY,ADD_CONTEXTUAL_HELP_WHERE_REQUIRED,Canonical footer boundary in wave rollout,Canonical responsive shell in wave rollout,Operational; convergence verification pending,None observed in current wave or pending inspection,KEEP_HIDDEN_DETAIL,PORTAL_MIGRATION,Inspect and repair defects encountered during migration,WP17C_CANONICAL_DETAIL_PAGE,app/routing/AppRoutes.jsx,PortalShell + tokens + navigation canon,IMPLEMENTED,Imported from WP17C ledger · Shared shell/token convergence wave active · app/routing/AppRoutes.jsx,PENDING
ROUTE-0103,admin,/admin/project-staffing,/admin,route_screen,ACTIVE,WP17D_CANONICAL_WAVE,PortalShell (canonical wp17d wave),Canonical glass header,Canonical sidebar in wave migration,Layered light base + navy grid + restrained glass,route_element,lucide-react (canonical wrapper convergence),ALIGN_TO_WP17B_TERMINOLOGY,ADD_CONTEXTUAL_HELP_WHERE_REQUIRED,Canonical footer boundary in wave rollout,Canonical responsive shell in wave rollout,Operational; convergence verification pending,None observed in current wave or pending inspection,MIGRATE_IN_WP17D,PORTAL_MIGRATION,Inspect and repair defects encountered during migration,WP17C_CANONICAL_PAGE,app/routing/AppRoutes.jsx,PortalShell + tokens + navigation canon,IMPLEMENTED,Imported from WP17C ledger · Shared shell/token convergence wave active · app/routing/AppRoutes.jsx,PENDING
ROUTE-0104,admin,/admin/geofence-reconciliation,/admin,route_screen,ACTIVE,WP17D_CANONICAL_WAVE,PortalShell (canonical wp17d wave),Canonical glass header,Canonical sidebar in wave migration,Layered light base + navy grid + restrained glass,route_element,lucide-react (canonical wrapper convergence),ALIGN_TO_WP17B_TERMINOLOGY,ADD_CONTEXTUAL_HELP_WHERE_REQUIRED,Canonical footer boundary in wave rollout,Canonical responsive shell in wave rollout,Operational; convergence verification pending,None observed in current wave or pending inspection,MIGRATE_IN_WP17D,PORTAL_MIGRATION,Inspect and repair defects encountered during migration,WP17C_CANONICAL_PAGE,app/routing/AppRoutes.jsx,PortalShell + tokens + navigation canon,IMPLEMENTED,Imported from WP17C ledger · Shared shell/token convergence wave active · app/routing/AppRoutes.jsx,PENDING
ROUTE-0105,admin,/admin/operations-dashboard,/admin,route_screen,ACTIVE,WP17D_CANONICAL_WAVE,PortalShell (canonical wp17d wave),Canonical glass header,Canonical sidebar in wave migration,Layered light base + navy grid + restrained glass,route_element,lucide-react (canonical wrapper convergence),ALIGN_TO_WP17B_TERMINOLOGY,ADD_CONTEXTUAL_HELP_WHERE_REQUIRED,Canonical footer boundary in wave rollout,Canonical responsive shell in wave rollout,Operational; convergence verification pending,None observed in current wave or pending inspection,MIGRATE_IN_WP17D,PORTAL_MIGRATION,Inspect and repair defects encountered during migration,WP17C_CANONICAL_PAGE,app/routing/AppRoutes.jsx,PortalShell + tokens + navigation canon,IMPLEMENTED,Imported from WP17C ledger · Shared shell/token convergence wave active · app/routing/AppRoutes.jsx,PENDING
ROUTE-0106,admin,/admin/operations-control,/admin,route_screen,ACTIVE,WP17D_CANONICAL_WAVE,PortalShell (canonical wp17d wave),Canonical glass header,Canonical sidebar in wave migration,Layered light base + navy grid + restrained glass,route_element,lucide-react (canonical wrapper convergence),ALIGN_TO_WP17B_TERMINOLOGY,ADD_CONTEXTUAL_HELP_WHERE_REQUIRED,Canonical footer boundary in wave rollout,Canonical responsive shell in wave rollout,Operational; convergence verification pending,None observed in current wave or pending inspection,MIGRATE_IN_WP17D,PORTAL_MIGRATION,Inspect and repair defects encountered during migration,WP17C_CANONICAL_PAGE,app/routing/AppRoutes.jsx,PortalShell + tokens + navigation canon,IMPLEMENTED,Imported from WP17C ledger · Shared shell/token convergence wave active · app/routing/AppRoutes.jsx,PENDING
ROUTE-0107,admin,/admin/operations-control/cases/:caseId,/admin/operations-control/cases,detail_route,DETAIL,WP17D_CANONICAL_WAVE,PortalShell (canonical wp17d wave),Canonical glass header,Canonical sidebar in wave migration,Layered light base + navy grid + restrained glass,route_element,lucide-react (canonical wrapper convergence),ALIGN_TO_WP17B_TERMINOLOGY,ADD_CONTEXTUAL_HELP_WHERE_REQUIRED,Canonical footer boundary in wave rollout,Canonical responsive shell in wave rollout,Operational; convergence verification pending,None observed in current wave or pending inspection,KEEP_HIDDEN_DETAIL,PORTAL_MIGRATION,Inspect and repair defects encountered during migration,WP17C_CANONICAL_DETAIL_PAGE,app/routing/AppRoutes.jsx,PortalShell + tokens + navigation canon,IMPLEMENTED,Imported from WP17C ledger · Shared shell/token convergence wave active · app/routing/AppRoutes.jsx,PENDING
ROUTE-0108,admin,/operations-control/cases,/operations-control,route_screen,ACTIVE,WP17D_CANONICAL_WAVE,PortalShell (canonical wp17d wave),Canonical glass header,Canonical sidebar in wave migration,Layered light base + navy grid + restrained glass,route_element,lucide-react (canonical wrapper convergence),ALIGN_TO_WP17B_TERMINOLOGY,ADD_CONTEXTUAL_HELP_WHERE_REQUIRED,Canonical footer boundary in wave rollout,Canonical responsive shell in wave rollout,Operational; convergence verification pending,None observed in current wave or pending inspection,MIGRATE_IN_WP17D,PORTAL_MIGRATION,Inspect and repair defects encountered during migration,WP17C_CANONICAL_PAGE,app/routing/AppRoutes.jsx,PortalShell + tokens + navigation canon,IMPLEMENTED,Imported from WP17C ledger · Shared shell/token convergence wave active · app/routing/AppRoutes.jsx,PENDING
ROUTE-0109,admin,/operations-control/cases/:caseId,/operations-control/cases,detail_route,DETAIL,WP17D_CANONICAL_WAVE,PortalShell (canonical wp17d wave),Canonical glass header,Canonical sidebar in wave migration,Layered light base + navy grid + restrained glass,route_element,lucide-react (canonical wrapper convergence),ALIGN_TO_WP17B_TERMINOLOGY,ADD_CONTEXTUAL_HELP_WHERE_REQUIRED,Canonical footer boundary in wave rollout,Canonical responsive shell in wave rollout,Operational; convergence verification pending,None observed in current wave or pending inspection,KEEP_HIDDEN_DETAIL,PORTAL_MIGRATION,Inspect and repair defects encountered during migration,WP17C_CANONICAL_DETAIL_PAGE,app/routing/AppRoutes.jsx,PortalShell + tokens + navigation canon,IMPLEMENTED,Imported from WP17C ledger · Shared shell/token convergence wave active · app/routing/AppRoutes.jsx,PENDING
ROUTE-0110,admin,/admin/asset-mapping,/admin,route_screen,ACTIVE,WP17D_CANONICAL_WAVE,PortalShell (canonical wp17d wave),Canonical glass header,Canonical sidebar in wave migration,Layered light base + navy grid + restrained glass,route_element,lucide-react (canonical wrapper convergence),ALIGN_TO_WP17B_TERMINOLOGY,ADD_CONTEXTUAL_HELP_WHERE_REQUIRED,Canonical footer boundary in wave rollout,Canonical responsive shell in wave rollout,Operational; convergence verification pending,None observed in current wave or pending inspection,MIGRATE_IN_WP17D,PORTAL_MIGRATION,Inspect and repair defects encountered during migration,WP17C_CANONICAL_PAGE,app/routing/AppRoutes.jsx,PortalShell + tokens + navigation canon,IMPLEMENTED,Imported from WP17C ledger · Shared shell/token convergence wave active · app/routing/AppRoutes.jsx,PENDING
ROUTE-0111,admin,/admin/asset-spine,/admin,route_screen,ACTIVE,WP17D_CANONICAL_WAVE,PortalShell (canonical wp17d wave),Canonical glass header,Canonical sidebar in wave migration,Layered light base + navy grid + restrained glass,route_element,lucide-react (canonical wrapper convergence),ALIGN_TO_WP17B_TERMINOLOGY,ADD_CONTEXTUAL_HELP_WHERE_REQUIRED,Canonical footer boundary in wave rollout,Canonical responsive shell in wave rollout,Operational; convergence verification pending,None observed in current wave or pending inspection,MIGRATE_IN_WP17D,PORTAL_MIGRATION,Inspect and repair defects encountered during migration,WP17C_CANONICAL_PAGE,app/routing/AppRoutes.jsx,PortalShell + tokens + navigation canon,IMPLEMENTED,Imported from WP17C ledger · Shared shell/token convergence wave active · app/routing/AppRoutes.jsx,PENDING
ROUTE-0112,admin,/admin/equipment,/admin,route_screen,ACTIVE,WP17D_CANONICAL_WAVE,PortalShell (canonical wp17d wave),Canonical glass header,Canonical sidebar in wave migration,Layered light base + navy grid + restrained glass,route_element,lucide-react (canonical wrapper convergence),ALIGN_TO_WP17B_TERMINOLOGY,ADD_CONTEXTUAL_HELP_WHERE_REQUIRED,Canonical footer boundary in wave rollout,Canonical responsive shell in wave rollout,Operational; convergence verification pending,None observed in current wave or pending inspection,MIGRATE_IN_WP17D,PORTAL_MIGRATION,Inspect and repair defects encountered during migration,WP17C_CANONICAL_PAGE,app/routing/AppRoutes.jsx,PortalShell + tokens + navigation canon,IMPLEMENTED,Imported from WP17C ledger · Shared shell/token convergence wave active · app/routing/AppRoutes.jsx,PENDING
ROUTE-0113,admin,/admin/email,/admin,route_screen,ACTIVE,WP17D_CANONICAL_WAVE,PortalShell (canonical wp17d wave),Canonical glass header,Canonical sidebar in wave migration,Layered light base + navy grid + restrained glass,route_element,lucide-react (canonical wrapper convergence),ALIGN_TO_WP17B_TERMINOLOGY,ADD_CONTEXTUAL_HELP_WHERE_REQUIRED,Canonical footer boundary in wave rollout,Canonical responsive shell in wave rollout,Operational; convergence verification pending,None observed in current wave or pending inspection,MIGRATE_IN_WP17D,PORTAL_MIGRATION,Inspect and repair defects encountered during migration,WP17C_CANONICAL_PAGE,app/routing/AppRoutes.jsx,PortalShell + tokens + navigation canon,IMPLEMENTED,Imported from WP17C ledger · Shared shell/token convergence wave active · app/routing/AppRoutes.jsx,PENDING
ROUTE-0114,admin,/admin/training,/admin,route_screen,ACTIVE,WP17D_CANONICAL_WAVE,PortalShell (canonical wp17d wave),Canonical glass header,Canonical sidebar in wave migration,Layered light base + navy grid + restrained glass,route_element,lucide-react (canonical wrapper convergence),ALIGN_TO_WP17B_TERMINOLOGY,ADD_CONTEXTUAL_HELP_WHERE_REQUIRED,Canonical footer boundary in wave rollout,Canonical responsive shell in wave rollout,Operational; convergence verification pending,None observed in current wave or pending inspection,MIGRATE_IN_WP17D,PORTAL_MIGRATION,Inspect and repair defects encountered during migration,WP17C_CANONICAL_PAGE,app/routing/AppRoutes.jsx,PortalShell + tokens + navigation canon,IMPLEMENTED,Imported from WP17C ledger · Shared shell/token convergence wave active · app/routing/AppRoutes.jsx,PENDING
ROUTE-0115,admin,/admin/compliance,/admin,route_screen,ACTIVE,WP17D_CANONICAL_WAVE,PortalShell (canonical wp17d wave),Canonical glass header,Canonical sidebar in wave migration,Layered light base + navy grid + restrained glass,route_element,lucide-react (canonical wrapper convergence),ALIGN_TO_WP17B_TERMINOLOGY,ADD_CONTEXTUAL_HELP_WHERE_REQUIRED,Canonical footer boundary in wave rollout,Canonical responsive shell in wave rollout,Operational; convergence verification pending,None observed in current wave or pending inspection,MIGRATE_IN_WP17D,PORTAL_MIGRATION,Inspect and repair defects encountered during migration,WP17C_CANONICAL_PAGE,app/routing/AppRoutes.jsx,PortalShell + tokens + navigation canon,IMPLEMENTED,Imported from WP17C ledger · Shared shell/token convergence wave active · app/routing/AppRoutes.jsx,PENDING
ROUTE-0116,admin,/admin/system,/admin,route_screen,ACTIVE,WP17D_CANONICAL_WAVE,PortalShell (canonical wp17d wave),Canonical glass header,Canonical sidebar in wave migration,Layered light base + navy grid + restrained glass,route_element,lucide-react (canonical wrapper convergence),ALIGN_TO_WP17B_TERMINOLOGY,ADD_CONTEXTUAL_HELP_WHERE_REQUIRED,Canonical footer boundary in wave rollout,Canonical responsive shell in wave rollout,Operational; convergence verification pending,None observed in current wave or pending inspection,MIGRATE_IN_WP17D,PORTAL_MIGRATION,Inspect and repair defects encountered during migration,WP17C_CANONICAL_PAGE,app/routing/AppRoutes.jsx,PortalShell + tokens + navigation canon,IMPLEMENTED,Imported from WP17C ledger · Shared shell/token convergence wave active · app/routing/AppRoutes.jsx,PENDING
ROUTE-0117,admin,/admin/ai-configuration,/admin,route_screen,ACTIVE,WP17D_CANONICAL_WAVE,PortalShell (canonical wp17d wave),Canonical glass header,Canonical sidebar in wave migration,Layered light base + navy grid + restrained glass,route_element,lucide-react (canonical wrapper convergence),ALIGN_TO_WP17B_TERMINOLOGY,ADD_CONTEXTUAL_HELP_WHERE_REQUIRED,Canonical footer boundary in wave rollout,Canonical responsive shell in wave rollout,Operational; convergence verification pending,None observed in current wave or pending inspection,MIGRATE_IN_WP17D,PORTAL_MIGRATION,Inspect and repair defects encountered during migration,WP17C_CANONICAL_PAGE,app/routing/AppRoutes.jsx,PortalShell + tokens + navigation canon,IMPLEMENTED,Imported from WP17C ledger · Shared shell/token convergence wave active · app/routing/AppRoutes.jsx,PENDING
ROUTE-0118,admin,/admin/integration-truth,/admin,route_screen,ACTIVE,WP17D_CANONICAL_WAVE,PortalShell (canonical wp17d wave),Canonical glass header,Canonical sidebar in wave migration,Layered light base + navy grid + restrained glass,route_element,lucide-react (canonical wrapper convergence),ALIGN_TO_WP17B_TERMINOLOGY,ADD_CONTEXTUAL_HELP_WHERE_REQUIRED,Canonical footer boundary in wave rollout,Canonical responsive shell in wave rollout,Operational; convergence verification pending,None observed in current wave or pending inspection,MIGRATE_IN_WP17D,PORTAL_MIGRATION,Inspect and repair defects encountered during migration,WP17C_CANONICAL_PAGE,app/routing/AppRoutes.jsx,PortalShell + tokens + navigation canon,IMPLEMENTED,Imported from WP17C ledger · Shared shell/token convergence wave active · app/routing/AppRoutes.jsx,PENDING
ROUTE-0119,admin,/admin/preview-validation-identities,/admin,route_screen,ACTIVE,WP17D_CANONICAL_WAVE,PortalShell (canonical wp17d wave),Canonical glass header,Canonical sidebar in wave migration,Layered light base + navy grid + restrained glass,route_element,lucide-react (canonical wrapper convergence),ALIGN_TO_WP17B_TERMINOLOGY,ADD_CONTEXTUAL_HELP_WHERE_REQUIRED,Canonical footer boundary in wave rollout,Canonical responsive shell in wave rollout,Operational; convergence verification pending,None observed in current wave or pending inspection,MIGRATE_IN_WP17D,PORTAL_MIGRATION,Inspect and repair defects encountered during migration,WP17C_CANONICAL_PAGE,app/routing/AppRoutes.jsx,PortalShell + tokens + navigation canon,IMPLEMENTED,Imported from WP17C ledger · Shared shell/token convergence wave active · app/routing/AppRoutes.jsx,PENDING
ROUTE-0120,admin,/admin/recovery,/admin,route_screen,ACTIVE,WP17D_CANONICAL_WAVE,PortalShell (canonical wp17d wave),Canonical glass header,Canonical sidebar in wave migration,Layered light base + navy grid + restrained glass,route_element,lucide-react (canonical wrapper convergence),ALIGN_TO_WP17B_TERMINOLOGY,ADD_CONTEXTUAL_HELP_WHERE_REQUIRED,Canonical footer boundary in wave rollout,Canonical responsive shell in wave rollout,Operational; convergence verification pending,None observed in current wave or pending inspection,MIGRATE_IN_WP17D,PORTAL_MIGRATION,Inspect and repair defects encountered during migration,WP17C_CANONICAL_PAGE,app/routing/AppRoutes.jsx,PortalShell + tokens + navigation canon,IMPLEMENTED,Imported from WP17C ledger · Shared shell/token convergence wave active · app/routing/AppRoutes.jsx,PENDING
ROUTE-0121,admin,/admin/storage-recovery,/admin,route_screen,ACTIVE,WP17D_CANONICAL_WAVE,PortalShell (canonical wp17d wave),Canonical glass header,Canonical sidebar in wave migration,Layered light base + navy grid + restrained glass,route_element,lucide-react (canonical wrapper convergence),ALIGN_TO_WP17B_TERMINOLOGY,ADD_CONTEXTUAL_HELP_WHERE_REQUIRED,Canonical footer boundary in wave rollout,Canonical responsive shell in wave rollout,Operational; convergence verification pending,None observed in current wave or pending inspection,MIGRATE_IN_WP17D,PORTAL_MIGRATION,Inspect and repair defects encountered during migration,WP17C_CANONICAL_PAGE,app/routing/AppRoutes.jsx,PortalShell + tokens + navigation canon,IMPLEMENTED,Imported from WP17C ledger · Shared shell/token convergence wave active · app/routing/AppRoutes.jsx,PENDING
ROUTE-0122,admin,/admin/ai-operations,/admin,route_screen,ACTIVE,WP17D_CANONICAL_WAVE,PortalShell (canonical wp17d wave),Canonical glass header,Canonical sidebar in wave migration,Layered light base + navy grid + restrained glass,route_element,lucide-react (canonical wrapper convergence),ALIGN_TO_WP17B_TERMINOLOGY,ADD_CONTEXTUAL_HELP_WHERE_REQUIRED,Canonical footer boundary in wave rollout,Canonical responsive shell in wave rollout,Operational; convergence verification pending,None observed in current wave or pending inspection,MIGRATE_IN_WP17D,PORTAL_MIGRATION,Inspect and repair defects encountered during migration,WP17C_CANONICAL_PAGE,app/routing/AppRoutes.jsx,PortalShell + tokens + navigation canon,IMPLEMENTED,Imported from WP17C ledger · Shared shell/token convergence wave active · app/routing/AppRoutes.jsx,PENDING
ROUTE-0123,admin,/admin/communications,/admin,route_screen,ACTIVE,WP17D_CANONICAL_WAVE,PortalShell (canonical wp17d wave),Canonical glass header,Canonical sidebar in wave migration,Layered light base + navy grid + restrained glass,route_element,lucide-react (canonical wrapper convergence),ALIGN_TO_WP17B_TERMINOLOGY,ADD_CONTEXTUAL_HELP_WHERE_REQUIRED,Canonical footer boundary in wave rollout,Canonical responsive shell in wave rollout,Operational; convergence verification pending,None observed in current wave or pending inspection,MIGRATE_IN_WP17D,PORTAL_MIGRATION,Inspect and repair defects encountered during migration,WP17C_CANONICAL_PAGE,app/routing/AppRoutes.jsx,PortalShell + tokens + navigation canon,IMPLEMENTED,Imported from WP17C ledger · Shared shell/token convergence wave active · app/routing/AppRoutes.jsx,PENDING
ROUTE-0124,admin,/admin/identity-security,/admin,route_screen,ACTIVE,WP17D_CANONICAL_WAVE,PortalShell (canonical wp17d wave),Canonical glass header,Canonical sidebar in wave migration,Layered light base + navy grid + restrained glass,route_element,lucide-react (canonical wrapper convergence),ALIGN_TO_WP17B_TERMINOLOGY,ADD_CONTEXTUAL_HELP_WHERE_REQUIRED,Canonical footer boundary in wave rollout,Canonical responsive shell in wave rollout,Operational; convergence verification pending,None observed in current wave or pending inspection,MIGRATE_IN_WP17D,PORTAL_MIGRATION,Inspect and repair defects encountered during migration,WP17C_CANONICAL_PAGE,app/routing/AppRoutes.jsx,PortalShell + tokens + navigation canon,IMPLEMENTED,Imported from WP17C ledger · Shared shell/token convergence wave active · app/routing/AppRoutes.jsx,PENDING
ROUTE-0125,admin,/admin/trust-spine,/admin,route_screen,ACTIVE,WP17D_CANONICAL_WAVE,PortalShell (canonical wp17d wave),Canonical glass header,Canonical sidebar in wave migration,Layered light base + navy grid + restrained glass,route_element,lucide-react (canonical wrapper convergence),ALIGN_TO_WP17B_TERMINOLOGY,ADD_CONTEXTUAL_HELP_WHERE_REQUIRED,Canonical footer boundary in wave rollout,Canonical responsive shell in wave rollout,Operational; convergence verification pending,None observed in current wave or pending inspection,MIGRATE_IN_WP17D,PORTAL_MIGRATION,Inspect and repair defects encountered during migration,WP17C_CANONICAL_PAGE,app/routing/AppRoutes.jsx,PortalShell + tokens + navigation canon,IMPLEMENTED,Imported from WP17C ledger · Shared shell/token convergence wave active · app/routing/AppRoutes.jsx,PENDING
ROUTE-0126,admin,/admin/governance-trust,/admin,route_screen,ACTIVE,WP17D_CANONICAL_WAVE,PortalShell (canonical wp17d wave),Canonical glass header,Canonical sidebar in wave migration,Layered light base + navy grid + restrained glass,route_element,lucide-react (canonical wrapper convergence),ALIGN_TO_WP17B_TERMINOLOGY,ADD_CONTEXTUAL_HELP_WHERE_REQUIRED,Canonical footer boundary in wave rollout,Canonical responsive shell in wave rollout,Operational; convergence verification pending,None observed in current wave or pending inspection,MIGRATE_IN_WP17D,PORTAL_MIGRATION,Inspect and repair defects encountered during migration,WP17C_CANONICAL_PAGE,app/routing/AppRoutes.jsx,PortalShell + tokens + navigation canon,IMPLEMENTED,Imported from WP17C ledger · Shared shell/token convergence wave active · app/routing/AppRoutes.jsx,PENDING
ROUTE-0127,admin,/admin/platform-configuration,/admin,route_screen,ACTIVE,WP17D_CANONICAL_WAVE,PortalShell (canonical wp17d wave),Canonical glass header,Canonical sidebar in wave migration,Layered light base + navy grid + restrained glass,route_element,lucide-react (canonical wrapper convergence),ALIGN_TO_WP17B_TERMINOLOGY,ADD_CONTEXTUAL_HELP_WHERE_REQUIRED,Canonical footer boundary in wave rollout,Canonical responsive shell in wave rollout,Operational; convergence verification pending,None observed in current wave or pending inspection,MIGRATE_IN_WP17D,PORTAL_MIGRATION,Inspect and repair defects encountered during migration,WP17C_CANONICAL_PAGE,app/routing/AppRoutes.jsx,PortalShell + tokens + navigation canon,IMPLEMENTED,Imported from WP17C ledger · Shared shell/token convergence wave active · app/routing/AppRoutes.jsx,PENDING
ROUTE-0128,admin,/admin/diagnostics,/admin,route_screen,ACTIVE,WP17D_CANONICAL_WAVE,PortalShell (canonical wp17d wave),Canonical glass header,Canonical sidebar in wave migration,Layered light base + navy grid + restrained glass,route_element,lucide-react (canonical wrapper convergence),ALIGN_TO_WP17B_TERMINOLOGY,ADD_CONTEXTUAL_HELP_WHERE_REQUIRED,Canonical footer boundary in wave rollout,Canonical responsive shell in wave rollout,Operational; convergence verification pending,None observed in current wave or pending inspection,MIGRATE_IN_WP17D,PORTAL_MIGRATION,Inspect and repair defects encountered during migration,WP17C_CANONICAL_PAGE,app/routing/AppRoutes.jsx,PortalShell + tokens + navigation canon,IMPLEMENTED,Imported from WP17C ledger · Shared shell/token convergence wave active · app/routing/AppRoutes.jsx,PENDING
ROUTE-0129,admin,/admin/maintenance,/admin,route_screen,ACTIVE,WP17D_CANONICAL_WAVE,PortalShell (canonical wp17d wave),Canonical glass header,Canonical sidebar in wave migration,Layered light base + navy grid + restrained glass,route_element,lucide-react (canonical wrapper convergence),ALIGN_TO_WP17B_TERMINOLOGY,ADD_CONTEXTUAL_HELP_WHERE_REQUIRED,Canonical footer boundary in wave rollout,Canonical responsive shell in wave rollout,Operational; convergence verification pending,None observed in current wave or pending inspection,MIGRATE_IN_WP17D,PORTAL_MIGRATION,Inspect and repair defects encountered during migration,WP17C_CANONICAL_PAGE,app/routing/AppRoutes.jsx,PortalShell + tokens + navigation canon,IMPLEMENTED,Imported from WP17C ledger · Shared shell/token convergence wave active · app/routing/AppRoutes.jsx,PENDING
ROUTE-0130,admin,/admin/platform-overview,/admin,route_screen,ACTIVE,WP17D_CANONICAL_WAVE,PortalShell (canonical wp17d wave),Canonical glass header,Canonical sidebar in wave migration,Layered light base + navy grid + restrained glass,AdminPlatformOverview,lucide-react (canonical wrapper convergence),ALIGN_TO_WP17B_TERMINOLOGY,ADD_CONTEXTUAL_HELP_WHERE_REQUIRED,Canonical footer boundary in wave rollout,Canonical responsive shell in wave rollout,Operational; convergence verification pending,None observed in current wave or pending inspection,MIGRATE_IN_WP17D,PORTAL_MIGRATION,Inspect and repair defects encountered during migration,WP17C_CANONICAL_PAGE,app/routing/AppRoutes.jsx,PortalShell + tokens + navigation canon,IMPLEMENTED,Imported from WP17C ledger · Shared shell/token convergence wave active · app/routing/AppRoutes.jsx,PENDING
ROUTE-0131,admin,/admin/recovery-stream,/admin,route_screen,ACTIVE,WP17D_CANONICAL_WAVE,PortalShell (canonical wp17d wave),Canonical glass header,Canonical sidebar in wave migration,Layered light base + navy grid + restrained glass,route_element,lucide-react (canonical wrapper convergence),ALIGN_TO_WP17B_TERMINOLOGY,ADD_CONTEXTUAL_HELP_WHERE_REQUIRED,Canonical footer boundary in wave rollout,Canonical responsive shell in wave rollout,Operational; convergence verification pending,None observed in current wave or pending inspection,MIGRATE_IN_WP17D,PORTAL_MIGRATION,Inspect and repair defects encountered during migration,WP17C_CANONICAL_PAGE,app/routing/AppRoutes.jsx,PortalShell + tokens + navigation canon,IMPLEMENTED,Imported from WP17C ledger · Shared shell/token convergence wave active · app/routing/AppRoutes.jsx,PENDING
ROUTE-0132,admin,/admin/jha-acknowledgements,/admin,route_screen,ACTIVE,WP17D_CANONICAL_WAVE,PortalShell (canonical wp17d wave),Canonical glass header,Canonical sidebar in wave migration,Layered light base + navy grid + restrained glass,route_element,lucide-react (canonical wrapper convergence),ALIGN_TO_WP17B_TERMINOLOGY,ADD_CONTEXTUAL_HELP_WHERE_REQUIRED,Canonical footer boundary in wave rollout,Canonical responsive shell in wave rollout,Operational; convergence verification pending,None observed in current wave or pending inspection,MIGRATE_IN_WP17D,PORTAL_MIGRATION,Inspect and repair defects encountered during migration,WP17C_CANONICAL_PAGE,app/routing/AppRoutes.jsx,PortalShell + tokens + navigation canon,IMPLEMENTED,Imported from WP17C ledger · Shared shell/token convergence wave active · app/routing/AppRoutes.jsx,PENDING
ROUTE-0133,admin,/admin/command-center,/admin,route_screen,ACTIVE,WP17D_CANONICAL_WAVE,PortalShell (canonical wp17d wave),Canonical glass header,Canonical sidebar in wave migration,Layered light base + navy grid + restrained glass,route_element,lucide-react (canonical wrapper convergence),ALIGN_TO_WP17B_TERMINOLOGY,ADD_CONTEXTUAL_HELP_WHERE_REQUIRED,Canonical footer boundary in wave rollout,Canonical responsive shell in wave rollout,Operational; convergence verification pending,None observed in current wave or pending inspection,MIGRATE_IN_WP17D,PORTAL_MIGRATION,Inspect and repair defects encountered during migration,WP17C_CANONICAL_PAGE,app/routing/AppRoutes.jsx,PortalShell + tokens + navigation canon,IMPLEMENTED,Imported from WP17C ledger · Shared shell/token convergence wave active · app/routing/AppRoutes.jsx,PENDING
ROUTE-0134,admin,/admin/database,/admin,route_screen,ACTIVE,WP17D_CANONICAL_WAVE,PortalShell (canonical wp17d wave),Canonical glass header,Canonical sidebar in wave migration,Layered light base + navy grid + restrained glass,route_element,lucide-react (canonical wrapper convergence),ALIGN_TO_WP17B_TERMINOLOGY,ADD_CONTEXTUAL_HELP_WHERE_REQUIRED,Canonical footer boundary in wave rollout,Canonical responsive shell in wave rollout,Operational; convergence verification pending,None observed in current wave or pending inspection,MIGRATE_IN_WP17D,PORTAL_MIGRATION,Inspect and repair defects encountered during migration,WP17C_CANONICAL_PAGE,app/routing/AppRoutes.jsx,PortalShell + tokens + navigation canon,IMPLEMENTED,Imported from WP17C ledger · Shared shell/token convergence wave active · app/routing/AppRoutes.jsx,PENDING
ROUTE-0135,admin,/admin/integrations,/admin,route_screen,ACTIVE,WP17D_CANONICAL_WAVE,PortalShell (canonical wp17d wave),Canonical glass header,Canonical sidebar in wave migration,Layered light base + navy grid + restrained glass,route_element,lucide-react (canonical wrapper convergence),ALIGN_TO_WP17B_TERMINOLOGY,ADD_CONTEXTUAL_HELP_WHERE_REQUIRED,Canonical footer boundary in wave rollout,Canonical responsive shell in wave rollout,Operational; convergence verification pending,None observed in current wave or pending inspection,MIGRATE_IN_WP17D,PORTAL_MIGRATION,Inspect and repair defects encountered during migration,WP17C_CANONICAL_PAGE,app/routing/AppRoutes.jsx,PortalShell + tokens + navigation canon,IMPLEMENTED,Imported from WP17C ledger · Shared shell/token convergence wave active · app/routing/AppRoutes.jsx,PENDING
ROUTE-0136,admin,/admin/dispatch,/admin,route_screen,ACTIVE,WP17D_CANONICAL_WAVE,PortalShell (canonical wp17d wave),Canonical glass header,Canonical sidebar in wave migration,Layered light base + navy grid + restrained glass,route_element,lucide-react (canonical wrapper convergence),ALIGN_TO_WP17B_TERMINOLOGY,ADD_CONTEXTUAL_HELP_WHERE_REQUIRED,Canonical footer boundary in wave rollout,Canonical responsive shell in wave rollout,Operational; convergence verification pending,None observed in current wave or pending inspection,MIGRATE_IN_WP17D,PORTAL_MIGRATION,Inspect and repair defects encountered during migration,WP17C_CANONICAL_PAGE,app/routing/AppRoutes.jsx,PortalShell + tokens + navigation canon,IMPLEMENTED,Imported from WP17C ledger · Shared shell/token convergence wave active · app/routing/AppRoutes.jsx,PENDING
ROUTE-0137,admin,/admin/dls/shift-qr,/admin/dls,route_screen,ACTIVE,WP17D_CANONICAL_WAVE,PortalShell (canonical wp17d wave),Canonical glass header,Canonical sidebar in wave migration,Layered light base + navy grid + restrained glass,route_element,lucide-react (canonical wrapper convergence),ALIGN_TO_WP17B_TERMINOLOGY,ADD_CONTEXTUAL_HELP_WHERE_REQUIRED,Canonical footer boundary in wave rollout,Canonical responsive shell in wave rollout,Operational; convergence verification pending,None observed in current wave or pending inspection,MIGRATE_IN_WP17D,PORTAL_MIGRATION,Inspect and repair defects encountered during migration,WP17C_CANONICAL_PAGE,app/routing/AppRoutes.jsx,PortalShell + tokens + navigation canon,IMPLEMENTED,Imported from WP17C ledger · Shared shell/token convergence wave active · app/routing/AppRoutes.jsx,PENDING
ROUTE-0138,admin,/admin/dls/day-1-debrief,/admin/dls,route_screen,ACTIVE,WP17D_CANONICAL_WAVE,PortalShell (canonical wp17d wave),Canonical glass header,Canonical sidebar in wave migration,Layered light base + navy grid + restrained glass,route_element,lucide-react (canonical wrapper convergence),ALIGN_TO_WP17B_TERMINOLOGY,ADD_CONTEXTUAL_HELP_WHERE_REQUIRED,Canonical footer boundary in wave rollout,Canonical responsive shell in wave rollout,Operational; convergence verification pending,None observed in current wave or pending inspection,MIGRATE_IN_WP17D,PORTAL_MIGRATION,Inspect and repair defects encountered during migration,WP17C_CANONICAL_PAGE,app/routing/AppRoutes.jsx,PortalShell + tokens + navigation canon,IMPLEMENTED,Imported from WP17C ledger · Shared shell/token convergence wave active · app/routing/AppRoutes.jsx,PENDING
ROUTE-0139,admin,/admin/dls/week-1-debrief,/admin/dls,route_screen,ACTIVE,WP17D_CANONICAL_WAVE,PortalShell (canonical wp17d wave),Canonical glass header,Canonical sidebar in wave migration,Layered light base + navy grid + restrained glass,route_element,lucide-react (canonical wrapper convergence),ALIGN_TO_WP17B_TERMINOLOGY,ADD_CONTEXTUAL_HELP_WHERE_REQUIRED,Canonical footer boundary in wave rollout,Canonical responsive shell in wave rollout,Operational; convergence verification pending,None observed in current wave or pending inspection,MIGRATE_IN_WP17D,PORTAL_MIGRATION,Inspect and repair defects encountered during migration,WP17C_CANONICAL_PAGE,app/routing/AppRoutes.jsx,PortalShell + tokens + navigation canon,IMPLEMENTED,Imported from WP17C ledger · Shared shell/token convergence wave active · app/routing/AppRoutes.jsx,PENDING
ROUTE-0140,admin,/admin/profile,/admin,route_screen,ACTIVE,WP17D_CANONICAL_WAVE,PortalShell (canonical wp17d wave),Canonical glass header,Canonical sidebar in wave migration,Layered light base + navy grid + restrained glass,route_element,lucide-react (canonical wrapper convergence),ALIGN_TO_WP17B_TERMINOLOGY,ADD_CONTEXTUAL_HELP_WHERE_REQUIRED,Canonical footer boundary in wave rollout,Canonical responsive shell in wave rollout,Operational; convergence verification pending,None observed in current wave or pending inspection,MIGRATE_IN_WP17D,PORTAL_MIGRATION,Inspect and repair defects encountered during migration,WP17C_CANONICAL_PAGE,app/routing/AppRoutes.jsx,PortalShell + tokens + navigation canon,IMPLEMENTED,Imported from WP17C ledger · Shared shell/token convergence wave active · app/routing/AppRoutes.jsx,PENDING
ROUTE-0141,admin,/admin/operations-events,/admin,route_screen,ACTIVE,WP17D_CANONICAL_WAVE,PortalShell (canonical wp17d wave),Canonical glass header,Canonical sidebar in wave migration,Layered light base + navy grid + restrained glass,route_element,lucide-react (canonical wrapper convergence),ALIGN_TO_WP17B_TERMINOLOGY,ADD_CONTEXTUAL_HELP_WHERE_REQUIRED,Canonical footer boundary in wave rollout,Canonical responsive shell in wave rollout,Operational; convergence verification pending,None observed in current wave or pending inspection,MIGRATE_IN_WP17D,PORTAL_MIGRATION,Inspect and repair defects encountered during migration,WP17C_CANONICAL_PAGE,app/routing/AppRoutes.jsx,PortalShell + tokens + navigation canon,IMPLEMENTED,Imported from WP17C ledger · Shared shell/token convergence wave active · app/routing/AppRoutes.jsx,PENDING
ROUTE-0142,admin,/admin/digest-config,/admin,route_screen,ACTIVE,WP17D_CANONICAL_WAVE,PortalShell (canonical wp17d wave),Canonical glass header,Canonical sidebar in wave migration,Layered light base + navy grid + restrained glass,route_element,lucide-react (canonical wrapper convergence),ALIGN_TO_WP17B_TERMINOLOGY,ADD_CONTEXTUAL_HELP_WHERE_REQUIRED,Canonical footer boundary in wave rollout,Canonical responsive shell in wave rollout,Operational; convergence verification pending,None observed in current wave or pending inspection,MIGRATE_IN_WP17D,PORTAL_MIGRATION,Inspect and repair defects encountered during migration,WP17C_CANONICAL_PAGE,app/routing/AppRoutes.jsx,PortalShell + tokens + navigation canon,IMPLEMENTED,Imported from WP17C ledger · Shared shell/token convergence wave active · app/routing/AppRoutes.jsx,PENDING
ROUTE-0143,admin,/admin/operational-intelligence,/admin,route_screen,ACTIVE,WP17D_CANONICAL_WAVE,PortalShell (canonical wp17d wave),Canonical glass header,Canonical sidebar in wave migration,Layered light base + navy grid + restrained glass,route_element,lucide-react (canonical wrapper convergence),ALIGN_TO_WP17B_TERMINOLOGY,ADD_CONTEXTUAL_HELP_WHERE_REQUIRED,Canonical footer boundary in wave rollout,Canonical responsive shell in wave rollout,Operational; convergence verification pending,None observed in current wave or pending inspection,MIGRATE_IN_WP17D,PORTAL_MIGRATION,Inspect and repair defects encountered during migration,WP17C_CANONICAL_PAGE,app/routing/AppRoutes.jsx,PortalShell + tokens + navigation canon,IMPLEMENTED,Imported from WP17C ledger · Shared shell/token convergence wave active · app/routing/AppRoutes.jsx,PENDING
ROUTE-0144,admin,/admin/operational-intelligence/recipients,/admin/operational-intelligence,route_screen,ACTIVE,WP17D_CANONICAL_WAVE,PortalShell (canonical wp17d wave),Canonical glass header,Canonical sidebar in wave migration,Layered light base + navy grid + restrained glass,route_element,lucide-react (canonical wrapper convergence),ALIGN_TO_WP17B_TERMINOLOGY,ADD_CONTEXTUAL_HELP_WHERE_REQUIRED,Canonical footer boundary in wave rollout,Canonical responsive shell in wave rollout,Operational; convergence verification pending,None observed in current wave or pending inspection,MIGRATE_IN_WP17D,PORTAL_MIGRATION,Inspect and repair defects encountered during migration,WP17C_CANONICAL_PAGE,app/routing/AppRoutes.jsx,PortalShell + tokens + navigation canon,IMPLEMENTED,Imported from WP17C ledger · Shared shell/token convergence wave active · app/routing/AppRoutes.jsx,PENDING
ROUTE-0145,admin,/admin/system-health,/admin,route_screen,ACTIVE,WP17D_CANONICAL_WAVE,PortalShell (canonical wp17d wave),Canonical glass header,Canonical sidebar in wave migration,Layered light base + navy grid + restrained glass,route_element,lucide-react (canonical wrapper convergence),ALIGN_TO_WP17B_TERMINOLOGY,ADD_CONTEXTUAL_HELP_WHERE_REQUIRED,Canonical footer boundary in wave rollout,Canonical responsive shell in wave rollout,Operational; convergence verification pending,None observed in current wave or pending inspection,MIGRATE_IN_WP17D,PORTAL_MIGRATION,Inspect and repair defects encountered during migration,WP17C_CANONICAL_PAGE,app/routing/AppRoutes.jsx,PortalShell + tokens + navigation canon,IMPLEMENTED,Imported from WP17C ledger · Shared shell/token convergence wave active · app/routing/AppRoutes.jsx,PENDING
ROUTE-0146,admin,/admin/audit-log,/admin,route_screen,ACTIVE,WP17D_CANONICAL_WAVE,PortalShell (canonical wp17d wave),Canonical glass header,Canonical sidebar in wave migration,Layered light base + navy grid + restrained glass,route_element,lucide-react (canonical wrapper convergence),ALIGN_TO_WP17B_TERMINOLOGY,ADD_CONTEXTUAL_HELP_WHERE_REQUIRED,Canonical footer boundary in wave rollout,Canonical responsive shell in wave rollout,Operational; convergence verification pending,None observed in current wave or pending inspection,MIGRATE_IN_WP17D,PORTAL_MIGRATION,Inspect and repair defects encountered during migration,WP17C_CANONICAL_PAGE,app/routing/AppRoutes.jsx,PortalShell + tokens + navigation canon,IMPLEMENTED,Imported from WP17C ledger · Shared shell/token convergence wave active · app/routing/AppRoutes.jsx,PENDING
ROUTE-0147,admin,/admin/scheduler-runs,/admin,route_screen,ACTIVE,WP17D_CANONICAL_WAVE,PortalShell (canonical wp17d wave),Canonical glass header,Canonical sidebar in wave migration,Layered light base + navy grid + restrained glass,route_element,lucide-react (canonical wrapper convergence),ALIGN_TO_WP17B_TERMINOLOGY,ADD_CONTEXTUAL_HELP_WHERE_REQUIRED,Canonical footer boundary in wave rollout,Canonical responsive shell in wave rollout,Operational; shared table certification complete,None observed in current wave or pending inspection,MIGRATE_IN_WP17D,PORTAL_MIGRATION,Inspect and repair defects encountered during migration,WP17C_CANONICAL_PAGE,app/routing/AppRoutes.jsx,PortalShell + tokens + navigation canon,CERTIFIED,Shared DataTable batch certified 2026-08-01 · DataTable.jsx + responsive screenshot pack + iteration_95.json,CERTIFIED 390/768/1024/1440
ROUTE-0148,admin,/admin/legacy-imports,/admin,route_screen,ACTIVE,WP17D_CANONICAL_WAVE,PortalShell (canonical wp17d wave),Canonical glass header,Canonical sidebar in wave migration,Layered light base + navy grid + restrained glass,route_element,lucide-react (canonical wrapper convergence),ALIGN_TO_WP17B_TERMINOLOGY,ADD_CONTEXTUAL_HELP_WHERE_REQUIRED,Canonical footer boundary in wave rollout,Canonical responsive shell in wave rollout,Operational; convergence verification pending,None observed in current wave or pending inspection,MIGRATE_IN_WP17D,PORTAL_MIGRATION,Inspect and repair defects encountered during migration,WP17C_CANONICAL_PAGE,app/routing/AppRoutes.jsx,PortalShell + tokens + navigation canon,IMPLEMENTED,Imported from WP17C ledger · Shared shell/token convergence wave active · app/routing/AppRoutes.jsx,PENDING
ROUTE-0149,admin,/admin/sessions,/admin,route_screen,ACTIVE,WP17D_CANONICAL_WAVE,PortalShell (canonical wp17d wave),Canonical glass header,Canonical sidebar in wave migration,Layered light base + navy grid + restrained glass,route_element,lucide-react (canonical wrapper convergence),ALIGN_TO_WP17B_TERMINOLOGY,ADD_CONTEXTUAL_HELP_WHERE_REQUIRED,Canonical footer boundary in wave rollout,Canonical responsive shell in wave rollout,Operational; convergence verification pending,None observed in current wave or pending inspection,MIGRATE_IN_WP17D,PORTAL_MIGRATION,Inspect and repair defects encountered during migration,WP17C_CANONICAL_PAGE,app/routing/AppRoutes.jsx,PortalShell + tokens + navigation canon,IMPLEMENTED,Imported from WP17C ledger · Shared shell/token convergence wave active · app/routing/AppRoutes.jsx,PENDING
ROUTE-0150,admin,/admin/guidance-coverage,/admin,route_screen,ACTIVE,WP17D_CANONICAL_WAVE,PortalShell (canonical wp17d wave),Canonical glass header,Canonical sidebar in wave migration,Layered light base + navy grid + restrained glass,route_element,lucide-react (canonical wrapper convergence),ALIGN_TO_WP17B_TERMINOLOGY,ADD_CONTEXTUAL_HELP_WHERE_REQUIRED,Canonical footer boundary in wave rollout,Canonical responsive shell in wave rollout,Operational; convergence verification pending,None observed in current wave or pending inspection,MIGRATE_IN_WP17D,PORTAL_MIGRATION,Inspect and repair defects encountered during migration,WP17C_CANONICAL_PAGE,app/routing/AppRoutes.jsx,PortalShell + tokens + navigation canon,IMPLEMENTED,Imported from WP17C ledger · Shared shell/token convergence wave active · app/routing/AppRoutes.jsx,PENDING
ROUTE-0151,admin,/admin/operational-inventory,/admin,route_screen,ACTIVE,WP17D_CANONICAL_WAVE,PortalShell (canonical wp17d wave),Canonical glass header,Canonical sidebar in wave migration,Layered light base + navy grid + restrained glass,route_element,lucide-react (canonical wrapper convergence),ALIGN_TO_WP17B_TERMINOLOGY,ADD_CONTEXTUAL_HELP_WHERE_REQUIRED,Canonical footer boundary in wave rollout,Canonical responsive shell in wave rollout,Operational; convergence verification pending,None observed in current wave or pending inspection,REPRESENTATIVE_IMPLEMENTATION,PORTAL_MIGRATION,Inspect and repair defects encountered during migration,WP17C_CANONICAL_PAGE,app/routing/AppRoutes.jsx,PortalShell + tokens + navigation canon,IMPLEMENTED,Imported from WP17C ledger · Shared shell/token convergence wave active · app/routing/AppRoutes.jsx,PENDING
ROUTE-0152,public_shared,/notifications,/,route_screen,ACTIVE,WP17D_CANONICAL_WAVE,WP17 public shell,Canonical glass header,Mixed or contextual navigation,Layered light base + navy grid + restrained glass,NotificationsDigest,lucide-react (canonical wrapper convergence),ALIGN_TO_WP17B_TERMINOLOGY,ADD_CONTEXTUAL_HELP_WHERE_REQUIRED,Canonical footer boundary in wave rollout,Canonical responsive shell in wave rollout,Under active convergence repair,None observed in current wave or pending inspection,MIGRATE_IN_WP17D,FIRST_WAVE_REPAIR_AND_CONVERGENCE,Inspect and repair defects encountered during migration,WP17C_CANONICAL_PAGE,app/routing/AppRoutes.jsx,PortalShell + tokens + navigation canon,MIGRATING,Imported from WP17C ledger · Shared shell/token convergence wave active · Executive first-priority repair wave · app/routing/AppRoutes.jsx,PENDING
ROUTE-0153,admin,/admin/governance,/admin,route_screen,ACTIVE,WP17D_CANONICAL_WAVE,PortalShell (canonical wp17d wave),Canonical glass header,Canonical sidebar in wave migration,Layered light base + navy grid + restrained glass,route_element,lucide-react (canonical wrapper convergence),ALIGN_TO_WP17B_TERMINOLOGY,ADD_CONTEXTUAL_HELP_WHERE_REQUIRED,Canonical footer boundary in wave rollout,Canonical responsive shell in wave rollout,Operational; convergence verification pending,None observed in current wave or pending inspection,MIGRATE_IN_WP17D,PORTAL_MIGRATION,Inspect and repair defects encountered during migration,WP17C_CANONICAL_PAGE,app/routing/AppRoutes.jsx,PortalShell + tokens + navigation canon,IMPLEMENTED,Imported from WP17C ledger · Shared shell/token convergence wave active · app/routing/AppRoutes.jsx,PENDING
ROUTE-0154,admin,/admin/governance/overview,/admin/governance,route_screen,ACTIVE,WP17D_CANONICAL_WAVE,PortalShell (canonical wp17d wave),Canonical glass header,Canonical sidebar in wave migration,Layered light base + navy grid + restrained glass,route_element,lucide-react (canonical wrapper convergence),ALIGN_TO_WP17B_TERMINOLOGY,ADD_CONTEXTUAL_HELP_WHERE_REQUIRED,Canonical footer boundary in wave rollout,Canonical responsive shell in wave rollout,Operational; convergence verification pending,None observed in current wave or pending inspection,MIGRATE_IN_WP17D,PORTAL_MIGRATION,Inspect and repair defects encountered during migration,WP17C_CANONICAL_PAGE,app/routing/AppRoutes.jsx,PortalShell + tokens + navigation canon,IMPLEMENTED,Imported from WP17C ledger · Shared shell/token convergence wave active · app/routing/AppRoutes.jsx,PENDING
ROUTE-0155,admin,/admin/governance/organization,/admin/governance,route_screen,ACTIVE,WP17D_CANONICAL_WAVE,PortalShell (canonical wp17d wave),Canonical glass header,Canonical sidebar in wave migration,Layered light base + navy grid + restrained glass,route_element,lucide-react (canonical wrapper convergence),ALIGN_TO_WP17B_TERMINOLOGY,ADD_CONTEXTUAL_HELP_WHERE_REQUIRED,Canonical footer boundary in wave rollout,Canonical responsive shell in wave rollout,Operational; convergence verification pending,None observed in current wave or pending inspection,MIGRATE_IN_WP17D,PORTAL_MIGRATION,Inspect and repair defects encountered during migration,WP17C_CANONICAL_PAGE,app/routing/AppRoutes.jsx,PortalShell + tokens + navigation canon,IMPLEMENTED,Imported from WP17C ledger · Shared shell/token convergence wave active · app/routing/AppRoutes.jsx,PENDING
ROUTE-0156,admin,/admin/governance/identities,/admin/governance,route_screen,ACTIVE,WP17D_CANONICAL_WAVE,PortalShell (canonical wp17d wave),Canonical glass header,Canonical sidebar in wave migration,Layered light base + navy grid + restrained glass,route_element,lucide-react (canonical wrapper convergence),ALIGN_TO_WP17B_TERMINOLOGY,ADD_CONTEXTUAL_HELP_WHERE_REQUIRED,Canonical footer boundary in wave rollout,Canonical responsive shell in wave rollout,Operational; convergence verification pending,None observed in current wave or pending inspection,MIGRATE_IN_WP17D,PORTAL_MIGRATION,Inspect and repair defects encountered during migration,WP17C_CANONICAL_PAGE,app/routing/AppRoutes.jsx,PortalShell + tokens + navigation canon,IMPLEMENTED,Imported from WP17C ledger · Shared shell/token convergence wave active · app/routing/AppRoutes.jsx,PENDING
ROUTE-0157,admin,/admin/governance/roles,/admin/governance,route_screen,ACTIVE,WP17D_CANONICAL_WAVE,PortalShell (canonical wp17d wave),Canonical glass header,Canonical sidebar in wave migration,Layered light base + navy grid + restrained glass,route_element,lucide-react (canonical wrapper convergence),ALIGN_TO_WP17B_TERMINOLOGY,ADD_CONTEXTUAL_HELP_WHERE_REQUIRED,Canonical footer boundary in wave rollout,Canonical responsive shell in wave rollout,Operational; convergence verification pending,None observed in current wave or pending inspection,MIGRATE_IN_WP17D,PORTAL_MIGRATION,Inspect and repair defects encountered during migration,WP17C_CANONICAL_PAGE,app/routing/AppRoutes.jsx,PortalShell + tokens + navigation canon,IMPLEMENTED,Imported from WP17C ledger · Shared shell/token convergence wave active · app/routing/AppRoutes.jsx,PENDING
ROUTE-0158,admin,/admin/governance/permissions,/admin/governance,route_screen,ACTIVE,WP17D_CANONICAL_WAVE,PortalShell (canonical wp17d wave),Canonical glass header,Canonical sidebar in wave migration,Layered light base + navy grid + restrained glass,route_element,lucide-react (canonical wrapper convergence),ALIGN_TO_WP17B_TERMINOLOGY,ADD_CONTEXTUAL_HELP_WHERE_REQUIRED,Canonical footer boundary in wave rollout,Canonical responsive shell in wave rollout,Operational; convergence verification pending,None observed in current wave or pending inspection,MIGRATE_IN_WP17D,PORTAL_MIGRATION,Inspect and repair defects encountered during migration,WP17C_CANONICAL_PAGE,app/routing/AppRoutes.jsx,PortalShell + tokens + navigation canon,IMPLEMENTED,Imported from WP17C ledger · Shared shell/token convergence wave active · app/routing/AppRoutes.jsx,PENDING
ROUTE-0159,admin,/admin/governance/policies,/admin/governance,route_screen,ACTIVE,WP17D_CANONICAL_WAVE,PortalShell (canonical wp17d wave),Canonical glass header,Canonical sidebar in wave migration,Layered light base + navy grid + restrained glass,route_element,lucide-react (canonical wrapper convergence),ALIGN_TO_WP17B_TERMINOLOGY,ADD_CONTEXTUAL_HELP_WHERE_REQUIRED,Canonical footer boundary in wave rollout,Canonical responsive shell in wave rollout,Operational; convergence verification pending,None observed in current wave or pending inspection,MIGRATE_IN_WP17D,PORTAL_MIGRATION,Inspect and repair defects encountered during migration,WP17C_CANONICAL_PAGE,app/routing/AppRoutes.jsx,PortalShell + tokens + navigation canon,IMPLEMENTED,Imported from WP17C ledger · Shared shell/token convergence wave active · app/routing/AppRoutes.jsx,PENDING
ROUTE-0160,admin,/admin/governance/approval-flows,/admin/governance,route_screen,ACTIVE,WP17D_CANONICAL_WAVE,PortalShell (canonical wp17d wave),Canonical glass header,Canonical sidebar in wave migration,Layered light base + navy grid + restrained glass,route_element,lucide-react (canonical wrapper convergence),ALIGN_TO_WP17B_TERMINOLOGY,ADD_CONTEXTUAL_HELP_WHERE_REQUIRED,Canonical footer boundary in wave rollout,Canonical responsive shell in wave rollout,Operational; convergence verification pending,None observed in current wave or pending inspection,MIGRATE_IN_WP17D,PORTAL_MIGRATION,Inspect and repair defects encountered during migration,WP17C_CANONICAL_PAGE,app/routing/AppRoutes.jsx,PortalShell + tokens + navigation canon,IMPLEMENTED,Imported from WP17C ledger · Shared shell/token convergence wave active · app/routing/AppRoutes.jsx,PENDING
ROUTE-0161,admin,/admin/governance/delegations,/admin/governance,route_screen,ACTIVE,WP17D_CANONICAL_WAVE,PortalShell (canonical wp17d wave),Canonical glass header,Canonical sidebar in wave migration,Layered light base + navy grid + restrained glass,route_element,lucide-react (canonical wrapper convergence),ALIGN_TO_WP17B_TERMINOLOGY,ADD_CONTEXTUAL_HELP_WHERE_REQUIRED,Canonical footer boundary in wave rollout,Canonical responsive shell in wave rollout,Operational; convergence verification pending,None observed in current wave or pending inspection,MIGRATE_IN_WP17D,PORTAL_MIGRATION,Inspect and repair defects encountered during migration,WP17C_CANONICAL_PAGE,app/routing/AppRoutes.jsx,PortalShell + tokens + navigation canon,IMPLEMENTED,Imported from WP17C ledger · Shared shell/token convergence wave active · app/routing/AppRoutes.jsx,PENDING
ROUTE-0162,admin,/admin/governance/separation-of-duties,/admin/governance,route_screen,ACTIVE,WP17D_CANONICAL_WAVE,PortalShell (canonical wp17d wave),Canonical glass header,Canonical sidebar in wave migration,Layered light base + navy grid + restrained glass,route_element,lucide-react (canonical wrapper convergence),ALIGN_TO_WP17B_TERMINOLOGY,ADD_CONTEXTUAL_HELP_WHERE_REQUIRED,Canonical footer boundary in wave rollout,Canonical responsive shell in wave rollout,Operational; convergence verification pending,None observed in current wave or pending inspection,MIGRATE_IN_WP17D,PORTAL_MIGRATION,Inspect and repair defects encountered during migration,WP17C_CANONICAL_PAGE,app/routing/AppRoutes.jsx,PortalShell + tokens + navigation canon,IMPLEMENTED,Imported from WP17C ledger · Shared shell/token convergence wave active · app/routing/AppRoutes.jsx,PENDING
ROUTE-0163,admin,/admin/governance/authority,/admin/governance,route_screen,ACTIVE,WP17D_CANONICAL_WAVE,PortalShell (canonical wp17d wave),Canonical glass header,Canonical sidebar in wave migration,Layered light base + navy grid + restrained glass,route_element,lucide-react (canonical wrapper convergence),ALIGN_TO_WP17B_TERMINOLOGY,ADD_CONTEXTUAL_HELP_WHERE_REQUIRED,Canonical footer boundary in wave rollout,Canonical responsive shell in wave rollout,Operational; convergence verification pending,None observed in current wave or pending inspection,MIGRATE_IN_WP17D,PORTAL_MIGRATION,Inspect and repair defects encountered during migration,WP17C_CANONICAL_PAGE,app/routing/AppRoutes.jsx,PortalShell + tokens + navigation canon,IMPLEMENTED,Imported from WP17C ledger · Shared shell/token convergence wave active · app/routing/AppRoutes.jsx,PENDING
ROUTE-0164,admin,/admin/governance/emergency-overrides,/admin/governance,route_screen,ACTIVE,WP17D_CANONICAL_WAVE,PortalShell (canonical wp17d wave),Canonical glass header,Canonical sidebar in wave migration,Layered light base + navy grid + restrained glass,route_element,lucide-react (canonical wrapper convergence),ALIGN_TO_WP17B_TERMINOLOGY,ADD_CONTEXTUAL_HELP_WHERE_REQUIRED,Canonical footer boundary in wave rollout,Canonical responsive shell in wave rollout,Operational; convergence verification pending,None observed in current wave or pending inspection,MIGRATE_IN_WP17D,PORTAL_MIGRATION,Inspect and repair defects encountered during migration,WP17C_CANONICAL_PAGE,app/routing/AppRoutes.jsx,PortalShell + tokens + navigation canon,IMPLEMENTED,Imported from WP17C ledger · Shared shell/token convergence wave active · app/routing/AppRoutes.jsx,PENDING
ROUTE-0165,admin,/admin/governance/decisions,/admin/governance,route_screen,ACTIVE,WP17D_CANONICAL_WAVE,PortalShell (canonical wp17d wave),Canonical glass header,Canonical sidebar in wave migration,Layered light base + navy grid + restrained glass,route_element,lucide-react (canonical wrapper convergence),ALIGN_TO_WP17B_TERMINOLOGY,ADD_CONTEXTUAL_HELP_WHERE_REQUIRED,Canonical footer boundary in wave rollout,Canonical responsive shell in wave rollout,Operational; convergence verification pending,None observed in current wave or pending inspection,MIGRATE_IN_WP17D,PORTAL_MIGRATION,Inspect and repair defects encountered during migration,WP17C_CANONICAL_PAGE,app/routing/AppRoutes.jsx,PortalShell + tokens + navigation canon,IMPLEMENTED,Imported from WP17C ledger · Shared shell/token convergence wave active · app/routing/AppRoutes.jsx,PENDING
ROUTE-0166,admin,/admin/governance/audit,/admin/governance,route_screen,ACTIVE,WP17D_CANONICAL_WAVE,PortalShell (canonical wp17d wave),Canonical glass header,Canonical sidebar in wave migration,Layered light base + navy grid + restrained glass,route_element,lucide-react (canonical wrapper convergence),ALIGN_TO_WP17B_TERMINOLOGY,ADD_CONTEXTUAL_HELP_WHERE_REQUIRED,Canonical footer boundary in wave rollout,Canonical responsive shell in wave rollout,Operational; convergence verification pending,None observed in current wave or pending inspection,MIGRATE_IN_WP17D,PORTAL_MIGRATION,Inspect and repair defects encountered during migration,WP17C_CANONICAL_PAGE,app/routing/AppRoutes.jsx,PortalShell + tokens + navigation canon,IMPLEMENTED,Imported from WP17C ledger · Shared shell/token convergence wave active · app/routing/AppRoutes.jsx,PENDING
ROUTE-0167,admin,/admin/governance/registry,/admin/governance,route_screen,ACTIVE,WP17D_CANONICAL_WAVE,PortalShell (canonical wp17d wave),Canonical glass header,Canonical sidebar in wave migration,Layered light base + navy grid + restrained glass,route_element,lucide-react (canonical wrapper convergence),ALIGN_TO_WP17B_TERMINOLOGY,ADD_CONTEXTUAL_HELP_WHERE_REQUIRED,Canonical footer boundary in wave rollout,Canonical responsive shell in wave rollout,Operational; convergence verification pending,None observed in current wave or pending inspection,MIGRATE_IN_WP17D,PORTAL_MIGRATION,Inspect and repair defects encountered during migration,WP17C_CANONICAL_PAGE,app/routing/AppRoutes.jsx,PortalShell + tokens + navigation canon,IMPLEMENTED,Imported from WP17C ledger · Shared shell/token convergence wave active · app/routing/AppRoutes.jsx,PENDING
ROUTE-0168,admin,/admin/governance/versions,/admin/governance,route_screen,ACTIVE,WP17D_CANONICAL_WAVE,PortalShell (canonical wp17d wave),Canonical glass header,Canonical sidebar in wave migration,Layered light base + navy grid + restrained glass,route_element,lucide-react (canonical wrapper convergence),ALIGN_TO_WP17B_TERMINOLOGY,ADD_CONTEXTUAL_HELP_WHERE_REQUIRED,Canonical footer boundary in wave rollout,Canonical responsive shell in wave rollout,Operational; convergence verification pending,None observed in current wave or pending inspection,MIGRATE_IN_WP17D,PORTAL_MIGRATION,Inspect and repair defects encountered during migration,WP17C_CANONICAL_PAGE,app/routing/AppRoutes.jsx,PortalShell + tokens + navigation canon,IMPLEMENTED,Imported from WP17C ledger · Shared shell/token convergence wave active · app/routing/AppRoutes.jsx,PENDING
ROUTE-0169,admin,/admin/governance/health,/admin/governance,route_screen,ACTIVE,WP17D_CANONICAL_WAVE,PortalShell (canonical wp17d wave),Canonical glass header,Canonical sidebar in wave migration,Layered light base + navy grid + restrained glass,route_element,lucide-react (canonical wrapper convergence),ALIGN_TO_WP17B_TERMINOLOGY,ADD_CONTEXTUAL_HELP_WHERE_REQUIRED,Canonical footer boundary in wave rollout,Canonical responsive shell in wave rollout,Operational; convergence verification pending,None observed in current wave or pending inspection,MIGRATE_IN_WP17D,PORTAL_MIGRATION,Inspect and repair defects encountered during migration,WP17C_CANONICAL_PAGE,app/routing/AppRoutes.jsx,PortalShell + tokens + navigation canon,IMPLEMENTED,Imported from WP17C ledger · Shared shell/token convergence wave active · app/routing/AppRoutes.jsx,PENDING
ROUTE-0170,admin,/admin/governance/legacy-health,/admin/governance,route_screen,ACTIVE,WP17D_CANONICAL_WAVE,PortalShell (canonical wp17d wave),Canonical glass header,Canonical sidebar in wave migration,Layered light base + navy grid + restrained glass,route_element,lucide-react (canonical wrapper convergence),ALIGN_TO_WP17B_TERMINOLOGY,ADD_CONTEXTUAL_HELP_WHERE_REQUIRED,Canonical footer boundary in wave rollout,Canonical responsive shell in wave rollout,Operational; convergence verification pending,None observed in current wave or pending inspection,MIGRATE_IN_WP17D,PORTAL_MIGRATION,Inspect and repair defects encountered during migration,WP17C_CANONICAL_PAGE,app/routing/AppRoutes.jsx,PortalShell + tokens + navigation canon,IMPLEMENTED,Imported from WP17C ledger · Shared shell/token convergence wave active · app/routing/AppRoutes.jsx,PENDING
ROUTE-0171,admin,/admin/project-identity,/admin,route_screen,ACTIVE,WP17D_CANONICAL_WAVE,PortalShell (canonical wp17d wave),Canonical glass header,Canonical sidebar in wave migration,Layered light base + navy grid + restrained glass,route_element,lucide-react (canonical wrapper convergence),ALIGN_TO_WP17B_TERMINOLOGY,ADD_CONTEXTUAL_HELP_WHERE_REQUIRED,Canonical footer boundary in wave rollout,Canonical responsive shell in wave rollout,Operational; convergence verification pending,None observed in current wave or pending inspection,MIGRATE_IN_WP17D,PORTAL_MIGRATION,Inspect and repair defects encountered during migration,WP17C_CANONICAL_PAGE,app/routing/AppRoutes.jsx,PortalShell + tokens + navigation canon,IMPLEMENTED,Imported from WP17C ledger · Shared shell/token convergence wave active · app/routing/AppRoutes.jsx,PENDING
ROUTE-0172,admin,/admin/governance/self-protection,/admin/governance,route_screen,ACTIVE,WP17D_CANONICAL_WAVE,PortalShell (canonical wp17d wave),Canonical glass header,Canonical sidebar in wave migration,Layered light base + navy grid + restrained glass,route_element,lucide-react (canonical wrapper convergence),ALIGN_TO_WP17B_TERMINOLOGY,ADD_CONTEXTUAL_HELP_WHERE_REQUIRED,Canonical footer boundary in wave rollout,Canonical responsive shell in wave rollout,Operational; convergence verification pending,None observed in current wave or pending inspection,MIGRATE_IN_WP17D,PORTAL_MIGRATION,Inspect and repair defects encountered during migration,WP17C_CANONICAL_PAGE,app/routing/AppRoutes.jsx,PortalShell + tokens + navigation canon,IMPLEMENTED,Imported from WP17C ledger · Shared shell/token convergence wave active · app/routing/AppRoutes.jsx,PENDING
ROUTE-0173,admin,/admin/compliance-findings,/admin,route_screen,ACTIVE,WP17D_CANONICAL_WAVE,PortalShell (canonical wp17d wave),Canonical glass header,Canonical sidebar in wave migration,Layered light base + navy grid + restrained glass,route_element,lucide-react (canonical wrapper convergence),ALIGN_TO_WP17B_TERMINOLOGY,ADD_CONTEXTUAL_HELP_WHERE_REQUIRED,Canonical footer boundary in wave rollout,Canonical responsive shell in wave rollout,Operational; convergence verification pending,None observed in current wave or pending inspection,MIGRATE_IN_WP17D,PORTAL_MIGRATION,Inspect and repair defects encountered during migration,WP17C_CANONICAL_PAGE,app/routing/AppRoutes.jsx,PortalShell + tokens + navigation canon,IMPLEMENTED,Imported from WP17C ledger · Shared shell/token convergence wave active · app/routing/AppRoutes.jsx,PENDING
ROUTE-0174,admin,/admin/operational-language,/admin,route_screen,ACTIVE,WP17D_CANONICAL_WAVE,PortalShell (canonical wp17d wave),Canonical glass header,Canonical sidebar in wave migration,Layered light base + navy grid + restrained glass,route_element,lucide-react (canonical wrapper convergence),ALIGN_TO_WP17B_TERMINOLOGY,ADD_CONTEXTUAL_HELP_WHERE_REQUIRED,Canonical footer boundary in wave rollout,Canonical responsive shell in wave rollout,Operational; convergence verification pending,None observed in current wave or pending inspection,MIGRATE_IN_WP17D,PORTAL_MIGRATION,Inspect and repair defects encountered during migration,WP17C_CANONICAL_PAGE,app/routing/AppRoutes.jsx,PortalShell + tokens + navigation canon,IMPLEMENTED,Imported from WP17C ledger · Shared shell/token convergence wave active · app/routing/AppRoutes.jsx,PENDING
ROUTE-0175,training_guidance,/guidance,/,route_screen,ACTIVE,WP17D_CANONICAL_WAVE,Legacy or portal-specific shell,Canonical glass header,Mixed or contextual navigation,Layered light base + navy grid + restrained glass,OperationalGuidanceCenter,lucide-react (canonical wrapper convergence),ALIGN_TO_WP17B_TERMINOLOGY,ADD_CONTEXTUAL_HELP_WHERE_REQUIRED,Mixed footer treatment,Canonical responsive shell in wave rollout,Operational; convergence verification pending,None observed in current wave or pending inspection,MIGRATE_IN_WP17D,PORTAL_MIGRATION,Inspect and repair defects encountered during migration,WP17C_CANONICAL_PAGE,app/routing/AppRoutes.jsx,PortalShell + tokens + navigation canon,IMPLEMENTED,Imported from WP17C ledger · Shared shell/token convergence wave active · app/routing/AppRoutes.jsx,PENDING
ROUTE-0176,training_guidance,/guidance/section/:sectionId,/guidance/section,detail_route,DETAIL,WP17D_CANONICAL_WAVE,Legacy or portal-specific shell,Canonical glass header,Mixed or contextual navigation,Layered light base + navy grid + restrained glass,OperationalGuidanceCenter,lucide-react (canonical wrapper convergence),ALIGN_TO_WP17B_TERMINOLOGY,ADD_CONTEXTUAL_HELP_WHERE_REQUIRED,Mixed footer treatment,Canonical responsive shell in wave rollout,Operational; convergence verification pending,None observed in current wave or pending inspection,KEEP_HIDDEN_DETAIL,PORTAL_MIGRATION,Inspect and repair defects encountered during migration,WP17C_CANONICAL_DETAIL_PAGE,app/routing/AppRoutes.jsx,PortalShell + tokens + navigation canon,IMPLEMENTED,Imported from WP17C ledger · Shared shell/token convergence wave active · app/routing/AppRoutes.jsx,PENDING
ROUTE-0177,training_guidance,/guidance/:articleId,/guidance,detail_route,DETAIL,WP17D_CANONICAL_WAVE,Legacy or portal-specific shell,Canonical glass header,Mixed or contextual navigation,Layered light base + navy grid + restrained glass,OperationalGuidanceCenter,lucide-react (canonical wrapper convergence),ALIGN_TO_WP17B_TERMINOLOGY,ADD_CONTEXTUAL_HELP_WHERE_REQUIRED,Mixed footer treatment,Canonical responsive shell in wave rollout,Operational; convergence verification pending,None observed in current wave or pending inspection,KEEP_HIDDEN_DETAIL,PORTAL_MIGRATION,Inspect and repair defects encountered during migration,WP17C_CANONICAL_DETAIL_PAGE,app/routing/AppRoutes.jsx,PortalShell + tokens + navigation canon,IMPLEMENTED,Imported from WP17C ledger · Shared shell/token convergence wave active · app/routing/AppRoutes.jsx,PENDING
ROUTE-0178,admin,/admin/deploy-recovery,/admin,route_screen,ACTIVE,WP17D_CANONICAL_WAVE,PortalShell (canonical wp17d wave),Canonical glass header,Canonical sidebar in wave migration,Layered light base + navy grid + restrained glass,route_element,lucide-react (canonical wrapper convergence),ALIGN_TO_WP17B_TERMINOLOGY,ADD_CONTEXTUAL_HELP_WHERE_REQUIRED,Canonical footer boundary in wave rollout,Canonical responsive shell in wave rollout,Operational; convergence verification pending,None observed in current wave or pending inspection,MIGRATE_IN_WP17D,PORTAL_MIGRATION,Inspect and repair defects encountered during migration,WP17C_CANONICAL_PAGE,app/routing/AppRoutes.jsx,PortalShell + tokens + navigation canon,IMPLEMENTED,Imported from WP17C ledger · Shared shell/token convergence wave active · app/routing/AppRoutes.jsx,PENDING
ROUTE-0179,admin,/admin/assets/:assetId,/admin/assets,detail_route,DETAIL,WP17D_CANONICAL_WAVE,PortalShell (canonical wp17d wave),Canonical glass header,Canonical sidebar in wave migration,Layered light base + navy grid + restrained glass,route_element,lucide-react (canonical wrapper convergence),ALIGN_TO_WP17B_TERMINOLOGY,ADD_CONTEXTUAL_HELP_WHERE_REQUIRED,Canonical footer boundary in wave rollout,Canonical responsive shell in wave rollout,Operational; convergence verification pending,None observed in current wave or pending inspection,REPRESENTATIVE_IMPLEMENTATION,PORTAL_MIGRATION,Inspect and repair defects encountered during migration,WP17C_CANONICAL_DETAIL_PAGE,app/routing/AppRoutes.jsx,PortalShell + tokens + navigation canon,IMPLEMENTED,Imported from WP17C ledger · Shared shell/token convergence wave active · app/routing/AppRoutes.jsx,PENDING
ROUTE-0180,admin,/admin/asset-admin,/admin,route_screen,ACTIVE,WP17D_CANONICAL_WAVE,PortalShell (canonical wp17d wave),Canonical glass header,Canonical sidebar in wave migration,Layered light base + navy grid + restrained glass,route_element,lucide-react (canonical wrapper convergence),ALIGN_TO_WP17B_TERMINOLOGY,ADD_CONTEXTUAL_HELP_WHERE_REQUIRED,Canonical footer boundary in wave rollout,Canonical responsive shell in wave rollout,Operational; convergence verification pending,None observed in current wave or pending inspection,MIGRATE_IN_WP17D,PORTAL_MIGRATION,Inspect and repair defects encountered during migration,WP17C_CANONICAL_PAGE,app/routing/AppRoutes.jsx,PortalShell + tokens + navigation canon,IMPLEMENTED,Imported from WP17C ledger · Shared shell/token convergence wave active · app/routing/AppRoutes.jsx,PENDING
ROUTE-0181,admin,/admin/driver-intel/:driverKey,/admin/driver-intel,detail_route,DETAIL,WP17D_CANONICAL_WAVE,PortalShell (canonical wp17d wave),Canonical glass header,Canonical sidebar in wave migration,Layered light base + navy grid + restrained glass,route_element,lucide-react (canonical wrapper convergence),ALIGN_TO_WP17B_TERMINOLOGY,ADD_CONTEXTUAL_HELP_WHERE_REQUIRED,Canonical footer boundary in wave rollout,Canonical responsive shell in wave rollout,Operational; convergence verification pending,None observed in current wave or pending inspection,KEEP_HIDDEN_DETAIL,PORTAL_MIGRATION,Inspect and repair defects encountered during migration,WP17C_CANONICAL_DETAIL_PAGE,app/routing/AppRoutes.jsx,PortalShell + tokens + navigation canon,IMPLEMENTED,Imported from WP17C ledger · Shared shell/token convergence wave active · app/routing/AppRoutes.jsx,PENDING
ROUTE-0182,admin,/admin/equipment/:id/history,/admin/equipment/:id,detail_route,DETAIL,WP17D_CANONICAL_WAVE,PortalShell (canonical wp17d wave),Canonical glass header,Canonical sidebar in wave migration,Layered light base + navy grid + restrained glass,route_element,lucide-react (canonical wrapper convergence),ALIGN_TO_WP17B_TERMINOLOGY,ADD_CONTEXTUAL_HELP_WHERE_REQUIRED,Canonical footer boundary in wave rollout,Canonical responsive shell in wave rollout,Operational; convergence verification pending,None observed in current wave or pending inspection,KEEP_HIDDEN_DETAIL,PORTAL_MIGRATION,Inspect and repair defects encountered during migration,WP17C_CANONICAL_DETAIL_PAGE,app/routing/AppRoutes.jsx,PortalShell + tokens + navigation canon,IMPLEMENTED,Imported from WP17C ledger · Shared shell/token convergence wave active · app/routing/AppRoutes.jsx,PENDING
ROUTE-0183,admin,/admin/employees/:id/history,/admin/employees/:id,detail_route,DETAIL,WP17D_CANONICAL_WAVE,PortalShell (canonical wp17d wave),Canonical glass header,Canonical sidebar in wave migration,Layered light base + navy grid + restrained glass,route_element,lucide-react (canonical wrapper convergence),ALIGN_TO_WP17B_TERMINOLOGY,ADD_CONTEXTUAL_HELP_WHERE_REQUIRED,Canonical footer boundary in wave rollout,Canonical responsive shell in wave rollout,Operational; convergence verification pending,None observed in current wave or pending inspection,KEEP_HIDDEN_DETAIL,PORTAL_MIGRATION,Inspect and repair defects encountered during migration,WP17C_CANONICAL_DETAIL_PAGE,app/routing/AppRoutes.jsx,PortalShell + tokens + navigation canon,IMPLEMENTED,Imported from WP17C ledger · Shared shell/token convergence wave active · app/routing/AppRoutes.jsx,PENDING
ROUTE-0184,admin,/admin/analytics,/admin,route_screen,ACTIVE,WP17D_CANONICAL_WAVE,PortalShell (canonical wp17d wave),Canonical glass header,Canonical sidebar in wave migration,Layered light base + navy grid + restrained glass,route_element,lucide-react (canonical wrapper convergence),ALIGN_TO_WP17B_TERMINOLOGY,ADD_CONTEXTUAL_HELP_WHERE_REQUIRED,Canonical footer boundary in wave rollout,Canonical responsive shell in wave rollout,Operational; convergence verification pending,None observed in current wave or pending inspection,MIGRATE_IN_WP17D,PORTAL_MIGRATION,Inspect and repair defects encountered during migration,WP17C_CANONICAL_PAGE,app/routing/AppRoutes.jsx,PortalShell + tokens + navigation canon,IMPLEMENTED,Imported from WP17C ledger · Shared shell/token convergence wave active · app/routing/AppRoutes.jsx,PENDING
ROUTE-0185,admin,/admin/leadership-equipment,/admin,route_screen,ACTIVE,WP17D_CANONICAL_WAVE,PortalShell (canonical wp17d wave),Canonical glass header,Canonical sidebar in wave migration,Layered light base + navy grid + restrained glass,route_element,lucide-react (canonical wrapper convergence),ALIGN_TO_WP17B_TERMINOLOGY,ADD_CONTEXTUAL_HELP_WHERE_REQUIRED,Canonical footer boundary in wave rollout,Canonical responsive shell in wave rollout,Operational; shared table certification complete,None observed in current wave or pending inspection,MIGRATE_IN_WP17D,PORTAL_MIGRATION,Inspect and repair defects encountered during migration,WP17C_CANONICAL_PAGE,app/routing/AppRoutes.jsx,PortalShell + tokens + navigation canon,CERTIFIED,Shared DataTable batch certified 2026-08-01 · DataTable.jsx + responsive screenshot pack + iteration_95.json,CERTIFIED 390/768/1024/1440
ROUTE-0186,admin,/admin/terminations,/admin,route_screen,ACTIVE,WP17D_CANONICAL_WAVE,PortalShell (canonical wp17d wave),Canonical glass header,Canonical sidebar in wave migration,Layered light base + navy grid + restrained glass,route_element,lucide-react (canonical wrapper convergence),ALIGN_TO_WP17B_TERMINOLOGY,ADD_CONTEXTUAL_HELP_WHERE_REQUIRED,Canonical footer boundary in wave rollout,Canonical responsive shell in wave rollout,Operational; shared table certification complete,None observed in current wave or pending inspection,MIGRATE_IN_WP17D,PORTAL_MIGRATION,Inspect and repair defects encountered during migration,WP17C_CANONICAL_PAGE,app/routing/AppRoutes.jsx,PortalShell + tokens + navigation canon,CERTIFIED,Shared DataTable batch certified 2026-08-01 · DataTable.jsx + responsive screenshot pack + iteration_95.json,CERTIFIED 390/768/1024/1440
ROUTE-0187,admin,/admin/guide,/admin,route_screen,ACTIVE,WP17D_CANONICAL_WAVE,PortalShell (canonical wp17d wave),Canonical glass header,Canonical sidebar in wave migration,Layered light base + navy grid + restrained glass,route_element,lucide-react (canonical wrapper convergence),ALIGN_TO_WP17B_TERMINOLOGY,ADD_CONTEXTUAL_HELP_WHERE_REQUIRED,Canonical footer boundary in wave rollout,Canonical responsive shell in wave rollout,Operational; shared table certification complete,None observed in current wave or pending inspection,MIGRATE_IN_WP17D,PORTAL_MIGRATION,Inspect and repair defects encountered during migration,WP17C_CANONICAL_PAGE,app/routing/AppRoutes.jsx,PortalShell + tokens + navigation canon,CERTIFIED,Shared DataTable batch certified 2026-08-01 · DataTable.jsx + responsive screenshot pack + iteration_95.json,CERTIFIED 390/768/1024/1440
ROUTE-0188,admin,/admin/pnl,/admin,route_screen,ACTIVE,WP17D_CANONICAL_WAVE,PortalShell (canonical wp17d wave),Canonical glass header,Canonical sidebar in wave migration,Layered light base + navy grid + restrained glass,route_element,lucide-react (canonical wrapper convergence),ALIGN_TO_WP17B_TERMINOLOGY,ADD_CONTEXTUAL_HELP_WHERE_REQUIRED,Canonical footer boundary in wave rollout,Canonical responsive shell in wave rollout,Operational; convergence verification pending,None observed in current wave or pending inspection,MIGRATE_IN_WP17D,PORTAL_MIGRATION,Inspect and repair defects encountered during migration,WP17C_CANONICAL_PAGE,app/routing/AppRoutes.jsx,PortalShell + tokens + navigation canon,IMPLEMENTED,Imported from WP17C ledger · Shared shell/token convergence wave active · app/routing/AppRoutes.jsx,PENDING
ROUTE-0189,admin,/admin/inspections,/admin,route_screen,ACTIVE,WP17D_CANONICAL_WAVE,PortalShell (canonical wp17d wave),Canonical glass header,Canonical sidebar in wave migration,Layered light base + navy grid + restrained glass,route_element,lucide-react (canonical wrapper convergence),ALIGN_TO_WP17B_TERMINOLOGY,ADD_CONTEXTUAL_HELP_WHERE_REQUIRED,Canonical footer boundary in wave rollout,Canonical responsive shell in wave rollout,Operational; convergence verification pending,None observed in current wave or pending inspection,MIGRATE_IN_WP17D,PORTAL_MIGRATION,Inspect and repair defects encountered during migration,WP17C_CANONICAL_PAGE,app/routing/AppRoutes.jsx,PortalShell + tokens + navigation canon,IMPLEMENTED,Imported from WP17C ledger · Shared shell/token convergence wave active · app/routing/AppRoutes.jsx,PENDING
ROUTE-0190,admin,/admin/inspections/:id,/admin/inspections,detail_route,DETAIL,WP17D_CANONICAL_WAVE,PortalShell (canonical wp17d wave),Canonical glass header,Canonical sidebar in wave migration,Layered light base + navy grid + restrained glass,route_element,lucide-react (canonical wrapper convergence),ALIGN_TO_WP17B_TERMINOLOGY,ADD_CONTEXTUAL_HELP_WHERE_REQUIRED,Canonical footer boundary in wave rollout,Canonical responsive shell in wave rollout,Operational; shared shell certification complete,None observed in current wave or pending inspection,KEEP_HIDDEN_DETAIL,PORTAL_MIGRATION,Inspect and repair defects encountered during migration,WP17C_CANONICAL_DETAIL_PAGE,app/routing/AppRoutes.jsx,PortalShell + tokens + navigation canon,CERTIFIED,Platform shell sub-batch certified 2026-08-01 · DetailPageHero + responsive screenshot pack + iteration_96.json,CERTIFIED 390/768/1024/1440
ROUTE-0191,admin,/admin/meetings,/admin,route_screen,ACTIVE,WP17D_CANONICAL_WAVE,PortalShell (canonical wp17d wave),Canonical glass header,Canonical sidebar in wave migration,Layered light base + navy grid + restrained glass,route_element,lucide-react (canonical wrapper convergence),ALIGN_TO_WP17B_TERMINOLOGY,ADD_CONTEXTUAL_HELP_WHERE_REQUIRED,Canonical footer boundary in wave rollout,Canonical responsive shell in wave rollout,Operational; convergence verification pending,None observed in current wave or pending inspection,MIGRATE_IN_WP17D,PORTAL_MIGRATION,Inspect and repair defects encountered during migration,WP17C_CANONICAL_PAGE,app/routing/AppRoutes.jsx,PortalShell + tokens + navigation canon,IMPLEMENTED,Imported from WP17C ledger · Shared shell/token convergence wave active · app/routing/AppRoutes.jsx,PENDING
ROUTE-0192,admin,/admin/meetings/:id,/admin/meetings,detail_route,DETAIL,WP17D_CANONICAL_WAVE,PortalShell (canonical wp17d wave),Canonical glass header,Canonical sidebar in wave migration,Layered light base + navy grid + restrained glass,route_element,lucide-react (canonical wrapper convergence),ALIGN_TO_WP17B_TERMINOLOGY,ADD_CONTEXTUAL_HELP_WHERE_REQUIRED,Canonical footer boundary in wave rollout,Canonical responsive shell in wave rollout,Operational; shared shell certification complete,None observed in current wave or pending inspection,KEEP_HIDDEN_DETAIL,PORTAL_MIGRATION,Inspect and repair defects encountered during migration,WP17C_CANONICAL_DETAIL_PAGE,app/routing/AppRoutes.jsx,PortalShell + tokens + navigation canon,CERTIFIED,Platform shell sub-batch certified 2026-08-01 · DetailPageHero + responsive screenshot pack + iteration_96.json,CERTIFIED 390/768/1024/1440
ROUTE-0193,admin,/admin/jha-plans,/admin,route_screen,ACTIVE,WP17D_CANONICAL_WAVE,PortalShell (canonical wp17d wave),Canonical glass header,Canonical sidebar in wave migration,Layered light base + navy grid + restrained glass,route_element,lucide-react (canonical wrapper convergence),ALIGN_TO_WP17B_TERMINOLOGY,ADD_CONTEXTUAL_HELP_WHERE_REQUIRED,Canonical footer boundary in wave rollout,Canonical responsive shell in wave rollout,Operational; convergence verification pending,None observed in current wave or pending inspection,MIGRATE_IN_WP17D,PORTAL_MIGRATION,Inspect and repair defects encountered during migration,WP17C_CANONICAL_PAGE,app/routing/AppRoutes.jsx,PortalShell + tokens + navigation canon,IMPLEMENTED,Imported from WP17C ledger · Shared shell/token convergence wave active · app/routing/AppRoutes.jsx,PENDING
ROUTE-0194,admin,/admin/jha,/admin,redirect_route,ACTIVE,WP17D_CANONICAL_WAVE,PortalShell (canonical wp17d wave),Canonical glass header,Canonical sidebar in wave migration,Layered light base + navy grid + restrained glass,Navigate,lucide-react (canonical wrapper convergence),ALIGN_TO_WP17B_TERMINOLOGY,ADD_CONTEXTUAL_HELP_WHERE_REQUIRED,Canonical footer boundary in wave rollout,Canonical responsive shell in wave rollout,Operational; convergence verification pending,None observed in current wave or pending inspection,CANONICALIZE_REDIRECT,PORTAL_MIGRATION,Inspect and repair defects encountered during migration,WP17C_CANONICAL_PAGE,app/routing/AppRoutes.jsx,PortalShell + tokens + navigation canon,REDIRECTED,Imported from WP17C ledger · Shared shell/token convergence wave active · app/routing/AppRoutes.jsx,PENDING
ROUTE-0195,admin,/admin/jha/:id,/admin/jha,redirect_route,DETAIL,WP17D_CANONICAL_WAVE,PortalShell (canonical wp17d wave),Canonical glass header,Canonical sidebar in wave migration,Layered light base + navy grid + restrained glass,Navigate,lucide-react (canonical wrapper convergence),ALIGN_TO_WP17B_TERMINOLOGY,ADD_CONTEXTUAL_HELP_WHERE_REQUIRED,Canonical footer boundary in wave rollout,Canonical responsive shell in wave rollout,Operational; convergence verification pending,None observed in current wave or pending inspection,CANONICALIZE_REDIRECT,PORTAL_MIGRATION,Inspect and repair defects encountered during migration,WP17C_CANONICAL_DETAIL_PAGE,app/routing/AppRoutes.jsx,PortalShell + tokens + navigation canon,REDIRECTED,Imported from WP17C ledger · Shared shell/token convergence wave active · app/routing/AppRoutes.jsx,PENDING
ROUTE-0196,admin,/admin/trench-boxes,/admin,route_screen,ACTIVE,WP17D_CANONICAL_WAVE,PortalShell (canonical wp17d wave),Canonical glass header,Canonical sidebar in wave migration,Layered light base + navy grid + restrained glass,route_element,lucide-react (canonical wrapper convergence),ALIGN_TO_WP17B_TERMINOLOGY,ADD_CONTEXTUAL_HELP_WHERE_REQUIRED,Canonical footer boundary in wave rollout,Canonical responsive shell in wave rollout,Operational; convergence verification pending,None observed in current wave or pending inspection,MIGRATE_IN_WP17D,PORTAL_MIGRATION,Inspect and repair defects encountered during migration,WP17C_CANONICAL_PAGE,app/routing/AppRoutes.jsx,PortalShell + tokens + navigation canon,IMPLEMENTED,Imported from WP17C ledger · Shared shell/token convergence wave active · app/routing/AppRoutes.jsx,PENDING
ROUTE-0197,admin,/admin/trench-boxes/poster,/admin/trench-boxes,route_screen,ACTIVE,WP17D_CANONICAL_WAVE,PortalShell (canonical wp17d wave),Canonical glass header,Canonical sidebar in wave migration,Layered light base + navy grid + restrained glass,route_element,lucide-react (canonical wrapper convergence),ALIGN_TO_WP17B_TERMINOLOGY,ADD_CONTEXTUAL_HELP_WHERE_REQUIRED,Canonical footer boundary in wave rollout,Canonical responsive shell in wave rollout,Operational; convergence verification pending,None observed in current wave or pending inspection,MIGRATE_IN_WP17D,PORTAL_MIGRATION,Inspect and repair defects encountered during migration,WP17C_CANONICAL_PAGE,app/routing/AppRoutes.jsx,PortalShell + tokens + navigation canon,IMPLEMENTED,Imported from WP17C ledger · Shared shell/token convergence wave active · app/routing/AppRoutes.jsx,PENDING
ROUTE-0198,admin,/admin/trench-safety,/admin,route_screen,ACTIVE,WP17D_CANONICAL_WAVE,PortalShell (canonical wp17d wave),Canonical glass header,Canonical sidebar in wave migration,Layered light base + navy grid + restrained glass,route_element,lucide-react (canonical wrapper convergence),ALIGN_TO_WP17B_TERMINOLOGY,ADD_CONTEXTUAL_HELP_WHERE_REQUIRED,Canonical footer boundary in wave rollout,Canonical responsive shell in wave rollout,Operational; convergence verification pending,None observed in current wave or pending inspection,MIGRATE_IN_WP17D,PORTAL_MIGRATION,Inspect and repair defects encountered during migration,WP17C_CANONICAL_PAGE,app/routing/AppRoutes.jsx,PortalShell + tokens + navigation canon,IMPLEMENTED,Imported from WP17C ledger · Shared shell/token convergence wave active · app/routing/AppRoutes.jsx,PENDING
ROUTE-0199,admin,/admin/trench-safety/assets,/admin/trench-safety,route_screen,ACTIVE,WP17D_CANONICAL_WAVE,PortalShell (canonical wp17d wave),Canonical glass header,Canonical sidebar in wave migration,Layered light base + navy grid + restrained glass,route_element,lucide-react (canonical wrapper convergence),ALIGN_TO_WP17B_TERMINOLOGY,ADD_CONTEXTUAL_HELP_WHERE_REQUIRED,Canonical footer boundary in wave rollout,Canonical responsive shell in wave rollout,Operational; convergence verification pending,None observed in current wave or pending inspection,MIGRATE_IN_WP17D,PORTAL_MIGRATION,Inspect and repair defects encountered during migration,WP17C_CANONICAL_PAGE,app/routing/AppRoutes.jsx,PortalShell + tokens + navigation canon,IMPLEMENTED,Imported from WP17C ledger · Shared shell/token convergence wave active · app/routing/AppRoutes.jsx,PENDING
ROUTE-0200,admin,/admin/trench-safety/assets/:assetId,/admin/trench-safety/assets,detail_route,DETAIL,WP17D_CANONICAL_WAVE,PortalShell (canonical wp17d wave),Canonical glass header,Canonical sidebar in wave migration,Layered light base + navy grid + restrained glass,route_element,lucide-react (canonical wrapper convergence),ALIGN_TO_WP17B_TERMINOLOGY,ADD_CONTEXTUAL_HELP_WHERE_REQUIRED,Canonical footer boundary in wave rollout,Canonical responsive shell in wave rollout,Operational; convergence verification pending,None observed in current wave or pending inspection,KEEP_HIDDEN_DETAIL,PORTAL_MIGRATION,Inspect and repair defects encountered during migration,WP17C_CANONICAL_DETAIL_PAGE,app/routing/AppRoutes.jsx,PortalShell + tokens + navigation canon,IMPLEMENTED,Imported from WP17C ledger · Shared shell/token convergence wave active · app/routing/AppRoutes.jsx,PENDING
ROUTE-0201,admin,/admin/trench-safety/tabulated-data,/admin/trench-safety,route_screen,ACTIVE,WP17D_CANONICAL_WAVE,PortalShell (canonical wp17d wave),Canonical glass header,Canonical sidebar in wave migration,Layered light base + navy grid + restrained glass,route_element,lucide-react (canonical wrapper convergence),ALIGN_TO_WP17B_TERMINOLOGY,ADD_CONTEXTUAL_HELP_WHERE_REQUIRED,Canonical footer boundary in wave rollout,Canonical responsive shell in wave rollout,Operational; convergence verification pending,None observed in current wave or pending inspection,MIGRATE_IN_WP17D,PORTAL_MIGRATION,Inspect and repair defects encountered during migration,WP17C_CANONICAL_PAGE,app/routing/AppRoutes.jsx,PortalShell + tokens + navigation canon,IMPLEMENTED,Imported from WP17C ledger · Shared shell/token convergence wave active · app/routing/AppRoutes.jsx,PENDING
ROUTE-0202,admin,/admin/trench-safety/reports,/admin/trench-safety,route_screen,ACTIVE,WP17D_CANONICAL_WAVE,PortalShell (canonical wp17d wave),Canonical glass header,Canonical sidebar in wave migration,Layered light base + navy grid + restrained glass,route_element,lucide-react (canonical wrapper convergence),ALIGN_TO_WP17B_TERMINOLOGY,ADD_CONTEXTUAL_HELP_WHERE_REQUIRED,Canonical footer boundary in wave rollout,Canonical responsive shell in wave rollout,Operational; convergence verification pending,None observed in current wave or pending inspection,MIGRATE_IN_WP17D,PORTAL_MIGRATION,Inspect and repair defects encountered during migration,WP17C_CANONICAL_PAGE,app/routing/AppRoutes.jsx,PortalShell + tokens + navigation canon,IMPLEMENTED,Imported from WP17C ledger · Shared shell/token convergence wave active · app/routing/AppRoutes.jsx,PENDING
ROUTE-0203,admin,/admin/trench-safety/repair-review,/admin/trench-safety,route_screen,ACTIVE,WP17D_CANONICAL_WAVE,PortalShell (canonical wp17d wave),Canonical glass header,Canonical sidebar in wave migration,Layered light base + navy grid + restrained glass,route_element,lucide-react (canonical wrapper convergence),ALIGN_TO_WP17B_TERMINOLOGY,ADD_CONTEXTUAL_HELP_WHERE_REQUIRED,Canonical footer boundary in wave rollout,Canonical responsive shell in wave rollout,Operational; convergence verification pending,None observed in current wave or pending inspection,MIGRATE_IN_WP17D,PORTAL_MIGRATION,Inspect and repair defects encountered during migration,WP17C_CANONICAL_PAGE,app/routing/AppRoutes.jsx,PortalShell + tokens + navigation canon,IMPLEMENTED,Imported from WP17C ledger · Shared shell/token convergence wave active · app/routing/AppRoutes.jsx,PENDING
ROUTE-0204,admin,/admin/trench-safety/field-reports,/admin/trench-safety,route_screen,ACTIVE,WP17D_CANONICAL_WAVE,PortalShell (canonical wp17d wave),Canonical glass header,Canonical sidebar in wave migration,Layered light base + navy grid + restrained glass,route_element,lucide-react (canonical wrapper convergence),ALIGN_TO_WP17B_TERMINOLOGY,ADD_CONTEXTUAL_HELP_WHERE_REQUIRED,Canonical footer boundary in wave rollout,Canonical responsive shell in wave rollout,Operational; convergence verification pending,None observed in current wave or pending inspection,MIGRATE_IN_WP17D,PORTAL_MIGRATION,Inspect and repair defects encountered during migration,WP17C_CANONICAL_PAGE,app/routing/AppRoutes.jsx,PortalShell + tokens + navigation canon,IMPLEMENTED,Imported from WP17C ledger · Shared shell/token convergence wave active · app/routing/AppRoutes.jsx,PENDING
ROUTE-0205,admin,/admin/jha-plans/poster,/admin/jha-plans,route_screen,ACTIVE,WP17D_CANONICAL_WAVE,PortalShell (canonical wp17d wave),Canonical glass header,Canonical sidebar in wave migration,Layered light base + navy grid + restrained glass,route_element,lucide-react (canonical wrapper convergence),ALIGN_TO_WP17B_TERMINOLOGY,ADD_CONTEXTUAL_HELP_WHERE_REQUIRED,Canonical footer boundary in wave rollout,Canonical responsive shell in wave rollout,Operational; convergence verification pending,None observed in current wave or pending inspection,MIGRATE_IN_WP17D,PORTAL_MIGRATION,Inspect and repair defects encountered during migration,WP17C_CANONICAL_PAGE,app/routing/AppRoutes.jsx,PortalShell + tokens + navigation canon,IMPLEMENTED,Imported from WP17C ledger · Shared shell/token convergence wave active · app/routing/AppRoutes.jsx,PENDING
ROUTE-0206,admin,/admin/posters/print-all,/admin/posters,route_screen,ACTIVE,WP17D_CANONICAL_WAVE,PortalShell (canonical wp17d wave),Canonical glass header,Canonical sidebar in wave migration,Layered light base + navy grid + restrained glass,route_element,lucide-react (canonical wrapper convergence),ALIGN_TO_WP17B_TERMINOLOGY,ADD_CONTEXTUAL_HELP_WHERE_REQUIRED,Canonical footer boundary in wave rollout,Canonical responsive shell in wave rollout,Operational; convergence verification pending,None observed in current wave or pending inspection,MIGRATE_IN_WP17D,PORTAL_MIGRATION,Inspect and repair defects encountered during migration,WP17C_CANONICAL_PAGE,app/routing/AppRoutes.jsx,PortalShell + tokens + navigation canon,IMPLEMENTED,Imported from WP17C ledger · Shared shell/token convergence wave active · app/routing/AppRoutes.jsx,PENDING
ROUTE-0207,admin,/admin/incidents,/admin,route_screen,ACTIVE,WP17D_CANONICAL_WAVE,PortalShell (canonical wp17d wave),Canonical glass header,Canonical sidebar in wave migration,Layered light base + navy grid + restrained glass,route_element,lucide-react (canonical wrapper convergence),ALIGN_TO_WP17B_TERMINOLOGY,ADD_CONTEXTUAL_HELP_WHERE_REQUIRED,Canonical footer boundary in wave rollout,Canonical responsive shell in wave rollout,Operational; convergence verification pending,None observed in current wave or pending inspection,MIGRATE_IN_WP17D,PORTAL_MIGRATION,Inspect and repair defects encountered during migration,WP17C_CANONICAL_PAGE,app/routing/AppRoutes.jsx,PortalShell + tokens + navigation canon,IMPLEMENTED,Imported from WP17C ledger · Shared shell/token convergence wave active · app/routing/AppRoutes.jsx,PENDING
ROUTE-0208,admin,/admin/incidents/:id,/admin/incidents,detail_route,DETAIL,WP17D_CANONICAL_WAVE,PortalShell (canonical wp17d wave),Canonical glass header,Canonical sidebar in wave migration,Layered light base + navy grid + restrained glass,route_element,lucide-react (canonical wrapper convergence),ALIGN_TO_WP17B_TERMINOLOGY,ADD_CONTEXTUAL_HELP_WHERE_REQUIRED,Canonical footer boundary in wave rollout,Canonical responsive shell in wave rollout,Operational; shared shell certification complete,None observed in current wave or pending inspection,KEEP_HIDDEN_DETAIL,PORTAL_MIGRATION,Inspect and repair defects encountered during migration,WP17C_CANONICAL_DETAIL_PAGE,app/routing/AppRoutes.jsx,PortalShell + tokens + navigation canon,CERTIFIED,Platform shell sub-batch certified 2026-08-01 · DetailPageHero + responsive screenshot pack + iteration_96.json,CERTIFIED 390/768/1024/1440
ROUTE-0209,admin,/admin/daily,/admin,route_screen,ACTIVE,WP17D_CANONICAL_WAVE,PortalShell (canonical wp17d wave),Canonical glass header,Canonical sidebar in wave migration,Layered light base + navy grid + restrained glass,route_element,lucide-react (canonical wrapper convergence),ALIGN_TO_WP17B_TERMINOLOGY,ADD_CONTEXTUAL_HELP_WHERE_REQUIRED,Canonical footer boundary in wave rollout,Canonical responsive shell in wave rollout,Operational; convergence verification pending,None observed in current wave or pending inspection,MIGRATE_IN_WP17D,PORTAL_MIGRATION,Inspect and repair defects encountered during migration,WP17C_CANONICAL_PAGE,app/routing/AppRoutes.jsx,PortalShell + tokens + navigation canon,IMPLEMENTED,Imported from WP17C ledger · Shared shell/token convergence wave active · app/routing/AppRoutes.jsx,PENDING
ROUTE-0210,admin,/admin/daily/:id,/admin/daily,detail_route,DETAIL,WP17D_CANONICAL_WAVE,PortalShell (canonical wp17d wave),Canonical glass header,Canonical sidebar in wave migration,Layered light base + navy grid + restrained glass,route_element,lucide-react (canonical wrapper convergence),ALIGN_TO_WP17B_TERMINOLOGY,ADD_CONTEXTUAL_HELP_WHERE_REQUIRED,Canonical footer boundary in wave rollout,Canonical responsive shell in wave rollout,Operational; shared shell certification complete,None observed in current wave or pending inspection,KEEP_HIDDEN_DETAIL,PORTAL_MIGRATION,Inspect and repair defects encountered during migration,WP17C_CANONICAL_DETAIL_PAGE,app/routing/AppRoutes.jsx,PortalShell + tokens + navigation canon,CERTIFIED,Platform shell sub-batch certified 2026-08-01 · DetailPageHero + responsive screenshot pack + iteration_96.json,CERTIFIED 390/768/1024/1440
ROUTE-0211,admin,/admin/equipment-inspections,/admin,route_screen,ACTIVE,WP17D_CANONICAL_WAVE,PortalShell (canonical wp17d wave),Canonical glass header,Canonical sidebar in wave migration,Layered light base + navy grid + restrained glass,route_element,lucide-react (canonical wrapper convergence),ALIGN_TO_WP17B_TERMINOLOGY,ADD_CONTEXTUAL_HELP_WHERE_REQUIRED,Canonical footer boundary in wave rollout,Canonical responsive shell in wave rollout,Operational; convergence verification pending,None observed in current wave or pending inspection,MIGRATE_IN_WP17D,PORTAL_MIGRATION,Inspect and repair defects encountered during migration,WP17C_CANONICAL_PAGE,app/routing/AppRoutes.jsx,PortalShell + tokens + navigation canon,IMPLEMENTED,Imported from WP17C ledger · Shared shell/token convergence wave active · app/routing/AppRoutes.jsx,PENDING
ROUTE-0212,admin,/admin/equipment/:id,/admin/equipment,detail_route,DETAIL,WP17D_CANONICAL_WAVE,PortalShell (canonical wp17d wave),Canonical glass header,Canonical sidebar in wave migration,Layered light base + navy grid + restrained glass,route_element,lucide-react (canonical wrapper convergence),ALIGN_TO_WP17B_TERMINOLOGY,ADD_CONTEXTUAL_HELP_WHERE_REQUIRED,Canonical footer boundary in wave rollout,Canonical responsive shell in wave rollout,Operational; convergence verification pending,None observed in current wave or pending inspection,KEEP_HIDDEN_DETAIL,PORTAL_MIGRATION,Inspect and repair defects encountered during migration,WP17C_CANONICAL_DETAIL_PAGE,app/routing/AppRoutes.jsx,PortalShell + tokens + navigation canon,IMPLEMENTED,Imported from WP17C ledger · Shared shell/token convergence wave active · app/routing/AppRoutes.jsx,PENDING
ROUTE-0213,admin,/admin/qaqc/:id,/admin/qaqc,detail_route,DETAIL,WP17D_CANONICAL_WAVE,PortalShell (canonical wp17d wave),Canonical glass header,Canonical sidebar in wave migration,Layered light base + navy grid + restrained glass,route_element,lucide-react (canonical wrapper convergence),ALIGN_TO_WP17B_TERMINOLOGY,ADD_CONTEXTUAL_HELP_WHERE_REQUIRED,Canonical footer boundary in wave rollout,Canonical responsive shell in wave rollout,Operational; convergence verification pending,None observed in current wave or pending inspection,KEEP_HIDDEN_DETAIL,PORTAL_MIGRATION,Inspect and repair defects encountered during migration,WP17C_CANONICAL_DETAIL_PAGE,app/routing/AppRoutes.jsx,PortalShell + tokens + navigation canon,IMPLEMENTED,Imported from WP17C ledger · Shared shell/token convergence wave active · app/routing/AppRoutes.jsx,PENDING
ROUTE-0214,admin,/admin/leadership/records/:id,/admin/leadership/records,detail_route,DETAIL,WP17D_CANONICAL_WAVE,PortalShell (canonical wp17d wave),Canonical glass header,Canonical sidebar in wave migration,Layered light base + navy grid + restrained glass,route_element,lucide-react (canonical wrapper convergence),ALIGN_TO_WP17B_TERMINOLOGY,ADD_CONTEXTUAL_HELP_WHERE_REQUIRED,Canonical footer boundary in wave rollout,Canonical responsive shell in wave rollout,Operational; convergence verification pending,None observed in current wave or pending inspection,KEEP_HIDDEN_DETAIL,PORTAL_MIGRATION,Inspect and repair defects encountered during migration,WP17C_CANONICAL_DETAIL_PAGE,app/routing/AppRoutes.jsx,PortalShell + tokens + navigation canon,IMPLEMENTED,Imported from WP17C ledger · Shared shell/token convergence wave active · app/routing/AppRoutes.jsx,PENDING
ROUTE-0215,admin,/admin/safety/issuance/:id,/admin/safety/issuance,detail_route,DETAIL,WP17D_CANONICAL_WAVE,PortalShell (canonical wp17d wave),Canonical glass header,Canonical sidebar in wave migration,Layered light base + navy grid + restrained glass,route_element,lucide-react (canonical wrapper convergence),ALIGN_TO_WP17B_TERMINOLOGY,ADD_CONTEXTUAL_HELP_WHERE_REQUIRED,Canonical footer boundary in wave rollout,Canonical responsive shell in wave rollout,Operational; convergence verification pending,None observed in current wave or pending inspection,KEEP_HIDDEN_DETAIL,PORTAL_MIGRATION,Inspect and repair defects encountered during migration,WP17C_CANONICAL_DETAIL_PAGE,app/routing/AppRoutes.jsx,PortalShell + tokens + navigation canon,IMPLEMENTED,Imported from WP17C ledger · Shared shell/token convergence wave active · app/routing/AppRoutes.jsx,PENDING
ROUTE-0216,admin,/admin/safety/training/:id,/admin/safety/training,detail_route,DETAIL,WP17D_CANONICAL_WAVE,PortalShell (canonical wp17d wave),Canonical glass header,Canonical sidebar in wave migration,Layered light base + navy grid + restrained glass,route_element,lucide-react (canonical wrapper convergence),ALIGN_TO_WP17B_TERMINOLOGY,ADD_CONTEXTUAL_HELP_WHERE_REQUIRED,Canonical footer boundary in wave rollout,Canonical responsive shell in wave rollout,Operational; convergence verification pending,None observed in current wave or pending inspection,KEEP_HIDDEN_DETAIL,PORTAL_MIGRATION,Inspect and repair defects encountered during migration,WP17C_CANONICAL_DETAIL_PAGE,app/routing/AppRoutes.jsx,PortalShell + tokens + navigation canon,IMPLEMENTED,Imported from WP17C ledger · Shared shell/token convergence wave active · app/routing/AppRoutes.jsx,PENDING
ROUTE-0217,pm,/pm/login,/pm,route_screen,ACTIVE,WP17D_CANONICAL_WAVE,PortalShell (canonical wp17d wave),Canonical glass header,Canonical sidebar in wave migration,Layered light base + navy grid + restrained glass,PmLogin,lucide-react (canonical wrapper convergence),ALIGN_TO_WP17B_TERMINOLOGY,ADD_CONTEXTUAL_HELP_WHERE_REQUIRED,Canonical footer boundary in wave rollout,Canonical responsive shell in wave rollout,Operational; convergence verification pending,None observed in current wave or pending inspection,MIGRATE_IN_WP17D,PORTAL_MIGRATION,Inspect and repair defects encountered during migration,WP17C_CANONICAL_PAGE,app/routing/AppRoutes.jsx,PortalShell + tokens + navigation canon,IMPLEMENTED,Imported from WP17C ledger · Shared shell/token convergence wave active · app/routing/AppRoutes.jsx,PENDING
ROUTE-0218,pm,/pm/reset/:token,/pm/reset,detail_route,DETAIL,WP17D_CANONICAL_WAVE,PortalShell (canonical wp17d wave),Canonical glass header,Canonical sidebar in wave migration,Layered light base + navy grid + restrained glass,PmResetPassword,lucide-react (canonical wrapper convergence),ALIGN_TO_WP17B_TERMINOLOGY,ADD_CONTEXTUAL_HELP_WHERE_REQUIRED,Canonical footer boundary in wave rollout,Canonical responsive shell in wave rollout,Operational; convergence verification pending,None observed in current wave or pending inspection,KEEP_HIDDEN_DETAIL,PORTAL_MIGRATION,Inspect and repair defects encountered during migration,WP17C_CANONICAL_DETAIL_PAGE,app/routing/AppRoutes.jsx,PortalShell + tokens + navigation canon,IMPLEMENTED,Imported from WP17C ledger · Shared shell/token convergence wave active · app/routing/AppRoutes.jsx,PENDING
ROUTE-0219,pm,/pm/change-password,/pm,route_screen,ACTIVE,WP17D_CANONICAL_WAVE,PortalShell (canonical wp17d wave),Canonical glass header,Canonical sidebar in wave migration,Layered light base + navy grid + restrained glass,route_element,lucide-react (canonical wrapper convergence),ALIGN_TO_WP17B_TERMINOLOGY,ADD_CONTEXTUAL_HELP_WHERE_REQUIRED,Canonical footer boundary in wave rollout,Canonical responsive shell in wave rollout,Operational; convergence verification pending,None observed in current wave or pending inspection,MIGRATE_IN_WP17D,PORTAL_MIGRATION,Inspect and repair defects encountered during migration,WP17C_CANONICAL_PAGE,app/routing/AppRoutes.jsx,PortalShell + tokens + navigation canon,IMPLEMENTED,Imported from WP17C ledger · Shared shell/token convergence wave active · app/routing/AppRoutes.jsx,PENDING
ROUTE-0220,pm,/pm,/,route_screen,ACTIVE,WP17D_CANONICAL_WAVE,PortalShell (canonical wp17d wave),Canonical glass header,Canonical sidebar in wave migration,Layered light base + navy grid + restrained glass,route_element,lucide-react (canonical wrapper convergence),ALIGN_TO_WP17B_TERMINOLOGY,ADD_CONTEXTUAL_HELP_WHERE_REQUIRED,Canonical footer boundary in wave rollout,Canonical responsive shell in wave rollout,Operational; convergence verification pending,None observed in current wave or pending inspection,REPRESENTATIVE_IMPLEMENTATION,PORTAL_MIGRATION,Inspect and repair defects encountered during migration,WP17C_CANONICAL_PAGE,app/routing/AppRoutes.jsx,PortalShell + tokens + navigation canon,IMPLEMENTED,Imported from WP17C ledger · Shared shell/token convergence wave active · app/routing/AppRoutes.jsx,PENDING
ROUTE-0221,pm,/pm/hub,/pm,route_screen,ACTIVE,WP17D_CANONICAL_WAVE,PortalShell (canonical wp17d wave),Canonical glass header,Canonical sidebar in wave migration,Layered light base + navy grid + restrained glass,route_element,lucide-react (canonical wrapper convergence),ALIGN_TO_WP17B_TERMINOLOGY,ADD_CONTEXTUAL_HELP_WHERE_REQUIRED,Canonical footer boundary in wave rollout,Canonical responsive shell in wave rollout,Operational; convergence verification pending,None observed in current wave or pending inspection,MIGRATE_IN_WP17D,PORTAL_MIGRATION,Inspect and repair defects encountered during migration,WP17C_CANONICAL_PAGE,app/routing/AppRoutes.jsx,PortalShell + tokens + navigation canon,IMPLEMENTED,Imported from WP17C ledger · Shared shell/token convergence wave active · app/routing/AppRoutes.jsx,PENDING
ROUTE-0222,pm,/pm/hub_legacy,/pm,hidden_companion_route,HIDDEN,WP17D_CANONICAL_WAVE,PortalShell (canonical wp17d wave),Canonical glass header,Canonical sidebar in wave migration,Layered light base + navy grid + restrained glass,route_element,lucide-react (canonical wrapper convergence),ALIGN_TO_WP17B_TERMINOLOGY,ADD_CONTEXTUAL_HELP_WHERE_REQUIRED,Canonical footer boundary in wave rollout,Canonical responsive shell in wave rollout,Intentionally hidden or internal,None observed in current wave or pending inspection,MERGE_OR_RETIRE,PORTAL_MIGRATION,Inspect and repair defects encountered during migration,WP17C_CANONICAL_PAGE,app/routing/AppRoutes.jsx,PortalShell + tokens + navigation canon,HIDDEN,Imported from WP17C ledger · Shared shell/token convergence wave active · app/routing/AppRoutes.jsx,PENDING
ROUTE-0223,pm,/pm/hub_v2,/pm,hidden_companion_route,HIDDEN,WP17D_CANONICAL_WAVE,PortalShell (canonical wp17d wave),Canonical glass header,Canonical sidebar in wave migration,Layered light base + navy grid + restrained glass,route_element,lucide-react (canonical wrapper convergence),ALIGN_TO_WP17B_TERMINOLOGY,ADD_CONTEXTUAL_HELP_WHERE_REQUIRED,Canonical footer boundary in wave rollout,Canonical responsive shell in wave rollout,Intentionally hidden or internal,None observed in current wave or pending inspection,MERGE_OR_RETIRE,PORTAL_MIGRATION,Inspect and repair defects encountered during migration,WP17C_CANONICAL_PAGE,app/routing/AppRoutes.jsx,PortalShell + tokens + navigation canon,HIDDEN,Imported from WP17C ledger · Shared shell/token convergence wave active · app/routing/AppRoutes.jsx,PENDING
ROUTE-0224,pm,/pm/holds,/pm,route_screen,ACTIVE,WP17D_CANONICAL_WAVE,PortalShell (canonical wp17d wave),Canonical glass header,Canonical sidebar in wave migration,Layered light base + navy grid + restrained glass,route_element,lucide-react (canonical wrapper convergence),ALIGN_TO_WP17B_TERMINOLOGY,ADD_CONTEXTUAL_HELP_WHERE_REQUIRED,Canonical footer boundary in wave rollout,Canonical responsive shell in wave rollout,Operational; convergence verification pending,None observed in current wave or pending inspection,MIGRATE_IN_WP17D,PORTAL_MIGRATION,Inspect and repair defects encountered during migration,WP17C_CANONICAL_PAGE,app/routing/AppRoutes.jsx,PortalShell + tokens + navigation canon,IMPLEMENTED,Imported from WP17C ledger · Shared shell/token convergence wave active · app/routing/AppRoutes.jsx,PENDING
ROUTE-0225,pm,/pm/due-today,/pm,route_screen,ACTIVE,WP17D_CANONICAL_WAVE,PortalShell (canonical wp17d wave),Canonical glass header,Canonical sidebar in wave migration,Layered light base + navy grid + restrained glass,route_element,lucide-react (canonical wrapper convergence),ALIGN_TO_WP17B_TERMINOLOGY,ADD_CONTEXTUAL_HELP_WHERE_REQUIRED,Canonical footer boundary in wave rollout,Canonical responsive shell in wave rollout,Operational; convergence verification pending,None observed in current wave or pending inspection,MIGRATE_IN_WP17D,PORTAL_MIGRATION,Inspect and repair defects encountered during migration,WP17C_CANONICAL_PAGE,app/routing/AppRoutes.jsx,PortalShell + tokens + navigation canon,IMPLEMENTED,Imported from WP17C ledger · Shared shell/token convergence wave active · app/routing/AppRoutes.jsx,PENDING
ROUTE-0226,pm,/pm/crew-compliance,/pm,route_screen,ACTIVE,WP17D_CANONICAL_WAVE,PortalShell (canonical wp17d wave),Canonical glass header,Canonical sidebar in wave migration,Layered light base + navy grid + restrained glass,route_element,lucide-react (canonical wrapper convergence),ALIGN_TO_WP17B_TERMINOLOGY,ADD_CONTEXTUAL_HELP_WHERE_REQUIRED,Canonical footer boundary in wave rollout,Canonical responsive shell in wave rollout,Operational; convergence verification pending,None observed in current wave or pending inspection,MIGRATE_IN_WP17D,PORTAL_MIGRATION,Inspect and repair defects encountered during migration,WP17C_CANONICAL_PAGE,app/routing/AppRoutes.jsx,PortalShell + tokens + navigation canon,IMPLEMENTED,Imported from WP17C ledger · Shared shell/token convergence wave active · app/routing/AppRoutes.jsx,PENDING
ROUTE-0227,pm,/pm/jobs,/pm,route_screen,ACTIVE,WP17D_CANONICAL_WAVE,PortalShell (canonical wp17d wave),Canonical glass header,Canonical sidebar in wave migration,Layered light base + navy grid + restrained glass,route_element,lucide-react (canonical wrapper convergence),ALIGN_TO_WP17B_TERMINOLOGY,ADD_CONTEXTUAL_HELP_WHERE_REQUIRED,Canonical footer boundary in wave rollout,Canonical responsive shell in wave rollout,Operational; convergence verification pending,None observed in current wave or pending inspection,MIGRATE_IN_WP17D,PORTAL_MIGRATION,Inspect and repair defects encountered during migration,WP17C_CANONICAL_PAGE,app/routing/AppRoutes.jsx,PortalShell + tokens + navigation canon,IMPLEMENTED,Imported from WP17C ledger · Shared shell/token convergence wave active · app/routing/AppRoutes.jsx,PENDING
ROUTE-0228,pm,/pm/job/:projectNumber/team,/pm/job/:projectNumber,detail_route,DETAIL,WP17D_CANONICAL_WAVE,PortalShell (canonical wp17d wave),Canonical glass header,Canonical sidebar in wave migration,Layered light base + navy grid + restrained glass,route_element,lucide-react (canonical wrapper convergence),ALIGN_TO_WP17B_TERMINOLOGY,ADD_CONTEXTUAL_HELP_WHERE_REQUIRED,Canonical footer boundary in wave rollout,Canonical responsive shell in wave rollout,Operational; convergence verification pending,None observed in current wave or pending inspection,KEEP_HIDDEN_DETAIL,PORTAL_MIGRATION,Inspect and repair defects encountered during migration,WP17C_CANONICAL_DETAIL_PAGE,app/routing/AppRoutes.jsx,PortalShell + tokens + navigation canon,IMPLEMENTED,Imported from WP17C ledger · Shared shell/token convergence wave active · app/routing/AppRoutes.jsx,PENDING
ROUTE-0229,pm,/pm/project-staffing,/pm,route_screen,ACTIVE,WP17D_CANONICAL_WAVE,PortalShell (canonical wp17d wave),Canonical glass header,Canonical sidebar in wave migration,Layered light base + navy grid + restrained glass,route_element,lucide-react (canonical wrapper convergence),ALIGN_TO_WP17B_TERMINOLOGY,ADD_CONTEXTUAL_HELP_WHERE_REQUIRED,Canonical footer boundary in wave rollout,Canonical responsive shell in wave rollout,Operational; convergence verification pending,None observed in current wave or pending inspection,MIGRATE_IN_WP17D,PORTAL_MIGRATION,Inspect and repair defects encountered during migration,WP17C_CANONICAL_PAGE,app/routing/AppRoutes.jsx,PortalShell + tokens + navigation canon,IMPLEMENTED,Imported from WP17C ledger · Shared shell/token convergence wave active · app/routing/AppRoutes.jsx,PENDING
ROUTE-0230,pm,/pm/project-schedule,/pm,route_screen,ACTIVE,WP17D_CANONICAL_WAVE,PortalShell (canonical wp17d wave),Canonical glass header,Canonical sidebar in wave migration,Layered light base + navy grid + restrained glass,route_element,lucide-react (canonical wrapper convergence),ALIGN_TO_WP17B_TERMINOLOGY,ADD_CONTEXTUAL_HELP_WHERE_REQUIRED,Canonical footer boundary in wave rollout,Canonical responsive shell in wave rollout,Operational; convergence verification pending,None observed in current wave or pending inspection,MIGRATE_IN_WP17D,PORTAL_MIGRATION,Inspect and repair defects encountered during migration,WP17C_CANONICAL_PAGE,app/routing/AppRoutes.jsx,PortalShell + tokens + navigation canon,IMPLEMENTED,Imported from WP17C ledger · Shared shell/token convergence wave active · app/routing/AppRoutes.jsx,PENDING
ROUTE-0231,pm,/pm/monday-review,/pm,route_screen,ACTIVE,WP17D_CANONICAL_WAVE,PortalShell (canonical wp17d wave),Canonical glass header,Canonical sidebar in wave migration,Layered light base + navy grid + restrained glass,route_element,lucide-react (canonical wrapper convergence),ALIGN_TO_WP17B_TERMINOLOGY,ADD_CONTEXTUAL_HELP_WHERE_REQUIRED,Canonical footer boundary in wave rollout,Canonical responsive shell in wave rollout,Operational; convergence verification pending,None observed in current wave or pending inspection,MIGRATE_IN_WP17D,PORTAL_MIGRATION,Inspect and repair defects encountered during migration,WP17C_CANONICAL_PAGE,app/routing/AppRoutes.jsx,PortalShell + tokens + navigation canon,IMPLEMENTED,Imported from WP17C ledger · Shared shell/token convergence wave active · app/routing/AppRoutes.jsx,PENDING
ROUTE-0232,pm,/pm/projects/:projectNumber,/pm/projects,detail_route,DETAIL,WP17D_CANONICAL_WAVE,PortalShell (canonical wp17d wave),Canonical glass header,Canonical sidebar in wave migration,Layered light base + navy grid + restrained glass,route_element,lucide-react (canonical wrapper convergence),ALIGN_TO_WP17B_TERMINOLOGY,ADD_CONTEXTUAL_HELP_WHERE_REQUIRED,Canonical footer boundary in wave rollout,Canonical responsive shell in wave rollout,Operational; convergence verification pending,None observed in current wave or pending inspection,KEEP_HIDDEN_DETAIL,PORTAL_MIGRATION,Inspect and repair defects encountered during migration,WP17C_CANONICAL_DETAIL_PAGE,app/routing/AppRoutes.jsx,PortalShell + tokens + navigation canon,IMPLEMENTED,Imported from WP17C ledger · Shared shell/token convergence wave active · app/routing/AppRoutes.jsx,PENDING
ROUTE-0233,pm,/pm/projects-legacy/:projectNumber,/pm/projects-legacy,detail_route,DETAIL,WP17D_CANONICAL_WAVE,PortalShell (canonical wp17d wave),Canonical glass header,Canonical sidebar in wave migration,Layered light base + navy grid + restrained glass,route_element,lucide-react (canonical wrapper convergence),ALIGN_TO_WP17B_TERMINOLOGY,ADD_CONTEXTUAL_HELP_WHERE_REQUIRED,Canonical footer boundary in wave rollout,Canonical responsive shell in wave rollout,Operational; convergence verification pending,None observed in current wave or pending inspection,KEEP_HIDDEN_DETAIL,PORTAL_MIGRATION,Inspect and repair defects encountered during migration,WP17C_CANONICAL_DETAIL_PAGE,app/routing/AppRoutes.jsx,PortalShell + tokens + navigation canon,IMPLEMENTED,Imported from WP17C ledger · Shared shell/token convergence wave active · app/routing/AppRoutes.jsx,PENDING
ROUTE-0234,pm,/pm/project/:projectNumber,/pm/project,detail_route,DETAIL,WP17D_CANONICAL_WAVE,PortalShell (canonical wp17d wave),Canonical glass header,Canonical sidebar in wave migration,Layered light base + navy grid + restrained glass,route_element,lucide-react (canonical wrapper convergence),ALIGN_TO_WP17B_TERMINOLOGY,ADD_CONTEXTUAL_HELP_WHERE_REQUIRED,Canonical footer boundary in wave rollout,Canonical responsive shell in wave rollout,Operational; convergence verification pending,None observed in current wave or pending inspection,KEEP_HIDDEN_DETAIL,PORTAL_MIGRATION,Inspect and repair defects encountered during migration,WP17C_CANONICAL_DETAIL_PAGE,app/routing/AppRoutes.jsx,PortalShell + tokens + navigation canon,IMPLEMENTED,Imported from WP17C ledger · Shared shell/token convergence wave active · app/routing/AppRoutes.jsx,PENDING
ROUTE-0235,pm,/pm/project/:projectNumber/thread,/pm/project/:projectNumber,detail_route,DETAIL,WP17D_CANONICAL_WAVE,PortalShell (canonical wp17d wave),Canonical glass header,Canonical sidebar in wave migration,Layered light base + navy grid + restrained glass,route_element,lucide-react (canonical wrapper convergence),ALIGN_TO_WP17B_TERMINOLOGY,ADD_CONTEXTUAL_HELP_WHERE_REQUIRED,Canonical footer boundary in wave rollout,Canonical responsive shell in wave rollout,Operational; convergence verification pending,None observed in current wave or pending inspection,KEEP_HIDDEN_DETAIL,PORTAL_MIGRATION,Inspect and repair defects encountered during migration,WP17C_CANONICAL_DETAIL_PAGE,app/routing/AppRoutes.jsx,PortalShell + tokens + navigation canon,IMPLEMENTED,Imported from WP17C ledger · Shared shell/token convergence wave active · app/routing/AppRoutes.jsx,PENDING
ROUTE-0236,pm,/pm/command-center,/pm,route_screen,ACTIVE,WP17D_CANONICAL_WAVE,PortalShell (canonical wp17d wave),Canonical glass header,Canonical sidebar in wave migration,Layered light base + navy grid + restrained glass,route_element,lucide-react (canonical wrapper convergence),ALIGN_TO_WP17B_TERMINOLOGY,ADD_CONTEXTUAL_HELP_WHERE_REQUIRED,Canonical footer boundary in wave rollout,Canonical responsive shell in wave rollout,Operational; convergence verification pending,None observed in current wave or pending inspection,MIGRATE_IN_WP17D,PORTAL_MIGRATION,Inspect and repair defects encountered during migration,WP17C_CANONICAL_PAGE,app/routing/AppRoutes.jsx,PortalShell + tokens + navigation canon,IMPLEMENTED,Imported from WP17C ledger · Shared shell/token convergence wave active · app/routing/AppRoutes.jsx,PENDING
ROUTE-0237,public_shared,/operations-center,/,route_screen,ACTIVE,WP17D_CANONICAL_WAVE,WP17 public shell,Canonical glass header,Mixed or contextual navigation,Layered light base + navy grid + restrained glass,route_element,lucide-react (canonical wrapper convergence),ALIGN_TO_WP17B_TERMINOLOGY,ADD_CONTEXTUAL_HELP_WHERE_REQUIRED,Canonical footer boundary in wave rollout,Canonical responsive shell in wave rollout,Under active convergence repair,None observed in current wave or pending inspection,MIGRATE_IN_WP17D,FIRST_WAVE_REPAIR_AND_CONVERGENCE,Inspect and repair defects encountered during migration,WP17C_CANONICAL_PAGE,app/routing/AppRoutes.jsx,PortalShell + tokens + navigation canon,MIGRATING,Imported from WP17C ledger · Shared shell/token convergence wave active · Executive first-priority repair wave · app/routing/AppRoutes.jsx,PENDING
ROUTE-0238,admin,/admin/executive-operational-intelligence,/admin,route_screen,ACTIVE,WP17D_CANONICAL_WAVE,PortalShell (canonical wp17d wave),Canonical glass header,Canonical sidebar in wave migration,Layered light base + navy grid + restrained glass,route_element,lucide-react (canonical wrapper convergence),ALIGN_TO_WP17B_TERMINOLOGY,ADD_CONTEXTUAL_HELP_WHERE_REQUIRED,Canonical footer boundary in wave rollout,Canonical responsive shell in wave rollout,Operational; shared table certification complete,None observed in current wave or pending inspection,MIGRATE_IN_WP17D,PORTAL_MIGRATION,Inspect and repair defects encountered during migration,WP17C_CANONICAL_PAGE,app/routing/AppRoutes.jsx,PortalShell + tokens + navigation canon,CERTIFIED,Shared DataTable batch certified 2026-08-01 · DataTable.jsx + responsive screenshot pack + iteration_95.json,CERTIFIED 390/768/1024/1440
ROUTE-0239,public_shared,/operations-map,/,route_screen,ACTIVE,WP17D_CANONICAL_WAVE,WP17 public shell,Canonical glass header,Mixed or contextual navigation,Layered light base + navy grid + restrained glass,route_element,lucide-react (canonical wrapper convergence),ALIGN_TO_WP17B_TERMINOLOGY,ADD_CONTEXTUAL_HELP_WHERE_REQUIRED,Canonical footer boundary in wave rollout,Canonical responsive shell in wave rollout,Under active convergence repair,None observed in current wave or pending inspection,MIGRATE_IN_WP17D,FIRST_WAVE_REPAIR_AND_CONVERGENCE,Inspect and repair defects encountered during migration,WP17C_CANONICAL_PAGE,app/routing/AppRoutes.jsx,PortalShell + tokens + navigation canon,MIGRATING,Imported from WP17C ledger · Shared shell/token convergence wave active · Executive first-priority repair wave · app/routing/AppRoutes.jsx,PENDING
ROUTE-0240,pm,/pm/field-leadership,/pm,route_screen,ACTIVE,WP17D_CANONICAL_WAVE,PortalShell (canonical wp17d wave),Canonical glass header,Canonical sidebar in wave migration,Layered light base + navy grid + restrained glass,route_element,lucide-react (canonical wrapper convergence),ALIGN_TO_WP17B_TERMINOLOGY,ADD_CONTEXTUAL_HELP_WHERE_REQUIRED,Canonical footer boundary in wave rollout,Canonical responsive shell in wave rollout,Operational; convergence verification pending,None observed in current wave or pending inspection,MIGRATE_IN_WP17D,PORTAL_MIGRATION,Inspect and repair defects encountered during migration,WP17C_CANONICAL_PAGE,app/routing/AppRoutes.jsx,PortalShell + tokens + navigation canon,IMPLEMENTED,Imported from WP17C ledger · Shared shell/token convergence wave active · app/routing/AppRoutes.jsx,PENDING
ROUTE-0241,pm,/pm/fleet,/pm,route_screen,ACTIVE,WP17D_CANONICAL_WAVE,PortalShell (canonical wp17d wave),Canonical glass header,Canonical sidebar in wave migration,Layered light base + navy grid + restrained glass,route_element,lucide-react (canonical wrapper convergence),ALIGN_TO_WP17B_TERMINOLOGY,ADD_CONTEXTUAL_HELP_WHERE_REQUIRED,Canonical footer boundary in wave rollout,Canonical responsive shell in wave rollout,Operational; convergence verification pending,None observed in current wave or pending inspection,MIGRATE_IN_WP17D,PORTAL_MIGRATION,Inspect and repair defects encountered during migration,WP17C_CANONICAL_PAGE,app/routing/AppRoutes.jsx,PortalShell + tokens + navigation canon,IMPLEMENTED,Imported from WP17C ledger · Shared shell/token convergence wave active · app/routing/AppRoutes.jsx,PENDING
ROUTE-0242,pm,/pm/people,/pm,route_screen,ACTIVE,WP17D_CANONICAL_WAVE,PortalShell (canonical wp17d wave),Canonical glass header,Canonical sidebar in wave migration,Layered light base + navy grid + restrained glass,route_element,lucide-react (canonical wrapper convergence),ALIGN_TO_WP17B_TERMINOLOGY,ADD_CONTEXTUAL_HELP_WHERE_REQUIRED,Canonical footer boundary in wave rollout,Canonical responsive shell in wave rollout,Operational; convergence verification pending,None observed in current wave or pending inspection,MIGRATE_IN_WP17D,PORTAL_MIGRATION,Inspect and repair defects encountered during migration,WP17C_CANONICAL_PAGE,app/routing/AppRoutes.jsx,PortalShell + tokens + navigation canon,IMPLEMENTED,Imported from WP17C ledger · Shared shell/token convergence wave active · app/routing/AppRoutes.jsx,PENDING
ROUTE-0243,pm,/pm/suppliers,/pm,route_screen,ACTIVE,WP17D_CANONICAL_WAVE,PortalShell (canonical wp17d wave),Canonical glass header,Canonical sidebar in wave migration,Layered light base + navy grid + restrained glass,route_element,lucide-react (canonical wrapper convergence),ALIGN_TO_WP17B_TERMINOLOGY,ADD_CONTEXTUAL_HELP_WHERE_REQUIRED,Canonical footer boundary in wave rollout,Canonical responsive shell in wave rollout,Operational; convergence verification pending,None observed in current wave or pending inspection,MIGRATE_IN_WP17D,PORTAL_MIGRATION,Inspect and repair defects encountered during migration,WP17C_CANONICAL_PAGE,app/routing/AppRoutes.jsx,PortalShell + tokens + navigation canon,IMPLEMENTED,Imported from WP17C ledger · Shared shell/token convergence wave active · app/routing/AppRoutes.jsx,PENDING
ROUTE-0244,admin,/admin/vendors/:vendorId/thread,/admin/vendors/:vendorId,detail_route,DETAIL,WP17D_CANONICAL_WAVE,PortalShell (canonical wp17d wave),Canonical glass header,Canonical sidebar in wave migration,Layered light base + navy grid + restrained glass,route_element,lucide-react (canonical wrapper convergence),ALIGN_TO_WP17B_TERMINOLOGY,ADD_CONTEXTUAL_HELP_WHERE_REQUIRED,Canonical footer boundary in wave rollout,Canonical responsive shell in wave rollout,Operational; convergence verification pending,None observed in current wave or pending inspection,KEEP_HIDDEN_DETAIL,PORTAL_MIGRATION,Inspect and repair defects encountered during migration,WP17C_CANONICAL_DETAIL_PAGE,app/routing/AppRoutes.jsx,PortalShell + tokens + navigation canon,IMPLEMENTED,Imported from WP17C ledger · Shared shell/token convergence wave active · app/routing/AppRoutes.jsx,PENDING
ROUTE-0245,admin,/admin/assets/:assetRef/thread,/admin/assets/:assetRef,detail_route,DETAIL,WP17D_CANONICAL_WAVE,PortalShell (canonical wp17d wave),Canonical glass header,Canonical sidebar in wave migration,Layered light base + navy grid + restrained glass,route_element,lucide-react (canonical wrapper convergence),ALIGN_TO_WP17B_TERMINOLOGY,ADD_CONTEXTUAL_HELP_WHERE_REQUIRED,Canonical footer boundary in wave rollout,Canonical responsive shell in wave rollout,Operational; convergence verification pending,None observed in current wave or pending inspection,KEEP_HIDDEN_DETAIL,PORTAL_MIGRATION,Inspect and repair defects encountered during migration,WP17C_CANONICAL_DETAIL_PAGE,app/routing/AppRoutes.jsx,PortalShell + tokens + navigation canon,IMPLEMENTED,Imported from WP17C ledger · Shared shell/token convergence wave active · app/routing/AppRoutes.jsx,PENDING
ROUTE-0246,pm,/pm/posters,/pm,route_screen,ACTIVE,WP17D_CANONICAL_WAVE,PortalShell (canonical wp17d wave),Canonical glass header,Canonical sidebar in wave migration,Layered light base + navy grid + restrained glass,route_element,lucide-react (canonical wrapper convergence),ALIGN_TO_WP17B_TERMINOLOGY,ADD_CONTEXTUAL_HELP_WHERE_REQUIRED,Canonical footer boundary in wave rollout,Canonical responsive shell in wave rollout,Operational; convergence verification pending,None observed in current wave or pending inspection,MIGRATE_IN_WP17D,PORTAL_MIGRATION,Inspect and repair defects encountered during migration,WP17C_CANONICAL_PAGE,app/routing/AppRoutes.jsx,PortalShell + tokens + navigation canon,IMPLEMENTED,Imported from WP17C ledger · Shared shell/token convergence wave active · app/routing/AppRoutes.jsx,PENDING
ROUTE-0247,pm,/pm/qaqc,/pm,route_screen,ACTIVE,WP17D_CANONICAL_WAVE,PortalShell (canonical wp17d wave),Canonical glass header,Canonical sidebar in wave migration,Layered light base + navy grid + restrained glass,route_element,lucide-react (canonical wrapper convergence),ALIGN_TO_WP17B_TERMINOLOGY,ADD_CONTEXTUAL_HELP_WHERE_REQUIRED,Canonical footer boundary in wave rollout,Canonical responsive shell in wave rollout,Operational; convergence verification pending,None observed in current wave or pending inspection,MIGRATE_IN_WP17D,PORTAL_MIGRATION,Inspect and repair defects encountered during migration,WP17C_CANONICAL_PAGE,app/routing/AppRoutes.jsx,PortalShell + tokens + navigation canon,IMPLEMENTED,Imported from WP17C ledger · Shared shell/token convergence wave active · app/routing/AppRoutes.jsx,PENDING
ROUTE-0248,pm,/pm/photos,/pm,route_screen,ACTIVE,WP17D_CANONICAL_WAVE,PortalShell (canonical wp17d wave),Canonical glass header,Canonical sidebar in wave migration,Layered light base + navy grid + restrained glass,route_element,lucide-react (canonical wrapper convergence),ALIGN_TO_WP17B_TERMINOLOGY,ADD_CONTEXTUAL_HELP_WHERE_REQUIRED,Canonical footer boundary in wave rollout,Canonical responsive shell in wave rollout,Operational; convergence verification pending,None observed in current wave or pending inspection,MIGRATE_IN_WP17D,PORTAL_MIGRATION,Inspect and repair defects encountered during migration,WP17C_CANONICAL_PAGE,app/routing/AppRoutes.jsx,PortalShell + tokens + navigation canon,IMPLEMENTED,Imported from WP17C ledger · Shared shell/token convergence wave active · app/routing/AppRoutes.jsx,PENDING
ROUTE-0249,pm,/pm/daily,/pm,route_screen,ACTIVE,WP17D_CANONICAL_WAVE,PortalShell (canonical wp17d wave),Canonical glass header,Canonical sidebar in wave migration,Layered light base + navy grid + restrained glass,route_element,lucide-react (canonical wrapper convergence),ALIGN_TO_WP17B_TERMINOLOGY,ADD_CONTEXTUAL_HELP_WHERE_REQUIRED,Canonical footer boundary in wave rollout,Canonical responsive shell in wave rollout,Operational; convergence verification pending,None observed in current wave or pending inspection,MIGRATE_IN_WP17D,PORTAL_MIGRATION,Inspect and repair defects encountered during migration,WP17C_CANONICAL_PAGE,app/routing/AppRoutes.jsx,PortalShell + tokens + navigation canon,IMPLEMENTED,Imported from WP17C ledger · Shared shell/token convergence wave active · app/routing/AppRoutes.jsx,PENDING
ROUTE-0250,pm,/pm/daily/:id,/pm/daily,detail_route,DETAIL,WP17D_CANONICAL_WAVE,PortalShell (canonical wp17d wave),Canonical glass header,Canonical sidebar in wave migration,Layered light base + navy grid + restrained glass,route_element,lucide-react (canonical wrapper convergence),ALIGN_TO_WP17B_TERMINOLOGY,ADD_CONTEXTUAL_HELP_WHERE_REQUIRED,Canonical footer boundary in wave rollout,Canonical responsive shell in wave rollout,Operational; shared shell certification complete,None observed in current wave or pending inspection,KEEP_HIDDEN_DETAIL,PORTAL_MIGRATION,Inspect and repair defects encountered during migration,WP17C_CANONICAL_DETAIL_PAGE,app/routing/AppRoutes.jsx,PortalShell + tokens + navigation canon,CERTIFIED,Platform shell sub-batch certified 2026-08-01 · DetailPageHero + responsive screenshot pack + iteration_96.json,CERTIFIED 390/768/1024/1440
ROUTE-0251,pm,/pm/incidents,/pm,route_screen,ACTIVE,WP17D_CANONICAL_WAVE,PortalShell (canonical wp17d wave),Canonical glass header,Canonical sidebar in wave migration,Layered light base + navy grid + restrained glass,route_element,lucide-react (canonical wrapper convergence),ALIGN_TO_WP17B_TERMINOLOGY,ADD_CONTEXTUAL_HELP_WHERE_REQUIRED,Canonical footer boundary in wave rollout,Canonical responsive shell in wave rollout,Operational; convergence verification pending,None observed in current wave or pending inspection,MIGRATE_IN_WP17D,PORTAL_MIGRATION,Inspect and repair defects encountered during migration,WP17C_CANONICAL_PAGE,app/routing/AppRoutes.jsx,PortalShell + tokens + navigation canon,IMPLEMENTED,Imported from WP17C ledger · Shared shell/token convergence wave active · app/routing/AppRoutes.jsx,PENDING
ROUTE-0252,pm,/pm/incidents/:id,/pm/incidents,detail_route,DETAIL,WP17D_CANONICAL_WAVE,PortalShell (canonical wp17d wave),Canonical glass header,Canonical sidebar in wave migration,Layered light base + navy grid + restrained glass,route_element,lucide-react (canonical wrapper convergence),ALIGN_TO_WP17B_TERMINOLOGY,ADD_CONTEXTUAL_HELP_WHERE_REQUIRED,Canonical footer boundary in wave rollout,Canonical responsive shell in wave rollout,Operational; convergence verification pending,None observed in current wave or pending inspection,KEEP_HIDDEN_DETAIL,PORTAL_MIGRATION,Inspect and repair defects encountered during migration,WP17C_CANONICAL_DETAIL_PAGE,app/routing/AppRoutes.jsx,PortalShell + tokens + navigation canon,IMPLEMENTED,Imported from WP17C ledger · Shared shell/token convergence wave active · app/routing/AppRoutes.jsx,PENDING
ROUTE-0253,pm,/pm/meetings,/pm,route_screen,ACTIVE,WP17D_CANONICAL_WAVE,PortalShell (canonical wp17d wave),Canonical glass header,Canonical sidebar in wave migration,Layered light base + navy grid + restrained glass,route_element,lucide-react (canonical wrapper convergence),ALIGN_TO_WP17B_TERMINOLOGY,ADD_CONTEXTUAL_HELP_WHERE_REQUIRED,Canonical footer boundary in wave rollout,Canonical responsive shell in wave rollout,Operational; convergence verification pending,None observed in current wave or pending inspection,MIGRATE_IN_WP17D,PORTAL_MIGRATION,Inspect and repair defects encountered during migration,WP17C_CANONICAL_PAGE,app/routing/AppRoutes.jsx,PortalShell + tokens + navigation canon,IMPLEMENTED,Imported from WP17C ledger · Shared shell/token convergence wave active · app/routing/AppRoutes.jsx,PENDING
ROUTE-0254,pm,/pm/meetings/:id,/pm/meetings,detail_route,DETAIL,WP17D_CANONICAL_WAVE,PortalShell (canonical wp17d wave),Canonical glass header,Canonical sidebar in wave migration,Layered light base + navy grid + restrained glass,route_element,lucide-react (canonical wrapper convergence),ALIGN_TO_WP17B_TERMINOLOGY,ADD_CONTEXTUAL_HELP_WHERE_REQUIRED,Canonical footer boundary in wave rollout,Canonical responsive shell in wave rollout,Operational; convergence verification pending,None observed in current wave or pending inspection,KEEP_HIDDEN_DETAIL,PORTAL_MIGRATION,Inspect and repair defects encountered during migration,WP17C_CANONICAL_DETAIL_PAGE,app/routing/AppRoutes.jsx,PortalShell + tokens + navigation canon,IMPLEMENTED,Imported from WP17C ledger · Shared shell/token convergence wave active · app/routing/AppRoutes.jsx,PENDING
ROUTE-0255,pm,/pm/inspections,/pm,route_screen,ACTIVE,WP17D_CANONICAL_WAVE,PortalShell (canonical wp17d wave),Canonical glass header,Canonical sidebar in wave migration,Layered light base + navy grid + restrained glass,route_element,lucide-react (canonical wrapper convergence),ALIGN_TO_WP17B_TERMINOLOGY,ADD_CONTEXTUAL_HELP_WHERE_REQUIRED,Canonical footer boundary in wave rollout,Canonical responsive shell in wave rollout,Operational; convergence verification pending,None observed in current wave or pending inspection,MIGRATE_IN_WP17D,PORTAL_MIGRATION,Inspect and repair defects encountered during migration,WP17C_CANONICAL_PAGE,app/routing/AppRoutes.jsx,PortalShell + tokens + navigation canon,IMPLEMENTED,Imported from WP17C ledger · Shared shell/token convergence wave active · app/routing/AppRoutes.jsx,PENDING
ROUTE-0256,pm,/pm/inspections/:id,/pm/inspections,detail_route,DETAIL,WP17D_CANONICAL_WAVE,PortalShell (canonical wp17d wave),Canonical glass header,Canonical sidebar in wave migration,Layered light base + navy grid + restrained glass,route_element,lucide-react (canonical wrapper convergence),ALIGN_TO_WP17B_TERMINOLOGY,ADD_CONTEXTUAL_HELP_WHERE_REQUIRED,Canonical footer boundary in wave rollout,Canonical responsive shell in wave rollout,Operational; convergence verification pending,None observed in current wave or pending inspection,KEEP_HIDDEN_DETAIL,PORTAL_MIGRATION,Inspect and repair defects encountered during migration,WP17C_CANONICAL_DETAIL_PAGE,app/routing/AppRoutes.jsx,PortalShell + tokens + navigation canon,IMPLEMENTED,Imported from WP17C ledger · Shared shell/token convergence wave active · app/routing/AppRoutes.jsx,PENDING
ROUTE-0257,pm,/pm/jha-plans,/pm,route_screen,ACTIVE,WP17D_CANONICAL_WAVE,PortalShell (canonical wp17d wave),Canonical glass header,Canonical sidebar in wave migration,Layered light base + navy grid + restrained glass,route_element,lucide-react (canonical wrapper convergence),ALIGN_TO_WP17B_TERMINOLOGY,ADD_CONTEXTUAL_HELP_WHERE_REQUIRED,Canonical footer boundary in wave rollout,Canonical responsive shell in wave rollout,Operational; convergence verification pending,None observed in current wave or pending inspection,MIGRATE_IN_WP17D,PORTAL_MIGRATION,Inspect and repair defects encountered during migration,WP17C_CANONICAL_PAGE,app/routing/AppRoutes.jsx,PortalShell + tokens + navigation canon,IMPLEMENTED,Imported from WP17C ledger · Shared shell/token convergence wave active · app/routing/AppRoutes.jsx,PENDING
ROUTE-0258,pm,/pm/trench-boxes,/pm,route_screen,ACTIVE,WP17D_CANONICAL_WAVE,PortalShell (canonical wp17d wave),Canonical glass header,Canonical sidebar in wave migration,Layered light base + navy grid + restrained glass,route_element,lucide-react (canonical wrapper convergence),ALIGN_TO_WP17B_TERMINOLOGY,ADD_CONTEXTUAL_HELP_WHERE_REQUIRED,Canonical footer boundary in wave rollout,Canonical responsive shell in wave rollout,Operational; convergence verification pending,None observed in current wave or pending inspection,MIGRATE_IN_WP17D,PORTAL_MIGRATION,Inspect and repair defects encountered during migration,WP17C_CANONICAL_PAGE,app/routing/AppRoutes.jsx,PortalShell + tokens + navigation canon,IMPLEMENTED,Imported from WP17C ledger · Shared shell/token convergence wave active · app/routing/AppRoutes.jsx,PENDING
ROUTE-0259,pm,/pm/equipment,/pm,route_screen,ACTIVE,WP17D_CANONICAL_WAVE,PortalShell (canonical wp17d wave),Canonical glass header,Canonical sidebar in wave migration,Layered light base + navy grid + restrained glass,route_element,lucide-react (canonical wrapper convergence),ALIGN_TO_WP17B_TERMINOLOGY,ADD_CONTEXTUAL_HELP_WHERE_REQUIRED,Canonical footer boundary in wave rollout,Canonical responsive shell in wave rollout,Operational; convergence verification pending,None observed in current wave or pending inspection,MIGRATE_IN_WP17D,PORTAL_MIGRATION,Inspect and repair defects encountered during migration,WP17C_CANONICAL_PAGE,app/routing/AppRoutes.jsx,PortalShell + tokens + navigation canon,IMPLEMENTED,Imported from WP17C ledger · Shared shell/token convergence wave active · app/routing/AppRoutes.jsx,PENDING
ROUTE-0260,pm,/pm/equipment/:id,/pm/equipment,detail_route,DETAIL,WP17D_CANONICAL_WAVE,PortalShell (canonical wp17d wave),Canonical glass header,Canonical sidebar in wave migration,Layered light base + navy grid + restrained glass,route_element,lucide-react (canonical wrapper convergence),ALIGN_TO_WP17B_TERMINOLOGY,ADD_CONTEXTUAL_HELP_WHERE_REQUIRED,Canonical footer boundary in wave rollout,Canonical responsive shell in wave rollout,Operational; convergence verification pending,None observed in current wave or pending inspection,KEEP_HIDDEN_DETAIL,PORTAL_MIGRATION,Inspect and repair defects encountered during migration,WP17C_CANONICAL_DETAIL_PAGE,app/routing/AppRoutes.jsx,PortalShell + tokens + navigation canon,IMPLEMENTED,Imported from WP17C ledger · Shared shell/token convergence wave active · app/routing/AppRoutes.jsx,PENDING
ROUTE-0261,pm,/pm/trench-safety,/pm,route_screen,ACTIVE,WP17D_CANONICAL_WAVE,PortalShell (canonical wp17d wave),Canonical glass header,Canonical sidebar in wave migration,Layered light base + navy grid + restrained glass,route_element,lucide-react (canonical wrapper convergence),ALIGN_TO_WP17B_TERMINOLOGY,ADD_CONTEXTUAL_HELP_WHERE_REQUIRED,Canonical footer boundary in wave rollout,Canonical responsive shell in wave rollout,Operational; convergence verification pending,None observed in current wave or pending inspection,MIGRATE_IN_WP17D,PORTAL_MIGRATION,Inspect and repair defects encountered during migration,WP17C_CANONICAL_PAGE,app/routing/AppRoutes.jsx,PortalShell + tokens + navigation canon,IMPLEMENTED,Imported from WP17C ledger · Shared shell/token convergence wave active · app/routing/AppRoutes.jsx,PENDING
ROUTE-0262,pm,/pm/trench-safety/assets,/pm/trench-safety,route_screen,ACTIVE,WP17D_CANONICAL_WAVE,PortalShell (canonical wp17d wave),Canonical glass header,Canonical sidebar in wave migration,Layered light base + navy grid + restrained glass,route_element,lucide-react (canonical wrapper convergence),ALIGN_TO_WP17B_TERMINOLOGY,ADD_CONTEXTUAL_HELP_WHERE_REQUIRED,Canonical footer boundary in wave rollout,Canonical responsive shell in wave rollout,Operational; convergence verification pending,None observed in current wave or pending inspection,MIGRATE_IN_WP17D,PORTAL_MIGRATION,Inspect and repair defects encountered during migration,WP17C_CANONICAL_PAGE,app/routing/AppRoutes.jsx,PortalShell + tokens + navigation canon,IMPLEMENTED,Imported from WP17C ledger · Shared shell/token convergence wave active · app/routing/AppRoutes.jsx,PENDING
ROUTE-0263,pm,/pm/trench-safety/assets/:assetId,/pm/trench-safety/assets,detail_route,DETAIL,WP17D_CANONICAL_WAVE,PortalShell (canonical wp17d wave),Canonical glass header,Canonical sidebar in wave migration,Layered light base + navy grid + restrained glass,route_element,lucide-react (canonical wrapper convergence),ALIGN_TO_WP17B_TERMINOLOGY,ADD_CONTEXTUAL_HELP_WHERE_REQUIRED,Canonical footer boundary in wave rollout,Canonical responsive shell in wave rollout,Operational; convergence verification pending,None observed in current wave or pending inspection,KEEP_HIDDEN_DETAIL,PORTAL_MIGRATION,Inspect and repair defects encountered during migration,WP17C_CANONICAL_DETAIL_PAGE,app/routing/AppRoutes.jsx,PortalShell + tokens + navigation canon,IMPLEMENTED,Imported from WP17C ledger · Shared shell/token convergence wave active · app/routing/AppRoutes.jsx,PENDING
ROUTE-0264,pm,/pm/trench-safety/tabulated-data,/pm/trench-safety,route_screen,ACTIVE,WP17D_CANONICAL_WAVE,PortalShell (canonical wp17d wave),Canonical glass header,Canonical sidebar in wave migration,Layered light base + navy grid + restrained glass,route_element,lucide-react (canonical wrapper convergence),ALIGN_TO_WP17B_TERMINOLOGY,ADD_CONTEXTUAL_HELP_WHERE_REQUIRED,Canonical footer boundary in wave rollout,Canonical responsive shell in wave rollout,Operational; convergence verification pending,None observed in current wave or pending inspection,MIGRATE_IN_WP17D,PORTAL_MIGRATION,Inspect and repair defects encountered during migration,WP17C_CANONICAL_PAGE,app/routing/AppRoutes.jsx,PortalShell + tokens + navigation canon,IMPLEMENTED,Imported from WP17C ledger · Shared shell/token convergence wave active · app/routing/AppRoutes.jsx,PENDING
ROUTE-0265,pm,/pm/trench-safety/reports,/pm/trench-safety,route_screen,ACTIVE,WP17D_CANONICAL_WAVE,PortalShell (canonical wp17d wave),Canonical glass header,Canonical sidebar in wave migration,Layered light base + navy grid + restrained glass,route_element,lucide-react (canonical wrapper convergence),ALIGN_TO_WP17B_TERMINOLOGY,ADD_CONTEXTUAL_HELP_WHERE_REQUIRED,Canonical footer boundary in wave rollout,Canonical responsive shell in wave rollout,Operational; convergence verification pending,None observed in current wave or pending inspection,MIGRATE_IN_WP17D,PORTAL_MIGRATION,Inspect and repair defects encountered during migration,WP17C_CANONICAL_PAGE,app/routing/AppRoutes.jsx,PortalShell + tokens + navigation canon,IMPLEMENTED,Imported from WP17C ledger · Shared shell/token convergence wave active · app/routing/AppRoutes.jsx,PENDING
ROUTE-0266,pm,/pm/trench-safety/excavations,/pm/trench-safety,route_screen,ACTIVE,WP17D_CANONICAL_WAVE,PortalShell (canonical wp17d wave),Canonical glass header,Canonical sidebar in wave migration,Layered light base + navy grid + restrained glass,route_element,lucide-react (canonical wrapper convergence),ALIGN_TO_WP17B_TERMINOLOGY,ADD_CONTEXTUAL_HELP_WHERE_REQUIRED,Canonical footer boundary in wave rollout,Canonical responsive shell in wave rollout,Operational; convergence verification pending,None observed in current wave or pending inspection,MIGRATE_IN_WP17D,PORTAL_MIGRATION,Inspect and repair defects encountered during migration,WP17C_CANONICAL_PAGE,app/routing/AppRoutes.jsx,PortalShell + tokens + navigation canon,IMPLEMENTED,Imported from WP17C ledger · Shared shell/token convergence wave active · app/routing/AppRoutes.jsx,PENDING
ROUTE-0267,shop,/shop/login,/shop,route_screen,ACTIVE,WP17D_CANONICAL_WAVE,Legacy or portal-specific shell,Canonical glass header,Mixed or contextual navigation,Layered light base + navy grid + restrained glass,ShopLogin,lucide-react (canonical wrapper convergence),ALIGN_TO_WP17B_TERMINOLOGY,ADD_CONTEXTUAL_HELP_WHERE_REQUIRED,Mixed footer treatment,Canonical responsive shell in wave rollout,Operational; convergence verification pending,None observed in current wave or pending inspection,MIGRATE_IN_WP17D,PORTAL_MIGRATION,Inspect and repair defects encountered during migration,WP17C_CANONICAL_PAGE,app/routing/AppRoutes.jsx,PortalShell + tokens + navigation canon,IMPLEMENTED,Imported from WP17C ledger · Shared shell/token convergence wave active · app/routing/AppRoutes.jsx,PENDING
ROUTE-0268,shop,/shop/reset/:token,/shop/reset,detail_route,DETAIL,WP17D_CANONICAL_WAVE,Legacy or portal-specific shell,Canonical glass header,Mixed or contextual navigation,Layered light base + navy grid + restrained glass,ShopResetPassword,lucide-react (canonical wrapper convergence),ALIGN_TO_WP17B_TERMINOLOGY,ADD_CONTEXTUAL_HELP_WHERE_REQUIRED,Mixed footer treatment,Canonical responsive shell in wave rollout,Operational; convergence verification pending,None observed in current wave or pending inspection,KEEP_HIDDEN_DETAIL,PORTAL_MIGRATION,Inspect and repair defects encountered during migration,WP17C_CANONICAL_DETAIL_PAGE,app/routing/AppRoutes.jsx,PortalShell + tokens + navigation canon,IMPLEMENTED,Imported from WP17C ledger · Shared shell/token convergence wave active · app/routing/AppRoutes.jsx,PENDING
ROUTE-0269,shop,/shop/change-password,/shop,route_screen,ACTIVE,WP17D_CANONICAL_WAVE,Legacy or portal-specific shell,Canonical glass header,Mixed or contextual navigation,Layered light base + navy grid + restrained glass,route_element,lucide-react (canonical wrapper convergence),ALIGN_TO_WP17B_TERMINOLOGY,ADD_CONTEXTUAL_HELP_WHERE_REQUIRED,Mixed footer treatment,Canonical responsive shell in wave rollout,Operational; convergence verification pending,None observed in current wave or pending inspection,MIGRATE_IN_WP17D,PORTAL_MIGRATION,Inspect and repair defects encountered during migration,WP17C_CANONICAL_PAGE,app/routing/AppRoutes.jsx,PortalShell + tokens + navigation canon,IMPLEMENTED,Imported from WP17C ledger · Shared shell/token convergence wave active · app/routing/AppRoutes.jsx,PENDING
ROUTE-0270,shop,/shop,/,route_screen,ACTIVE,WP17D_CANONICAL_WAVE,Legacy or portal-specific shell,Canonical glass header,Mixed or contextual navigation,Layered light base + navy grid + restrained glass,route_element,lucide-react (canonical wrapper convergence),ALIGN_TO_WP17B_TERMINOLOGY,ADD_CONTEXTUAL_HELP_WHERE_REQUIRED,Mixed footer treatment,Canonical responsive shell in wave rollout,Operational; convergence verification pending,None observed in current wave or pending inspection,MIGRATE_IN_WP17D,PORTAL_MIGRATION,Inspect and repair defects encountered during migration,WP17C_CANONICAL_PAGE,app/routing/AppRoutes.jsx,PortalShell + tokens + navigation canon,IMPLEMENTED,Imported from WP17C ledger · Shared shell/token convergence wave active · app/routing/AppRoutes.jsx,PENDING
ROUTE-0271,shop,/shop/hub_legacy,/shop,hidden_companion_route,HIDDEN,WP17D_CANONICAL_WAVE,Legacy or portal-specific shell,Canonical glass header,Mixed or contextual navigation,Layered light base + navy grid + restrained glass,route_element,lucide-react (canonical wrapper convergence),ALIGN_TO_WP17B_TERMINOLOGY,ADD_CONTEXTUAL_HELP_WHERE_REQUIRED,Mixed footer treatment,Canonical responsive shell in wave rollout,Intentionally hidden or internal,None observed in current wave or pending inspection,MERGE_OR_RETIRE,PORTAL_MIGRATION,Inspect and repair defects encountered during migration,WP17C_CANONICAL_PAGE,app/routing/AppRoutes.jsx,PortalShell + tokens + navigation canon,HIDDEN,Imported from WP17C ledger · Shared shell/token convergence wave active · app/routing/AppRoutes.jsx,PENDING
ROUTE-0272,shop,/shop/hub_v2,/shop,hidden_companion_route,HIDDEN,WP17D_CANONICAL_WAVE,Legacy or portal-specific shell,Canonical glass header,Mixed or contextual navigation,Layered light base + navy grid + restrained glass,route_element,lucide-react (canonical wrapper convergence),ALIGN_TO_WP17B_TERMINOLOGY,ADD_CONTEXTUAL_HELP_WHERE_REQUIRED,Mixed footer treatment,Canonical responsive shell in wave rollout,Intentionally hidden or internal,None observed in current wave or pending inspection,MERGE_OR_RETIRE,PORTAL_MIGRATION,Inspect and repair defects encountered during migration,WP17C_CANONICAL_PAGE,app/routing/AppRoutes.jsx,PortalShell + tokens + navigation canon,HIDDEN,Imported from WP17C ledger · Shared shell/token convergence wave active · app/routing/AppRoutes.jsx,PENDING
ROUTE-0273,shop,/shop/asset-care,/shop,route_screen,ACTIVE,WP17D_CANONICAL_WAVE,Legacy or portal-specific shell,Canonical glass header,Mixed or contextual navigation,Layered light base + navy grid + restrained glass,route_element,lucide-react (canonical wrapper convergence),ALIGN_TO_WP17B_TERMINOLOGY,ADD_CONTEXTUAL_HELP_WHERE_REQUIRED,Mixed footer treatment,Canonical responsive shell in wave rollout,Operational; convergence verification pending,None observed in current wave or pending inspection,MIGRATE_IN_WP17D,PORTAL_MIGRATION,Inspect and repair defects encountered during migration,WP17C_CANONICAL_PAGE,app/routing/AppRoutes.jsx,PortalShell + tokens + navigation canon,IMPLEMENTED,Imported from WP17C ledger · Shared shell/token convergence wave active · app/routing/AppRoutes.jsx,PENDING
ROUTE-0274,shop,/shop/manager/queue,/shop/manager,route_screen,ACTIVE,WP17D_CANONICAL_WAVE,Legacy or portal-specific shell,Canonical glass header,Mixed or contextual navigation,Layered light base + navy grid + restrained glass,route_element,lucide-react (canonical wrapper convergence),ALIGN_TO_WP17B_TERMINOLOGY,ADD_CONTEXTUAL_HELP_WHERE_REQUIRED,Mixed footer treatment,Canonical responsive shell in wave rollout,Operational; convergence verification pending,None observed in current wave or pending inspection,MIGRATE_IN_WP17D,PORTAL_MIGRATION,Inspect and repair defects encountered during migration,WP17C_CANONICAL_PAGE,app/routing/AppRoutes.jsx,PortalShell + tokens + navigation canon,IMPLEMENTED,Imported from WP17C ledger · Shared shell/token convergence wave active · app/routing/AppRoutes.jsx,PENDING
ROUTE-0275,shop,/shop/me,/shop,route_screen,ACTIVE,WP17D_CANONICAL_WAVE,Legacy or portal-specific shell,Canonical glass header,Mixed or contextual navigation,Layered light base + navy grid + restrained glass,route_element,lucide-react (canonical wrapper convergence),ALIGN_TO_WP17B_TERMINOLOGY,ADD_CONTEXTUAL_HELP_WHERE_REQUIRED,Mixed footer treatment,Canonical responsive shell in wave rollout,Operational; convergence verification pending,None observed in current wave or pending inspection,MIGRATE_IN_WP17D,PORTAL_MIGRATION,Inspect and repair defects encountered during migration,WP17C_CANONICAL_PAGE,app/routing/AppRoutes.jsx,PortalShell + tokens + navigation canon,IMPLEMENTED,Imported from WP17C ledger · Shared shell/token convergence wave active · app/routing/AppRoutes.jsx,PENDING
ROUTE-0276,shop,/shop/units/history,/shop/units,route_screen,ACTIVE,WP17D_CANONICAL_WAVE,Legacy or portal-specific shell,Canonical glass header,Mixed or contextual navigation,Layered light base + navy grid + restrained glass,route_element,lucide-react (canonical wrapper convergence),ALIGN_TO_WP17B_TERMINOLOGY,ADD_CONTEXTUAL_HELP_WHERE_REQUIRED,Mixed footer treatment,Canonical responsive shell in wave rollout,Operational; convergence verification pending,None observed in current wave or pending inspection,MIGRATE_IN_WP17D,PORTAL_MIGRATION,Inspect and repair defects encountered during migration,WP17C_CANONICAL_PAGE,app/routing/AppRoutes.jsx,PortalShell + tokens + navigation canon,IMPLEMENTED,Imported from WP17C ledger · Shared shell/token convergence wave active · app/routing/AppRoutes.jsx,PENDING
ROUTE-0277,shop,/shop/units/:unitNumber/history,/shop/units/:unitNumber,detail_route,DETAIL,WP17D_CANONICAL_WAVE,Legacy or portal-specific shell,Canonical glass header,Mixed or contextual navigation,Layered light base + navy grid + restrained glass,route_element,lucide-react (canonical wrapper convergence),ALIGN_TO_WP17B_TERMINOLOGY,ADD_CONTEXTUAL_HELP_WHERE_REQUIRED,Mixed footer treatment,Canonical responsive shell in wave rollout,Operational; convergence verification pending,None observed in current wave or pending inspection,KEEP_HIDDEN_DETAIL,PORTAL_MIGRATION,Inspect and repair defects encountered during migration,WP17C_CANONICAL_DETAIL_PAGE,app/routing/AppRoutes.jsx,PortalShell + tokens + navigation canon,IMPLEMENTED,Imported from WP17C ledger · Shared shell/token convergence wave active · app/routing/AppRoutes.jsx,PENDING
ROUTE-0278,shop,/shop/fuel-lube/new,/shop/fuel-lube,route_screen,ACTIVE,WP17D_CANONICAL_WAVE,Legacy or portal-specific shell,Canonical glass header,Mixed or contextual navigation,Layered light base + navy grid + restrained glass,route_element,lucide-react (canonical wrapper convergence),ALIGN_TO_WP17B_TERMINOLOGY,ADD_CONTEXTUAL_HELP_WHERE_REQUIRED,Mixed footer treatment,Canonical responsive shell in wave rollout,Operational; convergence verification pending,None observed in current wave or pending inspection,MIGRATE_IN_WP17D,PORTAL_MIGRATION,Inspect and repair defects encountered during migration,WP17C_CANONICAL_PAGE,app/routing/AppRoutes.jsx,PortalShell + tokens + navigation canon,IMPLEMENTED,Imported from WP17C ledger · Shared shell/token convergence wave active · app/routing/AppRoutes.jsx,PENDING
ROUTE-0279,shop,/shop/fuel-lube,/shop,route_screen,ACTIVE,WP17D_CANONICAL_WAVE,Legacy or portal-specific shell,Canonical glass header,Mixed or contextual navigation,Layered light base + navy grid + restrained glass,route_element,lucide-react (canonical wrapper convergence),ALIGN_TO_WP17B_TERMINOLOGY,ADD_CONTEXTUAL_HELP_WHERE_REQUIRED,Mixed footer treatment,Canonical responsive shell in wave rollout,Operational; convergence verification pending,None observed in current wave or pending inspection,MIGRATE_IN_WP17D,PORTAL_MIGRATION,Inspect and repair defects encountered during migration,WP17C_CANONICAL_PAGE,app/routing/AppRoutes.jsx,PortalShell + tokens + navigation canon,IMPLEMENTED,Imported from WP17C ledger · Shared shell/token convergence wave active · app/routing/AppRoutes.jsx,PENDING
ROUTE-0280,shop,/shop/fuel-lube/:visitId,/shop/fuel-lube,detail_route,DETAIL,WP17D_CANONICAL_WAVE,Legacy or portal-specific shell,Canonical glass header,Mixed or contextual navigation,Layered light base + navy grid + restrained glass,route_element,lucide-react (canonical wrapper convergence),ALIGN_TO_WP17B_TERMINOLOGY,ADD_CONTEXTUAL_HELP_WHERE_REQUIRED,Mixed footer treatment,Canonical responsive shell in wave rollout,Operational; convergence verification pending,None observed in current wave or pending inspection,KEEP_HIDDEN_DETAIL,PORTAL_MIGRATION,Inspect and repair defects encountered during migration,WP17C_CANONICAL_DETAIL_PAGE,app/routing/AppRoutes.jsx,PortalShell + tokens + navigation canon,IMPLEMENTED,Imported from WP17C ledger · Shared shell/token convergence wave active · app/routing/AppRoutes.jsx,PENDING
ROUTE-0281,shop,/shop/service-truck-reconciliation/new,/shop/service-truck-reconciliation,route_screen,ACTIVE,WP17D_CANONICAL_WAVE,Legacy or portal-specific shell,Canonical glass header,Mixed or contextual navigation,Layered light base + navy grid + restrained glass,route_element,lucide-react (canonical wrapper convergence),ALIGN_TO_WP17B_TERMINOLOGY,ADD_CONTEXTUAL_HELP_WHERE_REQUIRED,Mixed footer treatment,Canonical responsive shell in wave rollout,Operational; convergence verification pending,None observed in current wave or pending inspection,MIGRATE_IN_WP17D,PORTAL_MIGRATION,Inspect and repair defects encountered during migration,WP17C_CANONICAL_PAGE,app/routing/AppRoutes.jsx,PortalShell + tokens + navigation canon,IMPLEMENTED,Imported from WP17C ledger · Shared shell/token convergence wave active · app/routing/AppRoutes.jsx,PENDING
ROUTE-0282,shop,/shop/service-truck-reconciliation,/shop,route_screen,ACTIVE,WP17D_CANONICAL_WAVE,Legacy or portal-specific shell,Canonical glass header,Mixed or contextual navigation,Layered light base + navy grid + restrained glass,route_element,lucide-react (canonical wrapper convergence),ALIGN_TO_WP17B_TERMINOLOGY,ADD_CONTEXTUAL_HELP_WHERE_REQUIRED,Mixed footer treatment,Canonical responsive shell in wave rollout,Operational; convergence verification pending,None observed in current wave or pending inspection,MIGRATE_IN_WP17D,PORTAL_MIGRATION,Inspect and repair defects encountered during migration,WP17C_CANONICAL_PAGE,app/routing/AppRoutes.jsx,PortalShell + tokens + navigation canon,IMPLEMENTED,Imported from WP17C ledger · Shared shell/token convergence wave active · app/routing/AppRoutes.jsx,PENDING
ROUTE-0283,shop,/shop/service-truck-reconciliation/:recId,/shop/service-truck-reconciliation,detail_route,DETAIL,WP17D_CANONICAL_WAVE,Legacy or portal-specific shell,Canonical glass header,Mixed or contextual navigation,Layered light base + navy grid + restrained glass,route_element,lucide-react (canonical wrapper convergence),ALIGN_TO_WP17B_TERMINOLOGY,ADD_CONTEXTUAL_HELP_WHERE_REQUIRED,Mixed footer treatment,Canonical responsive shell in wave rollout,Operational; convergence verification pending,None observed in current wave or pending inspection,KEEP_HIDDEN_DETAIL,PORTAL_MIGRATION,Inspect and repair defects encountered during migration,WP17C_CANONICAL_DETAIL_PAGE,app/routing/AppRoutes.jsx,PortalShell + tokens + navigation canon,IMPLEMENTED,Imported from WP17C ledger · Shared shell/token convergence wave active · app/routing/AppRoutes.jsx,PENDING
ROUTE-0284,shop,/shop/pm,/shop,route_screen,ACTIVE,WP17D_CANONICAL_WAVE,Legacy or portal-specific shell,Canonical glass header,Mixed or contextual navigation,Layered light base + navy grid + restrained glass,route_element,lucide-react (canonical wrapper convergence),ALIGN_TO_WP17B_TERMINOLOGY,ADD_CONTEXTUAL_HELP_WHERE_REQUIRED,Mixed footer treatment,Canonical responsive shell in wave rollout,Operational; convergence verification pending,None observed in current wave or pending inspection,MIGRATE_IN_WP17D,PORTAL_MIGRATION,Inspect and repair defects encountered during migration,WP17C_CANONICAL_PAGE,app/routing/AppRoutes.jsx,PortalShell + tokens + navigation canon,IMPLEMENTED,Imported from WP17C ledger · Shared shell/token convergence wave active · app/routing/AppRoutes.jsx,PENDING
ROUTE-0285,shop,/shop/pm/templates,/shop/pm,route_screen,ACTIVE,WP17D_CANONICAL_WAVE,Legacy or portal-specific shell,Canonical glass header,Mixed or contextual navigation,Layered light base + navy grid + restrained glass,route_element,lucide-react (canonical wrapper convergence),ALIGN_TO_WP17B_TERMINOLOGY,ADD_CONTEXTUAL_HELP_WHERE_REQUIRED,Mixed footer treatment,Canonical responsive shell in wave rollout,Operational; convergence verification pending,None observed in current wave or pending inspection,MIGRATE_IN_WP17D,PORTAL_MIGRATION,Inspect and repair defects encountered during migration,WP17C_CANONICAL_PAGE,app/routing/AppRoutes.jsx,PortalShell + tokens + navigation canon,IMPLEMENTED,Imported from WP17C ledger · Shared shell/token convergence wave active · app/routing/AppRoutes.jsx,PENDING
ROUTE-0286,shop,/shop/pm/schedules,/shop/pm,route_screen,ACTIVE,WP17D_CANONICAL_WAVE,Legacy or portal-specific shell,Canonical glass header,Mixed or contextual navigation,Layered light base + navy grid + restrained glass,route_element,lucide-react (canonical wrapper convergence),ALIGN_TO_WP17B_TERMINOLOGY,ADD_CONTEXTUAL_HELP_WHERE_REQUIRED,Mixed footer treatment,Canonical responsive shell in wave rollout,Operational; convergence verification pending,None observed in current wave or pending inspection,MIGRATE_IN_WP17D,PORTAL_MIGRATION,Inspect and repair defects encountered during migration,WP17C_CANONICAL_PAGE,app/routing/AppRoutes.jsx,PortalShell + tokens + navigation canon,IMPLEMENTED,Imported from WP17C ledger · Shared shell/token convergence wave active · app/routing/AppRoutes.jsx,PENDING
ROUTE-0287,shop,/shop/pm/work-orders,/shop/pm,route_screen,ACTIVE,WP17D_CANONICAL_WAVE,Legacy or portal-specific shell,Canonical glass header,Mixed or contextual navigation,Layered light base + navy grid + restrained glass,route_element,lucide-react (canonical wrapper convergence),ALIGN_TO_WP17B_TERMINOLOGY,ADD_CONTEXTUAL_HELP_WHERE_REQUIRED,Mixed footer treatment,Canonical responsive shell in wave rollout,Operational; convergence verification pending,None observed in current wave or pending inspection,MIGRATE_IN_WP17D,PORTAL_MIGRATION,Inspect and repair defects encountered during migration,WP17C_CANONICAL_PAGE,app/routing/AppRoutes.jsx,PortalShell + tokens + navigation canon,IMPLEMENTED,Imported from WP17C ledger · Shared shell/token convergence wave active · app/routing/AppRoutes.jsx,PENDING
ROUTE-0288,shop,/shop/pm/work-orders/:id,/shop/pm/work-orders,detail_route,DETAIL,WP17D_CANONICAL_WAVE,Legacy or portal-specific shell,Canonical glass header,Mixed or contextual navigation,Layered light base + navy grid + restrained glass,route_element,lucide-react (canonical wrapper convergence),ALIGN_TO_WP17B_TERMINOLOGY,ADD_CONTEXTUAL_HELP_WHERE_REQUIRED,Mixed footer treatment,Canonical responsive shell in wave rollout,Operational; convergence verification pending,None observed in current wave or pending inspection,KEEP_HIDDEN_DETAIL,PORTAL_MIGRATION,Inspect and repair defects encountered during migration,WP17C_CANONICAL_DETAIL_PAGE,app/routing/AppRoutes.jsx,PortalShell + tokens + navigation canon,IMPLEMENTED,Imported from WP17C ledger · Shared shell/token convergence wave active · app/routing/AppRoutes.jsx,PENDING
ROUTE-0289,shop,/shop/trench-safety-repairs,/shop,route_screen,ACTIVE,WP17D_CANONICAL_WAVE,Legacy or portal-specific shell,Canonical glass header,Mixed or contextual navigation,Layered light base + navy grid + restrained glass,route_element,lucide-react (canonical wrapper convergence),ALIGN_TO_WP17B_TERMINOLOGY,ADD_CONTEXTUAL_HELP_WHERE_REQUIRED,Mixed footer treatment,Canonical responsive shell in wave rollout,Operational; convergence verification pending,None observed in current wave or pending inspection,MIGRATE_IN_WP17D,PORTAL_MIGRATION,Inspect and repair defects encountered during migration,WP17C_CANONICAL_PAGE,app/routing/AppRoutes.jsx,PortalShell + tokens + navigation canon,IMPLEMENTED,Imported from WP17C ledger · Shared shell/token convergence wave active · app/routing/AppRoutes.jsx,PENDING
ROUTE-0290,shop,/shop/fleet,/shop,route_screen,ACTIVE,WP17D_CANONICAL_WAVE,Legacy or portal-specific shell,Canonical glass header,Mixed or contextual navigation,Layered light base + navy grid + restrained glass,route_element,lucide-react (canonical wrapper convergence),ALIGN_TO_WP17B_TERMINOLOGY,ADD_CONTEXTUAL_HELP_WHERE_REQUIRED,Mixed footer treatment,Canonical responsive shell in wave rollout,Operational; convergence verification pending,None observed in current wave or pending inspection,MIGRATE_IN_WP17D,PORTAL_MIGRATION,Inspect and repair defects encountered during migration,WP17C_CANONICAL_PAGE,app/routing/AppRoutes.jsx,PortalShell + tokens + navigation canon,IMPLEMENTED,Imported from WP17C ledger · Shared shell/token convergence wave active · app/routing/AppRoutes.jsx,PENDING
ROUTE-0291,public_shared,/fleet/unit/:unit_number,/fleet/unit,detail_route,DETAIL,WP17D_CANONICAL_WAVE,WP17 public shell,Canonical glass header,Mixed or contextual navigation,Layered light base + navy grid + restrained glass,route_element,lucide-react (canonical wrapper convergence),ALIGN_TO_WP17B_TERMINOLOGY,ADD_CONTEXTUAL_HELP_WHERE_REQUIRED,Canonical footer boundary in wave rollout,Canonical responsive shell in wave rollout,Under active convergence repair,None observed in current wave or pending inspection,KEEP_HIDDEN_DETAIL,FIRST_WAVE_REPAIR_AND_CONVERGENCE,Inspect and repair defects encountered during migration,WP17C_CANONICAL_DETAIL_PAGE,app/routing/AppRoutes.jsx,PortalShell + tokens + navigation canon,MIGRATING,Imported from WP17C ledger · Shared shell/token convergence wave active · Executive first-priority repair wave · app/routing/AppRoutes.jsx,PENDING
ROUTE-0292,shop,/shop/equipment,/shop,route_screen,ACTIVE,WP17D_CANONICAL_WAVE,Legacy or portal-specific shell,Canonical glass header,Mixed or contextual navigation,Layered light base + navy grid + restrained glass,route_element,lucide-react (canonical wrapper convergence),ALIGN_TO_WP17B_TERMINOLOGY,ADD_CONTEXTUAL_HELP_WHERE_REQUIRED,Mixed footer treatment,Canonical responsive shell in wave rollout,Operational; convergence verification pending,None observed in current wave or pending inspection,MIGRATE_IN_WP17D,PORTAL_MIGRATION,Inspect and repair defects encountered during migration,WP17C_CANONICAL_PAGE,app/routing/AppRoutes.jsx,PortalShell + tokens + navigation canon,IMPLEMENTED,Imported from WP17C ledger · Shared shell/token convergence wave active · app/routing/AppRoutes.jsx,PENDING
ROUTE-0293,shop,/shop/equipment/:id,/shop/equipment,detail_route,DETAIL,WP17D_CANONICAL_WAVE,Legacy or portal-specific shell,Canonical glass header,Mixed or contextual navigation,Layered light base + navy grid + restrained glass,route_element,lucide-react (canonical wrapper convergence),ALIGN_TO_WP17B_TERMINOLOGY,ADD_CONTEXTUAL_HELP_WHERE_REQUIRED,Mixed footer treatment,Canonical responsive shell in wave rollout,Operational; convergence verification pending,None observed in current wave or pending inspection,KEEP_HIDDEN_DETAIL,PORTAL_MIGRATION,Inspect and repair defects encountered during migration,WP17C_CANONICAL_DETAIL_PAGE,app/routing/AppRoutes.jsx,PortalShell + tokens + navigation canon,IMPLEMENTED,Imported from WP17C ledger · Shared shell/token convergence wave active · app/routing/AppRoutes.jsx,PENDING
ROUTE-0294,hr,/hr/login,/hr,route_screen,ACTIVE,WP17D_CANONICAL_WAVE,PortalShell (canonical wp17d wave),Canonical glass header,Canonical sidebar in wave migration,Layered light base + navy grid + restrained glass,HrLogin,lucide-react (canonical wrapper convergence),ALIGN_TO_WP17B_TERMINOLOGY,ADD_CONTEXTUAL_HELP_WHERE_REQUIRED,Canonical footer boundary in wave rollout,Canonical responsive shell in wave rollout,Under active convergence repair,None observed in current wave or pending inspection,MIGRATE_IN_WP17D,FIRST_WAVE_REPAIR_AND_CONVERGENCE,Repair partial shell migration and inconsistent detail/form/list behavior,WP17C_CANONICAL_PAGE,app/routing/AppRoutes.jsx,PortalShell + tokens + navigation canon,MIGRATING,Imported from WP17C ledger · Shared shell/token convergence wave active · Executive first-priority repair wave · app/routing/AppRoutes.jsx,PENDING
ROUTE-0295,public_shared,/sign-in,/,route_screen,ACTIVE,WP17D_CANONICAL_WAVE,WP17 public shell,Canonical glass header,Mixed or contextual navigation,Layered light base + navy grid + restrained glass,SignIn,lucide-react (canonical wrapper convergence),ALIGN_TO_WP17B_TERMINOLOGY,ADD_CONTEXTUAL_HELP_WHERE_REQUIRED,Canonical footer boundary in wave rollout,Canonical responsive shell in wave rollout,Under active convergence repair,None observed in current wave or pending inspection,REPRESENTATIVE_IMPLEMENTATION,FIRST_WAVE_REPAIR_AND_CONVERGENCE,Inspect and repair defects encountered during migration,WP17C_CANONICAL_PAGE,app/routing/AppRoutes.jsx,PortalShell + tokens + navigation canon,MIGRATING,Imported from WP17C ledger · Shared shell/token convergence wave active · Executive first-priority repair wave · app/routing/AppRoutes.jsx,PENDING
ROUTE-0296,public_shared,/change-password,/,route_screen,ACTIVE,WP17D_CANONICAL_WAVE,WP17 public shell,Canonical glass header,Mixed or contextual navigation,Layered light base + navy grid + restrained glass,DirectoryChangePassword,lucide-react (canonical wrapper convergence),ALIGN_TO_WP17B_TERMINOLOGY,ADD_CONTEXTUAL_HELP_WHERE_REQUIRED,Canonical footer boundary in wave rollout,Canonical responsive shell in wave rollout,Under active convergence repair,None observed in current wave or pending inspection,MIGRATE_IN_WP17D,FIRST_WAVE_REPAIR_AND_CONVERGENCE,Inspect and repair defects encountered during migration,WP17C_CANONICAL_PAGE,app/routing/AppRoutes.jsx,PortalShell + tokens + navigation canon,MIGRATING,Imported from WP17C ledger · Shared shell/token convergence wave active · Executive first-priority repair wave · app/routing/AppRoutes.jsx,PENDING
ROUTE-0297,hr,/hr/forgot,/hr,route_screen,ACTIVE,WP17D_CANONICAL_WAVE,PortalShell (canonical wp17d wave),Canonical glass header,Canonical sidebar in wave migration,Layered light base + navy grid + restrained glass,HrForgotPassword,lucide-react (canonical wrapper convergence),ALIGN_TO_WP17B_TERMINOLOGY,ADD_CONTEXTUAL_HELP_WHERE_REQUIRED,Canonical footer boundary in wave rollout,Canonical responsive shell in wave rollout,Under active convergence repair,None observed in current wave or pending inspection,MIGRATE_IN_WP17D,FIRST_WAVE_REPAIR_AND_CONVERGENCE,Repair partial shell migration and inconsistent detail/form/list behavior,WP17C_CANONICAL_PAGE,app/routing/AppRoutes.jsx,PortalShell + tokens + navigation canon,MIGRATING,Imported from WP17C ledger · Shared shell/token convergence wave active · Executive first-priority repair wave · app/routing/AppRoutes.jsx,PENDING
ROUTE-0298,hr,/hr/reset/:token,/hr/reset,detail_route,DETAIL,WP17D_CANONICAL_WAVE,PortalShell (canonical wp17d wave),Canonical glass header,Canonical sidebar in wave migration,Layered light base + navy grid + restrained glass,HrResetPassword,lucide-react (canonical wrapper convergence),ALIGN_TO_WP17B_TERMINOLOGY,ADD_CONTEXTUAL_HELP_WHERE_REQUIRED,Canonical footer boundary in wave rollout,Canonical responsive shell in wave rollout,Under active convergence repair,None observed in current wave or pending inspection,KEEP_HIDDEN_DETAIL,FIRST_WAVE_REPAIR_AND_CONVERGENCE,Repair partial shell migration and inconsistent detail/form/list behavior,WP17C_CANONICAL_DETAIL_PAGE,app/routing/AppRoutes.jsx,PortalShell + tokens + navigation canon,MIGRATING,Imported from WP17C ledger · Shared shell/token convergence wave active · Executive first-priority repair wave · app/routing/AppRoutes.jsx,PENDING
ROUTE-0299,hr,/hr/change-password,/hr,route_screen,ACTIVE,WP17D_CANONICAL_WAVE,PortalShell (canonical wp17d wave),Canonical glass header,Canonical sidebar in wave migration,Layered light base + navy grid + restrained glass,route_element,lucide-react (canonical wrapper convergence),ALIGN_TO_WP17B_TERMINOLOGY,ADD_CONTEXTUAL_HELP_WHERE_REQUIRED,Canonical footer boundary in wave rollout,Canonical responsive shell in wave rollout,Under active convergence repair,None observed in current wave or pending inspection,MIGRATE_IN_WP17D,FIRST_WAVE_REPAIR_AND_CONVERGENCE,Repair partial shell migration and inconsistent detail/form/list behavior,WP17C_CANONICAL_PAGE,app/routing/AppRoutes.jsx,PortalShell + tokens + navigation canon,MIGRATING,Imported from WP17C ledger · Shared shell/token convergence wave active · Executive first-priority repair wave · app/routing/AppRoutes.jsx,PENDING
ROUTE-0300,hr,/hr,/,route_screen,ACTIVE,WP17D_CANONICAL_WAVE,PortalShell (canonical wp17d wave),Canonical glass header,Canonical sidebar in wave migration,Layered light base + navy grid + restrained glass,route_element,lucide-react (canonical wrapper convergence),ALIGN_TO_WP17B_TERMINOLOGY,ADD_CONTEXTUAL_HELP_WHERE_REQUIRED,Canonical footer boundary in wave rollout,Canonical responsive shell in wave rollout,Under active convergence repair,None observed in current wave or pending inspection,MIGRATE_IN_WP17D,FIRST_WAVE_REPAIR_AND_CONVERGENCE,Repair partial shell migration and inconsistent detail/form/list behavior,WP17C_CANONICAL_PAGE,app/routing/AppRoutes.jsx,PortalShell + tokens + navigation canon,MIGRATING,Imported from WP17C ledger · Shared shell/token convergence wave active · Executive first-priority repair wave · app/routing/AppRoutes.jsx,PENDING
ROUTE-0301,hr,/hr/hub_legacy,/hr,hidden_companion_route,HIDDEN,WP17D_CANONICAL_WAVE,PortalShell (canonical wp17d wave),Canonical glass header,Canonical sidebar in wave migration,Layered light base + navy grid + restrained glass,route_element,lucide-react (canonical wrapper convergence),ALIGN_TO_WP17B_TERMINOLOGY,ADD_CONTEXTUAL_HELP_WHERE_REQUIRED,Canonical footer boundary in wave rollout,Canonical responsive shell in wave rollout,Intentionally hidden or internal,None observed in current wave or pending inspection,MERGE_OR_RETIRE,FIRST_WAVE_REPAIR_AND_CONVERGENCE,Repair partial shell migration and inconsistent detail/form/list behavior,WP17C_CANONICAL_PAGE,app/routing/AppRoutes.jsx,PortalShell + tokens + navigation canon,HIDDEN,Imported from WP17C ledger · Shared shell/token convergence wave active · Executive first-priority repair wave · app/routing/AppRoutes.jsx,PENDING
ROUTE-0302,hr,/hr/hub_v2,/hr,hidden_companion_route,HIDDEN,WP17D_CANONICAL_WAVE,PortalShell (canonical wp17d wave),Canonical glass header,Canonical sidebar in wave migration,Layered light base + navy grid + restrained glass,route_element,lucide-react (canonical wrapper convergence),ALIGN_TO_WP17B_TERMINOLOGY,ADD_CONTEXTUAL_HELP_WHERE_REQUIRED,Canonical footer boundary in wave rollout,Canonical responsive shell in wave rollout,Intentionally hidden or internal,None observed in current wave or pending inspection,MERGE_OR_RETIRE,FIRST_WAVE_REPAIR_AND_CONVERGENCE,Repair partial shell migration and inconsistent detail/form/list behavior,WP17C_CANONICAL_PAGE,app/routing/AppRoutes.jsx,PortalShell + tokens + navigation canon,HIDDEN,Imported from WP17C ledger · Shared shell/token convergence wave active · Executive first-priority repair wave · app/routing/AppRoutes.jsx,PENDING
ROUTE-0303,hr,/hr/field-leadership,/hr,route_screen,ACTIVE,WP17D_CANONICAL_WAVE,PortalShell (canonical wp17d wave),Canonical glass header,Canonical sidebar in wave migration,Layered light base + navy grid + restrained glass,route_element,lucide-react (canonical wrapper convergence),ALIGN_TO_WP17B_TERMINOLOGY,ADD_CONTEXTUAL_HELP_WHERE_REQUIRED,Canonical footer boundary in wave rollout,Canonical responsive shell in wave rollout,Under active convergence repair,None observed in current wave or pending inspection,MIGRATE_IN_WP17D,FIRST_WAVE_REPAIR_AND_CONVERGENCE,Repair partial shell migration and inconsistent detail/form/list behavior,WP17C_CANONICAL_PAGE,app/routing/AppRoutes.jsx,PortalShell + tokens + navigation canon,MIGRATING,Imported from WP17C ledger · Shared shell/token convergence wave active · Executive first-priority repair wave · app/routing/AppRoutes.jsx,PENDING
ROUTE-0304,hr,/hr/field-leadership-users,/hr,route_screen,ACTIVE,WP17D_CANONICAL_WAVE,PortalShell (canonical wp17d wave),Canonical glass header,Canonical sidebar in wave migration,Layered light base + navy grid + restrained glass,route_element,lucide-react (canonical wrapper convergence),ALIGN_TO_WP17B_TERMINOLOGY,ADD_CONTEXTUAL_HELP_WHERE_REQUIRED,Canonical footer boundary in wave rollout,Canonical responsive shell in wave rollout,Under active convergence repair,None observed in current wave or pending inspection,MIGRATE_IN_WP17D,FIRST_WAVE_REPAIR_AND_CONVERGENCE,Repair partial shell migration and inconsistent detail/form/list behavior,WP17C_CANONICAL_PAGE,app/routing/AppRoutes.jsx,PortalShell + tokens + navigation canon,MIGRATING,Imported from WP17C ledger · Shared shell/token convergence wave active · Executive first-priority repair wave · app/routing/AppRoutes.jsx,PENDING
ROUTE-0305,hr,/hr/employee-accountability,/hr,route_screen,ACTIVE,WP17D_CANONICAL_WAVE,PortalShell (canonical wp17d wave),Canonical glass header,Canonical sidebar in wave migration,Layered light base + navy grid + restrained glass,route_element,lucide-react (canonical wrapper convergence),ALIGN_TO_WP17B_TERMINOLOGY,ADD_CONTEXTUAL_HELP_WHERE_REQUIRED,Canonical footer boundary in wave rollout,Canonical responsive shell in wave rollout,Under active convergence repair,None observed in current wave or pending inspection,MIGRATE_IN_WP17D,FIRST_WAVE_REPAIR_AND_CONVERGENCE,Repair partial shell migration and inconsistent detail/form/list behavior,WP17C_CANONICAL_PAGE,app/routing/AppRoutes.jsx,PortalShell + tokens + navigation canon,MIGRATING,Imported from WP17C ledger · Shared shell/token convergence wave active · Executive first-priority repair wave · app/routing/AppRoutes.jsx,PENDING
ROUTE-0306,hr,/hr/time-verification,/hr,route_screen,ACTIVE,WP17D_CANONICAL_WAVE,PortalShell (canonical wp17d wave),Canonical glass header,Canonical sidebar in wave migration,Layered light base + navy grid + restrained glass,route_element,lucide-react (canonical wrapper convergence),ALIGN_TO_WP17B_TERMINOLOGY,ADD_CONTEXTUAL_HELP_WHERE_REQUIRED,Canonical footer boundary in wave rollout,Canonical responsive shell in wave rollout,Under active convergence repair,None observed in current wave or pending inspection,MIGRATE_IN_WP17D,FIRST_WAVE_REPAIR_AND_CONVERGENCE,Repair partial shell migration and inconsistent detail/form/list behavior,WP17C_CANONICAL_PAGE,app/routing/AppRoutes.jsx,PortalShell + tokens + navigation canon,MIGRATING,Imported from WP17C ledger · Shared shell/token convergence wave active · Executive first-priority repair wave · app/routing/AppRoutes.jsx,PENDING
ROUTE-0307,hr,/hr/time-off,/hr,route_screen,ACTIVE,WP17D_CANONICAL_WAVE,PortalShell (canonical wp17d wave),Canonical glass header,Canonical sidebar in wave migration,Layered light base + navy grid + restrained glass,route_element,lucide-react (canonical wrapper convergence),ALIGN_TO_WP17B_TERMINOLOGY,ADD_CONTEXTUAL_HELP_WHERE_REQUIRED,Canonical footer boundary in wave rollout,Canonical responsive shell in wave rollout,Under active convergence repair,None observed in current wave or pending inspection,MIGRATE_IN_WP17D,FIRST_WAVE_REPAIR_AND_CONVERGENCE,Repair partial shell migration and inconsistent detail/form/list behavior,WP17C_CANONICAL_PAGE,app/routing/AppRoutes.jsx,PortalShell + tokens + navigation canon,MIGRATING,Imported from WP17C ledger · Shared shell/token convergence wave active · Executive first-priority repair wave · app/routing/AppRoutes.jsx,PENDING
ROUTE-0308,hr,/hr/payroll-variance,/hr,route_screen,ACTIVE,WP17D_CANONICAL_WAVE,PortalShell (canonical wp17d wave),Canonical glass header,Canonical sidebar in wave migration,Layered light base + navy grid + restrained glass,route_element,lucide-react (canonical wrapper convergence),ALIGN_TO_WP17B_TERMINOLOGY,ADD_CONTEXTUAL_HELP_WHERE_REQUIRED,Canonical footer boundary in wave rollout,Canonical responsive shell in wave rollout,Under active convergence repair,None observed in current wave or pending inspection,MIGRATE_IN_WP17D,FIRST_WAVE_REPAIR_AND_CONVERGENCE,Repair partial shell migration and inconsistent detail/form/list behavior,WP17C_CANONICAL_PAGE,app/routing/AppRoutes.jsx,PortalShell + tokens + navigation canon,MIGRATING,Imported from WP17C ledger · Shared shell/token convergence wave active · Executive first-priority repair wave · app/routing/AppRoutes.jsx,PENDING
ROUTE-0309,hr,/hr/training-records,/hr,route_screen,ACTIVE,WP17D_CANONICAL_WAVE,PortalShell (canonical wp17d wave),Canonical glass header,Canonical sidebar in wave migration,Layered light base + navy grid + restrained glass,route_element,lucide-react (canonical wrapper convergence),ALIGN_TO_WP17B_TERMINOLOGY,ADD_CONTEXTUAL_HELP_WHERE_REQUIRED,Canonical footer boundary in wave rollout,Canonical responsive shell in wave rollout,Under active convergence repair,None observed in current wave or pending inspection,MIGRATE_IN_WP17D,FIRST_WAVE_REPAIR_AND_CONVERGENCE,Repair partial shell migration and inconsistent detail/form/list behavior,WP17C_CANONICAL_PAGE,app/routing/AppRoutes.jsx,PortalShell + tokens + navigation canon,MIGRATING,Imported from WP17C ledger · Shared shell/token convergence wave active · Executive first-priority repair wave · app/routing/AppRoutes.jsx,PENDING
ROUTE-0310,hr,/hr/qualifications,/hr,route_screen,ACTIVE,WP17D_CANONICAL_WAVE,PortalShell (canonical wp17d wave),Canonical glass header,Canonical sidebar in wave migration,Layered light base + navy grid + restrained glass,route_element,lucide-react (canonical wrapper convergence),ALIGN_TO_WP17B_TERMINOLOGY,ADD_CONTEXTUAL_HELP_WHERE_REQUIRED,Canonical footer boundary in wave rollout,Canonical responsive shell in wave rollout,Under active convergence repair,None observed in current wave or pending inspection,MIGRATE_IN_WP17D,FIRST_WAVE_REPAIR_AND_CONVERGENCE,Repair partial shell migration and inconsistent detail/form/list behavior,WP17C_CANONICAL_PAGE,app/routing/AppRoutes.jsx,PortalShell + tokens + navigation canon,MIGRATING,Imported from WP17C ledger · Shared shell/token convergence wave active · Executive first-priority repair wave · app/routing/AppRoutes.jsx,PENDING
ROUTE-0311,hr,/hr/driver-qualification,/hr,route_screen,ACTIVE,WP17D_CANONICAL_WAVE,PortalShell (canonical wp17d wave),Canonical glass header,Canonical sidebar in wave migration,Layered light base + navy grid + restrained glass,route_element,lucide-react (canonical wrapper convergence),ALIGN_TO_WP17B_TERMINOLOGY,ADD_CONTEXTUAL_HELP_WHERE_REQUIRED,Canonical footer boundary in wave rollout,Canonical responsive shell in wave rollout,Under active convergence repair,None observed in current wave or pending inspection,MIGRATE_IN_WP17D,FIRST_WAVE_REPAIR_AND_CONVERGENCE,Repair partial shell migration and inconsistent detail/form/list behavior,WP17C_CANONICAL_PAGE,app/routing/AppRoutes.jsx,PortalShell + tokens + navigation canon,MIGRATING,Imported from WP17C ledger · Shared shell/token convergence wave active · Executive first-priority repair wave · app/routing/AppRoutes.jsx,PENDING
ROUTE-0312,hr,/hr/driver-qualification/import,/hr/driver-qualification,route_screen,ACTIVE,WP17D_CANONICAL_WAVE,PortalShell (canonical wp17d wave),Canonical glass header,Canonical sidebar in wave migration,Layered light base + navy grid + restrained glass,route_element,lucide-react (canonical wrapper convergence),ALIGN_TO_WP17B_TERMINOLOGY,ADD_CONTEXTUAL_HELP_WHERE_REQUIRED,Canonical footer boundary in wave rollout,Canonical responsive shell in wave rollout,Under active convergence repair,None observed in current wave or pending inspection,MIGRATE_IN_WP17D,FIRST_WAVE_REPAIR_AND_CONVERGENCE,Repair partial shell migration and inconsistent detail/form/list behavior,WP17C_CANONICAL_PAGE,app/routing/AppRoutes.jsx,PortalShell + tokens + navigation canon,MIGRATING,Imported from WP17C ledger · Shared shell/token convergence wave active · Executive first-priority repair wave · app/routing/AppRoutes.jsx,PENDING
ROUTE-0313,hr,/hr/daily-reports,/hr,route_screen,ACTIVE,WP17D_CANONICAL_WAVE,PortalShell (canonical wp17d wave),Canonical glass header,Canonical sidebar in wave migration,Layered light base + navy grid + restrained glass,route_element,lucide-react (canonical wrapper convergence),ALIGN_TO_WP17B_TERMINOLOGY,ADD_CONTEXTUAL_HELP_WHERE_REQUIRED,Canonical footer boundary in wave rollout,Canonical responsive shell in wave rollout,Under active convergence repair,None observed in current wave or pending inspection,MIGRATE_IN_WP17D,FIRST_WAVE_REPAIR_AND_CONVERGENCE,Repair partial shell migration and inconsistent detail/form/list behavior,WP17C_CANONICAL_PAGE,app/routing/AppRoutes.jsx,PortalShell + tokens + navigation canon,MIGRATING,Imported from WP17C ledger · Shared shell/token convergence wave active · Executive first-priority repair wave · app/routing/AppRoutes.jsx,PENDING
ROUTE-0314,hr,/hr/daily-reports/:id,/hr/daily-reports,detail_route,DETAIL,WP17D_CANONICAL_WAVE,PortalShell (canonical wp17d wave),Canonical glass header,Canonical sidebar in wave migration,Layered light base + navy grid + restrained glass,route_element,lucide-react (canonical wrapper convergence),ALIGN_TO_WP17B_TERMINOLOGY,ADD_CONTEXTUAL_HELP_WHERE_REQUIRED,Canonical footer boundary in wave rollout,Canonical responsive shell in wave rollout,Under active convergence repair,None observed in current wave or pending inspection,KEEP_HIDDEN_DETAIL,FIRST_WAVE_REPAIR_AND_CONVERGENCE,Repair partial shell migration and inconsistent detail/form/list behavior,WP17C_CANONICAL_DETAIL_PAGE,app/routing/AppRoutes.jsx,PortalShell + tokens + navigation canon,MIGRATING,Imported from WP17C ledger · Shared shell/token convergence wave active · Executive first-priority repair wave · app/routing/AppRoutes.jsx,PENDING
ROUTE-0315,hr,/hr/motive-drivers,/hr,route_screen,ACTIVE,WP17D_CANONICAL_WAVE,PortalShell (canonical wp17d wave),Canonical glass header,Canonical sidebar in wave migration,Layered light base + navy grid + restrained glass,route_element,lucide-react (canonical wrapper convergence),ALIGN_TO_WP17B_TERMINOLOGY,ADD_CONTEXTUAL_HELP_WHERE_REQUIRED,Canonical footer boundary in wave rollout,Canonical responsive shell in wave rollout,Under active convergence repair,None observed in current wave or pending inspection,MIGRATE_IN_WP17D,FIRST_WAVE_REPAIR_AND_CONVERGENCE,Repair partial shell migration and inconsistent detail/form/list behavior,WP17C_CANONICAL_PAGE,app/routing/AppRoutes.jsx,PortalShell + tokens + navigation canon,MIGRATING,Imported from WP17C ledger · Shared shell/token convergence wave active · Executive first-priority repair wave · app/routing/AppRoutes.jsx,PENDING
ROUTE-0316,hr,/hr/driver/:driverKey,/hr/driver,detail_route,DETAIL,WP17D_CANONICAL_WAVE,PortalShell (canonical wp17d wave),Canonical glass header,Canonical sidebar in wave migration,Layered light base + navy grid + restrained glass,route_element,lucide-react (canonical wrapper convergence),ALIGN_TO_WP17B_TERMINOLOGY,ADD_CONTEXTUAL_HELP_WHERE_REQUIRED,Canonical footer boundary in wave rollout,Canonical responsive shell in wave rollout,Under active convergence repair,None observed in current wave or pending inspection,KEEP_HIDDEN_DETAIL,FIRST_WAVE_REPAIR_AND_CONVERGENCE,Repair partial shell migration and inconsistent detail/form/list behavior,WP17C_CANONICAL_DETAIL_PAGE,app/routing/AppRoutes.jsx,PortalShell + tokens + navigation canon,MIGRATING,Imported from WP17C ledger · Shared shell/token convergence wave active · Executive first-priority repair wave · app/routing/AppRoutes.jsx,PENDING
ROUTE-0317,public_shared,/time-off/public/:token,/time-off/public,detail_route,DETAIL,WP17D_CANONICAL_WAVE,WP17 public shell,Canonical glass header,Mixed or contextual navigation,Layered light base + navy grid + restrained glass,PublicTimeOff,lucide-react (canonical wrapper convergence),ALIGN_TO_WP17B_TERMINOLOGY,ADD_CONTEXTUAL_HELP_WHERE_REQUIRED,Canonical footer boundary in wave rollout,Canonical responsive shell in wave rollout,Under active convergence repair,None observed in current wave or pending inspection,KEEP_HIDDEN_DETAIL,FIRST_WAVE_REPAIR_AND_CONVERGENCE,Inspect and repair defects encountered during migration,WP17C_CANONICAL_DETAIL_PAGE,app/routing/AppRoutes.jsx,PortalShell + tokens + navigation canon,MIGRATING,Imported from WP17C ledger · Shared shell/token convergence wave active · Executive first-priority repair wave · app/routing/AppRoutes.jsx,PENDING
ROUTE-0318,field_leadership,/field-leadership/portal/login,/field-leadership/portal,route_screen,ACTIVE,WP17D_CANONICAL_WAVE,Legacy or portal-specific shell,Canonical glass header,Mixed or contextual navigation,Layered light base + navy grid + restrained glass,FieldLeadershipPortalLogin,lucide-react (canonical wrapper convergence),ALIGN_TO_WP17B_TERMINOLOGY,ADD_CONTEXTUAL_HELP_WHERE_REQUIRED,Mixed footer treatment,Canonical responsive shell in wave rollout,Operational; convergence verification pending,None observed in current wave or pending inspection,MIGRATE_IN_WP17D,PORTAL_MIGRATION,Inspect and repair defects encountered during migration,WP17C_CANONICAL_PAGE,app/routing/AppRoutes.jsx,PortalShell + tokens + navigation canon,IMPLEMENTED,Imported from WP17C ledger · Shared shell/token convergence wave active · app/routing/AppRoutes.jsx,PENDING
ROUTE-0319,field_leadership,/field-leadership/portal/change-password,/field-leadership/portal,route_screen,ACTIVE,WP17D_CANONICAL_WAVE,Legacy or portal-specific shell,Canonical glass header,Mixed or contextual navigation,Layered light base + navy grid + restrained glass,route_element,lucide-react (canonical wrapper convergence),ALIGN_TO_WP17B_TERMINOLOGY,ADD_CONTEXTUAL_HELP_WHERE_REQUIRED,Mixed footer treatment,Canonical responsive shell in wave rollout,Operational; convergence verification pending,None observed in current wave or pending inspection,MIGRATE_IN_WP17D,PORTAL_MIGRATION,Inspect and repair defects encountered during migration,WP17C_CANONICAL_PAGE,app/routing/AppRoutes.jsx,PortalShell + tokens + navigation canon,IMPLEMENTED,Imported from WP17C ledger · Shared shell/token convergence wave active · app/routing/AppRoutes.jsx,PENDING
ROUTE-0320,field_leadership,/field-leadership/portal/dashboard,/field-leadership/portal,route_screen,ACTIVE,WP17D_CANONICAL_WAVE,Legacy or portal-specific shell,Canonical glass header,Mixed or contextual navigation,Layered light base + navy grid + restrained glass,route_element,lucide-react (canonical wrapper convergence),ALIGN_TO_WP17B_TERMINOLOGY,ADD_CONTEXTUAL_HELP_WHERE_REQUIRED,Mixed footer treatment,Canonical responsive shell in wave rollout,Operational; convergence verification pending,None observed in current wave or pending inspection,MIGRATE_IN_WP17D,PORTAL_MIGRATION,Inspect and repair defects encountered during migration,WP17C_CANONICAL_PAGE,app/routing/AppRoutes.jsx,PortalShell + tokens + navigation canon,IMPLEMENTED,Imported from WP17C ledger · Shared shell/token convergence wave active · app/routing/AppRoutes.jsx,PENDING
ROUTE-0321,field_leadership,/field-leadership/portal,/field-leadership,route_screen,ACTIVE,WP17D_CANONICAL_WAVE,Legacy or portal-specific shell,Canonical glass header,Mixed or contextual navigation,Layered light base + navy grid + restrained glass,route_element,lucide-react (canonical wrapper convergence),ALIGN_TO_WP17B_TERMINOLOGY,ADD_CONTEXTUAL_HELP_WHERE_REQUIRED,Mixed footer treatment,Canonical responsive shell in wave rollout,Operational; convergence verification pending,None observed in current wave or pending inspection,MIGRATE_IN_WP17D,PORTAL_MIGRATION,Inspect and repair defects encountered during migration,WP17C_CANONICAL_PAGE,app/routing/AppRoutes.jsx,PortalShell + tokens + navigation canon,IMPLEMENTED,Imported from WP17C ledger · Shared shell/token convergence wave active · app/routing/AppRoutes.jsx,PENDING
ROUTE-0322,field_leadership,/field-leadership/portal/driver-qualification,/field-leadership/portal,route_screen,ACTIVE,WP17D_CANONICAL_WAVE,Legacy or portal-specific shell,Canonical glass header,Mixed or contextual navigation,Layered light base + navy grid + restrained glass,route_element,lucide-react (canonical wrapper convergence),ALIGN_TO_WP17B_TERMINOLOGY,ADD_CONTEXTUAL_HELP_WHERE_REQUIRED,Mixed footer treatment,Canonical responsive shell in wave rollout,Operational; convergence verification pending,None observed in current wave or pending inspection,MIGRATE_IN_WP17D,PORTAL_MIGRATION,Inspect and repair defects encountered during migration,WP17C_CANONICAL_PAGE,app/routing/AppRoutes.jsx,PortalShell + tokens + navigation canon,IMPLEMENTED,Imported from WP17C ledger · Shared shell/token convergence wave active · app/routing/AppRoutes.jsx,PENDING
ROUTE-0323,safety,/safety-portal/login,/safety-portal,route_screen,ACTIVE,WP17D_CANONICAL_WAVE,PortalShell (canonical wp17d wave),Canonical glass header,Canonical sidebar in wave migration,Layered light base + navy grid + restrained glass,SafetyLogin,lucide-react (canonical wrapper convergence),ALIGN_TO_WP17B_TERMINOLOGY,ADD_CONTEXTUAL_HELP_WHERE_REQUIRED,Canonical footer boundary in wave rollout,Canonical responsive shell in wave rollout,Operational; convergence verification pending,None observed in current wave or pending inspection,MIGRATE_IN_WP17D,PORTAL_MIGRATION,Inspect and repair defects encountered during migration,WP17C_CANONICAL_PAGE,app/routing/AppRoutes.jsx,PortalShell + tokens + navigation canon,IMPLEMENTED,Imported from WP17C ledger · Shared shell/token convergence wave active · app/routing/AppRoutes.jsx,PENDING
ROUTE-0324,safety,/safety-portal/forgot-password,/safety-portal,route_screen,ACTIVE,WP17D_CANONICAL_WAVE,PortalShell (canonical wp17d wave),Canonical glass header,Canonical sidebar in wave migration,Layered light base + navy grid + restrained glass,SafetyForgotPassword,lucide-react (canonical wrapper convergence),ALIGN_TO_WP17B_TERMINOLOGY,ADD_CONTEXTUAL_HELP_WHERE_REQUIRED,Canonical footer boundary in wave rollout,Canonical responsive shell in wave rollout,Operational; convergence verification pending,None observed in current wave or pending inspection,MIGRATE_IN_WP17D,PORTAL_MIGRATION,Inspect and repair defects encountered during migration,WP17C_CANONICAL_PAGE,app/routing/AppRoutes.jsx,PortalShell + tokens + navigation canon,IMPLEMENTED,Imported from WP17C ledger · Shared shell/token convergence wave active · app/routing/AppRoutes.jsx,PENDING
ROUTE-0325,safety,/safety-portal/reset/:token,/safety-portal/reset,detail_route,DETAIL,WP17D_CANONICAL_WAVE,PortalShell (canonical wp17d wave),Canonical glass header,Canonical sidebar in wave migration,Layered light base + navy grid + restrained glass,SafetyResetPassword,lucide-react (canonical wrapper convergence),ALIGN_TO_WP17B_TERMINOLOGY,ADD_CONTEXTUAL_HELP_WHERE_REQUIRED,Canonical footer boundary in wave rollout,Canonical responsive shell in wave rollout,Operational; convergence verification pending,None observed in current wave or pending inspection,KEEP_HIDDEN_DETAIL,PORTAL_MIGRATION,Inspect and repair defects encountered during migration,WP17C_CANONICAL_DETAIL_PAGE,app/routing/AppRoutes.jsx,PortalShell + tokens + navigation canon,IMPLEMENTED,Imported from WP17C ledger · Shared shell/token convergence wave active · app/routing/AppRoutes.jsx,PENDING
ROUTE-0326,safety,/safety-portal/change-password,/safety-portal,route_screen,ACTIVE,WP17D_CANONICAL_WAVE,PortalShell (canonical wp17d wave),Canonical glass header,Canonical sidebar in wave migration,Layered light base + navy grid + restrained glass,route_element,lucide-react (canonical wrapper convergence),ALIGN_TO_WP17B_TERMINOLOGY,ADD_CONTEXTUAL_HELP_WHERE_REQUIRED,Canonical footer boundary in wave rollout,Canonical responsive shell in wave rollout,Operational; convergence verification pending,None observed in current wave or pending inspection,MIGRATE_IN_WP17D,PORTAL_MIGRATION,Inspect and repair defects encountered during migration,WP17C_CANONICAL_PAGE,app/routing/AppRoutes.jsx,PortalShell + tokens + navigation canon,IMPLEMENTED,Imported from WP17C ledger · Shared shell/token convergence wave active · app/routing/AppRoutes.jsx,PENDING
ROUTE-0327,safety,/safety-portal,/,route_screen,ACTIVE,WP17D_CANONICAL_WAVE,PortalShell (canonical wp17d wave),Canonical glass header,Canonical sidebar in wave migration,Layered light base + navy grid + restrained glass,route_element,lucide-react (canonical wrapper convergence),ALIGN_TO_WP17B_TERMINOLOGY,ADD_CONTEXTUAL_HELP_WHERE_REQUIRED,Canonical footer boundary in wave rollout,Canonical responsive shell in wave rollout,Operational; convergence verification pending,None observed in current wave or pending inspection,MIGRATE_IN_WP17D,PORTAL_MIGRATION,Inspect and repair defects encountered during migration,WP17C_CANONICAL_PAGE,app/routing/AppRoutes.jsx,PortalShell + tokens + navigation canon,IMPLEMENTED,Imported from WP17C ledger · Shared shell/token convergence wave active · app/routing/AppRoutes.jsx,PENDING
ROUTE-0328,safety,/safety-portal/hub_legacy,/safety-portal,hidden_companion_route,HIDDEN,WP17D_CANONICAL_WAVE,PortalShell (canonical wp17d wave),Canonical glass header,Canonical sidebar in wave migration,Layered light base + navy grid + restrained glass,route_element,lucide-react (canonical wrapper convergence),ALIGN_TO_WP17B_TERMINOLOGY,ADD_CONTEXTUAL_HELP_WHERE_REQUIRED,Canonical footer boundary in wave rollout,Canonical responsive shell in wave rollout,Intentionally hidden or internal,None observed in current wave or pending inspection,MERGE_OR_RETIRE,PORTAL_MIGRATION,Inspect and repair defects encountered during migration,WP17C_CANONICAL_PAGE,app/routing/AppRoutes.jsx,PortalShell + tokens + navigation canon,HIDDEN,Imported from WP17C ledger · Shared shell/token convergence wave active · app/routing/AppRoutes.jsx,PENDING
ROUTE-0329,safety,/safety-portal/hub_v2,/safety-portal,hidden_companion_route,HIDDEN,WP17D_CANONICAL_WAVE,PortalShell (canonical wp17d wave),Canonical glass header,Canonical sidebar in wave migration,Layered light base + navy grid + restrained glass,route_element,lucide-react (canonical wrapper convergence),ALIGN_TO_WP17B_TERMINOLOGY,ADD_CONTEXTUAL_HELP_WHERE_REQUIRED,Canonical footer boundary in wave rollout,Canonical responsive shell in wave rollout,Intentionally hidden or internal,None observed in current wave or pending inspection,MERGE_OR_RETIRE,PORTAL_MIGRATION,Inspect and repair defects encountered during migration,WP17C_CANONICAL_PAGE,app/routing/AppRoutes.jsx,PortalShell + tokens + navigation canon,HIDDEN,Imported from WP17C ledger · Shared shell/token convergence wave active · app/routing/AppRoutes.jsx,PENDING
ROUTE-0330,safety,/safety-portal/fleet,/safety-portal,route_screen,ACTIVE,WP17D_CANONICAL_WAVE,PortalShell (canonical wp17d wave),Canonical glass header,Canonical sidebar in wave migration,Layered light base + navy grid + restrained glass,route_element,lucide-react (canonical wrapper convergence),ALIGN_TO_WP17B_TERMINOLOGY,ADD_CONTEXTUAL_HELP_WHERE_REQUIRED,Canonical footer boundary in wave rollout,Canonical responsive shell in wave rollout,Operational; convergence verification pending,None observed in current wave or pending inspection,MIGRATE_IN_WP17D,PORTAL_MIGRATION,Inspect and repair defects encountered during migration,WP17C_CANONICAL_PAGE,app/routing/AppRoutes.jsx,PortalShell + tokens + navigation canon,IMPLEMENTED,Imported from WP17C ledger · Shared shell/token convergence wave active · app/routing/AppRoutes.jsx,PENDING
ROUTE-0331,safety,/safety-portal/corrective-actions,/safety-portal,route_screen,ACTIVE,WP17D_CANONICAL_WAVE,PortalShell (canonical wp17d wave),Canonical glass header,Canonical sidebar in wave migration,Layered light base + navy grid + restrained glass,route_element,lucide-react (canonical wrapper convergence),ALIGN_TO_WP17B_TERMINOLOGY,ADD_CONTEXTUAL_HELP_WHERE_REQUIRED,Canonical footer boundary in wave rollout,Canonical responsive shell in wave rollout,Operational; convergence verification pending,None observed in current wave or pending inspection,MIGRATE_IN_WP17D,PORTAL_MIGRATION,Inspect and repair defects encountered during migration,WP17C_CANONICAL_PAGE,app/routing/AppRoutes.jsx,PortalShell + tokens + navigation canon,IMPLEMENTED,Imported from WP17C ledger · Shared shell/token convergence wave active · app/routing/AppRoutes.jsx,PENDING
ROUTE-0332,safety,/safety-portal/fire-extinguishers,/safety-portal,route_screen,ACTIVE,WP17D_CANONICAL_WAVE,PortalShell (canonical wp17d wave),Canonical glass header,Canonical sidebar in wave migration,Layered light base + navy grid + restrained glass,route_element,lucide-react (canonical wrapper convergence),ALIGN_TO_WP17B_TERMINOLOGY,ADD_CONTEXTUAL_HELP_WHERE_REQUIRED,Canonical footer boundary in wave rollout,Canonical responsive shell in wave rollout,Operational; convergence verification pending,None observed in current wave or pending inspection,MIGRATE_IN_WP17D,PORTAL_MIGRATION,Inspect and repair defects encountered during migration,WP17C_CANONICAL_PAGE,app/routing/AppRoutes.jsx,PortalShell + tokens + navigation canon,IMPLEMENTED,Imported from WP17C ledger · Shared shell/token convergence wave active · app/routing/AppRoutes.jsx,PENDING
ROUTE-0333,safety,/safety-portal/fire-extinguishers/import,/safety-portal/fire-extinguishers,route_screen,ACTIVE,WP17D_CANONICAL_WAVE,PortalShell (canonical wp17d wave),Canonical glass header,Canonical sidebar in wave migration,Layered light base + navy grid + restrained glass,route_element,lucide-react (canonical wrapper convergence),ALIGN_TO_WP17B_TERMINOLOGY,ADD_CONTEXTUAL_HELP_WHERE_REQUIRED,Canonical footer boundary in wave rollout,Canonical responsive shell in wave rollout,Operational; convergence verification pending,None observed in current wave or pending inspection,MIGRATE_IN_WP17D,PORTAL_MIGRATION,Inspect and repair defects encountered during migration,WP17C_CANONICAL_PAGE,app/routing/AppRoutes.jsx,PortalShell + tokens + navigation canon,IMPLEMENTED,Imported from WP17C ledger · Shared shell/token convergence wave active · app/routing/AppRoutes.jsx,PENDING
ROUTE-0334,safety,/safety-portal/documents,/safety-portal,route_screen,ACTIVE,WP17D_CANONICAL_WAVE,PortalShell (canonical wp17d wave),Canonical glass header,Canonical sidebar in wave migration,Layered light base + navy grid + restrained glass,route_element,lucide-react (canonical wrapper convergence),ALIGN_TO_WP17B_TERMINOLOGY,ADD_CONTEXTUAL_HELP_WHERE_REQUIRED,Canonical footer boundary in wave rollout,Canonical responsive shell in wave rollout,Operational; convergence verification pending,None observed in current wave or pending inspection,MIGRATE_IN_WP17D,PORTAL_MIGRATION,Inspect and repair defects encountered during migration,WP17C_CANONICAL_PAGE,app/routing/AppRoutes.jsx,PortalShell + tokens + navigation canon,IMPLEMENTED,Imported from WP17C ledger · Shared shell/token convergence wave active · app/routing/AppRoutes.jsx,PENDING
ROUTE-0335,safety,/safety-portal/training,/safety-portal,route_screen,ACTIVE,WP17D_CANONICAL_WAVE,PortalShell (canonical wp17d wave),Canonical glass header,Canonical sidebar in wave migration,Layered light base + navy grid + restrained glass,route_element,lucide-react (canonical wrapper convergence),ALIGN_TO_WP17B_TERMINOLOGY,ADD_CONTEXTUAL_HELP_WHERE_REQUIRED,Canonical footer boundary in wave rollout,Canonical responsive shell in wave rollout,Operational; convergence verification pending,None observed in current wave or pending inspection,MIGRATE_IN_WP17D,PORTAL_MIGRATION,Inspect and repair defects encountered during migration,WP17C_CANONICAL_PAGE,app/routing/AppRoutes.jsx,PortalShell + tokens + navigation canon,IMPLEMENTED,Imported from WP17C ledger · Shared shell/token convergence wave active · app/routing/AppRoutes.jsx,PENDING
ROUTE-0336,safety,/safety-portal/incidents,/safety-portal,route_screen,ACTIVE,WP17D_CANONICAL_WAVE,PortalShell (canonical wp17d wave),Canonical glass header,Canonical sidebar in wave migration,Layered light base + navy grid + restrained glass,route_element,lucide-react (canonical wrapper convergence),ALIGN_TO_WP17B_TERMINOLOGY,ADD_CONTEXTUAL_HELP_WHERE_REQUIRED,Canonical footer boundary in wave rollout,Canonical responsive shell in wave rollout,Operational; convergence verification pending,None observed in current wave or pending inspection,MIGRATE_IN_WP17D,PORTAL_MIGRATION,Inspect and repair defects encountered during migration,WP17C_CANONICAL_PAGE,app/routing/AppRoutes.jsx,PortalShell + tokens + navigation canon,IMPLEMENTED,Imported from WP17C ledger · Shared shell/token convergence wave active · app/routing/AppRoutes.jsx,PENDING
ROUTE-0337,safety,/safety-portal/incidents/:id,/safety-portal/incidents,detail_route,DETAIL,WP17D_CANONICAL_WAVE,PortalShell (canonical wp17d wave),Canonical glass header,Canonical sidebar in wave migration,Layered light base + navy grid + restrained glass,route_element,lucide-react (canonical wrapper convergence),ALIGN_TO_WP17B_TERMINOLOGY,ADD_CONTEXTUAL_HELP_WHERE_REQUIRED,Canonical footer boundary in wave rollout,Canonical responsive shell in wave rollout,Operational; convergence verification pending,None observed in current wave or pending inspection,KEEP_HIDDEN_DETAIL,PORTAL_MIGRATION,Inspect and repair defects encountered during migration,WP17C_CANONICAL_DETAIL_PAGE,app/routing/AppRoutes.jsx,PortalShell + tokens + navigation canon,IMPLEMENTED,Imported from WP17C ledger · Shared shell/token convergence wave active · app/routing/AppRoutes.jsx,PENDING
ROUTE-0338,safety,/safety-portal/meetings/:id,/safety-portal/meetings,detail_route,DETAIL,WP17D_CANONICAL_WAVE,PortalShell (canonical wp17d wave),Canonical glass header,Canonical sidebar in wave migration,Layered light base + navy grid + restrained glass,route_element,lucide-react (canonical wrapper convergence),ALIGN_TO_WP17B_TERMINOLOGY,ADD_CONTEXTUAL_HELP_WHERE_REQUIRED,Canonical footer boundary in wave rollout,Canonical responsive shell in wave rollout,Operational; convergence verification pending,None observed in current wave or pending inspection,KEEP_HIDDEN_DETAIL,PORTAL_MIGRATION,Inspect and repair defects encountered during migration,WP17C_CANONICAL_DETAIL_PAGE,app/routing/AppRoutes.jsx,PortalShell + tokens + navigation canon,IMPLEMENTED,Imported from WP17C ledger · Shared shell/token convergence wave active · app/routing/AppRoutes.jsx,PENDING
ROUTE-0339,safety,/safety-portal/audits,/safety-portal,route_screen,ACTIVE,WP17D_CANONICAL_WAVE,PortalShell (canonical wp17d wave),Canonical glass header,Canonical sidebar in wave migration,Layered light base + navy grid + restrained glass,route_element,lucide-react (canonical wrapper convergence),ALIGN_TO_WP17B_TERMINOLOGY,ADD_CONTEXTUAL_HELP_WHERE_REQUIRED,Canonical footer boundary in wave rollout,Canonical responsive shell in wave rollout,Operational; convergence verification pending,None observed in current wave or pending inspection,MIGRATE_IN_WP17D,PORTAL_MIGRATION,Inspect and repair defects encountered during migration,WP17C_CANONICAL_PAGE,app/routing/AppRoutes.jsx,PortalShell + tokens + navigation canon,IMPLEMENTED,Imported from WP17C ledger · Shared shell/token convergence wave active · app/routing/AppRoutes.jsx,PENDING
ROUTE-0340,safety,/safety-portal/forms-records,/safety-portal,route_screen,ACTIVE,WP17D_CANONICAL_WAVE,PortalShell (canonical wp17d wave),Canonical glass header,Canonical sidebar in wave migration,Layered light base + navy grid + restrained glass,route_element,lucide-react (canonical wrapper convergence),ALIGN_TO_WP17B_TERMINOLOGY,ADD_CONTEXTUAL_HELP_WHERE_REQUIRED,Canonical footer boundary in wave rollout,Canonical responsive shell in wave rollout,Operational; convergence verification pending,None observed in current wave or pending inspection,MIGRATE_IN_WP17D,PORTAL_MIGRATION,Inspect and repair defects encountered during migration,WP17C_CANONICAL_PAGE,app/routing/AppRoutes.jsx,PortalShell + tokens + navigation canon,IMPLEMENTED,Imported from WP17C ledger · Shared shell/token convergence wave active · app/routing/AppRoutes.jsx,PENDING
ROUTE-0341,safety,/safety-portal/reports,/safety-portal,route_screen,ACTIVE,WP17D_CANONICAL_WAVE,PortalShell (canonical wp17d wave),Canonical glass header,Canonical sidebar in wave migration,Layered light base + navy grid + restrained glass,route_element,lucide-react (canonical wrapper convergence),ALIGN_TO_WP17B_TERMINOLOGY,ADD_CONTEXTUAL_HELP_WHERE_REQUIRED,Canonical footer boundary in wave rollout,Canonical responsive shell in wave rollout,Operational; convergence verification pending,None observed in current wave or pending inspection,MIGRATE_IN_WP17D,PORTAL_MIGRATION,Inspect and repair defects encountered during migration,WP17C_CANONICAL_PAGE,app/routing/AppRoutes.jsx,PortalShell + tokens + navigation canon,IMPLEMENTED,Imported from WP17C ledger · Shared shell/token convergence wave active · app/routing/AppRoutes.jsx,PENDING
ROUTE-0342,safety,/safety-portal/library,/safety-portal,route_screen,ACTIVE,WP17D_CANONICAL_WAVE,PortalShell (canonical wp17d wave),Canonical glass header,Canonical sidebar in wave migration,Layered light base + navy grid + restrained glass,route_element,lucide-react (canonical wrapper convergence),ALIGN_TO_WP17B_TERMINOLOGY,ADD_CONTEXTUAL_HELP_WHERE_REQUIRED,Canonical footer boundary in wave rollout,Canonical responsive shell in wave rollout,Operational; convergence verification pending,None observed in current wave or pending inspection,MIGRATE_IN_WP17D,PORTAL_MIGRATION,Inspect and repair defects encountered during migration,WP17C_CANONICAL_PAGE,app/routing/AppRoutes.jsx,PortalShell + tokens + navigation canon,IMPLEMENTED,Imported from WP17C ledger · Shared shell/token convergence wave active · app/routing/AppRoutes.jsx,PENDING
ROUTE-0343,safety,/safety-portal/employees,/safety-portal,route_screen,ACTIVE,WP17D_CANONICAL_WAVE,PortalShell (canonical wp17d wave),Canonical glass header,Canonical sidebar in wave migration,Layered light base + navy grid + restrained glass,route_element,lucide-react (canonical wrapper convergence),ALIGN_TO_WP17B_TERMINOLOGY,ADD_CONTEXTUAL_HELP_WHERE_REQUIRED,Canonical footer boundary in wave rollout,Canonical responsive shell in wave rollout,Operational; convergence verification pending,None observed in current wave or pending inspection,MIGRATE_IN_WP17D,PORTAL_MIGRATION,Inspect and repair defects encountered during migration,WP17C_CANONICAL_PAGE,app/routing/AppRoutes.jsx,PortalShell + tokens + navigation canon,IMPLEMENTED,Imported from WP17C ledger · Shared shell/token convergence wave active · app/routing/AppRoutes.jsx,PENDING
ROUTE-0344,safety,/safety-portal/digest,/safety-portal,route_screen,ACTIVE,WP17D_CANONICAL_WAVE,PortalShell (canonical wp17d wave),Canonical glass header,Canonical sidebar in wave migration,Layered light base + navy grid + restrained glass,route_element,lucide-react (canonical wrapper convergence),ALIGN_TO_WP17B_TERMINOLOGY,ADD_CONTEXTUAL_HELP_WHERE_REQUIRED,Canonical footer boundary in wave rollout,Canonical responsive shell in wave rollout,Operational; convergence verification pending,None observed in current wave or pending inspection,MIGRATE_IN_WP17D,PORTAL_MIGRATION,Inspect and repair defects encountered during migration,WP17C_CANONICAL_PAGE,app/routing/AppRoutes.jsx,PortalShell + tokens + navigation canon,IMPLEMENTED,Imported from WP17C ledger · Shared shell/token convergence wave active · app/routing/AppRoutes.jsx,PENDING
ROUTE-0345,safety,/safety-portal/inspections,/safety-portal,route_screen,ACTIVE,WP17D_CANONICAL_WAVE,PortalShell (canonical wp17d wave),Canonical glass header,Canonical sidebar in wave migration,Layered light base + navy grid + restrained glass,route_element,lucide-react (canonical wrapper convergence),ALIGN_TO_WP17B_TERMINOLOGY,ADD_CONTEXTUAL_HELP_WHERE_REQUIRED,Canonical footer boundary in wave rollout,Canonical responsive shell in wave rollout,Operational; convergence verification pending,None observed in current wave or pending inspection,MIGRATE_IN_WP17D,PORTAL_MIGRATION,Inspect and repair defects encountered during migration,WP17C_CANONICAL_PAGE,app/routing/AppRoutes.jsx,PortalShell + tokens + navigation canon,IMPLEMENTED,Imported from WP17C ledger · Shared shell/token convergence wave active · app/routing/AppRoutes.jsx,PENDING
ROUTE-0346,safety,/safety-portal/inspections/:id,/safety-portal/inspections,detail_route,DETAIL,WP17D_CANONICAL_WAVE,PortalShell (canonical wp17d wave),Canonical glass header,Canonical sidebar in wave migration,Layered light base + navy grid + restrained glass,route_element,lucide-react (canonical wrapper convergence),ALIGN_TO_WP17B_TERMINOLOGY,ADD_CONTEXTUAL_HELP_WHERE_REQUIRED,Canonical footer boundary in wave rollout,Canonical responsive shell in wave rollout,Operational; convergence verification pending,None observed in current wave or pending inspection,KEEP_HIDDEN_DETAIL,PORTAL_MIGRATION,Inspect and repair defects encountered during migration,WP17C_CANONICAL_DETAIL_PAGE,app/routing/AppRoutes.jsx,PortalShell + tokens + navigation canon,IMPLEMENTED,Imported from WP17C ledger · Shared shell/token convergence wave active · app/routing/AppRoutes.jsx,PENDING
ROUTE-0347,safety,/safety-portal/jha-plans,/safety-portal,route_screen,ACTIVE,WP17D_CANONICAL_WAVE,PortalShell (canonical wp17d wave),Canonical glass header,Canonical sidebar in wave migration,Layered light base + navy grid + restrained glass,route_element,lucide-react (canonical wrapper convergence),ALIGN_TO_WP17B_TERMINOLOGY,ADD_CONTEXTUAL_HELP_WHERE_REQUIRED,Canonical footer boundary in wave rollout,Canonical responsive shell in wave rollout,Operational; convergence verification pending,None observed in current wave or pending inspection,MIGRATE_IN_WP17D,PORTAL_MIGRATION,Inspect and repair defects encountered during migration,WP17C_CANONICAL_PAGE,app/routing/AppRoutes.jsx,PortalShell + tokens + navigation canon,IMPLEMENTED,Imported from WP17C ledger · Shared shell/token convergence wave active · app/routing/AppRoutes.jsx,PENDING
ROUTE-0348,safety,/safety-portal/driver/:driverKey,/safety-portal/driver,detail_route,DETAIL,WP17D_CANONICAL_WAVE,PortalShell (canonical wp17d wave),Canonical glass header,Canonical sidebar in wave migration,Layered light base + navy grid + restrained glass,route_element,lucide-react (canonical wrapper convergence),ALIGN_TO_WP17B_TERMINOLOGY,ADD_CONTEXTUAL_HELP_WHERE_REQUIRED,Canonical footer boundary in wave rollout,Canonical responsive shell in wave rollout,Operational; convergence verification pending,None observed in current wave or pending inspection,KEEP_HIDDEN_DETAIL,PORTAL_MIGRATION,Inspect and repair defects encountered during migration,WP17C_CANONICAL_DETAIL_PAGE,app/routing/AppRoutes.jsx,PortalShell + tokens + navigation canon,IMPLEMENTED,Imported from WP17C ledger · Shared shell/token convergence wave active · app/routing/AppRoutes.jsx,PENDING
ROUTE-0349,hr,/hr/safety-records,/hr,route_screen,ACTIVE,WP17D_CANONICAL_WAVE,PortalShell (canonical wp17d wave),Canonical glass header,Canonical sidebar in wave migration,Layered light base + navy grid + restrained glass,route_element,lucide-react (canonical wrapper convergence),ALIGN_TO_WP17B_TERMINOLOGY,ADD_CONTEXTUAL_HELP_WHERE_REQUIRED,Canonical footer boundary in wave rollout,Canonical responsive shell in wave rollout,Under active convergence repair,None observed in current wave or pending inspection,MIGRATE_IN_WP17D,FIRST_WAVE_REPAIR_AND_CONVERGENCE,Repair partial shell migration and inconsistent detail/form/list behavior,WP17C_CANONICAL_PAGE,app/routing/AppRoutes.jsx,PortalShell + tokens + navigation canon,MIGRATING,Imported from WP17C ledger · Shared shell/token convergence wave active · Executive first-priority repair wave · app/routing/AppRoutes.jsx,PENDING
ROUTE-0350,dispatch,/dispatch-portal/login,/dispatch-portal,route_screen,ACTIVE,WP17D_CANONICAL_WAVE,Legacy or portal-specific shell,Canonical glass header,Mixed or contextual navigation,Layered light base + navy grid + restrained glass,DispatchLogin,lucide-react (canonical wrapper convergence),ALIGN_TO_WP17B_TERMINOLOGY,ADD_CONTEXTUAL_HELP_WHERE_REQUIRED,Mixed footer treatment,Canonical responsive shell in wave rollout,Operational; convergence verification pending,None observed in current wave or pending inspection,MIGRATE_IN_WP17D,PORTAL_MIGRATION,Inspect and repair defects encountered during migration,WP17C_CANONICAL_PAGE,app/routing/AppRoutes.jsx,PortalShell + tokens + navigation canon,IMPLEMENTED,Imported from WP17C ledger · Shared shell/token convergence wave active · app/routing/AppRoutes.jsx,PENDING
ROUTE-0351,field_leadership,/leadership/login,/leadership,route_screen,ACTIVE,WP17D_CANONICAL_WAVE,Legacy or portal-specific shell,Canonical glass header,Mixed or contextual navigation,Layered light base + navy grid + restrained glass,FieldLeadershipPortalLogin,lucide-react (canonical wrapper convergence),ALIGN_TO_WP17B_TERMINOLOGY,ADD_CONTEXTUAL_HELP_WHERE_REQUIRED,Mixed footer treatment,Canonical responsive shell in wave rollout,Operational; convergence verification pending,None observed in current wave or pending inspection,MIGRATE_IN_WP17D,PORTAL_MIGRATION,Inspect and repair defects encountered during migration,WP17C_CANONICAL_PAGE,app/routing/AppRoutes.jsx,PortalShell + tokens + navigation canon,IMPLEMENTED,Imported from WP17C ledger · Shared shell/token convergence wave active · app/routing/AppRoutes.jsx,PENDING
ROUTE-0352,dispatch,/dispatch-portal/forgot-password,/dispatch-portal,route_screen,ACTIVE,WP17D_CANONICAL_WAVE,Legacy or portal-specific shell,Canonical glass header,Mixed or contextual navigation,Layered light base + navy grid + restrained glass,DispatchForgotPassword,lucide-react (canonical wrapper convergence),ALIGN_TO_WP17B_TERMINOLOGY,ADD_CONTEXTUAL_HELP_WHERE_REQUIRED,Mixed footer treatment,Canonical responsive shell in wave rollout,Operational; convergence verification pending,None observed in current wave or pending inspection,MIGRATE_IN_WP17D,PORTAL_MIGRATION,Inspect and repair defects encountered during migration,WP17C_CANONICAL_PAGE,app/routing/AppRoutes.jsx,PortalShell + tokens + navigation canon,IMPLEMENTED,Imported from WP17C ledger · Shared shell/token convergence wave active · app/routing/AppRoutes.jsx,PENDING
ROUTE-0353,dispatch,/dispatch-portal/reset/:token,/dispatch-portal/reset,detail_route,DETAIL,WP17D_CANONICAL_WAVE,Legacy or portal-specific shell,Canonical glass header,Mixed or contextual navigation,Layered light base + navy grid + restrained glass,DispatchResetPassword,lucide-react (canonical wrapper convergence),ALIGN_TO_WP17B_TERMINOLOGY,ADD_CONTEXTUAL_HELP_WHERE_REQUIRED,Mixed footer treatment,Canonical responsive shell in wave rollout,Operational; convergence verification pending,None observed in current wave or pending inspection,KEEP_HIDDEN_DETAIL,PORTAL_MIGRATION,Inspect and repair defects encountered during migration,WP17C_CANONICAL_DETAIL_PAGE,app/routing/AppRoutes.jsx,PortalShell + tokens + navigation canon,IMPLEMENTED,Imported from WP17C ledger · Shared shell/token convergence wave active · app/routing/AppRoutes.jsx,PENDING
ROUTE-0354,dispatch,/dispatch-portal/change-password,/dispatch-portal,route_screen,ACTIVE,WP17D_CANONICAL_WAVE,Legacy or portal-specific shell,Canonical glass header,Mixed or contextual navigation,Layered light base + navy grid + restrained glass,route_element,lucide-react (canonical wrapper convergence),ALIGN_TO_WP17B_TERMINOLOGY,ADD_CONTEXTUAL_HELP_WHERE_REQUIRED,Mixed footer treatment,Canonical responsive shell in wave rollout,Operational; convergence verification pending,None observed in current wave or pending inspection,MIGRATE_IN_WP17D,PORTAL_MIGRATION,Inspect and repair defects encountered during migration,WP17C_CANONICAL_PAGE,app/routing/AppRoutes.jsx,PortalShell + tokens + navigation canon,IMPLEMENTED,Imported from WP17C ledger · Shared shell/token convergence wave active · app/routing/AppRoutes.jsx,PENDING
ROUTE-0355,dispatch,/dispatch-portal,/,route_screen,ACTIVE,WP17D_CANONICAL_WAVE,Legacy or portal-specific shell,Canonical glass header,Mixed or contextual navigation,Layered light base + navy grid + restrained glass,route_element,lucide-react (canonical wrapper convergence),ALIGN_TO_WP17B_TERMINOLOGY,ADD_CONTEXTUAL_HELP_WHERE_REQUIRED,Mixed footer treatment,Canonical responsive shell in wave rollout,Operational; convergence verification pending,None observed in current wave or pending inspection,MIGRATE_IN_WP17D,PORTAL_MIGRATION,Inspect and repair defects encountered during migration,WP17C_CANONICAL_PAGE,app/routing/AppRoutes.jsx,PortalShell + tokens + navigation canon,IMPLEMENTED,Imported from WP17C ledger · Shared shell/token convergence wave active · app/routing/AppRoutes.jsx,PENDING
ROUTE-0356,dispatch,/dispatch-portal/hub_legacy,/dispatch-portal,hidden_companion_route,HIDDEN,WP17D_CANONICAL_WAVE,Legacy or portal-specific shell,Canonical glass header,Mixed or contextual navigation,Layered light base + navy grid + restrained glass,route_element,lucide-react (canonical wrapper convergence),ALIGN_TO_WP17B_TERMINOLOGY,ADD_CONTEXTUAL_HELP_WHERE_REQUIRED,Mixed footer treatment,Canonical responsive shell in wave rollout,Intentionally hidden or internal,None observed in current wave or pending inspection,MERGE_OR_RETIRE,PORTAL_MIGRATION,Inspect and repair defects encountered during migration,WP17C_CANONICAL_PAGE,app/routing/AppRoutes.jsx,PortalShell + tokens + navigation canon,HIDDEN,Imported from WP17C ledger · Shared shell/token convergence wave active · app/routing/AppRoutes.jsx,PENDING
ROUTE-0357,dispatch,/dispatch-portal/hub_v2,/dispatch-portal,hidden_companion_route,HIDDEN,WP17D_CANONICAL_WAVE,Legacy or portal-specific shell,Canonical glass header,Mixed or contextual navigation,Layered light base + navy grid + restrained glass,route_element,lucide-react (canonical wrapper convergence),ALIGN_TO_WP17B_TERMINOLOGY,ADD_CONTEXTUAL_HELP_WHERE_REQUIRED,Mixed footer treatment,Canonical responsive shell in wave rollout,Intentionally hidden or internal,None observed in current wave or pending inspection,MERGE_OR_RETIRE,PORTAL_MIGRATION,Inspect and repair defects encountered during migration,WP17C_CANONICAL_PAGE,app/routing/AppRoutes.jsx,PortalShell + tokens + navigation canon,HIDDEN,Imported from WP17C ledger · Shared shell/token convergence wave active · app/routing/AppRoutes.jsx,PENDING
ROUTE-0358,dispatch,/dispatch-portal/board,/dispatch-portal,route_screen,ACTIVE,WP17D_CANONICAL_WAVE,Legacy or portal-specific shell,Canonical glass header,Mixed or contextual navigation,Layered light base + navy grid + restrained glass,route_element,lucide-react (canonical wrapper convergence),ALIGN_TO_WP17B_TERMINOLOGY,ADD_CONTEXTUAL_HELP_WHERE_REQUIRED,Mixed footer treatment,Canonical responsive shell in wave rollout,Operational; convergence verification pending,None observed in current wave or pending inspection,MIGRATE_IN_WP17D,PORTAL_MIGRATION,Inspect and repair defects encountered during migration,WP17C_CANONICAL_PAGE,app/routing/AppRoutes.jsx,PortalShell + tokens + navigation canon,IMPLEMENTED,Imported from WP17C ledger · Shared shell/token convergence wave active · app/routing/AppRoutes.jsx,PENDING
ROUTE-0359,dispatch,/dispatch-portal/command,/dispatch-portal,route_screen,ACTIVE,WP17D_CANONICAL_WAVE,Legacy or portal-specific shell,Canonical glass header,Mixed or contextual navigation,Layered light base + navy grid + restrained glass,route_element,lucide-react (canonical wrapper convergence),ALIGN_TO_WP17B_TERMINOLOGY,ADD_CONTEXTUAL_HELP_WHERE_REQUIRED,Mixed footer treatment,Canonical responsive shell in wave rollout,Operational; convergence verification pending,None observed in current wave or pending inspection,MIGRATE_IN_WP17D,PORTAL_MIGRATION,Inspect and repair defects encountered during migration,WP17C_CANONICAL_PAGE,app/routing/AppRoutes.jsx,PortalShell + tokens + navigation canon,IMPLEMENTED,Imported from WP17C ledger · Shared shell/token convergence wave active · app/routing/AppRoutes.jsx,PENDING
ROUTE-0360,dispatch,/dispatch-portal/fleet,/dispatch-portal,route_screen,ACTIVE,WP17D_CANONICAL_WAVE,Legacy or portal-specific shell,Canonical glass header,Mixed or contextual navigation,Layered light base + navy grid + restrained glass,route_element,lucide-react (canonical wrapper convergence),ALIGN_TO_WP17B_TERMINOLOGY,ADD_CONTEXTUAL_HELP_WHERE_REQUIRED,Mixed footer treatment,Canonical responsive shell in wave rollout,Operational; convergence verification pending,None observed in current wave or pending inspection,MIGRATE_IN_WP17D,PORTAL_MIGRATION,Inspect and repair defects encountered during migration,WP17C_CANONICAL_PAGE,app/routing/AppRoutes.jsx,PortalShell + tokens + navigation canon,IMPLEMENTED,Imported from WP17C ledger · Shared shell/token convergence wave active · app/routing/AppRoutes.jsx,PENDING
ROUTE-0361,dispatch,/dispatch-portal/map,/dispatch-portal,route_screen,ACTIVE,WP17D_CANONICAL_WAVE,Legacy or portal-specific shell,Canonical glass header,Mixed or contextual navigation,Layered light base + navy grid + restrained glass,route_element,lucide-react (canonical wrapper convergence),ALIGN_TO_WP17B_TERMINOLOGY,ADD_CONTEXTUAL_HELP_WHERE_REQUIRED,Mixed footer treatment,Canonical responsive shell in wave rollout,Operational; convergence verification pending,None observed in current wave or pending inspection,MIGRATE_IN_WP17D,PORTAL_MIGRATION,Inspect and repair defects encountered during migration,WP17C_CANONICAL_PAGE,app/routing/AppRoutes.jsx,PortalShell + tokens + navigation canon,IMPLEMENTED,Imported from WP17C ledger · Shared shell/token convergence wave active · app/routing/AppRoutes.jsx,PENDING
ROUTE-0362,dispatch,/dispatch-portal/haul-ledger,/dispatch-portal,route_screen,ACTIVE,WP17D_CANONICAL_WAVE,Legacy or portal-specific shell,Canonical glass header,Mixed or contextual navigation,Layered light base + navy grid + restrained glass,route_element,lucide-react (canonical wrapper convergence),ALIGN_TO_WP17B_TERMINOLOGY,ADD_CONTEXTUAL_HELP_WHERE_REQUIRED,Mixed footer treatment,Canonical responsive shell in wave rollout,Operational; convergence verification pending,None observed in current wave or pending inspection,MIGRATE_IN_WP17D,PORTAL_MIGRATION,Inspect and repair defects encountered during migration,WP17C_CANONICAL_PAGE,app/routing/AppRoutes.jsx,PortalShell + tokens + navigation canon,IMPLEMENTED,Imported from WP17C ledger · Shared shell/token convergence wave active · app/routing/AppRoutes.jsx,PENDING
ROUTE-0363,dispatch,/dispatch-portal/driver-qualification,/dispatch-portal,route_screen,ACTIVE,WP17D_CANONICAL_WAVE,Legacy or portal-specific shell,Canonical glass header,Mixed or contextual navigation,Layered light base + navy grid + restrained glass,route_element,lucide-react (canonical wrapper convergence),ALIGN_TO_WP17B_TERMINOLOGY,ADD_CONTEXTUAL_HELP_WHERE_REQUIRED,Mixed footer treatment,Canonical responsive shell in wave rollout,Operational; convergence verification pending,None observed in current wave or pending inspection,MIGRATE_IN_WP17D,PORTAL_MIGRATION,Inspect and repair defects encountered during migration,WP17C_CANONICAL_PAGE,app/routing/AppRoutes.jsx,PortalShell + tokens + navigation canon,IMPLEMENTED,Imported from WP17C ledger · Shared shell/token convergence wave active · app/routing/AppRoutes.jsx,PENDING
ROUTE-0364,dispatch,/dispatch-portal/driver/:driverKey,/dispatch-portal/driver,detail_route,DETAIL,WP17D_CANONICAL_WAVE,Legacy or portal-specific shell,Canonical glass header,Mixed or contextual navigation,Layered light base + navy grid + restrained glass,route_element,lucide-react (canonical wrapper convergence),ALIGN_TO_WP17B_TERMINOLOGY,ADD_CONTEXTUAL_HELP_WHERE_REQUIRED,Mixed footer treatment,Canonical responsive shell in wave rollout,Operational; convergence verification pending,None observed in current wave or pending inspection,KEEP_HIDDEN_DETAIL,PORTAL_MIGRATION,Inspect and repair defects encountered during migration,WP17C_CANONICAL_DETAIL_PAGE,app/routing/AppRoutes.jsx,PortalShell + tokens + navigation canon,IMPLEMENTED,Imported from WP17C ledger · Shared shell/token convergence wave active · app/routing/AppRoutes.jsx,PENDING
ROUTE-0365,training_guidance,/training,/,route_screen,ACTIVE,WP17D_CANONICAL_WAVE,Legacy or portal-specific shell,Canonical glass header,Mixed or contextual navigation,Layered light base + navy grid + restrained glass,TrainingHub,lucide-react (canonical wrapper convergence),ALIGN_TO_WP17B_TERMINOLOGY,ADD_CONTEXTUAL_HELP_WHERE_REQUIRED,Mixed footer treatment,Canonical responsive shell in wave rollout,Operational; convergence verification pending,None observed in current wave or pending inspection,MIGRATE_IN_WP17D,PORTAL_MIGRATION,Inspect and repair defects encountered during migration,WP17C_CANONICAL_PAGE,app/routing/AppRoutes.jsx,PortalShell + tokens + navigation canon,IMPLEMENTED,Imported from WP17C ledger · Shared shell/token convergence wave active · app/routing/AppRoutes.jsx,PENDING
ROUTE-0366,training_guidance,/training-hub,/,redirect_route,ACTIVE,WP17D_CANONICAL_WAVE,Legacy or portal-specific shell,Canonical glass header,Mixed or contextual navigation,Layered light base + navy grid + restrained glass,Navigate,lucide-react (canonical wrapper convergence),ALIGN_TO_WP17B_TERMINOLOGY,ADD_CONTEXTUAL_HELP_WHERE_REQUIRED,Mixed footer treatment,Canonical responsive shell in wave rollout,Operational; convergence verification pending,None observed in current wave or pending inspection,CANONICALIZE_REDIRECT,PORTAL_MIGRATION,Inspect and repair defects encountered during migration,WP17C_CANONICAL_PAGE,app/routing/AppRoutes.jsx,PortalShell + tokens + navigation canon,REDIRECTED,Imported from WP17C ledger · Shared shell/token convergence wave active · app/routing/AppRoutes.jsx,PENDING
ROUTE-0367,training_guidance,/training/:track,/training,detail_route,DETAIL,WP17D_CANONICAL_WAVE,Legacy or portal-specific shell,Canonical glass header,Mixed or contextual navigation,Layered light base + navy grid + restrained glass,TrainingTrack,lucide-react (canonical wrapper convergence),ALIGN_TO_WP17B_TERMINOLOGY,ADD_CONTEXTUAL_HELP_WHERE_REQUIRED,Mixed footer treatment,Canonical responsive shell in wave rollout,Operational; convergence verification pending,None observed in current wave or pending inspection,KEEP_HIDDEN_DETAIL,PORTAL_MIGRATION,Inspect and repair defects encountered during migration,WP17C_CANONICAL_DETAIL_PAGE,app/routing/AppRoutes.jsx,PortalShell + tokens + navigation canon,IMPLEMENTED,Imported from WP17C ledger · Shared shell/token convergence wave active · app/routing/AppRoutes.jsx,PENDING
ROUTE-0368,training_guidance,/training/:track/poster,/training/:track,detail_route,DETAIL,WP17D_CANONICAL_WAVE,Legacy or portal-specific shell,Canonical glass header,Mixed or contextual navigation,Layered light base + navy grid + restrained glass,TrainingQrPoster,lucide-react (canonical wrapper convergence),ALIGN_TO_WP17B_TERMINOLOGY,ADD_CONTEXTUAL_HELP_WHERE_REQUIRED,Mixed footer treatment,Canonical responsive shell in wave rollout,Operational; convergence verification pending,None observed in current wave or pending inspection,KEEP_HIDDEN_DETAIL,PORTAL_MIGRATION,Inspect and repair defects encountered during migration,WP17C_CANONICAL_DETAIL_PAGE,app/routing/AppRoutes.jsx,PortalShell + tokens + navigation canon,IMPLEMENTED,Imported from WP17C ledger · Shared shell/token convergence wave active · app/routing/AppRoutes.jsx,PENDING
ROUTE-0369,training_guidance,/training/:track/packet,/training/:track,detail_route,DETAIL,WP17D_CANONICAL_WAVE,Legacy or portal-specific shell,Canonical glass header,Mixed or contextual navigation,Layered light base + navy grid + restrained glass,TrainingPacketDownload,lucide-react (canonical wrapper convergence),ALIGN_TO_WP17B_TERMINOLOGY,ADD_CONTEXTUAL_HELP_WHERE_REQUIRED,Mixed footer treatment,Canonical responsive shell in wave rollout,Operational; convergence verification pending,None observed in current wave or pending inspection,KEEP_HIDDEN_DETAIL,PORTAL_MIGRATION,Inspect and repair defects encountered during migration,WP17C_CANONICAL_DETAIL_PAGE,app/routing/AppRoutes.jsx,PortalShell + tokens + navigation canon,IMPLEMENTED,Imported from WP17C ledger · Shared shell/token convergence wave active · app/routing/AppRoutes.jsx,PENDING
ROUTE-0370,admin,/admin/training-videos,/admin,route_screen,ACTIVE,WP17D_CANONICAL_WAVE,PortalShell (canonical wp17d wave),Canonical glass header,Canonical sidebar in wave migration,Layered light base + navy grid + restrained glass,route_element,lucide-react (canonical wrapper convergence),ALIGN_TO_WP17B_TERMINOLOGY,ADD_CONTEXTUAL_HELP_WHERE_REQUIRED,Canonical footer boundary in wave rollout,Canonical responsive shell in wave rollout,Operational; convergence verification pending,None observed in current wave or pending inspection,MIGRATE_IN_WP17D,PORTAL_MIGRATION,Inspect and repair defects encountered during migration,WP17C_CANONICAL_PAGE,app/routing/AppRoutes.jsx,PortalShell + tokens + navigation canon,IMPLEMENTED,Imported from WP17C ledger · Shared shell/token convergence wave active · app/routing/AppRoutes.jsx,PENDING
ROUTE-0371,admin,/admin/deploy-readiness,/admin,route_screen,ACTIVE,WP17D_CANONICAL_WAVE,PortalShell (canonical wp17d wave),Canonical glass header,Canonical sidebar in wave migration,Layered light base + navy grid + restrained glass,route_element,lucide-react (canonical wrapper convergence),ALIGN_TO_WP17B_TERMINOLOGY,ADD_CONTEXTUAL_HELP_WHERE_REQUIRED,Canonical footer boundary in wave rollout,Canonical responsive shell in wave rollout,Operational; convergence verification pending,None observed in current wave or pending inspection,MIGRATE_IN_WP17D,PORTAL_MIGRATION,Inspect and repair defects encountered during migration,WP17C_CANONICAL_PAGE,app/routing/AppRoutes.jsx,PortalShell + tokens + navigation canon,IMPLEMENTED,Imported from WP17C ledger · Shared shell/token convergence wave active · app/routing/AppRoutes.jsx,PENDING
ROUTE-0372,public_shared,/ops-training,/,redirect_route,ACTIVE,WP17D_CANONICAL_WAVE,WP17 public shell,Canonical glass header,Mixed or contextual navigation,Layered light base + navy grid + restrained glass,Navigate,lucide-react (canonical wrapper convergence),ALIGN_TO_WP17B_TERMINOLOGY,ADD_CONTEXTUAL_HELP_WHERE_REQUIRED,Canonical footer boundary in wave rollout,Canonical responsive shell in wave rollout,Under active convergence repair,None observed in current wave or pending inspection,CANONICALIZE_REDIRECT,FIRST_WAVE_REPAIR_AND_CONVERGENCE,Inspect and repair defects encountered during migration,WP17C_CANONICAL_PAGE,app/routing/AppRoutes.jsx,PortalShell + tokens + navigation canon,REDIRECTED,Imported from WP17C ledger · Shared shell/token convergence wave active · Executive first-priority repair wave · app/routing/AppRoutes.jsx,PENDING
ROUTE-0373,public_shared,/ops-training/:slug,/ops-training,redirect_route,DETAIL,WP17D_CANONICAL_WAVE,WP17 public shell,Canonical glass header,Mixed or contextual navigation,Layered light base + navy grid + restrained glass,Navigate,lucide-react (canonical wrapper convergence),ALIGN_TO_WP17B_TERMINOLOGY,ADD_CONTEXTUAL_HELP_WHERE_REQUIRED,Canonical footer boundary in wave rollout,Canonical responsive shell in wave rollout,Under active convergence repair,None observed in current wave or pending inspection,CANONICALIZE_REDIRECT,FIRST_WAVE_REPAIR_AND_CONVERGENCE,Inspect and repair defects encountered during migration,WP17C_CANONICAL_DETAIL_PAGE,app/routing/AppRoutes.jsx,PortalShell + tokens + navigation canon,REDIRECTED,Imported from WP17C ledger · Shared shell/token convergence wave active · Executive first-priority repair wave · app/routing/AppRoutes.jsx,PENDING
ROUTE-0374,dev,/dev/login,/dev,route_screen,HIDDEN,LEGACY_MIXED,Legacy or portal-specific shell,Mixed / legacy header,Mixed or contextual navigation,Flat / mixed background system,DevLogin,lucide-react (canonical wrapper convergence),ALIGN_TO_WP17B_TERMINOLOGY,ADD_CONTEXTUAL_HELP_WHERE_REQUIRED,Mixed footer treatment,Pending responsive convergence,Operational; convergence verification pending,None observed in current wave or pending inspection,HIDE,INTENTIONAL_HIDE_OR_REDIRECT,Inspect and repair defects encountered during migration,WP17C_CANONICAL_PAGE,app/routing/AppRoutes.jsx,PortalShell + tokens + navigation canon,HIDDEN,Imported from WP17C ledger · app/routing/AppRoutes.jsx,PENDING
ROUTE-0375,dev,/dev,/,route_screen,HIDDEN,LEGACY_MIXED,Legacy or portal-specific shell,Mixed / legacy header,Mixed or contextual navigation,Flat / mixed background system,route_element,lucide-react (canonical wrapper convergence),ALIGN_TO_WP17B_TERMINOLOGY,ADD_CONTEXTUAL_HELP_WHERE_REQUIRED,Mixed footer treatment,Pending responsive convergence,Intentionally hidden or internal,None observed in current wave or pending inspection,HIDE,INTENTIONAL_HIDE_OR_REDIRECT,Inspect and repair defects encountered during migration,WP17C_CANONICAL_PAGE,app/routing/AppRoutes.jsx,PortalShell + tokens + navigation canon,HIDDEN,Imported from WP17C ledger · app/routing/AppRoutes.jsx,PENDING
ROUTE-0376,public_shared,/inspections,/,redirect_route,ACTIVE,WP17D_CANONICAL_WAVE,WP17 public shell,Canonical glass header,Mixed or contextual navigation,Layered light base + navy grid + restrained glass,Navigate,lucide-react (canonical wrapper convergence),ALIGN_TO_WP17B_TERMINOLOGY,ADD_CONTEXTUAL_HELP_WHERE_REQUIRED,Canonical footer boundary in wave rollout,Canonical responsive shell in wave rollout,Under active convergence repair,None observed in current wave or pending inspection,CANONICALIZE_REDIRECT,FIRST_WAVE_REPAIR_AND_CONVERGENCE,Inspect and repair defects encountered during migration,WP17C_CANONICAL_PAGE,app/routing/AppRoutes.jsx,PortalShell + tokens + navigation canon,REDIRECTED,Imported from WP17C ledger · Shared shell/token convergence wave active · Executive first-priority repair wave · app/routing/AppRoutes.jsx,PENDING
ROUTE-0377,public_shared,/inspect/:id,/inspect,detail_route,DETAIL,WP17D_CANONICAL_WAVE,WP17 public shell,Canonical glass header,Mixed or contextual navigation,Layered light base + navy grid + restrained glass,RedirectWithId,lucide-react (canonical wrapper convergence),ALIGN_TO_WP17B_TERMINOLOGY,ADD_CONTEXTUAL_HELP_WHERE_REQUIRED,Canonical footer boundary in wave rollout,Canonical responsive shell in wave rollout,Under active convergence repair,None observed in current wave or pending inspection,KEEP_HIDDEN_DETAIL,FIRST_WAVE_REPAIR_AND_CONVERGENCE,Inspect and repair defects encountered during migration,WP17C_CANONICAL_DETAIL_PAGE,app/routing/AppRoutes.jsx,PortalShell + tokens + navigation canon,MIGRATING,Imported from WP17C ledger · Shared shell/token convergence wave active · Executive first-priority repair wave · app/routing/AppRoutes.jsx,PENDING
ROUTE-0378,public_shared,/inspections/:id,/inspections,detail_route,DETAIL,WP17D_CANONICAL_WAVE,WP17 public shell,Canonical glass header,Mixed or contextual navigation,Layered light base + navy grid + restrained glass,RedirectWithId,lucide-react (canonical wrapper convergence),ALIGN_TO_WP17B_TERMINOLOGY,ADD_CONTEXTUAL_HELP_WHERE_REQUIRED,Canonical footer boundary in wave rollout,Canonical responsive shell in wave rollout,Under active convergence repair,None observed in current wave or pending inspection,KEEP_HIDDEN_DETAIL,FIRST_WAVE_REPAIR_AND_CONVERGENCE,Inspect and repair defects encountered during migration,WP17C_CANONICAL_DETAIL_PAGE,app/routing/AppRoutes.jsx,PortalShell + tokens + navigation canon,MIGRATING,Imported from WP17C ledger · Shared shell/token convergence wave active · Executive first-priority repair wave · app/routing/AppRoutes.jsx,PENDING
ROUTE-0379,public_shared,/meetings,/,redirect_route,ACTIVE,WP17D_CANONICAL_WAVE,WP17 public shell,Canonical glass header,Mixed or contextual navigation,Layered light base + navy grid + restrained glass,Navigate,lucide-react (canonical wrapper convergence),ALIGN_TO_WP17B_TERMINOLOGY,ADD_CONTEXTUAL_HELP_WHERE_REQUIRED,Canonical footer boundary in wave rollout,Canonical responsive shell in wave rollout,Under active convergence repair,None observed in current wave or pending inspection,CANONICALIZE_REDIRECT,FIRST_WAVE_REPAIR_AND_CONVERGENCE,Inspect and repair defects encountered during migration,WP17C_CANONICAL_PAGE,app/routing/AppRoutes.jsx,PortalShell + tokens + navigation canon,REDIRECTED,Imported from WP17C ledger · Shared shell/token convergence wave active · Executive first-priority repair wave · app/routing/AppRoutes.jsx,PENDING
ROUTE-0380,public_shared,/meetings/:id,/meetings,detail_route,DETAIL,WP17D_CANONICAL_WAVE,WP17 public shell,Canonical glass header,Mixed or contextual navigation,Layered light base + navy grid + restrained glass,RedirectWithId,lucide-react (canonical wrapper convergence),ALIGN_TO_WP17B_TERMINOLOGY,ADD_CONTEXTUAL_HELP_WHERE_REQUIRED,Canonical footer boundary in wave rollout,Canonical responsive shell in wave rollout,Under active convergence repair,None observed in current wave or pending inspection,KEEP_HIDDEN_DETAIL,FIRST_WAVE_REPAIR_AND_CONVERGENCE,Inspect and repair defects encountered during migration,WP17C_CANONICAL_DETAIL_PAGE,app/routing/AppRoutes.jsx,PortalShell + tokens + navigation canon,MIGRATING,Imported from WP17C ledger · Shared shell/token convergence wave active · Executive first-priority repair wave · app/routing/AppRoutes.jsx,PENDING
ROUTE-0381,public_shared,/incidents,/,redirect_route,ACTIVE,WP17D_CANONICAL_WAVE,WP17 public shell,Canonical glass header,Mixed or contextual navigation,Layered light base + navy grid + restrained glass,Navigate,lucide-react (canonical wrapper convergence),ALIGN_TO_WP17B_TERMINOLOGY,ADD_CONTEXTUAL_HELP_WHERE_REQUIRED,Canonical footer boundary in wave rollout,Canonical responsive shell in wave rollout,Under active convergence repair,None observed in current wave or pending inspection,CANONICALIZE_REDIRECT,FIRST_WAVE_REPAIR_AND_CONVERGENCE,Inspect and repair defects encountered during migration,WP17C_CANONICAL_PAGE,app/routing/AppRoutes.jsx,PortalShell + tokens + navigation canon,REDIRECTED,Imported from WP17C ledger · Shared shell/token convergence wave active · Executive first-priority repair wave · app/routing/AppRoutes.jsx,PENDING
ROUTE-0382,public_shared,/incidents/:id,/incidents,detail_route,DETAIL,WP17D_CANONICAL_WAVE,WP17 public shell,Canonical glass header,Mixed or contextual navigation,Layered light base + navy grid + restrained glass,RedirectWithId,lucide-react (canonical wrapper convergence),ALIGN_TO_WP17B_TERMINOLOGY,ADD_CONTEXTUAL_HELP_WHERE_REQUIRED,Canonical footer boundary in wave rollout,Canonical responsive shell in wave rollout,Under active convergence repair,None observed in current wave or pending inspection,KEEP_HIDDEN_DETAIL,FIRST_WAVE_REPAIR_AND_CONVERGENCE,Inspect and repair defects encountered during migration,WP17C_CANONICAL_DETAIL_PAGE,app/routing/AppRoutes.jsx,PortalShell + tokens + navigation canon,MIGRATING,Imported from WP17C ledger · Shared shell/token convergence wave active · Executive first-priority repair wave · app/routing/AppRoutes.jsx,PENDING
ROUTE-0383,public_shared,/daily,/,redirect_route,ACTIVE,WP17D_CANONICAL_WAVE,WP17 public shell,Canonical glass header,Mixed or contextual navigation,Layered light base + navy grid + restrained glass,Navigate,lucide-react (canonical wrapper convergence),ALIGN_TO_WP17B_TERMINOLOGY,ADD_CONTEXTUAL_HELP_WHERE_REQUIRED,Canonical footer boundary in wave rollout,Canonical responsive shell in wave rollout,Under active convergence repair,None observed in current wave or pending inspection,CANONICALIZE_REDIRECT,FIRST_WAVE_REPAIR_AND_CONVERGENCE,Inspect and repair defects encountered during migration,WP17C_CANONICAL_PAGE,app/routing/AppRoutes.jsx,PortalShell + tokens + navigation canon,REDIRECTED,Imported from WP17C ledger · Shared shell/token convergence wave active · Executive first-priority repair wave · app/routing/AppRoutes.jsx,PENDING
ROUTE-0384,public_shared,/daily/:id,/daily,detail_route,DETAIL,WP17D_CANONICAL_WAVE,WP17 public shell,Canonical glass header,Mixed or contextual navigation,Layered light base + navy grid + restrained glass,RedirectWithId,lucide-react (canonical wrapper convergence),ALIGN_TO_WP17B_TERMINOLOGY,ADD_CONTEXTUAL_HELP_WHERE_REQUIRED,Canonical footer boundary in wave rollout,Canonical responsive shell in wave rollout,Under active convergence repair,None observed in current wave or pending inspection,KEEP_HIDDEN_DETAIL,FIRST_WAVE_REPAIR_AND_CONVERGENCE,Inspect and repair defects encountered during migration,WP17C_CANONICAL_DETAIL_PAGE,app/routing/AppRoutes.jsx,PortalShell + tokens + navigation canon,MIGRATING,Imported from WP17C ledger · Shared shell/token convergence wave active · Executive first-priority repair wave · app/routing/AppRoutes.jsx,PENDING
ROUTE-0385,safety,/safety-portal/meetings,/safety-portal,route_screen,ACTIVE,WP17D_CANONICAL_WAVE,PortalShell (canonical wp17d wave),Canonical glass header,Canonical sidebar in wave migration,Layered light base + navy grid + restrained glass,route_element,lucide-react (canonical wrapper convergence),ALIGN_TO_WP17B_TERMINOLOGY,ADD_CONTEXTUAL_HELP_WHERE_REQUIRED,Canonical footer boundary in wave rollout,Canonical responsive shell in wave rollout,Operational; convergence verification pending,None observed in current wave or pending inspection,MIGRATE_IN_WP17D,PORTAL_MIGRATION,Inspect and repair defects encountered during migration,WP17C_CANONICAL_PAGE,app/routing/AppRoutes.jsx,PortalShell + tokens + navigation canon,IMPLEMENTED,Imported from WP17C ledger · Shared shell/token convergence wave active · app/routing/AppRoutes.jsx,PENDING
ROUTE-0386,admin,/admin/daily-reports,/admin,redirect_route,ACTIVE,WP17D_CANONICAL_WAVE,PortalShell (canonical wp17d wave),Canonical glass header,Canonical sidebar in wave migration,Layered light base + navy grid + restrained glass,Navigate,lucide-react (canonical wrapper convergence),ALIGN_TO_WP17B_TERMINOLOGY,ADD_CONTEXTUAL_HELP_WHERE_REQUIRED,Canonical footer boundary in wave rollout,Canonical responsive shell in wave rollout,Operational; convergence verification pending,None observed in current wave or pending inspection,CANONICALIZE_REDIRECT,PORTAL_MIGRATION,Inspect and repair defects encountered during migration,WP17C_CANONICAL_PAGE,app/routing/AppRoutes.jsx,PortalShell + tokens + navigation canon,REDIRECTED,Imported from WP17C ledger · Shared shell/token convergence wave active · app/routing/AppRoutes.jsx,PENDING
ROUTE-0387,admin,/admin/trench-safety-assets,/admin,redirect_route,ACTIVE,WP17D_CANONICAL_WAVE,PortalShell (canonical wp17d wave),Canonical glass header,Canonical sidebar in wave migration,Layered light base + navy grid + restrained glass,Navigate,lucide-react (canonical wrapper convergence),ALIGN_TO_WP17B_TERMINOLOGY,ADD_CONTEXTUAL_HELP_WHERE_REQUIRED,Canonical footer boundary in wave rollout,Canonical responsive shell in wave rollout,Operational; convergence verification pending,None observed in current wave or pending inspection,CANONICALIZE_REDIRECT,PORTAL_MIGRATION,Inspect and repair defects encountered during migration,WP17C_CANONICAL_PAGE,app/routing/AppRoutes.jsx,PortalShell + tokens + navigation canon,REDIRECTED,Imported from WP17C ledger · Shared shell/token convergence wave active · app/routing/AppRoutes.jsx,PENDING
ROUTE-0388,public_shared,/legal/terms,/legal,route_screen,ACTIVE,WP17D_CANONICAL_WAVE,WP17 public shell,Canonical glass header,Mixed or contextual navigation,Layered light base + navy grid + restrained glass,TermsOfService,lucide-react (canonical wrapper convergence),ALIGN_TO_WP17B_TERMINOLOGY,ADD_CONTEXTUAL_HELP_WHERE_REQUIRED,Canonical footer boundary in wave rollout,Canonical responsive shell in wave rollout,Under active convergence repair,None observed in current wave or pending inspection,MIGRATE_IN_WP17D,FIRST_WAVE_REPAIR_AND_CONVERGENCE,Inspect and repair defects encountered during migration,WP17C_CANONICAL_PAGE,app/routing/AppRoutes.jsx,PortalShell + tokens + navigation canon,MIGRATING,Imported from WP17C ledger · Shared shell/token convergence wave active · Executive first-priority repair wave · app/routing/AppRoutes.jsx,PENDING
ROUTE-0389,public_shared,/legal/privacy,/legal,route_screen,ACTIVE,WP17D_CANONICAL_WAVE,WP17 public shell,Canonical glass header,Mixed or contextual navigation,Layered light base + navy grid + restrained glass,PrivacyPolicy,lucide-react (canonical wrapper convergence),ALIGN_TO_WP17B_TERMINOLOGY,ADD_CONTEXTUAL_HELP_WHERE_REQUIRED,Canonical footer boundary in wave rollout,Canonical responsive shell in wave rollout,Under active convergence repair,None observed in current wave or pending inspection,MIGRATE_IN_WP17D,FIRST_WAVE_REPAIR_AND_CONVERGENCE,Inspect and repair defects encountered during migration,WP17C_CANONICAL_PAGE,app/routing/AppRoutes.jsx,PortalShell + tokens + navigation canon,MIGRATING,Imported from WP17C ledger · Shared shell/token convergence wave active · Executive first-priority repair wave · app/routing/AppRoutes.jsx,PENDING
ROUTE-0390,public_shared,/tasks,/,route_screen,ACTIVE,WP17D_CANONICAL_WAVE,WP17 public shell,Canonical glass header,Mixed or contextual navigation,Layered light base + navy grid + restrained glass,Tasks,lucide-react (canonical wrapper convergence),ALIGN_TO_WP17B_TERMINOLOGY,ADD_CONTEXTUAL_HELP_WHERE_REQUIRED,Canonical footer boundary in wave rollout,Canonical responsive shell in wave rollout,Under active convergence repair,None observed in current wave or pending inspection,MIGRATE_IN_WP17D,FIRST_WAVE_REPAIR_AND_CONVERGENCE,Inspect and repair defects encountered during migration,WP17C_CANONICAL_PAGE,app/routing/AppRoutes.jsx,PortalShell + tokens + navigation canon,MIGRATING,Imported from WP17C ledger · Shared shell/token convergence wave active · Executive first-priority repair wave · app/routing/AppRoutes.jsx,PENDING
ROUTE-0391,public_shared,/document-expirations,/,route_screen,ACTIVE,WP17D_CANONICAL_WAVE,WP17 public shell,Canonical glass header,Mixed or contextual navigation,Layered light base + navy grid + restrained glass,DocumentExpirations,lucide-react (canonical wrapper convergence),ALIGN_TO_WP17B_TERMINOLOGY,ADD_CONTEXTUAL_HELP_WHERE_REQUIRED,Canonical footer boundary in wave rollout,Canonical responsive shell in wave rollout,Under active convergence repair,None observed in current wave or pending inspection,MIGRATE_IN_WP17D,FIRST_WAVE_REPAIR_AND_CONVERGENCE,Inspect and repair defects encountered during migration,WP17C_CANONICAL_PAGE,app/routing/AppRoutes.jsx,PortalShell + tokens + navigation canon,MIGRATING,Imported from WP17C ledger · Shared shell/token convergence wave active · Executive first-priority repair wave · app/routing/AppRoutes.jsx,PENDING
ROUTE-0392,hr,/hr/employees,/hr,route_screen,ACTIVE,WP17D_CANONICAL_WAVE,PortalShell (canonical wp17d wave),Canonical glass header,Canonical sidebar in wave migration,Layered light base + navy grid + restrained glass,route_element,lucide-react (canonical wrapper convergence),ALIGN_TO_WP17B_TERMINOLOGY,ADD_CONTEXTUAL_HELP_WHERE_REQUIRED,Canonical footer boundary in wave rollout,Canonical responsive shell in wave rollout,Under active convergence repair,None observed in current wave or pending inspection,MIGRATE_IN_WP17D,FIRST_WAVE_REPAIR_AND_CONVERGENCE,Repair partial shell migration and inconsistent detail/form/list behavior,WP17C_CANONICAL_PAGE,app/routing/AppRoutes.jsx,PortalShell + tokens + navigation canon,MIGRATING,Imported from WP17C ledger · Shared shell/token convergence wave active · Executive first-priority repair wave · app/routing/AppRoutes.jsx,PENDING
ROUTE-0393,hr,/hr/employee-requests,/hr,route_screen,ACTIVE,WP17D_CANONICAL_WAVE,PortalShell (canonical wp17d wave),Canonical glass header,Canonical sidebar in wave migration,Layered light base + navy grid + restrained glass,route_element,lucide-react (canonical wrapper convergence),ALIGN_TO_WP17B_TERMINOLOGY,ADD_CONTEXTUAL_HELP_WHERE_REQUIRED,Canonical footer boundary in wave rollout,Canonical responsive shell in wave rollout,Under active convergence repair,None observed in current wave or pending inspection,MIGRATE_IN_WP17D,FIRST_WAVE_REPAIR_AND_CONVERGENCE,Repair partial shell migration and inconsistent detail/form/list behavior,WP17C_CANONICAL_PAGE,app/routing/AppRoutes.jsx,PortalShell + tokens + navigation canon,MIGRATING,Imported from WP17C ledger · Shared shell/token convergence wave active · Executive first-priority repair wave · app/routing/AppRoutes.jsx,PENDING
ROUTE-0394,hr,/hr/employees/:id/accountability,/hr/employees/:id,detail_route,DETAIL,WP17D_CANONICAL_WAVE,PortalShell (canonical wp17d wave),Canonical glass header,Canonical sidebar in wave migration,Layered light base + navy grid + restrained glass,route_element,lucide-react (canonical wrapper convergence),ALIGN_TO_WP17B_TERMINOLOGY,ADD_CONTEXTUAL_HELP_WHERE_REQUIRED,Canonical footer boundary in wave rollout,Canonical responsive shell in wave rollout,Under active convergence repair,None observed in current wave or pending inspection,KEEP_HIDDEN_DETAIL,FIRST_WAVE_REPAIR_AND_CONVERGENCE,Repair partial shell migration and inconsistent detail/form/list behavior,WP17C_CANONICAL_DETAIL_PAGE,app/routing/AppRoutes.jsx,PortalShell + tokens + navigation canon,MIGRATING,Imported from WP17C ledger · Shared shell/token convergence wave active · Executive first-priority repair wave · app/routing/AppRoutes.jsx,PENDING
ROUTE-0395,hr,/hr/employees/:id/thread,/hr/employees/:id,detail_route,DETAIL,WP17D_CANONICAL_WAVE,PortalShell (canonical wp17d wave),Canonical glass header,Canonical sidebar in wave migration,Layered light base + navy grid + restrained glass,route_element,lucide-react (canonical wrapper convergence),ALIGN_TO_WP17B_TERMINOLOGY,ADD_CONTEXTUAL_HELP_WHERE_REQUIRED,Canonical footer boundary in wave rollout,Canonical responsive shell in wave rollout,Under active convergence repair,None observed in current wave or pending inspection,KEEP_HIDDEN_DETAIL,FIRST_WAVE_REPAIR_AND_CONVERGENCE,Repair partial shell migration and inconsistent detail/form/list behavior,WP17C_CANONICAL_DETAIL_PAGE,app/routing/AppRoutes.jsx,PortalShell + tokens + navigation canon,MIGRATING,Imported from WP17C ledger · Shared shell/token convergence wave active · Executive first-priority repair wave · app/routing/AppRoutes.jsx,PENDING
ROUTE-0396,hr,/hr/employees/:empId/profile,/hr/employees/:empId,detail_route,DETAIL,WP17D_CANONICAL_WAVE,PortalShell (canonical wp17d wave),Canonical glass header,Canonical sidebar in wave migration,Layered light base + navy grid + restrained glass,route_element,lucide-react (canonical wrapper convergence),ALIGN_TO_WP17B_TERMINOLOGY,ADD_CONTEXTUAL_HELP_WHERE_REQUIRED,Canonical footer boundary in wave rollout,Canonical responsive shell in wave rollout,Under active convergence repair,None observed in current wave or pending inspection,KEEP_HIDDEN_DETAIL,FIRST_WAVE_REPAIR_AND_CONVERGENCE,Repair partial shell migration and inconsistent detail/form/list behavior,WP17C_CANONICAL_DETAIL_PAGE,app/routing/AppRoutes.jsx,PortalShell + tokens + navigation canon,MIGRATING,Imported from WP17C ledger · Shared shell/token convergence wave active · Executive first-priority repair wave · app/routing/AppRoutes.jsx,PENDING
ROUTE-0397,hr,/hr/historical-records/intake,/hr/historical-records,route_screen,ACTIVE,WP17D_CANONICAL_WAVE,PortalShell (canonical wp17d wave),Canonical glass header,Canonical sidebar in wave migration,Layered light base + navy grid + restrained glass,route_element,lucide-react (canonical wrapper convergence),ALIGN_TO_WP17B_TERMINOLOGY,ADD_CONTEXTUAL_HELP_WHERE_REQUIRED,Canonical footer boundary in wave rollout,Canonical responsive shell in wave rollout,Under active convergence repair,None observed in current wave or pending inspection,MIGRATE_IN_WP17D,FIRST_WAVE_REPAIR_AND_CONVERGENCE,Repair partial shell migration and inconsistent detail/form/list behavior,WP17C_CANONICAL_PAGE,app/routing/AppRoutes.jsx,PortalShell + tokens + navigation canon,MIGRATING,Imported from WP17C ledger · Shared shell/token convergence wave active · Executive first-priority repair wave · app/routing/AppRoutes.jsx,PENDING
ROUTE-0398,hr,/hr/historical-records/queue,/hr/historical-records,route_screen,ACTIVE,WP17D_CANONICAL_WAVE,PortalShell (canonical wp17d wave),Canonical glass header,Canonical sidebar in wave migration,Layered light base + navy grid + restrained glass,route_element,lucide-react (canonical wrapper convergence),ALIGN_TO_WP17B_TERMINOLOGY,ADD_CONTEXTUAL_HELP_WHERE_REQUIRED,Canonical footer boundary in wave rollout,Canonical responsive shell in wave rollout,Under active convergence repair,None observed in current wave or pending inspection,MIGRATE_IN_WP17D,FIRST_WAVE_REPAIR_AND_CONVERGENCE,Repair partial shell migration and inconsistent detail/form/list behavior,WP17C_CANONICAL_PAGE,app/routing/AppRoutes.jsx,PortalShell + tokens + navigation canon,MIGRATING,Imported from WP17C ledger · Shared shell/token convergence wave active · Executive first-priority repair wave · app/routing/AppRoutes.jsx,PENDING
ROUTE-0399,hr,/hr/historical-records/batches,/hr/historical-records,route_screen,ACTIVE,WP17D_CANONICAL_WAVE,PortalShell (canonical wp17d wave),Canonical glass header,Canonical sidebar in wave migration,Layered light base + navy grid + restrained glass,route_element,lucide-react (canonical wrapper convergence),ALIGN_TO_WP17B_TERMINOLOGY,ADD_CONTEXTUAL_HELP_WHERE_REQUIRED,Canonical footer boundary in wave rollout,Canonical responsive shell in wave rollout,Under active convergence repair,None observed in current wave or pending inspection,MIGRATE_IN_WP17D,FIRST_WAVE_REPAIR_AND_CONVERGENCE,Repair partial shell migration and inconsistent detail/form/list behavior,WP17C_CANONICAL_PAGE,app/routing/AppRoutes.jsx,PortalShell + tokens + navigation canon,MIGRATING,Imported from WP17C ledger · Shared shell/token convergence wave active · Executive first-priority repair wave · app/routing/AppRoutes.jsx,PENDING
ROUTE-0400,hr,/hr/historical-records/batches/:batchId,/hr/historical-records/batches,detail_route,DETAIL,WP17D_CANONICAL_WAVE,PortalShell (canonical wp17d wave),Canonical glass header,Canonical sidebar in wave migration,Layered light base + navy grid + restrained glass,route_element,lucide-react (canonical wrapper convergence),ALIGN_TO_WP17B_TERMINOLOGY,ADD_CONTEXTUAL_HELP_WHERE_REQUIRED,Canonical footer boundary in wave rollout,Canonical responsive shell in wave rollout,Under active convergence repair,None observed in current wave or pending inspection,KEEP_HIDDEN_DETAIL,FIRST_WAVE_REPAIR_AND_CONVERGENCE,Repair partial shell migration and inconsistent detail/form/list behavior,WP17C_CANONICAL_DETAIL_PAGE,app/routing/AppRoutes.jsx,PortalShell + tokens + navigation canon,MIGRATING,Imported from WP17C ledger · Shared shell/token convergence wave active · Executive first-priority repair wave · app/routing/AppRoutes.jsx,PENDING
ROUTE-0401,hr,/hr/incidents,/hr,route_screen,ACTIVE,WP17D_CANONICAL_WAVE,PortalShell (canonical wp17d wave),Canonical glass header,Canonical sidebar in wave migration,Layered light base + navy grid + restrained glass,route_element,lucide-react (canonical wrapper convergence),ALIGN_TO_WP17B_TERMINOLOGY,ADD_CONTEXTUAL_HELP_WHERE_REQUIRED,Canonical footer boundary in wave rollout,Canonical responsive shell in wave rollout,Under active convergence repair,None observed in current wave or pending inspection,MIGRATE_IN_WP17D,FIRST_WAVE_REPAIR_AND_CONVERGENCE,Repair partial shell migration and inconsistent detail/form/list behavior,WP17C_CANONICAL_PAGE,app/routing/AppRoutes.jsx,PortalShell + tokens + navigation canon,MIGRATING,Imported from WP17C ledger · Shared shell/token convergence wave active · Executive first-priority repair wave · app/routing/AppRoutes.jsx,PENDING
ROUTE-0402,public_shared,/po-requests,/,route_screen,ACTIVE,WP17D_CANONICAL_WAVE,WP17 public shell,Canonical glass header,Mixed or contextual navigation,Layered light base + navy grid + restrained glass,PoRequests,lucide-react (canonical wrapper convergence),ALIGN_TO_WP17B_TERMINOLOGY,ADD_CONTEXTUAL_HELP_WHERE_REQUIRED,Canonical footer boundary in wave rollout,Canonical responsive shell in wave rollout,Under active convergence repair,None observed in current wave or pending inspection,MIGRATE_IN_WP17D,FIRST_WAVE_REPAIR_AND_CONVERGENCE,Inspect and repair defects encountered during migration,WP17C_CANONICAL_PAGE,app/routing/AppRoutes.jsx,PortalShell + tokens + navigation canon,MIGRATING,Imported from WP17C ledger · Shared shell/token convergence wave active · Executive first-priority repair wave · app/routing/AppRoutes.jsx,PENDING
ROUTE-0403,public_shared,/project-health,/,route_screen,ACTIVE,WP17D_CANONICAL_WAVE,WP17 public shell,Canonical glass header,Mixed or contextual navigation,Layered light base + navy grid + restrained glass,ProjectHealth,lucide-react (canonical wrapper convergence),ALIGN_TO_WP17B_TERMINOLOGY,ADD_CONTEXTUAL_HELP_WHERE_REQUIRED,Canonical footer boundary in wave rollout,Canonical responsive shell in wave rollout,Under active convergence repair,None observed in current wave or pending inspection,MIGRATE_IN_WP17D,FIRST_WAVE_REPAIR_AND_CONVERGENCE,Inspect and repair defects encountered during migration,WP17C_CANONICAL_PAGE,app/routing/AppRoutes.jsx,PortalShell + tokens + navigation canon,MIGRATING,Imported from WP17C ledger · Shared shell/token convergence wave active · Executive first-priority repair wave · app/routing/AppRoutes.jsx,PENDING
ROUTE-0404,public_shared,/asset-transfers,/,route_screen,ACTIVE,WP17D_CANONICAL_WAVE,WP17 public shell,Canonical glass header,Mixed or contextual navigation,Layered light base + navy grid + restrained glass,AssetTransfers,lucide-react (canonical wrapper convergence),ALIGN_TO_WP17B_TERMINOLOGY,ADD_CONTEXTUAL_HELP_WHERE_REQUIRED,Canonical footer boundary in wave rollout,Canonical responsive shell in wave rollout,Under active convergence repair,None observed in current wave or pending inspection,MIGRATE_IN_WP17D,FIRST_WAVE_REPAIR_AND_CONVERGENCE,Inspect and repair defects encountered during migration,WP17C_CANONICAL_PAGE,app/routing/AppRoutes.jsx,PortalShell + tokens + navigation canon,MIGRATING,Imported from WP17C ledger · Shared shell/token convergence wave active · Executive first-priority repair wave · app/routing/AppRoutes.jsx,PENDING
ROUTE-0405,public_shared,/access-denied,/,route_screen,ACTIVE,WP17D_CANONICAL_WAVE,WP17 public shell,Canonical glass header,Mixed or contextual navigation,Layered light base + navy grid + restrained glass,AccessDenied,lucide-react (canonical wrapper convergence),ALIGN_TO_WP17B_TERMINOLOGY,ADD_CONTEXTUAL_HELP_WHERE_REQUIRED,Canonical footer boundary in wave rollout,Canonical responsive shell in wave rollout,Under active convergence repair,None observed in current wave or pending inspection,MIGRATE_IN_WP17D,FIRST_WAVE_REPAIR_AND_CONVERGENCE,Inspect and repair defects encountered during migration,WP17C_CANONICAL_PAGE,app/routing/AppRoutes.jsx,PortalShell + tokens + navigation canon,MIGRATING,Imported from WP17C ledger · Shared shell/token convergence wave active · Executive first-priority repair wave · app/routing/AppRoutes.jsx,PENDING
ROUTE-0406,admin,/admin/audit,/admin,redirect_route,ACTIVE,WP17D_CANONICAL_WAVE,PortalShell (canonical wp17d wave),Canonical glass header,Canonical sidebar in wave migration,Layered light base + navy grid + restrained glass,Navigate,lucide-react (canonical wrapper convergence),ALIGN_TO_WP17B_TERMINOLOGY,ADD_CONTEXTUAL_HELP_WHERE_REQUIRED,Canonical footer boundary in wave rollout,Canonical responsive shell in wave rollout,Operational; convergence verification pending,None observed in current wave or pending inspection,CANONICALIZE_REDIRECT,PORTAL_MIGRATION,Inspect and repair defects encountered during migration,WP17C_CANONICAL_PAGE,app/routing/AppRoutes.jsx,PortalShell + tokens + navigation canon,REDIRECTED,Imported from WP17C ledger · Shared shell/token convergence wave active · app/routing/AppRoutes.jsx,PENDING
ROUTE-0407,admin,/admin/health,/admin,redirect_route,ACTIVE,WP17D_CANONICAL_WAVE,PortalShell (canonical wp17d wave),Canonical glass header,Canonical sidebar in wave migration,Layered light base + navy grid + restrained glass,Navigate,lucide-react (canonical wrapper convergence),ALIGN_TO_WP17B_TERMINOLOGY,ADD_CONTEXTUAL_HELP_WHERE_REQUIRED,Canonical footer boundary in wave rollout,Canonical responsive shell in wave rollout,Operational; convergence verification pending,None observed in current wave or pending inspection,CANONICALIZE_REDIRECT,PORTAL_MIGRATION,Inspect and repair defects encountered during migration,WP17C_CANONICAL_PAGE,app/routing/AppRoutes.jsx,PortalShell + tokens + navigation canon,REDIRECTED,Imported from WP17C ledger · Shared shell/token convergence wave active · app/routing/AppRoutes.jsx,PENDING
ROUTE-0408,driver,/d/:token,/d,detail_route,DETAIL,WP17D_CANONICAL_WAVE,Legacy or portal-specific shell,Canonical glass header,Mixed or contextual navigation,Layered light base + navy grid + restrained glass,DriverMagicLanding,lucide-react (canonical wrapper convergence),ALIGN_TO_WP17B_TERMINOLOGY,ADD_CONTEXTUAL_HELP_WHERE_REQUIRED,Mixed footer treatment,Canonical responsive shell in wave rollout,Operational; convergence verification pending,None observed in current wave or pending inspection,KEEP_HIDDEN_DETAIL,PORTAL_MIGRATION,Inspect and repair defects encountered during migration,WP17C_CANONICAL_DETAIL_PAGE,app/routing/AppRoutes.jsx,PortalShell + tokens + navigation canon,IMPLEMENTED,Imported from WP17C ledger · Shared shell/token convergence wave active · app/routing/AppRoutes.jsx,PENDING
ROUTE-0409,driver,/driver,/,route_screen,ACTIVE,WP17D_CANONICAL_WAVE,Legacy or portal-specific shell,Canonical glass header,Mixed or contextual navigation,Layered light base + navy grid + restrained glass,DriverShift,lucide-react (canonical wrapper convergence),ALIGN_TO_WP17B_TERMINOLOGY,ADD_CONTEXTUAL_HELP_WHERE_REQUIRED,Mixed footer treatment,Canonical responsive shell in wave rollout,Operational; convergence verification pending,None observed in current wave or pending inspection,MIGRATE_IN_WP17D,PORTAL_MIGRATION,Inspect and repair defects encountered during migration,WP17C_CANONICAL_PAGE,app/routing/AppRoutes.jsx,PortalShell + tokens + navigation canon,IMPLEMENTED,Imported from WP17C ledger · Shared shell/token convergence wave active · app/routing/AppRoutes.jsx,PENDING
ROUTE-0410,driver,/shift,/,route_screen,ACTIVE,WP17D_CANONICAL_WAVE,Legacy or portal-specific shell,Canonical glass header,Mixed or contextual navigation,Layered light base + navy grid + restrained glass,ShiftStart,lucide-react (canonical wrapper convergence),ALIGN_TO_WP17B_TERMINOLOGY,ADD_CONTEXTUAL_HELP_WHERE_REQUIRED,Mixed footer treatment,Canonical responsive shell in wave rollout,Operational; convergence verification pending,None observed in current wave or pending inspection,MIGRATE_IN_WP17D,PORTAL_MIGRATION,Inspect and repair defects encountered during migration,WP17C_CANONICAL_PAGE,app/routing/AppRoutes.jsx,PortalShell + tokens + navigation canon,IMPLEMENTED,Imported from WP17C ledger · Shared shell/token convergence wave active · app/routing/AppRoutes.jsx,PENDING
ROUTE-0411,field_leadership,/field-leadership,/,redirect_route,ACTIVE,WP17D_CANONICAL_WAVE,Legacy or portal-specific shell,Canonical glass header,Mixed or contextual navigation,Layered light base + navy grid + restrained glass,Navigate,lucide-react (canonical wrapper convergence),ALIGN_TO_WP17B_TERMINOLOGY,ADD_CONTEXTUAL_HELP_WHERE_REQUIRED,Mixed footer treatment,Canonical responsive shell in wave rollout,Operational; convergence verification pending,None observed in current wave or pending inspection,CANONICALIZE_REDIRECT,PORTAL_MIGRATION,Inspect and repair defects encountered during migration,WP17C_CANONICAL_PAGE,app/routing/AppRoutes.jsx,PortalShell + tokens + navigation canon,REDIRECTED,Imported from WP17C ledger · Shared shell/token convergence wave active · app/routing/AppRoutes.jsx,PENDING
ROUTE-0412,public_shared,/odr/new,/odr,route_screen,ACTIVE,WP17D_CANONICAL_WAVE,WP17 public shell,Canonical glass header,Mixed or contextual navigation,Layered light base + navy grid + restrained glass,OdrNew,lucide-react (canonical wrapper convergence),ALIGN_TO_WP17B_TERMINOLOGY,ADD_CONTEXTUAL_HELP_WHERE_REQUIRED,Canonical footer boundary in wave rollout,Canonical responsive shell in wave rollout,Under active convergence repair,None observed in current wave or pending inspection,MIGRATE_IN_WP17D,FIRST_WAVE_REPAIR_AND_CONVERGENCE,Inspect and repair defects encountered during migration,WP17C_CANONICAL_PAGE,app/routing/AppRoutes.jsx,PortalShell + tokens + navigation canon,MIGRATING,Imported from WP17C ledger · Shared shell/token convergence wave active · Executive first-priority repair wave · app/routing/AppRoutes.jsx,PENDING
ROUTE-0413,public_shared,/odr/center,/odr,route_screen,ACTIVE,WP17D_CANONICAL_WAVE,WP17 public shell,Canonical glass header,Mixed or contextual navigation,Layered light base + navy grid + restrained glass,OdrCenter,lucide-react (canonical wrapper convergence),ALIGN_TO_WP17B_TERMINOLOGY,ADD_CONTEXTUAL_HELP_WHERE_REQUIRED,Canonical footer boundary in wave rollout,Canonical responsive shell in wave rollout,Under active convergence repair,None observed in current wave or pending inspection,MIGRATE_IN_WP17D,FIRST_WAVE_REPAIR_AND_CONVERGENCE,Inspect and repair defects encountered during migration,WP17C_CANONICAL_PAGE,app/routing/AppRoutes.jsx,PortalShell + tokens + navigation canon,MIGRATING,Imported from WP17C ledger · Shared shell/token convergence wave active · Executive first-priority repair wave · app/routing/AppRoutes.jsx,PENDING
ROUTE-0414,pm,/pm/odr,/pm,route_screen,ACTIVE,WP17D_CANONICAL_WAVE,PortalShell (canonical wp17d wave),Canonical glass header,Canonical sidebar in wave migration,Layered light base + navy grid + restrained glass,route_element,lucide-react (canonical wrapper convergence),ALIGN_TO_WP17B_TERMINOLOGY,ADD_CONTEXTUAL_HELP_WHERE_REQUIRED,Canonical footer boundary in wave rollout,Canonical responsive shell in wave rollout,Operational; convergence verification pending,None observed in current wave or pending inspection,MIGRATE_IN_WP17D,PORTAL_MIGRATION,Inspect and repair defects encountered during migration,WP17C_CANONICAL_PAGE,app/routing/AppRoutes.jsx,PortalShell + tokens + navigation canon,IMPLEMENTED,Imported from WP17C ledger · Shared shell/token convergence wave active · app/routing/AppRoutes.jsx,PENDING
ROUTE-0415,public_shared,/odr/public/:doc_id,/odr/public,detail_route,DETAIL,WP17D_CANONICAL_WAVE,WP17 public shell,Canonical glass header,Mixed or contextual navigation,Layered light base + navy grid + restrained glass,OdrPublicViewer,lucide-react (canonical wrapper convergence),ALIGN_TO_WP17B_TERMINOLOGY,ADD_CONTEXTUAL_HELP_WHERE_REQUIRED,Canonical footer boundary in wave rollout,Canonical responsive shell in wave rollout,Under active convergence repair,None observed in current wave or pending inspection,KEEP_HIDDEN_DETAIL,FIRST_WAVE_REPAIR_AND_CONVERGENCE,Inspect and repair defects encountered during migration,WP17C_CANONICAL_DETAIL_PAGE,app/routing/AppRoutes.jsx,PortalShell + tokens + navigation canon,MIGRATING,Imported from WP17C ledger · Shared shell/token convergence wave active · Executive first-priority repair wave · app/routing/AppRoutes.jsx,PENDING
ROUTE-0416,public_shared,/odr/:id/done,/odr/:id,detail_route,DETAIL,WP17D_CANONICAL_WAVE,WP17 public shell,Canonical glass header,Mixed or contextual navigation,Layered light base + navy grid + restrained glass,OdrDone,lucide-react (canonical wrapper convergence),ALIGN_TO_WP17B_TERMINOLOGY,ADD_CONTEXTUAL_HELP_WHERE_REQUIRED,Canonical footer boundary in wave rollout,Canonical responsive shell in wave rollout,Under active convergence repair,None observed in current wave or pending inspection,KEEP_HIDDEN_DETAIL,FIRST_WAVE_REPAIR_AND_CONVERGENCE,Inspect and repair defects encountered during migration,WP17C_CANONICAL_DETAIL_PAGE,app/routing/AppRoutes.jsx,PortalShell + tokens + navigation canon,MIGRATING,Imported from WP17C ledger · Shared shell/token convergence wave active · Executive first-priority repair wave · app/routing/AppRoutes.jsx,PENDING
ROUTE-0417,public_shared,/odr/:id,/odr,detail_route,DETAIL,WP17D_CANONICAL_WAVE,WP17 public shell,Canonical glass header,Mixed or contextual navigation,Layered light base + navy grid + restrained glass,OdrDetail,lucide-react (canonical wrapper convergence),ALIGN_TO_WP17B_TERMINOLOGY,ADD_CONTEXTUAL_HELP_WHERE_REQUIRED,Canonical footer boundary in wave rollout,Canonical responsive shell in wave rollout,Under active convergence repair,None observed in current wave or pending inspection,KEEP_HIDDEN_DETAIL,FIRST_WAVE_REPAIR_AND_CONVERGENCE,Inspect and repair defects encountered during migration,WP17C_CANONICAL_DETAIL_PAGE,app/routing/AppRoutes.jsx,PortalShell + tokens + navigation canon,MIGRATING,Imported from WP17C ledger · Shared shell/token convergence wave active · Executive first-priority repair wave · app/routing/AppRoutes.jsx,PENDING
ROUTE-0418,public_shared,/operational-records,/,route_screen,ACTIVE,WP17D_CANONICAL_WAVE,WP17 public shell,Canonical glass header,Mixed or contextual navigation,Layered light base + navy grid + restrained glass,OperationalRecords,lucide-react (canonical wrapper convergence),ALIGN_TO_WP17B_TERMINOLOGY,ADD_CONTEXTUAL_HELP_WHERE_REQUIRED,Canonical footer boundary in wave rollout,Canonical responsive shell in wave rollout,Under active convergence repair,None observed in current wave or pending inspection,MIGRATE_IN_WP17D,FIRST_WAVE_REPAIR_AND_CONVERGENCE,Inspect and repair defects encountered during migration,WP17C_CANONICAL_PAGE,app/routing/AppRoutes.jsx,PortalShell + tokens + navigation canon,MIGRATING,Imported from WP17C ledger · Shared shell/token convergence wave active · Executive first-priority repair wave · app/routing/AppRoutes.jsx,PENDING
ROUTE-0419,public_shared,/operations-actions,/,route_screen,ACTIVE,WP17D_CANONICAL_WAVE,WP17 public shell,Canonical glass header,Mixed or contextual navigation,Layered light base + navy grid + restrained glass,OperationsActions,lucide-react (canonical wrapper convergence),ALIGN_TO_WP17B_TERMINOLOGY,ADD_CONTEXTUAL_HELP_WHERE_REQUIRED,Canonical footer boundary in wave rollout,Canonical responsive shell in wave rollout,Under active convergence repair,None observed in current wave or pending inspection,MIGRATE_IN_WP17D,FIRST_WAVE_REPAIR_AND_CONVERGENCE,Inspect and repair defects encountered during migration,WP17C_CANONICAL_PAGE,app/routing/AppRoutes.jsx,PortalShell + tokens + navigation canon,MIGRATING,Imported from WP17C ledger · Shared shell/token convergence wave active · Executive first-priority repair wave · app/routing/AppRoutes.jsx,PENDING
ROUTE-0420,public_shared,/operations-actions/new,/operations-actions,route_screen,ACTIVE,WP17D_CANONICAL_WAVE,WP17 public shell,Canonical glass header,Mixed or contextual navigation,Layered light base + navy grid + restrained glass,OperationsActionNew,lucide-react (canonical wrapper convergence),ALIGN_TO_WP17B_TERMINOLOGY,ADD_CONTEXTUAL_HELP_WHERE_REQUIRED,Canonical footer boundary in wave rollout,Canonical responsive shell in wave rollout,Under active convergence repair,None observed in current wave or pending inspection,MIGRATE_IN_WP17D,FIRST_WAVE_REPAIR_AND_CONVERGENCE,Inspect and repair defects encountered during migration,WP17C_CANONICAL_PAGE,app/routing/AppRoutes.jsx,PortalShell + tokens + navigation canon,MIGRATING,Imported from WP17C ledger · Shared shell/token convergence wave active · Executive first-priority repair wave · app/routing/AppRoutes.jsx,PENDING
ROUTE-0421,public_shared,/operations-actions/:id,/operations-actions,detail_route,DETAIL,WP17D_CANONICAL_WAVE,WP17 public shell,Canonical glass header,Mixed or contextual navigation,Layered light base + navy grid + restrained glass,OperationsActionDetail,lucide-react (canonical wrapper convergence),ALIGN_TO_WP17B_TERMINOLOGY,ADD_CONTEXTUAL_HELP_WHERE_REQUIRED,Canonical footer boundary in wave rollout,Canonical responsive shell in wave rollout,Under active convergence repair,None observed in current wave or pending inspection,KEEP_HIDDEN_DETAIL,FIRST_WAVE_REPAIR_AND_CONVERGENCE,Inspect and repair defects encountered during migration,WP17C_CANONICAL_DETAIL_PAGE,app/routing/AppRoutes.jsx,PortalShell + tokens + navigation canon,MIGRATING,Imported from WP17C ledger · Shared shell/token convergence wave active · Executive first-priority repair wave · app/routing/AppRoutes.jsx,PENDING
ROUTE-0422,public_shared,/_internal/design-system,/_internal,hidden_companion_route,HIDDEN,WP17D_CANONICAL_WAVE,WP17 public shell,Canonical glass header,Mixed or contextual navigation,Layered light base + navy grid + restrained glass,route_element,lucide-react (canonical wrapper convergence),ALIGN_TO_WP17B_TERMINOLOGY,ADD_CONTEXTUAL_HELP_WHERE_REQUIRED,Canonical footer boundary in wave rollout,Canonical responsive shell in wave rollout,Intentionally hidden or internal,None observed in current wave or pending inspection,HIDE,FIRST_WAVE_REPAIR_AND_CONVERGENCE,Inspect and repair defects encountered during migration,WP17C_CANONICAL_PAGE,app/routing/AppRoutes.jsx,PortalShell + tokens + navigation canon,HIDDEN,Imported from WP17C ledger · Shared shell/token convergence wave active · Executive first-priority repair wave · app/routing/AppRoutes.jsx,PENDING
ROUTE-0423,public_shared,/_internal/pm-v2-preview,/_internal,hidden_companion_route,HIDDEN,WP17D_CANONICAL_WAVE,WP17 public shell,Canonical glass header,Mixed or contextual navigation,Layered light base + navy grid + restrained glass,route_element,lucide-react (canonical wrapper convergence),ALIGN_TO_WP17B_TERMINOLOGY,ADD_CONTEXTUAL_HELP_WHERE_REQUIRED,Canonical footer boundary in wave rollout,Canonical responsive shell in wave rollout,Intentionally hidden or internal,None observed in current wave or pending inspection,HIDE,FIRST_WAVE_REPAIR_AND_CONVERGENCE,Inspect and repair defects encountered during migration,WP17C_CANONICAL_PAGE,app/routing/AppRoutes.jsx,PortalShell + tokens + navigation canon,HIDDEN,Imported from WP17C ledger · Shared shell/token convergence wave active · Executive first-priority repair wave · app/routing/AppRoutes.jsx,PENDING
ROUTE-0424,public_shared,/_internal/hr-v2-preview,/_internal,hidden_companion_route,HIDDEN,WP17D_CANONICAL_WAVE,WP17 public shell,Canonical glass header,Mixed or contextual navigation,Layered light base + navy grid + restrained glass,route_element,lucide-react (canonical wrapper convergence),ALIGN_TO_WP17B_TERMINOLOGY,ADD_CONTEXTUAL_HELP_WHERE_REQUIRED,Canonical footer boundary in wave rollout,Canonical responsive shell in wave rollout,Intentionally hidden or internal,None observed in current wave or pending inspection,HIDE,FIRST_WAVE_REPAIR_AND_CONVERGENCE,Inspect and repair defects encountered during migration,WP17C_CANONICAL_PAGE,app/routing/AppRoutes.jsx,PortalShell + tokens + navigation canon,HIDDEN,Imported from WP17C ledger · Shared shell/token convergence wave active · Executive first-priority repair wave · app/routing/AppRoutes.jsx,PENDING
ROUTE-0425,public_shared,/_internal/v2-index,/_internal,hidden_companion_route,HIDDEN,WP17D_CANONICAL_WAVE,WP17 public shell,Canonical glass header,Mixed or contextual navigation,Layered light base + navy grid + restrained glass,route_element,lucide-react (canonical wrapper convergence),ALIGN_TO_WP17B_TERMINOLOGY,ADD_CONTEXTUAL_HELP_WHERE_REQUIRED,Canonical footer boundary in wave rollout,Canonical responsive shell in wave rollout,Intentionally hidden or internal,None observed in current wave or pending inspection,HIDE,FIRST_WAVE_REPAIR_AND_CONVERGENCE,Inspect and repair defects encountered during migration,WP17C_CANONICAL_PAGE,app/routing/AppRoutes.jsx,PortalShell + tokens + navigation canon,HIDDEN,Imported from WP17C ledger · Shared shell/token convergence wave active · Executive first-priority repair wave · app/routing/AppRoutes.jsx,PENDING
ROUTE-0426,public_shared,/_internal/v2-compare/:portal,/_internal/v2-compare,detail_route,DETAIL,WP17D_CANONICAL_WAVE,WP17 public shell,Canonical glass header,Mixed or contextual navigation,Layered light base + navy grid + restrained glass,route_element,lucide-react (canonical wrapper convergence),ALIGN_TO_WP17B_TERMINOLOGY,ADD_CONTEXTUAL_HELP_WHERE_REQUIRED,Canonical footer boundary in wave rollout,Canonical responsive shell in wave rollout,Under active convergence repair,None observed in current wave or pending inspection,HIDE,FIRST_WAVE_REPAIR_AND_CONVERGENCE,Inspect and repair defects encountered during migration,WP17C_CANONICAL_DETAIL_PAGE,app/routing/AppRoutes.jsx,PortalShell + tokens + navigation canon,MIGRATING,Imported from WP17C ledger · Shared shell/token convergence wave active · Executive first-priority repair wave · app/routing/AppRoutes.jsx,PENDING
ROUTE-0427,public_shared,/daily-report/v2,/daily-report,redirect_route,ACTIVE,WP17D_CANONICAL_WAVE,WP17 public shell,Canonical glass header,Mixed or contextual navigation,Layered light base + navy grid + restrained glass,Navigate,lucide-react (canonical wrapper convergence),ALIGN_TO_WP17B_TERMINOLOGY,ADD_CONTEXTUAL_HELP_WHERE_REQUIRED,Canonical footer boundary in wave rollout,Canonical responsive shell in wave rollout,Under active convergence repair,None observed in current wave or pending inspection,CANONICALIZE_REDIRECT,FIRST_WAVE_REPAIR_AND_CONVERGENCE,Inspect and repair defects encountered during migration,WP17C_CANONICAL_PAGE,app/routing/AppRoutes.jsx,PortalShell + tokens + navigation canon,REDIRECTED,Imported from WP17C ledger · Shared shell/token convergence wave active · Executive first-priority repair wave · app/routing/AppRoutes.jsx,PENDING
ROUTE-0428,public_shared,/daily/v1,/daily,redirect_route,ACTIVE,WP17D_CANONICAL_WAVE,WP17 public shell,Canonical glass header,Mixed or contextual navigation,Layered light base + navy grid + restrained glass,Navigate,lucide-react (canonical wrapper convergence),ALIGN_TO_WP17B_TERMINOLOGY,ADD_CONTEXTUAL_HELP_WHERE_REQUIRED,Canonical footer boundary in wave rollout,Canonical responsive shell in wave rollout,Under active convergence repair,None observed in current wave or pending inspection,CANONICALIZE_REDIRECT,FIRST_WAVE_REPAIR_AND_CONVERGENCE,Inspect and repair defects encountered during migration,WP17C_CANONICAL_PAGE,app/routing/AppRoutes.jsx,PortalShell + tokens + navigation canon,REDIRECTED,Imported from WP17C ledger · Shared shell/token convergence wave active · Executive first-priority repair wave · app/routing/AppRoutes.jsx,PENDING
ROUTE-0429,public_shared,/daily/v2,/daily,redirect_route,ACTIVE,WP17D_CANONICAL_WAVE,WP17 public shell,Canonical glass header,Mixed or contextual navigation,Layered light base + navy grid + restrained glass,Navigate,lucide-react (canonical wrapper convergence),ALIGN_TO_WP17B_TERMINOLOGY,ADD_CONTEXTUAL_HELP_WHERE_REQUIRED,Canonical footer boundary in wave rollout,Canonical responsive shell in wave rollout,Under active convergence repair,None observed in current wave or pending inspection,CANONICALIZE_REDIRECT,FIRST_WAVE_REPAIR_AND_CONVERGENCE,Inspect and repair defects encountered during migration,WP17C_CANONICAL_PAGE,app/routing/AppRoutes.jsx,PortalShell + tokens + navigation canon,REDIRECTED,Imported from WP17C ledger · Shared shell/token convergence wave active · Executive first-priority repair wave · app/routing/AppRoutes.jsx,PENDING
ROUTE-0430,public_shared,/daily/v3,/daily,redirect_route,ACTIVE,WP17D_CANONICAL_WAVE,WP17 public shell,Canonical glass header,Mixed or contextual navigation,Layered light base + navy grid + restrained glass,Navigate,lucide-react (canonical wrapper convergence),ALIGN_TO_WP17B_TERMINOLOGY,ADD_CONTEXTUAL_HELP_WHERE_REQUIRED,Canonical footer boundary in wave rollout,Canonical responsive shell in wave rollout,Under active convergence repair,None observed in current wave or pending inspection,CANONICALIZE_REDIRECT,FIRST_WAVE_REPAIR_AND_CONVERGENCE,Inspect and repair defects encountered during migration,WP17C_CANONICAL_PAGE,app/routing/AppRoutes.jsx,PortalShell + tokens + navigation canon,REDIRECTED,Imported from WP17C ledger · Shared shell/token convergence wave active · Executive first-priority repair wave · app/routing/AppRoutes.jsx,PENDING
ROUTE-0431,public_shared,/daily-report/v1,/daily-report,redirect_route,ACTIVE,WP17D_CANONICAL_WAVE,WP17 public shell,Canonical glass header,Mixed or contextual navigation,Layered light base + navy grid + restrained glass,Navigate,lucide-react (canonical wrapper convergence),ALIGN_TO_WP17B_TERMINOLOGY,ADD_CONTEXTUAL_HELP_WHERE_REQUIRED,Canonical footer boundary in wave rollout,Canonical responsive shell in wave rollout,Under active convergence repair,None observed in current wave or pending inspection,CANONICALIZE_REDIRECT,FIRST_WAVE_REPAIR_AND_CONVERGENCE,Inspect and repair defects encountered during migration,WP17C_CANONICAL_PAGE,app/routing/AppRoutes.jsx,PortalShell + tokens + navigation canon,REDIRECTED,Imported from WP17C ledger · Shared shell/token convergence wave active · Executive first-priority repair wave · app/routing/AppRoutes.jsx,PENDING
ROUTE-0432,public_shared,/daily-report/v3,/daily-report,redirect_route,ACTIVE,WP17D_CANONICAL_WAVE,WP17 public shell,Canonical glass header,Mixed or contextual navigation,Layered light base + navy grid + restrained glass,Navigate,lucide-react (canonical wrapper convergence),ALIGN_TO_WP17B_TERMINOLOGY,ADD_CONTEXTUAL_HELP_WHERE_REQUIRED,Canonical footer boundary in wave rollout,Canonical responsive shell in wave rollout,Under active convergence repair,None observed in current wave or pending inspection,CANONICALIZE_REDIRECT,FIRST_WAVE_REPAIR_AND_CONVERGENCE,Inspect and repair defects encountered during migration,WP17C_CANONICAL_PAGE,app/routing/AppRoutes.jsx,PortalShell + tokens + navigation canon,REDIRECTED,Imported from WP17C ledger · Shared shell/token convergence wave active · Executive first-priority repair wave · app/routing/AppRoutes.jsx,PENDING
ROUTE-0433,pm,/pm/operational-intelligence,/pm,route_screen,ACTIVE,WP17D_CANONICAL_WAVE,PortalShell (canonical wp17d wave),Canonical glass header,Canonical sidebar in wave migration,Layered light base + navy grid + restrained glass,PmOperationalIntelligence,lucide-react (canonical wrapper convergence),ALIGN_TO_WP17B_TERMINOLOGY,ADD_CONTEXTUAL_HELP_WHERE_REQUIRED,Canonical footer boundary in wave rollout,Canonical responsive shell in wave rollout,Operational; shared table certification complete,None observed in current wave or pending inspection,MIGRATE_IN_WP17D,PORTAL_MIGRATION,Inspect and repair defects encountered during migration,WP17C_CANONICAL_PAGE,app/routing/AppRoutes.jsx,PortalShell + tokens + navigation canon,CERTIFIED,Shared DataTable batch certified 2026-08-01 · DataTable.jsx + responsive screenshot pack + iteration_95.json,CERTIFIED 390/768/1024/1440
ROUTE-0434,admin,/admin/ods-intelligence,/admin,redirect_route,ACTIVE,WP17D_CANONICAL_WAVE,PortalShell (canonical wp17d wave),Canonical glass header,Canonical sidebar in wave migration,Layered light base + navy grid + restrained glass,Navigate,lucide-react (canonical wrapper convergence),ALIGN_TO_WP17B_TERMINOLOGY,ADD_CONTEXTUAL_HELP_WHERE_REQUIRED,Canonical footer boundary in wave rollout,Canonical responsive shell in wave rollout,Operational; convergence verification pending,None observed in current wave or pending inspection,CANONICALIZE_REDIRECT,PORTAL_MIGRATION,Inspect and repair defects encountered during migration,WP17C_CANONICAL_PAGE,app/routing/AppRoutes.jsx,PortalShell + tokens + navigation canon,REDIRECTED,Imported from WP17C ledger · Shared shell/token convergence wave active · app/routing/AppRoutes.jsx,PENDING
ROUTE-0435,executive,/executive/ods-intelligence,/executive,redirect_route,ACTIVE,WP17D_CANONICAL_WAVE,Legacy or portal-specific shell,Canonical glass header,Mixed or contextual navigation,Layered light base + navy grid + restrained glass,Navigate,lucide-react (canonical wrapper convergence),ALIGN_TO_WP17B_TERMINOLOGY,ADD_CONTEXTUAL_HELP_WHERE_REQUIRED,Mixed footer treatment,Canonical responsive shell in wave rollout,Operational; convergence verification pending,None observed in current wave or pending inspection,CANONICALIZE_REDIRECT,PORTAL_MIGRATION,Inspect and repair defects encountered during migration,WP17C_CANONICAL_PAGE,app/routing/AppRoutes.jsx,PortalShell + tokens + navigation canon,REDIRECTED,Imported from WP17C ledger · Shared shell/token convergence wave active · app/routing/AppRoutes.jsx,PENDING
ROUTE-0436,admin,/admin/occ,/admin,redirect_route,ACTIVE,WP17D_CANONICAL_WAVE,PortalShell (canonical wp17d wave),Canonical glass header,Canonical sidebar in wave migration,Layered light base + navy grid + restrained glass,Navigate,lucide-react (canonical wrapper convergence),ALIGN_TO_WP17B_TERMINOLOGY,ADD_CONTEXTUAL_HELP_WHERE_REQUIRED,Canonical footer boundary in wave rollout,Canonical responsive shell in wave rollout,Operational; convergence verification pending,None observed in current wave or pending inspection,CANONICALIZE_REDIRECT,PORTAL_MIGRATION,Inspect and repair defects encountered during migration,WP17C_CANONICAL_PAGE,app/routing/AppRoutes.jsx,PortalShell + tokens + navigation canon,REDIRECTED,Imported from WP17C ledger · Shared shell/token convergence wave active · app/routing/AppRoutes.jsx,PENDING
ROUTE-0437,executive,/executive,/,redirect_route,ACTIVE,WP17D_CANONICAL_WAVE,Legacy or portal-specific shell,Canonical glass header,Mixed or contextual navigation,Layered light base + navy grid + restrained glass,Navigate,lucide-react (canonical wrapper convergence),ALIGN_TO_WP17B_TERMINOLOGY,ADD_CONTEXTUAL_HELP_WHERE_REQUIRED,Mixed footer treatment,Canonical responsive shell in wave rollout,Operational; convergence verification pending,None observed in current wave or pending inspection,CANONICALIZE_REDIRECT,PORTAL_MIGRATION,Inspect and repair defects encountered during migration,WP17C_CANONICAL_PAGE,app/routing/AppRoutes.jsx,PortalShell + tokens + navigation canon,REDIRECTED,Imported from WP17C ledger · Shared shell/token convergence wave active · app/routing/AppRoutes.jsx,PENDING
ROUTE-0438,executive,/executive-dashboard,/,redirect_route,ACTIVE,WP17D_CANONICAL_WAVE,Legacy or portal-specific shell,Canonical glass header,Mixed or contextual navigation,Layered light base + navy grid + restrained glass,Navigate,lucide-react (canonical wrapper convergence),ALIGN_TO_WP17B_TERMINOLOGY,ADD_CONTEXTUAL_HELP_WHERE_REQUIRED,Mixed footer treatment,Canonical responsive shell in wave rollout,Operational; convergence verification pending,None observed in current wave or pending inspection,CANONICALIZE_REDIRECT,PORTAL_MIGRATION,Inspect and repair defects encountered during migration,WP17C_CANONICAL_PAGE,app/routing/AppRoutes.jsx,PortalShell + tokens + navigation canon,REDIRECTED,Imported from WP17C ledger · Shared shell/token convergence wave active · app/routing/AppRoutes.jsx,PENDING
ROUTE-0439,admin,/admin/executive,/admin,redirect_route,ACTIVE,WP17D_CANONICAL_WAVE,PortalShell (canonical wp17d wave),Canonical glass header,Canonical sidebar in wave migration,Layered light base + navy grid + restrained glass,Navigate,lucide-react (canonical wrapper convergence),ALIGN_TO_WP17B_TERMINOLOGY,ADD_CONTEXTUAL_HELP_WHERE_REQUIRED,Canonical footer boundary in wave rollout,Canonical responsive shell in wave rollout,Operational; convergence verification pending,None observed in current wave or pending inspection,CANONICALIZE_REDIRECT,PORTAL_MIGRATION,Inspect and repair defects encountered during migration,WP17C_CANONICAL_PAGE,app/routing/AppRoutes.jsx,PortalShell + tokens + navigation canon,REDIRECTED,Imported from WP17C ledger · Shared shell/token convergence wave active · app/routing/AppRoutes.jsx,PENDING
ROUTE-0440,public_shared,/fleet,/,redirect_route,ACTIVE,WP17D_CANONICAL_WAVE,WP17 public shell,Canonical glass header,Mixed or contextual navigation,Layered light base + navy grid + restrained glass,Navigate,lucide-react (canonical wrapper convergence),ALIGN_TO_WP17B_TERMINOLOGY,ADD_CONTEXTUAL_HELP_WHERE_REQUIRED,Canonical footer boundary in wave rollout,Canonical responsive shell in wave rollout,Under active convergence repair,None observed in current wave or pending inspection,CANONICALIZE_REDIRECT,FIRST_WAVE_REPAIR_AND_CONVERGENCE,Inspect and repair defects encountered during migration,WP17C_CANONICAL_PAGE,app/routing/AppRoutes.jsx,PortalShell + tokens + navigation canon,REDIRECTED,Imported from WP17C ledger · Shared shell/token convergence wave active · Executive first-priority repair wave · app/routing/AppRoutes.jsx,PENDING
ROUTE-0441,admin,/admin/ai,/admin,redirect_route,ACTIVE,WP17D_CANONICAL_WAVE,PortalShell (canonical wp17d wave),Canonical glass header,Canonical sidebar in wave migration,Layered light base + navy grid + restrained glass,Navigate,lucide-react (canonical wrapper convergence),ALIGN_TO_WP17B_TERMINOLOGY,ADD_CONTEXTUAL_HELP_WHERE_REQUIRED,Canonical footer boundary in wave rollout,Canonical responsive shell in wave rollout,Operational; convergence verification pending,None observed in current wave or pending inspection,CANONICALIZE_REDIRECT,PORTAL_MIGRATION,Inspect and repair defects encountered during migration,WP17C_CANONICAL_PAGE,app/routing/AppRoutes.jsx,PortalShell + tokens + navigation canon,REDIRECTED,Imported from WP17C ledger · Shared shell/token convergence wave active · app/routing/AppRoutes.jsx,PENDING
ROUTE-0442,admin,/admin/storage,/admin,redirect_route,ACTIVE,WP17D_CANONICAL_WAVE,PortalShell (canonical wp17d wave),Canonical glass header,Canonical sidebar in wave migration,Layered light base + navy grid + restrained glass,Navigate,lucide-react (canonical wrapper convergence),ALIGN_TO_WP17B_TERMINOLOGY,ADD_CONTEXTUAL_HELP_WHERE_REQUIRED,Canonical footer boundary in wave rollout,Canonical responsive shell in wave rollout,Operational; convergence verification pending,None observed in current wave or pending inspection,CANONICALIZE_REDIRECT,PORTAL_MIGRATION,Inspect and repair defects encountered during migration,WP17C_CANONICAL_PAGE,app/routing/AppRoutes.jsx,PortalShell + tokens + navigation canon,REDIRECTED,Imported from WP17C ledger · Shared shell/token convergence wave active · app/routing/AppRoutes.jsx,PENDING
ROUTE-0443,public_shared,/fl,/,redirect_route,ACTIVE,WP17D_CANONICAL_WAVE,WP17 public shell,Canonical glass header,Mixed or contextual navigation,Layered light base + navy grid + restrained glass,Navigate,lucide-react (canonical wrapper convergence),ALIGN_TO_WP17B_TERMINOLOGY,ADD_CONTEXTUAL_HELP_WHERE_REQUIRED,Canonical footer boundary in wave rollout,Canonical responsive shell in wave rollout,Under active convergence repair,None observed in current wave or pending inspection,CANONICALIZE_REDIRECT,FIRST_WAVE_REPAIR_AND_CONVERGENCE,Inspect and repair defects encountered during migration,WP17C_CANONICAL_PAGE,app/routing/AppRoutes.jsx,PortalShell + tokens + navigation canon,REDIRECTED,Imported from WP17C ledger · Shared shell/token convergence wave active · Executive first-priority repair wave · app/routing/AppRoutes.jsx,PENDING
ROUTE-0444,public_shared,*,/,route_screen,ACTIVE,WP17D_CANONICAL_WAVE,WP17 public shell,Canonical glass header,Mixed or contextual navigation,Layered light base + navy grid + restrained glass,NotFound,lucide-react (canonical wrapper convergence),ALIGN_TO_WP17B_TERMINOLOGY,ADD_CONTEXTUAL_HELP_WHERE_REQUIRED,Canonical footer boundary in wave rollout,Canonical responsive shell in wave rollout,Under active convergence repair,None observed in current wave or pending inspection,MIGRATE_IN_WP17D,FIRST_WAVE_REPAIR_AND_CONVERGENCE,Inspect and repair defects encountered during migration,WP17C_CANONICAL_PAGE,app/routing/AppRoutes.jsx,PortalShell + tokens + navigation canon,MIGRATING,Imported from WP17C ledger · Shared shell/token convergence wave active · Executive first-priority repair wave · app/routing/AppRoutes.jsx,PENDING
ROUTE-0445,public_shared,dispatch,/,route_screen,ACTIVE,WP17D_CANONICAL_WAVE,WP17 public shell,Canonical glass header,Mixed or contextual navigation,Layered light base + navy grid + restrained glass,DispatchBridgeWorkspace,lucide-react (canonical wrapper convergence),ALIGN_TO_WP17B_TERMINOLOGY,ADD_CONTEXTUAL_HELP_WHERE_REQUIRED,Canonical footer boundary in wave rollout,Canonical responsive shell in wave rollout,Under active convergence repair,None observed in current wave or pending inspection,MIGRATE_IN_WP17D,FIRST_WAVE_REPAIR_AND_CONVERGENCE,Inspect and repair defects encountered during migration,WP17C_CANONICAL_PAGE,pages/transportation/TransportationApp.jsx,PortalShell + tokens + navigation canon,MIGRATING,Imported from WP17C ledger · Shared shell/token convergence wave active · Executive first-priority repair wave · pages/transportation/TransportationApp.jsx,PENDING
ROUTE-0446,public_shared,live-operations,/,route_screen,ACTIVE,WP17D_CANONICAL_WAVE,WP17 public shell,Canonical glass header,Mixed or contextual navigation,Layered light base + navy grid + restrained glass,LiveOperationsWorkspace,lucide-react (canonical wrapper convergence),ALIGN_TO_WP17B_TERMINOLOGY,ADD_CONTEXTUAL_HELP_WHERE_REQUIRED,Canonical footer boundary in wave rollout,Canonical responsive shell in wave rollout,Under active convergence repair,None observed in current wave or pending inspection,MIGRATE_IN_WP17D,FIRST_WAVE_REPAIR_AND_CONVERGENCE,Inspect and repair defects encountered during migration,WP17C_CANONICAL_PAGE,pages/transportation/TransportationApp.jsx,PortalShell + tokens + navigation canon,MIGRATING,Imported from WP17C ledger · Shared shell/token convergence wave active · Executive first-priority repair wave · pages/transportation/TransportationApp.jsx,PENDING
ROUTE-0447,public_shared,trucks,/,route_screen,ACTIVE,WP17D_CANONICAL_WAVE,WP17 public shell,Canonical glass header,Mixed or contextual navigation,Layered light base + navy grid + restrained glass,TrucksList,lucide-react (canonical wrapper convergence),ALIGN_TO_WP17B_TERMINOLOGY,ADD_CONTEXTUAL_HELP_WHERE_REQUIRED,Canonical footer boundary in wave rollout,Canonical responsive shell in wave rollout,Under active convergence repair,None observed in current wave or pending inspection,MIGRATE_IN_WP17D,FIRST_WAVE_REPAIR_AND_CONVERGENCE,Inspect and repair defects encountered during migration,WP17C_CANONICAL_PAGE,pages/transportation/TransportationApp.jsx,PortalShell + tokens + navigation canon,MIGRATING,Imported from WP17C ledger · Shared shell/token convergence wave active · Executive first-priority repair wave · pages/transportation/TransportationApp.jsx,PENDING
ROUTE-0448,public_shared,trucks/:id,/,detail_route,DETAIL,WP17D_CANONICAL_WAVE,WP17 public shell,Canonical glass header,Mixed or contextual navigation,Layered light base + navy grid + restrained glass,TruckWorkspace,lucide-react (canonical wrapper convergence),ALIGN_TO_WP17B_TERMINOLOGY,ADD_CONTEXTUAL_HELP_WHERE_REQUIRED,Canonical footer boundary in wave rollout,Canonical responsive shell in wave rollout,Under active convergence repair,None observed in current wave or pending inspection,KEEP_HIDDEN_DETAIL,FIRST_WAVE_REPAIR_AND_CONVERGENCE,Inspect and repair defects encountered during migration,WP17C_CANONICAL_DETAIL_PAGE,pages/transportation/TransportationApp.jsx,PortalShell + tokens + navigation canon,MIGRATING,Imported from WP17C ledger · Shared shell/token convergence wave active · Executive first-priority repair wave · pages/transportation/TransportationApp.jsx,PENDING
ROUTE-0449,public_shared,drivers,/,route_screen,ACTIVE,WP17D_CANONICAL_WAVE,WP17 public shell,Canonical glass header,Mixed or contextual navigation,Layered light base + navy grid + restrained glass,DriversList,lucide-react (canonical wrapper convergence),ALIGN_TO_WP17B_TERMINOLOGY,ADD_CONTEXTUAL_HELP_WHERE_REQUIRED,Canonical footer boundary in wave rollout,Canonical responsive shell in wave rollout,Under active convergence repair,None observed in current wave or pending inspection,MIGRATE_IN_WP17D,FIRST_WAVE_REPAIR_AND_CONVERGENCE,Inspect and repair defects encountered during migration,WP17C_CANONICAL_PAGE,pages/transportation/TransportationApp.jsx,PortalShell + tokens + navigation canon,MIGRATING,Imported from WP17C ledger · Shared shell/token convergence wave active · Executive first-priority repair wave · pages/transportation/TransportationApp.jsx,PENDING
ROUTE-0450,public_shared,drivers/:id,/,detail_route,DETAIL,WP17D_CANONICAL_WAVE,WP17 public shell,Canonical glass header,Mixed or contextual navigation,Layered light base + navy grid + restrained glass,DriverWorkspace,lucide-react (canonical wrapper convergence),ALIGN_TO_WP17B_TERMINOLOGY,ADD_CONTEXTUAL_HELP_WHERE_REQUIRED,Canonical footer boundary in wave rollout,Canonical responsive shell in wave rollout,Under active convergence repair,None observed in current wave or pending inspection,KEEP_HIDDEN_DETAIL,FIRST_WAVE_REPAIR_AND_CONVERGENCE,Inspect and repair defects encountered during migration,WP17C_CANONICAL_DETAIL_PAGE,pages/transportation/TransportationApp.jsx,PortalShell + tokens + navigation canon,MIGRATING,Imported from WP17C ledger · Shared shell/token convergence wave active · Executive first-priority repair wave · pages/transportation/TransportationApp.jsx,PENDING
ROUTE-0451,public_shared,carriers,/,route_screen,ACTIVE,WP17D_CANONICAL_WAVE,WP17 public shell,Canonical glass header,Mixed or contextual navigation,Layered light base + navy grid + restrained glass,CarriersList,lucide-react (canonical wrapper convergence),ALIGN_TO_WP17B_TERMINOLOGY,ADD_CONTEXTUAL_HELP_WHERE_REQUIRED,Canonical footer boundary in wave rollout,Canonical responsive shell in wave rollout,Under active convergence repair,None observed in current wave or pending inspection,MIGRATE_IN_WP17D,FIRST_WAVE_REPAIR_AND_CONVERGENCE,Inspect and repair defects encountered during migration,WP17C_CANONICAL_PAGE,pages/transportation/TransportationApp.jsx,PortalShell + tokens + navigation canon,MIGRATING,Imported from WP17C ledger · Shared shell/token convergence wave active · Executive first-priority repair wave · pages/transportation/TransportationApp.jsx,PENDING
ROUTE-0452,public_shared,carriers/:id,/,detail_route,DETAIL,WP17D_CANONICAL_WAVE,WP17 public shell,Canonical glass header,Mixed or contextual navigation,Layered light base + navy grid + restrained glass,CarrierWorkspace,lucide-react (canonical wrapper convergence),ALIGN_TO_WP17B_TERMINOLOGY,ADD_CONTEXTUAL_HELP_WHERE_REQUIRED,Canonical footer boundary in wave rollout,Canonical responsive shell in wave rollout,Under active convergence repair,None observed in current wave or pending inspection,KEEP_HIDDEN_DETAIL,FIRST_WAVE_REPAIR_AND_CONVERGENCE,Inspect and repair defects encountered during migration,WP17C_CANONICAL_DETAIL_PAGE,pages/transportation/TransportationApp.jsx,PortalShell + tokens + navigation canon,MIGRATING,Imported from WP17C ledger · Shared shell/token convergence wave active · Executive first-priority repair wave · pages/transportation/TransportationApp.jsx,PENDING
ROUTE-0453,public_shared,compliance,/,route_screen,ACTIVE,WP17D_CANONICAL_WAVE,WP17 public shell,Canonical glass header,Mixed or contextual navigation,Layered light base + navy grid + restrained glass,ComplianceDashboard,lucide-react (canonical wrapper convergence),ALIGN_TO_WP17B_TERMINOLOGY,ADD_CONTEXTUAL_HELP_WHERE_REQUIRED,Canonical footer boundary in wave rollout,Canonical responsive shell in wave rollout,Under active convergence repair,None observed in current wave or pending inspection,MIGRATE_IN_WP17D,FIRST_WAVE_REPAIR_AND_CONVERGENCE,Inspect and repair defects encountered during migration,WP17C_CANONICAL_PAGE,pages/transportation/TransportationApp.jsx,PortalShell + tokens + navigation canon,MIGRATING,Imported from WP17C ledger · Shared shell/token convergence wave active · Executive first-priority repair wave · pages/transportation/TransportationApp.jsx,PENDING
ROUTE-0454,public_shared,orientation/*,/,route_screen,ACTIVE,WP17D_CANONICAL_WAVE,WP17 public shell,Canonical glass header,Mixed or contextual navigation,Layered light base + navy grid + restrained glass,OrientationCenter,lucide-react (canonical wrapper convergence),ALIGN_TO_WP17B_TERMINOLOGY,ADD_CONTEXTUAL_HELP_WHERE_REQUIRED,Canonical footer boundary in wave rollout,Canonical responsive shell in wave rollout,Under active convergence repair,None observed in current wave or pending inspection,MIGRATE_IN_WP17D,FIRST_WAVE_REPAIR_AND_CONVERGENCE,Inspect and repair defects encountered during migration,WP17C_CANONICAL_PAGE,pages/transportation/TransportationApp.jsx,PortalShell + tokens + navigation canon,MIGRATING,Imported from WP17C ledger · Shared shell/token convergence wave active · Executive first-priority repair wave · pages/transportation/TransportationApp.jsx,PENDING
ROUTE-0455,public_shared,academy,/,route_screen,ACTIVE,WP17D_CANONICAL_WAVE,WP17 public shell,Canonical glass header,Mixed or contextual navigation,Layered light base + navy grid + restrained glass,TransportationAcademy,lucide-react (canonical wrapper convergence),ALIGN_TO_WP17B_TERMINOLOGY,ADD_CONTEXTUAL_HELP_WHERE_REQUIRED,Canonical footer boundary in wave rollout,Canonical responsive shell in wave rollout,Under active convergence repair,None observed in current wave or pending inspection,MIGRATE_IN_WP17D,FIRST_WAVE_REPAIR_AND_CONVERGENCE,Inspect and repair defects encountered during migration,WP17C_CANONICAL_PAGE,pages/transportation/TransportationApp.jsx,PortalShell + tokens + navigation canon,MIGRATING,Imported from WP17C ledger · Shared shell/token convergence wave active · Executive first-priority repair wave · pages/transportation/TransportationApp.jsx,PENDING
ROUTE-0456,public_shared,academy/:moduleKey,/,detail_route,DETAIL,WP17D_CANONICAL_WAVE,WP17 public shell,Canonical glass header,Mixed or contextual navigation,Layered light base + navy grid + restrained glass,TransportationAcademyModule,lucide-react (canonical wrapper convergence),ALIGN_TO_WP17B_TERMINOLOGY,ADD_CONTEXTUAL_HELP_WHERE_REQUIRED,Canonical footer boundary in wave rollout,Canonical responsive shell in wave rollout,Under active convergence repair,None observed in current wave or pending inspection,KEEP_HIDDEN_DETAIL,FIRST_WAVE_REPAIR_AND_CONVERGENCE,Inspect and repair defects encountered during migration,WP17C_CANONICAL_DETAIL_PAGE,pages/transportation/TransportationApp.jsx,PortalShell + tokens + navigation canon,MIGRATING,Imported from WP17C ledger · Shared shell/token convergence wave active · Executive first-priority repair wave · pages/transportation/TransportationApp.jsx,PENDING
ROUTE-0457,public_shared,intelligence/*,/,route_screen,ACTIVE,WP17D_CANONICAL_WAVE,WP17 public shell,Canonical glass header,Mixed or contextual navigation,Layered light base + navy grid + restrained glass,IntelligenceCenter,lucide-react (canonical wrapper convergence),ALIGN_TO_WP17B_TERMINOLOGY,ADD_CONTEXTUAL_HELP_WHERE_REQUIRED,Canonical footer boundary in wave rollout,Canonical responsive shell in wave rollout,Under active convergence repair,None observed in current wave or pending inspection,MIGRATE_IN_WP17D,FIRST_WAVE_REPAIR_AND_CONVERGENCE,Inspect and repair defects encountered during migration,WP17C_CANONICAL_PAGE,pages/transportation/TransportationApp.jsx,PortalShell + tokens + navigation canon,MIGRATING,Imported from WP17C ledger · Shared shell/token convergence wave active · Executive first-priority repair wave · pages/transportation/TransportationApp.jsx,PENDING
ROUTE-0458,public_shared,command-queue/*,/,route_screen,ACTIVE,WP17D_CANONICAL_WAVE,WP17 public shell,Canonical glass header,Mixed or contextual navigation,Layered light base + navy grid + restrained glass,CommandQueueCenter,lucide-react (canonical wrapper convergence),ALIGN_TO_WP17B_TERMINOLOGY,ADD_CONTEXTUAL_HELP_WHERE_REQUIRED,Canonical footer boundary in wave rollout,Canonical responsive shell in wave rollout,Under active convergence repair,None observed in current wave or pending inspection,MIGRATE_IN_WP17D,FIRST_WAVE_REPAIR_AND_CONVERGENCE,Inspect and repair defects encountered during migration,WP17C_CANONICAL_PAGE,pages/transportation/TransportationApp.jsx,PortalShell + tokens + navigation canon,MIGRATING,Imported from WP17C ledger · Shared shell/token convergence wave active · Executive first-priority repair wave · pages/transportation/TransportationApp.jsx,PENDING
ROUTE-0459,public_shared,reports,/,route_screen,ACTIVE,WP17D_CANONICAL_WAVE,WP17 public shell,Canonical glass header,Mixed or contextual navigation,Layered light base + navy grid + restrained glass,ReportsView,lucide-react (canonical wrapper convergence),ALIGN_TO_WP17B_TERMINOLOGY,ADD_CONTEXTUAL_HELP_WHERE_REQUIRED,Canonical footer boundary in wave rollout,Canonical responsive shell in wave rollout,Under active convergence repair,None observed in current wave or pending inspection,MIGRATE_IN_WP17D,FIRST_WAVE_REPAIR_AND_CONVERGENCE,Inspect and repair defects encountered during migration,WP17C_CANONICAL_PAGE,pages/transportation/TransportationApp.jsx,PortalShell + tokens + navigation canon,MIGRATING,Imported from WP17C ledger · Shared shell/token convergence wave active · Executive first-priority repair wave · pages/transportation/TransportationApp.jsx,PENDING
ROUTE-0460,public_shared,audit,/,route_screen,ACTIVE,WP17D_CANONICAL_WAVE,WP17 public shell,Canonical glass header,Mixed or contextual navigation,Layered light base + navy grid + restrained glass,AuditTimeline,lucide-react (canonical wrapper convergence),ALIGN_TO_WP17B_TERMINOLOGY,ADD_CONTEXTUAL_HELP_WHERE_REQUIRED,Canonical footer boundary in wave rollout,Canonical responsive shell in wave rollout,Under active convergence repair,None observed in current wave or pending inspection,MIGRATE_IN_WP17D,FIRST_WAVE_REPAIR_AND_CONVERGENCE,Inspect and repair defects encountered during migration,WP17C_CANONICAL_PAGE,pages/transportation/TransportationApp.jsx,PortalShell + tokens + navigation canon,MIGRATING,Imported from WP17C ledger · Shared shell/token convergence wave active · Executive first-priority repair wave · pages/transportation/TransportationApp.jsx,PENDING
ROUTE-0461,public_shared,documents,/,route_screen,ACTIVE,WP17D_CANONICAL_WAVE,WP17 public shell,Canonical glass header,Mixed or contextual navigation,Layered light base + navy grid + restrained glass,DocumentCenter,lucide-react (canonical wrapper convergence),ALIGN_TO_WP17B_TERMINOLOGY,ADD_CONTEXTUAL_HELP_WHERE_REQUIRED,Canonical footer boundary in wave rollout,Canonical responsive shell in wave rollout,Under active convergence repair,None observed in current wave or pending inspection,MIGRATE_IN_WP17D,FIRST_WAVE_REPAIR_AND_CONVERGENCE,Inspect and repair defects encountered during migration,WP17C_CANONICAL_PAGE,pages/transportation/TransportationApp.jsx,PortalShell + tokens + navigation canon,MIGRATING,Imported from WP17C ledger · Shared shell/token convergence wave active · Executive first-priority repair wave · pages/transportation/TransportationApp.jsx,PENDING
ROUTE-0462,public_shared,inspections,/,route_screen,ACTIVE,WP17D_CANONICAL_WAVE,WP17 public shell,Canonical glass header,Mixed or contextual navigation,Layered light base + navy grid + restrained glass,InspectionCenter,lucide-react (canonical wrapper convergence),ALIGN_TO_WP17B_TERMINOLOGY,ADD_CONTEXTUAL_HELP_WHERE_REQUIRED,Canonical footer boundary in wave rollout,Canonical responsive shell in wave rollout,Under active convergence repair,None observed in current wave or pending inspection,MIGRATE_IN_WP17D,FIRST_WAVE_REPAIR_AND_CONVERGENCE,Inspect and repair defects encountered during migration,WP17C_CANONICAL_PAGE,pages/transportation/TransportationApp.jsx,PortalShell + tokens + navigation canon,MIGRATING,Imported from WP17C ledger · Shared shell/token convergence wave active · Executive first-priority repair wave · pages/transportation/TransportationApp.jsx,PENDING
ROUTE-0463,public_shared,rate-schedules,/,route_screen,ACTIVE,WP17D_CANONICAL_WAVE,WP17 public shell,Canonical glass header,Mixed or contextual navigation,Layered light base + navy grid + restrained glass,RateScheduleCenter,lucide-react (canonical wrapper convergence),ALIGN_TO_WP17B_TERMINOLOGY,ADD_CONTEXTUAL_HELP_WHERE_REQUIRED,Canonical footer boundary in wave rollout,Canonical responsive shell in wave rollout,Under active convergence repair,None observed in current wave or pending inspection,MIGRATE_IN_WP17D,FIRST_WAVE_REPAIR_AND_CONVERGENCE,Inspect and repair defects encountered during migration,WP17C_CANONICAL_PAGE,pages/transportation/TransportationApp.jsx,PortalShell + tokens + navigation canon,MIGRATING,Imported from WP17C ledger · Shared shell/token convergence wave active · Executive first-priority repair wave · pages/transportation/TransportationApp.jsx,PENDING
ROUTE-0464,public_shared,compliance/documents,/,redirect_route,ACTIVE,WP17D_CANONICAL_WAVE,WP17 public shell,Canonical glass header,Mixed or contextual navigation,Layered light base + navy grid + restrained glass,Navigate,lucide-react (canonical wrapper convergence),ALIGN_TO_WP17B_TERMINOLOGY,ADD_CONTEXTUAL_HELP_WHERE_REQUIRED,Canonical footer boundary in wave rollout,Canonical responsive shell in wave rollout,Under active convergence repair,None observed in current wave or pending inspection,CANONICALIZE_REDIRECT,FIRST_WAVE_REPAIR_AND_CONVERGENCE,Inspect and repair defects encountered during migration,WP17C_CANONICAL_PAGE,pages/transportation/TransportationApp.jsx,PortalShell + tokens + navigation canon,REDIRECTED,Imported from WP17C ledger · Shared shell/token convergence wave active · Executive first-priority repair wave · pages/transportation/TransportationApp.jsx,PENDING
ROUTE-0465,public_shared,compliance/rate-schedules,/,redirect_route,ACTIVE,WP17D_CANONICAL_WAVE,WP17 public shell,Canonical glass header,Mixed or contextual navigation,Layered light base + navy grid + restrained glass,Navigate,lucide-react (canonical wrapper convergence),ALIGN_TO_WP17B_TERMINOLOGY,ADD_CONTEXTUAL_HELP_WHERE_REQUIRED,Canonical footer boundary in wave rollout,Canonical responsive shell in wave rollout,Under active convergence repair,None observed in current wave or pending inspection,CANONICALIZE_REDIRECT,FIRST_WAVE_REPAIR_AND_CONVERGENCE,Inspect and repair defects encountered during migration,WP17C_CANONICAL_PAGE,pages/transportation/TransportationApp.jsx,PortalShell + tokens + navigation canon,REDIRECTED,Imported from WP17C ledger · Shared shell/token convergence wave active · Executive first-priority repair wave · pages/transportation/TransportationApp.jsx,PENDING
ROUTE-0466,public_shared,fleet,/,redirect_route,ACTIVE,WP17D_CANONICAL_WAVE,WP17 public shell,Canonical glass header,Mixed or contextual navigation,Layered light base + navy grid + restrained glass,Navigate,lucide-react (canonical wrapper convergence),ALIGN_TO_WP17B_TERMINOLOGY,ADD_CONTEXTUAL_HELP_WHERE_REQUIRED,Canonical footer boundary in wave rollout,Canonical responsive shell in wave rollout,Under active convergence repair,None observed in current wave or pending inspection,CANONICALIZE_REDIRECT,FIRST_WAVE_REPAIR_AND_CONVERGENCE,Inspect and repair defects encountered during migration,WP17C_CANONICAL_PAGE,pages/transportation/TransportationApp.jsx,PortalShell + tokens + navigation canon,REDIRECTED,Imported from WP17C ledger · Shared shell/token convergence wave active · Executive first-priority repair wave · pages/transportation/TransportationApp.jsx,PENDING
ROUTE-0467,public_shared,fleet/trucks,/,redirect_route,ACTIVE,WP17D_CANONICAL_WAVE,WP17 public shell,Canonical glass header,Mixed or contextual navigation,Layered light base + navy grid + restrained glass,Navigate,lucide-react (canonical wrapper convergence),ALIGN_TO_WP17B_TERMINOLOGY,ADD_CONTEXTUAL_HELP_WHERE_REQUIRED,Canonical footer boundary in wave rollout,Canonical responsive shell in wave rollout,Under active convergence repair,None observed in current wave or pending inspection,CANONICALIZE_REDIRECT,FIRST_WAVE_REPAIR_AND_CONVERGENCE,Inspect and repair defects encountered during migration,WP17C_CANONICAL_PAGE,pages/transportation/TransportationApp.jsx,PortalShell + tokens + navigation canon,REDIRECTED,Imported from WP17C ledger · Shared shell/token convergence wave active · Executive first-priority repair wave · pages/transportation/TransportationApp.jsx,PENDING
ROUTE-0468,public_shared,fleet/inspections,/,redirect_route,ACTIVE,WP17D_CANONICAL_WAVE,WP17 public shell,Canonical glass header,Mixed or contextual navigation,Layered light base + navy grid + restrained glass,Navigate,lucide-react (canonical wrapper convergence),ALIGN_TO_WP17B_TERMINOLOGY,ADD_CONTEXTUAL_HELP_WHERE_REQUIRED,Canonical footer boundary in wave rollout,Canonical responsive shell in wave rollout,Under active convergence repair,None observed in current wave or pending inspection,CANONICALIZE_REDIRECT,FIRST_WAVE_REPAIR_AND_CONVERGENCE,Inspect and repair defects encountered during migration,WP17C_CANONICAL_PAGE,pages/transportation/TransportationApp.jsx,PortalShell + tokens + navigation canon,REDIRECTED,Imported from WP17C ledger · Shared shell/token convergence wave active · Executive first-priority repair wave · pages/transportation/TransportationApp.jsx,PENDING
ROUTE-0469,public_shared,administration/audit,/,redirect_route,ACTIVE,WP17D_CANONICAL_WAVE,WP17 public shell,Canonical glass header,Mixed or contextual navigation,Layered light base + navy grid + restrained glass,Navigate,lucide-react (canonical wrapper convergence),ALIGN_TO_WP17B_TERMINOLOGY,ADD_CONTEXTUAL_HELP_WHERE_REQUIRED,Canonical footer boundary in wave rollout,Canonical responsive shell in wave rollout,Under active convergence repair,None observed in current wave or pending inspection,CANONICALIZE_REDIRECT,FIRST_WAVE_REPAIR_AND_CONVERGENCE,Inspect and repair defects encountered during migration,WP17C_CANONICAL_PAGE,pages/transportation/TransportationApp.jsx,PortalShell + tokens + navigation canon,REDIRECTED,Imported from WP17C ledger · Shared shell/token convergence wave active · Executive first-priority repair wave · pages/transportation/TransportationApp.jsx,PENDING
ROUTE-0470,public_shared,health,/,route_screen,ACTIVE,WP17D_CANONICAL_WAVE,WP17 public shell,Canonical glass header,Mixed or contextual navigation,Layered light base + navy grid + restrained glass,AutomationHealth,lucide-react (canonical wrapper convergence),ALIGN_TO_WP17B_TERMINOLOGY,ADD_CONTEXTUAL_HELP_WHERE_REQUIRED,Canonical footer boundary in wave rollout,Canonical responsive shell in wave rollout,Under active convergence repair,None observed in current wave or pending inspection,MIGRATE_IN_WP17D,FIRST_WAVE_REPAIR_AND_CONVERGENCE,Inspect and repair defects encountered during migration,WP17C_CANONICAL_PAGE,pages/transportation/_command_queue.jsx,PortalShell + tokens + navigation canon,MIGRATING,Imported from WP17C ledger · Shared shell/token convergence wave active · Executive first-priority repair wave · pages/transportation/_command_queue.jsx,PENDING
ROUTE-0471,public_shared,forecast,/,route_screen,ACTIVE,WP17D_CANONICAL_WAVE,WP17 public shell,Canonical glass header,Mixed or contextual navigation,Layered light base + navy grid + restrained glass,ComplianceForecast,lucide-react (canonical wrapper convergence),ALIGN_TO_WP17B_TERMINOLOGY,ADD_CONTEXTUAL_HELP_WHERE_REQUIRED,Canonical footer boundary in wave rollout,Canonical responsive shell in wave rollout,Under active convergence repair,None observed in current wave or pending inspection,MIGRATE_IN_WP17D,FIRST_WAVE_REPAIR_AND_CONVERGENCE,Inspect and repair defects encountered during migration,WP17C_CANONICAL_PAGE,pages/transportation/_command_queue.jsx,PortalShell + tokens + navigation canon,MIGRATING,Imported from WP17C ledger · Shared shell/token convergence wave active · Executive first-priority repair wave · pages/transportation/_command_queue.jsx,PENDING
ROUTE-0472,public_shared,modules,/,route_screen,ACTIVE,WP17D_CANONICAL_WAVE,WP17 public shell,Canonical glass header,Mixed or contextual navigation,Layered light base + navy grid + restrained glass,ModuleManager,lucide-react (canonical wrapper convergence),ALIGN_TO_WP17B_TERMINOLOGY,ADD_CONTEXTUAL_HELP_WHERE_REQUIRED,Canonical footer boundary in wave rollout,Canonical responsive shell in wave rollout,Under active convergence repair,None observed in current wave or pending inspection,MIGRATE_IN_WP17D,FIRST_WAVE_REPAIR_AND_CONVERGENCE,Inspect and repair defects encountered during migration,WP17C_CANONICAL_PAGE,pages/transportation/_orientation.jsx,PortalShell + tokens + navigation canon,MIGRATING,Imported from WP17C ledger · Shared shell/token convergence wave active · Executive first-priority repair wave · pages/transportation/_orientation.jsx,PENDING
ROUTE-0473,public_shared,modules/:mid,/,detail_route,DETAIL,WP17D_CANONICAL_WAVE,WP17 public shell,Canonical glass header,Mixed or contextual navigation,Layered light base + navy grid + restrained glass,ModuleDetail,lucide-react (canonical wrapper convergence),ALIGN_TO_WP17B_TERMINOLOGY,ADD_CONTEXTUAL_HELP_WHERE_REQUIRED,Canonical footer boundary in wave rollout,Canonical responsive shell in wave rollout,Under active convergence repair,None observed in current wave or pending inspection,KEEP_HIDDEN_DETAIL,FIRST_WAVE_REPAIR_AND_CONVERGENCE,Inspect and repair defects encountered during migration,WP17C_CANONICAL_DETAIL_PAGE,pages/transportation/_orientation.jsx,PortalShell + tokens + navigation canon,MIGRATING,Imported from WP17C ledger · Shared shell/token convergence wave active · Executive first-priority repair wave · pages/transportation/_orientation.jsx,PENDING
ROUTE-0474,public_shared,assignments,/,route_screen,ACTIVE,WP17D_CANONICAL_WAVE,WP17 public shell,Canonical glass header,Mixed or contextual navigation,Layered light base + navy grid + restrained glass,AssignmentsView,lucide-react (canonical wrapper convergence),ALIGN_TO_WP17B_TERMINOLOGY,ADD_CONTEXTUAL_HELP_WHERE_REQUIRED,Canonical footer boundary in wave rollout,Canonical responsive shell in wave rollout,Under active convergence repair,None observed in current wave or pending inspection,MIGRATE_IN_WP17D,FIRST_WAVE_REPAIR_AND_CONVERGENCE,Inspect and repair defects encountered during migration,WP17C_CANONICAL_PAGE,pages/transportation/_orientation.jsx,PortalShell + tokens + navigation canon,MIGRATING,Imported from WP17C ledger · Shared shell/token convergence wave active · Executive first-priority repair wave · pages/transportation/_orientation.jsx,PENDING
ROUTE-0475,public_shared,certificates,/,route_screen,ACTIVE,WP17D_CANONICAL_WAVE,WP17 public shell,Canonical glass header,Mixed or contextual navigation,Layered light base + navy grid + restrained glass,CertificatesView,lucide-react (canonical wrapper convergence),ALIGN_TO_WP17B_TERMINOLOGY,ADD_CONTEXTUAL_HELP_WHERE_REQUIRED,Canonical footer boundary in wave rollout,Canonical responsive shell in wave rollout,Under active convergence repair,None observed in current wave or pending inspection,MIGRATE_IN_WP17D,FIRST_WAVE_REPAIR_AND_CONVERGENCE,Inspect and repair defects encountered during migration,WP17C_CANONICAL_PAGE,pages/transportation/_orientation.jsx,PortalShell + tokens + navigation canon,MIGRATING,Imported from WP17C ledger · Shared shell/token convergence wave active · Executive first-priority repair wave · pages/transportation/_orientation.jsx,PENDING
ROUTE-0476,public_shared,emails,/,route_screen,ACTIVE,WP17D_CANONICAL_WAVE,WP17 public shell,Canonical glass header,Mixed or contextual navigation,Layered light base + navy grid + restrained glass,EmailRoutesPanel,lucide-react (canonical wrapper convergence),ALIGN_TO_WP17B_TERMINOLOGY,ADD_CONTEXTUAL_HELP_WHERE_REQUIRED,Canonical footer boundary in wave rollout,Canonical responsive shell in wave rollout,Under active convergence repair,None observed in current wave or pending inspection,MIGRATE_IN_WP17D,FIRST_WAVE_REPAIR_AND_CONVERGENCE,Inspect and repair defects encountered during migration,WP17C_CANONICAL_PAGE,pages/transportation/_orientation.jsx,PortalShell + tokens + navigation canon,MIGRATING,Imported from WP17C ledger · Shared shell/token convergence wave active · Executive first-priority repair wave · pages/transportation/_orientation.jsx,PENDING
ROUTE-0477,public_shared,recommendations,/,route_screen,ACTIVE,WP17D_CANONICAL_WAVE,WP17 public shell,Canonical glass header,Mixed or contextual navigation,Layered light base + navy grid + restrained glass,RecommendationsPanel,lucide-react (canonical wrapper convergence),ALIGN_TO_WP17B_TERMINOLOGY,ADD_CONTEXTUAL_HELP_WHERE_REQUIRED,Canonical footer boundary in wave rollout,Canonical responsive shell in wave rollout,Under active convergence repair,None observed in current wave or pending inspection,MIGRATE_IN_WP17D,FIRST_WAVE_REPAIR_AND_CONVERGENCE,Inspect and repair defects encountered during migration,WP17C_CANONICAL_PAGE,pages/transportation/_intelligence.jsx,PortalShell + tokens + navigation canon,MIGRATING,Imported from WP17C ledger · Shared shell/token convergence wave active · Executive first-priority repair wave · pages/transportation/_intelligence.jsx,PENDING
ROUTE-0478,public_shared,predictions,/,route_screen,ACTIVE,WP17D_CANONICAL_WAVE,WP17 public shell,Canonical glass header,Mixed or contextual navigation,Layered light base + navy grid + restrained glass,PredictionsPanel,lucide-react (canonical wrapper convergence),ALIGN_TO_WP17B_TERMINOLOGY,ADD_CONTEXTUAL_HELP_WHERE_REQUIRED,Canonical footer boundary in wave rollout,Canonical responsive shell in wave rollout,Under active convergence repair,None observed in current wave or pending inspection,MIGRATE_IN_WP17D,FIRST_WAVE_REPAIR_AND_CONVERGENCE,Inspect and repair defects encountered during migration,WP17C_CANONICAL_PAGE,pages/transportation/_intelligence.jsx,PortalShell + tokens + navigation canon,MIGRATING,Imported from WP17C ledger · Shared shell/token convergence wave active · Executive first-priority repair wave · pages/transportation/_intelligence.jsx,PENDING
ROUTE-0479,public_shared,learning,/,route_screen,ACTIVE,WP17D_CANONICAL_WAVE,WP17 public shell,Canonical glass header,Mixed or contextual navigation,Layered light base + navy grid + restrained glass,LearningLoopPanel,lucide-react (canonical wrapper convergence),ALIGN_TO_WP17B_TERMINOLOGY,ADD_CONTEXTUAL_HELP_WHERE_REQUIRED,Canonical footer boundary in wave rollout,Canonical responsive shell in wave rollout,Under active convergence repair,None observed in current wave or pending inspection,MIGRATE_IN_WP17D,FIRST_WAVE_REPAIR_AND_CONVERGENCE,Inspect and repair defects encountered during migration,WP17C_CANONICAL_PAGE,pages/transportation/_intelligence.jsx,PortalShell + tokens + navigation canon,MIGRATING,Imported from WP17C ledger · Shared shell/token convergence wave active · Executive first-priority repair wave · pages/transportation/_intelligence.jsx,PENDING
ROUTE-0480,public_shared,cleanup,/,route_screen,ACTIVE,WP17D_CANONICAL_WAVE,WP17 public shell,Canonical glass header,Mixed or contextual navigation,Layered light base + navy grid + restrained glass,CleanupCompanionPanel,lucide-react (canonical wrapper convergence),ALIGN_TO_WP17B_TERMINOLOGY,ADD_CONTEXTUAL_HELP_WHERE_REQUIRED,Canonical footer boundary in wave rollout,Canonical responsive shell in wave rollout,Under active convergence repair,None observed in current wave or pending inspection,MIGRATE_IN_WP17D,FIRST_WAVE_REPAIR_AND_CONVERGENCE,Inspect and repair defects encountered during migration,WP17C_CANONICAL_PAGE,pages/transportation/_intelligence.jsx,PortalShell + tokens + navigation canon,MIGRATING,Imported from WP17C ledger · Shared shell/token convergence wave active · Executive first-priority repair wave · pages/transportation/_intelligence.jsx,PENDING
ROUTE-0481,transportation,(index),/admin/transportation/* | /transportation-operations/*,index_route,ACTIVE,WP17D_CANONICAL_WAVE,PortalShell (canonical wp17d wave),Canonical glass header,Canonical sidebar in wave migration,Layered light base + navy grid + restrained glass,TransportationApp,lucide-react (canonical wrapper convergence),ALIGN_TO_WP17B_TERMINOLOGY,ADD_CONTEXTUAL_HELP_WHERE_VALUABLE,Canonical footer boundary in wave rollout,Canonical responsive shell in wave rollout,Under active convergence repair,Inspecting valid-session auth/runtime failures and mixed layout regressions,LOCKED_BLUEPRINT_RECONCILIATION,FIRST_WAVE_REPAIR_AND_CONVERGENCE,"Repair auth/runtime drift, duplicate navigation, and mixed shell behavior",WP17C_CANONICAL_PAGE,frontend/src/pages/transportation/TransportationApp.jsx,Transportation shell prefix canon,MIGRATING,Imported from WP17C ledger · Shared shell/token convergence wave active · Executive first-priority repair wave · frontend/src/pages/transportation/TransportationApp.jsx,PENDING
NAV-0001,admin,/admin,/,navigation_item,ACTIVE,WP17D_CANONICAL_WAVE,PortalShell (canonical wp17d wave),Canonical glass header,Canonical nav item under convergence,Layered light base + navy grid + restrained glass,Admin V2 sidebar,lucide-react (canonical wrapper convergence),ALIGN_LABEL,CONTEXTUAL_HELP_OPTIONAL,Canonical footer boundary in wave rollout,Canonical responsive shell in wave rollout,Operational; convergence verification pending,None observed in current wave or pending inspection,STANDARDIZE,NAVIGATION_CONVERGENCE,Inspect and repair defects encountered during migration,WP17C_CANONICAL_NAVIGATION_ITEM,frontend/src/components/admin/sidebar/domainMap.js,Navigation canon + shell foundation,IMPLEMENTED,Imported from WP17C ledger · Shared shell/token convergence wave active · frontend/src/components/admin/sidebar/domainMap.js,PENDING
NAV-0002,admin,/admin/command-center,/,navigation_item,ACTIVE,WP17D_CANONICAL_WAVE,PortalShell (canonical wp17d wave),Canonical glass header,Canonical nav item under convergence,Layered light base + navy grid + restrained glass,Admin V2 sidebar,lucide-react (canonical wrapper convergence),ALIGN_LABEL,CONTEXTUAL_HELP_OPTIONAL,Canonical footer boundary in wave rollout,Canonical responsive shell in wave rollout,Operational; convergence verification pending,None observed in current wave or pending inspection,STANDARDIZE,NAVIGATION_CONVERGENCE,Inspect and repair defects encountered during migration,WP17C_CANONICAL_NAVIGATION_ITEM,frontend/src/components/admin/sidebar/domainMap.js,Navigation canon + shell foundation,IMPLEMENTED,Imported from WP17C ledger · Shared shell/token convergence wave active · frontend/src/components/admin/sidebar/domainMap.js,PENDING
NAV-0003,admin,/admin/jobs,/,navigation_item,ACTIVE,WP17D_CANONICAL_WAVE,PortalShell (canonical wp17d wave),Canonical glass header,Canonical nav item under convergence,Layered light base + navy grid + restrained glass,Admin V2 sidebar,lucide-react (canonical wrapper convergence),ALIGN_LABEL,CONTEXTUAL_HELP_OPTIONAL,Canonical footer boundary in wave rollout,Canonical responsive shell in wave rollout,Operational; convergence verification pending,None observed in current wave or pending inspection,STANDARDIZE,NAVIGATION_CONVERGENCE,Inspect and repair defects encountered during migration,WP17C_CANONICAL_NAVIGATION_ITEM,frontend/src/components/admin/sidebar/domainMap.js,Navigation canon + shell foundation,IMPLEMENTED,Imported from WP17C ledger · Shared shell/token convergence wave active · frontend/src/components/admin/sidebar/domainMap.js,PENDING
NAV-0004,admin,/admin/cost-registry,/,navigation_item,ACTIVE,WP17D_CANONICAL_WAVE,PortalShell (canonical wp17d wave),Canonical glass header,Canonical nav item under convergence,Layered light base + navy grid + restrained glass,Admin V2 sidebar,lucide-react (canonical wrapper convergence),ALIGN_LABEL,CONTEXTUAL_HELP_OPTIONAL,Canonical footer boundary in wave rollout,Canonical responsive shell in wave rollout,Operational; convergence verification pending,None observed in current wave or pending inspection,STANDARDIZE,NAVIGATION_CONVERGENCE,Inspect and repair defects encountered during migration,WP17C_CANONICAL_NAVIGATION_ITEM,frontend/src/components/admin/sidebar/domainMap.js,Navigation canon + shell foundation,IMPLEMENTED,Imported from WP17C ledger · Shared shell/token convergence wave active · frontend/src/components/admin/sidebar/domainMap.js,PENDING
NAV-0005,admin,/admin/operations-events,/,navigation_item,ACTIVE,WP17D_CANONICAL_WAVE,PortalShell (canonical wp17d wave),Canonical glass header,Canonical nav item under convergence,Layered light base + navy grid + restrained glass,Admin V2 sidebar,lucide-react (canonical wrapper convergence),ALIGN_LABEL,CONTEXTUAL_HELP_OPTIONAL,Canonical footer boundary in wave rollout,Canonical responsive shell in wave rollout,Operational; convergence verification pending,None observed in current wave or pending inspection,STANDARDIZE,NAVIGATION_CONVERGENCE,Inspect and repair defects encountered during migration,WP17C_CANONICAL_NAVIGATION_ITEM,frontend/src/components/admin/sidebar/domainMap.js,Navigation canon + shell foundation,IMPLEMENTED,Imported from WP17C ledger · Shared shell/token convergence wave active · frontend/src/components/admin/sidebar/domainMap.js,PENDING
NAV-0006,admin,/admin/daily-reports,/,navigation_item,ACTIVE,WP17D_CANONICAL_WAVE,PortalShell (canonical wp17d wave),Canonical glass header,Canonical nav item under convergence,Layered light base + navy grid + restrained glass,Admin V2 sidebar,lucide-react (canonical wrapper convergence),ALIGN_LABEL,CONTEXTUAL_HELP_OPTIONAL,Canonical footer boundary in wave rollout,Canonical responsive shell in wave rollout,Operational; convergence verification pending,None observed in current wave or pending inspection,STANDARDIZE,NAVIGATION_CONVERGENCE,Inspect and repair defects encountered during migration,WP17C_CANONICAL_NAVIGATION_ITEM,frontend/src/components/admin/sidebar/domainMap.js,Navigation canon + shell foundation,IMPLEMENTED,Imported from WP17C ledger · Shared shell/token convergence wave active · frontend/src/components/admin/sidebar/domainMap.js,PENDING
NAV-0007,admin,/odr/center,/,navigation_item,ACTIVE,WP17D_CANONICAL_WAVE,PortalShell (canonical wp17d wave),Canonical glass header,Canonical nav item under convergence,Layered light base + navy grid + restrained glass,Admin V2 sidebar,lucide-react (canonical wrapper convergence),ALIGN_LABEL,CONTEXTUAL_HELP_OPTIONAL,Canonical footer boundary in wave rollout,Canonical responsive shell in wave rollout,Operational; convergence verification pending,None observed in current wave or pending inspection,STANDARDIZE,NAVIGATION_CONVERGENCE,Inspect and repair defects encountered during migration,WP17C_CANONICAL_NAVIGATION_ITEM,frontend/src/components/admin/sidebar/domainMap.js,Navigation canon + shell foundation,IMPLEMENTED,Imported from WP17C ledger · Shared shell/token convergence wave active · frontend/src/components/admin/sidebar/domainMap.js,PENDING
NAV-0008,admin,/operational-records,/,navigation_item,ACTIVE,WP17D_CANONICAL_WAVE,PortalShell (canonical wp17d wave),Canonical glass header,Canonical nav item under convergence,Layered light base + navy grid + restrained glass,Admin V2 sidebar,lucide-react (canonical wrapper convergence),ALIGN_LABEL,CONTEXTUAL_HELP_OPTIONAL,Canonical footer boundary in wave rollout,Canonical responsive shell in wave rollout,Operational; convergence verification pending,None observed in current wave or pending inspection,STANDARDIZE,NAVIGATION_CONVERGENCE,Inspect and repair defects encountered during migration,WP17C_CANONICAL_NAVIGATION_ITEM,frontend/src/components/admin/sidebar/domainMap.js,Navigation canon + shell foundation,IMPLEMENTED,Imported from WP17C ledger · Shared shell/token convergence wave active · frontend/src/components/admin/sidebar/domainMap.js,PENDING
NAV-0009,admin,/operations-actions,/,navigation_item,ACTIVE,WP17D_CANONICAL_WAVE,PortalShell (canonical wp17d wave),Canonical glass header,Canonical nav item under convergence,Layered light base + navy grid + restrained glass,Admin V2 sidebar,lucide-react (canonical wrapper convergence),ALIGN_LABEL,CONTEXTUAL_HELP_OPTIONAL,Canonical footer boundary in wave rollout,Canonical responsive shell in wave rollout,Operational; convergence verification pending,None observed in current wave or pending inspection,STANDARDIZE,NAVIGATION_CONVERGENCE,Inspect and repair defects encountered during migration,WP17C_CANONICAL_NAVIGATION_ITEM,frontend/src/components/admin/sidebar/domainMap.js,Navigation canon + shell foundation,IMPLEMENTED,Imported from WP17C ledger · Shared shell/token convergence wave active · frontend/src/components/admin/sidebar/domainMap.js,PENDING
NAV-0010,admin,/admin/dispatch,/,navigation_item,ACTIVE,WP17D_CANONICAL_WAVE,PortalShell (canonical wp17d wave),Canonical glass header,Canonical nav item under convergence,Layered light base + navy grid + restrained glass,Admin V2 sidebar,lucide-react (canonical wrapper convergence),ALIGN_LABEL,CONTEXTUAL_HELP_OPTIONAL,Canonical footer boundary in wave rollout,Canonical responsive shell in wave rollout,Operational; convergence verification pending,None observed in current wave or pending inspection,STANDARDIZE,NAVIGATION_CONVERGENCE,Inspect and repair defects encountered during migration,WP17C_CANONICAL_NAVIGATION_ITEM,frontend/src/components/admin/sidebar/domainMap.js,Navigation canon + shell foundation,IMPLEMENTED,Imported from WP17C ledger · Shared shell/token convergence wave active · frontend/src/components/admin/sidebar/domainMap.js,PENDING
NAV-0011,admin,/project-health,/,navigation_item,ACTIVE,WP17D_CANONICAL_WAVE,PortalShell (canonical wp17d wave),Canonical glass header,Canonical nav item under convergence,Layered light base + navy grid + restrained glass,Admin V2 sidebar,lucide-react (canonical wrapper convergence),ALIGN_LABEL,CONTEXTUAL_HELP_OPTIONAL,Canonical footer boundary in wave rollout,Canonical responsive shell in wave rollout,Operational; convergence verification pending,None observed in current wave or pending inspection,STANDARDIZE,NAVIGATION_CONVERGENCE,Inspect and repair defects encountered during migration,WP17C_CANONICAL_NAVIGATION_ITEM,frontend/src/components/admin/sidebar/domainMap.js,Navigation canon + shell foundation,IMPLEMENTED,Imported from WP17C ledger · Shared shell/token convergence wave active · frontend/src/components/admin/sidebar/domainMap.js,PENDING
NAV-0012,admin,/asset-transfers,/,navigation_item,ACTIVE,WP17D_CANONICAL_WAVE,PortalShell (canonical wp17d wave),Canonical glass header,Canonical nav item under convergence,Layered light base + navy grid + restrained glass,Admin V2 sidebar,lucide-react (canonical wrapper convergence),ALIGN_LABEL,CONTEXTUAL_HELP_OPTIONAL,Canonical footer boundary in wave rollout,Canonical responsive shell in wave rollout,Operational; convergence verification pending,None observed in current wave or pending inspection,STANDARDIZE,NAVIGATION_CONVERGENCE,Inspect and repair defects encountered during migration,WP17C_CANONICAL_NAVIGATION_ITEM,frontend/src/components/admin/sidebar/domainMap.js,Navigation canon + shell foundation,IMPLEMENTED,Imported from WP17C ledger · Shared shell/token convergence wave active · frontend/src/components/admin/sidebar/domainMap.js,PENDING
NAV-0013,admin,/admin/people,/,navigation_item,ACTIVE,WP17D_CANONICAL_WAVE,PortalShell (canonical wp17d wave),Canonical glass header,Canonical nav item under convergence,Layered light base + navy grid + restrained glass,Admin V2 sidebar,lucide-react (canonical wrapper convergence),ALIGN_LABEL,CONTEXTUAL_HELP_OPTIONAL,Canonical footer boundary in wave rollout,Canonical responsive shell in wave rollout,Operational; convergence verification pending,None observed in current wave or pending inspection,STANDARDIZE,NAVIGATION_CONVERGENCE,Inspect and repair defects encountered during migration,WP17C_CANONICAL_NAVIGATION_ITEM,frontend/src/components/admin/sidebar/domainMap.js,Navigation canon + shell foundation,IMPLEMENTED,Imported from WP17C ledger · Shared shell/token convergence wave active · frontend/src/components/admin/sidebar/domainMap.js,PENDING
NAV-0014,admin,/admin/asset-admin,/,navigation_item,ACTIVE,WP17D_CANONICAL_WAVE,PortalShell (canonical wp17d wave),Canonical glass header,Canonical nav item under convergence,Layered light base + navy grid + restrained glass,Admin V2 sidebar,lucide-react (canonical wrapper convergence),ALIGN_LABEL,CONTEXTUAL_HELP_OPTIONAL,Canonical footer boundary in wave rollout,Canonical responsive shell in wave rollout,Operational; convergence verification pending,None observed in current wave or pending inspection,STANDARDIZE,NAVIGATION_CONVERGENCE,Inspect and repair defects encountered during migration,WP17C_CANONICAL_NAVIGATION_ITEM,frontend/src/components/admin/sidebar/domainMap.js,Navigation canon + shell foundation,IMPLEMENTED,Imported from WP17C ledger · Shared shell/token convergence wave active · frontend/src/components/admin/sidebar/domainMap.js,PENDING
NAV-0015,admin,/admin/training,/,navigation_item,ACTIVE,WP17D_CANONICAL_WAVE,PortalShell (canonical wp17d wave),Canonical glass header,Canonical nav item under convergence,Layered light base + navy grid + restrained glass,Admin V2 sidebar,lucide-react (canonical wrapper convergence),ALIGN_LABEL,CONTEXTUAL_HELP_OPTIONAL,Canonical footer boundary in wave rollout,Canonical responsive shell in wave rollout,Operational; convergence verification pending,None observed in current wave or pending inspection,STANDARDIZE,NAVIGATION_CONVERGENCE,Inspect and repair defects encountered during migration,WP17C_CANONICAL_NAVIGATION_ITEM,frontend/src/components/admin/sidebar/domainMap.js,Navigation canon + shell foundation,IMPLEMENTED,Imported from WP17C ledger · Shared shell/token convergence wave active · frontend/src/components/admin/sidebar/domainMap.js,PENDING
NAV-0016,admin,/document-expirations,/,navigation_item,ACTIVE,WP17D_CANONICAL_WAVE,PortalShell (canonical wp17d wave),Canonical glass header,Canonical nav item under convergence,Layered light base + navy grid + restrained glass,Admin V2 sidebar,lucide-react (canonical wrapper convergence),ALIGN_LABEL,CONTEXTUAL_HELP_OPTIONAL,Canonical footer boundary in wave rollout,Canonical responsive shell in wave rollout,Operational; convergence verification pending,None observed in current wave or pending inspection,STANDARDIZE,NAVIGATION_CONVERGENCE,Inspect and repair defects encountered during migration,WP17C_CANONICAL_NAVIGATION_ITEM,frontend/src/components/admin/sidebar/domainMap.js,Navigation canon + shell foundation,IMPLEMENTED,Imported from WP17C ledger · Shared shell/token convergence wave active · frontend/src/components/admin/sidebar/domainMap.js,PENDING
NAV-0017,admin,/admin/sessions,/,navigation_item,ACTIVE,WP17D_CANONICAL_WAVE,PortalShell (canonical wp17d wave),Canonical glass header,Canonical nav item under convergence,Layered light base + navy grid + restrained glass,Admin V2 sidebar,lucide-react (canonical wrapper convergence),ALIGN_LABEL,CONTEXTUAL_HELP_OPTIONAL,Canonical footer boundary in wave rollout,Canonical responsive shell in wave rollout,Operational; convergence verification pending,None observed in current wave or pending inspection,STANDARDIZE,NAVIGATION_CONVERGENCE,Inspect and repair defects encountered during migration,WP17C_CANONICAL_NAVIGATION_ITEM,frontend/src/components/admin/sidebar/domainMap.js,Navigation canon + shell foundation,IMPLEMENTED,Imported from WP17C ledger · Shared shell/token convergence wave active · frontend/src/components/admin/sidebar/domainMap.js,PENDING
NAV-0018,admin,/admin/equipment,/,navigation_item,ACTIVE,WP17D_CANONICAL_WAVE,PortalShell (canonical wp17d wave),Canonical glass header,Canonical nav item under convergence,Layered light base + navy grid + restrained glass,Admin V2 sidebar,lucide-react (canonical wrapper convergence),ALIGN_LABEL,CONTEXTUAL_HELP_OPTIONAL,Canonical footer boundary in wave rollout,Canonical responsive shell in wave rollout,Operational; convergence verification pending,None observed in current wave or pending inspection,STANDARDIZE,NAVIGATION_CONVERGENCE,Inspect and repair defects encountered during migration,WP17C_CANONICAL_NAVIGATION_ITEM,frontend/src/components/admin/sidebar/domainMap.js,Navigation canon + shell foundation,IMPLEMENTED,Imported from WP17C ledger · Shared shell/token convergence wave active · frontend/src/components/admin/sidebar/domainMap.js,PENDING
NAV-0019,admin,/admin/operational-inventory,/,navigation_item,ACTIVE,WP17D_CANONICAL_WAVE,PortalShell (canonical wp17d wave),Canonical glass header,Canonical nav item under convergence,Layered light base + navy grid + restrained glass,Admin V2 sidebar,lucide-react (canonical wrapper convergence),ALIGN_LABEL,CONTEXTUAL_HELP_OPTIONAL,Canonical footer boundary in wave rollout,Canonical responsive shell in wave rollout,Operational; convergence verification pending,None observed in current wave or pending inspection,STANDARDIZE,NAVIGATION_CONVERGENCE,Inspect and repair defects encountered during migration,WP17C_CANONICAL_NAVIGATION_ITEM,frontend/src/components/admin/sidebar/domainMap.js,Navigation canon + shell foundation,IMPLEMENTED,Imported from WP17C ledger · Shared shell/token convergence wave active · frontend/src/components/admin/sidebar/domainMap.js,PENDING
NAV-0020,admin,/admin/email,/,navigation_item,ACTIVE,WP17D_CANONICAL_WAVE,PortalShell (canonical wp17d wave),Canonical glass header,Canonical nav item under convergence,Layered light base + navy grid + restrained glass,Admin V2 sidebar,lucide-react (canonical wrapper convergence),ALIGN_LABEL,CONTEXTUAL_HELP_OPTIONAL,Canonical footer boundary in wave rollout,Canonical responsive shell in wave rollout,Operational; convergence verification pending,None observed in current wave or pending inspection,STANDARDIZE,NAVIGATION_CONVERGENCE,Inspect and repair defects encountered during migration,WP17C_CANONICAL_NAVIGATION_ITEM,frontend/src/components/admin/sidebar/domainMap.js,Navigation canon + shell foundation,IMPLEMENTED,Imported from WP17C ledger · Shared shell/token convergence wave active · frontend/src/components/admin/sidebar/domainMap.js,PENDING
NAV-0021,admin,/admin/digest-config,/,navigation_item,ACTIVE,WP17D_CANONICAL_WAVE,PortalShell (canonical wp17d wave),Canonical glass header,Canonical nav item under convergence,Layered light base + navy grid + restrained glass,Admin V2 sidebar,lucide-react (canonical wrapper convergence),ALIGN_LABEL,CONTEXTUAL_HELP_OPTIONAL,Canonical footer boundary in wave rollout,Canonical responsive shell in wave rollout,Operational; convergence verification pending,None observed in current wave or pending inspection,STANDARDIZE,NAVIGATION_CONVERGENCE,Inspect and repair defects encountered during migration,WP17C_CANONICAL_NAVIGATION_ITEM,frontend/src/components/admin/sidebar/domainMap.js,Navigation canon + shell foundation,IMPLEMENTED,Imported from WP17C ledger · Shared shell/token convergence wave active · frontend/src/components/admin/sidebar/domainMap.js,PENDING
NAV-0022,admin,/admin/compliance,/,navigation_item,ACTIVE,WP17D_CANONICAL_WAVE,PortalShell (canonical wp17d wave),Canonical glass header,Canonical nav item under convergence,Layered light base + navy grid + restrained glass,Admin V2 sidebar,lucide-react (canonical wrapper convergence),ALIGN_LABEL,CONTEXTUAL_HELP_OPTIONAL,Canonical footer boundary in wave rollout,Canonical responsive shell in wave rollout,Operational; convergence verification pending,None observed in current wave or pending inspection,STANDARDIZE,NAVIGATION_CONVERGENCE,Inspect and repair defects encountered during migration,WP17C_CANONICAL_NAVIGATION_ITEM,frontend/src/components/admin/sidebar/domainMap.js,Navigation canon + shell foundation,IMPLEMENTED,Imported from WP17C ledger · Shared shell/token convergence wave active · frontend/src/components/admin/sidebar/domainMap.js,PENDING
NAV-0023,admin,/admin/compliance-findings,/,navigation_item,ACTIVE,WP17D_CANONICAL_WAVE,PortalShell (canonical wp17d wave),Canonical glass header,Canonical nav item under convergence,Layered light base + navy grid + restrained glass,Admin V2 sidebar,lucide-react (canonical wrapper convergence),ALIGN_LABEL,CONTEXTUAL_HELP_OPTIONAL,Canonical footer boundary in wave rollout,Canonical responsive shell in wave rollout,Operational; convergence verification pending,None observed in current wave or pending inspection,STANDARDIZE,NAVIGATION_CONVERGENCE,Inspect and repair defects encountered during migration,WP17C_CANONICAL_NAVIGATION_ITEM,frontend/src/components/admin/sidebar/domainMap.js,Navigation canon + shell foundation,IMPLEMENTED,Imported from WP17C ledger · Shared shell/token convergence wave active · frontend/src/components/admin/sidebar/domainMap.js,PENDING
NAV-0024,admin,/admin/incidents,/,navigation_item,ACTIVE,WP17D_CANONICAL_WAVE,PortalShell (canonical wp17d wave),Canonical glass header,Canonical nav item under convergence,Layered light base + navy grid + restrained glass,Admin V2 sidebar,lucide-react (canonical wrapper convergence),ALIGN_LABEL,CONTEXTUAL_HELP_OPTIONAL,Canonical footer boundary in wave rollout,Canonical responsive shell in wave rollout,Operational; convergence verification pending,None observed in current wave or pending inspection,STANDARDIZE,NAVIGATION_CONVERGENCE,Inspect and repair defects encountered during migration,WP17C_CANONICAL_NAVIGATION_ITEM,frontend/src/components/admin/sidebar/domainMap.js,Navigation canon + shell foundation,IMPLEMENTED,Imported from WP17C ledger · Shared shell/token convergence wave active · frontend/src/components/admin/sidebar/domainMap.js,PENDING
NAV-0025,admin,/admin/inspections,/,navigation_item,ACTIVE,WP17D_CANONICAL_WAVE,PortalShell (canonical wp17d wave),Canonical glass header,Canonical nav item under convergence,Layered light base + navy grid + restrained glass,Admin V2 sidebar,lucide-react (canonical wrapper convergence),ALIGN_LABEL,CONTEXTUAL_HELP_OPTIONAL,Canonical footer boundary in wave rollout,Canonical responsive shell in wave rollout,Operational; convergence verification pending,None observed in current wave or pending inspection,STANDARDIZE,NAVIGATION_CONVERGENCE,Inspect and repair defects encountered during migration,WP17C_CANONICAL_NAVIGATION_ITEM,frontend/src/components/admin/sidebar/domainMap.js,Navigation canon + shell foundation,IMPLEMENTED,Imported from WP17C ledger · Shared shell/token convergence wave active · frontend/src/components/admin/sidebar/domainMap.js,PENDING
NAV-0026,admin,/admin/governance,/,navigation_item,ACTIVE,WP17D_CANONICAL_WAVE,PortalShell (canonical wp17d wave),Canonical glass header,Canonical nav item under convergence,Layered light base + navy grid + restrained glass,Admin V2 sidebar,lucide-react (canonical wrapper convergence),ALIGN_LABEL,CONTEXTUAL_HELP_OPTIONAL,Canonical footer boundary in wave rollout,Canonical responsive shell in wave rollout,Operational; convergence verification pending,None observed in current wave or pending inspection,STANDARDIZE,NAVIGATION_CONVERGENCE,Inspect and repair defects encountered during migration,WP17C_CANONICAL_NAVIGATION_ITEM,frontend/src/components/admin/sidebar/domainMap.js,Navigation canon + shell foundation,IMPLEMENTED,Imported from WP17C ledger · Shared shell/token convergence wave active · frontend/src/components/admin/sidebar/domainMap.js,PENDING
NAV-0027,admin,/admin/project-identity,/,navigation_item,ACTIVE,WP17D_CANONICAL_WAVE,PortalShell (canonical wp17d wave),Canonical glass header,Canonical nav item under convergence,Layered light base + navy grid + restrained glass,Admin V2 sidebar,lucide-react (canonical wrapper convergence),ALIGN_LABEL,CONTEXTUAL_HELP_OPTIONAL,Canonical footer boundary in wave rollout,Canonical responsive shell in wave rollout,Operational; convergence verification pending,None observed in current wave or pending inspection,STANDARDIZE,NAVIGATION_CONVERGENCE,Inspect and repair defects encountered during migration,WP17C_CANONICAL_NAVIGATION_ITEM,frontend/src/components/admin/sidebar/domainMap.js,Navigation canon + shell foundation,IMPLEMENTED,Imported from WP17C ledger · Shared shell/token convergence wave active · frontend/src/components/admin/sidebar/domainMap.js,PENDING
NAV-0028,admin,/admin/operational-language,/,navigation_item,ACTIVE,WP17D_CANONICAL_WAVE,PortalShell (canonical wp17d wave),Canonical glass header,Canonical nav item under convergence,Layered light base + navy grid + restrained glass,Admin V2 sidebar,lucide-react (canonical wrapper convergence),ALIGN_LABEL,CONTEXTUAL_HELP_OPTIONAL,Canonical footer boundary in wave rollout,Canonical responsive shell in wave rollout,Operational; convergence verification pending,None observed in current wave or pending inspection,STANDARDIZE,NAVIGATION_CONVERGENCE,Inspect and repair defects encountered during migration,WP17C_CANONICAL_NAVIGATION_ITEM,frontend/src/components/admin/sidebar/domainMap.js,Navigation canon + shell foundation,IMPLEMENTED,Imported from WP17C ledger · Shared shell/token convergence wave active · frontend/src/components/admin/sidebar/domainMap.js,PENDING
NAV-0029,admin,/admin/operations-control,/,navigation_item,ACTIVE,WP17D_CANONICAL_WAVE,PortalShell (canonical wp17d wave),Canonical glass header,Canonical nav item under convergence,Layered light base + navy grid + restrained glass,Admin V2 sidebar,lucide-react (canonical wrapper convergence),ALIGN_LABEL,CONTEXTUAL_HELP_OPTIONAL,Canonical footer boundary in wave rollout,Canonical responsive shell in wave rollout,Operational; convergence verification pending,None observed in current wave or pending inspection,STANDARDIZE,NAVIGATION_CONVERGENCE,Inspect and repair defects encountered during migration,WP17C_CANONICAL_NAVIGATION_ITEM,frontend/src/components/admin/sidebar/domainMap.js,Navigation canon + shell foundation,IMPLEMENTED,Imported from WP17C ledger · Shared shell/token convergence wave active · frontend/src/components/admin/sidebar/domainMap.js,PENDING
NAV-0030,admin,/admin/system,/,navigation_item,ACTIVE,WP17D_CANONICAL_WAVE,PortalShell (canonical wp17d wave),Canonical glass header,Canonical nav item under convergence,Layered light base + navy grid + restrained glass,Admin V2 sidebar,lucide-react (canonical wrapper convergence),ALIGN_LABEL,CONTEXTUAL_HELP_OPTIONAL,Canonical footer boundary in wave rollout,Canonical responsive shell in wave rollout,Operational; convergence verification pending,None observed in current wave or pending inspection,STANDARDIZE,NAVIGATION_CONVERGENCE,Inspect and repair defects encountered during migration,WP17C_CANONICAL_NAVIGATION_ITEM,frontend/src/components/admin/sidebar/domainMap.js,Navigation canon + shell foundation,IMPLEMENTED,Imported from WP17C ledger · Shared shell/token convergence wave active · frontend/src/components/admin/sidebar/domainMap.js,PENDING
NAV-0031,admin,/admin/ai-configuration,/,navigation_item,ACTIVE,WP17D_CANONICAL_WAVE,PortalShell (canonical wp17d wave),Canonical glass header,Canonical nav item under convergence,Layered light base + navy grid + restrained glass,Admin V2 sidebar,lucide-react (canonical wrapper convergence),ALIGN_LABEL,CONTEXTUAL_HELP_OPTIONAL,Canonical footer boundary in wave rollout,Canonical responsive shell in wave rollout,Operational; convergence verification pending,None observed in current wave or pending inspection,STANDARDIZE,NAVIGATION_CONVERGENCE,Inspect and repair defects encountered during migration,WP17C_CANONICAL_NAVIGATION_ITEM,frontend/src/components/admin/sidebar/domainMap.js,Navigation canon + shell foundation,IMPLEMENTED,Imported from WP17C ledger · Shared shell/token convergence wave active · frontend/src/components/admin/sidebar/domainMap.js,PENDING
NAV-0032,admin,/admin/integration-truth,/,navigation_item,ACTIVE,WP17D_CANONICAL_WAVE,PortalShell (canonical wp17d wave),Canonical glass header,Canonical nav item under convergence,Layered light base + navy grid + restrained glass,Admin V2 sidebar,lucide-react (canonical wrapper convergence),ALIGN_LABEL,CONTEXTUAL_HELP_OPTIONAL,Canonical footer boundary in wave rollout,Canonical responsive shell in wave rollout,Operational; convergence verification pending,None observed in current wave or pending inspection,STANDARDIZE,NAVIGATION_CONVERGENCE,Inspect and repair defects encountered during migration,WP17C_CANONICAL_NAVIGATION_ITEM,frontend/src/components/admin/sidebar/domainMap.js,Navigation canon + shell foundation,IMPLEMENTED,Imported from WP17C ledger · Shared shell/token convergence wave active · frontend/src/components/admin/sidebar/domainMap.js,PENDING
NAV-0033,admin,/admin/system-health,/,navigation_item,ACTIVE,WP17D_CANONICAL_WAVE,PortalShell (canonical wp17d wave),Canonical glass header,Canonical nav item under convergence,Layered light base + navy grid + restrained glass,Admin V2 sidebar,lucide-react (canonical wrapper convergence),ALIGN_LABEL,CONTEXTUAL_HELP_OPTIONAL,Canonical footer boundary in wave rollout,Canonical responsive shell in wave rollout,Operational; convergence verification pending,None observed in current wave or pending inspection,STANDARDIZE,NAVIGATION_CONVERGENCE,Inspect and repair defects encountered during migration,WP17C_CANONICAL_NAVIGATION_ITEM,frontend/src/components/admin/sidebar/domainMap.js,Navigation canon + shell foundation,IMPLEMENTED,Imported from WP17C ledger · Shared shell/token convergence wave active · frontend/src/components/admin/sidebar/domainMap.js,PENDING
NAV-0034,admin,/admin/database,/,navigation_item,ACTIVE,WP17D_CANONICAL_WAVE,PortalShell (canonical wp17d wave),Canonical glass header,Canonical nav item under convergence,Layered light base + navy grid + restrained glass,Admin V2 sidebar,lucide-react (canonical wrapper convergence),ALIGN_LABEL,CONTEXTUAL_HELP_OPTIONAL,Canonical footer boundary in wave rollout,Canonical responsive shell in wave rollout,Operational; convergence verification pending,None observed in current wave or pending inspection,STANDARDIZE,NAVIGATION_CONVERGENCE,Inspect and repair defects encountered during migration,WP17C_CANONICAL_NAVIGATION_ITEM,frontend/src/components/admin/sidebar/domainMap.js,Navigation canon + shell foundation,IMPLEMENTED,Imported from WP17C ledger · Shared shell/token convergence wave active · frontend/src/components/admin/sidebar/domainMap.js,PENDING
NAV-0035,admin,/admin/audit-log,/,navigation_item,ACTIVE,WP17D_CANONICAL_WAVE,PortalShell (canonical wp17d wave),Canonical glass header,Canonical nav item under convergence,Layered light base + navy grid + restrained glass,Admin V2 sidebar,lucide-react (canonical wrapper convergence),ALIGN_LABEL,CONTEXTUAL_HELP_OPTIONAL,Canonical footer boundary in wave rollout,Canonical responsive shell in wave rollout,Operational; convergence verification pending,None observed in current wave or pending inspection,STANDARDIZE,NAVIGATION_CONVERGENCE,Inspect and repair defects encountered during migration,WP17C_CANONICAL_NAVIGATION_ITEM,frontend/src/components/admin/sidebar/domainMap.js,Navigation canon + shell foundation,IMPLEMENTED,Imported from WP17C ledger · Shared shell/token convergence wave active · frontend/src/components/admin/sidebar/domainMap.js,PENDING
NAV-0036,admin,/admin/deploy-readiness,/,navigation_item,ACTIVE,WP17D_CANONICAL_WAVE,PortalShell (canonical wp17d wave),Canonical glass header,Canonical nav item under convergence,Layered light base + navy grid + restrained glass,Admin V2 sidebar,lucide-react (canonical wrapper convergence),ALIGN_LABEL,CONTEXTUAL_HELP_OPTIONAL,Canonical footer boundary in wave rollout,Canonical responsive shell in wave rollout,Operational; convergence verification pending,None observed in current wave or pending inspection,STANDARDIZE,NAVIGATION_CONVERGENCE,Inspect and repair defects encountered during migration,WP17C_CANONICAL_NAVIGATION_ITEM,frontend/src/components/admin/sidebar/domainMap.js,Navigation canon + shell foundation,IMPLEMENTED,Imported from WP17C ledger · Shared shell/token convergence wave active · frontend/src/components/admin/sidebar/domainMap.js,PENDING
NAV-0037,admin,/admin/deploy-recovery,/,navigation_item,ACTIVE,WP17D_CANONICAL_WAVE,PortalShell (canonical wp17d wave),Canonical glass header,Canonical nav item under convergence,Layered light base + navy grid + restrained glass,Admin V2 sidebar,lucide-react (canonical wrapper convergence),ALIGN_LABEL,CONTEXTUAL_HELP_OPTIONAL,Canonical footer boundary in wave rollout,Canonical responsive shell in wave rollout,Operational; convergence verification pending,None observed in current wave or pending inspection,STANDARDIZE,NAVIGATION_CONVERGENCE,Inspect and repair defects encountered during migration,WP17C_CANONICAL_NAVIGATION_ITEM,frontend/src/components/admin/sidebar/domainMap.js,Navigation canon + shell foundation,IMPLEMENTED,Imported from WP17C ledger · Shared shell/token convergence wave active · frontend/src/components/admin/sidebar/domainMap.js,PENDING
NAV-0038,admin,/admin/analytics,/,navigation_item,ACTIVE,WP17D_CANONICAL_WAVE,PortalShell (canonical wp17d wave),Canonical glass header,Canonical nav item under convergence,Layered light base + navy grid + restrained glass,Admin V2 sidebar,lucide-react (canonical wrapper convergence),ALIGN_LABEL,CONTEXTUAL_HELP_OPTIONAL,Canonical footer boundary in wave rollout,Canonical responsive shell in wave rollout,Operational; convergence verification pending,None observed in current wave or pending inspection,STANDARDIZE,NAVIGATION_CONVERGENCE,Inspect and repair defects encountered during migration,WP17C_CANONICAL_NAVIGATION_ITEM,frontend/src/components/admin/sidebar/domainMap.js,Navigation canon + shell foundation,IMPLEMENTED,Imported from WP17C ledger · Shared shell/token convergence wave active · frontend/src/components/admin/sidebar/domainMap.js,PENDING
NAV-0039,admin,/admin/integrations,/,navigation_item,ACTIVE,WP17D_CANONICAL_WAVE,PortalShell (canonical wp17d wave),Canonical glass header,Canonical nav item under convergence,Layered light base + navy grid + restrained glass,Admin V2 sidebar,lucide-react (canonical wrapper convergence),ALIGN_LABEL,CONTEXTUAL_HELP_OPTIONAL,Canonical footer boundary in wave rollout,Canonical responsive shell in wave rollout,Operational; convergence verification pending,None observed in current wave or pending inspection,STANDARDIZE,NAVIGATION_CONVERGENCE,Inspect and repair defects encountered during migration,WP17C_CANONICAL_NAVIGATION_ITEM,frontend/src/components/admin/sidebar/domainMap.js,Navigation canon + shell foundation,IMPLEMENTED,Imported from WP17C ledger · Shared shell/token convergence wave active · frontend/src/components/admin/sidebar/domainMap.js,PENDING
NAV-0040,admin,/admin/promo-assets,/,navigation_item,ACTIVE,WP17D_CANONICAL_WAVE,PortalShell (canonical wp17d wave),Canonical glass header,Canonical nav item under convergence,Layered light base + navy grid + restrained glass,Admin V2 sidebar,lucide-react (canonical wrapper convergence),ALIGN_LABEL,CONTEXTUAL_HELP_OPTIONAL,Canonical footer boundary in wave rollout,Canonical responsive shell in wave rollout,Operational; convergence verification pending,None observed in current wave or pending inspection,STANDARDIZE,NAVIGATION_CONVERGENCE,Inspect and repair defects encountered during migration,WP17C_CANONICAL_NAVIGATION_ITEM,frontend/src/components/admin/sidebar/domainMap.js,Navigation canon + shell foundation,IMPLEMENTED,Imported from WP17C ledger · Shared shell/token convergence wave active · frontend/src/components/admin/sidebar/domainMap.js,PENDING
NAV-0041,admin,/tasks,/,navigation_item,ACTIVE,WP17D_CANONICAL_WAVE,PortalShell (canonical wp17d wave),Canonical glass header,Canonical nav item under convergence,Layered light base + navy grid + restrained glass,Admin V2 sidebar,lucide-react (canonical wrapper convergence),ALIGN_LABEL,CONTEXTUAL_HELP_OPTIONAL,Canonical footer boundary in wave rollout,Canonical responsive shell in wave rollout,Operational; convergence verification pending,None observed in current wave or pending inspection,STANDARDIZE,NAVIGATION_CONVERGENCE,Inspect and repair defects encountered during migration,WP17C_CANONICAL_NAVIGATION_ITEM,frontend/src/components/admin/sidebar/domainMap.js,Navigation canon + shell foundation,IMPLEMENTED,Imported from WP17C ledger · Shared shell/token convergence wave active · frontend/src/components/admin/sidebar/domainMap.js,PENDING
NAV-0042,admin,/po-requests,/,navigation_item,ACTIVE,WP17D_CANONICAL_WAVE,PortalShell (canonical wp17d wave),Canonical glass header,Canonical nav item under convergence,Layered light base + navy grid + restrained glass,Admin V2 sidebar,lucide-react (canonical wrapper convergence),ALIGN_LABEL,CONTEXTUAL_HELP_OPTIONAL,Canonical footer boundary in wave rollout,Canonical responsive shell in wave rollout,Operational; convergence verification pending,None observed in current wave or pending inspection,STANDARDIZE,NAVIGATION_CONVERGENCE,Inspect and repair defects encountered during migration,WP17C_CANONICAL_NAVIGATION_ITEM,frontend/src/components/admin/sidebar/domainMap.js,Navigation canon + shell foundation,IMPLEMENTED,Imported from WP17C ledger · Shared shell/token convergence wave active · frontend/src/components/admin/sidebar/domainMap.js,PENDING
NAV-0043,admin,/guidance,/,navigation_item,ACTIVE,WP17D_CANONICAL_WAVE,PortalShell (canonical wp17d wave),Canonical glass header,Canonical nav item under convergence,Layered light base + navy grid + restrained glass,Admin V2 sidebar,lucide-react (canonical wrapper convergence),ALIGN_LABEL,CONTEXTUAL_HELP_OPTIONAL,Canonical footer boundary in wave rollout,Canonical responsive shell in wave rollout,Operational; convergence verification pending,None observed in current wave or pending inspection,STANDARDIZE,NAVIGATION_CONVERGENCE,Inspect and repair defects encountered during migration,WP17C_CANONICAL_NAVIGATION_ITEM,frontend/src/components/admin/sidebar/domainMap.js,Navigation canon + shell foundation,IMPLEMENTED,Imported from WP17C ledger · Shared shell/token convergence wave active · frontend/src/components/admin/sidebar/domainMap.js,PENDING
NAV-0044,admin,/admin,/,navigation_item,ACTIVE,WP17D_CANONICAL_WAVE,PortalShell (canonical wp17d wave),Canonical glass header,Canonical nav item under convergence,Layered light base + navy grid + restrained glass,Admin V3 domain map,lucide-react (canonical wrapper convergence),ALIGN_LABEL,CONTEXTUAL_HELP_OPTIONAL,Canonical footer boundary in wave rollout,Canonical responsive shell in wave rollout,Operational; convergence verification pending,None observed in current wave or pending inspection,STANDARDIZE,NAVIGATION_CONVERGENCE,Inspect and repair defects encountered during migration,WP17C_CANONICAL_NAVIGATION_ITEM,frontend/src/app/admin/domainMapV3.js,Navigation canon + shell foundation,IMPLEMENTED,Imported from WP17C ledger · Shared shell/token convergence wave active · frontend/src/app/admin/domainMapV3.js,PENDING
NAV-0045,admin,/admin/operations-control,/,navigation_item,ACTIVE,WP17D_CANONICAL_WAVE,PortalShell (canonical wp17d wave),Canonical glass header,Canonical nav item under convergence,Layered light base + navy grid + restrained glass,Admin V3 domain map,lucide-react (canonical wrapper convergence),ALIGN_LABEL,CONTEXTUAL_HELP_OPTIONAL,Canonical footer boundary in wave rollout,Canonical responsive shell in wave rollout,Operational; convergence verification pending,None observed in current wave or pending inspection,STANDARDIZE,NAVIGATION_CONVERGENCE,Inspect and repair defects encountered during migration,WP17C_CANONICAL_NAVIGATION_ITEM,frontend/src/app/admin/domainMapV3.js,Navigation canon + shell foundation,IMPLEMENTED,Imported from WP17C ledger · Shared shell/token convergence wave active · frontend/src/app/admin/domainMapV3.js,PENDING
NAV-0046,admin,/admin/storage-recovery,/,navigation_item,ACTIVE,WP17D_CANONICAL_WAVE,PortalShell (canonical wp17d wave),Canonical glass header,Canonical nav item under convergence,Layered light base + navy grid + restrained glass,Admin V3 domain map,lucide-react (canonical wrapper convergence),ALIGN_LABEL,CONTEXTUAL_HELP_OPTIONAL,Canonical footer boundary in wave rollout,Canonical responsive shell in wave rollout,Operational; convergence verification pending,None observed in current wave or pending inspection,STANDARDIZE,NAVIGATION_CONVERGENCE,Inspect and repair defects encountered during migration,WP17C_CANONICAL_NAVIGATION_ITEM,frontend/src/app/admin/domainMapV3.js,Navigation canon + shell foundation,IMPLEMENTED,Imported from WP17C ledger · Shared shell/token convergence wave active · frontend/src/app/admin/domainMapV3.js,PENDING
NAV-0047,admin,/admin/ai-operations,/,navigation_item,ACTIVE,WP17D_CANONICAL_WAVE,PortalShell (canonical wp17d wave),Canonical glass header,Canonical nav item under convergence,Layered light base + navy grid + restrained glass,Admin V3 domain map,lucide-react (canonical wrapper convergence),ALIGN_LABEL,CONTEXTUAL_HELP_OPTIONAL,Canonical footer boundary in wave rollout,Canonical responsive shell in wave rollout,Operational; convergence verification pending,None observed in current wave or pending inspection,STANDARDIZE,NAVIGATION_CONVERGENCE,Inspect and repair defects encountered during migration,WP17C_CANONICAL_NAVIGATION_ITEM,frontend/src/app/admin/domainMapV3.js,Navigation canon + shell foundation,IMPLEMENTED,Imported from WP17C ledger · Shared shell/token convergence wave active · frontend/src/app/admin/domainMapV3.js,PENDING
NAV-0048,admin,/admin/communications,/,navigation_item,ACTIVE,WP17D_CANONICAL_WAVE,PortalShell (canonical wp17d wave),Canonical glass header,Canonical nav item under convergence,Layered light base + navy grid + restrained glass,Admin V3 domain map,lucide-react (canonical wrapper convergence),ALIGN_LABEL,CONTEXTUAL_HELP_OPTIONAL,Canonical footer boundary in wave rollout,Canonical responsive shell in wave rollout,Operational; convergence verification pending,None observed in current wave or pending inspection,STANDARDIZE,NAVIGATION_CONVERGENCE,Inspect and repair defects encountered during migration,WP17C_CANONICAL_NAVIGATION_ITEM,frontend/src/app/admin/domainMapV3.js,Navigation canon + shell foundation,IMPLEMENTED,Imported from WP17C ledger · Shared shell/token convergence wave active · frontend/src/app/admin/domainMapV3.js,PENDING
NAV-0049,admin,/admin/identity-security,/,navigation_item,ACTIVE,WP17D_CANONICAL_WAVE,PortalShell (canonical wp17d wave),Canonical glass header,Canonical nav item under convergence,Layered light base + navy grid + restrained glass,Admin V3 domain map,lucide-react (canonical wrapper convergence),ALIGN_LABEL,CONTEXTUAL_HELP_OPTIONAL,Canonical footer boundary in wave rollout,Canonical responsive shell in wave rollout,Operational; convergence verification pending,None observed in current wave or pending inspection,STANDARDIZE,NAVIGATION_CONVERGENCE,Inspect and repair defects encountered during migration,WP17C_CANONICAL_NAVIGATION_ITEM,frontend/src/app/admin/domainMapV3.js,Navigation canon + shell foundation,IMPLEMENTED,Imported from WP17C ledger · Shared shell/token convergence wave active · frontend/src/app/admin/domainMapV3.js,PENDING
NAV-0050,admin,/admin/governance-trust,/,navigation_item,ACTIVE,WP17D_CANONICAL_WAVE,PortalShell (canonical wp17d wave),Canonical glass header,Canonical nav item under convergence,Layered light base + navy grid + restrained glass,Admin V3 domain map,lucide-react (canonical wrapper convergence),ALIGN_LABEL,CONTEXTUAL_HELP_OPTIONAL,Canonical footer boundary in wave rollout,Canonical responsive shell in wave rollout,Operational; convergence verification pending,None observed in current wave or pending inspection,STANDARDIZE,NAVIGATION_CONVERGENCE,Inspect and repair defects encountered during migration,WP17C_CANONICAL_NAVIGATION_ITEM,frontend/src/app/admin/domainMapV3.js,Navigation canon + shell foundation,IMPLEMENTED,Imported from WP17C ledger · Shared shell/token convergence wave active · frontend/src/app/admin/domainMapV3.js,PENDING
NAV-0051,admin,/admin/platform-configuration,/,navigation_item,ACTIVE,WP17D_CANONICAL_WAVE,PortalShell (canonical wp17d wave),Canonical glass header,Canonical nav item under convergence,Layered light base + navy grid + restrained glass,Admin V3 domain map,lucide-react (canonical wrapper convergence),ALIGN_LABEL,CONTEXTUAL_HELP_OPTIONAL,Canonical footer boundary in wave rollout,Canonical responsive shell in wave rollout,Operational; convergence verification pending,None observed in current wave or pending inspection,STANDARDIZE,NAVIGATION_CONVERGENCE,Inspect and repair defects encountered during migration,WP17C_CANONICAL_NAVIGATION_ITEM,frontend/src/app/admin/domainMapV3.js,Navigation canon + shell foundation,IMPLEMENTED,Imported from WP17C ledger · Shared shell/token convergence wave active · frontend/src/app/admin/domainMapV3.js,PENDING
NAV-0052,admin,/admin/diagnostics,/,navigation_item,ACTIVE,WP17D_CANONICAL_WAVE,PortalShell (canonical wp17d wave),Canonical glass header,Canonical nav item under convergence,Layered light base + navy grid + restrained glass,Admin V3 domain map,lucide-react (canonical wrapper convergence),ALIGN_LABEL,CONTEXTUAL_HELP_OPTIONAL,Canonical footer boundary in wave rollout,Canonical responsive shell in wave rollout,Operational; convergence verification pending,None observed in current wave or pending inspection,STANDARDIZE,NAVIGATION_CONVERGENCE,Inspect and repair defects encountered during migration,WP17C_CANONICAL_NAVIGATION_ITEM,frontend/src/app/admin/domainMapV3.js,Navigation canon + shell foundation,IMPLEMENTED,Imported from WP17C ledger · Shared shell/token convergence wave active · frontend/src/app/admin/domainMapV3.js,PENDING
NAV-0053,admin,/admin/maintenance,/,navigation_item,ACTIVE,WP17D_CANONICAL_WAVE,PortalShell (canonical wp17d wave),Canonical glass header,Canonical nav item under convergence,Layered light base + navy grid + restrained glass,Admin V3 domain map,lucide-react (canonical wrapper convergence),ALIGN_LABEL,CONTEXTUAL_HELP_OPTIONAL,Canonical footer boundary in wave rollout,Canonical responsive shell in wave rollout,Operational; convergence verification pending,None observed in current wave or pending inspection,STANDARDIZE,NAVIGATION_CONVERGENCE,Inspect and repair defects encountered during migration,WP17C_CANONICAL_NAVIGATION_ITEM,frontend/src/app/admin/domainMapV3.js,Navigation canon + shell foundation,IMPLEMENTED,Imported from WP17C ledger · Shared shell/token convergence wave active · frontend/src/app/admin/domainMapV3.js,PENDING
NAV-0054,admin,/admin/platform-overview,/,navigation_item,HIDDEN,WP17D_CANONICAL_WAVE,PortalShell (canonical wp17d wave),Canonical glass header,Canonical nav item under convergence,Layered light base + navy grid + restrained glass,Admin V3 domain map,lucide-react (canonical wrapper convergence),ALIGN_LABEL,CONTEXTUAL_HELP_OPTIONAL,Canonical footer boundary in wave rollout,Canonical responsive shell in wave rollout,Intentionally hidden or internal,None observed in current wave or pending inspection,STANDARDIZE,NAVIGATION_CONVERGENCE,Inspect and repair defects encountered during migration,WP17C_CANONICAL_NAVIGATION_ITEM,frontend/src/app/admin/domainMapV3.js,Navigation canon + shell foundation,HIDDEN,Imported from WP17C ledger · Shared shell/token convergence wave active · frontend/src/app/admin/domainMapV3.js,PENDING
NAV-0055,admin,/admin/database,/,navigation_item,ACTIVE,WP17D_CANONICAL_WAVE,PortalShell (canonical wp17d wave),Canonical glass header,Canonical nav item under convergence,Layered light base + navy grid + restrained glass,Admin V3 domain map,lucide-react (canonical wrapper convergence),ALIGN_LABEL,CONTEXTUAL_HELP_OPTIONAL,Canonical footer boundary in wave rollout,Canonical responsive shell in wave rollout,Operational; convergence verification pending,None observed in current wave or pending inspection,STANDARDIZE,NAVIGATION_CONVERGENCE,Inspect and repair defects encountered during migration,WP17C_CANONICAL_NAVIGATION_ITEM,frontend/src/app/admin/domainMapV3.js,Navigation canon + shell foundation,IMPLEMENTED,Imported from WP17C ledger · Shared shell/token convergence wave active · frontend/src/app/admin/domainMapV3.js,PENDING
NAV-0056,admin,/admin/mfa,/,navigation_item,ACTIVE,WP17D_CANONICAL_WAVE,PortalShell (canonical wp17d wave),Canonical glass header,Canonical nav item under convergence,Layered light base + navy grid + restrained glass,Admin V3 domain map,lucide-react (canonical wrapper convergence),ALIGN_LABEL,CONTEXTUAL_HELP_OPTIONAL,Canonical footer boundary in wave rollout,Canonical responsive shell in wave rollout,Operational; convergence verification pending,None observed in current wave or pending inspection,STANDARDIZE,NAVIGATION_CONVERGENCE,Inspect and repair defects encountered during migration,WP17C_CANONICAL_NAVIGATION_ITEM,frontend/src/app/admin/domainMapV3.js,Navigation canon + shell foundation,IMPLEMENTED,Imported from WP17C ledger · Shared shell/token convergence wave active · frontend/src/app/admin/domainMapV3.js,PENDING
NAV-0057,admin,/admin/governance/self-protection,/,navigation_item,ACTIVE,WP17D_CANONICAL_WAVE,PortalShell (canonical wp17d wave),Canonical glass header,Canonical nav item under convergence,Layered light base + navy grid + restrained glass,Admin V3 domain map,lucide-react (canonical wrapper convergence),ALIGN_LABEL,CONTEXTUAL_HELP_OPTIONAL,Canonical footer boundary in wave rollout,Canonical responsive shell in wave rollout,Operational; convergence verification pending,None observed in current wave or pending inspection,STANDARDIZE,NAVIGATION_CONVERGENCE,Inspect and repair defects encountered during migration,WP17C_CANONICAL_NAVIGATION_ITEM,frontend/src/app/admin/domainMapV3.js,Navigation canon + shell foundation,IMPLEMENTED,Imported from WP17C ledger · Shared shell/token convergence wave active · frontend/src/app/admin/domainMapV3.js,PENDING
NAV-0058,admin,/admin/profile,/,navigation_item,ACTIVE,WP17D_CANONICAL_WAVE,PortalShell (canonical wp17d wave),Canonical glass header,Canonical nav item under convergence,Layered light base + navy grid + restrained glass,Admin V3 domain map,lucide-react (canonical wrapper convergence),ALIGN_LABEL,CONTEXTUAL_HELP_OPTIONAL,Canonical footer boundary in wave rollout,Canonical responsive shell in wave rollout,Operational; convergence verification pending,None observed in current wave or pending inspection,STANDARDIZE,NAVIGATION_CONVERGENCE,Inspect and repair defects encountered during migration,WP17C_CANONICAL_NAVIGATION_ITEM,frontend/src/app/admin/domainMapV3.js,Navigation canon + shell foundation,IMPLEMENTED,Imported from WP17C ledger · Shared shell/token convergence wave active · frontend/src/app/admin/domainMapV3.js,PENDING
NAV-0059,admin,/admin/guide,/,navigation_item,ACTIVE,WP17D_CANONICAL_WAVE,PortalShell (canonical wp17d wave),Canonical glass header,Canonical nav item under convergence,Layered light base + navy grid + restrained glass,Admin V3 domain map,lucide-react (canonical wrapper convergence),ALIGN_LABEL,CONTEXTUAL_HELP_OPTIONAL,Canonical footer boundary in wave rollout,Canonical responsive shell in wave rollout,Operational; convergence verification pending,None observed in current wave or pending inspection,STANDARDIZE,NAVIGATION_CONVERGENCE,Inspect and repair defects encountered during migration,WP17C_CANONICAL_NAVIGATION_ITEM,frontend/src/app/admin/domainMapV3.js,Navigation canon + shell foundation,IMPLEMENTED,Imported from WP17C ledger · Shared shell/token convergence wave active · frontend/src/app/admin/domainMapV3.js,PENDING
NAV-0060,admin,/admin/command-center,/,navigation_item,ACTIVE,WP17D_CANONICAL_WAVE,PortalShell (canonical wp17d wave),Canonical glass header,Canonical nav item under convergence,Layered light base + navy grid + restrained glass,Admin V3 domain map,lucide-react (canonical wrapper convergence),ALIGN_LABEL,CONTEXTUAL_HELP_OPTIONAL,Canonical footer boundary in wave rollout,Canonical responsive shell in wave rollout,Operational; convergence verification pending,None observed in current wave or pending inspection,STANDARDIZE,NAVIGATION_CONVERGENCE,Inspect and repair defects encountered during migration,WP17C_CANONICAL_NAVIGATION_ITEM,frontend/src/app/admin/domainMapV3.js,Navigation canon + shell foundation,IMPLEMENTED,Imported from WP17C ledger · Shared shell/token convergence wave active · frontend/src/app/admin/domainMapV3.js,PENDING
NAV-0061,admin,/admin/executive-overview,/,navigation_item,ACTIVE,WP17D_CANONICAL_WAVE,PortalShell (canonical wp17d wave),Canonical glass header,Canonical nav item under convergence,Layered light base + navy grid + restrained glass,Admin V3 domain map,lucide-react (canonical wrapper convergence),ALIGN_LABEL,CONTEXTUAL_HELP_OPTIONAL,Canonical footer boundary in wave rollout,Canonical responsive shell in wave rollout,Operational; convergence verification pending,None observed in current wave or pending inspection,STANDARDIZE,NAVIGATION_CONVERGENCE,Inspect and repair defects encountered during migration,WP17C_CANONICAL_NAVIGATION_ITEM,frontend/src/app/admin/domainMapV3.js,Navigation canon + shell foundation,IMPLEMENTED,Imported from WP17C ledger · Shared shell/token convergence wave active · frontend/src/app/admin/domainMapV3.js,PENDING
NAV-0062,admin,/admin/pnl,/,navigation_item,ACTIVE,WP17D_CANONICAL_WAVE,PortalShell (canonical wp17d wave),Canonical glass header,Canonical nav item under convergence,Layered light base + navy grid + restrained glass,Admin V3 domain map,lucide-react (canonical wrapper convergence),ALIGN_LABEL,CONTEXTUAL_HELP_OPTIONAL,Canonical footer boundary in wave rollout,Canonical responsive shell in wave rollout,Operational; convergence verification pending,None observed in current wave or pending inspection,STANDARDIZE,NAVIGATION_CONVERGENCE,Inspect and repair defects encountered during migration,WP17C_CANONICAL_NAVIGATION_ITEM,frontend/src/app/admin/domainMapV3.js,Navigation canon + shell foundation,IMPLEMENTED,Imported from WP17C ledger · Shared shell/token convergence wave active · frontend/src/app/admin/domainMapV3.js,PENDING
NAV-0063,admin,/admin/jobs,/,navigation_item,ACTIVE,WP17D_CANONICAL_WAVE,PortalShell (canonical wp17d wave),Canonical glass header,Canonical nav item under convergence,Layered light base + navy grid + restrained glass,Admin V3 domain map,lucide-react (canonical wrapper convergence),ALIGN_LABEL,CONTEXTUAL_HELP_OPTIONAL,Canonical footer boundary in wave rollout,Canonical responsive shell in wave rollout,Operational; convergence verification pending,None observed in current wave or pending inspection,STANDARDIZE,NAVIGATION_CONVERGENCE,Inspect and repair defects encountered during migration,WP17C_CANONICAL_NAVIGATION_ITEM,frontend/src/app/admin/domainMapV3.js,Navigation canon + shell foundation,IMPLEMENTED,Imported from WP17C ledger · Shared shell/token convergence wave active · frontend/src/app/admin/domainMapV3.js,PENDING
NAV-0064,admin,/admin/daily-reports,/,navigation_item,ACTIVE,WP17D_CANONICAL_WAVE,PortalShell (canonical wp17d wave),Canonical glass header,Canonical nav item under convergence,Layered light base + navy grid + restrained glass,Admin V3 domain map,lucide-react (canonical wrapper convergence),ALIGN_LABEL,CONTEXTUAL_HELP_OPTIONAL,Canonical footer boundary in wave rollout,Canonical responsive shell in wave rollout,Operational; convergence verification pending,None observed in current wave or pending inspection,STANDARDIZE,NAVIGATION_CONVERGENCE,Inspect and repair defects encountered during migration,WP17C_CANONICAL_NAVIGATION_ITEM,frontend/src/app/admin/domainMapV3.js,Navigation canon + shell foundation,IMPLEMENTED,Imported from WP17C ledger · Shared shell/token convergence wave active · frontend/src/app/admin/domainMapV3.js,PENDING
NAV-0065,admin,/admin/equipment,/,navigation_item,ACTIVE,WP17D_CANONICAL_WAVE,PortalShell (canonical wp17d wave),Canonical glass header,Canonical nav item under convergence,Layered light base + navy grid + restrained glass,Admin V3 domain map,lucide-react (canonical wrapper convergence),ALIGN_LABEL,CONTEXTUAL_HELP_OPTIONAL,Canonical footer boundary in wave rollout,Canonical responsive shell in wave rollout,Operational; convergence verification pending,None observed in current wave or pending inspection,STANDARDIZE,NAVIGATION_CONVERGENCE,Inspect and repair defects encountered during migration,WP17C_CANONICAL_NAVIGATION_ITEM,frontend/src/app/admin/domainMapV3.js,Navigation canon + shell foundation,IMPLEMENTED,Imported from WP17C ledger · Shared shell/token convergence wave active · frontend/src/app/admin/domainMapV3.js,PENDING
NAV-0066,admin,/admin/dispatch,/,navigation_item,ACTIVE,WP17D_CANONICAL_WAVE,PortalShell (canonical wp17d wave),Canonical glass header,Canonical nav item under convergence,Layered light base + navy grid + restrained glass,Admin V3 domain map,lucide-react (canonical wrapper convergence),ALIGN_LABEL,CONTEXTUAL_HELP_OPTIONAL,Canonical footer boundary in wave rollout,Canonical responsive shell in wave rollout,Operational; convergence verification pending,None observed in current wave or pending inspection,STANDARDIZE,NAVIGATION_CONVERGENCE,Inspect and repair defects encountered during migration,WP17C_CANONICAL_NAVIGATION_ITEM,frontend/src/app/admin/domainMapV3.js,Navigation canon + shell foundation,IMPLEMENTED,Imported from WP17C ledger · Shared shell/token convergence wave active · frontend/src/app/admin/domainMapV3.js,PENDING
NAV-0067,admin,/admin/transportation,/,navigation_item,ACTIVE,WP17D_CANONICAL_WAVE,PortalShell (canonical wp17d wave),Canonical glass header,Canonical nav item under convergence,Layered light base + navy grid + restrained glass,Admin V3 domain map,lucide-react (canonical wrapper convergence),ALIGN_LABEL,CONTEXTUAL_HELP_OPTIONAL,Canonical footer boundary in wave rollout,Canonical responsive shell in wave rollout,Operational; convergence verification pending,None observed in current wave or pending inspection,STANDARDIZE,NAVIGATION_CONVERGENCE,Inspect and repair defects encountered during migration,WP17C_CANONICAL_NAVIGATION_ITEM,frontend/src/app/admin/domainMapV3.js,Navigation canon + shell foundation,IMPLEMENTED,Imported from WP17C ledger · Shared shell/token convergence wave active · frontend/src/app/admin/domainMapV3.js,PENDING
NAV-0068,admin,/admin/incidents,/,navigation_item,ACTIVE,WP17D_CANONICAL_WAVE,PortalShell (canonical wp17d wave),Canonical glass header,Canonical nav item under convergence,Layered light base + navy grid + restrained glass,Admin V3 domain map,lucide-react (canonical wrapper convergence),ALIGN_LABEL,CONTEXTUAL_HELP_OPTIONAL,Canonical footer boundary in wave rollout,Canonical responsive shell in wave rollout,Operational; convergence verification pending,None observed in current wave or pending inspection,STANDARDIZE,NAVIGATION_CONVERGENCE,Inspect and repair defects encountered during migration,WP17C_CANONICAL_NAVIGATION_ITEM,frontend/src/app/admin/domainMapV3.js,Navigation canon + shell foundation,IMPLEMENTED,Imported from WP17C ledger · Shared shell/token convergence wave active · frontend/src/app/admin/domainMapV3.js,PENDING
NAV-0069,admin,/admin/people,/,navigation_item,ACTIVE,WP17D_CANONICAL_WAVE,PortalShell (canonical wp17d wave),Canonical glass header,Canonical nav item under convergence,Layered light base + navy grid + restrained glass,Admin V3 domain map,lucide-react (canonical wrapper convergence),ALIGN_LABEL,CONTEXTUAL_HELP_OPTIONAL,Canonical footer boundary in wave rollout,Canonical responsive shell in wave rollout,Operational; convergence verification pending,None observed in current wave or pending inspection,STANDARDIZE,NAVIGATION_CONVERGENCE,Inspect and repair defects encountered during migration,WP17C_CANONICAL_NAVIGATION_ITEM,frontend/src/app/admin/domainMapV3.js,Navigation canon + shell foundation,IMPLEMENTED,Imported from WP17C ledger · Shared shell/token convergence wave active · frontend/src/app/admin/domainMapV3.js,PENDING
NAV-0070,admin,/admin/training,/,navigation_item,ACTIVE,WP17D_CANONICAL_WAVE,PortalShell (canonical wp17d wave),Canonical glass header,Canonical nav item under convergence,Layered light base + navy grid + restrained glass,Admin V3 domain map,lucide-react (canonical wrapper convergence),ALIGN_LABEL,CONTEXTUAL_HELP_OPTIONAL,Canonical footer boundary in wave rollout,Canonical responsive shell in wave rollout,Operational; convergence verification pending,None observed in current wave or pending inspection,STANDARDIZE,NAVIGATION_CONVERGENCE,Inspect and repair defects encountered during migration,WP17C_CANONICAL_NAVIGATION_ITEM,frontend/src/app/admin/domainMapV3.js,Navigation canon + shell foundation,IMPLEMENTED,Imported from WP17C ledger · Shared shell/token convergence wave active · frontend/src/app/admin/domainMapV3.js,PENDING
NAV-0071,admin,/admin/audit-log,/,navigation_item,ACTIVE,WP17D_CANONICAL_WAVE,PortalShell (canonical wp17d wave),Canonical glass header,Canonical nav item under convergence,Layered light base + navy grid + restrained glass,Admin V3 domain map,lucide-react (canonical wrapper convergence),ALIGN_LABEL,CONTEXTUAL_HELP_OPTIONAL,Canonical footer boundary in wave rollout,Canonical responsive shell in wave rollout,Operational; convergence verification pending,None observed in current wave or pending inspection,STANDARDIZE,NAVIGATION_CONVERGENCE,Inspect and repair defects encountered during migration,WP17C_CANONICAL_NAVIGATION_ITEM,frontend/src/app/admin/domainMapV3.js,Navigation canon + shell foundation,IMPLEMENTED,Imported from WP17C ledger · Shared shell/token convergence wave active · frontend/src/app/admin/domainMapV3.js,PENDING
NAV-0072,admin,/admin/legacy-imports,/,navigation_item,ACTIVE,WP17D_CANONICAL_WAVE,PortalShell (canonical wp17d wave),Canonical glass header,Canonical nav item under convergence,Layered light base + navy grid + restrained glass,Admin V3 domain map,lucide-react (canonical wrapper convergence),ALIGN_LABEL,CONTEXTUAL_HELP_OPTIONAL,Canonical footer boundary in wave rollout,Canonical responsive shell in wave rollout,Operational; convergence verification pending,None observed in current wave or pending inspection,STANDARDIZE,NAVIGATION_CONVERGENCE,Inspect and repair defects encountered during migration,WP17C_CANONICAL_NAVIGATION_ITEM,frontend/src/app/admin/domainMapV3.js,Navigation canon + shell foundation,IMPLEMENTED,Imported from WP17C ledger · Shared shell/token convergence wave active · frontend/src/app/admin/domainMapV3.js,PENDING
NAV-0073,admin,/admin/operational-language,/,navigation_item,ACTIVE,WP17D_CANONICAL_WAVE,PortalShell (canonical wp17d wave),Canonical glass header,Canonical nav item under convergence,Layered light base + navy grid + restrained glass,Admin V3 domain map,lucide-react (canonical wrapper convergence),ALIGN_LABEL,CONTEXTUAL_HELP_OPTIONAL,Canonical footer boundary in wave rollout,Canonical responsive shell in wave rollout,Operational; convergence verification pending,None observed in current wave or pending inspection,STANDARDIZE,NAVIGATION_CONVERGENCE,Inspect and repair defects encountered during migration,WP17C_CANONICAL_NAVIGATION_ITEM,frontend/src/app/admin/domainMapV3.js,Navigation canon + shell foundation,IMPLEMENTED,Imported from WP17C ledger · Shared shell/token convergence wave active · frontend/src/app/admin/domainMapV3.js,PENDING
NAV-0074,admin,/admin/daily/:id,/,navigation_item,HIDDEN,WP17D_CANONICAL_WAVE,PortalShell (canonical wp17d wave),Canonical glass header,Canonical nav item under convergence,Layered light base + navy grid + restrained glass,Admin V3 domain map,lucide-react (canonical wrapper convergence),ALIGN_LABEL,CONTEXTUAL_HELP_OPTIONAL,Canonical footer boundary in wave rollout,Canonical responsive shell in wave rollout,Intentionally hidden or internal,None observed in current wave or pending inspection,STANDARDIZE,NAVIGATION_CONVERGENCE,Inspect and repair defects encountered during migration,WP17C_CANONICAL_NAVIGATION_ITEM,frontend/src/app/admin/domainMapV3.js,Navigation canon + shell foundation,HIDDEN,Imported from WP17C ledger · Shared shell/token convergence wave active · frontend/src/app/admin/domainMapV3.js,PENDING
NAV-0075,admin,/admin/meetings/:id,/,navigation_item,HIDDEN,WP17D_CANONICAL_WAVE,PortalShell (canonical wp17d wave),Canonical glass header,Canonical nav item under convergence,Layered light base + navy grid + restrained glass,Admin V3 domain map,lucide-react (canonical wrapper convergence),ALIGN_LABEL,CONTEXTUAL_HELP_OPTIONAL,Canonical footer boundary in wave rollout,Canonical responsive shell in wave rollout,Intentionally hidden or internal,None observed in current wave or pending inspection,STANDARDIZE,NAVIGATION_CONVERGENCE,Inspect and repair defects encountered during migration,WP17C_CANONICAL_NAVIGATION_ITEM,frontend/src/app/admin/domainMapV3.js,Navigation canon + shell foundation,HIDDEN,Imported from WP17C ledger · Shared shell/token convergence wave active · frontend/src/app/admin/domainMapV3.js,PENDING
NAV-0076,admin,/admin/qaqc/:id,/,navigation_item,HIDDEN,WP17D_CANONICAL_WAVE,PortalShell (canonical wp17d wave),Canonical glass header,Canonical nav item under convergence,Layered light base + navy grid + restrained glass,Admin V3 domain map,lucide-react (canonical wrapper convergence),ALIGN_LABEL,CONTEXTUAL_HELP_OPTIONAL,Canonical footer boundary in wave rollout,Canonical responsive shell in wave rollout,Intentionally hidden or internal,None observed in current wave or pending inspection,STANDARDIZE,NAVIGATION_CONVERGENCE,Inspect and repair defects encountered during migration,WP17C_CANONICAL_NAVIGATION_ITEM,frontend/src/app/admin/domainMapV3.js,Navigation canon + shell foundation,HIDDEN,Imported from WP17C ledger · Shared shell/token convergence wave active · frontend/src/app/admin/domainMapV3.js,PENDING
NAV-0077,admin,/admin/jobs/:projectNumber/team,/,navigation_item,HIDDEN,WP17D_CANONICAL_WAVE,PortalShell (canonical wp17d wave),Canonical glass header,Canonical nav item under convergence,Layered light base + navy grid + restrained glass,Admin V3 domain map,lucide-react (canonical wrapper convergence),ALIGN_LABEL,CONTEXTUAL_HELP_OPTIONAL,Canonical footer boundary in wave rollout,Canonical responsive shell in wave rollout,Intentionally hidden or internal,None observed in current wave or pending inspection,STANDARDIZE,NAVIGATION_CONVERGENCE,Inspect and repair defects encountered during migration,WP17C_CANONICAL_NAVIGATION_ITEM,frontend/src/app/admin/domainMapV3.js,Navigation canon + shell foundation,HIDDEN,Imported from WP17C ledger · Shared shell/token convergence wave active · frontend/src/app/admin/domainMapV3.js,PENDING
NAV-0078,admin,/admin/leadership/records/:id,/,navigation_item,HIDDEN,WP17D_CANONICAL_WAVE,PortalShell (canonical wp17d wave),Canonical glass header,Canonical nav item under convergence,Layered light base + navy grid + restrained glass,Admin V3 domain map,lucide-react (canonical wrapper convergence),ALIGN_LABEL,CONTEXTUAL_HELP_OPTIONAL,Canonical footer boundary in wave rollout,Canonical responsive shell in wave rollout,Intentionally hidden or internal,None observed in current wave or pending inspection,STANDARDIZE,NAVIGATION_CONVERGENCE,Inspect and repair defects encountered during migration,WP17C_CANONICAL_NAVIGATION_ITEM,frontend/src/app/admin/domainMapV3.js,Navigation canon + shell foundation,HIDDEN,Imported from WP17C ledger · Shared shell/token convergence wave active · frontend/src/app/admin/domainMapV3.js,PENDING
NAV-0079,admin,/admin/equipment/:id,/,navigation_item,HIDDEN,WP17D_CANONICAL_WAVE,PortalShell (canonical wp17d wave),Canonical glass header,Canonical nav item under convergence,Layered light base + navy grid + restrained glass,Admin V3 domain map,lucide-react (canonical wrapper convergence),ALIGN_LABEL,CONTEXTUAL_HELP_OPTIONAL,Canonical footer boundary in wave rollout,Canonical responsive shell in wave rollout,Intentionally hidden or internal,None observed in current wave or pending inspection,STANDARDIZE,NAVIGATION_CONVERGENCE,Inspect and repair defects encountered during migration,WP17C_CANONICAL_NAVIGATION_ITEM,frontend/src/app/admin/domainMapV3.js,Navigation canon + shell foundation,HIDDEN,Imported from WP17C ledger · Shared shell/token convergence wave active · frontend/src/app/admin/domainMapV3.js,PENDING
NAV-0080,admin,/admin/equipment/:id/history,/,navigation_item,HIDDEN,WP17D_CANONICAL_WAVE,PortalShell (canonical wp17d wave),Canonical glass header,Canonical nav item under convergence,Layered light base + navy grid + restrained glass,Admin V3 domain map,lucide-react (canonical wrapper convergence),ALIGN_LABEL,CONTEXTUAL_HELP_OPTIONAL,Canonical footer boundary in wave rollout,Canonical responsive shell in wave rollout,Intentionally hidden or internal,None observed in current wave or pending inspection,STANDARDIZE,NAVIGATION_CONVERGENCE,Inspect and repair defects encountered during migration,WP17C_CANONICAL_NAVIGATION_ITEM,frontend/src/app/admin/domainMapV3.js,Navigation canon + shell foundation,HIDDEN,Imported from WP17C ledger · Shared shell/token convergence wave active · frontend/src/app/admin/domainMapV3.js,PENDING
NAV-0081,admin,/admin/assets/:assetId,/,navigation_item,HIDDEN,WP17D_CANONICAL_WAVE,PortalShell (canonical wp17d wave),Canonical glass header,Canonical nav item under convergence,Layered light base + navy grid + restrained glass,Admin V3 domain map,lucide-react (canonical wrapper convergence),ALIGN_LABEL,CONTEXTUAL_HELP_OPTIONAL,Canonical footer boundary in wave rollout,Canonical responsive shell in wave rollout,Intentionally hidden or internal,None observed in current wave or pending inspection,STANDARDIZE,NAVIGATION_CONVERGENCE,Inspect and repair defects encountered during migration,WP17C_CANONICAL_NAVIGATION_ITEM,frontend/src/app/admin/domainMapV3.js,Navigation canon + shell foundation,HIDDEN,Imported from WP17C ledger · Shared shell/token convergence wave active · frontend/src/app/admin/domainMapV3.js,PENDING
NAV-0082,admin,/admin/employees/:id/history,/,navigation_item,HIDDEN,WP17D_CANONICAL_WAVE,PortalShell (canonical wp17d wave),Canonical glass header,Canonical nav item under convergence,Layered light base + navy grid + restrained glass,Admin V3 domain map,lucide-react (canonical wrapper convergence),ALIGN_LABEL,CONTEXTUAL_HELP_OPTIONAL,Canonical footer boundary in wave rollout,Canonical responsive shell in wave rollout,Intentionally hidden or internal,None observed in current wave or pending inspection,STANDARDIZE,NAVIGATION_CONVERGENCE,Inspect and repair defects encountered during migration,WP17C_CANONICAL_NAVIGATION_ITEM,frontend/src/app/admin/domainMapV3.js,Navigation canon + shell foundation,HIDDEN,Imported from WP17C ledger · Shared shell/token convergence wave active · frontend/src/app/admin/domainMapV3.js,PENDING
NAV-0083,admin,/admin/incidents/:id,/,navigation_item,HIDDEN,WP17D_CANONICAL_WAVE,PortalShell (canonical wp17d wave),Canonical glass header,Canonical nav item under convergence,Layered light base + navy grid + restrained glass,Admin V3 domain map,lucide-react (canonical wrapper convergence),ALIGN_LABEL,CONTEXTUAL_HELP_OPTIONAL,Canonical footer boundary in wave rollout,Canonical responsive shell in wave rollout,Intentionally hidden or internal,None observed in current wave or pending inspection,STANDARDIZE,NAVIGATION_CONVERGENCE,Inspect and repair defects encountered during migration,WP17C_CANONICAL_NAVIGATION_ITEM,frontend/src/app/admin/domainMapV3.js,Navigation canon + shell foundation,HIDDEN,Imported from WP17C ledger · Shared shell/token convergence wave active · frontend/src/app/admin/domainMapV3.js,PENDING
NAV-0084,admin,/admin/inspections/:id,/,navigation_item,HIDDEN,WP17D_CANONICAL_WAVE,PortalShell (canonical wp17d wave),Canonical glass header,Canonical nav item under convergence,Layered light base + navy grid + restrained glass,Admin V3 domain map,lucide-react (canonical wrapper convergence),ALIGN_LABEL,CONTEXTUAL_HELP_OPTIONAL,Canonical footer boundary in wave rollout,Canonical responsive shell in wave rollout,Intentionally hidden or internal,None observed in current wave or pending inspection,STANDARDIZE,NAVIGATION_CONVERGENCE,Inspect and repair defects encountered during migration,WP17C_CANONICAL_NAVIGATION_ITEM,frontend/src/app/admin/domainMapV3.js,Navigation canon + shell foundation,HIDDEN,Imported from WP17C ledger · Shared shell/token convergence wave active · frontend/src/app/admin/domainMapV3.js,PENDING
NAV-0085,admin,/admin/asset-mapping,/,navigation_item,HIDDEN,WP17D_CANONICAL_WAVE,PortalShell (canonical wp17d wave),Canonical glass header,Canonical nav item under convergence,Layered light base + navy grid + restrained glass,Admin V3 domain map,lucide-react (canonical wrapper convergence),ALIGN_LABEL,CONTEXTUAL_HELP_OPTIONAL,Canonical footer boundary in wave rollout,Canonical responsive shell in wave rollout,Intentionally hidden or internal,None observed in current wave or pending inspection,STANDARDIZE,NAVIGATION_CONVERGENCE,Inspect and repair defects encountered during migration,WP17C_CANONICAL_NAVIGATION_ITEM,frontend/src/app/admin/domainMapV3.js,Navigation canon + shell foundation,HIDDEN,Imported from WP17C ledger · Shared shell/token convergence wave active · frontend/src/app/admin/domainMapV3.js,PENDING
NAV-0086,admin,/admin/asset-admin,/,navigation_item,HIDDEN,WP17D_CANONICAL_WAVE,PortalShell (canonical wp17d wave),Canonical glass header,Canonical nav item under convergence,Layered light base + navy grid + restrained glass,Admin V3 domain map,lucide-react (canonical wrapper convergence),ALIGN_LABEL,CONTEXTUAL_HELP_OPTIONAL,Canonical footer boundary in wave rollout,Canonical responsive shell in wave rollout,Intentionally hidden or internal,None observed in current wave or pending inspection,STANDARDIZE,NAVIGATION_CONVERGENCE,Inspect and repair defects encountered during migration,WP17C_CANONICAL_NAVIGATION_ITEM,frontend/src/app/admin/domainMapV3.js,Navigation canon + shell foundation,HIDDEN,Imported from WP17C ledger · Shared shell/token convergence wave active · frontend/src/app/admin/domainMapV3.js,PENDING
NAV-0087,admin,/admin/asset-spine,/,navigation_item,HIDDEN,WP17D_CANONICAL_WAVE,PortalShell (canonical wp17d wave),Canonical glass header,Canonical nav item under convergence,Layered light base + navy grid + restrained glass,Admin V3 domain map,lucide-react (canonical wrapper convergence),ALIGN_LABEL,CONTEXTUAL_HELP_OPTIONAL,Canonical footer boundary in wave rollout,Canonical responsive shell in wave rollout,Intentionally hidden or internal,None observed in current wave or pending inspection,STANDARDIZE,NAVIGATION_CONVERGENCE,Inspect and repair defects encountered during migration,WP17C_CANONICAL_NAVIGATION_ITEM,frontend/src/app/admin/domainMapV3.js,Navigation canon + shell foundation,HIDDEN,Imported from WP17C ledger · Shared shell/token convergence wave active · frontend/src/app/admin/domainMapV3.js,PENDING
NAV-0088,admin,/admin/geofence-reconciliation,/,navigation_item,HIDDEN,WP17D_CANONICAL_WAVE,PortalShell (canonical wp17d wave),Canonical glass header,Canonical nav item under convergence,Layered light base + navy grid + restrained glass,Admin V3 domain map,lucide-react (canonical wrapper convergence),ALIGN_LABEL,CONTEXTUAL_HELP_OPTIONAL,Canonical footer boundary in wave rollout,Canonical responsive shell in wave rollout,Intentionally hidden or internal,None observed in current wave or pending inspection,STANDARDIZE,NAVIGATION_CONVERGENCE,Inspect and repair defects encountered during migration,WP17C_CANONICAL_NAVIGATION_ITEM,frontend/src/app/admin/domainMapV3.js,Navigation canon + shell foundation,HIDDEN,Imported from WP17C ledger · Shared shell/token convergence wave active · frontend/src/app/admin/domainMapV3.js,PENDING
NAV-0089,admin,/admin/operational-inventory,/,navigation_item,HIDDEN,WP17D_CANONICAL_WAVE,PortalShell (canonical wp17d wave),Canonical glass header,Canonical nav item under convergence,Layered light base + navy grid + restrained glass,Admin V3 domain map,lucide-react (canonical wrapper convergence),ALIGN_LABEL,CONTEXTUAL_HELP_OPTIONAL,Canonical footer boundary in wave rollout,Canonical responsive shell in wave rollout,Intentionally hidden or internal,None observed in current wave or pending inspection,STANDARDIZE,NAVIGATION_CONVERGENCE,Inspect and repair defects encountered during migration,WP17C_CANONICAL_NAVIGATION_ITEM,frontend/src/app/admin/domainMapV3.js,Navigation canon + shell foundation,HIDDEN,Imported from WP17C ledger · Shared shell/token convergence wave active · frontend/src/app/admin/domainMapV3.js,PENDING
NAV-0090,admin,/admin/operational-intelligence,/,navigation_item,HIDDEN,WP17D_CANONICAL_WAVE,PortalShell (canonical wp17d wave),Canonical glass header,Canonical nav item under convergence,Layered light base + navy grid + restrained glass,Admin V3 domain map,lucide-react (canonical wrapper convergence),ALIGN_LABEL,CONTEXTUAL_HELP_OPTIONAL,Canonical footer boundary in wave rollout,Canonical responsive shell in wave rollout,Intentionally hidden or internal,None observed in current wave or pending inspection,STANDARDIZE,NAVIGATION_CONVERGENCE,Inspect and repair defects encountered during migration,WP17C_CANONICAL_NAVIGATION_ITEM,frontend/src/app/admin/domainMapV3.js,Navigation canon + shell foundation,HIDDEN,Imported from WP17C ledger · Shared shell/token convergence wave active · frontend/src/app/admin/domainMapV3.js,PENDING
NAV-0091,admin,/admin/promo-assets,/,navigation_item,HIDDEN,WP17D_CANONICAL_WAVE,PortalShell (canonical wp17d wave),Canonical glass header,Canonical nav item under convergence,Layered light base + navy grid + restrained glass,Admin V3 domain map,lucide-react (canonical wrapper convergence),ALIGN_LABEL,CONTEXTUAL_HELP_OPTIONAL,Canonical footer boundary in wave rollout,Canonical responsive shell in wave rollout,Intentionally hidden or internal,None observed in current wave or pending inspection,STANDARDIZE,NAVIGATION_CONVERGENCE,Inspect and repair defects encountered during migration,WP17C_CANONICAL_NAVIGATION_ITEM,frontend/src/app/admin/domainMapV3.js,Navigation canon + shell foundation,HIDDEN,Imported from WP17C ledger · Shared shell/token convergence wave active · frontend/src/app/admin/domainMapV3.js,PENDING
NAV-0092,admin,/admin/analytics,/,navigation_item,HIDDEN,WP17D_CANONICAL_WAVE,PortalShell (canonical wp17d wave),Canonical glass header,Canonical nav item under convergence,Layered light base + navy grid + restrained glass,Admin V3 domain map,lucide-react (canonical wrapper convergence),ALIGN_LABEL,CONTEXTUAL_HELP_OPTIONAL,Canonical footer boundary in wave rollout,Canonical responsive shell in wave rollout,Intentionally hidden or internal,None observed in current wave or pending inspection,STANDARDIZE,NAVIGATION_CONVERGENCE,Inspect and repair defects encountered during migration,WP17C_CANONICAL_NAVIGATION_ITEM,frontend/src/app/admin/domainMapV3.js,Navigation canon + shell foundation,HIDDEN,Imported from WP17C ledger · Shared shell/token convergence wave active · frontend/src/app/admin/domainMapV3.js,PENDING
NAV-0093,admin,/admin/integrations,/,navigation_item,HIDDEN,WP17D_CANONICAL_WAVE,PortalShell (canonical wp17d wave),Canonical glass header,Canonical nav item under convergence,Layered light base + navy grid + restrained glass,Admin V3 domain map,lucide-react (canonical wrapper convergence),ALIGN_LABEL,CONTEXTUAL_HELP_OPTIONAL,Canonical footer boundary in wave rollout,Canonical responsive shell in wave rollout,Intentionally hidden or internal,None observed in current wave or pending inspection,STANDARDIZE,NAVIGATION_CONVERGENCE,Inspect and repair defects encountered during migration,WP17C_CANONICAL_NAVIGATION_ITEM,frontend/src/app/admin/domainMapV3.js,Navigation canon + shell foundation,HIDDEN,Imported from WP17C ledger · Shared shell/token convergence wave active · frontend/src/app/admin/domainMapV3.js,PENDING
NAV-0094,admin,/admin/ai-configuration,/,navigation_item,HIDDEN,WP17D_CANONICAL_WAVE,PortalShell (canonical wp17d wave),Canonical glass header,Canonical nav item under convergence,Layered light base + navy grid + restrained glass,Admin V3 domain map,lucide-react (canonical wrapper convergence),ALIGN_LABEL,CONTEXTUAL_HELP_OPTIONAL,Canonical footer boundary in wave rollout,Canonical responsive shell in wave rollout,Intentionally hidden or internal,None observed in current wave or pending inspection,STANDARDIZE,NAVIGATION_CONVERGENCE,Inspect and repair defects encountered during migration,WP17C_CANONICAL_NAVIGATION_ITEM,frontend/src/app/admin/domainMapV3.js,Navigation canon + shell foundation,HIDDEN,Imported from WP17C ledger · Shared shell/token convergence wave active · frontend/src/app/admin/domainMapV3.js,PENDING
NAV-0095,admin,/admin/digest-config,/,navigation_item,HIDDEN,WP17D_CANONICAL_WAVE,PortalShell (canonical wp17d wave),Canonical glass header,Canonical nav item under convergence,Layered light base + navy grid + restrained glass,Admin V3 domain map,lucide-react (canonical wrapper convergence),ALIGN_LABEL,CONTEXTUAL_HELP_OPTIONAL,Canonical footer boundary in wave rollout,Canonical responsive shell in wave rollout,Intentionally hidden or internal,None observed in current wave or pending inspection,STANDARDIZE,NAVIGATION_CONVERGENCE,Inspect and repair defects encountered during migration,WP17C_CANONICAL_NAVIGATION_ITEM,frontend/src/app/admin/domainMapV3.js,Navigation canon + shell foundation,HIDDEN,Imported from WP17C ledger · Shared shell/token convergence wave active · frontend/src/app/admin/domainMapV3.js,PENDING
NAV-0096,admin,/admin/email,/,navigation_item,HIDDEN,WP17D_CANONICAL_WAVE,PortalShell (canonical wp17d wave),Canonical glass header,Canonical nav item under convergence,Layered light base + navy grid + restrained glass,Admin V3 domain map,lucide-react (canonical wrapper convergence),ALIGN_LABEL,CONTEXTUAL_HELP_OPTIONAL,Canonical footer boundary in wave rollout,Canonical responsive shell in wave rollout,Intentionally hidden or internal,None observed in current wave or pending inspection,STANDARDIZE,NAVIGATION_CONVERGENCE,Inspect and repair defects encountered during migration,WP17C_CANONICAL_NAVIGATION_ITEM,frontend/src/app/admin/domainMapV3.js,Navigation canon + shell foundation,HIDDEN,Imported from WP17C ledger · Shared shell/token convergence wave active · frontend/src/app/admin/domainMapV3.js,PENDING
NAV-0097,admin,/admin/sessions,/,navigation_item,HIDDEN,WP17D_CANONICAL_WAVE,PortalShell (canonical wp17d wave),Canonical glass header,Canonical nav item under convergence,Layered light base + navy grid + restrained glass,Admin V3 domain map,lucide-react (canonical wrapper convergence),ALIGN_LABEL,CONTEXTUAL_HELP_OPTIONAL,Canonical footer boundary in wave rollout,Canonical responsive shell in wave rollout,Intentionally hidden or internal,None observed in current wave or pending inspection,STANDARDIZE,NAVIGATION_CONVERGENCE,Inspect and repair defects encountered during migration,WP17C_CANONICAL_NAVIGATION_ITEM,frontend/src/app/admin/domainMapV3.js,Navigation canon + shell foundation,HIDDEN,Imported from WP17C ledger · Shared shell/token convergence wave active · frontend/src/app/admin/domainMapV3.js,PENDING
NAV-0098,admin,/admin/governance,/,navigation_item,HIDDEN,WP17D_CANONICAL_WAVE,PortalShell (canonical wp17d wave),Canonical glass header,Canonical nav item under convergence,Layered light base + navy grid + restrained glass,Admin V3 domain map,lucide-react (canonical wrapper convergence),ALIGN_LABEL,CONTEXTUAL_HELP_OPTIONAL,Canonical footer boundary in wave rollout,Canonical responsive shell in wave rollout,Intentionally hidden or internal,None observed in current wave or pending inspection,STANDARDIZE,NAVIGATION_CONVERGENCE,Inspect and repair defects encountered during migration,WP17C_CANONICAL_NAVIGATION_ITEM,frontend/src/app/admin/domainMapV3.js,Navigation canon + shell foundation,HIDDEN,Imported from WP17C ledger · Shared shell/token convergence wave active · frontend/src/app/admin/domainMapV3.js,PENDING
NAV-0099,pm,/pm,/,navigation_item,ACTIVE,WP17D_CANONICAL_WAVE,PortalShell (canonical wp17d wave),Canonical glass header,Canonical nav item under convergence,Layered light base + navy grid + restrained glass,PM V2 sidebar,lucide-react (canonical wrapper convergence),ALIGN_LABEL,CONTEXTUAL_HELP_OPTIONAL,Canonical footer boundary in wave rollout,Canonical responsive shell in wave rollout,Operational; convergence verification pending,None observed in current wave or pending inspection,STANDARDIZE,NAVIGATION_CONVERGENCE,Inspect and repair defects encountered during migration,WP17C_CANONICAL_NAVIGATION_ITEM,frontend/src/components/pm/sidebar/domainMap.js,Navigation canon + shell foundation,IMPLEMENTED,Imported from WP17C ledger · Shared shell/token convergence wave active · frontend/src/components/pm/sidebar/domainMap.js,PENDING
NAV-0100,pm,/pm/command-center,/,navigation_item,ACTIVE,WP17D_CANONICAL_WAVE,PortalShell (canonical wp17d wave),Canonical glass header,Canonical nav item under convergence,Layered light base + navy grid + restrained glass,PM V2 sidebar,lucide-react (canonical wrapper convergence),ALIGN_LABEL,CONTEXTUAL_HELP_OPTIONAL,Canonical footer boundary in wave rollout,Canonical responsive shell in wave rollout,Operational; convergence verification pending,None observed in current wave or pending inspection,STANDARDIZE,NAVIGATION_CONVERGENCE,Inspect and repair defects encountered during migration,WP17C_CANONICAL_NAVIGATION_ITEM,frontend/src/components/pm/sidebar/domainMap.js,Navigation canon + shell foundation,IMPLEMENTED,Imported from WP17C ledger · Shared shell/token convergence wave active · frontend/src/components/pm/sidebar/domainMap.js,PENDING
NAV-0101,pm,/pm/operational-intelligence,/,navigation_item,ACTIVE,WP17D_CANONICAL_WAVE,PortalShell (canonical wp17d wave),Canonical glass header,Canonical nav item under convergence,Layered light base + navy grid + restrained glass,PM V2 sidebar,lucide-react (canonical wrapper convergence),ALIGN_LABEL,CONTEXTUAL_HELP_OPTIONAL,Canonical footer boundary in wave rollout,Canonical responsive shell in wave rollout,Operational; convergence verification pending,None observed in current wave or pending inspection,STANDARDIZE,NAVIGATION_CONVERGENCE,Inspect and repair defects encountered during migration,WP17C_CANONICAL_NAVIGATION_ITEM,frontend/src/components/pm/sidebar/domainMap.js,Navigation canon + shell foundation,IMPLEMENTED,Imported from WP17C ledger · Shared shell/token convergence wave active · frontend/src/components/pm/sidebar/domainMap.js,PENDING
NAV-0102,pm,/pm/jobs,/,navigation_item,ACTIVE,WP17D_CANONICAL_WAVE,PortalShell (canonical wp17d wave),Canonical glass header,Canonical nav item under convergence,Layered light base + navy grid + restrained glass,PM V2 sidebar,lucide-react (canonical wrapper convergence),ALIGN_LABEL,CONTEXTUAL_HELP_OPTIONAL,Canonical footer boundary in wave rollout,Canonical responsive shell in wave rollout,Operational; convergence verification pending,None observed in current wave or pending inspection,STANDARDIZE,NAVIGATION_CONVERGENCE,Inspect and repair defects encountered during migration,WP17C_CANONICAL_NAVIGATION_ITEM,frontend/src/components/pm/sidebar/domainMap.js,Navigation canon + shell foundation,IMPLEMENTED,Imported from WP17C ledger · Shared shell/token convergence wave active · frontend/src/components/pm/sidebar/domainMap.js,PENDING
NAV-0103,pm,/pm/holds,/,navigation_item,ACTIVE,WP17D_CANONICAL_WAVE,PortalShell (canonical wp17d wave),Canonical glass header,Canonical nav item under convergence,Layered light base + navy grid + restrained glass,PM V2 sidebar,lucide-react (canonical wrapper convergence),ALIGN_LABEL,CONTEXTUAL_HELP_OPTIONAL,Canonical footer boundary in wave rollout,Canonical responsive shell in wave rollout,Operational; convergence verification pending,None observed in current wave or pending inspection,STANDARDIZE,NAVIGATION_CONVERGENCE,Inspect and repair defects encountered during migration,WP17C_CANONICAL_NAVIGATION_ITEM,frontend/src/components/pm/sidebar/domainMap.js,Navigation canon + shell foundation,IMPLEMENTED,Imported from WP17C ledger · Shared shell/token convergence wave active · frontend/src/components/pm/sidebar/domainMap.js,PENDING
NAV-0104,pm,/pm/due-today,/,navigation_item,ACTIVE,WP17D_CANONICAL_WAVE,PortalShell (canonical wp17d wave),Canonical glass header,Canonical nav item under convergence,Layered light base + navy grid + restrained glass,PM V2 sidebar,lucide-react (canonical wrapper convergence),ALIGN_LABEL,CONTEXTUAL_HELP_OPTIONAL,Canonical footer boundary in wave rollout,Canonical responsive shell in wave rollout,Operational; convergence verification pending,None observed in current wave or pending inspection,STANDARDIZE,NAVIGATION_CONVERGENCE,Inspect and repair defects encountered during migration,WP17C_CANONICAL_NAVIGATION_ITEM,frontend/src/components/pm/sidebar/domainMap.js,Navigation canon + shell foundation,IMPLEMENTED,Imported from WP17C ledger · Shared shell/token convergence wave active · frontend/src/components/pm/sidebar/domainMap.js,PENDING
NAV-0105,pm,/pm/daily,/,navigation_item,ACTIVE,WP17D_CANONICAL_WAVE,PortalShell (canonical wp17d wave),Canonical glass header,Canonical nav item under convergence,Layered light base + navy grid + restrained glass,PM V2 sidebar,lucide-react (canonical wrapper convergence),ALIGN_LABEL,CONTEXTUAL_HELP_OPTIONAL,Canonical footer boundary in wave rollout,Canonical responsive shell in wave rollout,Operational; convergence verification pending,None observed in current wave or pending inspection,STANDARDIZE,NAVIGATION_CONVERGENCE,Inspect and repair defects encountered during migration,WP17C_CANONICAL_NAVIGATION_ITEM,frontend/src/components/pm/sidebar/domainMap.js,Navigation canon + shell foundation,IMPLEMENTED,Imported from WP17C ledger · Shared shell/token convergence wave active · frontend/src/components/pm/sidebar/domainMap.js,PENDING
NAV-0106,pm,/pm/inspections,/,navigation_item,ACTIVE,WP17D_CANONICAL_WAVE,PortalShell (canonical wp17d wave),Canonical glass header,Canonical nav item under convergence,Layered light base + navy grid + restrained glass,PM V2 sidebar,lucide-react (canonical wrapper convergence),ALIGN_LABEL,CONTEXTUAL_HELP_OPTIONAL,Canonical footer boundary in wave rollout,Canonical responsive shell in wave rollout,Operational; convergence verification pending,None observed in current wave or pending inspection,STANDARDIZE,NAVIGATION_CONVERGENCE,Inspect and repair defects encountered during migration,WP17C_CANONICAL_NAVIGATION_ITEM,frontend/src/components/pm/sidebar/domainMap.js,Navigation canon + shell foundation,IMPLEMENTED,Imported from WP17C ledger · Shared shell/token convergence wave active · frontend/src/components/pm/sidebar/domainMap.js,PENDING
NAV-0107,pm,/pm/meetings,/,navigation_item,ACTIVE,WP17D_CANONICAL_WAVE,PortalShell (canonical wp17d wave),Canonical glass header,Canonical nav item under convergence,Layered light base + navy grid + restrained glass,PM V2 sidebar,lucide-react (canonical wrapper convergence),ALIGN_LABEL,CONTEXTUAL_HELP_OPTIONAL,Canonical footer boundary in wave rollout,Canonical responsive shell in wave rollout,Operational; convergence verification pending,None observed in current wave or pending inspection,STANDARDIZE,NAVIGATION_CONVERGENCE,Inspect and repair defects encountered during migration,WP17C_CANONICAL_NAVIGATION_ITEM,frontend/src/components/pm/sidebar/domainMap.js,Navigation canon + shell foundation,IMPLEMENTED,Imported from WP17C ledger · Shared shell/token convergence wave active · frontend/src/components/pm/sidebar/domainMap.js,PENDING
NAV-0108,pm,/pm/field-leadership,/,navigation_item,ACTIVE,WP17D_CANONICAL_WAVE,PortalShell (canonical wp17d wave),Canonical glass header,Canonical nav item under convergence,Layered light base + navy grid + restrained glass,PM V2 sidebar,lucide-react (canonical wrapper convergence),ALIGN_LABEL,CONTEXTUAL_HELP_OPTIONAL,Canonical footer boundary in wave rollout,Canonical responsive shell in wave rollout,Operational; convergence verification pending,None observed in current wave or pending inspection,STANDARDIZE,NAVIGATION_CONVERGENCE,Inspect and repair defects encountered during migration,WP17C_CANONICAL_NAVIGATION_ITEM,frontend/src/components/pm/sidebar/domainMap.js,Navigation canon + shell foundation,IMPLEMENTED,Imported from WP17C ledger · Shared shell/token convergence wave active · frontend/src/components/pm/sidebar/domainMap.js,PENDING
NAV-0109,pm,/pm/odr,/,navigation_item,ACTIVE,WP17D_CANONICAL_WAVE,PortalShell (canonical wp17d wave),Canonical glass header,Canonical nav item under convergence,Layered light base + navy grid + restrained glass,PM V2 sidebar,lucide-react (canonical wrapper convergence),ALIGN_LABEL,CONTEXTUAL_HELP_OPTIONAL,Canonical footer boundary in wave rollout,Canonical responsive shell in wave rollout,Operational; convergence verification pending,None observed in current wave or pending inspection,STANDARDIZE,NAVIGATION_CONVERGENCE,Inspect and repair defects encountered during migration,WP17C_CANONICAL_NAVIGATION_ITEM,frontend/src/components/pm/sidebar/domainMap.js,Navigation canon + shell foundation,IMPLEMENTED,Imported from WP17C ledger · Shared shell/token convergence wave active · frontend/src/components/pm/sidebar/domainMap.js,PENDING
NAV-0110,pm,/pm/photos,/,navigation_item,ACTIVE,WP17D_CANONICAL_WAVE,PortalShell (canonical wp17d wave),Canonical glass header,Canonical nav item under convergence,Layered light base + navy grid + restrained glass,PM V2 sidebar,lucide-react (canonical wrapper convergence),ALIGN_LABEL,CONTEXTUAL_HELP_OPTIONAL,Canonical footer boundary in wave rollout,Canonical responsive shell in wave rollout,Operational; convergence verification pending,None observed in current wave or pending inspection,STANDARDIZE,NAVIGATION_CONVERGENCE,Inspect and repair defects encountered during migration,WP17C_CANONICAL_NAVIGATION_ITEM,frontend/src/components/pm/sidebar/domainMap.js,Navigation canon + shell foundation,IMPLEMENTED,Imported from WP17C ledger · Shared shell/token convergence wave active · frontend/src/components/pm/sidebar/domainMap.js,PENDING
NAV-0111,pm,/po-requests,/,navigation_item,ACTIVE,WP17D_CANONICAL_WAVE,PortalShell (canonical wp17d wave),Canonical glass header,Canonical nav item under convergence,Layered light base + navy grid + restrained glass,PM V2 sidebar,lucide-react (canonical wrapper convergence),ALIGN_LABEL,CONTEXTUAL_HELP_OPTIONAL,Canonical footer boundary in wave rollout,Canonical responsive shell in wave rollout,Operational; convergence verification pending,None observed in current wave or pending inspection,STANDARDIZE,NAVIGATION_CONVERGENCE,Inspect and repair defects encountered during migration,WP17C_CANONICAL_NAVIGATION_ITEM,frontend/src/components/pm/sidebar/domainMap.js,Navigation canon + shell foundation,IMPLEMENTED,Imported from WP17C ledger · Shared shell/token convergence wave active · frontend/src/components/pm/sidebar/domainMap.js,PENDING
NAV-0112,pm,/project-health,/,navigation_item,ACTIVE,WP17D_CANONICAL_WAVE,PortalShell (canonical wp17d wave),Canonical glass header,Canonical nav item under convergence,Layered light base + navy grid + restrained glass,PM V2 sidebar,lucide-react (canonical wrapper convergence),ALIGN_LABEL,CONTEXTUAL_HELP_OPTIONAL,Canonical footer boundary in wave rollout,Canonical responsive shell in wave rollout,Operational; convergence verification pending,None observed in current wave or pending inspection,STANDARDIZE,NAVIGATION_CONVERGENCE,Inspect and repair defects encountered during migration,WP17C_CANONICAL_NAVIGATION_ITEM,frontend/src/components/pm/sidebar/domainMap.js,Navigation canon + shell foundation,IMPLEMENTED,Imported from WP17C ledger · Shared shell/token convergence wave active · frontend/src/components/pm/sidebar/domainMap.js,PENDING
NAV-0113,pm,/asset-transfers,/,navigation_item,ACTIVE,WP17D_CANONICAL_WAVE,PortalShell (canonical wp17d wave),Canonical glass header,Canonical nav item under convergence,Layered light base + navy grid + restrained glass,PM V2 sidebar,lucide-react (canonical wrapper convergence),ALIGN_LABEL,CONTEXTUAL_HELP_OPTIONAL,Canonical footer boundary in wave rollout,Canonical responsive shell in wave rollout,Operational; convergence verification pending,None observed in current wave or pending inspection,STANDARDIZE,NAVIGATION_CONVERGENCE,Inspect and repair defects encountered during migration,WP17C_CANONICAL_NAVIGATION_ITEM,frontend/src/components/pm/sidebar/domainMap.js,Navigation canon + shell foundation,IMPLEMENTED,Imported from WP17C ledger · Shared shell/token convergence wave active · frontend/src/components/pm/sidebar/domainMap.js,PENDING
NAV-0114,pm,/pm/fleet,/,navigation_item,ACTIVE,WP17D_CANONICAL_WAVE,PortalShell (canonical wp17d wave),Canonical glass header,Canonical nav item under convergence,Layered light base + navy grid + restrained glass,PM V2 sidebar,lucide-react (canonical wrapper convergence),ALIGN_LABEL,CONTEXTUAL_HELP_OPTIONAL,Canonical footer boundary in wave rollout,Canonical responsive shell in wave rollout,Operational; convergence verification pending,None observed in current wave or pending inspection,STANDARDIZE,NAVIGATION_CONVERGENCE,Inspect and repair defects encountered during migration,WP17C_CANONICAL_NAVIGATION_ITEM,frontend/src/components/pm/sidebar/domainMap.js,Navigation canon + shell foundation,IMPLEMENTED,Imported from WP17C ledger · Shared shell/token convergence wave active · frontend/src/components/pm/sidebar/domainMap.js,PENDING
NAV-0115,pm,/pm/equipment,/,navigation_item,ACTIVE,WP17D_CANONICAL_WAVE,PortalShell (canonical wp17d wave),Canonical glass header,Canonical nav item under convergence,Layered light base + navy grid + restrained glass,PM V2 sidebar,lucide-react (canonical wrapper convergence),ALIGN_LABEL,CONTEXTUAL_HELP_OPTIONAL,Canonical footer boundary in wave rollout,Canonical responsive shell in wave rollout,Operational; convergence verification pending,None observed in current wave or pending inspection,STANDARDIZE,NAVIGATION_CONVERGENCE,Inspect and repair defects encountered during migration,WP17C_CANONICAL_NAVIGATION_ITEM,frontend/src/components/pm/sidebar/domainMap.js,Navigation canon + shell foundation,IMPLEMENTED,Imported from WP17C ledger · Shared shell/token convergence wave active · frontend/src/components/pm/sidebar/domainMap.js,PENDING
NAV-0116,pm,/pm/suppliers,/,navigation_item,ACTIVE,WP17D_CANONICAL_WAVE,PortalShell (canonical wp17d wave),Canonical glass header,Canonical nav item under convergence,Layered light base + navy grid + restrained glass,PM V2 sidebar,lucide-react (canonical wrapper convergence),ALIGN_LABEL,CONTEXTUAL_HELP_OPTIONAL,Canonical footer boundary in wave rollout,Canonical responsive shell in wave rollout,Operational; convergence verification pending,None observed in current wave or pending inspection,STANDARDIZE,NAVIGATION_CONVERGENCE,Inspect and repair defects encountered during migration,WP17C_CANONICAL_NAVIGATION_ITEM,frontend/src/components/pm/sidebar/domainMap.js,Navigation canon + shell foundation,IMPLEMENTED,Imported from WP17C ledger · Shared shell/token convergence wave active · frontend/src/components/pm/sidebar/domainMap.js,PENDING
NAV-0117,pm,/pm/people,/,navigation_item,ACTIVE,WP17D_CANONICAL_WAVE,PortalShell (canonical wp17d wave),Canonical glass header,Canonical nav item under convergence,Layered light base + navy grid + restrained glass,PM V2 sidebar,lucide-react (canonical wrapper convergence),ALIGN_LABEL,CONTEXTUAL_HELP_OPTIONAL,Canonical footer boundary in wave rollout,Canonical responsive shell in wave rollout,Operational; convergence verification pending,None observed in current wave or pending inspection,STANDARDIZE,NAVIGATION_CONVERGENCE,Inspect and repair defects encountered during migration,WP17C_CANONICAL_NAVIGATION_ITEM,frontend/src/components/pm/sidebar/domainMap.js,Navigation canon + shell foundation,IMPLEMENTED,Imported from WP17C ledger · Shared shell/token convergence wave active · frontend/src/components/pm/sidebar/domainMap.js,PENDING
NAV-0118,pm,/pm/project-staffing,/,navigation_item,ACTIVE,WP17D_CANONICAL_WAVE,PortalShell (canonical wp17d wave),Canonical glass header,Canonical nav item under convergence,Layered light base + navy grid + restrained glass,PM V2 sidebar,lucide-react (canonical wrapper convergence),ALIGN_LABEL,CONTEXTUAL_HELP_OPTIONAL,Canonical footer boundary in wave rollout,Canonical responsive shell in wave rollout,Operational; convergence verification pending,None observed in current wave or pending inspection,STANDARDIZE,NAVIGATION_CONVERGENCE,Inspect and repair defects encountered during migration,WP17C_CANONICAL_NAVIGATION_ITEM,frontend/src/components/pm/sidebar/domainMap.js,Navigation canon + shell foundation,IMPLEMENTED,Imported from WP17C ledger · Shared shell/token convergence wave active · frontend/src/components/pm/sidebar/domainMap.js,PENDING
NAV-0119,pm,/pm/jha-plans,/,navigation_item,ACTIVE,WP17D_CANONICAL_WAVE,PortalShell (canonical wp17d wave),Canonical glass header,Canonical nav item under convergence,Layered light base + navy grid + restrained glass,PM V2 sidebar,lucide-react (canonical wrapper convergence),ALIGN_LABEL,CONTEXTUAL_HELP_OPTIONAL,Canonical footer boundary in wave rollout,Canonical responsive shell in wave rollout,Operational; convergence verification pending,None observed in current wave or pending inspection,STANDARDIZE,NAVIGATION_CONVERGENCE,Inspect and repair defects encountered during migration,WP17C_CANONICAL_NAVIGATION_ITEM,frontend/src/components/pm/sidebar/domainMap.js,Navigation canon + shell foundation,IMPLEMENTED,Imported from WP17C ledger · Shared shell/token convergence wave active · frontend/src/components/pm/sidebar/domainMap.js,PENDING
NAV-0120,pm,/pm/trench-boxes,/,navigation_item,ACTIVE,WP17D_CANONICAL_WAVE,PortalShell (canonical wp17d wave),Canonical glass header,Canonical nav item under convergence,Layered light base + navy grid + restrained glass,PM V2 sidebar,lucide-react (canonical wrapper convergence),ALIGN_LABEL,CONTEXTUAL_HELP_OPTIONAL,Canonical footer boundary in wave rollout,Canonical responsive shell in wave rollout,Operational; convergence verification pending,None observed in current wave or pending inspection,STANDARDIZE,NAVIGATION_CONVERGENCE,Inspect and repair defects encountered during migration,WP17C_CANONICAL_NAVIGATION_ITEM,frontend/src/components/pm/sidebar/domainMap.js,Navigation canon + shell foundation,IMPLEMENTED,Imported from WP17C ledger · Shared shell/token convergence wave active · frontend/src/components/pm/sidebar/domainMap.js,PENDING
NAV-0121,pm,/pm/trench-safety,/,navigation_item,ACTIVE,WP17D_CANONICAL_WAVE,PortalShell (canonical wp17d wave),Canonical glass header,Canonical nav item under convergence,Layered light base + navy grid + restrained glass,PM V2 sidebar,lucide-react (canonical wrapper convergence),ALIGN_LABEL,CONTEXTUAL_HELP_OPTIONAL,Canonical footer boundary in wave rollout,Canonical responsive shell in wave rollout,Operational; convergence verification pending,None observed in current wave or pending inspection,STANDARDIZE,NAVIGATION_CONVERGENCE,Inspect and repair defects encountered during migration,WP17C_CANONICAL_NAVIGATION_ITEM,frontend/src/components/pm/sidebar/domainMap.js,Navigation canon + shell foundation,IMPLEMENTED,Imported from WP17C ledger · Shared shell/token convergence wave active · frontend/src/components/pm/sidebar/domainMap.js,PENDING
NAV-0122,pm,/pm/posters,/,navigation_item,ACTIVE,WP17D_CANONICAL_WAVE,PortalShell (canonical wp17d wave),Canonical glass header,Canonical nav item under convergence,Layered light base + navy grid + restrained glass,PM V2 sidebar,lucide-react (canonical wrapper convergence),ALIGN_LABEL,CONTEXTUAL_HELP_OPTIONAL,Canonical footer boundary in wave rollout,Canonical responsive shell in wave rollout,Operational; convergence verification pending,None observed in current wave or pending inspection,STANDARDIZE,NAVIGATION_CONVERGENCE,Inspect and repair defects encountered during migration,WP17C_CANONICAL_NAVIGATION_ITEM,frontend/src/components/pm/sidebar/domainMap.js,Navigation canon + shell foundation,IMPLEMENTED,Imported from WP17C ledger · Shared shell/token convergence wave active · frontend/src/components/pm/sidebar/domainMap.js,PENDING
NAV-0123,pm,/pm/incidents,/,navigation_item,ACTIVE,WP17D_CANONICAL_WAVE,PortalShell (canonical wp17d wave),Canonical glass header,Canonical nav item under convergence,Layered light base + navy grid + restrained glass,PM V2 sidebar,lucide-react (canonical wrapper convergence),ALIGN_LABEL,CONTEXTUAL_HELP_OPTIONAL,Canonical footer boundary in wave rollout,Canonical responsive shell in wave rollout,Operational; convergence verification pending,None observed in current wave or pending inspection,STANDARDIZE,NAVIGATION_CONVERGENCE,Inspect and repair defects encountered during migration,WP17C_CANONICAL_NAVIGATION_ITEM,frontend/src/components/pm/sidebar/domainMap.js,Navigation canon + shell foundation,IMPLEMENTED,Imported from WP17C ledger · Shared shell/token convergence wave active · frontend/src/components/pm/sidebar/domainMap.js,PENDING
NAV-0124,pm,/pm/qaqc,/,navigation_item,ACTIVE,WP17D_CANONICAL_WAVE,PortalShell (canonical wp17d wave),Canonical glass header,Canonical nav item under convergence,Layered light base + navy grid + restrained glass,PM V2 sidebar,lucide-react (canonical wrapper convergence),ALIGN_LABEL,CONTEXTUAL_HELP_OPTIONAL,Canonical footer boundary in wave rollout,Canonical responsive shell in wave rollout,Operational; convergence verification pending,None observed in current wave or pending inspection,STANDARDIZE,NAVIGATION_CONVERGENCE,Inspect and repair defects encountered during migration,WP17C_CANONICAL_NAVIGATION_ITEM,frontend/src/components/pm/sidebar/domainMap.js,Navigation canon + shell foundation,IMPLEMENTED,Imported from WP17C ledger · Shared shell/token convergence wave active · frontend/src/components/pm/sidebar/domainMap.js,PENDING
NAV-0125,pm,/pm/crew-compliance,/,navigation_item,ACTIVE,WP17D_CANONICAL_WAVE,PortalShell (canonical wp17d wave),Canonical glass header,Canonical nav item under convergence,Layered light base + navy grid + restrained glass,PM V2 sidebar,lucide-react (canonical wrapper convergence),ALIGN_LABEL,CONTEXTUAL_HELP_OPTIONAL,Canonical footer boundary in wave rollout,Canonical responsive shell in wave rollout,Operational; convergence verification pending,None observed in current wave or pending inspection,STANDARDIZE,NAVIGATION_CONVERGENCE,Inspect and repair defects encountered during migration,WP17C_CANONICAL_NAVIGATION_ITEM,frontend/src/components/pm/sidebar/domainMap.js,Navigation canon + shell foundation,IMPLEMENTED,Imported from WP17C ledger · Shared shell/token convergence wave active · frontend/src/components/pm/sidebar/domainMap.js,PENDING
NAV-0126,pm,/pm/change-password,/,navigation_item,ACTIVE,WP17D_CANONICAL_WAVE,PortalShell (canonical wp17d wave),Canonical glass header,Canonical nav item under convergence,Layered light base + navy grid + restrained glass,PM V2 sidebar,lucide-react (canonical wrapper convergence),ALIGN_LABEL,CONTEXTUAL_HELP_OPTIONAL,Canonical footer boundary in wave rollout,Canonical responsive shell in wave rollout,Operational; convergence verification pending,None observed in current wave or pending inspection,STANDARDIZE,NAVIGATION_CONVERGENCE,Inspect and repair defects encountered during migration,WP17C_CANONICAL_NAVIGATION_ITEM,frontend/src/components/pm/sidebar/domainMap.js,Navigation canon + shell foundation,IMPLEMENTED,Imported from WP17C ledger · Shared shell/token convergence wave active · frontend/src/components/pm/sidebar/domainMap.js,PENDING
NAV-0127,pm,/tasks,/,navigation_item,ACTIVE,WP17D_CANONICAL_WAVE,PortalShell (canonical wp17d wave),Canonical glass header,Canonical nav item under convergence,Layered light base + navy grid + restrained glass,PM V2 sidebar,lucide-react (canonical wrapper convergence),ALIGN_LABEL,CONTEXTUAL_HELP_OPTIONAL,Canonical footer boundary in wave rollout,Canonical responsive shell in wave rollout,Operational; convergence verification pending,None observed in current wave or pending inspection,STANDARDIZE,NAVIGATION_CONVERGENCE,Inspect and repair defects encountered during migration,WP17C_CANONICAL_NAVIGATION_ITEM,frontend/src/components/pm/sidebar/domainMap.js,Navigation canon + shell foundation,IMPLEMENTED,Imported from WP17C ledger · Shared shell/token convergence wave active · frontend/src/components/pm/sidebar/domainMap.js,PENDING
NAV-0128,pm,/guidance,/,navigation_item,ACTIVE,WP17D_CANONICAL_WAVE,PortalShell (canonical wp17d wave),Canonical glass header,Canonical nav item under convergence,Layered light base + navy grid + restrained glass,PM V2 sidebar,lucide-react (canonical wrapper convergence),ALIGN_LABEL,CONTEXTUAL_HELP_OPTIONAL,Canonical footer boundary in wave rollout,Canonical responsive shell in wave rollout,Operational; convergence verification pending,None observed in current wave or pending inspection,STANDARDIZE,NAVIGATION_CONVERGENCE,Inspect and repair defects encountered during migration,WP17C_CANONICAL_NAVIGATION_ITEM,frontend/src/components/pm/sidebar/domainMap.js,Navigation canon + shell foundation,IMPLEMENTED,Imported from WP17C ledger · Shared shell/token convergence wave active · frontend/src/components/pm/sidebar/domainMap.js,PENDING
NAV-0129,hr,/hr,/,navigation_item,ACTIVE,WP17D_CANONICAL_WAVE,PortalShell (canonical wp17d wave),Canonical glass header,Canonical nav item under convergence,Layered light base + navy grid + restrained glass,HR V2 sidebar,lucide-react (canonical wrapper convergence),ALIGN_LABEL,CONTEXTUAL_HELP_OPTIONAL,Canonical footer boundary in wave rollout,Canonical responsive shell in wave rollout,Under active convergence repair,None observed in current wave or pending inspection,STANDARDIZE,FIRST_WAVE_REPAIR_AND_CONVERGENCE,Repair partial shell migration and inconsistent detail/form/list behavior,WP17C_CANONICAL_NAVIGATION_ITEM,frontend/src/components/hr/sidebar/HrSideNavV2.jsx,Navigation canon + shell foundation,MIGRATING,Imported from WP17C ledger · Shared shell/token convergence wave active · Executive first-priority repair wave · frontend/src/components/hr/sidebar/HrSideNavV2.jsx,PENDING
NAV-0130,hr,/hr/daily-reports,/,navigation_item,ACTIVE,WP17D_CANONICAL_WAVE,PortalShell (canonical wp17d wave),Canonical glass header,Canonical nav item under convergence,Layered light base + navy grid + restrained glass,HR V2 sidebar,lucide-react (canonical wrapper convergence),ALIGN_LABEL,CONTEXTUAL_HELP_OPTIONAL,Canonical footer boundary in wave rollout,Canonical responsive shell in wave rollout,Under active convergence repair,None observed in current wave or pending inspection,STANDARDIZE,FIRST_WAVE_REPAIR_AND_CONVERGENCE,Repair partial shell migration and inconsistent detail/form/list behavior,WP17C_CANONICAL_NAVIGATION_ITEM,frontend/src/components/hr/sidebar/HrSideNavV2.jsx,Navigation canon + shell foundation,MIGRATING,Imported from WP17C ledger · Shared shell/token convergence wave active · Executive first-priority repair wave · frontend/src/components/hr/sidebar/HrSideNavV2.jsx,PENDING
NAV-0131,hr,/hr/employees,/,navigation_item,ACTIVE,WP17D_CANONICAL_WAVE,PortalShell (canonical wp17d wave),Canonical glass header,Canonical nav item under convergence,Layered light base + navy grid + restrained glass,HR V2 sidebar,lucide-react (canonical wrapper convergence),ALIGN_LABEL,CONTEXTUAL_HELP_OPTIONAL,Canonical footer boundary in wave rollout,Canonical responsive shell in wave rollout,Under active convergence repair,None observed in current wave or pending inspection,STANDARDIZE,FIRST_WAVE_REPAIR_AND_CONVERGENCE,Repair partial shell migration and inconsistent detail/form/list behavior,WP17C_CANONICAL_NAVIGATION_ITEM,frontend/src/components/hr/sidebar/HrSideNavV2.jsx,Navigation canon + shell foundation,MIGRATING,Imported from WP17C ledger · Shared shell/token convergence wave active · Executive first-priority repair wave · frontend/src/components/hr/sidebar/HrSideNavV2.jsx,PENDING
NAV-0132,hr,/hr/employee-accountability,/,navigation_item,ACTIVE,WP17D_CANONICAL_WAVE,PortalShell (canonical wp17d wave),Canonical glass header,Canonical nav item under convergence,Layered light base + navy grid + restrained glass,HR V2 sidebar,lucide-react (canonical wrapper convergence),ALIGN_LABEL,CONTEXTUAL_HELP_OPTIONAL,Canonical footer boundary in wave rollout,Canonical responsive shell in wave rollout,Under active convergence repair,None observed in current wave or pending inspection,STANDARDIZE,FIRST_WAVE_REPAIR_AND_CONVERGENCE,Repair partial shell migration and inconsistent detail/form/list behavior,WP17C_CANONICAL_NAVIGATION_ITEM,frontend/src/components/hr/sidebar/HrSideNavV2.jsx,Navigation canon + shell foundation,MIGRATING,Imported from WP17C ledger · Shared shell/token convergence wave active · Executive first-priority repair wave · frontend/src/components/hr/sidebar/HrSideNavV2.jsx,PENDING
NAV-0133,hr,/hr/incidents,/,navigation_item,ACTIVE,WP17D_CANONICAL_WAVE,PortalShell (canonical wp17d wave),Canonical glass header,Canonical nav item under convergence,Layered light base + navy grid + restrained glass,HR V2 sidebar,lucide-react (canonical wrapper convergence),ALIGN_LABEL,CONTEXTUAL_HELP_OPTIONAL,Canonical footer boundary in wave rollout,Canonical responsive shell in wave rollout,Under active convergence repair,None observed in current wave or pending inspection,STANDARDIZE,FIRST_WAVE_REPAIR_AND_CONVERGENCE,Repair partial shell migration and inconsistent detail/form/list behavior,WP17C_CANONICAL_NAVIGATION_ITEM,frontend/src/components/hr/sidebar/HrSideNavV2.jsx,Navigation canon + shell foundation,MIGRATING,Imported from WP17C ledger · Shared shell/token convergence wave active · Executive first-priority repair wave · frontend/src/components/hr/sidebar/HrSideNavV2.jsx,PENDING
NAV-0134,hr,/hr/field-leadership-users,/,navigation_item,ACTIVE,WP17D_CANONICAL_WAVE,PortalShell (canonical wp17d wave),Canonical glass header,Canonical nav item under convergence,Layered light base + navy grid + restrained glass,HR V2 sidebar,lucide-react (canonical wrapper convergence),ALIGN_LABEL,CONTEXTUAL_HELP_OPTIONAL,Canonical footer boundary in wave rollout,Canonical responsive shell in wave rollout,Under active convergence repair,None observed in current wave or pending inspection,STANDARDIZE,FIRST_WAVE_REPAIR_AND_CONVERGENCE,Repair partial shell migration and inconsistent detail/form/list behavior,WP17C_CANONICAL_NAVIGATION_ITEM,frontend/src/components/hr/sidebar/HrSideNavV2.jsx,Navigation canon + shell foundation,MIGRATING,Imported from WP17C ledger · Shared shell/token convergence wave active · Executive first-priority repair wave · frontend/src/components/hr/sidebar/HrSideNavV2.jsx,PENDING
NAV-0135,hr,/hr/field-leadership,/,navigation_item,ACTIVE,WP17D_CANONICAL_WAVE,PortalShell (canonical wp17d wave),Canonical glass header,Canonical nav item under convergence,Layered light base + navy grid + restrained glass,HR V2 sidebar,lucide-react (canonical wrapper convergence),ALIGN_LABEL,CONTEXTUAL_HELP_OPTIONAL,Canonical footer boundary in wave rollout,Canonical responsive shell in wave rollout,Under active convergence repair,None observed in current wave or pending inspection,STANDARDIZE,FIRST_WAVE_REPAIR_AND_CONVERGENCE,Repair partial shell migration and inconsistent detail/form/list behavior,WP17C_CANONICAL_NAVIGATION_ITEM,frontend/src/components/hr/sidebar/HrSideNavV2.jsx,Navigation canon + shell foundation,MIGRATING,Imported from WP17C ledger · Shared shell/token convergence wave active · Executive first-priority repair wave · frontend/src/components/hr/sidebar/HrSideNavV2.jsx,PENDING
NAV-0136,hr,/hr/time-verification,/,navigation_item,ACTIVE,WP17D_CANONICAL_WAVE,PortalShell (canonical wp17d wave),Canonical glass header,Canonical nav item under convergence,Layered light base + navy grid + restrained glass,HR V2 sidebar,lucide-react (canonical wrapper convergence),ALIGN_LABEL,CONTEXTUAL_HELP_OPTIONAL,Canonical footer boundary in wave rollout,Canonical responsive shell in wave rollout,Under active convergence repair,None observed in current wave or pending inspection,STANDARDIZE,FIRST_WAVE_REPAIR_AND_CONVERGENCE,Repair partial shell migration and inconsistent detail/form/list behavior,WP17C_CANONICAL_NAVIGATION_ITEM,frontend/src/components/hr/sidebar/HrSideNavV2.jsx,Navigation canon + shell foundation,MIGRATING,Imported from WP17C ledger · Shared shell/token convergence wave active · Executive first-priority repair wave · frontend/src/components/hr/sidebar/HrSideNavV2.jsx,PENDING
NAV-0137,hr,/hr/payroll-variance,/,navigation_item,ACTIVE,WP17D_CANONICAL_WAVE,PortalShell (canonical wp17d wave),Canonical glass header,Canonical nav item under convergence,Layered light base + navy grid + restrained glass,HR V2 sidebar,lucide-react (canonical wrapper convergence),ALIGN_LABEL,CONTEXTUAL_HELP_OPTIONAL,Canonical footer boundary in wave rollout,Canonical responsive shell in wave rollout,Under active convergence repair,None observed in current wave or pending inspection,STANDARDIZE,FIRST_WAVE_REPAIR_AND_CONVERGENCE,Repair partial shell migration and inconsistent detail/form/list behavior,WP17C_CANONICAL_NAVIGATION_ITEM,frontend/src/components/hr/sidebar/HrSideNavV2.jsx,Navigation canon + shell foundation,MIGRATING,Imported from WP17C ledger · Shared shell/token convergence wave active · Executive first-priority repair wave · frontend/src/components/hr/sidebar/HrSideNavV2.jsx,PENDING
NAV-0138,hr,/hr/time-off,/,navigation_item,ACTIVE,WP17D_CANONICAL_WAVE,PortalShell (canonical wp17d wave),Canonical glass header,Canonical nav item under convergence,Layered light base + navy grid + restrained glass,HR V2 sidebar,lucide-react (canonical wrapper convergence),ALIGN_LABEL,CONTEXTUAL_HELP_OPTIONAL,Canonical footer boundary in wave rollout,Canonical responsive shell in wave rollout,Under active convergence repair,None observed in current wave or pending inspection,STANDARDIZE,FIRST_WAVE_REPAIR_AND_CONVERGENCE,Repair partial shell migration and inconsistent detail/form/list behavior,WP17C_CANONICAL_NAVIGATION_ITEM,frontend/src/components/hr/sidebar/HrSideNavV2.jsx,Navigation canon + shell foundation,MIGRATING,Imported from WP17C ledger · Shared shell/token convergence wave active · Executive first-priority repair wave · frontend/src/components/hr/sidebar/HrSideNavV2.jsx,PENDING
NAV-0139,hr,/po-requests,/,navigation_item,ACTIVE,WP17D_CANONICAL_WAVE,PortalShell (canonical wp17d wave),Canonical glass header,Canonical nav item under convergence,Layered light base + navy grid + restrained glass,HR V2 sidebar,lucide-react (canonical wrapper convergence),ALIGN_LABEL,CONTEXTUAL_HELP_OPTIONAL,Canonical footer boundary in wave rollout,Canonical responsive shell in wave rollout,Under active convergence repair,None observed in current wave or pending inspection,STANDARDIZE,FIRST_WAVE_REPAIR_AND_CONVERGENCE,Repair partial shell migration and inconsistent detail/form/list behavior,WP17C_CANONICAL_NAVIGATION_ITEM,frontend/src/components/hr/sidebar/HrSideNavV2.jsx,Navigation canon + shell foundation,MIGRATING,Imported from WP17C ledger · Shared shell/token convergence wave active · Executive first-priority repair wave · frontend/src/components/hr/sidebar/HrSideNavV2.jsx,PENDING
NAV-0140,hr,/document-expirations,/,navigation_item,ACTIVE,WP17D_CANONICAL_WAVE,PortalShell (canonical wp17d wave),Canonical glass header,Canonical nav item under convergence,Layered light base + navy grid + restrained glass,HR V2 sidebar,lucide-react (canonical wrapper convergence),ALIGN_LABEL,CONTEXTUAL_HELP_OPTIONAL,Canonical footer boundary in wave rollout,Canonical responsive shell in wave rollout,Under active convergence repair,None observed in current wave or pending inspection,STANDARDIZE,FIRST_WAVE_REPAIR_AND_CONVERGENCE,Repair partial shell migration and inconsistent detail/form/list behavior,WP17C_CANONICAL_NAVIGATION_ITEM,frontend/src/components/hr/sidebar/HrSideNavV2.jsx,Navigation canon + shell foundation,MIGRATING,Imported from WP17C ledger · Shared shell/token convergence wave active · Executive first-priority repair wave · frontend/src/components/hr/sidebar/HrSideNavV2.jsx,PENDING
NAV-0141,hr,/hr/qualifications,/,navigation_item,ACTIVE,WP17D_CANONICAL_WAVE,PortalShell (canonical wp17d wave),Canonical glass header,Canonical nav item under convergence,Layered light base + navy grid + restrained glass,HR V2 sidebar,lucide-react (canonical wrapper convergence),ALIGN_LABEL,CONTEXTUAL_HELP_OPTIONAL,Canonical footer boundary in wave rollout,Canonical responsive shell in wave rollout,Under active convergence repair,None observed in current wave or pending inspection,STANDARDIZE,FIRST_WAVE_REPAIR_AND_CONVERGENCE,Repair partial shell migration and inconsistent detail/form/list behavior,WP17C_CANONICAL_NAVIGATION_ITEM,frontend/src/components/hr/sidebar/HrSideNavV2.jsx,Navigation canon + shell foundation,MIGRATING,Imported from WP17C ledger · Shared shell/token convergence wave active · Executive first-priority repair wave · frontend/src/components/hr/sidebar/HrSideNavV2.jsx,PENDING
NAV-0142,hr,/hr/training-records,/,navigation_item,ACTIVE,WP17D_CANONICAL_WAVE,PortalShell (canonical wp17d wave),Canonical glass header,Canonical nav item under convergence,Layered light base + navy grid + restrained glass,HR V2 sidebar,lucide-react (canonical wrapper convergence),ALIGN_LABEL,CONTEXTUAL_HELP_OPTIONAL,Canonical footer boundary in wave rollout,Canonical responsive shell in wave rollout,Under active convergence repair,None observed in current wave or pending inspection,STANDARDIZE,FIRST_WAVE_REPAIR_AND_CONVERGENCE,Repair partial shell migration and inconsistent detail/form/list behavior,WP17C_CANONICAL_NAVIGATION_ITEM,frontend/src/components/hr/sidebar/HrSideNavV2.jsx,Navigation canon + shell foundation,MIGRATING,Imported from WP17C ledger · Shared shell/token convergence wave active · Executive first-priority repair wave · frontend/src/components/hr/sidebar/HrSideNavV2.jsx,PENDING
NAV-0143,hr,/hr/driver-qualification,/,navigation_item,ACTIVE,WP17D_CANONICAL_WAVE,PortalShell (canonical wp17d wave),Canonical glass header,Canonical nav item under convergence,Layered light base + navy grid + restrained glass,HR V2 sidebar,lucide-react (canonical wrapper convergence),ALIGN_LABEL,CONTEXTUAL_HELP_OPTIONAL,Canonical footer boundary in wave rollout,Canonical responsive shell in wave rollout,Under active convergence repair,None observed in current wave or pending inspection,STANDARDIZE,FIRST_WAVE_REPAIR_AND_CONVERGENCE,Repair partial shell migration and inconsistent detail/form/list behavior,WP17C_CANONICAL_NAVIGATION_ITEM,frontend/src/components/hr/sidebar/HrSideNavV2.jsx,Navigation canon + shell foundation,MIGRATING,Imported from WP17C ledger · Shared shell/token convergence wave active · Executive first-priority repair wave · frontend/src/components/hr/sidebar/HrSideNavV2.jsx,PENDING
NAV-0144,hr,/hr/safety-records,/,navigation_item,ACTIVE,WP17D_CANONICAL_WAVE,PortalShell (canonical wp17d wave),Canonical glass header,Canonical nav item under convergence,Layered light base + navy grid + restrained glass,HR V2 sidebar,lucide-react (canonical wrapper convergence),ALIGN_LABEL,CONTEXTUAL_HELP_OPTIONAL,Canonical footer boundary in wave rollout,Canonical responsive shell in wave rollout,Under active convergence repair,None observed in current wave or pending inspection,STANDARDIZE,FIRST_WAVE_REPAIR_AND_CONVERGENCE,Repair partial shell migration and inconsistent detail/form/list behavior,WP17C_CANONICAL_NAVIGATION_ITEM,frontend/src/components/hr/sidebar/HrSideNavV2.jsx,Navigation canon + shell foundation,MIGRATING,Imported from WP17C ledger · Shared shell/token convergence wave active · Executive first-priority repair wave · frontend/src/components/hr/sidebar/HrSideNavV2.jsx,PENDING
NAV-0145,hr,/hr/historical-records/intake,/,navigation_item,ACTIVE,WP17D_CANONICAL_WAVE,PortalShell (canonical wp17d wave),Canonical glass header,Canonical nav item under convergence,Layered light base + navy grid + restrained glass,HR V2 sidebar,lucide-react (canonical wrapper convergence),ALIGN_LABEL,CONTEXTUAL_HELP_OPTIONAL,Canonical footer boundary in wave rollout,Canonical responsive shell in wave rollout,Under active convergence repair,None observed in current wave or pending inspection,STANDARDIZE,FIRST_WAVE_REPAIR_AND_CONVERGENCE,Repair partial shell migration and inconsistent detail/form/list behavior,WP17C_CANONICAL_NAVIGATION_ITEM,frontend/src/components/hr/sidebar/HrSideNavV2.jsx,Navigation canon + shell foundation,MIGRATING,Imported from WP17C ledger · Shared shell/token convergence wave active · Executive first-priority repair wave · frontend/src/components/hr/sidebar/HrSideNavV2.jsx,PENDING
NAV-0146,hr,/hr/historical-records/queue,/,navigation_item,ACTIVE,WP17D_CANONICAL_WAVE,PortalShell (canonical wp17d wave),Canonical glass header,Canonical nav item under convergence,Layered light base + navy grid + restrained glass,HR V2 sidebar,lucide-react (canonical wrapper convergence),ALIGN_LABEL,CONTEXTUAL_HELP_OPTIONAL,Canonical footer boundary in wave rollout,Canonical responsive shell in wave rollout,Under active convergence repair,None observed in current wave or pending inspection,STANDARDIZE,FIRST_WAVE_REPAIR_AND_CONVERGENCE,Repair partial shell migration and inconsistent detail/form/list behavior,WP17C_CANONICAL_NAVIGATION_ITEM,frontend/src/components/hr/sidebar/HrSideNavV2.jsx,Navigation canon + shell foundation,MIGRATING,Imported from WP17C ledger · Shared shell/token convergence wave active · Executive first-priority repair wave · frontend/src/components/hr/sidebar/HrSideNavV2.jsx,PENDING
NAV-0147,hr,/hr/historical-records/batches,/,navigation_item,ACTIVE,WP17D_CANONICAL_WAVE,PortalShell (canonical wp17d wave),Canonical glass header,Canonical nav item under convergence,Layered light base + navy grid + restrained glass,HR V2 sidebar,lucide-react (canonical wrapper convergence),ALIGN_LABEL,CONTEXTUAL_HELP_OPTIONAL,Canonical footer boundary in wave rollout,Canonical responsive shell in wave rollout,Under active convergence repair,None observed in current wave or pending inspection,STANDARDIZE,FIRST_WAVE_REPAIR_AND_CONVERGENCE,Repair partial shell migration and inconsistent detail/form/list behavior,WP17C_CANONICAL_NAVIGATION_ITEM,frontend/src/components/hr/sidebar/HrSideNavV2.jsx,Navigation canon + shell foundation,MIGRATING,Imported from WP17C ledger · Shared shell/token convergence wave active · Executive first-priority repair wave · frontend/src/components/hr/sidebar/HrSideNavV2.jsx,PENDING
NAV-0148,hr,/guidance?from=hr,/,navigation_item,ACTIVE,WP17D_CANONICAL_WAVE,PortalShell (canonical wp17d wave),Canonical glass header,Canonical nav item under convergence,Layered light base + navy grid + restrained glass,HR V2 sidebar,lucide-react (canonical wrapper convergence),ALIGN_LABEL,CONTEXTUAL_HELP_OPTIONAL,Canonical footer boundary in wave rollout,Canonical responsive shell in wave rollout,Under active convergence repair,None observed in current wave or pending inspection,STANDARDIZE,FIRST_WAVE_REPAIR_AND_CONVERGENCE,Repair partial shell migration and inconsistent detail/form/list behavior,WP17C_CANONICAL_NAVIGATION_ITEM,frontend/src/components/hr/sidebar/HrSideNavV2.jsx,Navigation canon + shell foundation,MIGRATING,Imported from WP17C ledger · Shared shell/token convergence wave active · Executive first-priority repair wave · frontend/src/components/hr/sidebar/HrSideNavV2.jsx,PENDING
NAV-0149,hr,/hr/change-password,/,navigation_item,ACTIVE,WP17D_CANONICAL_WAVE,PortalShell (canonical wp17d wave),Canonical glass header,Canonical nav item under convergence,Layered light base + navy grid + restrained glass,HR V2 sidebar,lucide-react (canonical wrapper convergence),ALIGN_LABEL,CONTEXTUAL_HELP_OPTIONAL,Canonical footer boundary in wave rollout,Canonical responsive shell in wave rollout,Under active convergence repair,None observed in current wave or pending inspection,STANDARDIZE,FIRST_WAVE_REPAIR_AND_CONVERGENCE,Repair partial shell migration and inconsistent detail/form/list behavior,WP17C_CANONICAL_NAVIGATION_ITEM,frontend/src/components/hr/sidebar/HrSideNavV2.jsx,Navigation canon + shell foundation,MIGRATING,Imported from WP17C ledger · Shared shell/token convergence wave active · Executive first-priority repair wave · frontend/src/components/hr/sidebar/HrSideNavV2.jsx,PENDING
NAV-0150,safety,/safety-portal/incidents,/,navigation_item,ACTIVE,WP17D_CANONICAL_WAVE,PortalShell (canonical wp17d wave),Canonical glass header,Canonical nav item under convergence,Layered light base + navy grid + restrained glass,Safety V2 sidebar,lucide-react (canonical wrapper convergence),ALIGN_LABEL,CONTEXTUAL_HELP_OPTIONAL,Canonical footer boundary in wave rollout,Canonical responsive shell in wave rollout,Operational; convergence verification pending,None observed in current wave or pending inspection,STANDARDIZE,NAVIGATION_CONVERGENCE,Inspect and repair defects encountered during migration,WP17C_CANONICAL_NAVIGATION_ITEM,frontend/src/components/safety/sidebar/SafetySideNavV2.jsx,Navigation canon + shell foundation,IMPLEMENTED,Imported from WP17C ledger · Shared shell/token convergence wave active · frontend/src/components/safety/sidebar/SafetySideNavV2.jsx,PENDING
NAV-0151,safety,/safety-portal/corrective-actions,/,navigation_item,ACTIVE,WP17D_CANONICAL_WAVE,PortalShell (canonical wp17d wave),Canonical glass header,Canonical nav item under convergence,Layered light base + navy grid + restrained glass,Safety V2 sidebar,lucide-react (canonical wrapper convergence),ALIGN_LABEL,CONTEXTUAL_HELP_OPTIONAL,Canonical footer boundary in wave rollout,Canonical responsive shell in wave rollout,Operational; convergence verification pending,None observed in current wave or pending inspection,STANDARDIZE,NAVIGATION_CONVERGENCE,Inspect and repair defects encountered during migration,WP17C_CANONICAL_NAVIGATION_ITEM,frontend/src/components/safety/sidebar/SafetySideNavV2.jsx,Navigation canon + shell foundation,IMPLEMENTED,Imported from WP17C ledger · Shared shell/token convergence wave active · frontend/src/components/safety/sidebar/SafetySideNavV2.jsx,PENDING
NAV-0152,safety,/tasks,/,navigation_item,ACTIVE,WP17D_CANONICAL_WAVE,PortalShell (canonical wp17d wave),Canonical glass header,Canonical nav item under convergence,Layered light base + navy grid + restrained glass,Safety V2 sidebar,lucide-react (canonical wrapper convergence),ALIGN_LABEL,CONTEXTUAL_HELP_OPTIONAL,Canonical footer boundary in wave rollout,Canonical responsive shell in wave rollout,Operational; convergence verification pending,None observed in current wave or pending inspection,STANDARDIZE,NAVIGATION_CONVERGENCE,Inspect and repair defects encountered during migration,WP17C_CANONICAL_NAVIGATION_ITEM,frontend/src/components/safety/sidebar/SafetySideNavV2.jsx,Navigation canon + shell foundation,IMPLEMENTED,Imported from WP17C ledger · Shared shell/token convergence wave active · frontend/src/components/safety/sidebar/SafetySideNavV2.jsx,PENDING
NAV-0153,safety,/safety-portal/training,/,navigation_item,ACTIVE,WP17D_CANONICAL_WAVE,PortalShell (canonical wp17d wave),Canonical glass header,Canonical nav item under convergence,Layered light base + navy grid + restrained glass,Safety V2 sidebar,lucide-react (canonical wrapper convergence),ALIGN_LABEL,CONTEXTUAL_HELP_OPTIONAL,Canonical footer boundary in wave rollout,Canonical responsive shell in wave rollout,Operational; convergence verification pending,None observed in current wave or pending inspection,STANDARDIZE,NAVIGATION_CONVERGENCE,Inspect and repair defects encountered during migration,WP17C_CANONICAL_NAVIGATION_ITEM,frontend/src/components/safety/sidebar/SafetySideNavV2.jsx,Navigation canon + shell foundation,IMPLEMENTED,Imported from WP17C ledger · Shared shell/token convergence wave active · frontend/src/components/safety/sidebar/SafetySideNavV2.jsx,PENDING
NAV-0154,safety,/safety-portal/documents,/,navigation_item,ACTIVE,WP17D_CANONICAL_WAVE,PortalShell (canonical wp17d wave),Canonical glass header,Canonical nav item under convergence,Layered light base + navy grid + restrained glass,Safety V2 sidebar,lucide-react (canonical wrapper convergence),ALIGN_LABEL,CONTEXTUAL_HELP_OPTIONAL,Canonical footer boundary in wave rollout,Canonical responsive shell in wave rollout,Operational; convergence verification pending,None observed in current wave or pending inspection,STANDARDIZE,NAVIGATION_CONVERGENCE,Inspect and repair defects encountered during migration,WP17C_CANONICAL_NAVIGATION_ITEM,frontend/src/components/safety/sidebar/SafetySideNavV2.jsx,Navigation canon + shell foundation,IMPLEMENTED,Imported from WP17C ledger · Shared shell/token convergence wave active · frontend/src/components/safety/sidebar/SafetySideNavV2.jsx,PENDING
NAV-0155,safety,/safety-portal/forms-records,/,navigation_item,ACTIVE,WP17D_CANONICAL_WAVE,PortalShell (canonical wp17d wave),Canonical glass header,Canonical nav item under convergence,Layered light base + navy grid + restrained glass,Safety V2 sidebar,lucide-react (canonical wrapper convergence),ALIGN_LABEL,CONTEXTUAL_HELP_OPTIONAL,Canonical footer boundary in wave rollout,Canonical responsive shell in wave rollout,Operational; convergence verification pending,None observed in current wave or pending inspection,STANDARDIZE,NAVIGATION_CONVERGENCE,Inspect and repair defects encountered during migration,WP17C_CANONICAL_NAVIGATION_ITEM,frontend/src/components/safety/sidebar/SafetySideNavV2.jsx,Navigation canon + shell foundation,IMPLEMENTED,Imported from WP17C ledger · Shared shell/token convergence wave active · frontend/src/components/safety/sidebar/SafetySideNavV2.jsx,PENDING
NAV-0156,safety,/safety-portal/employees,/,navigation_item,ACTIVE,WP17D_CANONICAL_WAVE,PortalShell (canonical wp17d wave),Canonical glass header,Canonical nav item under convergence,Layered light base + navy grid + restrained glass,Safety V2 sidebar,lucide-react (canonical wrapper convergence),ALIGN_LABEL,CONTEXTUAL_HELP_OPTIONAL,Canonical footer boundary in wave rollout,Canonical responsive shell in wave rollout,Operational; convergence verification pending,None observed in current wave or pending inspection,STANDARDIZE,NAVIGATION_CONVERGENCE,Inspect and repair defects encountered during migration,WP17C_CANONICAL_NAVIGATION_ITEM,frontend/src/components/safety/sidebar/SafetySideNavV2.jsx,Navigation canon + shell foundation,IMPLEMENTED,Imported from WP17C ledger · Shared shell/token convergence wave active · frontend/src/components/safety/sidebar/SafetySideNavV2.jsx,PENDING
NAV-0157,safety,/safety-portal/meetings,/,navigation_item,ACTIVE,WP17D_CANONICAL_WAVE,PortalShell (canonical wp17d wave),Canonical glass header,Canonical nav item under convergence,Layered light base + navy grid + restrained glass,Safety V2 sidebar,lucide-react (canonical wrapper convergence),ALIGN_LABEL,CONTEXTUAL_HELP_OPTIONAL,Canonical footer boundary in wave rollout,Canonical responsive shell in wave rollout,Operational; convergence verification pending,None observed in current wave or pending inspection,STANDARDIZE,NAVIGATION_CONVERGENCE,Inspect and repair defects encountered during migration,WP17C_CANONICAL_NAVIGATION_ITEM,frontend/src/components/safety/sidebar/SafetySideNavV2.jsx,Navigation canon + shell foundation,IMPLEMENTED,Imported from WP17C ledger · Shared shell/token convergence wave active · frontend/src/components/safety/sidebar/SafetySideNavV2.jsx,PENDING
NAV-0158,safety,/safety-portal/inspections,/,navigation_item,ACTIVE,WP17D_CANONICAL_WAVE,PortalShell (canonical wp17d wave),Canonical glass header,Canonical nav item under convergence,Layered light base + navy grid + restrained glass,Safety V2 sidebar,lucide-react (canonical wrapper convergence),ALIGN_LABEL,CONTEXTUAL_HELP_OPTIONAL,Canonical footer boundary in wave rollout,Canonical responsive shell in wave rollout,Operational; convergence verification pending,None observed in current wave or pending inspection,STANDARDIZE,NAVIGATION_CONVERGENCE,Inspect and repair defects encountered during migration,WP17C_CANONICAL_NAVIGATION_ITEM,frontend/src/components/safety/sidebar/SafetySideNavV2.jsx,Navigation canon + shell foundation,IMPLEMENTED,Imported from WP17C ledger · Shared shell/token convergence wave active · frontend/src/components/safety/sidebar/SafetySideNavV2.jsx,PENDING
NAV-0159,safety,/safety-portal/jha-plans,/,navigation_item,ACTIVE,WP17D_CANONICAL_WAVE,PortalShell (canonical wp17d wave),Canonical glass header,Canonical nav item under convergence,Layered light base + navy grid + restrained glass,Safety V2 sidebar,lucide-react (canonical wrapper convergence),ALIGN_LABEL,CONTEXTUAL_HELP_OPTIONAL,Canonical footer boundary in wave rollout,Canonical responsive shell in wave rollout,Operational; convergence verification pending,None observed in current wave or pending inspection,STANDARDIZE,NAVIGATION_CONVERGENCE,Inspect and repair defects encountered during migration,WP17C_CANONICAL_NAVIGATION_ITEM,frontend/src/components/safety/sidebar/SafetySideNavV2.jsx,Navigation canon + shell foundation,IMPLEMENTED,Imported from WP17C ledger · Shared shell/token convergence wave active · frontend/src/components/safety/sidebar/SafetySideNavV2.jsx,PENDING
NAV-0160,safety,/document-expirations,/,navigation_item,ACTIVE,WP17D_CANONICAL_WAVE,PortalShell (canonical wp17d wave),Canonical glass header,Canonical nav item under convergence,Layered light base + navy grid + restrained glass,Safety V2 sidebar,lucide-react (canonical wrapper convergence),ALIGN_LABEL,CONTEXTUAL_HELP_OPTIONAL,Canonical footer boundary in wave rollout,Canonical responsive shell in wave rollout,Operational; convergence verification pending,None observed in current wave or pending inspection,STANDARDIZE,NAVIGATION_CONVERGENCE,Inspect and repair defects encountered during migration,WP17C_CANONICAL_NAVIGATION_ITEM,frontend/src/components/safety/sidebar/SafetySideNavV2.jsx,Navigation canon + shell foundation,IMPLEMENTED,Imported from WP17C ledger · Shared shell/token convergence wave active · frontend/src/components/safety/sidebar/SafetySideNavV2.jsx,PENDING
NAV-0161,safety,/safety-portal/fire-extinguishers,/,navigation_item,ACTIVE,WP17D_CANONICAL_WAVE,PortalShell (canonical wp17d wave),Canonical glass header,Canonical nav item under convergence,Layered light base + navy grid + restrained glass,Safety V2 sidebar,lucide-react (canonical wrapper convergence),ALIGN_LABEL,CONTEXTUAL_HELP_OPTIONAL,Canonical footer boundary in wave rollout,Canonical responsive shell in wave rollout,Operational; convergence verification pending,None observed in current wave or pending inspection,STANDARDIZE,NAVIGATION_CONVERGENCE,Inspect and repair defects encountered during migration,WP17C_CANONICAL_NAVIGATION_ITEM,frontend/src/components/safety/sidebar/SafetySideNavV2.jsx,Navigation canon + shell foundation,IMPLEMENTED,Imported from WP17C ledger · Shared shell/token convergence wave active · frontend/src/components/safety/sidebar/SafetySideNavV2.jsx,PENDING
NAV-0162,safety,/safety-portal/digest,/,navigation_item,ACTIVE,WP17D_CANONICAL_WAVE,PortalShell (canonical wp17d wave),Canonical glass header,Canonical nav item under convergence,Layered light base + navy grid + restrained glass,Safety V2 sidebar,lucide-react (canonical wrapper convergence),ALIGN_LABEL,CONTEXTUAL_HELP_OPTIONAL,Canonical footer boundary in wave rollout,Canonical responsive shell in wave rollout,Operational; convergence verification pending,None observed in current wave or pending inspection,STANDARDIZE,NAVIGATION_CONVERGENCE,Inspect and repair defects encountered during migration,WP17C_CANONICAL_NAVIGATION_ITEM,frontend/src/components/safety/sidebar/SafetySideNavV2.jsx,Navigation canon + shell foundation,IMPLEMENTED,Imported from WP17C ledger · Shared shell/token convergence wave active · frontend/src/components/safety/sidebar/SafetySideNavV2.jsx,PENDING
NAV-0163,safety,/safety-portal/reports,/,navigation_item,ACTIVE,WP17D_CANONICAL_WAVE,PortalShell (canonical wp17d wave),Canonical glass header,Canonical nav item under convergence,Layered light base + navy grid + restrained glass,Safety V2 sidebar,lucide-react (canonical wrapper convergence),ALIGN_LABEL,CONTEXTUAL_HELP_OPTIONAL,Canonical footer boundary in wave rollout,Canonical responsive shell in wave rollout,Operational; convergence verification pending,None observed in current wave or pending inspection,STANDARDIZE,NAVIGATION_CONVERGENCE,Inspect and repair defects encountered during migration,WP17C_CANONICAL_NAVIGATION_ITEM,frontend/src/components/safety/sidebar/SafetySideNavV2.jsx,Navigation canon + shell foundation,IMPLEMENTED,Imported from WP17C ledger · Shared shell/token convergence wave active · frontend/src/components/safety/sidebar/SafetySideNavV2.jsx,PENDING
NAV-0164,safety,/hr/historical-records/intake,/,navigation_item,ACTIVE,WP17D_CANONICAL_WAVE,PortalShell (canonical wp17d wave),Canonical glass header,Canonical nav item under convergence,Layered light base + navy grid + restrained glass,Safety V2 sidebar,lucide-react (canonical wrapper convergence),ALIGN_LABEL,CONTEXTUAL_HELP_OPTIONAL,Canonical footer boundary in wave rollout,Canonical responsive shell in wave rollout,Operational; convergence verification pending,None observed in current wave or pending inspection,STANDARDIZE,NAVIGATION_CONVERGENCE,Inspect and repair defects encountered during migration,WP17C_CANONICAL_NAVIGATION_ITEM,frontend/src/components/safety/sidebar/SafetySideNavV2.jsx,Navigation canon + shell foundation,IMPLEMENTED,Imported from WP17C ledger · Shared shell/token convergence wave active · frontend/src/components/safety/sidebar/SafetySideNavV2.jsx,PENDING
NAV-0165,safety,/hr/historical-records/queue,/,navigation_item,ACTIVE,WP17D_CANONICAL_WAVE,PortalShell (canonical wp17d wave),Canonical glass header,Canonical nav item under convergence,Layered light base + navy grid + restrained glass,Safety V2 sidebar,lucide-react (canonical wrapper convergence),ALIGN_LABEL,CONTEXTUAL_HELP_OPTIONAL,Canonical footer boundary in wave rollout,Canonical responsive shell in wave rollout,Operational; convergence verification pending,None observed in current wave or pending inspection,STANDARDIZE,NAVIGATION_CONVERGENCE,Inspect and repair defects encountered during migration,WP17C_CANONICAL_NAVIGATION_ITEM,frontend/src/components/safety/sidebar/SafetySideNavV2.jsx,Navigation canon + shell foundation,IMPLEMENTED,Imported from WP17C ledger · Shared shell/token convergence wave active · frontend/src/components/safety/sidebar/SafetySideNavV2.jsx,PENDING
NAV-0166,safety,/hr/historical-records/batches,/,navigation_item,ACTIVE,WP17D_CANONICAL_WAVE,PortalShell (canonical wp17d wave),Canonical glass header,Canonical nav item under convergence,Layered light base + navy grid + restrained glass,Safety V2 sidebar,lucide-react (canonical wrapper convergence),ALIGN_LABEL,CONTEXTUAL_HELP_OPTIONAL,Canonical footer boundary in wave rollout,Canonical responsive shell in wave rollout,Operational; convergence verification pending,None observed in current wave or pending inspection,STANDARDIZE,NAVIGATION_CONVERGENCE,Inspect and repair defects encountered during migration,WP17C_CANONICAL_NAVIGATION_ITEM,frontend/src/components/safety/sidebar/SafetySideNavV2.jsx,Navigation canon + shell foundation,IMPLEMENTED,Imported from WP17C ledger · Shared shell/token convergence wave active · frontend/src/components/safety/sidebar/SafetySideNavV2.jsx,PENDING
NAV-0167,safety,/safety-portal/audits,/,navigation_item,ACTIVE,WP17D_CANONICAL_WAVE,PortalShell (canonical wp17d wave),Canonical glass header,Canonical nav item under convergence,Layered light base + navy grid + restrained glass,Safety V2 sidebar,lucide-react (canonical wrapper convergence),ALIGN_LABEL,CONTEXTUAL_HELP_OPTIONAL,Canonical footer boundary in wave rollout,Canonical responsive shell in wave rollout,Operational; convergence verification pending,None observed in current wave or pending inspection,STANDARDIZE,NAVIGATION_CONVERGENCE,Inspect and repair defects encountered during migration,WP17C_CANONICAL_NAVIGATION_ITEM,frontend/src/components/safety/sidebar/SafetySideNavV2.jsx,Navigation canon + shell foundation,IMPLEMENTED,Imported from WP17C ledger · Shared shell/token convergence wave active · frontend/src/components/safety/sidebar/SafetySideNavV2.jsx,PENDING
NAV-0168,safety,/odr/center,/,navigation_item,ACTIVE,WP17D_CANONICAL_WAVE,PortalShell (canonical wp17d wave),Canonical glass header,Canonical nav item under convergence,Layered light base + navy grid + restrained glass,Safety V2 sidebar,lucide-react (canonical wrapper convergence),ALIGN_LABEL,CONTEXTUAL_HELP_OPTIONAL,Canonical footer boundary in wave rollout,Canonical responsive shell in wave rollout,Operational; convergence verification pending,None observed in current wave or pending inspection,STANDARDIZE,NAVIGATION_CONVERGENCE,Inspect and repair defects encountered during migration,WP17C_CANONICAL_NAVIGATION_ITEM,frontend/src/components/safety/sidebar/SafetySideNavV2.jsx,Navigation canon + shell foundation,IMPLEMENTED,Imported from WP17C ledger · Shared shell/token convergence wave active · frontend/src/components/safety/sidebar/SafetySideNavV2.jsx,PENDING
NAV-0169,safety,/safety-portal/library,/,navigation_item,ACTIVE,WP17D_CANONICAL_WAVE,PortalShell (canonical wp17d wave),Canonical glass header,Canonical nav item under convergence,Layered light base + navy grid + restrained glass,Safety V2 sidebar,lucide-react (canonical wrapper convergence),ALIGN_LABEL,CONTEXTUAL_HELP_OPTIONAL,Canonical footer boundary in wave rollout,Canonical responsive shell in wave rollout,Operational; convergence verification pending,None observed in current wave or pending inspection,STANDARDIZE,NAVIGATION_CONVERGENCE,Inspect and repair defects encountered during migration,WP17C_CANONICAL_NAVIGATION_ITEM,frontend/src/components/safety/sidebar/SafetySideNavV2.jsx,Navigation canon + shell foundation,IMPLEMENTED,Imported from WP17C ledger · Shared shell/token convergence wave active · frontend/src/components/safety/sidebar/SafetySideNavV2.jsx,PENDING
NAV-0170,safety,/safety-portal/fleet,/,navigation_item,ACTIVE,WP17D_CANONICAL_WAVE,PortalShell (canonical wp17d wave),Canonical glass header,Canonical nav item under convergence,Layered light base + navy grid + restrained glass,Safety V2 sidebar,lucide-react (canonical wrapper convergence),ALIGN_LABEL,CONTEXTUAL_HELP_OPTIONAL,Canonical footer boundary in wave rollout,Canonical responsive shell in wave rollout,Operational; convergence verification pending,None observed in current wave or pending inspection,STANDARDIZE,NAVIGATION_CONVERGENCE,Inspect and repair defects encountered during migration,WP17C_CANONICAL_NAVIGATION_ITEM,frontend/src/components/safety/sidebar/SafetySideNavV2.jsx,Navigation canon + shell foundation,IMPLEMENTED,Imported from WP17C ledger · Shared shell/token convergence wave active · frontend/src/components/safety/sidebar/SafetySideNavV2.jsx,PENDING
NAV-0171,safety,/guidance?from=safety,/,navigation_item,ACTIVE,WP17D_CANONICAL_WAVE,PortalShell (canonical wp17d wave),Canonical glass header,Canonical nav item under convergence,Layered light base + navy grid + restrained glass,Safety V2 sidebar,lucide-react (canonical wrapper convergence),ALIGN_LABEL,CONTEXTUAL_HELP_OPTIONAL,Canonical footer boundary in wave rollout,Canonical responsive shell in wave rollout,Operational; convergence verification pending,None observed in current wave or pending inspection,STANDARDIZE,NAVIGATION_CONVERGENCE,Inspect and repair defects encountered during migration,WP17C_CANONICAL_NAVIGATION_ITEM,frontend/src/components/safety/sidebar/SafetySideNavV2.jsx,Navigation canon + shell foundation,IMPLEMENTED,Imported from WP17C ledger · Shared shell/token convergence wave active · frontend/src/components/safety/sidebar/SafetySideNavV2.jsx,PENDING
NAV-0172,dispatch,/dispatch-portal/board,/,navigation_item,ACTIVE,WP17D_CANONICAL_WAVE,Legacy or portal-specific shell,Canonical glass header,Canonical nav item under convergence,Layered light base + navy grid + restrained glass,Dispatch V2 sidebar,lucide-react (canonical wrapper convergence),ALIGN_LABEL,CONTEXTUAL_HELP_OPTIONAL,Mixed footer treatment,Canonical responsive shell in wave rollout,Operational; convergence verification pending,None observed in current wave or pending inspection,STANDARDIZE,NAVIGATION_CONVERGENCE,Inspect and repair defects encountered during migration,WP17C_CANONICAL_NAVIGATION_ITEM,frontend/src/components/dispatch/sidebar/DispatchSideNavV2.jsx,Navigation canon + shell foundation,IMPLEMENTED,Imported from WP17C ledger · Shared shell/token convergence wave active · frontend/src/components/dispatch/sidebar/DispatchSideNavV2.jsx,PENDING
NAV-0173,dispatch,/dispatch-portal,/,navigation_item,ACTIVE,WP17D_CANONICAL_WAVE,Legacy or portal-specific shell,Canonical glass header,Canonical nav item under convergence,Layered light base + navy grid + restrained glass,Dispatch V2 sidebar,lucide-react (canonical wrapper convergence),ALIGN_LABEL,CONTEXTUAL_HELP_OPTIONAL,Mixed footer treatment,Canonical responsive shell in wave rollout,Operational; convergence verification pending,None observed in current wave or pending inspection,STANDARDIZE,NAVIGATION_CONVERGENCE,Inspect and repair defects encountered during migration,WP17C_CANONICAL_NAVIGATION_ITEM,frontend/src/components/dispatch/sidebar/DispatchSideNavV2.jsx,Navigation canon + shell foundation,IMPLEMENTED,Imported from WP17C ledger · Shared shell/token convergence wave active · frontend/src/components/dispatch/sidebar/DispatchSideNavV2.jsx,PENDING
NAV-0174,dispatch,/dispatch-portal/command,/,navigation_item,ACTIVE,WP17D_CANONICAL_WAVE,Legacy or portal-specific shell,Canonical glass header,Canonical nav item under convergence,Layered light base + navy grid + restrained glass,Dispatch V2 sidebar,lucide-react (canonical wrapper convergence),ALIGN_LABEL,CONTEXTUAL_HELP_OPTIONAL,Mixed footer treatment,Canonical responsive shell in wave rollout,Operational; convergence verification pending,None observed in current wave or pending inspection,STANDARDIZE,NAVIGATION_CONVERGENCE,Inspect and repair defects encountered during migration,WP17C_CANONICAL_NAVIGATION_ITEM,frontend/src/components/dispatch/sidebar/DispatchSideNavV2.jsx,Navigation canon + shell foundation,IMPLEMENTED,Imported from WP17C ledger · Shared shell/token convergence wave active · frontend/src/components/dispatch/sidebar/DispatchSideNavV2.jsx,PENDING
NAV-0175,dispatch,/dispatch-portal/fleet,/,navigation_item,ACTIVE,WP17D_CANONICAL_WAVE,Legacy or portal-specific shell,Canonical glass header,Canonical nav item under convergence,Layered light base + navy grid + restrained glass,Dispatch V2 sidebar,lucide-react (canonical wrapper convergence),ALIGN_LABEL,CONTEXTUAL_HELP_OPTIONAL,Mixed footer treatment,Canonical responsive shell in wave rollout,Operational; convergence verification pending,None observed in current wave or pending inspection,STANDARDIZE,NAVIGATION_CONVERGENCE,Inspect and repair defects encountered during migration,WP17C_CANONICAL_NAVIGATION_ITEM,frontend/src/components/dispatch/sidebar/DispatchSideNavV2.jsx,Navigation canon + shell foundation,IMPLEMENTED,Imported from WP17C ledger · Shared shell/token convergence wave active · frontend/src/components/dispatch/sidebar/DispatchSideNavV2.jsx,PENDING
NAV-0176,dispatch,/dispatch-portal/driver-qualification,/,navigation_item,ACTIVE,WP17D_CANONICAL_WAVE,Legacy or portal-specific shell,Canonical glass header,Canonical nav item under convergence,Layered light base + navy grid + restrained glass,Dispatch V2 sidebar,lucide-react (canonical wrapper convergence),ALIGN_LABEL,CONTEXTUAL_HELP_OPTIONAL,Mixed footer treatment,Canonical responsive shell in wave rollout,Operational; convergence verification pending,None observed in current wave or pending inspection,STANDARDIZE,NAVIGATION_CONVERGENCE,Inspect and repair defects encountered during migration,WP17C_CANONICAL_NAVIGATION_ITEM,frontend/src/components/dispatch/sidebar/DispatchSideNavV2.jsx,Navigation canon + shell foundation,IMPLEMENTED,Imported from WP17C ledger · Shared shell/token convergence wave active · frontend/src/components/dispatch/sidebar/DispatchSideNavV2.jsx,PENDING
NAV-0177,dispatch,/dispatch-portal/haul-ledger,/,navigation_item,ACTIVE,WP17D_CANONICAL_WAVE,Legacy or portal-specific shell,Canonical glass header,Canonical nav item under convergence,Layered light base + navy grid + restrained glass,Dispatch V2 sidebar,lucide-react (canonical wrapper convergence),ALIGN_LABEL,CONTEXTUAL_HELP_OPTIONAL,Mixed footer treatment,Canonical responsive shell in wave rollout,Operational; convergence verification pending,None observed in current wave or pending inspection,STANDARDIZE,NAVIGATION_CONVERGENCE,Inspect and repair defects encountered during migration,WP17C_CANONICAL_NAVIGATION_ITEM,frontend/src/components/dispatch/sidebar/DispatchSideNavV2.jsx,Navigation canon + shell foundation,IMPLEMENTED,Imported from WP17C ledger · Shared shell/token convergence wave active · frontend/src/components/dispatch/sidebar/DispatchSideNavV2.jsx,PENDING
NAV-0178,dispatch,/guidance?from=dispatch,/,navigation_item,ACTIVE,WP17D_CANONICAL_WAVE,Legacy or portal-specific shell,Canonical glass header,Canonical nav item under convergence,Layered light base + navy grid + restrained glass,Dispatch V2 sidebar,lucide-react (canonical wrapper convergence),ALIGN_LABEL,CONTEXTUAL_HELP_OPTIONAL,Mixed footer treatment,Canonical responsive shell in wave rollout,Operational; convergence verification pending,None observed in current wave or pending inspection,STANDARDIZE,NAVIGATION_CONVERGENCE,Inspect and repair defects encountered during migration,WP17C_CANONICAL_NAVIGATION_ITEM,frontend/src/components/dispatch/sidebar/DispatchSideNavV2.jsx,Navigation canon + shell foundation,IMPLEMENTED,Imported from WP17C ledger · Shared shell/token convergence wave active · frontend/src/components/dispatch/sidebar/DispatchSideNavV2.jsx,PENDING
NAV-0179,dispatch,/dispatch-portal/change-password,/,navigation_item,ACTIVE,WP17D_CANONICAL_WAVE,Legacy or portal-specific shell,Canonical glass header,Canonical nav item under convergence,Layered light base + navy grid + restrained glass,Dispatch V2 sidebar,lucide-react (canonical wrapper convergence),ALIGN_LABEL,CONTEXTUAL_HELP_OPTIONAL,Mixed footer treatment,Canonical responsive shell in wave rollout,Operational; convergence verification pending,None observed in current wave or pending inspection,STANDARDIZE,NAVIGATION_CONVERGENCE,Inspect and repair defects encountered during migration,WP17C_CANONICAL_NAVIGATION_ITEM,frontend/src/components/dispatch/sidebar/DispatchSideNavV2.jsx,Navigation canon + shell foundation,IMPLEMENTED,Imported from WP17C ledger · Shared shell/token convergence wave active · frontend/src/components/dispatch/sidebar/DispatchSideNavV2.jsx,PENDING
NAV-0180,shop,/shop,/,navigation_item,ACTIVE,WP17D_CANONICAL_WAVE,Legacy or portal-specific shell,Canonical glass header,Canonical nav item under convergence,Layered light base + navy grid + restrained glass,Shop V2 sidebar,lucide-react (canonical wrapper convergence),ALIGN_LABEL,CONTEXTUAL_HELP_OPTIONAL,Mixed footer treatment,Canonical responsive shell in wave rollout,Operational; convergence verification pending,None observed in current wave or pending inspection,STANDARDIZE,NAVIGATION_CONVERGENCE,Inspect and repair defects encountered during migration,WP17C_CANONICAL_NAVIGATION_ITEM,frontend/src/components/shop/sidebar/domainMap.js,Navigation canon + shell foundation,IMPLEMENTED,Imported from WP17C ledger · Shared shell/token convergence wave active · frontend/src/components/shop/sidebar/domainMap.js,PENDING
NAV-0181,shop,/shop/fleet?focus_filter=oos,/,navigation_item,ACTIVE,WP17D_CANONICAL_WAVE,Legacy or portal-specific shell,Canonical glass header,Canonical nav item under convergence,Layered light base + navy grid + restrained glass,Shop V2 sidebar,lucide-react (canonical wrapper convergence),ALIGN_LABEL,CONTEXTUAL_HELP_OPTIONAL,Mixed footer treatment,Canonical responsive shell in wave rollout,Operational; convergence verification pending,None observed in current wave or pending inspection,STANDARDIZE,NAVIGATION_CONVERGENCE,Inspect and repair defects encountered during migration,WP17C_CANONICAL_NAVIGATION_ITEM,frontend/src/components/shop/sidebar/domainMap.js,Navigation canon + shell foundation,IMPLEMENTED,Imported from WP17C ledger · Shared shell/token convergence wave active · frontend/src/components/shop/sidebar/domainMap.js,PENDING
NAV-0182,shop,/shop/fleet?focus_filter=defects,/,navigation_item,ACTIVE,WP17D_CANONICAL_WAVE,Legacy or portal-specific shell,Canonical glass header,Canonical nav item under convergence,Layered light base + navy grid + restrained glass,Shop V2 sidebar,lucide-react (canonical wrapper convergence),ALIGN_LABEL,CONTEXTUAL_HELP_OPTIONAL,Mixed footer treatment,Canonical responsive shell in wave rollout,Operational; convergence verification pending,None observed in current wave or pending inspection,STANDARDIZE,NAVIGATION_CONVERGENCE,Inspect and repair defects encountered during migration,WP17C_CANONICAL_NAVIGATION_ITEM,frontend/src/components/shop/sidebar/domainMap.js,Navigation canon + shell foundation,IMPLEMENTED,Imported from WP17C ledger · Shared shell/token convergence wave active · frontend/src/components/shop/sidebar/domainMap.js,PENDING
NAV-0183,shop,/shop/fleet?focus_filter=defect_open_units,/,navigation_item,ACTIVE,WP17D_CANONICAL_WAVE,Legacy or portal-specific shell,Canonical glass header,Canonical nav item under convergence,Layered light base + navy grid + restrained glass,Shop V2 sidebar,lucide-react (canonical wrapper convergence),ALIGN_LABEL,CONTEXTUAL_HELP_OPTIONAL,Mixed footer treatment,Canonical responsive shell in wave rollout,Operational; convergence verification pending,None observed in current wave or pending inspection,STANDARDIZE,NAVIGATION_CONVERGENCE,Inspect and repair defects encountered during migration,WP17C_CANONICAL_NAVIGATION_ITEM,frontend/src/components/shop/sidebar/domainMap.js,Navigation canon + shell foundation,IMPLEMENTED,Imported from WP17C ledger · Shared shell/token convergence wave active · frontend/src/components/shop/sidebar/domainMap.js,PENDING
NAV-0184,shop,/shop/fleet?focus_filter=rts_pending,/,navigation_item,ACTIVE,WP17D_CANONICAL_WAVE,Legacy or portal-specific shell,Canonical glass header,Canonical nav item under convergence,Layered light base + navy grid + restrained glass,Shop V2 sidebar,lucide-react (canonical wrapper convergence),ALIGN_LABEL,CONTEXTUAL_HELP_OPTIONAL,Mixed footer treatment,Canonical responsive shell in wave rollout,Operational; convergence verification pending,None observed in current wave or pending inspection,STANDARDIZE,NAVIGATION_CONVERGENCE,Inspect and repair defects encountered during migration,WP17C_CANONICAL_NAVIGATION_ITEM,frontend/src/components/shop/sidebar/domainMap.js,Navigation canon + shell foundation,IMPLEMENTED,Imported from WP17C ledger · Shared shell/token convergence wave active · frontend/src/components/shop/sidebar/domainMap.js,PENDING
NAV-0185,shop,/shop/fleet?focus_filter=defects_acked,/,navigation_item,ACTIVE,WP17D_CANONICAL_WAVE,Legacy or portal-specific shell,Canonical glass header,Canonical nav item under convergence,Layered light base + navy grid + restrained glass,Shop V2 sidebar,lucide-react (canonical wrapper convergence),ALIGN_LABEL,CONTEXTUAL_HELP_OPTIONAL,Mixed footer treatment,Canonical responsive shell in wave rollout,Operational; convergence verification pending,None observed in current wave or pending inspection,STANDARDIZE,NAVIGATION_CONVERGENCE,Inspect and repair defects encountered during migration,WP17C_CANONICAL_NAVIGATION_ITEM,frontend/src/components/shop/sidebar/domainMap.js,Navigation canon + shell foundation,IMPLEMENTED,Imported from WP17C ledger · Shared shell/token convergence wave active · frontend/src/components/shop/sidebar/domainMap.js,PENDING
NAV-0186,shop,/shop/manager/queue,/,navigation_item,ACTIVE,WP17D_CANONICAL_WAVE,Legacy or portal-specific shell,Canonical glass header,Canonical nav item under convergence,Layered light base + navy grid + restrained glass,Shop V2 sidebar,lucide-react (canonical wrapper convergence),ALIGN_LABEL,CONTEXTUAL_HELP_OPTIONAL,Mixed footer treatment,Canonical responsive shell in wave rollout,Operational; convergence verification pending,None observed in current wave or pending inspection,STANDARDIZE,NAVIGATION_CONVERGENCE,Inspect and repair defects encountered during migration,WP17C_CANONICAL_NAVIGATION_ITEM,frontend/src/components/shop/sidebar/domainMap.js,Navigation canon + shell foundation,IMPLEMENTED,Imported from WP17C ledger · Shared shell/token convergence wave active · frontend/src/components/shop/sidebar/domainMap.js,PENDING
NAV-0187,shop,/shop/me,/,navigation_item,ACTIVE,WP17D_CANONICAL_WAVE,Legacy or portal-specific shell,Canonical glass header,Canonical nav item under convergence,Layered light base + navy grid + restrained glass,Shop V2 sidebar,lucide-react (canonical wrapper convergence),ALIGN_LABEL,CONTEXTUAL_HELP_OPTIONAL,Mixed footer treatment,Canonical responsive shell in wave rollout,Operational; convergence verification pending,None observed in current wave or pending inspection,STANDARDIZE,NAVIGATION_CONVERGENCE,Inspect and repair defects encountered during migration,WP17C_CANONICAL_NAVIGATION_ITEM,frontend/src/components/shop/sidebar/domainMap.js,Navigation canon + shell foundation,IMPLEMENTED,Imported from WP17C ledger · Shared shell/token convergence wave active · frontend/src/components/shop/sidebar/domainMap.js,PENDING
NAV-0188,shop,/shop/equipment,/,navigation_item,ACTIVE,WP17D_CANONICAL_WAVE,Legacy or portal-specific shell,Canonical glass header,Canonical nav item under convergence,Layered light base + navy grid + restrained glass,Shop V2 sidebar,lucide-react (canonical wrapper convergence),ALIGN_LABEL,CONTEXTUAL_HELP_OPTIONAL,Mixed footer treatment,Canonical responsive shell in wave rollout,Operational; convergence verification pending,None observed in current wave or pending inspection,STANDARDIZE,NAVIGATION_CONVERGENCE,Inspect and repair defects encountered during migration,WP17C_CANONICAL_NAVIGATION_ITEM,frontend/src/components/shop/sidebar/domainMap.js,Navigation canon + shell foundation,IMPLEMENTED,Imported from WP17C ledger · Shared shell/token convergence wave active · frontend/src/components/shop/sidebar/domainMap.js,PENDING
NAV-0189,shop,/shop/fleet,/,navigation_item,ACTIVE,WP17D_CANONICAL_WAVE,Legacy or portal-specific shell,Canonical glass header,Canonical nav item under convergence,Layered light base + navy grid + restrained glass,Shop V2 sidebar,lucide-react (canonical wrapper convergence),ALIGN_LABEL,CONTEXTUAL_HELP_OPTIONAL,Mixed footer treatment,Canonical responsive shell in wave rollout,Operational; convergence verification pending,None observed in current wave or pending inspection,STANDARDIZE,NAVIGATION_CONVERGENCE,Inspect and repair defects encountered during migration,WP17C_CANONICAL_NAVIGATION_ITEM,frontend/src/components/shop/sidebar/domainMap.js,Navigation canon + shell foundation,IMPLEMENTED,Imported from WP17C ledger · Shared shell/token convergence wave active · frontend/src/components/shop/sidebar/domainMap.js,PENDING
NAV-0190,shop,/shop/equipment,/,navigation_item,ACTIVE,WP17D_CANONICAL_WAVE,Legacy or portal-specific shell,Canonical glass header,Canonical nav item under convergence,Layered light base + navy grid + restrained glass,Shop V2 sidebar,lucide-react (canonical wrapper convergence),ALIGN_LABEL,CONTEXTUAL_HELP_OPTIONAL,Mixed footer treatment,Canonical responsive shell in wave rollout,Operational; convergence verification pending,None observed in current wave or pending inspection,STANDARDIZE,NAVIGATION_CONVERGENCE,Inspect and repair defects encountered during migration,WP17C_CANONICAL_NAVIGATION_ITEM,frontend/src/components/shop/sidebar/domainMap.js,Navigation canon + shell foundation,IMPLEMENTED,Imported from WP17C ledger · Shared shell/token convergence wave active · frontend/src/components/shop/sidebar/domainMap.js,PENDING
NAV-0191,shop,/shop/units/history,/,navigation_item,ACTIVE,WP17D_CANONICAL_WAVE,Legacy or portal-specific shell,Canonical glass header,Canonical nav item under convergence,Layered light base + navy grid + restrained glass,Shop V2 sidebar,lucide-react (canonical wrapper convergence),ALIGN_LABEL,CONTEXTUAL_HELP_OPTIONAL,Mixed footer treatment,Canonical responsive shell in wave rollout,Operational; convergence verification pending,None observed in current wave or pending inspection,STANDARDIZE,NAVIGATION_CONVERGENCE,Inspect and repair defects encountered during migration,WP17C_CANONICAL_NAVIGATION_ITEM,frontend/src/components/shop/sidebar/domainMap.js,Navigation canon + shell foundation,IMPLEMENTED,Imported from WP17C ledger · Shared shell/token convergence wave active · frontend/src/components/shop/sidebar/domainMap.js,PENDING
NAV-0192,shop,/shop/pm,/,navigation_item,ACTIVE,WP17D_CANONICAL_WAVE,Legacy or portal-specific shell,Canonical glass header,Canonical nav item under convergence,Layered light base + navy grid + restrained glass,Shop V2 sidebar,lucide-react (canonical wrapper convergence),ALIGN_LABEL,CONTEXTUAL_HELP_OPTIONAL,Mixed footer treatment,Canonical responsive shell in wave rollout,Operational; convergence verification pending,None observed in current wave or pending inspection,STANDARDIZE,NAVIGATION_CONVERGENCE,Inspect and repair defects encountered during migration,WP17C_CANONICAL_NAVIGATION_ITEM,frontend/src/components/shop/sidebar/domainMap.js,Navigation canon + shell foundation,IMPLEMENTED,Imported from WP17C ledger · Shared shell/token convergence wave active · frontend/src/components/shop/sidebar/domainMap.js,PENDING
NAV-0193,shop,/shop/pm/schedules,/,navigation_item,ACTIVE,WP17D_CANONICAL_WAVE,Legacy or portal-specific shell,Canonical glass header,Canonical nav item under convergence,Layered light base + navy grid + restrained glass,Shop V2 sidebar,lucide-react (canonical wrapper convergence),ALIGN_LABEL,CONTEXTUAL_HELP_OPTIONAL,Mixed footer treatment,Canonical responsive shell in wave rollout,Operational; convergence verification pending,None observed in current wave or pending inspection,STANDARDIZE,NAVIGATION_CONVERGENCE,Inspect and repair defects encountered during migration,WP17C_CANONICAL_NAVIGATION_ITEM,frontend/src/components/shop/sidebar/domainMap.js,Navigation canon + shell foundation,IMPLEMENTED,Imported from WP17C ledger · Shared shell/token convergence wave active · frontend/src/components/shop/sidebar/domainMap.js,PENDING
NAV-0194,shop,/shop/pm/templates,/,navigation_item,ACTIVE,WP17D_CANONICAL_WAVE,Legacy or portal-specific shell,Canonical glass header,Canonical nav item under convergence,Layered light base + navy grid + restrained glass,Shop V2 sidebar,lucide-react (canonical wrapper convergence),ALIGN_LABEL,CONTEXTUAL_HELP_OPTIONAL,Mixed footer treatment,Canonical responsive shell in wave rollout,Operational; convergence verification pending,None observed in current wave or pending inspection,STANDARDIZE,NAVIGATION_CONVERGENCE,Inspect and repair defects encountered during migration,WP17C_CANONICAL_NAVIGATION_ITEM,frontend/src/components/shop/sidebar/domainMap.js,Navigation canon + shell foundation,IMPLEMENTED,Imported from WP17C ledger · Shared shell/token convergence wave active · frontend/src/components/shop/sidebar/domainMap.js,PENDING
NAV-0195,shop,/shop/pm/work-orders,/,navigation_item,ACTIVE,WP17D_CANONICAL_WAVE,Legacy or portal-specific shell,Canonical glass header,Canonical nav item under convergence,Layered light base + navy grid + restrained glass,Shop V2 sidebar,lucide-react (canonical wrapper convergence),ALIGN_LABEL,CONTEXTUAL_HELP_OPTIONAL,Mixed footer treatment,Canonical responsive shell in wave rollout,Operational; convergence verification pending,None observed in current wave or pending inspection,STANDARDIZE,NAVIGATION_CONVERGENCE,Inspect and repair defects encountered during migration,WP17C_CANONICAL_NAVIGATION_ITEM,frontend/src/components/shop/sidebar/domainMap.js,Navigation canon + shell foundation,IMPLEMENTED,Imported from WP17C ledger · Shared shell/token convergence wave active · frontend/src/components/shop/sidebar/domainMap.js,PENDING
NAV-0196,shop,/shop/fuel-lube/new,/,navigation_item,ACTIVE,WP17D_CANONICAL_WAVE,Legacy or portal-specific shell,Canonical glass header,Canonical nav item under convergence,Layered light base + navy grid + restrained glass,Shop V2 sidebar,lucide-react (canonical wrapper convergence),ALIGN_LABEL,CONTEXTUAL_HELP_OPTIONAL,Mixed footer treatment,Canonical responsive shell in wave rollout,Operational; convergence verification pending,None observed in current wave or pending inspection,STANDARDIZE,NAVIGATION_CONVERGENCE,Inspect and repair defects encountered during migration,WP17C_CANONICAL_NAVIGATION_ITEM,frontend/src/components/shop/sidebar/domainMap.js,Navigation canon + shell foundation,IMPLEMENTED,Imported from WP17C ledger · Shared shell/token convergence wave active · frontend/src/components/shop/sidebar/domainMap.js,PENDING
NAV-0197,shop,/shop/fuel-lube,/,navigation_item,ACTIVE,WP17D_CANONICAL_WAVE,Legacy or portal-specific shell,Canonical glass header,Canonical nav item under convergence,Layered light base + navy grid + restrained glass,Shop V2 sidebar,lucide-react (canonical wrapper convergence),ALIGN_LABEL,CONTEXTUAL_HELP_OPTIONAL,Mixed footer treatment,Canonical responsive shell in wave rollout,Operational; convergence verification pending,None observed in current wave or pending inspection,STANDARDIZE,NAVIGATION_CONVERGENCE,Inspect and repair defects encountered during migration,WP17C_CANONICAL_NAVIGATION_ITEM,frontend/src/components/shop/sidebar/domainMap.js,Navigation canon + shell foundation,IMPLEMENTED,Imported from WP17C ledger · Shared shell/token convergence wave active · frontend/src/components/shop/sidebar/domainMap.js,PENDING
NAV-0198,shop,/shop/service-truck-reconciliation/new,/,navigation_item,ACTIVE,WP17D_CANONICAL_WAVE,Legacy or portal-specific shell,Canonical glass header,Canonical nav item under convergence,Layered light base + navy grid + restrained glass,Shop V2 sidebar,lucide-react (canonical wrapper convergence),ALIGN_LABEL,CONTEXTUAL_HELP_OPTIONAL,Mixed footer treatment,Canonical responsive shell in wave rollout,Operational; convergence verification pending,None observed in current wave or pending inspection,STANDARDIZE,NAVIGATION_CONVERGENCE,Inspect and repair defects encountered during migration,WP17C_CANONICAL_NAVIGATION_ITEM,frontend/src/components/shop/sidebar/domainMap.js,Navigation canon + shell foundation,IMPLEMENTED,Imported from WP17C ledger · Shared shell/token convergence wave active · frontend/src/components/shop/sidebar/domainMap.js,PENDING
NAV-0199,shop,/shop/service-truck-reconciliation,/,navigation_item,ACTIVE,WP17D_CANONICAL_WAVE,Legacy or portal-specific shell,Canonical glass header,Canonical nav item under convergence,Layered light base + navy grid + restrained glass,Shop V2 sidebar,lucide-react (canonical wrapper convergence),ALIGN_LABEL,CONTEXTUAL_HELP_OPTIONAL,Mixed footer treatment,Canonical responsive shell in wave rollout,Operational; convergence verification pending,None observed in current wave or pending inspection,STANDARDIZE,NAVIGATION_CONVERGENCE,Inspect and repair defects encountered during migration,WP17C_CANONICAL_NAVIGATION_ITEM,frontend/src/components/shop/sidebar/domainMap.js,Navigation canon + shell foundation,IMPLEMENTED,Imported from WP17C ledger · Shared shell/token convergence wave active · frontend/src/components/shop/sidebar/domainMap.js,PENDING
NAV-0200,shop,/shop/trench-safety-repairs,/,navigation_item,ACTIVE,WP17D_CANONICAL_WAVE,Legacy or portal-specific shell,Canonical glass header,Canonical nav item under convergence,Layered light base + navy grid + restrained glass,Shop V2 sidebar,lucide-react (canonical wrapper convergence),ALIGN_LABEL,CONTEXTUAL_HELP_OPTIONAL,Mixed footer treatment,Canonical responsive shell in wave rollout,Operational; convergence verification pending,None observed in current wave or pending inspection,STANDARDIZE,NAVIGATION_CONVERGENCE,Inspect and repair defects encountered during migration,WP17C_CANONICAL_NAVIGATION_ITEM,frontend/src/components/shop/sidebar/domainMap.js,Navigation canon + shell foundation,IMPLEMENTED,Imported from WP17C ledger · Shared shell/token convergence wave active · frontend/src/components/shop/sidebar/domainMap.js,PENDING
NAV-0201,shop,/shop/asset-care,/,navigation_item,ACTIVE,WP17D_CANONICAL_WAVE,Legacy or portal-specific shell,Canonical glass header,Canonical nav item under convergence,Layered light base + navy grid + restrained glass,Shop V2 sidebar,lucide-react (canonical wrapper convergence),ALIGN_LABEL,CONTEXTUAL_HELP_OPTIONAL,Mixed footer treatment,Canonical responsive shell in wave rollout,Operational; convergence verification pending,None observed in current wave or pending inspection,STANDARDIZE,NAVIGATION_CONVERGENCE,Inspect and repair defects encountered during migration,WP17C_CANONICAL_NAVIGATION_ITEM,frontend/src/components/shop/sidebar/domainMap.js,Navigation canon + shell foundation,IMPLEMENTED,Imported from WP17C ledger · Shared shell/token convergence wave active · frontend/src/components/shop/sidebar/domainMap.js,PENDING
NAV-0202,shop,/hr/historical-records/intake,/,navigation_item,ACTIVE,WP17D_CANONICAL_WAVE,Legacy or portal-specific shell,Canonical glass header,Canonical nav item under convergence,Layered light base + navy grid + restrained glass,Shop V2 sidebar,lucide-react (canonical wrapper convergence),ALIGN_LABEL,CONTEXTUAL_HELP_OPTIONAL,Mixed footer treatment,Canonical responsive shell in wave rollout,Operational; convergence verification pending,None observed in current wave or pending inspection,STANDARDIZE,NAVIGATION_CONVERGENCE,Inspect and repair defects encountered during migration,WP17C_CANONICAL_NAVIGATION_ITEM,frontend/src/components/shop/sidebar/domainMap.js,Navigation canon + shell foundation,IMPLEMENTED,Imported from WP17C ledger · Shared shell/token convergence wave active · frontend/src/components/shop/sidebar/domainMap.js,PENDING
NAV-0203,shop,/hr/historical-records/queue,/,navigation_item,ACTIVE,WP17D_CANONICAL_WAVE,Legacy or portal-specific shell,Canonical glass header,Canonical nav item under convergence,Layered light base + navy grid + restrained glass,Shop V2 sidebar,lucide-react (canonical wrapper convergence),ALIGN_LABEL,CONTEXTUAL_HELP_OPTIONAL,Mixed footer treatment,Canonical responsive shell in wave rollout,Operational; convergence verification pending,None observed in current wave or pending inspection,STANDARDIZE,NAVIGATION_CONVERGENCE,Inspect and repair defects encountered during migration,WP17C_CANONICAL_NAVIGATION_ITEM,frontend/src/components/shop/sidebar/domainMap.js,Navigation canon + shell foundation,IMPLEMENTED,Imported from WP17C ledger · Shared shell/token convergence wave active · frontend/src/components/shop/sidebar/domainMap.js,PENDING
NAV-0204,shop,/hr/historical-records/batches,/,navigation_item,ACTIVE,WP17D_CANONICAL_WAVE,Legacy or portal-specific shell,Canonical glass header,Canonical nav item under convergence,Layered light base + navy grid + restrained glass,Shop V2 sidebar,lucide-react (canonical wrapper convergence),ALIGN_LABEL,CONTEXTUAL_HELP_OPTIONAL,Mixed footer treatment,Canonical responsive shell in wave rollout,Operational; convergence verification pending,None observed in current wave or pending inspection,STANDARDIZE,NAVIGATION_CONVERGENCE,Inspect and repair defects encountered during migration,WP17C_CANONICAL_NAVIGATION_ITEM,frontend/src/components/shop/sidebar/domainMap.js,Navigation canon + shell foundation,IMPLEMENTED,Imported from WP17C ledger · Shared shell/token convergence wave active · frontend/src/components/shop/sidebar/domainMap.js,PENDING
NAV-0205,shop,/tasks,/,navigation_item,ACTIVE,WP17D_CANONICAL_WAVE,Legacy or portal-specific shell,Canonical glass header,Canonical nav item under convergence,Layered light base + navy grid + restrained glass,Shop V2 sidebar,lucide-react (canonical wrapper convergence),ALIGN_LABEL,CONTEXTUAL_HELP_OPTIONAL,Mixed footer treatment,Canonical responsive shell in wave rollout,Operational; convergence verification pending,None observed in current wave or pending inspection,STANDARDIZE,NAVIGATION_CONVERGENCE,Inspect and repair defects encountered during migration,WP17C_CANONICAL_NAVIGATION_ITEM,frontend/src/components/shop/sidebar/domainMap.js,Navigation canon + shell foundation,IMPLEMENTED,Imported from WP17C ledger · Shared shell/token convergence wave active · frontend/src/components/shop/sidebar/domainMap.js,PENDING
NAV-0206,shop,/guidance,/,navigation_item,ACTIVE,WP17D_CANONICAL_WAVE,Legacy or portal-specific shell,Canonical glass header,Canonical nav item under convergence,Layered light base + navy grid + restrained glass,Shop V2 sidebar,lucide-react (canonical wrapper convergence),ALIGN_LABEL,CONTEXTUAL_HELP_OPTIONAL,Mixed footer treatment,Canonical responsive shell in wave rollout,Operational; convergence verification pending,None observed in current wave or pending inspection,STANDARDIZE,NAVIGATION_CONVERGENCE,Inspect and repair defects encountered during migration,WP17C_CANONICAL_NAVIGATION_ITEM,frontend/src/components/shop/sidebar/domainMap.js,Navigation canon + shell foundation,IMPLEMENTED,Imported from WP17C ledger · Shared shell/token convergence wave active · frontend/src/components/shop/sidebar/domainMap.js,PENDING
NAV-0207,transportation,/admin/transportation,/,navigation_item,ACTIVE,WP17D_CANONICAL_WAVE,PortalShell (canonical wp17d wave),Canonical glass header,Canonical nav item under convergence,Layered light base + navy grid + restrained glass,Transportation grouped nav,lucide-react (canonical wrapper convergence),ALIGN_LABEL,CONTEXTUAL_HELP_OPTIONAL,Canonical footer boundary in wave rollout,Canonical responsive shell in wave rollout,Under active convergence repair,Inspecting valid-session auth/runtime failures and mixed layout regressions,STANDARDIZE,FIRST_WAVE_REPAIR_AND_CONVERGENCE,"Repair auth/runtime drift, duplicate navigation, and mixed shell behavior",WP17C_CANONICAL_NAVIGATION_ITEM,frontend/src/pages/transportation/_shared.jsx; frontend/src/components/transportation/sidebar/TransportationSideNavV2.jsx,Navigation canon + shell foundation,MIGRATING,Imported from WP17C ledger · Shared shell/token convergence wave active · Executive first-priority repair wave · frontend/src/pages/transportation/_shared.jsx; frontend/src/components/transportation/sidebar/TransportationSideNavV2.jsx,PENDING
NAV-0208,transportation,carriers,/,navigation_item,ACTIVE,WP17D_CANONICAL_WAVE,PortalShell (canonical wp17d wave),Canonical glass header,Canonical nav item under convergence,Layered light base + navy grid + restrained glass,Transportation grouped nav,lucide-react (canonical wrapper convergence),ALIGN_LABEL,CONTEXTUAL_HELP_OPTIONAL,Canonical footer boundary in wave rollout,Canonical responsive shell in wave rollout,Under active convergence repair,Inspecting valid-session auth/runtime failures and mixed layout regressions,STANDARDIZE,FIRST_WAVE_REPAIR_AND_CONVERGENCE,"Repair auth/runtime drift, duplicate navigation, and mixed shell behavior",WP17C_CANONICAL_NAVIGATION_ITEM,frontend/src/pages/transportation/_shared.jsx; frontend/src/components/transportation/sidebar/TransportationSideNavV2.jsx,Navigation canon + shell foundation,MIGRATING,Imported from WP17C ledger · Shared shell/token convergence wave active · Executive first-priority repair wave · frontend/src/pages/transportation/_shared.jsx; frontend/src/components/transportation/sidebar/TransportationSideNavV2.jsx,PENDING
NAV-0209,transportation,drivers,/,navigation_item,ACTIVE,WP17D_CANONICAL_WAVE,PortalShell (canonical wp17d wave),Canonical glass header,Canonical nav item under convergence,Layered light base + navy grid + restrained glass,Transportation grouped nav,lucide-react (canonical wrapper convergence),ALIGN_LABEL,CONTEXTUAL_HELP_OPTIONAL,Canonical footer boundary in wave rollout,Canonical responsive shell in wave rollout,Under active convergence repair,Inspecting valid-session auth/runtime failures and mixed layout regressions,STANDARDIZE,FIRST_WAVE_REPAIR_AND_CONVERGENCE,"Repair auth/runtime drift, duplicate navigation, and mixed shell behavior",WP17C_CANONICAL_NAVIGATION_ITEM,frontend/src/pages/transportation/_shared.jsx; frontend/src/components/transportation/sidebar/TransportationSideNavV2.jsx,Navigation canon + shell foundation,MIGRATING,Imported from WP17C ledger · Shared shell/token convergence wave active · Executive first-priority repair wave · frontend/src/pages/transportation/_shared.jsx; frontend/src/components/transportation/sidebar/TransportationSideNavV2.jsx,PENDING
NAV-0210,transportation,trucks,/,navigation_item,ACTIVE,WP17D_CANONICAL_WAVE,PortalShell (canonical wp17d wave),Canonical glass header,Canonical nav item under convergence,Layered light base + navy grid + restrained glass,Transportation grouped nav,lucide-react (canonical wrapper convergence),ALIGN_LABEL,CONTEXTUAL_HELP_OPTIONAL,Canonical footer boundary in wave rollout,Canonical responsive shell in wave rollout,Under active convergence repair,Inspecting valid-session auth/runtime failures and mixed layout regressions,STANDARDIZE,FIRST_WAVE_REPAIR_AND_CONVERGENCE,"Repair auth/runtime drift, duplicate navigation, and mixed shell behavior",WP17C_CANONICAL_NAVIGATION_ITEM,frontend/src/pages/transportation/_shared.jsx; frontend/src/components/transportation/sidebar/TransportationSideNavV2.jsx,Navigation canon + shell foundation,MIGRATING,Imported from WP17C ledger · Shared shell/token convergence wave active · Executive first-priority repair wave · frontend/src/pages/transportation/_shared.jsx; frontend/src/components/transportation/sidebar/TransportationSideNavV2.jsx,PENDING
NAV-0211,transportation,compliance,/,navigation_item,ACTIVE,WP17D_CANONICAL_WAVE,PortalShell (canonical wp17d wave),Canonical glass header,Canonical nav item under convergence,Layered light base + navy grid + restrained glass,Transportation grouped nav,lucide-react (canonical wrapper convergence),ALIGN_LABEL,CONTEXTUAL_HELP_OPTIONAL,Canonical footer boundary in wave rollout,Canonical responsive shell in wave rollout,Under active convergence repair,Inspecting valid-session auth/runtime failures and mixed layout regressions,STANDARDIZE,FIRST_WAVE_REPAIR_AND_CONVERGENCE,"Repair auth/runtime drift, duplicate navigation, and mixed shell behavior",WP17C_CANONICAL_NAVIGATION_ITEM,frontend/src/pages/transportation/_shared.jsx; frontend/src/components/transportation/sidebar/TransportationSideNavV2.jsx,Navigation canon + shell foundation,MIGRATING,Imported from WP17C ledger · Shared shell/token convergence wave active · Executive first-priority repair wave · frontend/src/pages/transportation/_shared.jsx; frontend/src/components/transportation/sidebar/TransportationSideNavV2.jsx,PENDING
NAV-0212,transportation,documents,/,navigation_item,ACTIVE,WP17D_CANONICAL_WAVE,PortalShell (canonical wp17d wave),Canonical glass header,Canonical nav item under convergence,Layered light base + navy grid + restrained glass,Transportation grouped nav,lucide-react (canonical wrapper convergence),ALIGN_LABEL,CONTEXTUAL_HELP_OPTIONAL,Canonical footer boundary in wave rollout,Canonical responsive shell in wave rollout,Under active convergence repair,Inspecting valid-session auth/runtime failures and mixed layout regressions,STANDARDIZE,FIRST_WAVE_REPAIR_AND_CONVERGENCE,"Repair auth/runtime drift, duplicate navigation, and mixed shell behavior",WP17C_CANONICAL_NAVIGATION_ITEM,frontend/src/pages/transportation/_shared.jsx; frontend/src/components/transportation/sidebar/TransportationSideNavV2.jsx,Navigation canon + shell foundation,MIGRATING,Imported from WP17C ledger · Shared shell/token convergence wave active · Executive first-priority repair wave · frontend/src/pages/transportation/_shared.jsx; frontend/src/components/transportation/sidebar/TransportationSideNavV2.jsx,PENDING
NAV-0213,transportation,inspections,/,navigation_item,ACTIVE,WP17D_CANONICAL_WAVE,PortalShell (canonical wp17d wave),Canonical glass header,Canonical nav item under convergence,Layered light base + navy grid + restrained glass,Transportation grouped nav,lucide-react (canonical wrapper convergence),ALIGN_LABEL,CONTEXTUAL_HELP_OPTIONAL,Canonical footer boundary in wave rollout,Canonical responsive shell in wave rollout,Under active convergence repair,Inspecting valid-session auth/runtime failures and mixed layout regressions,STANDARDIZE,FIRST_WAVE_REPAIR_AND_CONVERGENCE,"Repair auth/runtime drift, duplicate navigation, and mixed shell behavior",WP17C_CANONICAL_NAVIGATION_ITEM,frontend/src/pages/transportation/_shared.jsx; frontend/src/components/transportation/sidebar/TransportationSideNavV2.jsx,Navigation canon + shell foundation,MIGRATING,Imported from WP17C ledger · Shared shell/token convergence wave active · Executive first-priority repair wave · frontend/src/pages/transportation/_shared.jsx; frontend/src/components/transportation/sidebar/TransportationSideNavV2.jsx,PENDING
NAV-0214,transportation,orientation,/,navigation_item,ACTIVE,WP17D_CANONICAL_WAVE,PortalShell (canonical wp17d wave),Canonical glass header,Canonical nav item under convergence,Layered light base + navy grid + restrained glass,Transportation grouped nav,lucide-react (canonical wrapper convergence),ALIGN_LABEL,CONTEXTUAL_HELP_OPTIONAL,Canonical footer boundary in wave rollout,Canonical responsive shell in wave rollout,Under active convergence repair,Inspecting valid-session auth/runtime failures and mixed layout regressions,STANDARDIZE,FIRST_WAVE_REPAIR_AND_CONVERGENCE,"Repair auth/runtime drift, duplicate navigation, and mixed shell behavior",WP17C_CANONICAL_NAVIGATION_ITEM,frontend/src/pages/transportation/_shared.jsx; frontend/src/components/transportation/sidebar/TransportationSideNavV2.jsx,Navigation canon + shell foundation,MIGRATING,Imported from WP17C ledger · Shared shell/token convergence wave active · Executive first-priority repair wave · frontend/src/pages/transportation/_shared.jsx; frontend/src/components/transportation/sidebar/TransportationSideNavV2.jsx,PENDING
NAV-0215,transportation,command-queue,/,navigation_item,ACTIVE,WP17D_CANONICAL_WAVE,PortalShell (canonical wp17d wave),Canonical glass header,Canonical nav item under convergence,Layered light base + navy grid + restrained glass,Transportation grouped nav,lucide-react (canonical wrapper convergence),ALIGN_LABEL,CONTEXTUAL_HELP_OPTIONAL,Canonical footer boundary in wave rollout,Canonical responsive shell in wave rollout,Under active convergence repair,Inspecting valid-session auth/runtime failures and mixed layout regressions,STANDARDIZE,FIRST_WAVE_REPAIR_AND_CONVERGENCE,"Repair auth/runtime drift, duplicate navigation, and mixed shell behavior",WP17C_CANONICAL_NAVIGATION_ITEM,frontend/src/pages/transportation/_shared.jsx; frontend/src/components/transportation/sidebar/TransportationSideNavV2.jsx,Navigation canon + shell foundation,MIGRATING,Imported from WP17C ledger · Shared shell/token convergence wave active · Executive first-priority repair wave · frontend/src/pages/transportation/_shared.jsx; frontend/src/components/transportation/sidebar/TransportationSideNavV2.jsx,PENDING
NAV-0216,transportation,intelligence,/,navigation_item,ACTIVE,WP17D_CANONICAL_WAVE,PortalShell (canonical wp17d wave),Canonical glass header,Canonical nav item under convergence,Layered light base + navy grid + restrained glass,Transportation grouped nav,lucide-react (canonical wrapper convergence),ALIGN_LABEL,CONTEXTUAL_HELP_OPTIONAL,Canonical footer boundary in wave rollout,Canonical responsive shell in wave rollout,Under active convergence repair,Inspecting valid-session auth/runtime failures and mixed layout regressions,STANDARDIZE,FIRST_WAVE_REPAIR_AND_CONVERGENCE,"Repair auth/runtime drift, duplicate navigation, and mixed shell behavior",WP17C_CANONICAL_NAVIGATION_ITEM,frontend/src/pages/transportation/_shared.jsx; frontend/src/components/transportation/sidebar/TransportationSideNavV2.jsx,Navigation canon + shell foundation,MIGRATING,Imported from WP17C ledger · Shared shell/token convergence wave active · Executive first-priority repair wave · frontend/src/pages/transportation/_shared.jsx; frontend/src/components/transportation/sidebar/TransportationSideNavV2.jsx,PENDING
NAV-0217,transportation,rate-schedules,/,navigation_item,ACTIVE,WP17D_CANONICAL_WAVE,PortalShell (canonical wp17d wave),Canonical glass header,Canonical nav item under convergence,Layered light base + navy grid + restrained glass,Transportation grouped nav,lucide-react (canonical wrapper convergence),ALIGN_LABEL,CONTEXTUAL_HELP_OPTIONAL,Canonical footer boundary in wave rollout,Canonical responsive shell in wave rollout,Under active convergence repair,Inspecting valid-session auth/runtime failures and mixed layout regressions,STANDARDIZE,FIRST_WAVE_REPAIR_AND_CONVERGENCE,"Repair auth/runtime drift, duplicate navigation, and mixed shell behavior",WP17C_CANONICAL_NAVIGATION_ITEM,frontend/src/pages/transportation/_shared.jsx; frontend/src/components/transportation/sidebar/TransportationSideNavV2.jsx,Navigation canon + shell foundation,MIGRATING,Imported from WP17C ledger · Shared shell/token convergence wave active · Executive first-priority repair wave · frontend/src/pages/transportation/_shared.jsx; frontend/src/components/transportation/sidebar/TransportationSideNavV2.jsx,PENDING
NAV-0218,transportation,audit,/,navigation_item,ACTIVE,WP17D_CANONICAL_WAVE,PortalShell (canonical wp17d wave),Canonical glass header,Canonical nav item under convergence,Layered light base + navy grid + restrained glass,Transportation grouped nav,lucide-react (canonical wrapper convergence),ALIGN_LABEL,CONTEXTUAL_HELP_OPTIONAL,Canonical footer boundary in wave rollout,Canonical responsive shell in wave rollout,Under active convergence repair,Inspecting valid-session auth/runtime failures and mixed layout regressions,STANDARDIZE,FIRST_WAVE_REPAIR_AND_CONVERGENCE,"Repair auth/runtime drift, duplicate navigation, and mixed shell behavior",WP17C_CANONICAL_NAVIGATION_ITEM,frontend/src/pages/transportation/_shared.jsx; frontend/src/components/transportation/sidebar/TransportationSideNavV2.jsx,Navigation canon + shell foundation,MIGRATING,Imported from WP17C ledger · Shared shell/token convergence wave active · Executive first-priority repair wave · frontend/src/pages/transportation/_shared.jsx; frontend/src/components/transportation/sidebar/TransportationSideNavV2.jsx,PENDING
NAV-0219,transportation,reports,/,navigation_item,ACTIVE,WP17D_CANONICAL_WAVE,PortalShell (canonical wp17d wave),Canonical glass header,Canonical nav item under convergence,Layered light base + navy grid + restrained glass,Transportation grouped nav,lucide-react (canonical wrapper convergence),ALIGN_LABEL,CONTEXTUAL_HELP_OPTIONAL,Canonical footer boundary in wave rollout,Canonical responsive shell in wave rollout,Under active convergence repair,Inspecting valid-session auth/runtime failures and mixed layout regressions,STANDARDIZE,FIRST_WAVE_REPAIR_AND_CONVERGENCE,"Repair auth/runtime drift, duplicate navigation, and mixed shell behavior",WP17C_CANONICAL_NAVIGATION_ITEM,frontend/src/pages/transportation/_shared.jsx; frontend/src/components/transportation/sidebar/TransportationSideNavV2.jsx,Navigation canon + shell foundation,MIGRATING,Imported from WP17C ledger · Shared shell/token convergence wave active · Executive first-priority repair wave · frontend/src/pages/transportation/_shared.jsx; frontend/src/components/transportation/sidebar/TransportationSideNavV2.jsx,PENDING
NAV-0220,transportation,/admin/transportation,/,navigation_item,ACTIVE,WP17D_CANONICAL_WAVE,PortalShell (canonical wp17d wave),Canonical glass header,Canonical nav item under convergence,Layered light base + navy grid + restrained glass,Transportation grouped nav,lucide-react (canonical wrapper convergence),ALIGN_LABEL,CONTEXTUAL_HELP_OPTIONAL,Canonical footer boundary in wave rollout,Canonical responsive shell in wave rollout,Under active convergence repair,Inspecting valid-session auth/runtime failures and mixed layout regressions,STANDARDIZE,FIRST_WAVE_REPAIR_AND_CONVERGENCE,"Repair auth/runtime drift, duplicate navigation, and mixed shell behavior",WP17C_CANONICAL_NAVIGATION_ITEM,frontend/src/pages/transportation/_shared.jsx; frontend/src/components/transportation/sidebar/TransportationSideNavV2.jsx,Navigation canon + shell foundation,MIGRATING,Imported from WP17C ledger · Shared shell/token convergence wave active · Executive first-priority repair wave · frontend/src/pages/transportation/_shared.jsx; frontend/src/components/transportation/sidebar/TransportationSideNavV2.jsx,PENDING
NAV-0221,transportation,dispatch,/,navigation_item,ACTIVE,WP17D_CANONICAL_WAVE,PortalShell (canonical wp17d wave),Canonical glass header,Canonical nav item under convergence,Layered light base + navy grid + restrained glass,Transportation grouped nav,lucide-react (canonical wrapper convergence),ALIGN_LABEL,CONTEXTUAL_HELP_OPTIONAL,Canonical footer boundary in wave rollout,Canonical responsive shell in wave rollout,Under active convergence repair,Inspecting valid-session auth/runtime failures and mixed layout regressions,STANDARDIZE,FIRST_WAVE_REPAIR_AND_CONVERGENCE,"Repair auth/runtime drift, duplicate navigation, and mixed shell behavior",WP17C_CANONICAL_NAVIGATION_ITEM,frontend/src/pages/transportation/_shared.jsx; frontend/src/components/transportation/sidebar/TransportationSideNavV2.jsx,Navigation canon + shell foundation,MIGRATING,Imported from WP17C ledger · Shared shell/token convergence wave active · Executive first-priority repair wave · frontend/src/pages/transportation/_shared.jsx; frontend/src/components/transportation/sidebar/TransportationSideNavV2.jsx,PENDING
NAV-0222,transportation,live-operations,/,navigation_item,ACTIVE,WP17D_CANONICAL_WAVE,PortalShell (canonical wp17d wave),Canonical glass header,Canonical nav item under convergence,Layered light base + navy grid + restrained glass,Transportation grouped nav,lucide-react (canonical wrapper convergence),ALIGN_LABEL,CONTEXTUAL_HELP_OPTIONAL,Canonical footer boundary in wave rollout,Canonical responsive shell in wave rollout,Under active convergence repair,Inspecting valid-session auth/runtime failures and mixed layout regressions,STANDARDIZE,FIRST_WAVE_REPAIR_AND_CONVERGENCE,"Repair auth/runtime drift, duplicate navigation, and mixed shell behavior",WP17C_CANONICAL_NAVIGATION_ITEM,frontend/src/pages/transportation/_shared.jsx; frontend/src/components/transportation/sidebar/TransportationSideNavV2.jsx,Navigation canon + shell foundation,MIGRATING,Imported from WP17C ledger · Shared shell/token convergence wave active · Executive first-priority repair wave · frontend/src/pages/transportation/_shared.jsx; frontend/src/components/transportation/sidebar/TransportationSideNavV2.jsx,PENDING
NAV-0223,transportation,trucks,/,navigation_item,ACTIVE,WP17D_CANONICAL_WAVE,PortalShell (canonical wp17d wave),Canonical glass header,Canonical nav item under convergence,Layered light base + navy grid + restrained glass,Transportation grouped nav,lucide-react (canonical wrapper convergence),ALIGN_LABEL,CONTEXTUAL_HELP_OPTIONAL,Canonical footer boundary in wave rollout,Canonical responsive shell in wave rollout,Under active convergence repair,Inspecting valid-session auth/runtime failures and mixed layout regressions,STANDARDIZE,FIRST_WAVE_REPAIR_AND_CONVERGENCE,"Repair auth/runtime drift, duplicate navigation, and mixed shell behavior",WP17C_CANONICAL_NAVIGATION_ITEM,frontend/src/pages/transportation/_shared.jsx; frontend/src/components/transportation/sidebar/TransportationSideNavV2.jsx,Navigation canon + shell foundation,MIGRATING,Imported from WP17C ledger · Shared shell/token convergence wave active · Executive first-priority repair wave · frontend/src/pages/transportation/_shared.jsx; frontend/src/components/transportation/sidebar/TransportationSideNavV2.jsx,PENDING
NAV-0224,transportation,drivers,/,navigation_item,ACTIVE,WP17D_CANONICAL_WAVE,PortalShell (canonical wp17d wave),Canonical glass header,Canonical nav item under convergence,Layered light base + navy grid + restrained glass,Transportation grouped nav,lucide-react (canonical wrapper convergence),ALIGN_LABEL,CONTEXTUAL_HELP_OPTIONAL,Canonical footer boundary in wave rollout,Canonical responsive shell in wave rollout,Under active convergence repair,Inspecting valid-session auth/runtime failures and mixed layout regressions,STANDARDIZE,FIRST_WAVE_REPAIR_AND_CONVERGENCE,"Repair auth/runtime drift, duplicate navigation, and mixed shell behavior",WP17C_CANONICAL_NAVIGATION_ITEM,frontend/src/pages/transportation/_shared.jsx; frontend/src/components/transportation/sidebar/TransportationSideNavV2.jsx,Navigation canon + shell foundation,MIGRATING,Imported from WP17C ledger · Shared shell/token convergence wave active · Executive first-priority repair wave · frontend/src/pages/transportation/_shared.jsx; frontend/src/components/transportation/sidebar/TransportationSideNavV2.jsx,PENDING
NAV-0225,transportation,carriers,/,navigation_item,ACTIVE,WP17D_CANONICAL_WAVE,PortalShell (canonical wp17d wave),Canonical glass header,Canonical nav item under convergence,Layered light base + navy grid + restrained glass,Transportation grouped nav,lucide-react (canonical wrapper convergence),ALIGN_LABEL,CONTEXTUAL_HELP_OPTIONAL,Canonical footer boundary in wave rollout,Canonical responsive shell in wave rollout,Under active convergence repair,Inspecting valid-session auth/runtime failures and mixed layout regressions,STANDARDIZE,FIRST_WAVE_REPAIR_AND_CONVERGENCE,"Repair auth/runtime drift, duplicate navigation, and mixed shell behavior",WP17C_CANONICAL_NAVIGATION_ITEM,frontend/src/pages/transportation/_shared.jsx; frontend/src/components/transportation/sidebar/TransportationSideNavV2.jsx,Navigation canon + shell foundation,MIGRATING,Imported from WP17C ledger · Shared shell/token convergence wave active · Executive first-priority repair wave · frontend/src/pages/transportation/_shared.jsx; frontend/src/components/transportation/sidebar/TransportationSideNavV2.jsx,PENDING
NAV-0226,transportation,compliance,/,navigation_item,ACTIVE,WP17D_CANONICAL_WAVE,PortalShell (canonical wp17d wave),Canonical glass header,Canonical nav item under convergence,Layered light base + navy grid + restrained glass,Transportation grouped nav,lucide-react (canonical wrapper convergence),ALIGN_LABEL,CONTEXTUAL_HELP_OPTIONAL,Canonical footer boundary in wave rollout,Canonical responsive shell in wave rollout,Under active convergence repair,Inspecting valid-session auth/runtime failures and mixed layout regressions,STANDARDIZE,FIRST_WAVE_REPAIR_AND_CONVERGENCE,"Repair auth/runtime drift, duplicate navigation, and mixed shell behavior",WP17C_CANONICAL_NAVIGATION_ITEM,frontend/src/pages/transportation/_shared.jsx; frontend/src/components/transportation/sidebar/TransportationSideNavV2.jsx,Navigation canon + shell foundation,MIGRATING,Imported from WP17C ledger · Shared shell/token convergence wave active · Executive first-priority repair wave · frontend/src/pages/transportation/_shared.jsx; frontend/src/components/transportation/sidebar/TransportationSideNavV2.jsx,PENDING
NAV-0227,transportation,orientation,/,navigation_item,ACTIVE,WP17D_CANONICAL_WAVE,PortalShell (canonical wp17d wave),Canonical glass header,Canonical nav item under convergence,Layered light base + navy grid + restrained glass,Transportation grouped nav,lucide-react (canonical wrapper convergence),ALIGN_LABEL,CONTEXTUAL_HELP_OPTIONAL,Canonical footer boundary in wave rollout,Canonical responsive shell in wave rollout,Under active convergence repair,Inspecting valid-session auth/runtime failures and mixed layout regressions,STANDARDIZE,FIRST_WAVE_REPAIR_AND_CONVERGENCE,"Repair auth/runtime drift, duplicate navigation, and mixed shell behavior",WP17C_CANONICAL_NAVIGATION_ITEM,frontend/src/pages/transportation/_shared.jsx; frontend/src/components/transportation/sidebar/TransportationSideNavV2.jsx,Navigation canon + shell foundation,MIGRATING,Imported from WP17C ledger · Shared shell/token convergence wave active · Executive first-priority repair wave · frontend/src/pages/transportation/_shared.jsx; frontend/src/components/transportation/sidebar/TransportationSideNavV2.jsx,PENDING
NAV-0228,transportation,academy,/,navigation_item,ACTIVE,WP17D_CANONICAL_WAVE,PortalShell (canonical wp17d wave),Canonical glass header,Canonical nav item under convergence,Layered light base + navy grid + restrained glass,Transportation grouped nav,lucide-react (canonical wrapper convergence),ALIGN_LABEL,CONTEXTUAL_HELP_OPTIONAL,Canonical footer boundary in wave rollout,Canonical responsive shell in wave rollout,Under active convergence repair,Inspecting valid-session auth/runtime failures and mixed layout regressions,STANDARDIZE,FIRST_WAVE_REPAIR_AND_CONVERGENCE,"Repair auth/runtime drift, duplicate navigation, and mixed shell behavior",WP17C_CANONICAL_NAVIGATION_ITEM,frontend/src/pages/transportation/_shared.jsx; frontend/src/components/transportation/sidebar/TransportationSideNavV2.jsx,Navigation canon + shell foundation,MIGRATING,Imported from WP17C ledger · Shared shell/token convergence wave active · Executive first-priority repair wave · frontend/src/pages/transportation/_shared.jsx; frontend/src/components/transportation/sidebar/TransportationSideNavV2.jsx,PENDING
NAV-0229,transportation,intelligence,/,navigation_item,ACTIVE,WP17D_CANONICAL_WAVE,PortalShell (canonical wp17d wave),Canonical glass header,Canonical nav item under convergence,Layered light base + navy grid + restrained glass,Transportation grouped nav,lucide-react (canonical wrapper convergence),ALIGN_LABEL,CONTEXTUAL_HELP_OPTIONAL,Canonical footer boundary in wave rollout,Canonical responsive shell in wave rollout,Under active convergence repair,Inspecting valid-session auth/runtime failures and mixed layout regressions,STANDARDIZE,FIRST_WAVE_REPAIR_AND_CONVERGENCE,"Repair auth/runtime drift, duplicate navigation, and mixed shell behavior",WP17C_CANONICAL_NAVIGATION_ITEM,frontend/src/pages/transportation/_shared.jsx; frontend/src/components/transportation/sidebar/TransportationSideNavV2.jsx,Navigation canon + shell foundation,MIGRATING,Imported from WP17C ledger · Shared shell/token convergence wave active · Executive first-priority repair wave · frontend/src/pages/transportation/_shared.jsx; frontend/src/components/transportation/sidebar/TransportationSideNavV2.jsx,PENDING
NAV-0230,transportation,command-queue,/,navigation_item,ACTIVE,WP17D_CANONICAL_WAVE,PortalShell (canonical wp17d wave),Canonical glass header,Canonical nav item under convergence,Layered light base + navy grid + restrained glass,Transportation grouped nav,lucide-react (canonical wrapper convergence),ALIGN_LABEL,CONTEXTUAL_HELP_OPTIONAL,Canonical footer boundary in wave rollout,Canonical responsive shell in wave rollout,Under active convergence repair,Inspecting valid-session auth/runtime failures and mixed layout regressions,STANDARDIZE,FIRST_WAVE_REPAIR_AND_CONVERGENCE,"Repair auth/runtime drift, duplicate navigation, and mixed shell behavior",WP17C_CANONICAL_NAVIGATION_ITEM,frontend/src/pages/transportation/_shared.jsx; frontend/src/components/transportation/sidebar/TransportationSideNavV2.jsx,Navigation canon + shell foundation,MIGRATING,Imported from WP17C ledger · Shared shell/token convergence wave active · Executive first-priority repair wave · frontend/src/pages/transportation/_shared.jsx; frontend/src/components/transportation/sidebar/TransportationSideNavV2.jsx,PENDING
NAV-0231,transportation,intelligence/cleanup,/,navigation_item,ACTIVE,WP17D_CANONICAL_WAVE,PortalShell (canonical wp17d wave),Canonical glass header,Canonical nav item under convergence,Layered light base + navy grid + restrained glass,Transportation grouped nav,lucide-react (canonical wrapper convergence),ALIGN_LABEL,CONTEXTUAL_HELP_OPTIONAL,Canonical footer boundary in wave rollout,Canonical responsive shell in wave rollout,Under active convergence repair,Inspecting valid-session auth/runtime failures and mixed layout regressions,STANDARDIZE,FIRST_WAVE_REPAIR_AND_CONVERGENCE,"Repair auth/runtime drift, duplicate navigation, and mixed shell behavior",WP17C_CANONICAL_NAVIGATION_ITEM,frontend/src/pages/transportation/_shared.jsx; frontend/src/components/transportation/sidebar/TransportationSideNavV2.jsx,Navigation canon + shell foundation,MIGRATING,Imported from WP17C ledger · Shared shell/token convergence wave active · Executive first-priority repair wave · frontend/src/pages/transportation/_shared.jsx; frontend/src/components/transportation/sidebar/TransportationSideNavV2.jsx,PENDING
NAV-0232,transportation,reports,/,navigation_item,ACTIVE,WP17D_CANONICAL_WAVE,PortalShell (canonical wp17d wave),Canonical glass header,Canonical nav item under convergence,Layered light base + navy grid + restrained glass,Transportation grouped nav,lucide-react (canonical wrapper convergence),ALIGN_LABEL,CONTEXTUAL_HELP_OPTIONAL,Canonical footer boundary in wave rollout,Canonical responsive shell in wave rollout,Under active convergence repair,Inspecting valid-session auth/runtime failures and mixed layout regressions,STANDARDIZE,FIRST_WAVE_REPAIR_AND_CONVERGENCE,"Repair auth/runtime drift, duplicate navigation, and mixed shell behavior",WP17C_CANONICAL_NAVIGATION_ITEM,frontend/src/pages/transportation/_shared.jsx; frontend/src/components/transportation/sidebar/TransportationSideNavV2.jsx,Navigation canon + shell foundation,MIGRATING,Imported from WP17C ledger · Shared shell/token convergence wave active · Executive first-priority repair wave · frontend/src/pages/transportation/_shared.jsx; frontend/src/components/transportation/sidebar/TransportationSideNavV2.jsx,PENDING
NAV-0233,transportation,audit,/,navigation_item,ACTIVE,WP17D_CANONICAL_WAVE,PortalShell (canonical wp17d wave),Canonical glass header,Canonical nav item under convergence,Layered light base + navy grid + restrained glass,Transportation grouped nav,lucide-react (canonical wrapper convergence),ALIGN_LABEL,CONTEXTUAL_HELP_OPTIONAL,Canonical footer boundary in wave rollout,Canonical responsive shell in wave rollout,Under active convergence repair,Inspecting valid-session auth/runtime failures and mixed layout regressions,STANDARDIZE,FIRST_WAVE_REPAIR_AND_CONVERGENCE,"Repair auth/runtime drift, duplicate navigation, and mixed shell behavior",WP17C_CANONICAL_NAVIGATION_ITEM,frontend/src/pages/transportation/_shared.jsx; frontend/src/components/transportation/sidebar/TransportationSideNavV2.jsx,Navigation canon + shell foundation,MIGRATING,Imported from WP17C ledger · Shared shell/token convergence wave active · Executive first-priority repair wave · frontend/src/pages/transportation/_shared.jsx; frontend/src/components/transportation/sidebar/TransportationSideNavV2.jsx,PENDING
NAV-0234,transportation,/admin/transportation,/,navigation_item,ACTIVE,WP17D_CANONICAL_WAVE,PortalShell (canonical wp17d wave),Canonical glass header,Canonical nav item under convergence,Layered light base + navy grid + restrained glass,Transportation child tab set,lucide-react (canonical wrapper convergence),ALIGN_LABEL,CONTEXTUAL_HELP_OPTIONAL,Canonical footer boundary in wave rollout,Canonical responsive shell in wave rollout,Under active convergence repair,Inspecting valid-session auth/runtime failures and mixed layout regressions,STANDARDIZE,FIRST_WAVE_REPAIR_AND_CONVERGENCE,"Repair auth/runtime drift, duplicate navigation, and mixed shell behavior",WP17C_CANONICAL_NAVIGATION_ITEM,frontend/src/pages/transportation/_shared.jsx,Navigation canon + shell foundation,MIGRATING,Imported from WP17C ledger · Shared shell/token convergence wave active · Executive first-priority repair wave · frontend/src/pages/transportation/_shared.jsx,PENDING
NAV-0235,transportation,carriers,/,navigation_item,ACTIVE,WP17D_CANONICAL_WAVE,PortalShell (canonical wp17d wave),Canonical glass header,Canonical nav item under convergence,Layered light base + navy grid + restrained glass,Transportation child tab set,lucide-react (canonical wrapper convergence),ALIGN_LABEL,CONTEXTUAL_HELP_OPTIONAL,Canonical footer boundary in wave rollout,Canonical responsive shell in wave rollout,Under active convergence repair,Inspecting valid-session auth/runtime failures and mixed layout regressions,STANDARDIZE,FIRST_WAVE_REPAIR_AND_CONVERGENCE,"Repair auth/runtime drift, duplicate navigation, and mixed shell behavior",WP17C_CANONICAL_NAVIGATION_ITEM,frontend/src/pages/transportation/_shared.jsx,Navigation canon + shell foundation,MIGRATING,Imported from WP17C ledger · Shared shell/token convergence wave active · Executive first-priority repair wave · frontend/src/pages/transportation/_shared.jsx,PENDING
NAV-0236,transportation,drivers,/,navigation_item,ACTIVE,WP17D_CANONICAL_WAVE,PortalShell (canonical wp17d wave),Canonical glass header,Canonical nav item under convergence,Layered light base + navy grid + restrained glass,Transportation child tab set,lucide-react (canonical wrapper convergence),ALIGN_LABEL,CONTEXTUAL_HELP_OPTIONAL,Canonical footer boundary in wave rollout,Canonical responsive shell in wave rollout,Under active convergence repair,Inspecting valid-session auth/runtime failures and mixed layout regressions,STANDARDIZE,FIRST_WAVE_REPAIR_AND_CONVERGENCE,"Repair auth/runtime drift, duplicate navigation, and mixed shell behavior",WP17C_CANONICAL_NAVIGATION_ITEM,frontend/src/pages/transportation/_shared.jsx,Navigation canon + shell foundation,MIGRATING,Imported from WP17C ledger · Shared shell/token convergence wave active · Executive first-priority repair wave · frontend/src/pages/transportation/_shared.jsx,PENDING
NAV-0237,transportation,trucks,/,navigation_item,ACTIVE,WP17D_CANONICAL_WAVE,PortalShell (canonical wp17d wave),Canonical glass header,Canonical nav item under convergence,Layered light base + navy grid + restrained glass,Transportation child tab set,lucide-react (canonical wrapper convergence),ALIGN_LABEL,CONTEXTUAL_HELP_OPTIONAL,Canonical footer boundary in wave rollout,Canonical responsive shell in wave rollout,Under active convergence repair,Inspecting valid-session auth/runtime failures and mixed layout regressions,STANDARDIZE,FIRST_WAVE_REPAIR_AND_CONVERGENCE,"Repair auth/runtime drift, duplicate navigation, and mixed shell behavior",WP17C_CANONICAL_NAVIGATION_ITEM,frontend/src/pages/transportation/_shared.jsx,Navigation canon + shell foundation,MIGRATING,Imported from WP17C ledger · Shared shell/token convergence wave active · Executive first-priority repair wave · frontend/src/pages/transportation/_shared.jsx,PENDING
NAV-0238,transportation,compliance,/,navigation_item,ACTIVE,WP17D_CANONICAL_WAVE,PortalShell (canonical wp17d wave),Canonical glass header,Canonical nav item under convergence,Layered light base + navy grid + restrained glass,Transportation child tab set,lucide-react (canonical wrapper convergence),ALIGN_LABEL,CONTEXTUAL_HELP_OPTIONAL,Canonical footer boundary in wave rollout,Canonical responsive shell in wave rollout,Under active convergence repair,Inspecting valid-session auth/runtime failures and mixed layout regressions,STANDARDIZE,FIRST_WAVE_REPAIR_AND_CONVERGENCE,"Repair auth/runtime drift, duplicate navigation, and mixed shell behavior",WP17C_CANONICAL_NAVIGATION_ITEM,frontend/src/pages/transportation/_shared.jsx,Navigation canon + shell foundation,MIGRATING,Imported from WP17C ledger · Shared shell/token convergence wave active · Executive first-priority repair wave · frontend/src/pages/transportation/_shared.jsx,PENDING
NAV-0239,transportation,documents,/,navigation_item,ACTIVE,WP17D_CANONICAL_WAVE,PortalShell (canonical wp17d wave),Canonical glass header,Canonical nav item under convergence,Layered light base + navy grid + restrained glass,Transportation child tab set,lucide-react (canonical wrapper convergence),ALIGN_LABEL,CONTEXTUAL_HELP_OPTIONAL,Canonical footer boundary in wave rollout,Canonical responsive shell in wave rollout,Under active convergence repair,Inspecting valid-session auth/runtime failures and mixed layout regressions,STANDARDIZE,FIRST_WAVE_REPAIR_AND_CONVERGENCE,"Repair auth/runtime drift, duplicate navigation, and mixed shell behavior",WP17C_CANONICAL_NAVIGATION_ITEM,frontend/src/pages/transportation/_shared.jsx,Navigation canon + shell foundation,MIGRATING,Imported from WP17C ledger · Shared shell/token convergence wave active · Executive first-priority repair wave · frontend/src/pages/transportation/_shared.jsx,PENDING
NAV-0240,transportation,inspections,/,navigation_item,ACTIVE,WP17D_CANONICAL_WAVE,PortalShell (canonical wp17d wave),Canonical glass header,Canonical nav item under convergence,Layered light base + navy grid + restrained glass,Transportation child tab set,lucide-react (canonical wrapper convergence),ALIGN_LABEL,CONTEXTUAL_HELP_OPTIONAL,Canonical footer boundary in wave rollout,Canonical responsive shell in wave rollout,Under active convergence repair,Inspecting valid-session auth/runtime failures and mixed layout regressions,STANDARDIZE,FIRST_WAVE_REPAIR_AND_CONVERGENCE,"Repair auth/runtime drift, duplicate navigation, and mixed shell behavior",WP17C_CANONICAL_NAVIGATION_ITEM,frontend/src/pages/transportation/_shared.jsx,Navigation canon + shell foundation,MIGRATING,Imported from WP17C ledger · Shared shell/token convergence wave active · Executive first-priority repair wave · frontend/src/pages/transportation/_shared.jsx,PENDING
NAV-0241,transportation,orientation,/,navigation_item,ACTIVE,WP17D_CANONICAL_WAVE,PortalShell (canonical wp17d wave),Canonical glass header,Canonical nav item under convergence,Layered light base + navy grid + restrained glass,Transportation child tab set,lucide-react (canonical wrapper convergence),ALIGN_LABEL,CONTEXTUAL_HELP_OPTIONAL,Canonical footer boundary in wave rollout,Canonical responsive shell in wave rollout,Under active convergence repair,Inspecting valid-session auth/runtime failures and mixed layout regressions,STANDARDIZE,FIRST_WAVE_REPAIR_AND_CONVERGENCE,"Repair auth/runtime drift, duplicate navigation, and mixed shell behavior",WP17C_CANONICAL_NAVIGATION_ITEM,frontend/src/pages/transportation/_shared.jsx,Navigation canon + shell foundation,MIGRATING,Imported from WP17C ledger · Shared shell/token convergence wave active · Executive first-priority repair wave · frontend/src/pages/transportation/_shared.jsx,PENDING
NAV-0242,transportation,command-queue,/,navigation_item,ACTIVE,WP17D_CANONICAL_WAVE,PortalShell (canonical wp17d wave),Canonical glass header,Canonical nav item under convergence,Layered light base + navy grid + restrained glass,Transportation child tab set,lucide-react (canonical wrapper convergence),ALIGN_LABEL,CONTEXTUAL_HELP_OPTIONAL,Canonical footer boundary in wave rollout,Canonical responsive shell in wave rollout,Under active convergence repair,Inspecting valid-session auth/runtime failures and mixed layout regressions,STANDARDIZE,FIRST_WAVE_REPAIR_AND_CONVERGENCE,"Repair auth/runtime drift, duplicate navigation, and mixed shell behavior",WP17C_CANONICAL_NAVIGATION_ITEM,frontend/src/pages/transportation/_shared.jsx,Navigation canon + shell foundation,MIGRATING,Imported from WP17C ledger · Shared shell/token convergence wave active · Executive first-priority repair wave · frontend/src/pages/transportation/_shared.jsx,PENDING
NAV-0243,transportation,intelligence,/,navigation_item,ACTIVE,WP17D_CANONICAL_WAVE,PortalShell (canonical wp17d wave),Canonical glass header,Canonical nav item under convergence,Layered light base + navy grid + restrained glass,Transportation child tab set,lucide-react (canonical wrapper convergence),ALIGN_LABEL,CONTEXTUAL_HELP_OPTIONAL,Canonical footer boundary in wave rollout,Canonical responsive shell in wave rollout,Under active convergence repair,Inspecting valid-session auth/runtime failures and mixed layout regressions,STANDARDIZE,FIRST_WAVE_REPAIR_AND_CONVERGENCE,"Repair auth/runtime drift, duplicate navigation, and mixed shell behavior",WP17C_CANONICAL_NAVIGATION_ITEM,frontend/src/pages/transportation/_shared.jsx,Navigation canon + shell foundation,MIGRATING,Imported from WP17C ledger · Shared shell/token convergence wave active · Executive first-priority repair wave · frontend/src/pages/transportation/_shared.jsx,PENDING
NAV-0244,transportation,rate-schedules,/,navigation_item,ACTIVE,WP17D_CANONICAL_WAVE,PortalShell (canonical wp17d wave),Canonical glass header,Canonical nav item under convergence,Layered light base + navy grid + restrained glass,Transportation child tab set,lucide-react (canonical wrapper convergence),ALIGN_LABEL,CONTEXTUAL_HELP_OPTIONAL,Canonical footer boundary in wave rollout,Canonical responsive shell in wave rollout,Under active convergence repair,Inspecting valid-session auth/runtime failures and mixed layout regressions,STANDARDIZE,FIRST_WAVE_REPAIR_AND_CONVERGENCE,"Repair auth/runtime drift, duplicate navigation, and mixed shell behavior",WP17C_CANONICAL_NAVIGATION_ITEM,frontend/src/pages/transportation/_shared.jsx,Navigation canon + shell foundation,MIGRATING,Imported from WP17C ledger · Shared shell/token convergence wave active · Executive first-priority repair wave · frontend/src/pages/transportation/_shared.jsx,PENDING
NAV-0245,transportation,audit,/,navigation_item,ACTIVE,WP17D_CANONICAL_WAVE,PortalShell (canonical wp17d wave),Canonical glass header,Canonical nav item under convergence,Layered light base + navy grid + restrained glass,Transportation child tab set,lucide-react (canonical wrapper convergence),ALIGN_LABEL,CONTEXTUAL_HELP_OPTIONAL,Canonical footer boundary in wave rollout,Canonical responsive shell in wave rollout,Under active convergence repair,Inspecting valid-session auth/runtime failures and mixed layout regressions,STANDARDIZE,FIRST_WAVE_REPAIR_AND_CONVERGENCE,"Repair auth/runtime drift, duplicate navigation, and mixed shell behavior",WP17C_CANONICAL_NAVIGATION_ITEM,frontend/src/pages/transportation/_shared.jsx,Navigation canon + shell foundation,MIGRATING,Imported from WP17C ledger · Shared shell/token convergence wave active · Executive first-priority repair wave · frontend/src/pages/transportation/_shared.jsx,PENDING
NAV-0246,transportation,reports,/,navigation_item,ACTIVE,WP17D_CANONICAL_WAVE,PortalShell (canonical wp17d wave),Canonical glass header,Canonical nav item under convergence,Layered light base + navy grid + restrained glass,Transportation child tab set,lucide-react (canonical wrapper convergence),ALIGN_LABEL,CONTEXTUAL_HELP_OPTIONAL,Canonical footer boundary in wave rollout,Canonical responsive shell in wave rollout,Under active convergence repair,Inspecting valid-session auth/runtime failures and mixed layout regressions,STANDARDIZE,FIRST_WAVE_REPAIR_AND_CONVERGENCE,"Repair auth/runtime drift, duplicate navigation, and mixed shell behavior",WP17C_CANONICAL_NAVIGATION_ITEM,frontend/src/pages/transportation/_shared.jsx,Navigation canon + shell foundation,MIGRATING,Imported from WP17C ledger · Shared shell/token convergence wave active · Executive first-priority repair wave · frontend/src/pages/transportation/_shared.jsx,PENDING
NAV-0247,public_shared,/pm/login,/,navigation_item,ACTIVE,WP17D_CANONICAL_WAVE,WP17 public shell,Canonical glass header,Canonical nav item under convergence,Layered light base + navy grid + restrained glass,Sign-in portal links,lucide-react (canonical wrapper convergence),ALIGN_LABEL,CONTEXTUAL_HELP_OPTIONAL,Canonical footer boundary in wave rollout,Canonical responsive shell in wave rollout,Under active convergence repair,None observed in current wave or pending inspection,REPRESENTATIVE_IMPLEMENTATION,FIRST_WAVE_REPAIR_AND_CONVERGENCE,Inspect and repair defects encountered during migration,WP17C_CANONICAL_NAVIGATION_ITEM,frontend/src/pages/SignIn.jsx,Navigation canon + shell foundation,MIGRATING,Imported from WP17C ledger · Shared shell/token convergence wave active · Executive first-priority repair wave · frontend/src/pages/SignIn.jsx,PENDING
NAV-0248,public_shared,/shop/login,/,navigation_item,ACTIVE,WP17D_CANONICAL_WAVE,WP17 public shell,Canonical glass header,Canonical nav item under convergence,Layered light base + navy grid + restrained glass,Sign-in portal links,lucide-react (canonical wrapper convergence),ALIGN_LABEL,CONTEXTUAL_HELP_OPTIONAL,Canonical footer boundary in wave rollout,Canonical responsive shell in wave rollout,Under active convergence repair,None observed in current wave or pending inspection,STANDARDIZE,FIRST_WAVE_REPAIR_AND_CONVERGENCE,Inspect and repair defects encountered during migration,WP17C_CANONICAL_NAVIGATION_ITEM,frontend/src/pages/SignIn.jsx,Navigation canon + shell foundation,MIGRATING,Imported from WP17C ledger · Shared shell/token convergence wave active · Executive first-priority repair wave · frontend/src/pages/SignIn.jsx,PENDING
NAV-0249,public_shared,/hr/login,/,navigation_item,ACTIVE,WP17D_CANONICAL_WAVE,WP17 public shell,Canonical glass header,Canonical nav item under convergence,Layered light base + navy grid + restrained glass,Sign-in portal links,lucide-react (canonical wrapper convergence),ALIGN_LABEL,CONTEXTUAL_HELP_OPTIONAL,Canonical footer boundary in wave rollout,Canonical responsive shell in wave rollout,Under active convergence repair,None observed in current wave or pending inspection,STANDARDIZE,FIRST_WAVE_REPAIR_AND_CONVERGENCE,Inspect and repair defects encountered during migration,WP17C_CANONICAL_NAVIGATION_ITEM,frontend/src/pages/SignIn.jsx,Navigation canon + shell foundation,MIGRATING,Imported from WP17C ledger · Shared shell/token convergence wave active · Executive first-priority repair wave · frontend/src/pages/SignIn.jsx,PENDING
NAV-0250,public_shared,/safety-portal/login,/,navigation_item,ACTIVE,WP17D_CANONICAL_WAVE,WP17 public shell,Canonical glass header,Canonical nav item under convergence,Layered light base + navy grid + restrained glass,Sign-in portal links,lucide-react (canonical wrapper convergence),ALIGN_LABEL,CONTEXTUAL_HELP_OPTIONAL,Canonical footer boundary in wave rollout,Canonical responsive shell in wave rollout,Under active convergence repair,None observed in current wave or pending inspection,STANDARDIZE,FIRST_WAVE_REPAIR_AND_CONVERGENCE,Inspect and repair defects encountered during migration,WP17C_CANONICAL_NAVIGATION_ITEM,frontend/src/pages/SignIn.jsx,Navigation canon + shell foundation,MIGRATING,Imported from WP17C ledger · Shared shell/token convergence wave active · Executive first-priority repair wave · frontend/src/pages/SignIn.jsx,PENDING
NAV-0251,public_shared,/dispatch-portal/login,/,navigation_item,ACTIVE,WP17D_CANONICAL_WAVE,WP17 public shell,Canonical glass header,Canonical nav item under convergence,Layered light base + navy grid + restrained glass,Sign-in portal links,lucide-react (canonical wrapper convergence),ALIGN_LABEL,CONTEXTUAL_HELP_OPTIONAL,Canonical footer boundary in wave rollout,Canonical responsive shell in wave rollout,Under active convergence repair,None observed in current wave or pending inspection,STANDARDIZE,FIRST_WAVE_REPAIR_AND_CONVERGENCE,Inspect and repair defects encountered during migration,WP17C_CANONICAL_NAVIGATION_ITEM,frontend/src/pages/SignIn.jsx,Navigation canon + shell foundation,MIGRATING,Imported from WP17C ledger · Shared shell/token convergence wave active · Executive first-priority repair wave · frontend/src/pages/SignIn.jsx,PENDING
NAV-0252,public_shared,/leadership/login,/,navigation_item,ACTIVE,WP17D_CANONICAL_WAVE,WP17 public shell,Canonical glass header,Canonical nav item under convergence,Layered light base + navy grid + restrained glass,Sign-in portal links,lucide-react (canonical wrapper convergence),ALIGN_LABEL,CONTEXTUAL_HELP_OPTIONAL,Canonical footer boundary in wave rollout,Canonical responsive shell in wave rollout,Under active convergence repair,None observed in current wave or pending inspection,STANDARDIZE,FIRST_WAVE_REPAIR_AND_CONVERGENCE,Inspect and repair defects encountered during migration,WP17C_CANONICAL_NAVIGATION_ITEM,frontend/src/pages/SignIn.jsx,Navigation canon + shell foundation,MIGRATING,Imported from WP17C ledger · Shared shell/token convergence wave active · Executive first-priority repair wave · frontend/src/pages/SignIn.jsx,PENDING
NAV-0253,public_shared,/admin/login,/,navigation_item,ACTIVE,WP17D_CANONICAL_WAVE,WP17 public shell,Canonical glass header,Canonical nav item under convergence,Layered light base + navy grid + restrained glass,Sign-in portal links,lucide-react (canonical wrapper convergence),ALIGN_LABEL,CONTEXTUAL_HELP_OPTIONAL,Canonical footer boundary in wave rollout,Canonical responsive shell in wave rollout,Under active convergence repair,None observed in current wave or pending inspection,REPRESENTATIVE_IMPLEMENTATION,FIRST_WAVE_REPAIR_AND_CONVERGENCE,Inspect and repair defects encountered during migration,WP17C_CANONICAL_NAVIGATION_ITEM,frontend/src/pages/SignIn.jsx,Navigation canon + shell foundation,MIGRATING,Imported from WP17C ledger · Shared shell/token convergence wave active · Executive first-priority repair wave · frontend/src/pages/SignIn.jsx,PENDING
FORM-001,admin,,,form_surface,ACTIVE,WP17D_CANONICAL_WAVE,PortalShell (canonical wp17d wave),Canonical glass header,Canonical sidebar in wave migration,Layered light base + navy grid + restrained glass,native_form,lucide-react (canonical wrapper convergence),ALIGN_LABEL,INLINE_HELP_WHERE_VALUABLE,Canonical footer boundary in wave rollout,Canonical responsive shell in wave rollout,Operational; convergence verification pending,None observed in current wave or pending inspection,STANDARDIZE,SHARED_COMPONENT_CONVERGENCE,Converge onto governed shared component behavior,WP17C_CANONICAL_FORM,frontend/src/components/AdminDocIdSearch.jsx,Canonical form anatomy + tokens,IMPLEMENTED,Imported from WP17C ledger · Shared shell/token convergence wave active · frontend/src/components/AdminDocIdSearch.jsx,PENDING
FORM-002,admin,,,form_surface,ACTIVE,WP17D_CANONICAL_WAVE,PortalShell (canonical wp17d wave),Canonical glass header,Canonical sidebar in wave migration,Layered light base + navy grid + restrained glass,native_form,lucide-react (canonical wrapper convergence),ALIGN_LABEL,INLINE_HELP_WHERE_VALUABLE,Canonical footer boundary in wave rollout,Canonical responsive shell in wave rollout,Operational; convergence verification pending,None observed in current wave or pending inspection,STANDARDIZE,SHARED_COMPONENT_CONVERGENCE,Converge onto governed shared component behavior,WP17C_CANONICAL_FORM,frontend/src/components/AdminJobMasterPanel.jsx,Canonical form anatomy + tokens,IMPLEMENTED,Imported from WP17C ledger · Shared shell/token convergence wave active · frontend/src/components/AdminJobMasterPanel.jsx,PENDING
FORM-003,admin,,,form_surface,ACTIVE,WP17D_CANONICAL_WAVE,PortalShell (canonical wp17d wave),Canonical glass header,Canonical sidebar in wave migration,Layered light base + navy grid + restrained glass,native_form,lucide-react (canonical wrapper convergence),ALIGN_LABEL,INLINE_HELP_WHERE_VALUABLE,Canonical footer boundary in wave rollout,Canonical responsive shell in wave rollout,Operational; convergence verification pending,None observed in current wave or pending inspection,STANDARDIZE,SHARED_COMPONENT_CONVERGENCE,Converge onto governed shared component behavior,WP17C_CANONICAL_FORM,frontend/src/components/AdminPMPanel.jsx,Canonical form anatomy + tokens,IMPLEMENTED,Imported from WP17C ledger · Shared shell/token convergence wave active · frontend/src/components/AdminPMPanel.jsx,PENDING
FORM-004,admin,,,form_surface,ACTIVE,WP17D_CANONICAL_WAVE,PortalShell (canonical wp17d wave),Canonical glass header,Canonical sidebar in wave migration,Layered light base + navy grid + restrained glass,native_form,lucide-react (canonical wrapper convergence),ALIGN_LABEL,INLINE_HELP_WHERE_VALUABLE,Canonical footer boundary in wave rollout,Canonical responsive shell in wave rollout,Operational; convergence verification pending,None observed in current wave or pending inspection,STANDARDIZE,SHARED_COMPONENT_CONVERGENCE,Converge onto governed shared component behavior,WP17C_CANONICAL_FORM,frontend/src/components/AdminReferenceLookup.jsx,Canonical form anatomy + tokens,IMPLEMENTED,Imported from WP17C ledger · Shared shell/token convergence wave active · frontend/src/components/AdminReferenceLookup.jsx,PENDING
FORM-005,public_shared,,,form_surface,ACTIVE,WP17D_CANONICAL_WAVE,WP17 public shell,Canonical glass header,Mixed or contextual navigation,Layered light base + navy grid + restrained glass,native_form,lucide-react (canonical wrapper convergence),ALIGN_LABEL,INLINE_HELP_WHERE_VALUABLE,Canonical footer boundary in wave rollout,Canonical responsive shell in wave rollout,Under active convergence repair,None observed in current wave or pending inspection,STANDARDIZE,FIRST_WAVE_REPAIR_AND_CONVERGENCE,Converge onto governed shared component behavior,WP17C_CANONICAL_FORM,frontend/src/components/EquipmentMasterPanel.jsx,Canonical form anatomy + tokens,MIGRATING,Imported from WP17C ledger · Shared shell/token convergence wave active · Executive first-priority repair wave · frontend/src/components/EquipmentMasterPanel.jsx,PENDING
FORM-006,public_shared,,,form_surface,ACTIVE,WP17D_CANONICAL_WAVE,WP17 public shell,Canonical glass header,Mixed or contextual navigation,Layered light base + navy grid + restrained glass,native_form,lucide-react (canonical wrapper convergence),ALIGN_LABEL,INLINE_HELP_WHERE_VALUABLE,Canonical footer boundary in wave rollout,Canonical responsive shell in wave rollout,Under active convergence repair,None observed in current wave or pending inspection,STANDARDIZE,FIRST_WAVE_REPAIR_AND_CONVERGENCE,Converge onto governed shared component behavior,WP17C_CANONICAL_FORM,frontend/src/components/FormPasswordGate.jsx,Canonical form anatomy + tokens,MIGRATING,Imported from WP17C ledger · Shared shell/token convergence wave active · Executive first-priority repair wave · frontend/src/components/FormPasswordGate.jsx,PENDING
FORM-007,public_shared,,,form_surface,ACTIVE,WP17D_CANONICAL_WAVE,WP17 public shell,Canonical glass header,Mixed or contextual navigation,Layered light base + navy grid + restrained glass,native_form,lucide-react (canonical wrapper convergence),ALIGN_LABEL,INLINE_HELP_WHERE_VALUABLE,Canonical footer boundary in wave rollout,Canonical responsive shell in wave rollout,Under active convergence repair,None observed in current wave or pending inspection,STANDARDIZE,FIRST_WAVE_REPAIR_AND_CONVERGENCE,Converge onto governed shared component behavior,WP17C_CANONICAL_FORM,frontend/src/components/MasterListPanel.jsx,Canonical form anatomy + tokens,MIGRATING,Imported from WP17C ledger · Shared shell/token convergence wave active · Executive first-priority repair wave · frontend/src/components/MasterListPanel.jsx,PENDING
FORM-008,public_shared,,,form_surface,ACTIVE,WP17D_CANONICAL_WAVE,WP17 public shell,Canonical glass header,Mixed or contextual navigation,Layered light base + navy grid + restrained glass,native_form,lucide-react (canonical wrapper convergence),ALIGN_LABEL,INLINE_HELP_WHERE_VALUABLE,Canonical footer boundary in wave rollout,Canonical responsive shell in wave rollout,Under active convergence repair,None observed in current wave or pending inspection,STANDARDIZE,FIRST_WAVE_REPAIR_AND_CONVERGENCE,Converge onto governed shared component behavior,WP17C_CANONICAL_FORM,frontend/src/components/asset/AddAssetDialog.jsx,Canonical form anatomy + tokens,MIGRATING,Imported from WP17C ledger · Shared shell/token convergence wave active · Executive first-priority repair wave · frontend/src/components/asset/AddAssetDialog.jsx,PENDING
FORM-009,public_shared,,,form_surface,ACTIVE,WP17D_CANONICAL_WAVE,WP17 public shell,Canonical glass header,Mixed or contextual navigation,Layered light base + navy grid + restrained glass,native_form,lucide-react (canonical wrapper convergence),ALIGN_LABEL,INLINE_HELP_WHERE_VALUABLE,Canonical footer boundary in wave rollout,Canonical responsive shell in wave rollout,Under active convergence repair,None observed in current wave or pending inspection,STANDARDIZE,FIRST_WAVE_REPAIR_AND_CONVERGENCE,Converge onto governed shared component behavior,WP17C_CANONICAL_FORM,frontend/src/components/asset/AssetDocumentsTab.jsx,Canonical form anatomy + tokens,MIGRATING,Imported from WP17C ledger · Shared shell/token convergence wave active · Executive first-priority repair wave · frontend/src/components/asset/AssetDocumentsTab.jsx,PENDING
FORM-010,public_shared,,,form_surface,ACTIVE,WP17D_CANONICAL_WAVE,WP17 public shell,Canonical glass header,Mixed or contextual navigation,Layered light base + navy grid + restrained glass,native_form,lucide-react (canonical wrapper convergence),ALIGN_LABEL,INLINE_HELP_WHERE_VALUABLE,Canonical footer boundary in wave rollout,Canonical responsive shell in wave rollout,Under active convergence repair,None observed in current wave or pending inspection,STANDARDIZE,FIRST_WAVE_REPAIR_AND_CONVERGENCE,Converge onto governed shared component behavior,WP17C_CANONICAL_FORM,frontend/src/components/shop/UnitSearch.jsx,Canonical form anatomy + tokens,MIGRATING,Imported from WP17C ledger · Shared shell/token convergence wave active · Executive first-priority repair wave · frontend/src/components/shop/UnitSearch.jsx,PENDING
FORM-011,admin,,,form_surface,ACTIVE,WP17D_CANONICAL_WAVE,PortalShell (canonical wp17d wave),Canonical glass header,Canonical sidebar in wave migration,Layered light base + navy grid + restrained glass,native_form,lucide-react (canonical wrapper convergence),ALIGN_LABEL,INLINE_HELP_WHERE_VALUABLE,Canonical footer boundary in wave rollout,Canonical responsive shell in wave rollout,Operational; convergence verification pending,None observed in current wave or pending inspection,STANDARDIZE,SHARED_COMPONENT_CONVERGENCE,Converge onto governed shared component behavior,WP17C_CANONICAL_FORM,frontend/src/pages/AdminLogin.jsx,Canonical form anatomy + tokens,IMPLEMENTED,Imported from WP17C ledger · Shared shell/token convergence wave active · frontend/src/pages/AdminLogin.jsx,PENDING
FORM-012,public_shared,,,form_surface,ACTIVE,WP17D_CANONICAL_WAVE,WP17 public shell,Canonical glass header,Mixed or contextual navigation,Layered light base + navy grid + restrained glass,native_form,lucide-react (canonical wrapper convergence),ALIGN_LABEL,INLINE_HELP_WHERE_VALUABLE,Canonical footer boundary in wave rollout,Canonical responsive shell in wave rollout,Under active convergence repair,None observed in current wave or pending inspection,STANDARDIZE,FIRST_WAVE_REPAIR_AND_CONVERGENCE,Converge onto governed shared component behavior,WP17C_CANONICAL_FORM,frontend/src/pages/DevLogin.jsx,Canonical form anatomy + tokens,MIGRATING,Imported from WP17C ledger · Shared shell/token convergence wave active · Executive first-priority repair wave · frontend/src/pages/DevLogin.jsx,PENDING
FORM-013,public_shared,,,form_surface,ACTIVE,WP17D_CANONICAL_WAVE,WP17 public shell,Canonical glass header,Mixed or contextual navigation,Layered light base + navy grid + restrained glass,native_form,lucide-react (canonical wrapper convergence),ALIGN_LABEL,INLINE_HELP_WHERE_VALUABLE,Canonical footer boundary in wave rollout,Canonical responsive shell in wave rollout,Under active convergence repair,None observed in current wave or pending inspection,STANDARDIZE,FIRST_WAVE_REPAIR_AND_CONVERGENCE,Converge onto governed shared component behavior,WP17C_CANONICAL_FORM,frontend/src/pages/DirectoryChangePassword.jsx,Canonical form anatomy + tokens,MIGRATING,Imported from WP17C ledger · Shared shell/token convergence wave active · Executive first-priority repair wave · frontend/src/pages/DirectoryChangePassword.jsx,PENDING
FORM-014,dispatch,,,form_surface,ACTIVE,WP17D_CANONICAL_WAVE,Legacy or portal-specific shell,Canonical glass header,Mixed or contextual navigation,Layered light base + navy grid + restrained glass,native_form,lucide-react (canonical wrapper convergence),ALIGN_LABEL,INLINE_HELP_WHERE_VALUABLE,Mixed footer treatment,Canonical responsive shell in wave rollout,Operational; convergence verification pending,None observed in current wave or pending inspection,STANDARDIZE,SHARED_COMPONENT_CONVERGENCE,Converge onto governed shared component behavior,WP17C_CANONICAL_FORM,frontend/src/pages/DispatchChangePassword.jsx,Canonical form anatomy + tokens,IMPLEMENTED,Imported from WP17C ledger · Shared shell/token convergence wave active · frontend/src/pages/DispatchChangePassword.jsx,PENDING
FORM-015,dispatch,,,form_surface,ACTIVE,WP17D_CANONICAL_WAVE,Legacy or portal-specific shell,Canonical glass header,Mixed or contextual navigation,Layered light base + navy grid + restrained glass,native_form,lucide-react (canonical wrapper convergence),ALIGN_LABEL,INLINE_HELP_WHERE_VALUABLE,Mixed footer treatment,Canonical responsive shell in wave rollout,Operational; convergence verification pending,None observed in current wave or pending inspection,STANDARDIZE,SHARED_COMPONENT_CONVERGENCE,Converge onto governed shared component behavior,WP17C_CANONICAL_FORM,frontend/src/pages/DispatchForgotPassword.jsx,Canonical form anatomy + tokens,IMPLEMENTED,Imported from WP17C ledger · Shared shell/token convergence wave active · frontend/src/pages/DispatchForgotPassword.jsx,PENDING
FORM-016,dispatch,,,form_surface,ACTIVE,WP17D_CANONICAL_WAVE,Legacy or portal-specific shell,Canonical glass header,Mixed or contextual navigation,Layered light base + navy grid + restrained glass,native_form,lucide-react (canonical wrapper convergence),ALIGN_LABEL,INLINE_HELP_WHERE_VALUABLE,Mixed footer treatment,Canonical responsive shell in wave rollout,Operational; convergence verification pending,None observed in current wave or pending inspection,STANDARDIZE,SHARED_COMPONENT_CONVERGENCE,Converge onto governed shared component behavior,WP17C_CANONICAL_FORM,frontend/src/pages/DispatchLogin.jsx,Canonical form anatomy + tokens,IMPLEMENTED,Imported from WP17C ledger · Shared shell/token convergence wave active · frontend/src/pages/DispatchLogin.jsx,PENDING
FORM-017,dispatch,,,form_surface,ACTIVE,WP17D_CANONICAL_WAVE,Legacy or portal-specific shell,Canonical glass header,Mixed or contextual navigation,Layered light base + navy grid + restrained glass,native_form,lucide-react (canonical wrapper convergence),ALIGN_LABEL,INLINE_HELP_WHERE_VALUABLE,Mixed footer treatment,Canonical responsive shell in wave rollout,Operational; convergence verification pending,None observed in current wave or pending inspection,STANDARDIZE,SHARED_COMPONENT_CONVERGENCE,Converge onto governed shared component behavior,WP17C_CANONICAL_FORM,frontend/src/pages/DispatchResetPassword.jsx,Canonical form anatomy + tokens,IMPLEMENTED,Imported from WP17C ledger · Shared shell/token convergence wave active · frontend/src/pages/DispatchResetPassword.jsx,PENDING
FORM-018,public_shared,,,form_surface,ACTIVE,WP17D_CANONICAL_WAVE,WP17 public shell,Canonical glass header,Mixed or contextual navigation,Layered light base + navy grid + restrained glass,native_form,lucide-react (canonical wrapper convergence),ALIGN_LABEL,INLINE_HELP_WHERE_VALUABLE,Canonical footer boundary in wave rollout,Canonical responsive shell in wave rollout,Under active convergence repair,None observed in current wave or pending inspection,STANDARDIZE,FIRST_WAVE_REPAIR_AND_CONVERGENCE,Converge onto governed shared component behavior,WP17C_CANONICAL_FORM,frontend/src/pages/DocumentExpirations.jsx,Canonical form anatomy + tokens,MIGRATING,Imported from WP17C ledger · Shared shell/token convergence wave active · Executive first-priority repair wave · frontend/src/pages/DocumentExpirations.jsx,PENDING
FORM-019,field_leadership,,,form_surface,ACTIVE,WP17D_CANONICAL_WAVE,Legacy or portal-specific shell,Canonical glass header,Mixed or contextual navigation,Layered light base + navy grid + restrained glass,native_form,lucide-react (canonical wrapper convergence),ALIGN_LABEL,INLINE_HELP_WHERE_VALUABLE,Mixed footer treatment,Canonical responsive shell in wave rollout,Operational; convergence verification pending,None observed in current wave or pending inspection,STANDARDIZE,SHARED_COMPONENT_CONVERGENCE,Converge onto governed shared component behavior,WP17C_CANONICAL_FORM,frontend/src/pages/FieldLeadershipPortalChangePassword.jsx,Canonical form anatomy + tokens,IMPLEMENTED,Imported from WP17C ledger · Shared shell/token convergence wave active · frontend/src/pages/FieldLeadershipPortalChangePassword.jsx,PENDING
FORM-020,field_leadership,,,form_surface,ACTIVE,WP17D_CANONICAL_WAVE,Legacy or portal-specific shell,Canonical glass header,Mixed or contextual navigation,Layered light base + navy grid + restrained glass,native_form,lucide-react (canonical wrapper convergence),ALIGN_LABEL,INLINE_HELP_WHERE_VALUABLE,Mixed footer treatment,Canonical responsive shell in wave rollout,Operational; convergence verification pending,None observed in current wave or pending inspection,STANDARDIZE,SHARED_COMPONENT_CONVERGENCE,Converge onto governed shared component behavior,WP17C_CANONICAL_FORM,frontend/src/pages/FieldLeadershipPortalLogin.jsx,Canonical form anatomy + tokens,IMPLEMENTED,Imported from WP17C ledger · Shared shell/token convergence wave active · frontend/src/pages/FieldLeadershipPortalLogin.jsx,PENDING
FORM-021,hr,,,form_surface,ACTIVE,WP17D_CANONICAL_WAVE,PortalShell (canonical wp17d wave),Canonical glass header,Canonical sidebar in wave migration,Layered light base + navy grid + restrained glass,native_form,lucide-react (canonical wrapper convergence),ALIGN_LABEL,INLINE_HELP_WHERE_VALUABLE,Canonical footer boundary in wave rollout,Canonical responsive shell in wave rollout,Under active convergence repair,None observed in current wave or pending inspection,STANDARDIZE,FIRST_WAVE_REPAIR_AND_CONVERGENCE,Repair partial shell migration and inconsistent detail/form/list behavior,WP17C_CANONICAL_FORM,frontend/src/pages/HrChangePassword.jsx,Canonical form anatomy + tokens,MIGRATING,Imported from WP17C ledger · Shared shell/token convergence wave active · Executive first-priority repair wave · frontend/src/pages/HrChangePassword.jsx,PENDING
FORM-022,hr,,,form_surface,ACTIVE,WP17D_CANONICAL_WAVE,PortalShell (canonical wp17d wave),Canonical glass header,Canonical sidebar in wave migration,Layered light base + navy grid + restrained glass,native_form,lucide-react (canonical wrapper convergence),ALIGN_LABEL,INLINE_HELP_WHERE_VALUABLE,Canonical footer boundary in wave rollout,Canonical responsive shell in wave rollout,Under active convergence repair,None observed in current wave or pending inspection,STANDARDIZE,FIRST_WAVE_REPAIR_AND_CONVERGENCE,Repair partial shell migration and inconsistent detail/form/list behavior,WP17C_CANONICAL_FORM,frontend/src/pages/HrDailyReports.jsx,Canonical form anatomy + tokens,MIGRATING,Imported from WP17C ledger · Shared shell/token convergence wave active · Executive first-priority repair wave · frontend/src/pages/HrDailyReports.jsx,PENDING
FORM-023,hr,,,form_surface,ACTIVE,WP17D_CANONICAL_WAVE,PortalShell (canonical wp17d wave),Canonical glass header,Canonical sidebar in wave migration,Layered light base + navy grid + restrained glass,native_form,lucide-react (canonical wrapper convergence),ALIGN_LABEL,INLINE_HELP_WHERE_VALUABLE,Canonical footer boundary in wave rollout,Canonical responsive shell in wave rollout,Under active convergence repair,None observed in current wave or pending inspection,STANDARDIZE,FIRST_WAVE_REPAIR_AND_CONVERGENCE,Repair partial shell migration and inconsistent detail/form/list behavior,WP17C_CANONICAL_FORM,frontend/src/pages/HrEmployeeAccountability.jsx,Canonical form anatomy + tokens,MIGRATING,Imported from WP17C ledger · Shared shell/token convergence wave active · Executive first-priority repair wave · frontend/src/pages/HrEmployeeAccountability.jsx,PENDING
FORM-024,hr,,,form_surface,ACTIVE,WP17D_CANONICAL_WAVE,PortalShell (canonical wp17d wave),Canonical glass header,Canonical sidebar in wave migration,Layered light base + navy grid + restrained glass,native_form,lucide-react (canonical wrapper convergence),ALIGN_LABEL,INLINE_HELP_WHERE_VALUABLE,Canonical footer boundary in wave rollout,Canonical responsive shell in wave rollout,Under active convergence repair,None observed in current wave or pending inspection,STANDARDIZE,FIRST_WAVE_REPAIR_AND_CONVERGENCE,Repair partial shell migration and inconsistent detail/form/list behavior,WP17C_CANONICAL_FORM,frontend/src/pages/HrEmployees.jsx,Canonical form anatomy + tokens,MIGRATING,Imported from WP17C ledger · Shared shell/token convergence wave active · Executive first-priority repair wave · frontend/src/pages/HrEmployees.jsx,PENDING
FORM-025,hr,,,form_surface,ACTIVE,WP17D_CANONICAL_WAVE,PortalShell (canonical wp17d wave),Canonical glass header,Canonical sidebar in wave migration,Layered light base + navy grid + restrained glass,native_form,lucide-react (canonical wrapper convergence),ALIGN_LABEL,INLINE_HELP_WHERE_VALUABLE,Canonical footer boundary in wave rollout,Canonical responsive shell in wave rollout,Under active convergence repair,None observed in current wave or pending inspection,STANDARDIZE,FIRST_WAVE_REPAIR_AND_CONVERGENCE,Repair partial shell migration and inconsistent detail/form/list behavior,WP17C_CANONICAL_FORM,frontend/src/pages/HrHubV2.jsx,Canonical form anatomy + tokens,MIGRATING,Imported from WP17C ledger · Shared shell/token convergence wave active · Executive first-priority repair wave · frontend/src/pages/HrHubV2.jsx,PENDING
FORM-026,hr,,,form_surface,ACTIVE,WP17D_CANONICAL_WAVE,PortalShell (canonical wp17d wave),Canonical glass header,Canonical sidebar in wave migration,Layered light base + navy grid + restrained glass,native_form,lucide-react (canonical wrapper convergence),ALIGN_LABEL,INLINE_HELP_WHERE_VALUABLE,Canonical footer boundary in wave rollout,Canonical responsive shell in wave rollout,Under active convergence repair,None observed in current wave or pending inspection,STANDARDIZE,FIRST_WAVE_REPAIR_AND_CONVERGENCE,Repair partial shell migration and inconsistent detail/form/list behavior,WP17C_CANONICAL_FORM,frontend/src/pages/HrLogin.jsx,Canonical form anatomy + tokens,MIGRATING,Imported from WP17C ledger · Shared shell/token convergence wave active · Executive first-priority repair wave · frontend/src/pages/HrLogin.jsx,PENDING
FORM-027,hr,,,form_surface,ACTIVE,WP17D_CANONICAL_WAVE,PortalShell (canonical wp17d wave),Canonical glass header,Canonical sidebar in wave migration,Layered light base + navy grid + restrained glass,native_form,lucide-react (canonical wrapper convergence),ALIGN_LABEL,INLINE_HELP_WHERE_VALUABLE,Canonical footer boundary in wave rollout,Canonical responsive shell in wave rollout,Under active convergence repair,None observed in current wave or pending inspection,STANDARDIZE,FIRST_WAVE_REPAIR_AND_CONVERGENCE,Repair partial shell migration and inconsistent detail/form/list behavior,WP17C_CANONICAL_FORM,frontend/src/pages/HrResetPassword.jsx,Canonical form anatomy + tokens,MIGRATING,Imported from WP17C ledger · Shared shell/token convergence wave active · Executive first-priority repair wave · frontend/src/pages/HrResetPassword.jsx,PENDING
FORM-028,public_shared,,,form_surface,ACTIVE,WP17D_CANONICAL_WAVE,WP17 public shell,Canonical glass header,Mixed or contextual navigation,Layered light base + navy grid + restrained glass,native_form,lucide-react (canonical wrapper convergence),ALIGN_LABEL,INLINE_HELP_WHERE_VALUABLE,Canonical footer boundary in wave rollout,Canonical responsive shell in wave rollout,Under active convergence repair,None observed in current wave or pending inspection,STANDARDIZE,FIRST_WAVE_REPAIR_AND_CONVERGENCE,Converge onto governed shared component behavior,WP17C_CANONICAL_FORM,frontend/src/pages/NearMissKiosk.jsx,Canonical form anatomy + tokens,MIGRATING,Imported from WP17C ledger · Shared shell/token convergence wave active · Executive first-priority repair wave · frontend/src/pages/NearMissKiosk.jsx,PENDING
FORM-029,public_shared,,,form_surface,ACTIVE,WP17D_CANONICAL_WAVE,WP17 public shell,Canonical glass header,Mixed or contextual navigation,Layered light base + navy grid + restrained glass,native_form,lucide-react (canonical wrapper convergence),ALIGN_LABEL,INLINE_HELP_WHERE_VALUABLE,Canonical footer boundary in wave rollout,Canonical responsive shell in wave rollout,Under active convergence repair,None observed in current wave or pending inspection,STANDARDIZE,FIRST_WAVE_REPAIR_AND_CONVERGENCE,Converge onto governed shared component behavior,WP17C_CANONICAL_FORM,frontend/src/pages/NewConstraint.jsx,Canonical form anatomy + tokens,MIGRATING,Imported from WP17C ledger · Shared shell/token convergence wave active · Executive first-priority repair wave · frontend/src/pages/NewConstraint.jsx,PENDING
FORM-030,public_shared,,,form_surface,ACTIVE,WP17D_CANONICAL_WAVE,WP17 public shell,Canonical glass header,Mixed or contextual navigation,Layered light base + navy grid + restrained glass,native_form,lucide-react (canonical wrapper convergence),ALIGN_LABEL,INLINE_HELP_WHERE_VALUABLE,Canonical footer boundary in wave rollout,Canonical responsive shell in wave rollout,Under active convergence repair,None observed in current wave or pending inspection,STANDARDIZE,FIRST_WAVE_REPAIR_AND_CONVERGENCE,Converge onto governed shared component behavior,WP17C_CANONICAL_FORM,frontend/src/pages/NewQaqcInspection.jsx,Canonical form anatomy + tokens,MIGRATING,Imported from WP17C ledger · Shared shell/token convergence wave active · Executive first-priority repair wave · frontend/src/pages/NewQaqcInspection.jsx,PENDING
FORM-031,safety,,,form_surface,ACTIVE,WP17D_CANONICAL_WAVE,PortalShell (canonical wp17d wave),Canonical glass header,Canonical sidebar in wave migration,Layered light base + navy grid + restrained glass,native_form,lucide-react (canonical wrapper convergence),ALIGN_LABEL,INLINE_HELP_WHERE_VALUABLE,Canonical footer boundary in wave rollout,Canonical responsive shell in wave rollout,Operational; convergence verification pending,None observed in current wave or pending inspection,STANDARDIZE,SHARED_COMPONENT_CONVERGENCE,Converge onto governed shared component behavior,WP17C_CANONICAL_FORM,frontend/src/pages/NewSafetyEquipmentIssuance.jsx,Canonical form anatomy + tokens,IMPLEMENTED,Imported from WP17C ledger · Shared shell/token convergence wave active · frontend/src/pages/NewSafetyEquipmentIssuance.jsx,PENDING
FORM-032,safety,,,form_surface,ACTIVE,WP17D_CANONICAL_WAVE,PortalShell (canonical wp17d wave),Canonical glass header,Canonical sidebar in wave migration,Layered light base + navy grid + restrained glass,native_form,lucide-react (canonical wrapper convergence),ALIGN_LABEL,INLINE_HELP_WHERE_VALUABLE,Canonical footer boundary in wave rollout,Canonical responsive shell in wave rollout,Operational; convergence verification pending,None observed in current wave or pending inspection,STANDARDIZE,SHARED_COMPONENT_CONVERGENCE,Converge onto governed shared component behavior,WP17C_CANONICAL_FORM,frontend/src/pages/NewSafetyEquipmentTraining.jsx,Canonical form anatomy + tokens,IMPLEMENTED,Imported from WP17C ledger · Shared shell/token convergence wave active · frontend/src/pages/NewSafetyEquipmentTraining.jsx,PENDING
FORM-033,public_shared,,,form_surface,ACTIVE,WP17D_CANONICAL_WAVE,WP17 public shell,Canonical glass header,Mixed or contextual navigation,Layered light base + navy grid + restrained glass,native_form,lucide-react (canonical wrapper convergence),ALIGN_LABEL,INLINE_HELP_WHERE_VALUABLE,Canonical footer boundary in wave rollout,Canonical responsive shell in wave rollout,Under active convergence repair,None observed in current wave or pending inspection,STANDARDIZE,FIRST_WAVE_REPAIR_AND_CONVERGENCE,Converge onto governed shared component behavior,WP17C_CANONICAL_FORM,frontend/src/pages/PmChangePassword.jsx,Canonical form anatomy + tokens,MIGRATING,Imported from WP17C ledger · Shared shell/token convergence wave active · Executive first-priority repair wave · frontend/src/pages/PmChangePassword.jsx,PENDING
FORM-034,public_shared,,,form_surface,ACTIVE,WP17D_CANONICAL_WAVE,WP17 public shell,Canonical glass header,Mixed or contextual navigation,Layered light base + navy grid + restrained glass,native_form,lucide-react (canonical wrapper convergence),ALIGN_LABEL,INLINE_HELP_WHERE_VALUABLE,Canonical footer boundary in wave rollout,Canonical responsive shell in wave rollout,Under active convergence repair,None observed in current wave or pending inspection,STANDARDIZE,FIRST_WAVE_REPAIR_AND_CONVERGENCE,Converge onto governed shared component behavior,WP17C_CANONICAL_FORM,frontend/src/pages/PmLogin.jsx,Canonical form anatomy + tokens,MIGRATING,Imported from WP17C ledger · Shared shell/token convergence wave active · Executive first-priority repair wave · frontend/src/pages/PmLogin.jsx,PENDING
FORM-035,public_shared,,,form_surface,ACTIVE,WP17D_CANONICAL_WAVE,WP17 public shell,Canonical glass header,Mixed or contextual navigation,Layered light base + navy grid + restrained glass,native_form,lucide-react (canonical wrapper convergence),ALIGN_LABEL,INLINE_HELP_WHERE_VALUABLE,Canonical footer boundary in wave rollout,Canonical responsive shell in wave rollout,Under active convergence repair,None observed in current wave or pending inspection,STANDARDIZE,FIRST_WAVE_REPAIR_AND_CONVERGENCE,Converge onto governed shared component behavior,WP17C_CANONICAL_FORM,frontend/src/pages/PmResetPassword.jsx,Canonical form anatomy + tokens,MIGRATING,Imported from WP17C ledger · Shared shell/token convergence wave active · Executive first-priority repair wave · frontend/src/pages/PmResetPassword.jsx,PENDING
FORM-036,public_shared,,,form_surface,ACTIVE,WP17D_CANONICAL_WAVE,WP17 public shell,Canonical glass header,Mixed or contextual navigation,Layered light base + navy grid + restrained glass,native_form,lucide-react (canonical wrapper convergence),ALIGN_LABEL,INLINE_HELP_WHERE_VALUABLE,Canonical footer boundary in wave rollout,Canonical responsive shell in wave rollout,Under active convergence repair,None observed in current wave or pending inspection,STANDARDIZE,FIRST_WAVE_REPAIR_AND_CONVERGENCE,Converge onto governed shared component behavior,WP17C_CANONICAL_FORM,frontend/src/pages/PoRequests.jsx,Canonical form anatomy + tokens,MIGRATING,Imported from WP17C ledger · Shared shell/token convergence wave active · Executive first-priority repair wave · frontend/src/pages/PoRequests.jsx,PENDING
FORM-037,public_shared,,,form_surface,ACTIVE,WP17D_CANONICAL_WAVE,WP17 public shell,Canonical glass header,Mixed or contextual navigation,Layered light base + navy grid + restrained glass,native_form,lucide-react (canonical wrapper convergence),ALIGN_LABEL,INLINE_HELP_WHERE_VALUABLE,Canonical footer boundary in wave rollout,Canonical responsive shell in wave rollout,Under active convergence repair,None observed in current wave or pending inspection,STANDARDIZE,FIRST_WAVE_REPAIR_AND_CONVERGENCE,Converge onto governed shared component behavior,WP17C_CANONICAL_FORM,frontend/src/pages/PoRequests.jsx,Canonical form anatomy + tokens,MIGRATING,Imported from WP17C ledger · Shared shell/token convergence wave active · Executive first-priority repair wave · frontend/src/pages/PoRequests.jsx,PENDING
FORM-038,public_shared,,,form_surface,ACTIVE,WP17D_CANONICAL_WAVE,WP17 public shell,Canonical glass header,Mixed or contextual navigation,Layered light base + navy grid + restrained glass,native_form,lucide-react (canonical wrapper convergence),ALIGN_LABEL,INLINE_HELP_WHERE_VALUABLE,Canonical footer boundary in wave rollout,Canonical responsive shell in wave rollout,Under active convergence repair,None observed in current wave or pending inspection,STANDARDIZE,FIRST_WAVE_REPAIR_AND_CONVERGENCE,Converge onto governed shared component behavior,WP17C_CANONICAL_FORM,frontend/src/pages/ReturnEquipment.jsx,Canonical form anatomy + tokens,MIGRATING,Imported from WP17C ledger · Shared shell/token convergence wave active · Executive first-priority repair wave · frontend/src/pages/ReturnEquipment.jsx,PENDING
FORM-039,public_shared,,,form_surface,ACTIVE,WP17D_CANONICAL_WAVE,WP17 public shell,Canonical glass header,Mixed or contextual navigation,Layered light base + navy grid + restrained glass,native_form,lucide-react (canonical wrapper convergence),ALIGN_LABEL,INLINE_HELP_WHERE_VALUABLE,Canonical footer boundary in wave rollout,Canonical responsive shell in wave rollout,Under active convergence repair,None observed in current wave or pending inspection,STANDARDIZE,FIRST_WAVE_REPAIR_AND_CONVERGENCE,Converge onto governed shared component behavior,WP17C_CANONICAL_FORM,frontend/src/pages/Revise.jsx,Canonical form anatomy + tokens,MIGRATING,Imported from WP17C ledger · Shared shell/token convergence wave active · Executive first-priority repair wave · frontend/src/pages/Revise.jsx,PENDING
FORM-040,safety,,,form_surface,ACTIVE,WP17D_CANONICAL_WAVE,PortalShell (canonical wp17d wave),Canonical glass header,Canonical sidebar in wave migration,Layered light base + navy grid + restrained glass,native_form,lucide-react (canonical wrapper convergence),ALIGN_LABEL,INLINE_HELP_WHERE_VALUABLE,Canonical footer boundary in wave rollout,Canonical responsive shell in wave rollout,Operational; convergence verification pending,None observed in current wave or pending inspection,STANDARDIZE,SHARED_COMPONENT_CONVERGENCE,Converge onto governed shared component behavior,WP17C_CANONICAL_FORM,frontend/src/pages/SafetyChangePassword.jsx,Canonical form anatomy + tokens,IMPLEMENTED,Imported from WP17C ledger · Shared shell/token convergence wave active · frontend/src/pages/SafetyChangePassword.jsx,PENDING
FORM-041,safety,,,form_surface,ACTIVE,WP17D_CANONICAL_WAVE,PortalShell (canonical wp17d wave),Canonical glass header,Canonical sidebar in wave migration,Layered light base + navy grid + restrained glass,native_form,lucide-react (canonical wrapper convergence),ALIGN_LABEL,INLINE_HELP_WHERE_VALUABLE,Canonical footer boundary in wave rollout,Canonical responsive shell in wave rollout,Operational; convergence verification pending,None observed in current wave or pending inspection,STANDARDIZE,SHARED_COMPONENT_CONVERGENCE,Converge onto governed shared component behavior,WP17C_CANONICAL_FORM,frontend/src/pages/SafetyForgotPassword.jsx,Canonical form anatomy + tokens,IMPLEMENTED,Imported from WP17C ledger · Shared shell/token convergence wave active · frontend/src/pages/SafetyForgotPassword.jsx,PENDING
FORM-042,safety,,,form_surface,ACTIVE,WP17D_CANONICAL_WAVE,PortalShell (canonical wp17d wave),Canonical glass header,Canonical sidebar in wave migration,Layered light base + navy grid + restrained glass,native_form,lucide-react (canonical wrapper convergence),ALIGN_LABEL,INLINE_HELP_WHERE_VALUABLE,Canonical footer boundary in wave rollout,Canonical responsive shell in wave rollout,Operational; convergence verification pending,None observed in current wave or pending inspection,STANDARDIZE,SHARED_COMPONENT_CONVERGENCE,Converge onto governed shared component behavior,WP17C_CANONICAL_FORM,frontend/src/pages/SafetyFormsLogin.jsx,Canonical form anatomy + tokens,IMPLEMENTED,Imported from WP17C ledger · Shared shell/token convergence wave active · frontend/src/pages/SafetyFormsLogin.jsx,PENDING
FORM-043,safety,,,form_surface,ACTIVE,WP17D_CANONICAL_WAVE,PortalShell (canonical wp17d wave),Canonical glass header,Canonical sidebar in wave migration,Layered light base + navy grid + restrained glass,native_form,lucide-react (canonical wrapper convergence),ALIGN_LABEL,INLINE_HELP_WHERE_VALUABLE,Canonical footer boundary in wave rollout,Canonical responsive shell in wave rollout,Operational; convergence verification pending,None observed in current wave or pending inspection,STANDARDIZE,SHARED_COMPONENT_CONVERGENCE,Converge onto governed shared component behavior,WP17C_CANONICAL_FORM,frontend/src/pages/SafetyLogin.jsx,Canonical form anatomy + tokens,IMPLEMENTED,Imported from WP17C ledger · Shared shell/token convergence wave active · frontend/src/pages/SafetyLogin.jsx,PENDING
FORM-044,safety,,,form_surface,ACTIVE,WP17D_CANONICAL_WAVE,PortalShell (canonical wp17d wave),Canonical glass header,Canonical sidebar in wave migration,Layered light base + navy grid + restrained glass,native_form,lucide-react (canonical wrapper convergence),ALIGN_LABEL,INLINE_HELP_WHERE_VALUABLE,Canonical footer boundary in wave rollout,Canonical responsive shell in wave rollout,Operational; convergence verification pending,None observed in current wave or pending inspection,STANDARDIZE,SHARED_COMPONENT_CONVERGENCE,Converge onto governed shared component behavior,WP17C_CANONICAL_FORM,frontend/src/pages/SafetyResetPassword.jsx,Canonical form anatomy + tokens,IMPLEMENTED,Imported from WP17C ledger · Shared shell/token convergence wave active · frontend/src/pages/SafetyResetPassword.jsx,PENDING
FORM-045,shop,,,form_surface,ACTIVE,WP17D_CANONICAL_WAVE,Legacy or portal-specific shell,Canonical glass header,Mixed or contextual navigation,Layered light base + navy grid + restrained glass,native_form,lucide-react (canonical wrapper convergence),ALIGN_LABEL,INLINE_HELP_WHERE_VALUABLE,Mixed footer treatment,Canonical responsive shell in wave rollout,Operational; convergence verification pending,None observed in current wave or pending inspection,STANDARDIZE,SHARED_COMPONENT_CONVERGENCE,Converge onto governed shared component behavior,WP17C_CANONICAL_FORM,frontend/src/pages/ShopChangePassword.jsx,Canonical form anatomy + tokens,IMPLEMENTED,Imported from WP17C ledger · Shared shell/token convergence wave active · frontend/src/pages/ShopChangePassword.jsx,PENDING
FORM-046,shop,,,form_surface,ACTIVE,WP17D_CANONICAL_WAVE,Legacy or portal-specific shell,Canonical glass header,Mixed or contextual navigation,Layered light base + navy grid + restrained glass,native_form,lucide-react (canonical wrapper convergence),ALIGN_LABEL,INLINE_HELP_WHERE_VALUABLE,Mixed footer treatment,Canonical responsive shell in wave rollout,Operational; convergence verification pending,None observed in current wave or pending inspection,STANDARDIZE,SHARED_COMPONENT_CONVERGENCE,Converge onto governed shared component behavior,WP17C_CANONICAL_FORM,frontend/src/pages/ShopLogin.jsx,Canonical form anatomy + tokens,IMPLEMENTED,Imported from WP17C ledger · Shared shell/token convergence wave active · frontend/src/pages/ShopLogin.jsx,PENDING
FORM-047,shop,,,form_surface,ACTIVE,WP17D_CANONICAL_WAVE,Legacy or portal-specific shell,Canonical glass header,Mixed or contextual navigation,Layered light base + navy grid + restrained glass,native_form,lucide-react (canonical wrapper convergence),ALIGN_LABEL,INLINE_HELP_WHERE_VALUABLE,Mixed footer treatment,Canonical responsive shell in wave rollout,Operational; convergence verification pending,None observed in current wave or pending inspection,STANDARDIZE,SHARED_COMPONENT_CONVERGENCE,Converge onto governed shared component behavior,WP17C_CANONICAL_FORM,frontend/src/pages/ShopResetPassword.jsx,Canonical form anatomy + tokens,IMPLEMENTED,Imported from WP17C ledger · Shared shell/token convergence wave active · frontend/src/pages/ShopResetPassword.jsx,PENDING
FORM-048,public_shared,,,form_surface,ACTIVE,WP17D_CANONICAL_WAVE,WP17 public shell,Canonical glass header,Mixed or contextual navigation,Layered light base + navy grid + restrained glass,native_form,lucide-react (canonical wrapper convergence),ALIGN_LABEL,INLINE_HELP_WHERE_VALUABLE,Canonical footer boundary in wave rollout,Canonical responsive shell in wave rollout,Under active convergence repair,None observed in current wave or pending inspection,STANDARDIZE,FIRST_WAVE_REPAIR_AND_CONVERGENCE,Converge onto governed shared component behavior,WP17C_CANONICAL_FORM,frontend/src/pages/SignIn.jsx,Canonical form anatomy + tokens,MIGRATING,Imported from WP17C ledger · Shared shell/token convergence wave active · Executive first-priority repair wave · frontend/src/pages/SignIn.jsx,PENDING
FORM-049,public_shared,,,form_surface,ACTIVE,WP17D_CANONICAL_WAVE,WP17 public shell,Canonical glass header,Mixed or contextual navigation,Layered light base + navy grid + restrained glass,native_form,lucide-react (canonical wrapper convergence),ALIGN_LABEL,INLINE_HELP_WHERE_VALUABLE,Canonical footer boundary in wave rollout,Canonical responsive shell in wave rollout,Under active convergence repair,None observed in current wave or pending inspection,STANDARDIZE,FIRST_WAVE_REPAIR_AND_CONVERGENCE,Converge onto governed shared component behavior,WP17C_CANONICAL_FORM,frontend/src/pages/SignIn.jsx,Canonical form anatomy + tokens,MIGRATING,Imported from WP17C ledger · Shared shell/token convergence wave active · Executive first-priority repair wave · frontend/src/pages/SignIn.jsx,PENDING
FORM-050,admin,,,form_surface,ACTIVE,WP17D_CANONICAL_WAVE,PortalShell (canonical wp17d wave),Canonical glass header,Canonical sidebar in wave migration,Layered light base + navy grid + restrained glass,native_form,lucide-react (canonical wrapper convergence),ALIGN_LABEL,INLINE_HELP_WHERE_VALUABLE,Canonical footer boundary in wave rollout,Canonical responsive shell in wave rollout,Operational; convergence verification pending,None observed in current wave or pending inspection,STANDARDIZE,SHARED_COMPONENT_CONVERGENCE,Converge onto governed shared component behavior,WP17C_CANONICAL_FORM,frontend/src/pages/admin/AdminCostRegistry.jsx,Canonical form anatomy + tokens,IMPLEMENTED,Imported from WP17C ledger · Shared shell/token convergence wave active · frontend/src/pages/admin/AdminCostRegistry.jsx,PENDING
FORM-051,admin,,,form_surface,ACTIVE,WP17D_CANONICAL_WAVE,PortalShell (canonical wp17d wave),Canonical glass header,Canonical sidebar in wave migration,Layered light base + navy grid + restrained glass,native_form,lucide-react (canonical wrapper convergence),ALIGN_LABEL,INLINE_HELP_WHERE_VALUABLE,Canonical footer boundary in wave rollout,Canonical responsive shell in wave rollout,Operational; convergence verification pending,None observed in current wave or pending inspection,STANDARDIZE,SHARED_COMPONENT_CONVERGENCE,Converge onto governed shared component behavior,WP17C_CANONICAL_FORM,frontend/src/pages/admin/AdminOperationalIntelligenceRecipients.jsx,Canonical form anatomy + tokens,IMPLEMENTED,Imported from WP17C ledger · Shared shell/token convergence wave active · frontend/src/pages/admin/AdminOperationalIntelligenceRecipients.jsx,PENDING
FORM-052,admin,,,form_surface,ACTIVE,WP17D_CANONICAL_WAVE,PortalShell (canonical wp17d wave),Canonical glass header,Canonical sidebar in wave migration,Layered light base + navy grid + restrained glass,native_form,lucide-react (canonical wrapper convergence),ALIGN_LABEL,INLINE_HELP_WHERE_VALUABLE,Canonical footer boundary in wave rollout,Canonical responsive shell in wave rollout,Operational; convergence verification pending,None observed in current wave or pending inspection,STANDARDIZE,SHARED_COMPONENT_CONVERGENCE,Converge onto governed shared component behavior,WP17C_CANONICAL_FORM,frontend/src/pages/admin/AdminPromoAssets.jsx,Canonical form anatomy + tokens,IMPLEMENTED,Imported from WP17C ledger · Shared shell/token convergence wave active · frontend/src/pages/admin/AdminPromoAssets.jsx,PENDING
FORM-053,admin,,,form_surface,ACTIVE,WP17D_CANONICAL_WAVE,PortalShell (canonical wp17d wave),Canonical glass header,Canonical sidebar in wave migration,Layered light base + navy grid + restrained glass,native_form,lucide-react (canonical wrapper convergence),ALIGN_LABEL,INLINE_HELP_WHERE_VALUABLE,Canonical footer boundary in wave rollout,Canonical responsive shell in wave rollout,Operational; convergence verification pending,None observed in current wave or pending inspection,STANDARDIZE,SHARED_COMPONENT_CONVERGENCE,Converge onto governed shared component behavior,WP17C_CANONICAL_FORM,frontend/src/pages/admin/AdminPromoAssets.jsx,Canonical form anatomy + tokens,IMPLEMENTED,Imported from WP17C ledger · Shared shell/token convergence wave active · frontend/src/pages/admin/AdminPromoAssets.jsx,PENDING
FORM-054,public_shared,,,form_surface,ACTIVE,WP17D_CANONICAL_WAVE,WP17 public shell,Canonical glass header,Mixed or contextual navigation,Layered light base + navy grid + restrained glass,native_form,lucide-react (canonical wrapper convergence),ALIGN_LABEL,INLINE_HELP_WHERE_VALUABLE,Canonical footer boundary in wave rollout,Canonical responsive shell in wave rollout,Under active convergence repair,None observed in current wave or pending inspection,STANDARDIZE,FIRST_WAVE_REPAIR_AND_CONVERGENCE,Converge onto governed shared component behavior,WP17C_CANONICAL_FORM,frontend/src/pages/driver/ShiftStart.jsx,Canonical form anatomy + tokens,MIGRATING,Imported from WP17C ledger · Shared shell/token convergence wave active · Executive first-priority repair wave · frontend/src/pages/driver/ShiftStart.jsx,PENDING
FORM-055,public_shared,,,form_surface,ACTIVE,WP17D_CANONICAL_WAVE,WP17 public shell,Canonical glass header,Mixed or contextual navigation,Layered light base + navy grid + restrained glass,native_form,lucide-react (canonical wrapper convergence),ALIGN_LABEL,INLINE_HELP_WHERE_VALUABLE,Canonical footer boundary in wave rollout,Canonical responsive shell in wave rollout,Under active convergence repair,None observed in current wave or pending inspection,STANDARDIZE,FIRST_WAVE_REPAIR_AND_CONVERGENCE,Converge onto governed shared component behavior,WP17C_CANONICAL_FORM,frontend/src/pages/operations_actions/OperationsActionNew.jsx,Canonical form anatomy + tokens,MIGRATING,Imported from WP17C ledger · Shared shell/token convergence wave active · Executive first-priority repair wave · frontend/src/pages/operations_actions/OperationsActionNew.jsx,PENDING
FORM-056,public_shared,,,form_surface,ACTIVE,WP17D_CANONICAL_WAVE,WP17 public shell,Canonical glass header,Mixed or contextual navigation,Layered light base + navy grid + restrained glass,native_form,lucide-react (canonical wrapper convergence),ALIGN_LABEL,INLINE_HELP_WHERE_VALUABLE,Canonical footer boundary in wave rollout,Canonical responsive shell in wave rollout,Under active convergence repair,None observed in current wave or pending inspection,STANDARDIZE,FIRST_WAVE_REPAIR_AND_CONVERGENCE,Converge onto governed shared component behavior,WP17C_CANONICAL_FORM,frontend/src/pages/shop/FuelLubeVisitForm.jsx,Canonical form anatomy + tokens,MIGRATING,Imported from WP17C ledger · Shared shell/token convergence wave active · Executive first-priority repair wave · frontend/src/pages/shop/FuelLubeVisitForm.jsx,PENDING
FORM-057,public_shared,,,form_surface,ACTIVE,WP17D_CANONICAL_WAVE,WP17 public shell,Canonical glass header,Mixed or contextual navigation,Layered light base + navy grid + restrained glass,native_form,lucide-react (canonical wrapper convergence),ALIGN_LABEL,INLINE_HELP_WHERE_VALUABLE,Canonical footer boundary in wave rollout,Canonical responsive shell in wave rollout,Under active convergence repair,None observed in current wave or pending inspection,STANDARDIZE,FIRST_WAVE_REPAIR_AND_CONVERGENCE,Converge onto governed shared component behavior,WP17C_CANONICAL_FORM,frontend/src/pages/shop/PmSchedules.jsx,Canonical form anatomy + tokens,MIGRATING,Imported from WP17C ledger · Shared shell/token convergence wave active · Executive first-priority repair wave · frontend/src/pages/shop/PmSchedules.jsx,PENDING
FORM-058,public_shared,,,form_surface,ACTIVE,WP17D_CANONICAL_WAVE,WP17 public shell,Canonical glass header,Mixed or contextual navigation,Layered light base + navy grid + restrained glass,native_form,lucide-react (canonical wrapper convergence),ALIGN_LABEL,INLINE_HELP_WHERE_VALUABLE,Canonical footer boundary in wave rollout,Canonical responsive shell in wave rollout,Under active convergence repair,None observed in current wave or pending inspection,STANDARDIZE,FIRST_WAVE_REPAIR_AND_CONVERGENCE,Converge onto governed shared component behavior,WP17C_CANONICAL_FORM,frontend/src/pages/shop/PmTemplates.jsx,Canonical form anatomy + tokens,MIGRATING,Imported from WP17C ledger · Shared shell/token convergence wave active · Executive first-priority repair wave · frontend/src/pages/shop/PmTemplates.jsx,PENDING
FORM-059,public_shared,,,form_surface,ACTIVE,WP17D_CANONICAL_WAVE,WP17 public shell,Canonical glass header,Mixed or contextual navigation,Layered light base + navy grid + restrained glass,native_form,lucide-react (canonical wrapper convergence),ALIGN_LABEL,INLINE_HELP_WHERE_VALUABLE,Canonical footer boundary in wave rollout,Canonical responsive shell in wave rollout,Under active convergence repair,None observed in current wave or pending inspection,STANDARDIZE,FIRST_WAVE_REPAIR_AND_CONVERGENCE,Converge onto governed shared component behavior,WP17C_CANONICAL_FORM,frontend/src/pages/shop/PmWorkOrders.jsx,Canonical form anatomy + tokens,MIGRATING,Imported from WP17C ledger · Shared shell/token convergence wave active · Executive first-priority repair wave · frontend/src/pages/shop/PmWorkOrders.jsx,PENDING
FORM-060,public_shared,,,form_surface,ACTIVE,WP17D_CANONICAL_WAVE,WP17 public shell,Canonical glass header,Mixed or contextual navigation,Layered light base + navy grid + restrained glass,native_form,lucide-react (canonical wrapper convergence),ALIGN_LABEL,INLINE_HELP_WHERE_VALUABLE,Canonical footer boundary in wave rollout,Canonical responsive shell in wave rollout,Under active convergence repair,None observed in current wave or pending inspection,STANDARDIZE,FIRST_WAVE_REPAIR_AND_CONVERGENCE,Converge onto governed shared component behavior,WP17C_CANONICAL_FORM,frontend/src/pages/shop/PmWorkOrders.jsx,Canonical form anatomy + tokens,MIGRATING,Imported from WP17C ledger · Shared shell/token convergence wave active · Executive first-priority repair wave · frontend/src/pages/shop/PmWorkOrders.jsx,PENDING
FORM-061,public_shared,,,form_surface,ACTIVE,WP17D_CANONICAL_WAVE,WP17 public shell,Canonical glass header,Mixed or contextual navigation,Layered light base + navy grid + restrained glass,native_form,lucide-react (canonical wrapper convergence),ALIGN_LABEL,INLINE_HELP_WHERE_VALUABLE,Canonical footer boundary in wave rollout,Canonical responsive shell in wave rollout,Under active convergence repair,None observed in current wave or pending inspection,STANDARDIZE,FIRST_WAVE_REPAIR_AND_CONVERGENCE,Converge onto governed shared component behavior,WP17C_CANONICAL_FORM,frontend/src/pages/shop/PmWorkOrders.jsx,Canonical form anatomy + tokens,MIGRATING,Imported from WP17C ledger · Shared shell/token convergence wave active · Executive first-priority repair wave · frontend/src/pages/shop/PmWorkOrders.jsx,PENDING
FORM-062,public_shared,,,form_surface,ACTIVE,WP17D_CANONICAL_WAVE,WP17 public shell,Canonical glass header,Mixed or contextual navigation,Layered light base + navy grid + restrained glass,native_form,lucide-react (canonical wrapper convergence),ALIGN_LABEL,INLINE_HELP_WHERE_VALUABLE,Canonical footer boundary in wave rollout,Canonical responsive shell in wave rollout,Under active convergence repair,None observed in current wave or pending inspection,STANDARDIZE,FIRST_WAVE_REPAIR_AND_CONVERGENCE,Converge onto governed shared component behavior,WP17C_CANONICAL_FORM,frontend/src/pages/shop/UnitHistoryLanding.jsx,Canonical form anatomy + tokens,MIGRATING,Imported from WP17C ledger · Shared shell/token convergence wave active · Executive first-priority repair wave · frontend/src/pages/shop/UnitHistoryLanding.jsx,PENDING
FORM-063,public_shared,,,form_surface,ACTIVE,WP17D_CANONICAL_WAVE,WP17 public shell,Canonical glass header,Mixed or contextual navigation,Layered light base + navy grid + restrained glass,native_form,lucide-react (canonical wrapper convergence),ALIGN_LABEL,INLINE_HELP_WHERE_VALUABLE,Canonical footer boundary in wave rollout,Canonical responsive shell in wave rollout,Under active convergence repair,None observed in current wave or pending inspection,STANDARDIZE,FIRST_WAVE_REPAIR_AND_CONVERGENCE,Converge onto governed shared component behavior,WP17C_CANONICAL_FORM,frontend/src/pages/trench_safety/PublicAssetLookup.jsx,Canonical form anatomy + tokens,MIGRATING,Imported from WP17C ledger · Shared shell/token convergence wave active · Executive first-priority repair wave · frontend/src/pages/trench_safety/PublicAssetLookup.jsx,PENDING
FORM-064,public_shared,,,form_surface,ACTIVE,WP17D_CANONICAL_WAVE,WP17 public shell,Canonical glass header,Mixed or contextual navigation,Layered light base + navy grid + restrained glass,native_form,lucide-react (canonical wrapper convergence),ALIGN_LABEL,INLINE_HELP_WHERE_VALUABLE,Canonical footer boundary in wave rollout,Canonical responsive shell in wave rollout,Under active convergence repair,None observed in current wave or pending inspection,STANDARDIZE,FIRST_WAVE_REPAIR_AND_CONVERGENCE,Converge onto governed shared component behavior,WP17C_CANONICAL_FORM,frontend/src/pages/trench_safety/PublicReportModal.jsx,Canonical form anatomy + tokens,MIGRATING,Imported from WP17C ledger · Shared shell/token convergence wave active · Executive first-priority repair wave · frontend/src/pages/trench_safety/PublicReportModal.jsx,PENDING
FORM-065,safety,,,form_surface,ACTIVE,WP17D_CANONICAL_WAVE,PortalShell (canonical wp17d wave),Canonical glass header,Canonical sidebar in wave migration,Layered light base + navy grid + restrained glass,native_form,lucide-react (canonical wrapper convergence),ALIGN_LABEL,INLINE_HELP_WHERE_VALUABLE,Canonical footer boundary in wave rollout,Canonical responsive shell in wave rollout,Operational; convergence verification pending,None observed in current wave or pending inspection,STANDARDIZE,SHARED_COMPONENT_CONVERGENCE,Converge onto governed shared component behavior,WP17C_CANONICAL_FORM,frontend/src/pages/trench_safety/TrenchSafetyAssignDialogs.jsx,Canonical form anatomy + tokens,IMPLEMENTED,Imported from WP17C ledger · Shared shell/token convergence wave active · frontend/src/pages/trench_safety/TrenchSafetyAssignDialogs.jsx,PENDING
FORM-066,safety,,,form_surface,ACTIVE,WP17D_CANONICAL_WAVE,PortalShell (canonical wp17d wave),Canonical glass header,Canonical sidebar in wave migration,Layered light base + navy grid + restrained glass,native_form,lucide-react (canonical wrapper convergence),ALIGN_LABEL,INLINE_HELP_WHERE_VALUABLE,Canonical footer boundary in wave rollout,Canonical responsive shell in wave rollout,Operational; convergence verification pending,None observed in current wave or pending inspection,STANDARDIZE,SHARED_COMPONENT_CONVERGENCE,Converge onto governed shared component behavior,WP17C_CANONICAL_FORM,frontend/src/pages/trench_safety/TrenchSafetyAssignDialogs.jsx,Canonical form anatomy + tokens,IMPLEMENTED,Imported from WP17C ledger · Shared shell/token convergence wave active · frontend/src/pages/trench_safety/TrenchSafetyAssignDialogs.jsx,PENDING
TABLE-001,admin,,,table_surface,ACTIVE,WP17D_CANONICAL_WAVE,PortalShell (canonical wp17d wave),Canonical glass header,Canonical sidebar in wave migration,Layered light base + navy grid + restrained glass,native_table,lucide-react (canonical wrapper convergence),ALIGN_LABEL,OPTIONAL_INLINE_HELP,Canonical footer boundary in wave rollout,Canonical responsive shell in wave rollout,Operational; convergence verification pending,None observed in current wave or pending inspection,STANDARDIZE,SHARED_COMPONENT_CONVERGENCE,Converge onto governed shared component behavior,WP17C_CANONICAL_TABLE,frontend/src/components/AdminAccessControlPanel.jsx,Canonical table anatomy + tokens,IMPLEMENTED,Imported from WP17C ledger · Shared shell/token convergence wave active · frontend/src/components/AdminAccessControlPanel.jsx,PENDING
TABLE-002,admin,,,table_surface,ACTIVE,WP17D_CANONICAL_WAVE,PortalShell (canonical wp17d wave),Canonical glass header,Canonical sidebar in wave migration,Layered light base + navy grid + restrained glass,native_table,lucide-react (canonical wrapper convergence),ALIGN_LABEL,OPTIONAL_INLINE_HELP,Canonical footer boundary in wave rollout,Canonical responsive shell in wave rollout,Operational; convergence verification pending,None observed in current wave or pending inspection,STANDARDIZE,SHARED_COMPONENT_CONVERGENCE,Converge onto governed shared component behavior,WP17C_CANONICAL_TABLE,frontend/src/components/AdminDispatchUsersPanel.jsx,Canonical table anatomy + tokens,IMPLEMENTED,Imported from WP17C ledger · Shared shell/token convergence wave active · frontend/src/components/AdminDispatchUsersPanel.jsx,PENDING
TABLE-003,admin,,,table_surface,ACTIVE,WP17D_CANONICAL_WAVE,PortalShell (canonical wp17d wave),Canonical glass header,Canonical sidebar in wave migration,Layered light base + navy grid + restrained glass,native_table,lucide-react (canonical wrapper convergence),ALIGN_LABEL,OPTIONAL_INLINE_HELP,Canonical footer boundary in wave rollout,Canonical responsive shell in wave rollout,Operational; convergence verification pending,None observed in current wave or pending inspection,STANDARDIZE,SHARED_COMPONENT_CONVERGENCE,Converge onto governed shared component behavior,WP17C_CANONICAL_TABLE,frontend/src/components/AdminFieldLeadershipUsersPanel.jsx,Canonical table anatomy + tokens,IMPLEMENTED,Imported from WP17C ledger · Shared shell/token convergence wave active · frontend/src/components/AdminFieldLeadershipUsersPanel.jsx,PENDING
TABLE-004,admin,,,table_surface,ACTIVE,WP17D_CANONICAL_WAVE,PortalShell (canonical wp17d wave),Canonical glass header,Canonical sidebar in wave migration,Layered light base + navy grid + restrained glass,native_table,lucide-react (canonical wrapper convergence),ALIGN_LABEL,OPTIONAL_INLINE_HELP,Canonical footer boundary in wave rollout,Canonical responsive shell in wave rollout,Operational; convergence verification pending,None observed in current wave or pending inspection,STANDARDIZE,SHARED_COMPONENT_CONVERGENCE,Converge onto governed shared component behavior,WP17C_CANONICAL_TABLE,frontend/src/components/AdminHRUsersPanel.jsx,Canonical table anatomy + tokens,IMPLEMENTED,Imported from WP17C ledger · Shared shell/token convergence wave active · frontend/src/components/AdminHRUsersPanel.jsx,PENDING
TABLE-005,admin,,,table_surface,ACTIVE,WP17D_CANONICAL_WAVE,PortalShell (canonical wp17d wave),Canonical glass header,Canonical sidebar in wave migration,Layered light base + navy grid + restrained glass,native_table,lucide-react (canonical wrapper convergence),ALIGN_LABEL,OPTIONAL_INLINE_HELP,Canonical footer boundary in wave rollout,Canonical responsive shell in wave rollout,Operational; convergence verification pending,None observed in current wave or pending inspection,STANDARDIZE,SHARED_COMPONENT_CONVERGENCE,Converge onto governed shared component behavior,WP17C_CANONICAL_TABLE,frontend/src/components/AdminJobMasterPanel.jsx,Canonical table anatomy + tokens,IMPLEMENTED,Imported from WP17C ledger · Shared shell/token convergence wave active · frontend/src/components/AdminJobMasterPanel.jsx,PENDING
TABLE-006,admin,,,table_surface,ACTIVE,WP17D_CANONICAL_WAVE,PortalShell (canonical wp17d wave),Canonical glass header,Canonical sidebar in wave migration,Layered light base + navy grid + restrained glass,native_table,lucide-react (canonical wrapper convergence),ALIGN_LABEL,OPTIONAL_INLINE_HELP,Canonical footer boundary in wave rollout,Canonical responsive shell in wave rollout,Operational; convergence verification pending,None observed in current wave or pending inspection,STANDARDIZE,SHARED_COMPONENT_CONVERGENCE,Converge onto governed shared component behavior,WP17C_CANONICAL_TABLE,frontend/src/components/AdminJobMasterPanel.jsx,Canonical table anatomy + tokens,IMPLEMENTED,Imported from WP17C ledger · Shared shell/token convergence wave active · frontend/src/components/AdminJobMasterPanel.jsx,PENDING
TABLE-007,admin,,,table_surface,ACTIVE,WP17D_CANONICAL_WAVE,PortalShell (canonical wp17d wave),Canonical glass header,Canonical sidebar in wave migration,Layered light base + navy grid + restrained glass,native_table,lucide-react (canonical wrapper convergence),ALIGN_LABEL,OPTIONAL_INLINE_HELP,Canonical footer boundary in wave rollout,Canonical responsive shell in wave rollout,Operational; convergence verification pending,None observed in current wave or pending inspection,STANDARDIZE,SHARED_COMPONENT_CONVERGENCE,Converge onto governed shared component behavior,WP17C_CANONICAL_TABLE,frontend/src/components/AdminPMPanel.jsx,Canonical table anatomy + tokens,IMPLEMENTED,Imported from WP17C ledger · Shared shell/token convergence wave active · frontend/src/components/AdminPMPanel.jsx,PENDING
TABLE-008,admin,,,table_surface,ACTIVE,WP17D_CANONICAL_WAVE,PortalShell (canonical wp17d wave),Canonical glass header,Canonical sidebar in wave migration,Layered light base + navy grid + restrained glass,native_table,lucide-react (canonical wrapper convergence),ALIGN_LABEL,OPTIONAL_INLINE_HELP,Canonical footer boundary in wave rollout,Canonical responsive shell in wave rollout,Operational; convergence verification pending,None observed in current wave or pending inspection,STANDARDIZE,SHARED_COMPONENT_CONVERGENCE,Converge onto governed shared component behavior,WP17C_CANONICAL_TABLE,frontend/src/components/AdminSafetyUsersPanel.jsx,Canonical table anatomy + tokens,IMPLEMENTED,Imported from WP17C ledger · Shared shell/token convergence wave active · frontend/src/components/AdminSafetyUsersPanel.jsx,PENDING
TABLE-009,admin,,,table_surface,ACTIVE,WP17D_CANONICAL_WAVE,PortalShell (canonical wp17d wave),Canonical glass header,Canonical sidebar in wave migration,Layered light base + navy grid + restrained glass,native_table,lucide-react (canonical wrapper convergence),ALIGN_LABEL,OPTIONAL_INLINE_HELP,Canonical footer boundary in wave rollout,Canonical responsive shell in wave rollout,Operational; convergence verification pending,None observed in current wave or pending inspection,STANDARDIZE,SHARED_COMPONENT_CONVERGENCE,Converge onto governed shared component behavior,WP17C_CANONICAL_TABLE,frontend/src/components/AdminShopUsersPanel.jsx,Canonical table anatomy + tokens,IMPLEMENTED,Imported from WP17C ledger · Shared shell/token convergence wave active · frontend/src/components/AdminShopUsersPanel.jsx,PENDING
TABLE-010,admin,,,table_surface,ACTIVE,WP17D_CANONICAL_WAVE,PortalShell (canonical wp17d wave),Canonical glass header,Canonical sidebar in wave migration,Layered light base + navy grid + restrained glass,native_table,lucide-react (canonical wrapper convergence),ALIGN_LABEL,OPTIONAL_INLINE_HELP,Canonical footer boundary in wave rollout,Canonical responsive shell in wave rollout,Operational; convergence verification pending,None observed in current wave or pending inspection,STANDARDIZE,SHARED_COMPONENT_CONVERGENCE,Converge onto governed shared component behavior,WP17C_CANONICAL_TABLE,frontend/src/components/AdminSignatureMigrationPanel.jsx,Canonical table anatomy + tokens,IMPLEMENTED,Imported from WP17C ledger · Shared shell/token convergence wave active · frontend/src/components/AdminSignatureMigrationPanel.jsx,PENDING
TABLE-011,admin,,,table_surface,ACTIVE,WP17D_CANONICAL_WAVE,PortalShell (canonical wp17d wave),Canonical glass header,Canonical sidebar in wave migration,Layered light base + navy grid + restrained glass,native_table,lucide-react (canonical wrapper convergence),ALIGN_LABEL,OPTIONAL_INLINE_HELP,Canonical footer boundary in wave rollout,Canonical responsive shell in wave rollout,Operational; convergence verification pending,None observed in current wave or pending inspection,STANDARDIZE,SHARED_COMPONENT_CONVERGENCE,Converge onto governed shared component behavior,WP17C_CANONICAL_TABLE,frontend/src/components/AdminUnifiedDirectoryPanel.jsx,Canonical table anatomy + tokens,IMPLEMENTED,Imported from WP17C ledger · Shared shell/token convergence wave active · frontend/src/components/AdminUnifiedDirectoryPanel.jsx,PENDING
TABLE-012,public_shared,,,table_surface,ACTIVE,WP17D_CANONICAL_WAVE,WP17 public shell,Canonical glass header,Mixed or contextual navigation,Layered light base + navy grid + restrained glass,native_table,lucide-react (canonical wrapper convergence),ALIGN_LABEL,OPTIONAL_INLINE_HELP,Canonical footer boundary in wave rollout,Canonical responsive shell in wave rollout,Under active convergence repair,None observed in current wave or pending inspection,STANDARDIZE,FIRST_WAVE_REPAIR_AND_CONVERGENCE,Converge onto governed shared component behavior,WP17C_CANONICAL_TABLE,frontend/src/components/BilingualAdoptionCard.jsx,Canonical table anatomy + tokens,MIGRATING,Imported from WP17C ledger · Shared shell/token convergence wave active · Executive first-priority repair wave · frontend/src/components/BilingualAdoptionCard.jsx,PENDING
TABLE-013,public_shared,,,table_surface,ACTIVE,WP17D_CANONICAL_WAVE,WP17 public shell,Canonical glass header,Mixed or contextual navigation,Layered light base + navy grid + restrained glass,native_table,lucide-react (canonical wrapper convergence),ALIGN_LABEL,OPTIONAL_INLINE_HELP,Canonical footer boundary in wave rollout,Canonical responsive shell in wave rollout,Under active convergence repair,None observed in current wave or pending inspection,STANDARDIZE,FIRST_WAVE_REPAIR_AND_CONVERGENCE,Converge onto governed shared component behavior,WP17C_CANONICAL_TABLE,frontend/src/components/CalculatorUsageCard.jsx,Canonical table anatomy + tokens,MIGRATING,Imported from WP17C ledger · Shared shell/token convergence wave active · Executive first-priority repair wave · frontend/src/components/CalculatorUsageCard.jsx,PENDING
TABLE-014,public_shared,,,table_surface,ACTIVE,WP17D_CANONICAL_WAVE,WP17 public shell,Canonical glass header,Mixed or contextual navigation,Layered light base + navy grid + restrained glass,native_table,lucide-react (canonical wrapper convergence),ALIGN_LABEL,OPTIONAL_INLINE_HELP,Canonical footer boundary in wave rollout,Canonical responsive shell in wave rollout,Under active convergence repair,None observed in current wave or pending inspection,STANDARDIZE,FIRST_WAVE_REPAIR_AND_CONVERGENCE,Converge onto governed shared component behavior,WP17C_CANONICAL_TABLE,frontend/src/components/DateAuditPanel.jsx,Canonical table anatomy + tokens,MIGRATING,Imported from WP17C ledger · Shared shell/token convergence wave active · Executive first-priority repair wave · frontend/src/components/DateAuditPanel.jsx,PENDING
TABLE-015,public_shared,,,table_surface,ACTIVE,WP17D_CANONICAL_WAVE,WP17 public shell,Canonical glass header,Mixed or contextual navigation,Layered light base + navy grid + restrained glass,native_table,lucide-react (canonical wrapper convergence),ALIGN_LABEL,OPTIONAL_INLINE_HELP,Canonical footer boundary in wave rollout,Canonical responsive shell in wave rollout,Under active convergence repair,None observed in current wave or pending inspection,STANDARDIZE,FIRST_WAVE_REPAIR_AND_CONVERGENCE,Converge onto governed shared component behavior,WP17C_CANONICAL_TABLE,frontend/src/components/DateAuditPanel.jsx,Canonical table anatomy + tokens,MIGRATING,Imported from WP17C ledger · Shared shell/token convergence wave active · Executive first-priority repair wave · frontend/src/components/DateAuditPanel.jsx,PENDING
TABLE-016,dispatch,,,table_surface,ACTIVE,WP17D_CANONICAL_WAVE,Legacy or portal-specific shell,Canonical glass header,Mixed or contextual navigation,Layered light base + navy grid + restrained glass,native_table,lucide-react (canonical wrapper convergence),ALIGN_LABEL,OPTIONAL_INLINE_HELP,Mixed footer treatment,Canonical responsive shell in wave rollout,Operational; convergence verification pending,None observed in current wave or pending inspection,STANDARDIZE,SHARED_COMPONENT_CONVERGENCE,Converge onto governed shared component behavior,WP17C_CANONICAL_TABLE,frontend/src/components/DispatchIntegrationsTab.jsx,Canonical table anatomy + tokens,IMPLEMENTED,Imported from WP17C ledger · Shared shell/token convergence wave active · frontend/src/components/DispatchIntegrationsTab.jsx,PENDING
TABLE-017,public_shared,,,table_surface,ACTIVE,WP17D_CANONICAL_WAVE,WP17 public shell,Canonical glass header,Mixed or contextual navigation,Layered light base + navy grid + restrained glass,native_table,lucide-react (canonical wrapper convergence),ALIGN_LABEL,OPTIONAL_INLINE_HELP,Canonical footer boundary in wave rollout,Canonical responsive shell in wave rollout,Under active convergence repair,None observed in current wave or pending inspection,STANDARDIZE,FIRST_WAVE_REPAIR_AND_CONVERGENCE,Converge onto governed shared component behavior,WP17C_CANONICAL_TABLE,frontend/src/components/DrV2ApprovedReportsPanel.jsx,Canonical table anatomy + tokens,MIGRATING,Imported from WP17C ledger · Shared shell/token convergence wave active · Executive first-priority repair wave · frontend/src/components/DrV2ApprovedReportsPanel.jsx,PENDING
TABLE-018,public_shared,,,table_surface,ACTIVE,WP17D_CANONICAL_WAVE,WP17 public shell,Canonical glass header,Mixed or contextual navigation,Layered light base + navy grid + restrained glass,native_table,lucide-react (canonical wrapper convergence),ALIGN_LABEL,OPTIONAL_INLINE_HELP,Canonical footer boundary in wave rollout,Canonical responsive shell in wave rollout,Under active convergence repair,None observed in current wave or pending inspection,STANDARDIZE,FIRST_WAVE_REPAIR_AND_CONVERGENCE,Converge onto governed shared component behavior,WP17C_CANONICAL_TABLE,frontend/src/components/DriverQualificationReadOnlyView.jsx,Canonical table anatomy + tokens,MIGRATING,Imported from WP17C ledger · Shared shell/token convergence wave active · Executive first-priority repair wave · frontend/src/components/DriverQualificationReadOnlyView.jsx,PENDING
TABLE-019,public_shared,,,table_surface,ACTIVE,WP17D_CANONICAL_WAVE,WP17 public shell,Canonical glass header,Mixed or contextual navigation,Layered light base + navy grid + restrained glass,native_table,lucide-react (canonical wrapper convergence),ALIGN_LABEL,OPTIONAL_INLINE_HELP,Canonical footer boundary in wave rollout,Canonical responsive shell in wave rollout,Under active convergence repair,None observed in current wave or pending inspection,STANDARDIZE,FIRST_WAVE_REPAIR_AND_CONVERGENCE,Converge onto governed shared component behavior,WP17C_CANONICAL_TABLE,frontend/src/components/EmailRoutingV2Panel.jsx,Canonical table anatomy + tokens,MIGRATING,Imported from WP17C ledger · Shared shell/token convergence wave active · Executive first-priority repair wave · frontend/src/components/EmailRoutingV2Panel.jsx,PENDING
TABLE-020,public_shared,,,table_surface,ACTIVE,WP17D_CANONICAL_WAVE,WP17 public shell,Canonical glass header,Mixed or contextual navigation,Layered light base + navy grid + restrained glass,native_table,lucide-react (canonical wrapper convergence),ALIGN_LABEL,OPTIONAL_INLINE_HELP,Canonical footer boundary in wave rollout,Canonical responsive shell in wave rollout,Under active convergence repair,None observed in current wave or pending inspection,STANDARDIZE,FIRST_WAVE_REPAIR_AND_CONVERGENCE,Converge onto governed shared component behavior,WP17C_CANONICAL_TABLE,frontend/src/components/EquipmentMasterPanel.jsx,Canonical table anatomy + tokens,MIGRATING,Imported from WP17C ledger · Shared shell/token convergence wave active · Executive first-priority repair wave · frontend/src/components/EquipmentMasterPanel.jsx,PENDING
TABLE-021,public_shared,,,table_surface,ACTIVE,WP17D_CANONICAL_WAVE,WP17 public shell,Canonical glass header,Mixed or contextual navigation,Layered light base + navy grid + restrained glass,native_table,lucide-react (canonical wrapper convergence),ALIGN_LABEL,OPTIONAL_INLINE_HELP,Canonical footer boundary in wave rollout,Canonical responsive shell in wave rollout,Under active convergence repair,None observed in current wave or pending inspection,STANDARDIZE,FIRST_WAVE_REPAIR_AND_CONVERGENCE,Converge onto governed shared component behavior,WP17C_CANONICAL_TABLE,frontend/src/components/EquipmentMasterPanel.jsx,Canonical table anatomy + tokens,MIGRATING,Imported from WP17C ledger · Shared shell/token convergence wave active · Executive first-priority repair wave · frontend/src/components/EquipmentMasterPanel.jsx,PENDING
TABLE-022,public_shared,,,table_surface,ACTIVE,WP17D_CANONICAL_WAVE,WP17 public shell,Canonical glass header,Mixed or contextual navigation,Layered light base + navy grid + restrained glass,native_table,lucide-react (canonical wrapper convergence),ALIGN_LABEL,OPTIONAL_INLINE_HELP,Canonical footer boundary in wave rollout,Canonical responsive shell in wave rollout,Under active convergence repair,None observed in current wave or pending inspection,STANDARDIZE,FIRST_WAVE_REPAIR_AND_CONVERGENCE,Converge onto governed shared component behavior,WP17C_CANONICAL_TABLE,frontend/src/components/EquipmentTrendsPanel.jsx,Canonical table anatomy + tokens,MIGRATING,Imported from WP17C ledger · Shared shell/token convergence wave active · Executive first-priority repair wave · frontend/src/components/EquipmentTrendsPanel.jsx,PENDING
TABLE-023,hr,,,table_surface,ACTIVE,WP17D_CANONICAL_WAVE,PortalShell (canonical wp17d wave),Canonical glass header,Canonical sidebar in wave migration,Layered light base + navy grid + restrained glass,native_table,lucide-react (canonical wrapper convergence),ALIGN_LABEL,OPTIONAL_INLINE_HELP,Canonical footer boundary in wave rollout,Canonical responsive shell in wave rollout,Under active convergence repair,None observed in current wave or pending inspection,STANDARDIZE,FIRST_WAVE_REPAIR_AND_CONVERGENCE,Repair partial shell migration and inconsistent detail/form/list behavior,WP17C_CANONICAL_TABLE,frontend/src/components/HrCompletenessTile.jsx,Canonical table anatomy + tokens,MIGRATING,Imported from WP17C ledger · Shared shell/token convergence wave active · Executive first-priority repair wave · frontend/src/components/HrCompletenessTile.jsx,PENDING
TABLE-024,public_shared,,,table_surface,ACTIVE,WP17D_CANONICAL_WAVE,WP17 public shell,Canonical glass header,Mixed or contextual navigation,Layered light base + navy grid + restrained glass,native_table,lucide-react (canonical wrapper convergence),ALIGN_LABEL,OPTIONAL_INLINE_HELP,Canonical footer boundary in wave rollout,Canonical responsive shell in wave rollout,Under active convergence repair,None observed in current wave or pending inspection,STANDARDIZE,FIRST_WAVE_REPAIR_AND_CONVERGENCE,Converge onto governed shared component behavior,WP17C_CANONICAL_TABLE,frontend/src/components/JhaPlansPosterCard.jsx,Canonical table anatomy + tokens,MIGRATING,Imported from WP17C ledger · Shared shell/token convergence wave active · Executive first-priority repair wave · frontend/src/components/JhaPlansPosterCard.jsx,PENDING
TABLE-025,public_shared,,,table_surface,ACTIVE,WP17D_CANONICAL_WAVE,WP17 public shell,Canonical glass header,Mixed or contextual navigation,Layered light base + navy grid + restrained glass,native_table,lucide-react (canonical wrapper convergence),ALIGN_LABEL,OPTIONAL_INLINE_HELP,Canonical footer boundary in wave rollout,Canonical responsive shell in wave rollout,Under active convergence repair,None observed in current wave or pending inspection,STANDARDIZE,FIRST_WAVE_REPAIR_AND_CONVERGENCE,Converge onto governed shared component behavior,WP17C_CANONICAL_TABLE,frontend/src/components/MasterListPanel.jsx,Canonical table anatomy + tokens,MIGRATING,Imported from WP17C ledger · Shared shell/token convergence wave active · Executive first-priority repair wave · frontend/src/components/MasterListPanel.jsx,PENDING
TABLE-026,public_shared,,,table_surface,ACTIVE,WP17D_CANONICAL_WAVE,WP17 public shell,Canonical glass header,Mixed or contextual navigation,Layered light base + navy grid + restrained glass,native_table,lucide-react (canonical wrapper convergence),ALIGN_LABEL,OPTIONAL_INLINE_HELP,Canonical footer boundary in wave rollout,Canonical responsive shell in wave rollout,Under active convergence repair,None observed in current wave or pending inspection,STANDARDIZE,FIRST_WAVE_REPAIR_AND_CONVERGENCE,Converge onto governed shared component behavior,WP17C_CANONICAL_TABLE,frontend/src/components/MasterListPanel.jsx,Canonical table anatomy + tokens,MIGRATING,Imported from WP17C ledger · Shared shell/token convergence wave active · Executive first-priority repair wave · frontend/src/components/MasterListPanel.jsx,PENDING
TABLE-027,public_shared,,,table_surface,ACTIVE,WP17D_CANONICAL_WAVE,WP17 public shell,Canonical glass header,Mixed or contextual navigation,Layered light base + navy grid + restrained glass,native_table,lucide-react (canonical wrapper convergence),ALIGN_LABEL,OPTIONAL_INLINE_HELP,Canonical footer boundary in wave rollout,Canonical responsive shell in wave rollout,Under active convergence repair,None observed in current wave or pending inspection,STANDARDIZE,FIRST_WAVE_REPAIR_AND_CONVERGENCE,Converge onto governed shared component behavior,WP17C_CANONICAL_TABLE,frontend/src/components/MaterialMovementTile.jsx,Canonical table anatomy + tokens,MIGRATING,Imported from WP17C ledger · Shared shell/token convergence wave active · Executive first-priority repair wave · frontend/src/components/MaterialMovementTile.jsx,PENDING
TABLE-028,public_shared,,,table_surface,ACTIVE,WP17D_CANONICAL_WAVE,WP17 public shell,Canonical glass header,Mixed or contextual navigation,Layered light base + navy grid + restrained glass,native_table,lucide-react (canonical wrapper convergence),ALIGN_LABEL,OPTIONAL_INLINE_HELP,Canonical footer boundary in wave rollout,Canonical responsive shell in wave rollout,Under active convergence repair,None observed in current wave or pending inspection,STANDARDIZE,FIRST_WAVE_REPAIR_AND_CONVERGENCE,Converge onto governed shared component behavior,WP17C_CANONICAL_TABLE,frontend/src/components/MaterialMovementTile.jsx,Canonical table anatomy + tokens,MIGRATING,Imported from WP17C ledger · Shared shell/token convergence wave active · Executive first-priority repair wave · frontend/src/components/MaterialMovementTile.jsx,PENDING
TABLE-029,public_shared,,,table_surface,ACTIVE,WP17D_CANONICAL_WAVE,WP17 public shell,Canonical glass header,Mixed or contextual navigation,Layered light base + navy grid + restrained glass,native_table,lucide-react (canonical wrapper convergence),ALIGN_LABEL,OPTIONAL_INLINE_HELP,Canonical footer boundary in wave rollout,Canonical responsive shell in wave rollout,Under active convergence repair,None observed in current wave or pending inspection,STANDARDIZE,FIRST_WAVE_REPAIR_AND_CONVERGENCE,Converge onto governed shared component behavior,WP17C_CANONICAL_TABLE,frontend/src/components/OpenItemsPanel.jsx,Canonical table anatomy + tokens,MIGRATING,Imported from WP17C ledger · Shared shell/token convergence wave active · Executive first-priority repair wave · frontend/src/components/OpenItemsPanel.jsx,PENDING
TABLE-030,public_shared,,,table_surface,ACTIVE,WP17D_CANONICAL_WAVE,WP17 public shell,Canonical glass header,Mixed or contextual navigation,Layered light base + navy grid + restrained glass,native_table,lucide-react (canonical wrapper convergence),ALIGN_LABEL,OPTIONAL_INLINE_HELP,Canonical footer boundary in wave rollout,Canonical responsive shell in wave rollout,Under active convergence repair,None observed in current wave or pending inspection,STANDARDIZE,FIRST_WAVE_REPAIR_AND_CONVERGENCE,Converge onto governed shared component behavior,WP17C_CANONICAL_TABLE,frontend/src/components/OperationsTrustCenter.jsx,Canonical table anatomy + tokens,MIGRATING,Imported from WP17C ledger · Shared shell/token convergence wave active · Executive first-priority repair wave · frontend/src/components/OperationsTrustCenter.jsx,PENDING
TABLE-031,public_shared,,,table_surface,ACTIVE,WP17D_CANONICAL_WAVE,WP17 public shell,Canonical glass header,Mixed or contextual navigation,Layered light base + navy grid + restrained glass,native_table,lucide-react (canonical wrapper convergence),ALIGN_LABEL,OPTIONAL_INLINE_HELP,Canonical footer boundary in wave rollout,Canonical responsive shell in wave rollout,Under active convergence repair,None observed in current wave or pending inspection,STANDARDIZE,FIRST_WAVE_REPAIR_AND_CONVERGENCE,Converge onto governed shared component behavior,WP17C_CANONICAL_TABLE,frontend/src/components/OperationsTrustCenter.jsx,Canonical table anatomy + tokens,MIGRATING,Imported from WP17C ledger · Shared shell/token convergence wave active · Executive first-priority repair wave · frontend/src/components/OperationsTrustCenter.jsx,PENDING
TABLE-032,public_shared,,,table_surface,ACTIVE,WP17D_CANONICAL_WAVE,WP17 public shell,Canonical glass header,Mixed or contextual navigation,Layered light base + navy grid + restrained glass,native_table,lucide-react (canonical wrapper convergence),ALIGN_LABEL,OPTIONAL_INLINE_HELP,Canonical footer boundary in wave rollout,Canonical responsive shell in wave rollout,Under active convergence repair,None observed in current wave or pending inspection,STANDARDIZE,FIRST_WAVE_REPAIR_AND_CONVERGENCE,Converge onto governed shared component behavior,WP17C_CANONICAL_TABLE,frontend/src/components/PartsCatalog.jsx,Canonical table anatomy + tokens,MIGRATING,Imported from WP17C ledger · Shared shell/token convergence wave active · Executive first-priority repair wave · frontend/src/components/PartsCatalog.jsx,PENDING
TABLE-033,public_shared,,,table_surface,ACTIVE,WP17D_CANONICAL_WAVE,WP17 public shell,Canonical glass header,Mixed or contextual navigation,Layered light base + navy grid + restrained glass,native_table,lucide-react (canonical wrapper convergence),ALIGN_LABEL,OPTIONAL_INLINE_HELP,Canonical footer boundary in wave rollout,Canonical responsive shell in wave rollout,Under active convergence repair,None observed in current wave or pending inspection,STANDARDIZE,FIRST_WAVE_REPAIR_AND_CONVERGENCE,Converge onto governed shared component behavior,WP17C_CANONICAL_TABLE,frontend/src/components/PlatformTrustDashboard.jsx,Canonical table anatomy + tokens,MIGRATING,Imported from WP17C ledger · Shared shell/token convergence wave active · Executive first-priority repair wave · frontend/src/components/PlatformTrustDashboard.jsx,PENDING
TABLE-034,public_shared,,,table_surface,ACTIVE,WP17D_CANONICAL_WAVE,WP17 public shell,Canonical glass header,Mixed or contextual navigation,Layered light base + navy grid + restrained glass,native_table,lucide-react (canonical wrapper convergence),ALIGN_LABEL,OPTIONAL_INLINE_HELP,Canonical footer boundary in wave rollout,Canonical responsive shell in wave rollout,Under active convergence repair,None observed in current wave or pending inspection,STANDARDIZE,FIRST_WAVE_REPAIR_AND_CONVERGENCE,Converge onto governed shared component behavior,WP17C_CANONICAL_TABLE,frontend/src/components/PlatformTrustDashboard.jsx,Canonical table anatomy + tokens,MIGRATING,Imported from WP17C ledger · Shared shell/token convergence wave active · Executive first-priority repair wave · frontend/src/components/PlatformTrustDashboard.jsx,PENDING
TABLE-035,public_shared,,,table_surface,ACTIVE,WP17D_CANONICAL_WAVE,WP17 public shell,Canonical glass header,Mixed or contextual navigation,Layered light base + navy grid + restrained glass,native_table,lucide-react (canonical wrapper convergence),ALIGN_LABEL,OPTIONAL_INLINE_HELP,Canonical footer boundary in wave rollout,Canonical responsive shell in wave rollout,Under active convergence repair,None observed in current wave or pending inspection,STANDARDIZE,FIRST_WAVE_REPAIR_AND_CONVERGENCE,Converge onto governed shared component behavior,WP17C_CANONICAL_TABLE,frontend/src/components/PlatformTrustValidator.jsx,Canonical table anatomy + tokens,MIGRATING,Imported from WP17C ledger · Shared shell/token convergence wave active · Executive first-priority repair wave · frontend/src/components/PlatformTrustValidator.jsx,PENDING
TABLE-036,public_shared,,,table_surface,ACTIVE,WP17D_CANONICAL_WAVE,WP17 public shell,Canonical glass header,Mixed or contextual navigation,Layered light base + navy grid + restrained glass,native_table,lucide-react (canonical wrapper convergence),ALIGN_LABEL,OPTIONAL_INLINE_HELP,Canonical footer boundary in wave rollout,Canonical responsive shell in wave rollout,Under active convergence repair,None observed in current wave or pending inspection,STANDARDIZE,FIRST_WAVE_REPAIR_AND_CONVERGENCE,Converge onto governed shared component behavior,WP17C_CANONICAL_TABLE,frontend/src/components/RoutingStatusPanel.jsx,Canonical table anatomy + tokens,MIGRATING,Imported from WP17C ledger · Shared shell/token convergence wave active · Executive first-priority repair wave · frontend/src/components/RoutingStatusPanel.jsx,PENDING
TABLE-037,public_shared,,,table_surface,ACTIVE,WP17D_CANONICAL_WAVE,WP17 public shell,Canonical glass header,Mixed or contextual navigation,Layered light base + navy grid + restrained glass,native_table,lucide-react (canonical wrapper convergence),ALIGN_LABEL,OPTIONAL_INLINE_HELP,Canonical footer boundary in wave rollout,Canonical responsive shell in wave rollout,Under active convergence repair,None observed in current wave or pending inspection,STANDARDIZE,FIRST_WAVE_REPAIR_AND_CONVERGENCE,Converge onto governed shared component behavior,WP17C_CANONICAL_TABLE,frontend/src/components/RoutingStatusPanel.jsx,Canonical table anatomy + tokens,MIGRATING,Imported from WP17C ledger · Shared shell/token convergence wave active · Executive first-priority repair wave · frontend/src/components/RoutingStatusPanel.jsx,PENDING
TABLE-038,public_shared,,,table_surface,ACTIVE,WP17D_CANONICAL_WAVE,WP17 public shell,Canonical glass header,Mixed or contextual navigation,Layered light base + navy grid + restrained glass,native_table,lucide-react (canonical wrapper convergence),ALIGN_LABEL,OPTIONAL_INLINE_HELP,Canonical footer boundary in wave rollout,Canonical responsive shell in wave rollout,Under active convergence repair,None observed in current wave or pending inspection,STANDARDIZE,FIRST_WAVE_REPAIR_AND_CONVERGENCE,Converge onto governed shared component behavior,WP17C_CANONICAL_TABLE,frontend/src/components/RoutingStatusPanel.jsx,Canonical table anatomy + tokens,MIGRATING,Imported from WP17C ledger · Shared shell/token convergence wave active · Executive first-priority repair wave · frontend/src/components/RoutingStatusPanel.jsx,PENDING
TABLE-039,safety,,,table_surface,ACTIVE,WP17D_CANONICAL_WAVE,PortalShell (canonical wp17d wave),Canonical glass header,Canonical sidebar in wave migration,Layered light base + navy grid + restrained glass,native_table,lucide-react (canonical wrapper convergence),ALIGN_LABEL,OPTIONAL_INLINE_HELP,Canonical footer boundary in wave rollout,Canonical responsive shell in wave rollout,Operational; convergence verification pending,None observed in current wave or pending inspection,STANDARDIZE,SHARED_COMPONENT_CONVERGENCE,Converge onto governed shared component behavior,WP17C_CANONICAL_TABLE,frontend/src/components/SafetyOperationalKpisCard.jsx,Canonical table anatomy + tokens,IMPLEMENTED,Imported from WP17C ledger · Shared shell/token convergence wave active · frontend/src/components/SafetyOperationalKpisCard.jsx,PENDING
TABLE-040,safety,,,table_surface,ACTIVE,WP17D_CANONICAL_WAVE,PortalShell (canonical wp17d wave),Canonical glass header,Canonical sidebar in wave migration,Layered light base + navy grid + restrained glass,native_table,lucide-react (canonical wrapper convergence),ALIGN_LABEL,OPTIONAL_INLINE_HELP,Canonical footer boundary in wave rollout,Canonical responsive shell in wave rollout,Operational; convergence verification pending,None observed in current wave or pending inspection,STANDARDIZE,SHARED_COMPONENT_CONVERGENCE,Converge onto governed shared component behavior,WP17C_CANONICAL_TABLE,frontend/src/components/SafetyTrenchIntelligenceCard.jsx,Canonical table anatomy + tokens,IMPLEMENTED,Imported from WP17C ledger · Shared shell/token convergence wave active · frontend/src/components/SafetyTrenchIntelligenceCard.jsx,PENDING
TABLE-041,safety,,,table_surface,ACTIVE,WP17D_CANONICAL_WAVE,PortalShell (canonical wp17d wave),Canonical glass header,Canonical sidebar in wave migration,Layered light base + navy grid + restrained glass,native_table,lucide-react (canonical wrapper convergence),ALIGN_LABEL,OPTIONAL_INLINE_HELP,Canonical footer boundary in wave rollout,Canonical responsive shell in wave rollout,Operational; convergence verification pending,None observed in current wave or pending inspection,STANDARDIZE,SHARED_COMPONENT_CONVERGENCE,Converge onto governed shared component behavior,WP17C_CANONICAL_TABLE,frontend/src/components/SafetyTrenchIntelligenceCard.jsx,Canonical table anatomy + tokens,IMPLEMENTED,Imported from WP17C ledger · Shared shell/token convergence wave active · frontend/src/components/SafetyTrenchIntelligenceCard.jsx,PENDING
TABLE-042,public_shared,,,table_surface,ACTIVE,WP17D_CANONICAL_WAVE,WP17 public shell,Canonical glass header,Mixed or contextual navigation,Layered light base + navy grid + restrained glass,native_table,lucide-react (canonical wrapper convergence),ALIGN_LABEL,OPTIONAL_INLINE_HELP,Canonical footer boundary in wave rollout,Canonical responsive shell in wave rollout,Under active convergence repair,None observed in current wave or pending inspection,STANDARDIZE,FIRST_WAVE_REPAIR_AND_CONVERGENCE,Converge onto governed shared component behavior,WP17C_CANONICAL_TABLE,frontend/src/components/admin/LocationIntelligencePanel.jsx,Canonical table anatomy + tokens,MIGRATING,Imported from WP17C ledger · Shared shell/token convergence wave active · Executive first-priority repair wave · frontend/src/components/admin/LocationIntelligencePanel.jsx,PENDING
TABLE-043,public_shared,,,table_surface,ACTIVE,WP17D_CANONICAL_WAVE,WP17 public shell,Canonical glass header,Mixed or contextual navigation,Layered light base + navy grid + restrained glass,native_table,lucide-react (canonical wrapper convergence),ALIGN_LABEL,OPTIONAL_INLINE_HELP,Canonical footer boundary in wave rollout,Canonical responsive shell in wave rollout,Under active convergence repair,None observed in current wave or pending inspection,STANDARDIZE,FIRST_WAVE_REPAIR_AND_CONVERGENCE,Converge onto governed shared component behavior,WP17C_CANONICAL_TABLE,frontend/src/components/admin/MaintainxDefectCoverageSection.jsx,Canonical table anatomy + tokens,MIGRATING,Imported from WP17C ledger · Shared shell/token convergence wave active · Executive first-priority repair wave · frontend/src/components/admin/MaintainxDefectCoverageSection.jsx,PENDING
TABLE-044,public_shared,,,table_surface,ACTIVE,WP17D_CANONICAL_WAVE,WP17 public shell,Canonical glass header,Mixed or contextual navigation,Layered light base + navy grid + restrained glass,native_table,lucide-react (canonical wrapper convergence),ALIGN_LABEL,OPTIONAL_INLINE_HELP,Canonical footer boundary in wave rollout,Canonical responsive shell in wave rollout,Under active convergence repair,None observed in current wave or pending inspection,STANDARDIZE,FIRST_WAVE_REPAIR_AND_CONVERGENCE,Converge onto governed shared component behavior,WP17C_CANONICAL_TABLE,frontend/src/components/admin/MappingCleanupTab.jsx,Canonical table anatomy + tokens,MIGRATING,Imported from WP17C ledger · Shared shell/token convergence wave active · Executive first-priority repair wave · frontend/src/components/admin/MappingCleanupTab.jsx,PENDING
TABLE-045,public_shared,,,table_surface,ACTIVE,WP17D_CANONICAL_WAVE,WP17 public shell,Canonical glass header,Mixed or contextual navigation,Layered light base + navy grid + restrained glass,native_table,lucide-react (canonical wrapper convergence),ALIGN_LABEL,OPTIONAL_INLINE_HELP,Canonical footer boundary in wave rollout,Canonical responsive shell in wave rollout,Under active convergence repair,None observed in current wave or pending inspection,STANDARDIZE,FIRST_WAVE_REPAIR_AND_CONVERGENCE,Converge onto governed shared component behavior,WP17C_CANONICAL_TABLE,frontend/src/components/admin/MappingCleanupTab.jsx,Canonical table anatomy + tokens,MIGRATING,Imported from WP17C ledger · Shared shell/token convergence wave active · Executive first-priority repair wave · frontend/src/components/admin/MappingCleanupTab.jsx,PENDING
TABLE-046,public_shared,,,table_surface,ACTIVE,WP17D_CANONICAL_WAVE,WP17 public shell,Canonical glass header,Mixed or contextual navigation,Layered light base + navy grid + restrained glass,native_table,lucide-react (canonical wrapper convergence),ALIGN_LABEL,OPTIONAL_INLINE_HELP,Canonical footer boundary in wave rollout,Canonical responsive shell in wave rollout,Under active convergence repair,None observed in current wave or pending inspection,STANDARDIZE,FIRST_WAVE_REPAIR_AND_CONVERGENCE,Converge onto governed shared component behavior,WP17C_CANONICAL_TABLE,frontend/src/components/admin/R2LifecyclePanel.jsx,Canonical table anatomy + tokens,MIGRATING,Imported from WP17C ledger · Shared shell/token convergence wave active · Executive first-priority repair wave · frontend/src/components/admin/R2LifecyclePanel.jsx,PENDING
TABLE-047,public_shared,,,table_surface,ACTIVE,WP17D_CANONICAL_WAVE,WP17 public shell,Canonical glass header,Mixed or contextual navigation,Layered light base + navy grid + restrained glass,native_table,lucide-react (canonical wrapper convergence),ALIGN_LABEL,OPTIONAL_INLINE_HELP,Canonical footer boundary in wave rollout,Canonical responsive shell in wave rollout,Under active convergence repair,None observed in current wave or pending inspection,STANDARDIZE,FIRST_WAVE_REPAIR_AND_CONVERGENCE,Converge onto governed shared component behavior,WP17C_CANONICAL_TABLE,frontend/src/components/admin/R2LifecyclePanel.jsx,Canonical table anatomy + tokens,MIGRATING,Imported from WP17C ledger · Shared shell/token convergence wave active · Executive first-priority repair wave · frontend/src/components/admin/R2LifecyclePanel.jsx,PENDING
TABLE-048,public_shared,,,table_surface,ACTIVE,WP17D_CANONICAL_WAVE,WP17 public shell,Canonical glass header,Mixed or contextual navigation,Layered light base + navy grid + restrained glass,native_table,lucide-react (canonical wrapper convergence),ALIGN_LABEL,OPTIONAL_INLINE_HELP,Canonical footer boundary in wave rollout,Canonical responsive shell in wave rollout,Under active convergence repair,None observed in current wave or pending inspection,STANDARDIZE,FIRST_WAVE_REPAIR_AND_CONVERGENCE,Converge onto governed shared component behavior,WP17C_CANONICAL_TABLE,frontend/src/components/admin/operational-health/OperationalHealthDashboardShell.jsx,Canonical table anatomy + tokens,MIGRATING,Imported from WP17C ledger · Shared shell/token convergence wave active · Executive first-priority repair wave · frontend/src/components/admin/operational-health/OperationalHealthDashboardShell.jsx,PENDING
TABLE-049,public_shared,,,table_surface,ACTIVE,WP17D_CANONICAL_WAVE,WP17 public shell,Canonical glass header,Mixed or contextual navigation,Layered light base + navy grid + restrained glass,native_table,lucide-react (canonical wrapper convergence),ALIGN_LABEL,OPTIONAL_INLINE_HELP,Canonical footer boundary in wave rollout,Canonical responsive shell in wave rollout,Under active convergence repair,None observed in current wave or pending inspection,STANDARDIZE,FIRST_WAVE_REPAIR_AND_CONVERGENCE,Converge onto governed shared component behavior,WP17C_CANONICAL_TABLE,frontend/src/components/admin/operational-health/OperationalHealthDashboardShell.jsx,Canonical table anatomy + tokens,MIGRATING,Imported from WP17C ledger · Shared shell/token convergence wave active · Executive first-priority repair wave · frontend/src/components/admin/operational-health/OperationalHealthDashboardShell.jsx,PENDING
TABLE-050,public_shared,,,table_surface,ACTIVE,WP17D_CANONICAL_WAVE,WP17 public shell,Canonical glass header,Mixed or contextual navigation,Layered light base + navy grid + restrained glass,native_table,lucide-react (canonical wrapper convergence),ALIGN_LABEL,OPTIONAL_INLINE_HELP,Canonical footer boundary in wave rollout,Canonical responsive shell in wave rollout,Under active convergence repair,None observed in current wave or pending inspection,STANDARDIZE,FIRST_WAVE_REPAIR_AND_CONVERGENCE,Converge onto governed shared component behavior,WP17C_CANONICAL_TABLE,frontend/src/components/admin/trust/DomainLandingShell.jsx,Canonical table anatomy + tokens,MIGRATING,Imported from WP17C ledger · Shared shell/token convergence wave active · Executive first-priority repair wave · frontend/src/components/admin/trust/DomainLandingShell.jsx,PENDING
TABLE-051,public_shared,,,table_surface,ACTIVE,WP17D_CANONICAL_WAVE,WP17 public shell,Canonical glass header,Mixed or contextual navigation,Layered light base + navy grid + restrained glass,native_table,lucide-react (canonical wrapper convergence),ALIGN_LABEL,OPTIONAL_INLINE_HELP,Canonical footer boundary in wave rollout,Canonical responsive shell in wave rollout,Under active convergence repair,None observed in current wave or pending inspection,STANDARDIZE,FIRST_WAVE_REPAIR_AND_CONVERGENCE,Converge onto governed shared component behavior,WP17C_CANONICAL_TABLE,frontend/src/components/dispatch/command/CommunicationsTab.jsx,Canonical table anatomy + tokens,MIGRATING,Imported from WP17C ledger · Shared shell/token convergence wave active · Executive first-priority repair wave · frontend/src/components/dispatch/command/CommunicationsTab.jsx,PENDING
TABLE-052,public_shared,,,table_surface,ACTIVE,WP17D_CANONICAL_WAVE,WP17 public shell,Canonical glass header,Mixed or contextual navigation,Layered light base + navy grid + restrained glass,native_table,lucide-react (canonical wrapper convergence),ALIGN_LABEL,OPTIONAL_INLINE_HELP,Canonical footer boundary in wave rollout,Canonical responsive shell in wave rollout,Under active convergence repair,None observed in current wave or pending inspection,STANDARDIZE,FIRST_WAVE_REPAIR_AND_CONVERGENCE,Converge onto governed shared component behavior,WP17C_CANONICAL_TABLE,frontend/src/components/dispatch/command/DriverBoard.jsx,Canonical table anatomy + tokens,MIGRATING,Imported from WP17C ledger · Shared shell/token convergence wave active · Executive first-priority repair wave · frontend/src/components/dispatch/command/DriverBoard.jsx,PENDING
TABLE-053,public_shared,,,table_surface,ACTIVE,WP17D_CANONICAL_WAVE,WP17 public shell,Canonical glass header,Mixed or contextual navigation,Layered light base + navy grid + restrained glass,native_table,lucide-react (canonical wrapper convergence),ALIGN_LABEL,OPTIONAL_INLINE_HELP,Canonical footer boundary in wave rollout,Canonical responsive shell in wave rollout,Under active convergence repair,None observed in current wave or pending inspection,STANDARDIZE,FIRST_WAVE_REPAIR_AND_CONVERGENCE,Converge onto governed shared component behavior,WP17C_CANONICAL_TABLE,frontend/src/components/dispatch/command/FleetBoard.jsx,Canonical table anatomy + tokens,MIGRATING,Imported from WP17C ledger · Shared shell/token convergence wave active · Executive first-priority repair wave · frontend/src/components/dispatch/command/FleetBoard.jsx,PENDING
TABLE-054,public_shared,,,table_surface,ACTIVE,WP17D_CANONICAL_WAVE,WP17 public shell,Canonical glass header,Mixed or contextual navigation,Layered light base + navy grid + restrained glass,native_table,lucide-react (canonical wrapper convergence),ALIGN_LABEL,OPTIONAL_INLINE_HELP,Canonical footer boundary in wave rollout,Canonical responsive shell in wave rollout,Under active convergence repair,None observed in current wave or pending inspection,STANDARDIZE,FIRST_WAVE_REPAIR_AND_CONVERGENCE,Converge onto governed shared component behavior,WP17C_CANONICAL_TABLE,frontend/src/components/dispatch/command/HaulBoard.jsx,Canonical table anatomy + tokens,MIGRATING,Imported from WP17C ledger · Shared shell/token convergence wave active · Executive first-priority repair wave · frontend/src/components/dispatch/command/HaulBoard.jsx,PENDING
TABLE-055,public_shared,,,table_surface,ACTIVE,WP17D_CANONICAL_WAVE,WP17 public shell,Canonical glass header,Mixed or contextual navigation,Layered light base + navy grid + restrained glass,native_table,lucide-react (canonical wrapper convergence),ALIGN_LABEL,OPTIONAL_INLINE_HELP,Canonical footer boundary in wave rollout,Canonical responsive shell in wave rollout,Under active convergence repair,None observed in current wave or pending inspection,STANDARDIZE,FIRST_WAVE_REPAIR_AND_CONVERGENCE,Converge onto governed shared component behavior,WP17C_CANONICAL_TABLE,frontend/src/components/dispatch/command/JobBoard.jsx,Canonical table anatomy + tokens,MIGRATING,Imported from WP17C ledger · Shared shell/token convergence wave active · Executive first-priority repair wave · frontend/src/components/dispatch/command/JobBoard.jsx,PENDING
TABLE-056,shop,,,table_surface,ACTIVE,WP17D_CANONICAL_WAVE,Legacy or portal-specific shell,Canonical glass header,Mixed or contextual navigation,Layered light base + navy grid + restrained glass,native_table,lucide-react (canonical wrapper convergence),ALIGN_LABEL,OPTIONAL_INLINE_HELP,Mixed footer treatment,Canonical responsive shell in wave rollout,Operational; convergence verification pending,None observed in current wave or pending inspection,STANDARDIZE,SHARED_COMPONENT_CONVERGENCE,Converge onto governed shared component behavior,WP17C_CANONICAL_TABLE,frontend/src/components/dispatch/command/ShopFeedBoard.jsx,Canonical table anatomy + tokens,IMPLEMENTED,Imported from WP17C ledger · Shared shell/token convergence wave active · frontend/src/components/dispatch/command/ShopFeedBoard.jsx,PENDING
TABLE-057,public_shared,,,table_surface,ACTIVE,WP17D_CANONICAL_WAVE,WP17 public shell,Canonical glass header,Mixed or contextual navigation,Layered light base + navy grid + restrained glass,native_table,lucide-react (canonical wrapper convergence),ALIGN_LABEL,OPTIONAL_INLINE_HELP,Canonical footer boundary in wave rollout,Canonical responsive shell in wave rollout,Under active convergence repair,None observed in current wave or pending inspection,STANDARDIZE,FIRST_WAVE_REPAIR_AND_CONVERGENCE,Converge onto governed shared component behavior,WP17C_CANONICAL_TABLE,frontend/src/components/pm/PmJobsRead.jsx,Canonical table anatomy + tokens,MIGRATING,Imported from WP17C ledger · Shared shell/token convergence wave active · Executive first-priority repair wave · frontend/src/components/pm/PmJobsRead.jsx,PENDING
TABLE-058,public_shared,,,table_surface,ACTIVE,WP17D_CANONICAL_WAVE,WP17 public shell,Canonical glass header,Mixed or contextual navigation,Layered light base + navy grid + restrained glass,native_table,lucide-react (canonical wrapper convergence),ALIGN_LABEL,OPTIONAL_INLINE_HELP,Canonical footer boundary in wave rollout,Canonical responsive shell in wave rollout,Under active convergence repair,None observed in current wave or pending inspection,STANDARDIZE,FIRST_WAVE_REPAIR_AND_CONVERGENCE,Converge onto governed shared component behavior,WP17C_CANONICAL_TABLE,frontend/src/components/pm/command/PmHaulsBoard.jsx,Canonical table anatomy + tokens,MIGRATING,Imported from WP17C ledger · Shared shell/token convergence wave active · Executive first-priority repair wave · frontend/src/components/pm/command/PmHaulsBoard.jsx,PENDING
TABLE-059,public_shared,,,table_surface,ACTIVE,WP17D_CANONICAL_WAVE,WP17 public shell,Canonical glass header,Mixed or contextual navigation,Layered light base + navy grid + restrained glass,native_table,lucide-react (canonical wrapper convergence),ALIGN_LABEL,OPTIONAL_INLINE_HELP,Canonical footer boundary in wave rollout,Canonical responsive shell in wave rollout,Under active convergence repair,None observed in current wave or pending inspection,STANDARDIZE,FIRST_WAVE_REPAIR_AND_CONVERGENCE,Converge onto governed shared component behavior,WP17C_CANONICAL_TABLE,frontend/src/components/pm/command/PmMaterialsBoard.jsx,Canonical table anatomy + tokens,MIGRATING,Imported from WP17C ledger · Shared shell/token convergence wave active · Executive first-priority repair wave · frontend/src/components/pm/command/PmMaterialsBoard.jsx,PENDING
TABLE-060,public_shared,,,table_surface,ACTIVE,WP17D_CANONICAL_WAVE,WP17 public shell,Canonical glass header,Mixed or contextual navigation,Layered light base + navy grid + restrained glass,native_table,lucide-react (canonical wrapper convergence),ALIGN_LABEL,OPTIONAL_INLINE_HELP,Canonical footer boundary in wave rollout,Canonical responsive shell in wave rollout,Under active convergence repair,None observed in current wave or pending inspection,STANDARDIZE,FIRST_WAVE_REPAIR_AND_CONVERGENCE,Converge onto governed shared component behavior,WP17C_CANONICAL_TABLE,frontend/src/components/pm/command/PmResourcesBoard.jsx,Canonical table anatomy + tokens,MIGRATING,Imported from WP17C ledger · Shared shell/token convergence wave active · Executive first-priority repair wave · frontend/src/components/pm/command/PmResourcesBoard.jsx,PENDING
TABLE-061,safety,,,table_surface,ACTIVE,WP17D_CANONICAL_WAVE,PortalShell (canonical wp17d wave),Canonical glass header,Canonical sidebar in wave migration,Layered light base + navy grid + restrained glass,native_table,lucide-react (canonical wrapper convergence),ALIGN_LABEL,OPTIONAL_INLINE_HELP,Canonical footer boundary in wave rollout,Canonical responsive shell in wave rollout,Operational; convergence verification pending,None observed in current wave or pending inspection,STANDARDIZE,SHARED_COMPONENT_CONVERGENCE,Converge onto governed shared component behavior,WP17C_CANONICAL_TABLE,frontend/src/components/pm/command/PmSafetyImpactBoard.jsx,Canonical table anatomy + tokens,IMPLEMENTED,Imported from WP17C ledger · Shared shell/token convergence wave active · frontend/src/components/pm/command/PmSafetyImpactBoard.jsx,PENDING
TABLE-062,safety,,,table_surface,ACTIVE,WP17D_CANONICAL_WAVE,PortalShell (canonical wp17d wave),Canonical glass header,Canonical sidebar in wave migration,Layered light base + navy grid + restrained glass,native_table,lucide-react (canonical wrapper convergence),ALIGN_LABEL,OPTIONAL_INLINE_HELP,Canonical footer boundary in wave rollout,Canonical responsive shell in wave rollout,Operational; convergence verification pending,None observed in current wave or pending inspection,STANDARDIZE,SHARED_COMPONENT_CONVERGENCE,Converge onto governed shared component behavior,WP17C_CANONICAL_TABLE,frontend/src/components/pm/command/PmSafetyImpactBoard.jsx,Canonical table anatomy + tokens,IMPLEMENTED,Imported from WP17C ledger · Shared shell/token convergence wave active · frontend/src/components/pm/command/PmSafetyImpactBoard.jsx,PENDING
TABLE-063,shop,,,table_surface,ACTIVE,WP17D_CANONICAL_WAVE,Legacy or portal-specific shell,Canonical glass header,Mixed or contextual navigation,Layered light base + navy grid + restrained glass,native_table,lucide-react (canonical wrapper convergence),ALIGN_LABEL,OPTIONAL_INLINE_HELP,Mixed footer treatment,Canonical responsive shell in wave rollout,Operational; convergence verification pending,None observed in current wave or pending inspection,STANDARDIZE,SHARED_COMPONENT_CONVERGENCE,Converge onto governed shared component behavior,WP17C_CANONICAL_TABLE,frontend/src/components/pm/command/PmShopImpactBoard.jsx,Canonical table anatomy + tokens,IMPLEMENTED,Imported from WP17C ledger · Shared shell/token convergence wave active · frontend/src/components/pm/command/PmShopImpactBoard.jsx,PENDING
TABLE-064,safety,,,table_surface,ACTIVE,WP17D_CANONICAL_WAVE,PortalShell (canonical wp17d wave),Canonical glass header,Canonical sidebar in wave migration,Layered light base + navy grid + restrained glass,native_table,lucide-react (canonical wrapper convergence),ALIGN_LABEL,OPTIONAL_INLINE_HELP,Canonical footer boundary in wave rollout,Canonical responsive shell in wave rollout,Operational; convergence verification pending,None observed in current wave or pending inspection,STANDARDIZE,SHARED_COMPONENT_CONVERGENCE,Converge onto governed shared component behavior,WP17C_CANONICAL_TABLE,frontend/src/components/trench/TrenchSafetyOnProjectPanel.jsx,Canonical table anatomy + tokens,IMPLEMENTED,Imported from WP17C ledger · Shared shell/token convergence wave active · frontend/src/components/trench/TrenchSafetyOnProjectPanel.jsx,PENDING
TABLE-065,public_shared,,,table_surface,ACTIVE,WP17D_CANONICAL_WAVE,WP17 public shell,Canonical glass header,Mixed or contextual navigation,Layered light base + navy grid + restrained glass,native_table,lucide-react (canonical wrapper convergence),ALIGN_LABEL,OPTIONAL_INLINE_HELP,Canonical footer boundary in wave rollout,Canonical responsive shell in wave rollout,Under active convergence repair,None observed in current wave or pending inspection,STANDARDIZE,FIRST_WAVE_REPAIR_AND_CONVERGENCE,Converge onto governed shared component behavior,WP17C_CANONICAL_TABLE,frontend/src/components/ui/table.jsx,Canonical table anatomy + tokens,MIGRATING,Imported from WP17C ledger · Shared shell/token convergence wave active · Executive first-priority repair wave · frontend/src/components/ui/table.jsx,PENDING
TABLE-066,public_shared,,,table_surface,ACTIVE,WP17D_CANONICAL_WAVE,WP17 public shell,Canonical glass header,Mixed or contextual navigation,Layered light base + navy grid + restrained glass,native_table,lucide-react (canonical wrapper convergence),ALIGN_LABEL,OPTIONAL_INLINE_HELP,Canonical footer boundary in wave rollout,Canonical responsive shell in wave rollout,Under active convergence repair,None observed in current wave or pending inspection,STANDARDIZE,FIRST_WAVE_REPAIR_AND_CONVERGENCE,Converge onto governed shared component behavior,WP17C_CANONICAL_TABLE,frontend/src/design-system/DataTable.jsx,Canonical table anatomy + tokens,MIGRATING,Imported from WP17C ledger · Shared shell/token convergence wave active · Executive first-priority repair wave · frontend/src/design-system/DataTable.jsx,PENDING
TABLE-067,admin,,,table_surface,ACTIVE,WP17D_CANONICAL_WAVE,PortalShell (canonical wp17d wave),Canonical glass header,Canonical sidebar in wave migration,Layered light base + navy grid + restrained glass,native_table,lucide-react (canonical wrapper convergence),ALIGN_LABEL,OPTIONAL_INLINE_HELP,Canonical footer boundary in wave rollout,Canonical responsive shell in wave rollout,Operational; convergence verification pending,None observed in current wave or pending inspection,STANDARDIZE,SHARED_COMPONENT_CONVERGENCE,Converge onto governed shared component behavior,WP17C_CANONICAL_TABLE,frontend/src/pages/AdminGuide.jsx,Canonical table anatomy + tokens,IMPLEMENTED,Imported from WP17C ledger · Shared shell/token convergence wave active · frontend/src/pages/AdminGuide.jsx,PENDING
TABLE-068,admin,,,table_surface,ACTIVE,WP17D_CANONICAL_WAVE,PortalShell (canonical wp17d wave),Canonical glass header,Canonical sidebar in wave migration,Layered light base + navy grid + restrained glass,native_table,lucide-react (canonical wrapper convergence),ALIGN_LABEL,OPTIONAL_INLINE_HELP,Canonical footer boundary in wave rollout,Canonical responsive shell in wave rollout,Operational; convergence verification pending,None observed in current wave or pending inspection,STANDARDIZE,SHARED_COMPONENT_CONVERGENCE,Converge onto governed shared component behavior,WP17C_CANONICAL_TABLE,frontend/src/pages/AdminGuide.jsx,Canonical table anatomy + tokens,IMPLEMENTED,Imported from WP17C ledger · Shared shell/token convergence wave active · frontend/src/pages/AdminGuide.jsx,PENDING
TABLE-069,admin,,,table_surface,ACTIVE,WP17D_CANONICAL_WAVE,PortalShell (canonical wp17d wave),Canonical glass header,Canonical sidebar in wave migration,Layered light base + navy grid + restrained glass,native_table,lucide-react (canonical wrapper convergence),ALIGN_LABEL,OPTIONAL_INLINE_HELP,Canonical footer boundary in wave rollout,Canonical responsive shell in wave rollout,Operational; convergence verification pending,None observed in current wave or pending inspection,STANDARDIZE,SHARED_COMPONENT_CONVERGENCE,Converge onto governed shared component behavior,WP17C_CANONICAL_TABLE,frontend/src/pages/AdminLeadershipEquipment.jsx,Canonical table anatomy + tokens,IMPLEMENTED,Imported from WP17C ledger · Shared shell/token convergence wave active · frontend/src/pages/AdminLeadershipEquipment.jsx,PENDING
TABLE-070,admin,,,table_surface,ACTIVE,WP17D_CANONICAL_WAVE,PortalShell (canonical wp17d wave),Canonical glass header,Canonical sidebar in wave migration,Layered light base + navy grid + restrained glass,native_table,lucide-react (canonical wrapper convergence),ALIGN_LABEL,OPTIONAL_INLINE_HELP,Canonical footer boundary in wave rollout,Canonical responsive shell in wave rollout,Operational; convergence verification pending,None observed in current wave or pending inspection,STANDARDIZE,SHARED_COMPONENT_CONVERGENCE,Converge onto governed shared component behavior,WP17C_CANONICAL_TABLE,frontend/src/pages/AdminMaterialLedgerQuality.jsx,Canonical table anatomy + tokens,IMPLEMENTED,Imported from WP17C ledger · Shared shell/token convergence wave active · frontend/src/pages/AdminMaterialLedgerQuality.jsx,PENDING
TABLE-071,admin,,,table_surface,ACTIVE,WP17D_CANONICAL_WAVE,PortalShell (canonical wp17d wave),Canonical glass header,Canonical sidebar in wave migration,Layered light base + navy grid + restrained glass,native_table,lucide-react (canonical wrapper convergence),ALIGN_LABEL,OPTIONAL_INLINE_HELP,Canonical footer boundary in wave rollout,Canonical responsive shell in wave rollout,Operational; convergence verification pending,None observed in current wave or pending inspection,STANDARDIZE,SHARED_COMPONENT_CONVERGENCE,Converge onto governed shared component behavior,WP17C_CANONICAL_TABLE,frontend/src/pages/AdminMaterialLedgerQuality.jsx,Canonical table anatomy + tokens,IMPLEMENTED,Imported from WP17C ledger · Shared shell/token convergence wave active · frontend/src/pages/AdminMaterialLedgerQuality.jsx,PENDING
TABLE-072,admin,,,table_surface,ACTIVE,WP17D_CANONICAL_WAVE,PortalShell (canonical wp17d wave),Canonical glass header,Canonical sidebar in wave migration,Layered light base + navy grid + restrained glass,native_table,lucide-react (canonical wrapper convergence),ALIGN_LABEL,OPTIONAL_INLINE_HELP,Canonical footer boundary in wave rollout,Canonical responsive shell in wave rollout,Operational; convergence verification pending,None observed in current wave or pending inspection,STANDARDIZE,SHARED_COMPONENT_CONVERGENCE,Converge onto governed shared component behavior,WP17C_CANONICAL_TABLE,frontend/src/pages/AdminMaterialLedgerQuality.jsx,Canonical table anatomy + tokens,IMPLEMENTED,Imported from WP17C ledger · Shared shell/token convergence wave active · frontend/src/pages/AdminMaterialLedgerQuality.jsx,PENDING
TABLE-073,admin,,,table_surface,ACTIVE,WP17D_CANONICAL_WAVE,PortalShell (canonical wp17d wave),Canonical glass header,Canonical sidebar in wave migration,Layered light base + navy grid + restrained glass,native_table,lucide-react (canonical wrapper convergence),ALIGN_LABEL,OPTIONAL_INLINE_HELP,Canonical footer boundary in wave rollout,Canonical responsive shell in wave rollout,Operational; convergence verification pending,None observed in current wave or pending inspection,STANDARDIZE,SHARED_COMPONENT_CONVERGENCE,Converge onto governed shared component behavior,WP17C_CANONICAL_TABLE,frontend/src/pages/AdminSchedulerRuns.jsx,Canonical table anatomy + tokens,IMPLEMENTED,Imported from WP17C ledger · Shared shell/token convergence wave active · frontend/src/pages/AdminSchedulerRuns.jsx,PENDING
TABLE-074,admin,,,table_surface,ACTIVE,WP17D_CANONICAL_WAVE,PortalShell (canonical wp17d wave),Canonical glass header,Canonical sidebar in wave migration,Layered light base + navy grid + restrained glass,native_table,lucide-react (canonical wrapper convergence),ALIGN_LABEL,OPTIONAL_INLINE_HELP,Canonical footer boundary in wave rollout,Canonical responsive shell in wave rollout,Operational; convergence verification pending,None observed in current wave or pending inspection,STANDARDIZE,SHARED_COMPONENT_CONVERGENCE,Converge onto governed shared component behavior,WP17C_CANONICAL_TABLE,frontend/src/pages/AdminTerminations.jsx,Canonical table anatomy + tokens,IMPLEMENTED,Imported from WP17C ledger · Shared shell/token convergence wave active · frontend/src/pages/AdminTerminations.jsx,PENDING
TABLE-075,public_shared,,,table_surface,ACTIVE,WP17D_CANONICAL_WAVE,WP17 public shell,Canonical glass header,Mixed or contextual navigation,Layered light base + navy grid + restrained glass,native_table,lucide-react (canonical wrapper convergence),ALIGN_LABEL,OPTIONAL_INLINE_HELP,Canonical footer boundary in wave rollout,Canonical responsive shell in wave rollout,Under active convergence repair,None observed in current wave or pending inspection,STANDARDIZE,FIRST_WAVE_REPAIR_AND_CONVERGENCE,Converge onto governed shared component behavior,WP17C_CANONICAL_TABLE,frontend/src/pages/AssetTransfers.jsx,Canonical table anatomy + tokens,MIGRATING,Imported from WP17C ledger · Shared shell/token convergence wave active · Executive first-priority repair wave · frontend/src/pages/AssetTransfers.jsx,PENDING
TABLE-076,public_shared,,,table_surface,ACTIVE,WP17D_CANONICAL_WAVE,WP17 public shell,Canonical glass header,Mixed or contextual navigation,Layered light base + navy grid + restrained glass,native_table,lucide-react (canonical wrapper convergence),ALIGN_LABEL,OPTIONAL_INLINE_HELP,Canonical footer boundary in wave rollout,Canonical responsive shell in wave rollout,Under active convergence repair,None observed in current wave or pending inspection,STANDARDIZE,FIRST_WAVE_REPAIR_AND_CONVERGENCE,Converge onto governed shared component behavior,WP17C_CANONICAL_TABLE,frontend/src/pages/DevHub.jsx,Canonical table anatomy + tokens,MIGRATING,Imported from WP17C ledger · Shared shell/token convergence wave active · Executive first-priority repair wave · frontend/src/pages/DevHub.jsx,PENDING
TABLE-077,dispatch,,,table_surface,ACTIVE,WP17D_CANONICAL_WAVE,Legacy or portal-specific shell,Canonical glass header,Mixed or contextual navigation,Layered light base + navy grid + restrained glass,native_table,lucide-react (canonical wrapper convergence),ALIGN_LABEL,OPTIONAL_INLINE_HELP,Mixed footer treatment,Canonical responsive shell in wave rollout,Operational; convergence verification pending,None observed in current wave or pending inspection,STANDARDIZE,SHARED_COMPONENT_CONVERGENCE,Converge onto governed shared component behavior,WP17C_CANONICAL_TABLE,frontend/src/pages/DispatchHaulLedger.jsx,Canonical table anatomy + tokens,IMPLEMENTED,Imported from WP17C ledger · Shared shell/token convergence wave active · frontend/src/pages/DispatchHaulLedger.jsx,PENDING
TABLE-078,dispatch,,,table_surface,ACTIVE,WP17D_CANONICAL_WAVE,Legacy or portal-specific shell,Canonical glass header,Mixed or contextual navigation,Layered light base + navy grid + restrained glass,native_table,lucide-react (canonical wrapper convergence),ALIGN_LABEL,OPTIONAL_INLINE_HELP,Mixed footer treatment,Canonical responsive shell in wave rollout,Operational; convergence verification pending,None observed in current wave or pending inspection,STANDARDIZE,SHARED_COMPONENT_CONVERGENCE,Converge onto governed shared component behavior,WP17C_CANONICAL_TABLE,frontend/src/pages/DispatchHaulLedger.jsx,Canonical table anatomy + tokens,IMPLEMENTED,Imported from WP17C ledger · Shared shell/token convergence wave active · frontend/src/pages/DispatchHaulLedger.jsx,PENDING
TABLE-079,dispatch,,,table_surface,ACTIVE,WP17D_CANONICAL_WAVE,Legacy or portal-specific shell,Canonical glass header,Mixed or contextual navigation,Layered light base + navy grid + restrained glass,native_table,lucide-react (canonical wrapper convergence),ALIGN_LABEL,OPTIONAL_INLINE_HELP,Mixed footer treatment,Canonical responsive shell in wave rollout,Operational; convergence verification pending,None observed in current wave or pending inspection,STANDARDIZE,SHARED_COMPONENT_CONVERGENCE,Converge onto governed shared component behavior,WP17C_CANONICAL_TABLE,frontend/src/pages/DispatchHaulLedger.jsx,Canonical table anatomy + tokens,IMPLEMENTED,Imported from WP17C ledger · Shared shell/token convergence wave active · frontend/src/pages/DispatchHaulLedger.jsx,PENDING
TABLE-080,public_shared,,,table_surface,ACTIVE,WP17D_CANONICAL_WAVE,WP17 public shell,Canonical glass header,Mixed or contextual navigation,Layered light base + navy grid + restrained glass,native_table,lucide-react (canonical wrapper convergence),ALIGN_LABEL,OPTIONAL_INLINE_HELP,Canonical footer boundary in wave rollout,Canonical responsive shell in wave rollout,Under active convergence repair,None observed in current wave or pending inspection,STANDARDIZE,FIRST_WAVE_REPAIR_AND_CONVERGENCE,Converge onto governed shared component behavior,WP17C_CANONICAL_TABLE,frontend/src/pages/DocumentExpirations.jsx,Canonical table anatomy + tokens,MIGRATING,Imported from WP17C ledger · Shared shell/token convergence wave active · Executive first-priority repair wave · frontend/src/pages/DocumentExpirations.jsx,PENDING
TABLE-081,public_shared,,,table_surface,ACTIVE,WP17D_CANONICAL_WAVE,WP17 public shell,Canonical glass header,Mixed or contextual navigation,Layered light base + navy grid + restrained glass,native_table,lucide-react (canonical wrapper convergence),ALIGN_LABEL,OPTIONAL_INLINE_HELP,Canonical footer boundary in wave rollout,Canonical responsive shell in wave rollout,Under active convergence repair,None observed in current wave or pending inspection,STANDARDIZE,FIRST_WAVE_REPAIR_AND_CONVERGENCE,Converge onto governed shared component behavior,WP17C_CANONICAL_TABLE,frontend/src/pages/EmployeeLifecycleQualifications.jsx,Canonical table anatomy + tokens,MIGRATING,Imported from WP17C ledger · Shared shell/token convergence wave active · Executive first-priority repair wave · frontend/src/pages/EmployeeLifecycleQualifications.jsx,PENDING
TABLE-082,public_shared,,,table_surface,ACTIVE,WP17D_CANONICAL_WAVE,WP17 public shell,Canonical glass header,Mixed or contextual navigation,Layered light base + navy grid + restrained glass,native_table,lucide-react (canonical wrapper convergence),ALIGN_LABEL,OPTIONAL_INLINE_HELP,Canonical footer boundary in wave rollout,Canonical responsive shell in wave rollout,Under active convergence repair,None observed in current wave or pending inspection,STANDARDIZE,FIRST_WAVE_REPAIR_AND_CONVERGENCE,Converge onto governed shared component behavior,WP17C_CANONICAL_TABLE,frontend/src/pages/EmployeeLifecycleQualifications.jsx,Canonical table anatomy + tokens,MIGRATING,Imported from WP17C ledger · Shared shell/token convergence wave active · Executive first-priority repair wave · frontend/src/pages/EmployeeLifecycleQualifications.jsx,PENDING
TABLE-083,public_shared,,,table_surface,ACTIVE,WP17D_CANONICAL_WAVE,WP17 public shell,Canonical glass header,Mixed or contextual navigation,Layered light base + navy grid + restrained glass,native_table,lucide-react (canonical wrapper convergence),ALIGN_LABEL,OPTIONAL_INLINE_HELP,Canonical footer boundary in wave rollout,Canonical responsive shell in wave rollout,Under active convergence repair,None observed in current wave or pending inspection,STANDARDIZE,FIRST_WAVE_REPAIR_AND_CONVERGENCE,Converge onto governed shared component behavior,WP17C_CANONICAL_TABLE,frontend/src/pages/ExecutiveCaseReport.jsx,Canonical table anatomy + tokens,MIGRATING,Imported from WP17C ledger · Shared shell/token convergence wave active · Executive first-priority repair wave · frontend/src/pages/ExecutiveCaseReport.jsx,PENDING
TABLE-084,public_shared,,,table_surface,ACTIVE,WP17D_CANONICAL_WAVE,WP17 public shell,Canonical glass header,Mixed or contextual navigation,Layered light base + navy grid + restrained glass,native_table,lucide-react (canonical wrapper convergence),ALIGN_LABEL,OPTIONAL_INLINE_HELP,Canonical footer boundary in wave rollout,Canonical responsive shell in wave rollout,Under active convergence repair,None observed in current wave or pending inspection,STANDARDIZE,FIRST_WAVE_REPAIR_AND_CONVERGENCE,Converge onto governed shared component behavior,WP17C_CANONICAL_TABLE,frontend/src/pages/ExecutiveOperationalIntelligence.jsx,Canonical table anatomy + tokens,MIGRATING,Imported from WP17C ledger · Shared shell/token convergence wave active · Executive first-priority repair wave · frontend/src/pages/ExecutiveOperationalIntelligence.jsx,PENDING
TABLE-085,field_leadership,,,table_surface,ACTIVE,WP17D_CANONICAL_WAVE,Legacy or portal-specific shell,Canonical glass header,Mixed or contextual navigation,Layered light base + navy grid + restrained glass,native_table,lucide-react (canonical wrapper convergence),ALIGN_LABEL,OPTIONAL_INLINE_HELP,Mixed footer treatment,Canonical responsive shell in wave rollout,Operational; convergence verification pending,None observed in current wave or pending inspection,STANDARDIZE,SHARED_COMPONENT_CONVERGENCE,Converge onto governed shared component behavior,WP17C_CANONICAL_TABLE,frontend/src/pages/FieldLeadershipRecords.jsx,Canonical table anatomy + tokens,IMPLEMENTED,Imported from WP17C ledger · Shared shell/token convergence wave active · frontend/src/pages/FieldLeadershipRecords.jsx,PENDING
TABLE-086,field_leadership,,,table_surface,ACTIVE,WP17D_CANONICAL_WAVE,Legacy or portal-specific shell,Canonical glass header,Mixed or contextual navigation,Layered light base + navy grid + restrained glass,native_table,lucide-react (canonical wrapper convergence),ALIGN_LABEL,OPTIONAL_INLINE_HELP,Mixed footer treatment,Canonical responsive shell in wave rollout,Operational; convergence verification pending,None observed in current wave or pending inspection,STANDARDIZE,SHARED_COMPONENT_CONVERGENCE,Converge onto governed shared component behavior,WP17C_CANONICAL_TABLE,frontend/src/pages/FieldLeadershipView.jsx,Canonical table anatomy + tokens,IMPLEMENTED,Imported from WP17C ledger · Shared shell/token convergence wave active · frontend/src/pages/FieldLeadershipView.jsx,PENDING
TABLE-087,field_leadership,,,table_surface,ACTIVE,WP17D_CANONICAL_WAVE,Legacy or portal-specific shell,Canonical glass header,Mixed or contextual navigation,Layered light base + navy grid + restrained glass,native_table,lucide-react (canonical wrapper convergence),ALIGN_LABEL,OPTIONAL_INLINE_HELP,Mixed footer treatment,Canonical responsive shell in wave rollout,Operational; convergence verification pending,None observed in current wave or pending inspection,STANDARDIZE,SHARED_COMPONENT_CONVERGENCE,Converge onto governed shared component behavior,WP17C_CANONICAL_TABLE,frontend/src/pages/FieldLeadershipView.jsx,Canonical table anatomy + tokens,IMPLEMENTED,Imported from WP17C ledger · Shared shell/token convergence wave active · frontend/src/pages/FieldLeadershipView.jsx,PENDING
TABLE-088,hr,,,table_surface,ACTIVE,WP17D_CANONICAL_WAVE,PortalShell (canonical wp17d wave),Canonical glass header,Canonical sidebar in wave migration,Layered light base + navy grid + restrained glass,native_table,lucide-react (canonical wrapper convergence),ALIGN_LABEL,OPTIONAL_INLINE_HELP,Canonical footer boundary in wave rollout,Canonical responsive shell in wave rollout,Under active convergence repair,None observed in current wave or pending inspection,STANDARDIZE,FIRST_WAVE_REPAIR_AND_CONVERGENCE,Repair partial shell migration and inconsistent detail/form/list behavior,WP17C_CANONICAL_TABLE,frontend/src/pages/HrDailyReports.jsx,Canonical table anatomy + tokens,MIGRATING,Imported from WP17C ledger · Shared shell/token convergence wave active · Executive first-priority repair wave · frontend/src/pages/HrDailyReports.jsx,PENDING
TABLE-089,hr,,,table_surface,ACTIVE,WP17D_CANONICAL_WAVE,PortalShell (canonical wp17d wave),Canonical glass header,Canonical sidebar in wave migration,Layered light base + navy grid + restrained glass,native_table,lucide-react (canonical wrapper convergence),ALIGN_LABEL,OPTIONAL_INLINE_HELP,Canonical footer boundary in wave rollout,Canonical responsive shell in wave rollout,Under active convergence repair,None observed in current wave or pending inspection,STANDARDIZE,FIRST_WAVE_REPAIR_AND_CONVERGENCE,Repair partial shell migration and inconsistent detail/form/list behavior,WP17C_CANONICAL_TABLE,frontend/src/pages/HrDriverQualificationDashboard.jsx,Canonical table anatomy + tokens,MIGRATING,Imported from WP17C ledger · Shared shell/token convergence wave active · Executive first-priority repair wave · frontend/src/pages/HrDriverQualificationDashboard.jsx,PENDING
TABLE-090,hr,,,table_surface,ACTIVE,WP17D_CANONICAL_WAVE,PortalShell (canonical wp17d wave),Canonical glass header,Canonical sidebar in wave migration,Layered light base + navy grid + restrained glass,native_table,lucide-react (canonical wrapper convergence),ALIGN_LABEL,OPTIONAL_INLINE_HELP,Canonical footer boundary in wave rollout,Canonical responsive shell in wave rollout,Under active convergence repair,None observed in current wave or pending inspection,STANDARDIZE,FIRST_WAVE_REPAIR_AND_CONVERGENCE,Repair partial shell migration and inconsistent detail/form/list behavior,WP17C_CANONICAL_TABLE,frontend/src/pages/HrDriverQualificationImport.jsx,Canonical table anatomy + tokens,MIGRATING,Imported from WP17C ledger · Shared shell/token convergence wave active · Executive first-priority repair wave · frontend/src/pages/HrDriverQualificationImport.jsx,PENDING
TABLE-091,hr,,,table_surface,ACTIVE,WP17D_CANONICAL_WAVE,PortalShell (canonical wp17d wave),Canonical glass header,Canonical sidebar in wave migration,Layered light base + navy grid + restrained glass,native_table,lucide-react (canonical wrapper convergence),ALIGN_LABEL,OPTIONAL_INLINE_HELP,Canonical footer boundary in wave rollout,Canonical responsive shell in wave rollout,Under active convergence repair,None observed in current wave or pending inspection,STANDARDIZE,FIRST_WAVE_REPAIR_AND_CONVERGENCE,Repair partial shell migration and inconsistent detail/form/list behavior,WP17C_CANONICAL_TABLE,frontend/src/pages/HrDriverQualificationImport.jsx,Canonical table anatomy + tokens,MIGRATING,Imported from WP17C ledger · Shared shell/token convergence wave active · Executive first-priority repair wave · frontend/src/pages/HrDriverQualificationImport.jsx,PENDING
TABLE-092,hr,,,table_surface,ACTIVE,WP17D_CANONICAL_WAVE,PortalShell (canonical wp17d wave),Canonical glass header,Canonical sidebar in wave migration,Layered light base + navy grid + restrained glass,native_table,lucide-react (canonical wrapper convergence),ALIGN_LABEL,OPTIONAL_INLINE_HELP,Canonical footer boundary in wave rollout,Canonical responsive shell in wave rollout,Under active convergence repair,None observed in current wave or pending inspection,STANDARDIZE,FIRST_WAVE_REPAIR_AND_CONVERGENCE,Repair partial shell migration and inconsistent detail/form/list behavior,WP17C_CANONICAL_TABLE,frontend/src/pages/HrEmployeeAccountability.jsx,Canonical table anatomy + tokens,MIGRATING,Imported from WP17C ledger · Shared shell/token convergence wave active · Executive first-priority repair wave · frontend/src/pages/HrEmployeeAccountability.jsx,PENDING
TABLE-093,hr,,,table_surface,ACTIVE,WP17D_CANONICAL_WAVE,PortalShell (canonical wp17d wave),Canonical glass header,Canonical sidebar in wave migration,Layered light base + navy grid + restrained glass,native_table,lucide-react (canonical wrapper convergence),ALIGN_LABEL,OPTIONAL_INLINE_HELP,Canonical footer boundary in wave rollout,Canonical responsive shell in wave rollout,Under active convergence repair,None observed in current wave or pending inspection,STANDARDIZE,FIRST_WAVE_REPAIR_AND_CONVERGENCE,Repair partial shell migration and inconsistent detail/form/list behavior,WP17C_CANONICAL_TABLE,frontend/src/pages/HrEmployeeAccountability.jsx,Canonical table anatomy + tokens,MIGRATING,Imported from WP17C ledger · Shared shell/token convergence wave active · Executive first-priority repair wave · frontend/src/pages/HrEmployeeAccountability.jsx,PENDING
TABLE-094,hr,,,table_surface,ACTIVE,WP17D_CANONICAL_WAVE,PortalShell (canonical wp17d wave),Canonical glass header,Canonical sidebar in wave migration,Layered light base + navy grid + restrained glass,native_table,lucide-react (canonical wrapper convergence),ALIGN_LABEL,OPTIONAL_INLINE_HELP,Canonical footer boundary in wave rollout,Canonical responsive shell in wave rollout,Under active convergence repair,None observed in current wave or pending inspection,STANDARDIZE,FIRST_WAVE_REPAIR_AND_CONVERGENCE,Repair partial shell migration and inconsistent detail/form/list behavior,WP17C_CANONICAL_TABLE,frontend/src/pages/HrEmployeeAccountability.jsx,Canonical table anatomy + tokens,MIGRATING,Imported from WP17C ledger · Shared shell/token convergence wave active · Executive first-priority repair wave · frontend/src/pages/HrEmployeeAccountability.jsx,PENDING
TABLE-095,hr,,,table_surface,ACTIVE,WP17D_CANONICAL_WAVE,PortalShell (canonical wp17d wave),Canonical glass header,Canonical sidebar in wave migration,Layered light base + navy grid + restrained glass,native_table,lucide-react (canonical wrapper convergence),ALIGN_LABEL,OPTIONAL_INLINE_HELP,Canonical footer boundary in wave rollout,Canonical responsive shell in wave rollout,Under active convergence repair,None observed in current wave or pending inspection,STANDARDIZE,FIRST_WAVE_REPAIR_AND_CONVERGENCE,Repair partial shell migration and inconsistent detail/form/list behavior,WP17C_CANONICAL_TABLE,frontend/src/pages/HrEmployeeAccountabilityTimeline.jsx,Canonical table anatomy + tokens,MIGRATING,Imported from WP17C ledger · Shared shell/token convergence wave active · Executive first-priority repair wave · frontend/src/pages/HrEmployeeAccountabilityTimeline.jsx,PENDING
TABLE-096,hr,,,table_surface,ACTIVE,WP17D_CANONICAL_WAVE,PortalShell (canonical wp17d wave),Canonical glass header,Canonical sidebar in wave migration,Layered light base + navy grid + restrained glass,native_table,lucide-react (canonical wrapper convergence),ALIGN_LABEL,OPTIONAL_INLINE_HELP,Canonical footer boundary in wave rollout,Canonical responsive shell in wave rollout,Under active convergence repair,None observed in current wave or pending inspection,STANDARDIZE,FIRST_WAVE_REPAIR_AND_CONVERGENCE,Repair partial shell migration and inconsistent detail/form/list behavior,WP17C_CANONICAL_TABLE,frontend/src/pages/HrEmployees.jsx,Canonical table anatomy + tokens,MIGRATING,Imported from WP17C ledger · Shared shell/token convergence wave active · Executive first-priority repair wave · frontend/src/pages/HrEmployees.jsx,PENDING
TABLE-097,hr,,,table_surface,ACTIVE,WP17D_CANONICAL_WAVE,PortalShell (canonical wp17d wave),Canonical glass header,Canonical sidebar in wave migration,Layered light base + navy grid + restrained glass,native_table,lucide-react (canonical wrapper convergence),ALIGN_LABEL,OPTIONAL_INLINE_HELP,Canonical footer boundary in wave rollout,Canonical responsive shell in wave rollout,Under active convergence repair,None observed in current wave or pending inspection,STANDARDIZE,FIRST_WAVE_REPAIR_AND_CONVERGENCE,Repair partial shell migration and inconsistent detail/form/list behavior,WP17C_CANONICAL_TABLE,frontend/src/pages/HrEmployees.jsx,Canonical table anatomy + tokens,MIGRATING,Imported from WP17C ledger · Shared shell/token convergence wave active · Executive first-priority repair wave · frontend/src/pages/HrEmployees.jsx,PENDING
TABLE-098,hr,,,table_surface,ACTIVE,WP17D_CANONICAL_WAVE,PortalShell (canonical wp17d wave),Canonical glass header,Canonical sidebar in wave migration,Layered light base + navy grid + restrained glass,native_table,lucide-react (canonical wrapper convergence),ALIGN_LABEL,OPTIONAL_INLINE_HELP,Canonical footer boundary in wave rollout,Canonical responsive shell in wave rollout,Under active convergence repair,None observed in current wave or pending inspection,STANDARDIZE,FIRST_WAVE_REPAIR_AND_CONVERGENCE,Repair partial shell migration and inconsistent detail/form/list behavior,WP17C_CANONICAL_TABLE,frontend/src/pages/HrFieldLeadership.jsx,Canonical table anatomy + tokens,MIGRATING,Imported from WP17C ledger · Shared shell/token convergence wave active · Executive first-priority repair wave · frontend/src/pages/HrFieldLeadership.jsx,PENDING
TABLE-099,hr,,,table_surface,ACTIVE,WP17D_CANONICAL_WAVE,PortalShell (canonical wp17d wave),Canonical glass header,Canonical sidebar in wave migration,Layered light base + navy grid + restrained glass,native_table,lucide-react (canonical wrapper convergence),ALIGN_LABEL,OPTIONAL_INLINE_HELP,Canonical footer boundary in wave rollout,Canonical responsive shell in wave rollout,Under active convergence repair,None observed in current wave or pending inspection,STANDARDIZE,FIRST_WAVE_REPAIR_AND_CONVERGENCE,Repair partial shell migration and inconsistent detail/form/list behavior,WP17C_CANONICAL_TABLE,frontend/src/pages/HrIncidents.jsx,Canonical table anatomy + tokens,MIGRATING,Imported from WP17C ledger · Shared shell/token convergence wave active · Executive first-priority repair wave · frontend/src/pages/HrIncidents.jsx,PENDING
TABLE-100,hr,,,table_surface,ACTIVE,WP17D_CANONICAL_WAVE,PortalShell (canonical wp17d wave),Canonical glass header,Canonical sidebar in wave migration,Layered light base + navy grid + restrained glass,native_table,lucide-react (canonical wrapper convergence),ALIGN_LABEL,OPTIONAL_INLINE_HELP,Canonical footer boundary in wave rollout,Canonical responsive shell in wave rollout,Under active convergence repair,None observed in current wave or pending inspection,STANDARDIZE,FIRST_WAVE_REPAIR_AND_CONVERGENCE,Repair partial shell migration and inconsistent detail/form/list behavior,WP17C_CANONICAL_TABLE,frontend/src/pages/HrPayrollVariance.jsx,Canonical table anatomy + tokens,MIGRATING,Imported from WP17C ledger · Shared shell/token convergence wave active · Executive first-priority repair wave · frontend/src/pages/HrPayrollVariance.jsx,PENDING
TABLE-101,hr,,,table_surface,ACTIVE,WP17D_CANONICAL_WAVE,PortalShell (canonical wp17d wave),Canonical glass header,Canonical sidebar in wave migration,Layered light base + navy grid + restrained glass,native_table,lucide-react (canonical wrapper convergence),ALIGN_LABEL,OPTIONAL_INLINE_HELP,Canonical footer boundary in wave rollout,Canonical responsive shell in wave rollout,Under active convergence repair,None observed in current wave or pending inspection,STANDARDIZE,FIRST_WAVE_REPAIR_AND_CONVERGENCE,Repair partial shell migration and inconsistent detail/form/list behavior,WP17C_CANONICAL_TABLE,frontend/src/pages/HrPayrollVariance.jsx,Canonical table anatomy + tokens,MIGRATING,Imported from WP17C ledger · Shared shell/token convergence wave active · Executive first-priority repair wave · frontend/src/pages/HrPayrollVariance.jsx,PENDING
TABLE-102,hr,,,table_surface,ACTIVE,WP17D_CANONICAL_WAVE,PortalShell (canonical wp17d wave),Canonical glass header,Canonical sidebar in wave migration,Layered light base + navy grid + restrained glass,native_table,lucide-react (canonical wrapper convergence),ALIGN_LABEL,OPTIONAL_INLINE_HELP,Canonical footer boundary in wave rollout,Canonical responsive shell in wave rollout,Under active convergence repair,None observed in current wave or pending inspection,STANDARDIZE,FIRST_WAVE_REPAIR_AND_CONVERGENCE,Repair partial shell migration and inconsistent detail/form/list behavior,WP17C_CANONICAL_TABLE,frontend/src/pages/HrSafetyRecords.jsx,Canonical table anatomy + tokens,MIGRATING,Imported from WP17C ledger · Shared shell/token convergence wave active · Executive first-priority repair wave · frontend/src/pages/HrSafetyRecords.jsx,PENDING
TABLE-103,hr,,,table_surface,ACTIVE,WP17D_CANONICAL_WAVE,PortalShell (canonical wp17d wave),Canonical glass header,Canonical sidebar in wave migration,Layered light base + navy grid + restrained glass,native_table,lucide-react (canonical wrapper convergence),ALIGN_LABEL,OPTIONAL_INLINE_HELP,Canonical footer boundary in wave rollout,Canonical responsive shell in wave rollout,Under active convergence repair,None observed in current wave or pending inspection,STANDARDIZE,FIRST_WAVE_REPAIR_AND_CONVERGENCE,Repair partial shell migration and inconsistent detail/form/list behavior,WP17C_CANONICAL_TABLE,frontend/src/pages/HrTimeOff.jsx,Canonical table anatomy + tokens,MIGRATING,Imported from WP17C ledger · Shared shell/token convergence wave active · Executive first-priority repair wave · frontend/src/pages/HrTimeOff.jsx,PENDING
TABLE-104,hr,,,table_surface,ACTIVE,WP17D_CANONICAL_WAVE,PortalShell (canonical wp17d wave),Canonical glass header,Canonical sidebar in wave migration,Layered light base + navy grid + restrained glass,native_table,lucide-react (canonical wrapper convergence),ALIGN_LABEL,OPTIONAL_INLINE_HELP,Canonical footer boundary in wave rollout,Canonical responsive shell in wave rollout,Under active convergence repair,None observed in current wave or pending inspection,STANDARDIZE,FIRST_WAVE_REPAIR_AND_CONVERGENCE,Repair partial shell migration and inconsistent detail/form/list behavior,WP17C_CANONICAL_TABLE,frontend/src/pages/HrTimeVerification.jsx,Canonical table anatomy + tokens,MIGRATING,Imported from WP17C ledger · Shared shell/token convergence wave active · Executive first-priority repair wave · frontend/src/pages/HrTimeVerification.jsx,PENDING
TABLE-105,hr,,,table_surface,ACTIVE,WP17D_CANONICAL_WAVE,PortalShell (canonical wp17d wave),Canonical glass header,Canonical sidebar in wave migration,Layered light base + navy grid + restrained glass,native_table,lucide-react (canonical wrapper convergence),ALIGN_LABEL,OPTIONAL_INLINE_HELP,Canonical footer boundary in wave rollout,Canonical responsive shell in wave rollout,Under active convergence repair,None observed in current wave or pending inspection,STANDARDIZE,FIRST_WAVE_REPAIR_AND_CONVERGENCE,Repair partial shell migration and inconsistent detail/form/list behavior,WP17C_CANONICAL_TABLE,frontend/src/pages/HrTimeVerification.jsx,Canonical table anatomy + tokens,MIGRATING,Imported from WP17C ledger · Shared shell/token convergence wave active · Executive first-priority repair wave · frontend/src/pages/HrTimeVerification.jsx,PENDING
TABLE-106,hr,,,table_surface,ACTIVE,WP17D_CANONICAL_WAVE,PortalShell (canonical wp17d wave),Canonical glass header,Canonical sidebar in wave migration,Layered light base + navy grid + restrained glass,native_table,lucide-react (canonical wrapper convergence),ALIGN_LABEL,OPTIONAL_INLINE_HELP,Canonical footer boundary in wave rollout,Canonical responsive shell in wave rollout,Under active convergence repair,None observed in current wave or pending inspection,STANDARDIZE,FIRST_WAVE_REPAIR_AND_CONVERGENCE,Repair partial shell migration and inconsistent detail/form/list behavior,WP17C_CANONICAL_TABLE,frontend/src/pages/HrTrainingRecords.jsx,Canonical table anatomy + tokens,MIGRATING,Imported from WP17C ledger · Shared shell/token convergence wave active · Executive first-priority repair wave · frontend/src/pages/HrTrainingRecords.jsx,PENDING
TABLE-107,public_shared,,,table_surface,ACTIVE,WP17D_CANONICAL_WAVE,WP17 public shell,Canonical glass header,Mixed or contextual navigation,Layered light base + navy grid + restrained glass,native_table,lucide-react (canonical wrapper convergence),ALIGN_LABEL,OPTIONAL_INLINE_HELP,Canonical footer boundary in wave rollout,Canonical responsive shell in wave rollout,Under active convergence repair,None observed in current wave or pending inspection,STANDARDIZE,FIRST_WAVE_REPAIR_AND_CONVERGENCE,Converge onto governed shared component behavior,WP17C_CANONICAL_TABLE,frontend/src/pages/IncidentReportViewer.jsx,Canonical table anatomy + tokens,MIGRATING,Imported from WP17C ledger · Shared shell/token convergence wave active · Executive first-priority repair wave · frontend/src/pages/IncidentReportViewer.jsx,PENDING
TABLE-108,public_shared,,,table_surface,ACTIVE,WP17D_CANONICAL_WAVE,WP17 public shell,Canonical glass header,Mixed or contextual navigation,Layered light base + navy grid + restrained glass,native_table,lucide-react (canonical wrapper convergence),ALIGN_LABEL,OPTIONAL_INLINE_HELP,Canonical footer boundary in wave rollout,Canonical responsive shell in wave rollout,Under active convergence repair,None observed in current wave or pending inspection,STANDARDIZE,FIRST_WAVE_REPAIR_AND_CONVERGENCE,Converge onto governed shared component behavior,WP17C_CANONICAL_TABLE,frontend/src/pages/OperationsCenterCommand.jsx,Canonical table anatomy + tokens,MIGRATING,Imported from WP17C ledger · Shared shell/token convergence wave active · Executive first-priority repair wave · frontend/src/pages/OperationsCenterCommand.jsx,PENDING
TABLE-109,public_shared,,,table_surface,ACTIVE,WP17D_CANONICAL_WAVE,WP17 public shell,Canonical glass header,Mixed or contextual navigation,Layered light base + navy grid + restrained glass,native_table,lucide-react (canonical wrapper convergence),ALIGN_LABEL,OPTIONAL_INLINE_HELP,Canonical footer boundary in wave rollout,Canonical responsive shell in wave rollout,Under active convergence repair,None observed in current wave or pending inspection,STANDARDIZE,FIRST_WAVE_REPAIR_AND_CONVERGENCE,Converge onto governed shared component behavior,WP17C_CANONICAL_TABLE,frontend/src/pages/OperationsCenterCommand.jsx,Canonical table anatomy + tokens,MIGRATING,Imported from WP17C ledger · Shared shell/token convergence wave active · Executive first-priority repair wave · frontend/src/pages/OperationsCenterCommand.jsx,PENDING
TABLE-110,public_shared,,,table_surface,ACTIVE,WP17D_CANONICAL_WAVE,WP17 public shell,Canonical glass header,Mixed or contextual navigation,Layered light base + navy grid + restrained glass,native_table,lucide-react (canonical wrapper convergence),ALIGN_LABEL,OPTIONAL_INLINE_HELP,Canonical footer boundary in wave rollout,Canonical responsive shell in wave rollout,Under active convergence repair,None observed in current wave or pending inspection,STANDARDIZE,FIRST_WAVE_REPAIR_AND_CONVERGENCE,Converge onto governed shared component behavior,WP17C_CANONICAL_TABLE,frontend/src/pages/OperationsCenterCommand.jsx,Canonical table anatomy + tokens,MIGRATING,Imported from WP17C ledger · Shared shell/token convergence wave active · Executive first-priority repair wave · frontend/src/pages/OperationsCenterCommand.jsx,PENDING
TABLE-111,public_shared,,,table_surface,ACTIVE,WP17D_CANONICAL_WAVE,WP17 public shell,Canonical glass header,Mixed or contextual navigation,Layered light base + navy grid + restrained glass,native_table,lucide-react (canonical wrapper convergence),ALIGN_LABEL,OPTIONAL_INLINE_HELP,Canonical footer boundary in wave rollout,Canonical responsive shell in wave rollout,Under active convergence repair,None observed in current wave or pending inspection,STANDARDIZE,FIRST_WAVE_REPAIR_AND_CONVERGENCE,Converge onto governed shared component behavior,WP17C_CANONICAL_TABLE,frontend/src/pages/OperationsCenterCommand.jsx,Canonical table anatomy + tokens,MIGRATING,Imported from WP17C ledger · Shared shell/token convergence wave active · Executive first-priority repair wave · frontend/src/pages/OperationsCenterCommand.jsx,PENDING
TABLE-112,public_shared,,,table_surface,ACTIVE,WP17D_CANONICAL_WAVE,WP17 public shell,Canonical glass header,Mixed or contextual navigation,Layered light base + navy grid + restrained glass,native_table,lucide-react (canonical wrapper convergence),ALIGN_LABEL,OPTIONAL_INLINE_HELP,Canonical footer boundary in wave rollout,Canonical responsive shell in wave rollout,Under active convergence repair,None observed in current wave or pending inspection,STANDARDIZE,FIRST_WAVE_REPAIR_AND_CONVERGENCE,Converge onto governed shared component behavior,WP17C_CANONICAL_TABLE,frontend/src/pages/PmCrewCompliance.jsx,Canonical table anatomy + tokens,MIGRATING,Imported from WP17C ledger · Shared shell/token convergence wave active · Executive first-priority repair wave · frontend/src/pages/PmCrewCompliance.jsx,PENDING
TABLE-113,public_shared,,,table_surface,ACTIVE,WP17D_CANONICAL_WAVE,WP17 public shell,Canonical glass header,Mixed or contextual navigation,Layered light base + navy grid + restrained glass,native_table,lucide-react (canonical wrapper convergence),ALIGN_LABEL,OPTIONAL_INLINE_HELP,Canonical footer boundary in wave rollout,Canonical responsive shell in wave rollout,Under active convergence repair,None observed in current wave or pending inspection,STANDARDIZE,FIRST_WAVE_REPAIR_AND_CONVERGENCE,Converge onto governed shared component behavior,WP17C_CANONICAL_TABLE,frontend/src/pages/PmCrewCompliance.jsx,Canonical table anatomy + tokens,MIGRATING,Imported from WP17C ledger · Shared shell/token convergence wave active · Executive first-priority repair wave · frontend/src/pages/PmCrewCompliance.jsx,PENDING
TABLE-114,public_shared,,,table_surface,ACTIVE,WP17D_CANONICAL_WAVE,WP17 public shell,Canonical glass header,Mixed or contextual navigation,Layered light base + navy grid + restrained glass,native_table,lucide-react (canonical wrapper convergence),ALIGN_LABEL,OPTIONAL_INLINE_HELP,Canonical footer boundary in wave rollout,Canonical responsive shell in wave rollout,Under active convergence repair,None observed in current wave or pending inspection,STANDARDIZE,FIRST_WAVE_REPAIR_AND_CONVERGENCE,Converge onto governed shared component behavior,WP17C_CANONICAL_TABLE,frontend/src/pages/PmCrewCompliance.jsx,Canonical table anatomy + tokens,MIGRATING,Imported from WP17C ledger · Shared shell/token convergence wave active · Executive first-priority repair wave · frontend/src/pages/PmCrewCompliance.jsx,PENDING
TABLE-115,field_leadership,,,table_surface,ACTIVE,WP17D_CANONICAL_WAVE,Legacy or portal-specific shell,Canonical glass header,Mixed or contextual navigation,Layered light base + navy grid + restrained glass,native_table,lucide-react (canonical wrapper convergence),ALIGN_LABEL,OPTIONAL_INLINE_HELP,Mixed footer treatment,Canonical responsive shell in wave rollout,Operational; convergence verification pending,None observed in current wave or pending inspection,STANDARDIZE,SHARED_COMPONENT_CONVERGENCE,Converge onto governed shared component behavior,WP17C_CANONICAL_TABLE,frontend/src/pages/PmFieldLeadership.jsx,Canonical table anatomy + tokens,IMPLEMENTED,Imported from WP17C ledger · Shared shell/token convergence wave active · frontend/src/pages/PmFieldLeadership.jsx,PENDING
TABLE-116,public_shared,,,table_surface,ACTIVE,WP17D_CANONICAL_WAVE,WP17 public shell,Canonical glass header,Mixed or contextual navigation,Layered light base + navy grid + restrained glass,native_table,lucide-react (canonical wrapper convergence),ALIGN_LABEL,OPTIONAL_INLINE_HELP,Canonical footer boundary in wave rollout,Canonical responsive shell in wave rollout,Under active convergence repair,None observed in current wave or pending inspection,STANDARDIZE,FIRST_WAVE_REPAIR_AND_CONVERGENCE,Converge onto governed shared component behavior,WP17C_CANONICAL_TABLE,frontend/src/pages/PmOperationalIntelligence.jsx,Canonical table anatomy + tokens,MIGRATING,Imported from WP17C ledger · Shared shell/token convergence wave active · Executive first-priority repair wave · frontend/src/pages/PmOperationalIntelligence.jsx,PENDING
TABLE-117,public_shared,,,table_surface,ACTIVE,WP17D_CANONICAL_WAVE,WP17 public shell,Canonical glass header,Mixed or contextual navigation,Layered light base + navy grid + restrained glass,native_table,lucide-react (canonical wrapper convergence),ALIGN_LABEL,OPTIONAL_INLINE_HELP,Canonical footer boundary in wave rollout,Canonical responsive shell in wave rollout,Under active convergence repair,None observed in current wave or pending inspection,STANDARDIZE,FIRST_WAVE_REPAIR_AND_CONVERGENCE,Converge onto governed shared component behavior,WP17C_CANONICAL_TABLE,frontend/src/pages/PmProjectDetail.jsx,Canonical table anatomy + tokens,MIGRATING,Imported from WP17C ledger · Shared shell/token convergence wave active · Executive first-priority repair wave · frontend/src/pages/PmProjectDetail.jsx,PENDING
TABLE-118,public_shared,,,table_surface,ACTIVE,WP17D_CANONICAL_WAVE,WP17 public shell,Canonical glass header,Mixed or contextual navigation,Layered light base + navy grid + restrained glass,native_table,lucide-react (canonical wrapper convergence),ALIGN_LABEL,OPTIONAL_INLINE_HELP,Canonical footer boundary in wave rollout,Canonical responsive shell in wave rollout,Under active convergence repair,None observed in current wave or pending inspection,STANDARDIZE,FIRST_WAVE_REPAIR_AND_CONVERGENCE,Converge onto governed shared component behavior,WP17C_CANONICAL_TABLE,frontend/src/pages/PmProjectDetail.jsx,Canonical table anatomy + tokens,MIGRATING,Imported from WP17C ledger · Shared shell/token convergence wave active · Executive first-priority repair wave · frontend/src/pages/PmProjectDetail.jsx,PENDING
TABLE-119,public_shared,,,table_surface,ACTIVE,WP17D_CANONICAL_WAVE,WP17 public shell,Canonical glass header,Mixed or contextual navigation,Layered light base + navy grid + restrained glass,native_table,lucide-react (canonical wrapper convergence),ALIGN_LABEL,OPTIONAL_INLINE_HELP,Canonical footer boundary in wave rollout,Canonical responsive shell in wave rollout,Under active convergence repair,None observed in current wave or pending inspection,STANDARDIZE,FIRST_WAVE_REPAIR_AND_CONVERGENCE,Converge onto governed shared component behavior,WP17C_CANONICAL_TABLE,frontend/src/pages/PmProjectDetail.jsx,Canonical table anatomy + tokens,MIGRATING,Imported from WP17C ledger · Shared shell/token convergence wave active · Executive first-priority repair wave · frontend/src/pages/PmProjectDetail.jsx,PENDING
TABLE-120,public_shared,,,table_surface,ACTIVE,WP17D_CANONICAL_WAVE,WP17 public shell,Canonical glass header,Mixed or contextual navigation,Layered light base + navy grid + restrained glass,native_table,lucide-react (canonical wrapper convergence),ALIGN_LABEL,OPTIONAL_INLINE_HELP,Canonical footer boundary in wave rollout,Canonical responsive shell in wave rollout,Under active convergence repair,None observed in current wave or pending inspection,STANDARDIZE,FIRST_WAVE_REPAIR_AND_CONVERGENCE,Converge onto governed shared component behavior,WP17C_CANONICAL_TABLE,frontend/src/pages/PmProjectDetail.jsx,Canonical table anatomy + tokens,MIGRATING,Imported from WP17C ledger · Shared shell/token convergence wave active · Executive first-priority repair wave · frontend/src/pages/PmProjectDetail.jsx,PENDING
TABLE-121,public_shared,,,table_surface,ACTIVE,WP17D_CANONICAL_WAVE,WP17 public shell,Canonical glass header,Mixed or contextual navigation,Layered light base + navy grid + restrained glass,native_table,lucide-react (canonical wrapper convergence),ALIGN_LABEL,OPTIONAL_INLINE_HELP,Canonical footer boundary in wave rollout,Canonical responsive shell in wave rollout,Under active convergence repair,None observed in current wave or pending inspection,STANDARDIZE,FIRST_WAVE_REPAIR_AND_CONVERGENCE,Converge onto governed shared component behavior,WP17C_CANONICAL_TABLE,frontend/src/pages/PmProjectDetail.jsx,Canonical table anatomy + tokens,MIGRATING,Imported from WP17C ledger · Shared shell/token convergence wave active · Executive first-priority repair wave · frontend/src/pages/PmProjectDetail.jsx,PENDING
TABLE-122,public_shared,,,table_surface,ACTIVE,WP17D_CANONICAL_WAVE,WP17 public shell,Canonical glass header,Mixed or contextual navigation,Layered light base + navy grid + restrained glass,native_table,lucide-react (canonical wrapper convergence),ALIGN_LABEL,OPTIONAL_INLINE_HELP,Canonical footer boundary in wave rollout,Canonical responsive shell in wave rollout,Under active convergence repair,None observed in current wave or pending inspection,STANDARDIZE,FIRST_WAVE_REPAIR_AND_CONVERGENCE,Converge onto governed shared component behavior,WP17C_CANONICAL_TABLE,frontend/src/pages/PoRequests.jsx,Canonical table anatomy + tokens,MIGRATING,Imported from WP17C ledger · Shared shell/token convergence wave active · Executive first-priority repair wave · frontend/src/pages/PoRequests.jsx,PENDING
TABLE-123,public_shared,,,table_surface,ACTIVE,WP17D_CANONICAL_WAVE,WP17 public shell,Canonical glass header,Mixed or contextual navigation,Layered light base + navy grid + restrained glass,native_table,lucide-react (canonical wrapper convergence),ALIGN_LABEL,OPTIONAL_INLINE_HELP,Canonical footer boundary in wave rollout,Canonical responsive shell in wave rollout,Under active convergence repair,None observed in current wave or pending inspection,STANDARDIZE,FIRST_WAVE_REPAIR_AND_CONVERGENCE,Converge onto governed shared component behavior,WP17C_CANONICAL_TABLE,frontend/src/pages/ProjectHealth.jsx,Canonical table anatomy + tokens,MIGRATING,Imported from WP17C ledger · Shared shell/token convergence wave active · Executive first-priority repair wave · frontend/src/pages/ProjectHealth.jsx,PENDING
TABLE-124,public_shared,,,table_surface,ACTIVE,WP17D_CANONICAL_WAVE,WP17 public shell,Canonical glass header,Mixed or contextual navigation,Layered light base + navy grid + restrained glass,native_table,lucide-react (canonical wrapper convergence),ALIGN_LABEL,OPTIONAL_INLINE_HELP,Canonical footer boundary in wave rollout,Canonical responsive shell in wave rollout,Under active convergence repair,None observed in current wave or pending inspection,STANDARDIZE,FIRST_WAVE_REPAIR_AND_CONVERGENCE,Converge onto governed shared component behavior,WP17C_CANONICAL_TABLE,frontend/src/pages/ProjectPnlPage.jsx,Canonical table anatomy + tokens,MIGRATING,Imported from WP17C ledger · Shared shell/token convergence wave active · Executive first-priority repair wave · frontend/src/pages/ProjectPnlPage.jsx,PENDING
TABLE-125,public_shared,,,table_surface,ACTIVE,WP17D_CANONICAL_WAVE,WP17 public shell,Canonical glass header,Mixed or contextual navigation,Layered light base + navy grid + restrained glass,native_table,lucide-react (canonical wrapper convergence),ALIGN_LABEL,OPTIONAL_INLINE_HELP,Canonical footer boundary in wave rollout,Canonical responsive shell in wave rollout,Under active convergence repair,None observed in current wave or pending inspection,STANDARDIZE,FIRST_WAVE_REPAIR_AND_CONVERGENCE,Converge onto governed shared component behavior,WP17C_CANONICAL_TABLE,frontend/src/pages/ProjectStaffingHub.jsx,Canonical table anatomy + tokens,MIGRATING,Imported from WP17C ledger · Shared shell/token convergence wave active · Executive first-priority repair wave · frontend/src/pages/ProjectStaffingHub.jsx,PENDING
TABLE-126,safety,,,table_surface,ACTIVE,WP17D_CANONICAL_WAVE,PortalShell (canonical wp17d wave),Canonical glass header,Canonical sidebar in wave migration,Layered light base + navy grid + restrained glass,native_table,lucide-react (canonical wrapper convergence),ALIGN_LABEL,OPTIONAL_INLINE_HELP,Canonical footer boundary in wave rollout,Canonical responsive shell in wave rollout,Operational; convergence verification pending,None observed in current wave or pending inspection,STANDARDIZE,SHARED_COMPONENT_CONVERGENCE,Converge onto governed shared component behavior,WP17C_CANONICAL_TABLE,frontend/src/pages/SafetyAudits.jsx,Canonical table anatomy + tokens,IMPLEMENTED,Imported from WP17C ledger · Shared shell/token convergence wave active · frontend/src/pages/SafetyAudits.jsx,PENDING
TABLE-127,safety,,,table_surface,ACTIVE,WP17D_CANONICAL_WAVE,PortalShell (canonical wp17d wave),Canonical glass header,Canonical sidebar in wave migration,Layered light base + navy grid + restrained glass,native_table,lucide-react (canonical wrapper convergence),ALIGN_LABEL,OPTIONAL_INLINE_HELP,Canonical footer boundary in wave rollout,Canonical responsive shell in wave rollout,Operational; convergence verification pending,None observed in current wave or pending inspection,STANDARDIZE,SHARED_COMPONENT_CONVERGENCE,Converge onto governed shared component behavior,WP17C_CANONICAL_TABLE,frontend/src/pages/SafetyDigest.jsx,Canonical table anatomy + tokens,IMPLEMENTED,Imported from WP17C ledger · Shared shell/token convergence wave active · frontend/src/pages/SafetyDigest.jsx,PENDING
TABLE-128,safety,,,table_surface,ACTIVE,WP17D_CANONICAL_WAVE,PortalShell (canonical wp17d wave),Canonical glass header,Canonical sidebar in wave migration,Layered light base + navy grid + restrained glass,native_table,lucide-react (canonical wrapper convergence),ALIGN_LABEL,OPTIONAL_INLINE_HELP,Canonical footer boundary in wave rollout,Canonical responsive shell in wave rollout,Operational; convergence verification pending,None observed in current wave or pending inspection,STANDARDIZE,SHARED_COMPONENT_CONVERGENCE,Converge onto governed shared component behavior,WP17C_CANONICAL_TABLE,frontend/src/pages/SafetyEmployeeProfiles.jsx,Canonical table anatomy + tokens,IMPLEMENTED,Imported from WP17C ledger · Shared shell/token convergence wave active · frontend/src/pages/SafetyEmployeeProfiles.jsx,PENDING
TABLE-129,safety,,,table_surface,ACTIVE,WP17D_CANONICAL_WAVE,PortalShell (canonical wp17d wave),Canonical glass header,Canonical sidebar in wave migration,Layered light base + navy grid + restrained glass,native_table,lucide-react (canonical wrapper convergence),ALIGN_LABEL,OPTIONAL_INLINE_HELP,Canonical footer boundary in wave rollout,Canonical responsive shell in wave rollout,Operational; convergence verification pending,None observed in current wave or pending inspection,STANDARDIZE,SHARED_COMPONENT_CONVERGENCE,Converge onto governed shared component behavior,WP17C_CANONICAL_TABLE,frontend/src/pages/SafetyFireExtImport.jsx,Canonical table anatomy + tokens,IMPLEMENTED,Imported from WP17C ledger · Shared shell/token convergence wave active · frontend/src/pages/SafetyFireExtImport.jsx,PENDING
TABLE-130,safety,,,table_surface,ACTIVE,WP17D_CANONICAL_WAVE,PortalShell (canonical wp17d wave),Canonical glass header,Canonical sidebar in wave migration,Layered light base + navy grid + restrained glass,native_table,lucide-react (canonical wrapper convergence),ALIGN_LABEL,OPTIONAL_INLINE_HELP,Canonical footer boundary in wave rollout,Canonical responsive shell in wave rollout,Operational; convergence verification pending,None observed in current wave or pending inspection,STANDARDIZE,SHARED_COMPONENT_CONVERGENCE,Converge onto governed shared component behavior,WP17C_CANONICAL_TABLE,frontend/src/pages/SafetyFireExtinguishers.jsx,Canonical table anatomy + tokens,IMPLEMENTED,Imported from WP17C ledger · Shared shell/token convergence wave active · frontend/src/pages/SafetyFireExtinguishers.jsx,PENDING
TABLE-131,safety,,,table_surface,ACTIVE,WP17D_CANONICAL_WAVE,PortalShell (canonical wp17d wave),Canonical glass header,Canonical sidebar in wave migration,Layered light base + navy grid + restrained glass,native_table,lucide-react (canonical wrapper convergence),ALIGN_LABEL,OPTIONAL_INLINE_HELP,Canonical footer boundary in wave rollout,Canonical responsive shell in wave rollout,Operational; convergence verification pending,None observed in current wave or pending inspection,STANDARDIZE,SHARED_COMPONENT_CONVERGENCE,Converge onto governed shared component behavior,WP17C_CANONICAL_TABLE,frontend/src/pages/SafetyFormsRecords.jsx,Canonical table anatomy + tokens,IMPLEMENTED,Imported from WP17C ledger · Shared shell/token convergence wave active · frontend/src/pages/SafetyFormsRecords.jsx,PENDING
TABLE-132,safety,,,table_surface,ACTIVE,WP17D_CANONICAL_WAVE,PortalShell (canonical wp17d wave),Canonical glass header,Canonical sidebar in wave migration,Layered light base + navy grid + restrained glass,native_table,lucide-react (canonical wrapper convergence),ALIGN_LABEL,OPTIONAL_INLINE_HELP,Canonical footer boundary in wave rollout,Canonical responsive shell in wave rollout,Operational; convergence verification pending,None observed in current wave or pending inspection,STANDARDIZE,SHARED_COMPONENT_CONVERGENCE,Converge onto governed shared component behavior,WP17C_CANONICAL_TABLE,frontend/src/pages/SafetyFormsRecords.jsx,Canonical table anatomy + tokens,IMPLEMENTED,Imported from WP17C ledger · Shared shell/token convergence wave active · frontend/src/pages/SafetyFormsRecords.jsx,PENDING
TABLE-133,safety,,,table_surface,ACTIVE,WP17D_CANONICAL_WAVE,PortalShell (canonical wp17d wave),Canonical glass header,Canonical sidebar in wave migration,Layered light base + navy grid + restrained glass,native_table,lucide-react (canonical wrapper convergence),ALIGN_LABEL,OPTIONAL_INLINE_HELP,Canonical footer boundary in wave rollout,Canonical responsive shell in wave rollout,Operational; convergence verification pending,None observed in current wave or pending inspection,STANDARDIZE,SHARED_COMPONENT_CONVERGENCE,Converge onto governed shared component behavior,WP17C_CANONICAL_TABLE,frontend/src/pages/SafetyIncidents.jsx,Canonical table anatomy + tokens,IMPLEMENTED,Imported from WP17C ledger · Shared shell/token convergence wave active · frontend/src/pages/SafetyIncidents.jsx,PENDING
TABLE-134,safety,,,table_surface,ACTIVE,WP17D_CANONICAL_WAVE,PortalShell (canonical wp17d wave),Canonical glass header,Canonical sidebar in wave migration,Layered light base + navy grid + restrained glass,native_table,lucide-react (canonical wrapper convergence),ALIGN_LABEL,OPTIONAL_INLINE_HELP,Canonical footer boundary in wave rollout,Canonical responsive shell in wave rollout,Operational; convergence verification pending,None observed in current wave or pending inspection,STANDARDIZE,SHARED_COMPONENT_CONVERGENCE,Converge onto governed shared component behavior,WP17C_CANONICAL_TABLE,frontend/src/pages/SafetyTrainingRecords.jsx,Canonical table anatomy + tokens,IMPLEMENTED,Imported from WP17C ledger · Shared shell/token convergence wave active · frontend/src/pages/SafetyTrainingRecords.jsx,PENDING
TABLE-135,public_shared,,,table_surface,ACTIVE,WP17D_CANONICAL_WAVE,WP17 public shell,Canonical glass header,Mixed or contextual navigation,Layered light base + navy grid + restrained glass,native_table,lucide-react (canonical wrapper convergence),ALIGN_LABEL,OPTIONAL_INLINE_HELP,Canonical footer boundary in wave rollout,Canonical responsive shell in wave rollout,Under active convergence repair,None observed in current wave or pending inspection,STANDARDIZE,FIRST_WAVE_REPAIR_AND_CONVERGENCE,Converge onto governed shared component behavior,WP17C_CANONICAL_TABLE,frontend/src/pages/ViewDailyReport.jsx,Canonical table anatomy + tokens,MIGRATING,Imported from WP17C ledger · Shared shell/token convergence wave active · Executive first-priority repair wave · frontend/src/pages/ViewDailyReport.jsx,PENDING
TABLE-136,safety,,,table_surface,ACTIVE,WP17D_CANONICAL_WAVE,PortalShell (canonical wp17d wave),Canonical glass header,Canonical sidebar in wave migration,Layered light base + navy grid + restrained glass,native_table,lucide-react (canonical wrapper convergence),ALIGN_LABEL,OPTIONAL_INLINE_HELP,Canonical footer boundary in wave rollout,Canonical responsive shell in wave rollout,Operational; convergence verification pending,None observed in current wave or pending inspection,STANDARDIZE,SHARED_COMPONENT_CONVERGENCE,Converge onto governed shared component behavior,WP17C_CANONICAL_TABLE,frontend/src/pages/ViewSafetyForm.jsx,Canonical table anatomy + tokens,IMPLEMENTED,Imported from WP17C ledger · Shared shell/token convergence wave active · frontend/src/pages/ViewSafetyForm.jsx,PENDING
TABLE-137,safety,,,table_surface,ACTIVE,WP17D_CANONICAL_WAVE,PortalShell (canonical wp17d wave),Canonical glass header,Canonical sidebar in wave migration,Layered light base + navy grid + restrained glass,native_table,lucide-react (canonical wrapper convergence),ALIGN_LABEL,OPTIONAL_INLINE_HELP,Canonical footer boundary in wave rollout,Canonical responsive shell in wave rollout,Operational; convergence verification pending,None observed in current wave or pending inspection,STANDARDIZE,SHARED_COMPONENT_CONVERGENCE,Converge onto governed shared component behavior,WP17C_CANONICAL_TABLE,frontend/src/pages/ViewSafetyForm.jsx,Canonical table anatomy + tokens,IMPLEMENTED,Imported from WP17C ledger · Shared shell/token convergence wave active · frontend/src/pages/ViewSafetyForm.jsx,PENDING
TABLE-138,admin,,,table_surface,ACTIVE,WP17D_CANONICAL_WAVE,PortalShell (canonical wp17d wave),Canonical glass header,Canonical sidebar in wave migration,Layered light base + navy grid + restrained glass,native_table,lucide-react (canonical wrapper convergence),ALIGN_LABEL,OPTIONAL_INLINE_HELP,Canonical footer boundary in wave rollout,Canonical responsive shell in wave rollout,Operational; convergence verification pending,None observed in current wave or pending inspection,STANDARDIZE,SHARED_COMPONENT_CONVERGENCE,Converge onto governed shared component behavior,WP17C_CANONICAL_TABLE,frontend/src/pages/admin/AdminAnalytics.jsx,Canonical table anatomy + tokens,IMPLEMENTED,Imported from WP17C ledger · Shared shell/token convergence wave active · frontend/src/pages/admin/AdminAnalytics.jsx,PENDING
TABLE-139,admin,,,table_surface,ACTIVE,WP17D_CANONICAL_WAVE,PortalShell (canonical wp17d wave),Canonical glass header,Canonical sidebar in wave migration,Layered light base + navy grid + restrained glass,native_table,lucide-react (canonical wrapper convergence),ALIGN_LABEL,OPTIONAL_INLINE_HELP,Canonical footer boundary in wave rollout,Canonical responsive shell in wave rollout,Operational; convergence verification pending,None observed in current wave or pending inspection,STANDARDIZE,SHARED_COMPONENT_CONVERGENCE,Converge onto governed shared component behavior,WP17C_CANONICAL_TABLE,frontend/src/pages/admin/AdminAssetMapping.jsx,Canonical table anatomy + tokens,IMPLEMENTED,Imported from WP17C ledger · Shared shell/token convergence wave active · frontend/src/pages/admin/AdminAssetMapping.jsx,PENDING
TABLE-140,admin,,,table_surface,ACTIVE,WP17D_CANONICAL_WAVE,PortalShell (canonical wp17d wave),Canonical glass header,Canonical sidebar in wave migration,Layered light base + navy grid + restrained glass,native_table,lucide-react (canonical wrapper convergence),ALIGN_LABEL,OPTIONAL_INLINE_HELP,Canonical footer boundary in wave rollout,Canonical responsive shell in wave rollout,Operational; convergence verification pending,None observed in current wave or pending inspection,STANDARDIZE,SHARED_COMPONENT_CONVERGENCE,Converge onto governed shared component behavior,WP17C_CANONICAL_TABLE,frontend/src/pages/admin/AdminAssetMapping.jsx,Canonical table anatomy + tokens,IMPLEMENTED,Imported from WP17C ledger · Shared shell/token convergence wave active · frontend/src/pages/admin/AdminAssetMapping.jsx,PENDING
TABLE-141,admin,,,table_surface,ACTIVE,WP17D_CANONICAL_WAVE,PortalShell (canonical wp17d wave),Canonical glass header,Canonical sidebar in wave migration,Layered light base + navy grid + restrained glass,native_table,lucide-react (canonical wrapper convergence),ALIGN_LABEL,OPTIONAL_INLINE_HELP,Canonical footer boundary in wave rollout,Canonical responsive shell in wave rollout,Operational; convergence verification pending,None observed in current wave or pending inspection,STANDARDIZE,SHARED_COMPONENT_CONVERGENCE,Converge onto governed shared component behavior,WP17C_CANONICAL_TABLE,frontend/src/pages/admin/AdminAuditLog.jsx,Canonical table anatomy + tokens,IMPLEMENTED,Imported from WP17C ledger · Shared shell/token convergence wave active · frontend/src/pages/admin/AdminAuditLog.jsx,PENDING
TABLE-142,admin,,,table_surface,ACTIVE,WP17D_CANONICAL_WAVE,PortalShell (canonical wp17d wave),Canonical glass header,Canonical sidebar in wave migration,Layered light base + navy grid + restrained glass,native_table,lucide-react (canonical wrapper convergence),ALIGN_LABEL,OPTIONAL_INLINE_HELP,Canonical footer boundary in wave rollout,Canonical responsive shell in wave rollout,Operational; convergence verification pending,None observed in current wave or pending inspection,STANDARDIZE,SHARED_COMPONENT_CONVERGENCE,Converge onto governed shared component behavior,WP17C_CANONICAL_TABLE,frontend/src/pages/admin/AdminDispatch.jsx,Canonical table anatomy + tokens,IMPLEMENTED,Imported from WP17C ledger · Shared shell/token convergence wave active · frontend/src/pages/admin/AdminDispatch.jsx,PENDING
TABLE-143,admin,,,table_surface,ACTIVE,WP17D_CANONICAL_WAVE,PortalShell (canonical wp17d wave),Canonical glass header,Canonical sidebar in wave migration,Layered light base + navy grid + restrained glass,native_table,lucide-react (canonical wrapper convergence),ALIGN_LABEL,OPTIONAL_INLINE_HELP,Canonical footer boundary in wave rollout,Canonical responsive shell in wave rollout,Operational; convergence verification pending,None observed in current wave or pending inspection,STANDARDIZE,SHARED_COMPONENT_CONVERGENCE,Converge onto governed shared component behavior,WP17C_CANONICAL_TABLE,frontend/src/pages/admin/AdminDispatch.jsx,Canonical table anatomy + tokens,IMPLEMENTED,Imported from WP17C ledger · Shared shell/token convergence wave active · frontend/src/pages/admin/AdminDispatch.jsx,PENDING
TABLE-144,admin,,,table_surface,ACTIVE,WP17D_CANONICAL_WAVE,PortalShell (canonical wp17d wave),Canonical glass header,Canonical sidebar in wave migration,Layered light base + navy grid + restrained glass,native_table,lucide-react (canonical wrapper convergence),ALIGN_LABEL,OPTIONAL_INLINE_HELP,Canonical footer boundary in wave rollout,Canonical responsive shell in wave rollout,Operational; convergence verification pending,None observed in current wave or pending inspection,STANDARDIZE,SHARED_COMPONENT_CONVERGENCE,Converge onto governed shared component behavior,WP17C_CANONICAL_TABLE,frontend/src/pages/admin/AdminDispatch.jsx,Canonical table anatomy + tokens,IMPLEMENTED,Imported from WP17C ledger · Shared shell/token convergence wave active · frontend/src/pages/admin/AdminDispatch.jsx,PENDING
TABLE-145,admin,,,table_surface,ACTIVE,WP17D_CANONICAL_WAVE,PortalShell (canonical wp17d wave),Canonical glass header,Canonical sidebar in wave migration,Layered light base + navy grid + restrained glass,native_table,lucide-react (canonical wrapper convergence),ALIGN_LABEL,OPTIONAL_INLINE_HELP,Canonical footer boundary in wave rollout,Canonical responsive shell in wave rollout,Operational; convergence verification pending,None observed in current wave or pending inspection,STANDARDIZE,SHARED_COMPONENT_CONVERGENCE,Converge onto governed shared component behavior,WP17C_CANONICAL_TABLE,frontend/src/pages/admin/AdminDispatch.jsx,Canonical table anatomy + tokens,IMPLEMENTED,Imported from WP17C ledger · Shared shell/token convergence wave active · frontend/src/pages/admin/AdminDispatch.jsx,PENDING
TABLE-146,admin,,,table_surface,ACTIVE,WP17D_CANONICAL_WAVE,PortalShell (canonical wp17d wave),Canonical glass header,Canonical sidebar in wave migration,Layered light base + navy grid + restrained glass,native_table,lucide-react (canonical wrapper convergence),ALIGN_LABEL,OPTIONAL_INLINE_HELP,Canonical footer boundary in wave rollout,Canonical responsive shell in wave rollout,Operational; convergence verification pending,None observed in current wave or pending inspection,STANDARDIZE,SHARED_COMPONENT_CONVERGENCE,Converge onto governed shared component behavior,WP17C_CANONICAL_TABLE,frontend/src/pages/admin/AdminDispatch.jsx,Canonical table anatomy + tokens,IMPLEMENTED,Imported from WP17C ledger · Shared shell/token convergence wave active · frontend/src/pages/admin/AdminDispatch.jsx,PENDING
TABLE-147,admin,,,table_surface,ACTIVE,WP17D_CANONICAL_WAVE,PortalShell (canonical wp17d wave),Canonical glass header,Canonical sidebar in wave migration,Layered light base + navy grid + restrained glass,native_table,lucide-react (canonical wrapper convergence),ALIGN_LABEL,OPTIONAL_INLINE_HELP,Canonical footer boundary in wave rollout,Canonical responsive shell in wave rollout,Operational; convergence verification pending,None observed in current wave or pending inspection,STANDARDIZE,SHARED_COMPONENT_CONVERGENCE,Converge onto governed shared component behavior,WP17C_CANONICAL_TABLE,frontend/src/pages/admin/AdminGeofenceReconciliation.jsx,Canonical table anatomy + tokens,IMPLEMENTED,Imported from WP17C ledger · Shared shell/token convergence wave active · frontend/src/pages/admin/AdminGeofenceReconciliation.jsx,PENDING
TABLE-148,admin,,,table_surface,ACTIVE,WP17D_CANONICAL_WAVE,PortalShell (canonical wp17d wave),Canonical glass header,Canonical sidebar in wave migration,Layered light base + navy grid + restrained glass,native_table,lucide-react (canonical wrapper convergence),ALIGN_LABEL,OPTIONAL_INLINE_HELP,Canonical footer boundary in wave rollout,Canonical responsive shell in wave rollout,Operational; convergence verification pending,None observed in current wave or pending inspection,STANDARDIZE,SHARED_COMPONENT_CONVERGENCE,Converge onto governed shared component behavior,WP17C_CANONICAL_TABLE,frontend/src/pages/admin/AdminGuidanceCoverage.jsx,Canonical table anatomy + tokens,IMPLEMENTED,Imported from WP17C ledger · Shared shell/token convergence wave active · frontend/src/pages/admin/AdminGuidanceCoverage.jsx,PENDING
TABLE-149,admin,,,table_surface,ACTIVE,WP17D_CANONICAL_WAVE,PortalShell (canonical wp17d wave),Canonical glass header,Canonical sidebar in wave migration,Layered light base + navy grid + restrained glass,native_table,lucide-react (canonical wrapper convergence),ALIGN_LABEL,OPTIONAL_INLINE_HELP,Canonical footer boundary in wave rollout,Canonical responsive shell in wave rollout,Operational; convergence verification pending,None observed in current wave or pending inspection,STANDARDIZE,SHARED_COMPONENT_CONVERGENCE,Converge onto governed shared component behavior,WP17C_CANONICAL_TABLE,frontend/src/pages/admin/AdminGuidanceCoverage.jsx,Canonical table anatomy + tokens,IMPLEMENTED,Imported from WP17C ledger · Shared shell/token convergence wave active · frontend/src/pages/admin/AdminGuidanceCoverage.jsx,PENDING
TABLE-150,admin,,,table_surface,ACTIVE,WP17D_CANONICAL_WAVE,PortalShell (canonical wp17d wave),Canonical glass header,Canonical sidebar in wave migration,Layered light base + navy grid + restrained glass,native_table,lucide-react (canonical wrapper convergence),ALIGN_LABEL,OPTIONAL_INLINE_HELP,Canonical footer boundary in wave rollout,Canonical responsive shell in wave rollout,Operational; convergence verification pending,None observed in current wave or pending inspection,STANDARDIZE,SHARED_COMPONENT_CONVERGENCE,Converge onto governed shared component behavior,WP17C_CANONICAL_TABLE,frontend/src/pages/admin/AdminIntegrationCenter.jsx,Canonical table anatomy + tokens,IMPLEMENTED,Imported from WP17C ledger · Shared shell/token convergence wave active · frontend/src/pages/admin/AdminIntegrationCenter.jsx,PENDING
TABLE-151,admin,,,table_surface,ACTIVE,WP17D_CANONICAL_WAVE,PortalShell (canonical wp17d wave),Canonical glass header,Canonical sidebar in wave migration,Layered light base + navy grid + restrained glass,native_table,lucide-react (canonical wrapper convergence),ALIGN_LABEL,OPTIONAL_INLINE_HELP,Canonical footer boundary in wave rollout,Canonical responsive shell in wave rollout,Operational; convergence verification pending,None observed in current wave or pending inspection,STANDARDIZE,SHARED_COMPONENT_CONVERGENCE,Converge onto governed shared component behavior,WP17C_CANONICAL_TABLE,frontend/src/pages/admin/AdminIntegrationCenter.jsx,Canonical table anatomy + tokens,IMPLEMENTED,Imported from WP17C ledger · Shared shell/token convergence wave active · frontend/src/pages/admin/AdminIntegrationCenter.jsx,PENDING
TABLE-152,admin,,,table_surface,ACTIVE,WP17D_CANONICAL_WAVE,PortalShell (canonical wp17d wave),Canonical glass header,Canonical sidebar in wave migration,Layered light base + navy grid + restrained glass,native_table,lucide-react (canonical wrapper convergence),ALIGN_LABEL,OPTIONAL_INLINE_HELP,Canonical footer boundary in wave rollout,Canonical responsive shell in wave rollout,Operational; convergence verification pending,None observed in current wave or pending inspection,STANDARDIZE,SHARED_COMPONENT_CONVERGENCE,Converge onto governed shared component behavior,WP17C_CANONICAL_TABLE,frontend/src/pages/admin/AdminIntegrationCenter.jsx,Canonical table anatomy + tokens,IMPLEMENTED,Imported from WP17C ledger · Shared shell/token convergence wave active · frontend/src/pages/admin/AdminIntegrationCenter.jsx,PENDING
TABLE-153,admin,,,table_surface,ACTIVE,WP17D_CANONICAL_WAVE,PortalShell (canonical wp17d wave),Canonical glass header,Canonical sidebar in wave migration,Layered light base + navy grid + restrained glass,native_table,lucide-react (canonical wrapper convergence),ALIGN_LABEL,OPTIONAL_INLINE_HELP,Canonical footer boundary in wave rollout,Canonical responsive shell in wave rollout,Operational; convergence verification pending,None observed in current wave or pending inspection,STANDARDIZE,SHARED_COMPONENT_CONVERGENCE,Converge onto governed shared component behavior,WP17C_CANONICAL_TABLE,frontend/src/pages/admin/AdminIntegrationCenter.jsx,Canonical table anatomy + tokens,IMPLEMENTED,Imported from WP17C ledger · Shared shell/token convergence wave active · frontend/src/pages/admin/AdminIntegrationCenter.jsx,PENDING
TABLE-154,admin,,,table_surface,ACTIVE,WP17D_CANONICAL_WAVE,PortalShell (canonical wp17d wave),Canonical glass header,Canonical sidebar in wave migration,Layered light base + navy grid + restrained glass,native_table,lucide-react (canonical wrapper convergence),ALIGN_LABEL,OPTIONAL_INLINE_HELP,Canonical footer boundary in wave rollout,Canonical responsive shell in wave rollout,Operational; convergence verification pending,None observed in current wave or pending inspection,STANDARDIZE,SHARED_COMPONENT_CONVERGENCE,Converge onto governed shared component behavior,WP17C_CANONICAL_TABLE,frontend/src/pages/admin/AdminIntegrationCenter.jsx,Canonical table anatomy + tokens,IMPLEMENTED,Imported from WP17C ledger · Shared shell/token convergence wave active · frontend/src/pages/admin/AdminIntegrationCenter.jsx,PENDING
TABLE-155,admin,,,table_surface,ACTIVE,WP17D_CANONICAL_WAVE,PortalShell (canonical wp17d wave),Canonical glass header,Canonical sidebar in wave migration,Layered light base + navy grid + restrained glass,native_table,lucide-react (canonical wrapper convergence),ALIGN_LABEL,OPTIONAL_INLINE_HELP,Canonical footer boundary in wave rollout,Canonical responsive shell in wave rollout,Operational; convergence verification pending,None observed in current wave or pending inspection,STANDARDIZE,SHARED_COMPONENT_CONVERGENCE,Converge onto governed shared component behavior,WP17C_CANONICAL_TABLE,frontend/src/pages/admin/AdminJhaAcknowledgements.jsx,Canonical table anatomy + tokens,IMPLEMENTED,Imported from WP17C ledger · Shared shell/token convergence wave active · frontend/src/pages/admin/AdminJhaAcknowledgements.jsx,PENDING
TABLE-156,admin,,,table_surface,ACTIVE,WP17D_CANONICAL_WAVE,PortalShell (canonical wp17d wave),Canonical glass header,Canonical sidebar in wave migration,Layered light base + navy grid + restrained glass,native_table,lucide-react (canonical wrapper convergence),ALIGN_LABEL,OPTIONAL_INLINE_HELP,Canonical footer boundary in wave rollout,Canonical responsive shell in wave rollout,Operational; convergence verification pending,None observed in current wave or pending inspection,STANDARDIZE,SHARED_COMPONENT_CONVERGENCE,Converge onto governed shared component behavior,WP17C_CANONICAL_TABLE,frontend/src/pages/admin/AdminOperationalIntelligence.jsx,Canonical table anatomy + tokens,IMPLEMENTED,Imported from WP17C ledger · Shared shell/token convergence wave active · frontend/src/pages/admin/AdminOperationalIntelligence.jsx,PENDING
TABLE-157,admin,,,table_surface,ACTIVE,WP17D_CANONICAL_WAVE,PortalShell (canonical wp17d wave),Canonical glass header,Canonical sidebar in wave migration,Layered light base + navy grid + restrained glass,native_table,lucide-react (canonical wrapper convergence),ALIGN_LABEL,OPTIONAL_INLINE_HELP,Canonical footer boundary in wave rollout,Canonical responsive shell in wave rollout,Operational; convergence verification pending,None observed in current wave or pending inspection,STANDARDIZE,SHARED_COMPONENT_CONVERGENCE,Converge onto governed shared component behavior,WP17C_CANONICAL_TABLE,frontend/src/pages/admin/AdminOperationalIntelligenceRecipients.jsx,Canonical table anatomy + tokens,IMPLEMENTED,Imported from WP17C ledger · Shared shell/token convergence wave active · frontend/src/pages/admin/AdminOperationalIntelligenceRecipients.jsx,PENDING
TABLE-158,admin,,,table_surface,ACTIVE,WP17D_CANONICAL_WAVE,PortalShell (canonical wp17d wave),Canonical glass header,Canonical sidebar in wave migration,Layered light base + navy grid + restrained glass,native_table,lucide-react (canonical wrapper convergence),ALIGN_LABEL,OPTIONAL_INLINE_HELP,Canonical footer boundary in wave rollout,Canonical responsive shell in wave rollout,Operational; convergence verification pending,None observed in current wave or pending inspection,STANDARDIZE,SHARED_COMPONENT_CONVERGENCE,Converge onto governed shared component behavior,WP17C_CANONICAL_TABLE,frontend/src/pages/admin/AdminOperationalIntelligenceRecipients.jsx,Canonical table anatomy + tokens,IMPLEMENTED,Imported from WP17C ledger · Shared shell/token convergence wave active · frontend/src/pages/admin/AdminOperationalIntelligenceRecipients.jsx,PENDING
TABLE-159,admin,,,table_surface,ACTIVE,WP17D_CANONICAL_WAVE,PortalShell (canonical wp17d wave),Canonical glass header,Canonical sidebar in wave migration,Layered light base + navy grid + restrained glass,native_table,lucide-react (canonical wrapper convergence),ALIGN_LABEL,OPTIONAL_INLINE_HELP,Canonical footer boundary in wave rollout,Canonical responsive shell in wave rollout,Operational; convergence verification pending,None observed in current wave or pending inspection,STANDARDIZE,SHARED_COMPONENT_CONVERGENCE,Converge onto governed shared component behavior,WP17C_CANONICAL_TABLE,frontend/src/pages/admin/AdminOperationalIntelligenceRecipients.jsx,Canonical table anatomy + tokens,IMPLEMENTED,Imported from WP17C ledger · Shared shell/token convergence wave active · frontend/src/pages/admin/AdminOperationalIntelligenceRecipients.jsx,PENDING
TABLE-160,admin,,,table_surface,ACTIVE,WP17D_CANONICAL_WAVE,PortalShell (canonical wp17d wave),Canonical glass header,Canonical sidebar in wave migration,Layered light base + navy grid + restrained glass,native_table,lucide-react (canonical wrapper convergence),ALIGN_LABEL,OPTIONAL_INLINE_HELP,Canonical footer boundary in wave rollout,Canonical responsive shell in wave rollout,Operational; convergence verification pending,None observed in current wave or pending inspection,STANDARDIZE,SHARED_COMPONENT_CONVERGENCE,Converge onto governed shared component behavior,WP17C_CANONICAL_TABLE,frontend/src/pages/admin/AdminOperationalIntelligenceRecipients.jsx,Canonical table anatomy + tokens,IMPLEMENTED,Imported from WP17C ledger · Shared shell/token convergence wave active · frontend/src/pages/admin/AdminOperationalIntelligenceRecipients.jsx,PENDING
TABLE-161,admin,,,table_surface,ACTIVE,WP17D_CANONICAL_WAVE,PortalShell (canonical wp17d wave),Canonical glass header,Canonical sidebar in wave migration,Layered light base + navy grid + restrained glass,native_table,lucide-react (canonical wrapper convergence),ALIGN_LABEL,OPTIONAL_INLINE_HELP,Canonical footer boundary in wave rollout,Canonical responsive shell in wave rollout,Operational; convergence verification pending,None observed in current wave or pending inspection,REPRESENTATIVE_IMPLEMENTATION,SHARED_COMPONENT_CONVERGENCE,Converge onto governed shared component behavior,WP17C_CANONICAL_TABLE,frontend/src/pages/admin/AdminOperationalInventory.jsx,Canonical table anatomy + tokens,IMPLEMENTED,Imported from WP17C ledger · Shared shell/token convergence wave active · frontend/src/pages/admin/AdminOperationalInventory.jsx,PENDING
TABLE-162,admin,,,table_surface,ACTIVE,WP17D_CANONICAL_WAVE,PortalShell (canonical wp17d wave),Canonical glass header,Canonical sidebar in wave migration,Layered light base + navy grid + restrained glass,native_table,lucide-react (canonical wrapper convergence),ALIGN_LABEL,OPTIONAL_INLINE_HELP,Canonical footer boundary in wave rollout,Canonical responsive shell in wave rollout,Operational; convergence verification pending,None observed in current wave or pending inspection,REPRESENTATIVE_IMPLEMENTATION,SHARED_COMPONENT_CONVERGENCE,Converge onto governed shared component behavior,WP17C_CANONICAL_TABLE,frontend/src/pages/admin/AdminOperationalInventory.jsx,Canonical table anatomy + tokens,IMPLEMENTED,Imported from WP17C ledger · Shared shell/token convergence wave active · frontend/src/pages/admin/AdminOperationalInventory.jsx,PENDING
TABLE-163,admin,,,table_surface,ACTIVE,WP17D_CANONICAL_WAVE,PortalShell (canonical wp17d wave),Canonical glass header,Canonical sidebar in wave migration,Layered light base + navy grid + restrained glass,native_table,lucide-react (canonical wrapper convergence),ALIGN_LABEL,OPTIONAL_INLINE_HELP,Canonical footer boundary in wave rollout,Canonical responsive shell in wave rollout,Operational; convergence verification pending,None observed in current wave or pending inspection,REPRESENTATIVE_IMPLEMENTATION,SHARED_COMPONENT_CONVERGENCE,Converge onto governed shared component behavior,WP17C_CANONICAL_TABLE,frontend/src/pages/admin/AdminOperationalInventory.jsx,Canonical table anatomy + tokens,IMPLEMENTED,Imported from WP17C ledger · Shared shell/token convergence wave active · frontend/src/pages/admin/AdminOperationalInventory.jsx,PENDING
TABLE-164,admin,,,table_surface,ACTIVE,WP17D_CANONICAL_WAVE,PortalShell (canonical wp17d wave),Canonical glass header,Canonical sidebar in wave migration,Layered light base + navy grid + restrained glass,native_table,lucide-react (canonical wrapper convergence),ALIGN_LABEL,OPTIONAL_INLINE_HELP,Canonical footer boundary in wave rollout,Canonical responsive shell in wave rollout,Operational; convergence verification pending,None observed in current wave or pending inspection,REPRESENTATIVE_IMPLEMENTATION,SHARED_COMPONENT_CONVERGENCE,Converge onto governed shared component behavior,WP17C_CANONICAL_TABLE,frontend/src/pages/admin/AdminOperationalInventory.jsx,Canonical table anatomy + tokens,IMPLEMENTED,Imported from WP17C ledger · Shared shell/token convergence wave active · frontend/src/pages/admin/AdminOperationalInventory.jsx,PENDING
TABLE-165,admin,,,table_surface,ACTIVE,WP17D_CANONICAL_WAVE,PortalShell (canonical wp17d wave),Canonical glass header,Canonical sidebar in wave migration,Layered light base + navy grid + restrained glass,native_table,lucide-react (canonical wrapper convergence),ALIGN_LABEL,OPTIONAL_INLINE_HELP,Canonical footer boundary in wave rollout,Canonical responsive shell in wave rollout,Operational; convergence verification pending,None observed in current wave or pending inspection,REPRESENTATIVE_IMPLEMENTATION,SHARED_COMPONENT_CONVERGENCE,Converge onto governed shared component behavior,WP17C_CANONICAL_TABLE,frontend/src/pages/admin/AdminOperationalInventory.jsx,Canonical table anatomy + tokens,IMPLEMENTED,Imported from WP17C ledger · Shared shell/token convergence wave active · frontend/src/pages/admin/AdminOperationalInventory.jsx,PENDING
TABLE-166,admin,,,table_surface,ACTIVE,WP17D_CANONICAL_WAVE,PortalShell (canonical wp17d wave),Canonical glass header,Canonical sidebar in wave migration,Layered light base + navy grid + restrained glass,native_table,lucide-react (canonical wrapper convergence),ALIGN_LABEL,OPTIONAL_INLINE_HELP,Canonical footer boundary in wave rollout,Canonical responsive shell in wave rollout,Operational; convergence verification pending,None observed in current wave or pending inspection,REPRESENTATIVE_IMPLEMENTATION,SHARED_COMPONENT_CONVERGENCE,Converge onto governed shared component behavior,WP17C_CANONICAL_TABLE,frontend/src/pages/admin/AdminOperationalInventory.jsx,Canonical table anatomy + tokens,IMPLEMENTED,Imported from WP17C ledger · Shared shell/token convergence wave active · frontend/src/pages/admin/AdminOperationalInventory.jsx,PENDING
TABLE-167,admin,,,table_surface,ACTIVE,WP17D_CANONICAL_WAVE,PortalShell (canonical wp17d wave),Canonical glass header,Canonical sidebar in wave migration,Layered light base + navy grid + restrained glass,native_table,lucide-react (canonical wrapper convergence),ALIGN_LABEL,OPTIONAL_INLINE_HELP,Canonical footer boundary in wave rollout,Canonical responsive shell in wave rollout,Operational; convergence verification pending,None observed in current wave or pending inspection,STANDARDIZE,SHARED_COMPONENT_CONVERGENCE,Converge onto governed shared component behavior,WP17C_CANONICAL_TABLE,frontend/src/pages/admin/AdminOperationsDashboard.jsx,Canonical table anatomy + tokens,IMPLEMENTED,Imported from WP17C ledger · Shared shell/token convergence wave active · frontend/src/pages/admin/AdminOperationsDashboard.jsx,PENDING
TABLE-168,admin,,,table_surface,ACTIVE,WP17D_CANONICAL_WAVE,PortalShell (canonical wp17d wave),Canonical glass header,Canonical sidebar in wave migration,Layered light base + navy grid + restrained glass,native_table,lucide-react (canonical wrapper convergence),ALIGN_LABEL,OPTIONAL_INLINE_HELP,Canonical footer boundary in wave rollout,Canonical responsive shell in wave rollout,Operational; convergence verification pending,None observed in current wave or pending inspection,STANDARDIZE,SHARED_COMPONENT_CONVERGENCE,Converge onto governed shared component behavior,WP17C_CANONICAL_TABLE,frontend/src/pages/admin/AdminOperationsEvents.jsx,Canonical table anatomy + tokens,IMPLEMENTED,Imported from WP17C ledger · Shared shell/token convergence wave active · frontend/src/pages/admin/AdminOperationsEvents.jsx,PENDING
TABLE-169,admin,,,table_surface,ACTIVE,WP17D_CANONICAL_WAVE,PortalShell (canonical wp17d wave),Canonical glass header,Canonical sidebar in wave migration,Layered light base + navy grid + restrained glass,native_table,lucide-react (canonical wrapper convergence),ALIGN_LABEL,OPTIONAL_INLINE_HELP,Canonical footer boundary in wave rollout,Canonical responsive shell in wave rollout,Operational; convergence verification pending,None observed in current wave or pending inspection,STANDARDIZE,SHARED_COMPONENT_CONVERGENCE,Converge onto governed shared component behavior,WP17C_CANONICAL_TABLE,frontend/src/pages/admin/AdminSessions.jsx,Canonical table anatomy + tokens,IMPLEMENTED,Imported from WP17C ledger · Shared shell/token convergence wave active · frontend/src/pages/admin/AdminSessions.jsx,PENDING
TABLE-170,admin,,,table_surface,ACTIVE,WP17D_CANONICAL_WAVE,PortalShell (canonical wp17d wave),Canonical glass header,Canonical sidebar in wave migration,Layered light base + navy grid + restrained glass,native_table,lucide-react (canonical wrapper convergence),ALIGN_LABEL,OPTIONAL_INLINE_HELP,Canonical footer boundary in wave rollout,Canonical responsive shell in wave rollout,Operational; convergence verification pending,None observed in current wave or pending inspection,STANDARDIZE,SHARED_COMPONENT_CONVERGENCE,Converge onto governed shared component behavior,WP17C_CANONICAL_TABLE,frontend/src/pages/admin/AdminStorageRecovery.jsx,Canonical table anatomy + tokens,IMPLEMENTED,Imported from WP17C ledger · Shared shell/token convergence wave active · frontend/src/pages/admin/AdminStorageRecovery.jsx,PENDING
TABLE-171,public_shared,,,table_surface,ACTIVE,WP17D_CANONICAL_WAVE,WP17 public shell,Canonical glass header,Mixed or contextual navigation,Layered light base + navy grid + restrained glass,native_table,lucide-react (canonical wrapper convergence),ALIGN_LABEL,OPTIONAL_INLINE_HELP,Canonical footer boundary in wave rollout,Canonical responsive shell in wave rollout,Under active convergence repair,None observed in current wave or pending inspection,STANDARDIZE,FIRST_WAVE_REPAIR_AND_CONVERGENCE,Converge onto governed shared component behavior,WP17C_CANONICAL_TABLE,frontend/src/pages/admin/IntegrationTruth.jsx,Canonical table anatomy + tokens,MIGRATING,Imported from WP17C ledger · Shared shell/token convergence wave active · Executive first-priority repair wave · frontend/src/pages/admin/IntegrationTruth.jsx,PENDING
TABLE-172,public_shared,,,table_surface,ACTIVE,WP17D_CANONICAL_WAVE,WP17 public shell,Canonical glass header,Mixed or contextual navigation,Layered light base + navy grid + restrained glass,native_table,lucide-react (canonical wrapper convergence),ALIGN_LABEL,OPTIONAL_INLINE_HELP,Canonical footer boundary in wave rollout,Canonical responsive shell in wave rollout,Under active convergence repair,None observed in current wave or pending inspection,STANDARDIZE,FIRST_WAVE_REPAIR_AND_CONVERGENCE,Converge onto governed shared component behavior,WP17C_CANONICAL_TABLE,frontend/src/pages/admin/IntegrationTruth.jsx,Canonical table anatomy + tokens,MIGRATING,Imported from WP17C ledger · Shared shell/token convergence wave active · Executive first-priority repair wave · frontend/src/pages/admin/IntegrationTruth.jsx,PENDING
TABLE-173,public_shared,,,table_surface,ACTIVE,WP17D_CANONICAL_WAVE,WP17 public shell,Canonical glass header,Mixed or contextual navigation,Layered light base + navy grid + restrained glass,native_table,lucide-react (canonical wrapper convergence),ALIGN_LABEL,OPTIONAL_INLINE_HELP,Canonical footer boundary in wave rollout,Canonical responsive shell in wave rollout,Under active convergence repair,None observed in current wave or pending inspection,STANDARDIZE,FIRST_WAVE_REPAIR_AND_CONVERGENCE,Converge onto governed shared component behavior,WP17C_CANONICAL_TABLE,frontend/src/pages/admin/PreviewValidationIdentities.jsx,Canonical table anatomy + tokens,MIGRATING,Imported from WP17C ledger · Shared shell/token convergence wave active · Executive first-priority repair wave · frontend/src/pages/admin/PreviewValidationIdentities.jsx,PENDING
TABLE-174,public_shared,,,table_surface,ACTIVE,WP17D_CANONICAL_WAVE,WP17 public shell,Canonical glass header,Mixed or contextual navigation,Layered light base + navy grid + restrained glass,native_table,lucide-react (canonical wrapper convergence),ALIGN_LABEL,OPTIONAL_INLINE_HELP,Canonical footer boundary in wave rollout,Canonical responsive shell in wave rollout,Under active convergence repair,None observed in current wave or pending inspection,STANDARDIZE,FIRST_WAVE_REPAIR_AND_CONVERGENCE,Converge onto governed shared component behavior,WP17C_CANONICAL_TABLE,frontend/src/pages/shop/UnitHistoryTimeline.jsx,Canonical table anatomy + tokens,MIGRATING,Imported from WP17C ledger · Shared shell/token convergence wave active · Executive first-priority repair wave · frontend/src/pages/shop/UnitHistoryTimeline.jsx,PENDING
TABLE-175,public_shared,,,table_surface,ACTIVE,WP17D_CANONICAL_WAVE,WP17 public shell,Canonical glass header,Mixed or contextual navigation,Layered light base + navy grid + restrained glass,native_table,lucide-react (canonical wrapper convergence),ALIGN_LABEL,OPTIONAL_INLINE_HELP,Canonical footer boundary in wave rollout,Canonical responsive shell in wave rollout,Under active convergence repair,None observed in current wave or pending inspection,STANDARDIZE,FIRST_WAVE_REPAIR_AND_CONVERGENCE,Converge onto governed shared component behavior,WP17C_CANONICAL_TABLE,frontend/src/pages/shop/UnitHistoryTimeline.jsx,Canonical table anatomy + tokens,MIGRATING,Imported from WP17C ledger · Shared shell/token convergence wave active · Executive first-priority repair wave · frontend/src/pages/shop/UnitHistoryTimeline.jsx,PENDING
TABLE-176,public_shared,,,table_surface,ACTIVE,WP17D_CANONICAL_WAVE,WP17 public shell,Canonical glass header,Mixed or contextual navigation,Layered light base + navy grid + restrained glass,native_table,lucide-react (canonical wrapper convergence),ALIGN_LABEL,OPTIONAL_INLINE_HELP,Canonical footer boundary in wave rollout,Canonical responsive shell in wave rollout,Under active convergence repair,None observed in current wave or pending inspection,STANDARDIZE,FIRST_WAVE_REPAIR_AND_CONVERGENCE,Converge onto governed shared component behavior,WP17C_CANONICAL_TABLE,frontend/src/pages/transportation/_command_queue.jsx,Canonical table anatomy + tokens,MIGRATING,Imported from WP17C ledger · Shared shell/token convergence wave active · Executive first-priority repair wave · frontend/src/pages/transportation/_command_queue.jsx,PENDING
TABLE-177,public_shared,,,table_surface,ACTIVE,WP17D_CANONICAL_WAVE,WP17 public shell,Canonical glass header,Mixed or contextual navigation,Layered light base + navy grid + restrained glass,native_table,lucide-react (canonical wrapper convergence),ALIGN_LABEL,OPTIONAL_INLINE_HELP,Canonical footer boundary in wave rollout,Canonical responsive shell in wave rollout,Under active convergence repair,None observed in current wave or pending inspection,STANDARDIZE,FIRST_WAVE_REPAIR_AND_CONVERGENCE,Converge onto governed shared component behavior,WP17C_CANONICAL_TABLE,frontend/src/pages/transportation/_lists.jsx,Canonical table anatomy + tokens,MIGRATING,Imported from WP17C ledger · Shared shell/token convergence wave active · Executive first-priority repair wave · frontend/src/pages/transportation/_lists.jsx,PENDING
TABLE-178,public_shared,,,table_surface,ACTIVE,WP17D_CANONICAL_WAVE,WP17 public shell,Canonical glass header,Mixed or contextual navigation,Layered light base + navy grid + restrained glass,native_table,lucide-react (canonical wrapper convergence),ALIGN_LABEL,OPTIONAL_INLINE_HELP,Canonical footer boundary in wave rollout,Canonical responsive shell in wave rollout,Under active convergence repair,None observed in current wave or pending inspection,STANDARDIZE,FIRST_WAVE_REPAIR_AND_CONVERGENCE,Converge onto governed shared component behavior,WP17C_CANONICAL_TABLE,frontend/src/pages/transportation/_lists.jsx,Canonical table anatomy + tokens,MIGRATING,Imported from WP17C ledger · Shared shell/token convergence wave active · Executive first-priority repair wave · frontend/src/pages/transportation/_lists.jsx,PENDING
TABLE-179,public_shared,,,table_surface,ACTIVE,WP17D_CANONICAL_WAVE,WP17 public shell,Canonical glass header,Mixed or contextual navigation,Layered light base + navy grid + restrained glass,native_table,lucide-react (canonical wrapper convergence),ALIGN_LABEL,OPTIONAL_INLINE_HELP,Canonical footer boundary in wave rollout,Canonical responsive shell in wave rollout,Under active convergence repair,None observed in current wave or pending inspection,STANDARDIZE,FIRST_WAVE_REPAIR_AND_CONVERGENCE,Converge onto governed shared component behavior,WP17C_CANONICAL_TABLE,frontend/src/pages/transportation/_lists.jsx,Canonical table anatomy + tokens,MIGRATING,Imported from WP17C ledger · Shared shell/token convergence wave active · Executive first-priority repair wave · frontend/src/pages/transportation/_lists.jsx,PENDING
TABLE-180,public_shared,,,table_surface,ACTIVE,WP17D_CANONICAL_WAVE,WP17 public shell,Canonical glass header,Mixed or contextual navigation,Layered light base + navy grid + restrained glass,native_table,lucide-react (canonical wrapper convergence),ALIGN_LABEL,OPTIONAL_INLINE_HELP,Canonical footer boundary in wave rollout,Canonical responsive shell in wave rollout,Under active convergence repair,None observed in current wave or pending inspection,STANDARDIZE,FIRST_WAVE_REPAIR_AND_CONVERGENCE,Converge onto governed shared component behavior,WP17C_CANONICAL_TABLE,frontend/src/pages/transportation/_lists.jsx,Canonical table anatomy + tokens,MIGRATING,Imported from WP17C ledger · Shared shell/token convergence wave active · Executive first-priority repair wave · frontend/src/pages/transportation/_lists.jsx,PENDING
TABLE-181,public_shared,,,table_surface,ACTIVE,WP17D_CANONICAL_WAVE,WP17 public shell,Canonical glass header,Mixed or contextual navigation,Layered light base + navy grid + restrained glass,native_table,lucide-react (canonical wrapper convergence),ALIGN_LABEL,OPTIONAL_INLINE_HELP,Canonical footer boundary in wave rollout,Canonical responsive shell in wave rollout,Under active convergence repair,None observed in current wave or pending inspection,STANDARDIZE,FIRST_WAVE_REPAIR_AND_CONVERGENCE,Converge onto governed shared component behavior,WP17C_CANONICAL_TABLE,frontend/src/pages/transportation/_lists.jsx,Canonical table anatomy + tokens,MIGRATING,Imported from WP17C ledger · Shared shell/token convergence wave active · Executive first-priority repair wave · frontend/src/pages/transportation/_lists.jsx,PENDING
TABLE-182,public_shared,,,table_surface,ACTIVE,WP17D_CANONICAL_WAVE,WP17 public shell,Canonical glass header,Mixed or contextual navigation,Layered light base + navy grid + restrained glass,native_table,lucide-react (canonical wrapper convergence),ALIGN_LABEL,OPTIONAL_INLINE_HELP,Canonical footer boundary in wave rollout,Canonical responsive shell in wave rollout,Under active convergence repair,None observed in current wave or pending inspection,STANDARDIZE,FIRST_WAVE_REPAIR_AND_CONVERGENCE,Converge onto governed shared component behavior,WP17C_CANONICAL_TABLE,frontend/src/pages/transportation/_lists.jsx,Canonical table anatomy + tokens,MIGRATING,Imported from WP17C ledger · Shared shell/token convergence wave active · Executive first-priority repair wave · frontend/src/pages/transportation/_lists.jsx,PENDING
TABLE-183,public_shared,,,table_surface,ACTIVE,WP17D_CANONICAL_WAVE,WP17 public shell,Canonical glass header,Mixed or contextual navigation,Layered light base + navy grid + restrained glass,native_table,lucide-react (canonical wrapper convergence),ALIGN_LABEL,OPTIONAL_INLINE_HELP,Canonical footer boundary in wave rollout,Canonical responsive shell in wave rollout,Under active convergence repair,None observed in current wave or pending inspection,STANDARDIZE,FIRST_WAVE_REPAIR_AND_CONVERGENCE,Converge onto governed shared component behavior,WP17C_CANONICAL_TABLE,frontend/src/pages/transportation/_lists.jsx,Canonical table anatomy + tokens,MIGRATING,Imported from WP17C ledger · Shared shell/token convergence wave active · Executive first-priority repair wave · frontend/src/pages/transportation/_lists.jsx,PENDING
TABLE-184,public_shared,,,table_surface,ACTIVE,WP17D_CANONICAL_WAVE,WP17 public shell,Canonical glass header,Mixed or contextual navigation,Layered light base + navy grid + restrained glass,native_table,lucide-react (canonical wrapper convergence),ALIGN_LABEL,OPTIONAL_INLINE_HELP,Canonical footer boundary in wave rollout,Canonical responsive shell in wave rollout,Under active convergence repair,None observed in current wave or pending inspection,STANDARDIZE,FIRST_WAVE_REPAIR_AND_CONVERGENCE,Converge onto governed shared component behavior,WP17C_CANONICAL_TABLE,frontend/src/pages/transportation/_lists.jsx,Canonical table anatomy + tokens,MIGRATING,Imported from WP17C ledger · Shared shell/token convergence wave active · Executive first-priority repair wave · frontend/src/pages/transportation/_lists.jsx,PENDING
TABLE-185,public_shared,,,table_surface,ACTIVE,WP17D_CANONICAL_WAVE,WP17 public shell,Canonical glass header,Mixed or contextual navigation,Layered light base + navy grid + restrained glass,native_table,lucide-react (canonical wrapper convergence),ALIGN_LABEL,OPTIONAL_INLINE_HELP,Canonical footer boundary in wave rollout,Canonical responsive shell in wave rollout,Under active convergence repair,None observed in current wave or pending inspection,STANDARDIZE,FIRST_WAVE_REPAIR_AND_CONVERGENCE,Converge onto governed shared component behavior,WP17C_CANONICAL_TABLE,frontend/src/pages/transportation/_modals.jsx,Canonical table anatomy + tokens,MIGRATING,Imported from WP17C ledger · Shared shell/token convergence wave active · Executive first-priority repair wave · frontend/src/pages/transportation/_modals.jsx,PENDING
TABLE-186,public_shared,,,table_surface,ACTIVE,WP17D_CANONICAL_WAVE,WP17 public shell,Canonical glass header,Mixed or contextual navigation,Layered light base + navy grid + restrained glass,native_table,lucide-react (canonical wrapper convergence),ALIGN_LABEL,OPTIONAL_INLINE_HELP,Canonical footer boundary in wave rollout,Canonical responsive shell in wave rollout,Under active convergence repair,None observed in current wave or pending inspection,STANDARDIZE,FIRST_WAVE_REPAIR_AND_CONVERGENCE,Converge onto governed shared component behavior,WP17C_CANONICAL_TABLE,frontend/src/pages/transportation/_orientation.jsx,Canonical table anatomy + tokens,MIGRATING,Imported from WP17C ledger · Shared shell/token convergence wave active · Executive first-priority repair wave · frontend/src/pages/transportation/_orientation.jsx,PENDING
TABLE-187,public_shared,,,table_surface,ACTIVE,WP17D_CANONICAL_WAVE,WP17 public shell,Canonical glass header,Mixed or contextual navigation,Layered light base + navy grid + restrained glass,native_table,lucide-react (canonical wrapper convergence),ALIGN_LABEL,OPTIONAL_INLINE_HELP,Canonical footer boundary in wave rollout,Canonical responsive shell in wave rollout,Under active convergence repair,None observed in current wave or pending inspection,STANDARDIZE,FIRST_WAVE_REPAIR_AND_CONVERGENCE,Converge onto governed shared component behavior,WP17C_CANONICAL_TABLE,frontend/src/pages/transportation/_orientation.jsx,Canonical table anatomy + tokens,MIGRATING,Imported from WP17C ledger · Shared shell/token convergence wave active · Executive first-priority repair wave · frontend/src/pages/transportation/_orientation.jsx,PENDING
TABLE-188,public_shared,,,table_surface,ACTIVE,WP17D_CANONICAL_WAVE,WP17 public shell,Canonical glass header,Mixed or contextual navigation,Layered light base + navy grid + restrained glass,native_table,lucide-react (canonical wrapper convergence),ALIGN_LABEL,OPTIONAL_INLINE_HELP,Canonical footer boundary in wave rollout,Canonical responsive shell in wave rollout,Under active convergence repair,None observed in current wave or pending inspection,STANDARDIZE,FIRST_WAVE_REPAIR_AND_CONVERGENCE,Converge onto governed shared component behavior,WP17C_CANONICAL_TABLE,frontend/src/pages/transportation/_orientation.jsx,Canonical table anatomy + tokens,MIGRATING,Imported from WP17C ledger · Shared shell/token convergence wave active · Executive first-priority repair wave · frontend/src/pages/transportation/_orientation.jsx,PENDING
TABLE-189,public_shared,,,table_surface,ACTIVE,WP17D_CANONICAL_WAVE,WP17 public shell,Canonical glass header,Mixed or contextual navigation,Layered light base + navy grid + restrained glass,native_table,lucide-react (canonical wrapper convergence),ALIGN_LABEL,OPTIONAL_INLINE_HELP,Canonical footer boundary in wave rollout,Canonical responsive shell in wave rollout,Under active convergence repair,None observed in current wave or pending inspection,STANDARDIZE,FIRST_WAVE_REPAIR_AND_CONVERGENCE,Converge onto governed shared component behavior,WP17C_CANONICAL_TABLE,frontend/src/pages/transportation/_orientation.jsx,Canonical table anatomy + tokens,MIGRATING,Imported from WP17C ledger · Shared shell/token convergence wave active · Executive first-priority repair wave · frontend/src/pages/transportation/_orientation.jsx,PENDING
TABLE-190,public_shared,,,table_surface,ACTIVE,WP17D_CANONICAL_WAVE,WP17 public shell,Canonical glass header,Mixed or contextual navigation,Layered light base + navy grid + restrained glass,native_table,lucide-react (canonical wrapper convergence),ALIGN_LABEL,OPTIONAL_INLINE_HELP,Canonical footer boundary in wave rollout,Canonical responsive shell in wave rollout,Under active convergence repair,None observed in current wave or pending inspection,STANDARDIZE,FIRST_WAVE_REPAIR_AND_CONVERGENCE,Converge onto governed shared component behavior,WP17C_CANONICAL_TABLE,frontend/src/pages/transportation/_views.jsx,Canonical table anatomy + tokens,MIGRATING,Imported from WP17C ledger · Shared shell/token convergence wave active · Executive first-priority repair wave · frontend/src/pages/transportation/_views.jsx,PENDING
TABLE-191,public_shared,,,table_surface,ACTIVE,WP17D_CANONICAL_WAVE,WP17 public shell,Canonical glass header,Mixed or contextual navigation,Layered light base + navy grid + restrained glass,native_table,lucide-react (canonical wrapper convergence),ALIGN_LABEL,OPTIONAL_INLINE_HELP,Canonical footer boundary in wave rollout,Canonical responsive shell in wave rollout,Under active convergence repair,None observed in current wave or pending inspection,STANDARDIZE,FIRST_WAVE_REPAIR_AND_CONVERGENCE,Converge onto governed shared component behavior,WP17C_CANONICAL_TABLE,frontend/src/pages/transportation/_views.jsx,Canonical table anatomy + tokens,MIGRATING,Imported from WP17C ledger · Shared shell/token convergence wave active · Executive first-priority repair wave · frontend/src/pages/transportation/_views.jsx,PENDING
TABLE-192,public_shared,,,table_surface,ACTIVE,WP17D_CANONICAL_WAVE,WP17 public shell,Canonical glass header,Mixed or contextual navigation,Layered light base + navy grid + restrained glass,native_table,lucide-react (canonical wrapper convergence),ALIGN_LABEL,OPTIONAL_INLINE_HELP,Canonical footer boundary in wave rollout,Canonical responsive shell in wave rollout,Under active convergence repair,None observed in current wave or pending inspection,STANDARDIZE,FIRST_WAVE_REPAIR_AND_CONVERGENCE,Converge onto governed shared component behavior,WP17C_CANONICAL_TABLE,frontend/src/pages/transportation/_views.jsx,Canonical table anatomy + tokens,MIGRATING,Imported from WP17C ledger · Shared shell/token convergence wave active · Executive first-priority repair wave · frontend/src/pages/transportation/_views.jsx,PENDING
TABLE-193,safety,,,table_surface,ACTIVE,WP17D_CANONICAL_WAVE,PortalShell (canonical wp17d wave),Canonical glass header,Canonical sidebar in wave migration,Layered light base + navy grid + restrained glass,native_table,lucide-react (canonical wrapper convergence),ALIGN_LABEL,OPTIONAL_INLINE_HELP,Canonical footer boundary in wave rollout,Canonical responsive shell in wave rollout,Operational; convergence verification pending,None observed in current wave or pending inspection,STANDARDIZE,SHARED_COMPONENT_CONVERGENCE,Converge onto governed shared component behavior,WP17C_CANONICAL_TABLE,frontend/src/pages/trench_safety/TrenchSafetyAssetDetail.jsx,Canonical table anatomy + tokens,IMPLEMENTED,Imported from WP17C ledger · Shared shell/token convergence wave active · frontend/src/pages/trench_safety/TrenchSafetyAssetDetail.jsx,PENDING
TABLE-194,safety,,,table_surface,ACTIVE,WP17D_CANONICAL_WAVE,PortalShell (canonical wp17d wave),Canonical glass header,Canonical sidebar in wave migration,Layered light base + navy grid + restrained glass,native_table,lucide-react (canonical wrapper convergence),ALIGN_LABEL,OPTIONAL_INLINE_HELP,Canonical footer boundary in wave rollout,Canonical responsive shell in wave rollout,Operational; convergence verification pending,None observed in current wave or pending inspection,STANDARDIZE,SHARED_COMPONENT_CONVERGENCE,Converge onto governed shared component behavior,WP17C_CANONICAL_TABLE,frontend/src/pages/trench_safety/TrenchSafetyAssetsList.jsx,Canonical table anatomy + tokens,IMPLEMENTED,Imported from WP17C ledger · Shared shell/token convergence wave active · frontend/src/pages/trench_safety/TrenchSafetyAssetsList.jsx,PENDING
TABLE-195,safety,,,table_surface,ACTIVE,WP17D_CANONICAL_WAVE,PortalShell (canonical wp17d wave),Canonical glass header,Canonical sidebar in wave migration,Layered light base + navy grid + restrained glass,native_table,lucide-react (canonical wrapper convergence),ALIGN_LABEL,OPTIONAL_INLINE_HELP,Canonical footer boundary in wave rollout,Canonical responsive shell in wave rollout,Operational; convergence verification pending,None observed in current wave or pending inspection,STANDARDIZE,SHARED_COMPONENT_CONVERGENCE,Converge onto governed shared component behavior,WP17C_CANONICAL_TABLE,frontend/src/pages/trench_safety/TrenchSafetyPolish.jsx,Canonical table anatomy + tokens,IMPLEMENTED,Imported from WP17C ledger · Shared shell/token convergence wave active · frontend/src/pages/trench_safety/TrenchSafetyPolish.jsx,PENDING
TABLE-196,safety,,,table_surface,ACTIVE,WP17D_CANONICAL_WAVE,PortalShell (canonical wp17d wave),Canonical glass header,Canonical sidebar in wave migration,Layered light base + navy grid + restrained glass,native_table,lucide-react (canonical wrapper convergence),ALIGN_LABEL,OPTIONAL_INLINE_HELP,Canonical footer boundary in wave rollout,Canonical responsive shell in wave rollout,Operational; convergence verification pending,None observed in current wave or pending inspection,STANDARDIZE,SHARED_COMPONENT_CONVERGENCE,Converge onto governed shared component behavior,WP17C_CANONICAL_TABLE,frontend/src/pages/trench_safety/TrenchSafetyReports.jsx,Canonical table anatomy + tokens,IMPLEMENTED,Imported from WP17C ledger · Shared shell/token convergence wave active · frontend/src/pages/trench_safety/TrenchSafetyReports.jsx,PENDING
OVERLAY-001,admin,,,Dialog_surface,ACTIVE,WP17D_CANONICAL_WAVE,PortalShell (canonical wp17d wave),Canonical glass header,Canonical sidebar in wave migration,Layered light base + navy grid + restrained glass,Dialog,lucide-react (canonical wrapper convergence),ALIGN_LABEL,N/A,Canonical footer boundary in wave rollout,Canonical responsive shell in wave rollout,Operational; convergence verification pending,None observed in current wave or pending inspection,STANDARDIZE,PORTAL_MIGRATION,Inspect and repair defects encountered during migration,WP17C_CANONICAL_OVERLAY,components/AdminAccessControlPanel.jsx,Canonical overlay foundation,IMPLEMENTED,Imported from WP17C ledger · Shared shell/token convergence wave active · components/AdminAccessControlPanel.jsx,PENDING
OVERLAY-002,admin,,,Dialog_surface,ACTIVE,WP17D_CANONICAL_WAVE,PortalShell (canonical wp17d wave),Canonical glass header,Canonical sidebar in wave migration,Layered light base + navy grid + restrained glass,Dialog,lucide-react (canonical wrapper convergence),ALIGN_LABEL,N/A,Canonical footer boundary in wave rollout,Canonical responsive shell in wave rollout,Operational; convergence verification pending,None observed in current wave or pending inspection,STANDARDIZE,PORTAL_MIGRATION,Inspect and repair defects encountered during migration,WP17C_CANONICAL_OVERLAY,components/AdminBannersPanel.jsx,Canonical overlay foundation,IMPLEMENTED,Imported from WP17C ledger · Shared shell/token convergence wave active · components/AdminBannersPanel.jsx,PENDING
OVERLAY-003,admin,,,Dialog_surface,ACTIVE,WP17D_CANONICAL_WAVE,PortalShell (canonical wp17d wave),Canonical glass header,Canonical sidebar in wave migration,Layered light base + navy grid + restrained glass,Dialog,lucide-react (canonical wrapper convergence),ALIGN_LABEL,N/A,Canonical footer boundary in wave rollout,Canonical responsive shell in wave rollout,Operational; convergence verification pending,None observed in current wave or pending inspection,STANDARDIZE,PORTAL_MIGRATION,Inspect and repair defects encountered during migration,WP17C_CANONICAL_OVERLAY,components/AdminDispatchUsersPanel.jsx,Canonical overlay foundation,IMPLEMENTED,Imported from WP17C ledger · Shared shell/token convergence wave active · components/AdminDispatchUsersPanel.jsx,PENDING
OVERLAY-004,admin,,,Dialog_surface,ACTIVE,WP17D_CANONICAL_WAVE,PortalShell (canonical wp17d wave),Canonical glass header,Canonical sidebar in wave migration,Layered light base + navy grid + restrained glass,Dialog,lucide-react (canonical wrapper convergence),ALIGN_LABEL,N/A,Canonical footer boundary in wave rollout,Canonical responsive shell in wave rollout,Operational; convergence verification pending,None observed in current wave or pending inspection,STANDARDIZE,PORTAL_MIGRATION,Inspect and repair defects encountered during migration,WP17C_CANONICAL_OVERLAY,components/AdminFieldLeadershipUsersPanel.jsx,Canonical overlay foundation,IMPLEMENTED,Imported from WP17C ledger · Shared shell/token convergence wave active · components/AdminFieldLeadershipUsersPanel.jsx,PENDING
OVERLAY-005,admin,,,Dialog_surface,ACTIVE,WP17D_CANONICAL_WAVE,PortalShell (canonical wp17d wave),Canonical glass header,Canonical sidebar in wave migration,Layered light base + navy grid + restrained glass,Dialog,lucide-react (canonical wrapper convergence),ALIGN_LABEL,N/A,Canonical footer boundary in wave rollout,Canonical responsive shell in wave rollout,Operational; convergence verification pending,None observed in current wave or pending inspection,STANDARDIZE,PORTAL_MIGRATION,Inspect and repair defects encountered during migration,WP17C_CANONICAL_OVERLAY,components/AdminHRUsersPanel.jsx,Canonical overlay foundation,IMPLEMENTED,Imported from WP17C ledger · Shared shell/token convergence wave active · components/AdminHRUsersPanel.jsx,PENDING
OVERLAY-006,admin,,,Dialog_surface,ACTIVE,WP17D_CANONICAL_WAVE,PortalShell (canonical wp17d wave),Canonical glass header,Canonical sidebar in wave migration,Layered light base + navy grid + restrained glass,Dialog,lucide-react (canonical wrapper convergence),ALIGN_LABEL,N/A,Canonical footer boundary in wave rollout,Canonical responsive shell in wave rollout,Operational; convergence verification pending,None observed in current wave or pending inspection,STANDARDIZE,PORTAL_MIGRATION,Inspect and repair defects encountered during migration,WP17C_CANONICAL_OVERLAY,components/AdminJobMasterPanel.jsx,Canonical overlay foundation,IMPLEMENTED,Imported from WP17C ledger · Shared shell/token convergence wave active · components/AdminJobMasterPanel.jsx,PENDING
OVERLAY-007,admin,,,Dialog_surface,ACTIVE,WP17D_CANONICAL_WAVE,PortalShell (canonical wp17d wave),Canonical glass header,Canonical sidebar in wave migration,Layered light base + navy grid + restrained glass,Dialog,lucide-react (canonical wrapper convergence),ALIGN_LABEL,N/A,Canonical footer boundary in wave rollout,Canonical responsive shell in wave rollout,Operational; convergence verification pending,None observed in current wave or pending inspection,STANDARDIZE,PORTAL_MIGRATION,Inspect and repair defects encountered during migration,WP17C_CANONICAL_OVERLAY,components/AdminPMPanel.jsx,Canonical overlay foundation,IMPLEMENTED,Imported from WP17C ledger · Shared shell/token convergence wave active · components/AdminPMPanel.jsx,PENDING
OVERLAY-008,admin,,,Dialog_surface,ACTIVE,WP17D_CANONICAL_WAVE,PortalShell (canonical wp17d wave),Canonical glass header,Canonical sidebar in wave migration,Layered light base + navy grid + restrained glass,Dialog,lucide-react (canonical wrapper convergence),ALIGN_LABEL,N/A,Canonical footer boundary in wave rollout,Canonical responsive shell in wave rollout,Operational; convergence verification pending,None observed in current wave or pending inspection,STANDARDIZE,PORTAL_MIGRATION,Inspect and repair defects encountered during migration,WP17C_CANONICAL_OVERLAY,components/AdminPasswordConfirm.jsx,Canonical overlay foundation,IMPLEMENTED,Imported from WP17C ledger · Shared shell/token convergence wave active · components/AdminPasswordConfirm.jsx,PENDING
OVERLAY-009,admin,,,Dialog_surface,ACTIVE,WP17D_CANONICAL_WAVE,PortalShell (canonical wp17d wave),Canonical glass header,Canonical sidebar in wave migration,Layered light base + navy grid + restrained glass,Dialog,lucide-react (canonical wrapper convergence),ALIGN_LABEL,N/A,Canonical footer boundary in wave rollout,Canonical responsive shell in wave rollout,Operational; convergence verification pending,None observed in current wave or pending inspection,STANDARDIZE,PORTAL_MIGRATION,Inspect and repair defects encountered during migration,WP17C_CANONICAL_OVERLAY,components/AdminSafetyUsersPanel.jsx,Canonical overlay foundation,IMPLEMENTED,Imported from WP17C ledger · Shared shell/token convergence wave active · components/AdminSafetyUsersPanel.jsx,PENDING
OVERLAY-010,admin,,,Dialog_surface,ACTIVE,WP17D_CANONICAL_WAVE,PortalShell (canonical wp17d wave),Canonical glass header,Canonical sidebar in wave migration,Layered light base + navy grid + restrained glass,Dialog,lucide-react (canonical wrapper convergence),ALIGN_LABEL,N/A,Canonical footer boundary in wave rollout,Canonical responsive shell in wave rollout,Operational; convergence verification pending,None observed in current wave or pending inspection,STANDARDIZE,PORTAL_MIGRATION,Inspect and repair defects encountered during migration,WP17C_CANONICAL_OVERLAY,components/AdminShopUsersPanel.jsx,Canonical overlay foundation,IMPLEMENTED,Imported from WP17C ledger · Shared shell/token convergence wave active · components/AdminShopUsersPanel.jsx,PENDING
OVERLAY-011,public_shared,,,Dialog_surface,ACTIVE,WP17D_CANONICAL_WAVE,WP17 public shell,Canonical glass header,Mixed or contextual navigation,Layered light base + navy grid + restrained glass,Dialog,lucide-react (canonical wrapper convergence),ALIGN_LABEL,N/A,Canonical footer boundary in wave rollout,Canonical responsive shell in wave rollout,Under active convergence repair,None observed in current wave or pending inspection,STANDARDIZE,FIRST_WAVE_REPAIR_AND_CONVERGENCE,Inspect and repair defects encountered during migration,WP17C_CANONICAL_OVERLAY,components/AttendeeBulkAddDialog.jsx,Canonical overlay foundation,MIGRATING,Imported from WP17C ledger · Shared shell/token convergence wave active · Executive first-priority repair wave · components/AttendeeBulkAddDialog.jsx,PENDING
OVERLAY-012,public_shared,,,Dialog_surface,ACTIVE,WP17D_CANONICAL_WAVE,WP17 public shell,Canonical glass header,Mixed or contextual navigation,Layered light base + navy grid + restrained glass,Dialog,lucide-react (canonical wrapper convergence),ALIGN_LABEL,N/A,Canonical footer boundary in wave rollout,Canonical responsive shell in wave rollout,Under active convergence repair,None observed in current wave or pending inspection,STANDARDIZE,FIRST_WAVE_REPAIR_AND_CONVERGENCE,Inspect and repair defects encountered during migration,WP17C_CANONICAL_OVERLAY,components/BackupHeroPanel.jsx,Canonical overlay foundation,MIGRATING,Imported from WP17C ledger · Shared shell/token convergence wave active · Executive first-priority repair wave · components/BackupHeroPanel.jsx,PENDING
OVERLAY-013,public_shared,,,Dialog_surface,ACTIVE,WP17D_CANONICAL_WAVE,WP17 public shell,Canonical glass header,Mixed or contextual navigation,Layered light base + navy grid + restrained glass,Dialog,lucide-react (canonical wrapper convergence),ALIGN_LABEL,N/A,Canonical footer boundary in wave rollout,Canonical responsive shell in wave rollout,Under active convergence repair,None observed in current wave or pending inspection,STANDARDIZE,FIRST_WAVE_REPAIR_AND_CONVERGENCE,Inspect and repair defects encountered during migration,WP17C_CANONICAL_OVERLAY,components/BannerAuditDialog.jsx,Canonical overlay foundation,MIGRATING,Imported from WP17C ledger · Shared shell/token convergence wave active · Executive first-priority repair wave · components/BannerAuditDialog.jsx,PENDING
OVERLAY-014,public_shared,,,Dialog_surface,ACTIVE,WP17D_CANONICAL_WAVE,WP17 public shell,Canonical glass header,Mixed or contextual navigation,Layered light base + navy grid + restrained glass,Dialog,lucide-react (canonical wrapper convergence),ALIGN_LABEL,N/A,Canonical footer boundary in wave rollout,Canonical responsive shell in wave rollout,Under active convergence repair,None observed in current wave or pending inspection,STANDARDIZE,FIRST_WAVE_REPAIR_AND_CONVERGENCE,Inspect and repair defects encountered during migration,WP17C_CANONICAL_OVERLAY,components/CompanyInfoDialog.jsx,Canonical overlay foundation,MIGRATING,Imported from WP17C ledger · Shared shell/token convergence wave active · Executive first-priority repair wave · components/CompanyInfoDialog.jsx,PENDING
OVERLAY-015,public_shared,,,Dialog_surface,ACTIVE,WP17D_CANONICAL_WAVE,WP17 public shell,Canonical glass header,Mixed or contextual navigation,Layered light base + navy grid + restrained glass,Dialog,lucide-react (canonical wrapper convergence),ALIGN_LABEL,N/A,Canonical footer boundary in wave rollout,Canonical responsive shell in wave rollout,Under active convergence repair,None observed in current wave or pending inspection,STANDARDIZE,FIRST_WAVE_REPAIR_AND_CONVERGENCE,Inspect and repair defects encountered during migration,WP17C_CANONICAL_OVERLAY,components/CrewRecoveryPanel.jsx,Canonical overlay foundation,MIGRATING,Imported from WP17C ledger · Shared shell/token convergence wave active · Executive first-priority repair wave · components/CrewRecoveryPanel.jsx,PENDING
OVERLAY-016,public_shared,,,Dialog_surface,ACTIVE,WP17D_CANONICAL_WAVE,WP17 public shell,Canonical glass header,Mixed or contextual navigation,Layered light base + navy grid + restrained glass,Dialog,lucide-react (canonical wrapper convergence),ALIGN_LABEL,N/A,Canonical footer boundary in wave rollout,Canonical responsive shell in wave rollout,Under active convergence repair,None observed in current wave or pending inspection,STANDARDIZE,FIRST_WAVE_REPAIR_AND_CONVERGENCE,Inspect and repair defects encountered during migration,WP17C_CANONICAL_OVERLAY,components/EditProjectDialog.jsx,Canonical overlay foundation,MIGRATING,Imported from WP17C ledger · Shared shell/token convergence wave active · Executive first-priority repair wave · components/EditProjectDialog.jsx,PENDING
OVERLAY-017,public_shared,,,Dialog_surface,ACTIVE,WP17D_CANONICAL_WAVE,WP17 public shell,Canonical glass header,Mixed or contextual navigation,Layered light base + navy grid + restrained glass,Dialog,lucide-react (canonical wrapper convergence),ALIGN_LABEL,N/A,Canonical footer boundary in wave rollout,Canonical responsive shell in wave rollout,Under active convergence repair,None observed in current wave or pending inspection,STANDARDIZE,FIRST_WAVE_REPAIR_AND_CONVERGENCE,Inspect and repair defects encountered during migration,WP17C_CANONICAL_OVERLAY,components/EmailReportDialog.jsx,Canonical overlay foundation,MIGRATING,Imported from WP17C ledger · Shared shell/token convergence wave active · Executive first-priority repair wave · components/EmailReportDialog.jsx,PENDING
OVERLAY-018,public_shared,,,Dialog_surface,ACTIVE,WP17D_CANONICAL_WAVE,WP17 public shell,Canonical glass header,Mixed or contextual navigation,Layered light base + navy grid + restrained glass,Dialog,lucide-react (canonical wrapper convergence),ALIGN_LABEL,N/A,Canonical footer boundary in wave rollout,Canonical responsive shell in wave rollout,Under active convergence repair,None observed in current wave or pending inspection,STANDARDIZE,FIRST_WAVE_REPAIR_AND_CONVERGENCE,Inspect and repair defects encountered during migration,WP17C_CANONICAL_OVERLAY,components/EquipmentMasterPanel.jsx,Canonical overlay foundation,MIGRATING,Imported from WP17C ledger · Shared shell/token convergence wave active · Executive first-priority repair wave · components/EquipmentMasterPanel.jsx,PENDING
OVERLAY-019,public_shared,,,Dialog_surface,ACTIVE,WP17D_CANONICAL_WAVE,WP17 public shell,Canonical glass header,Mixed or contextual navigation,Layered light base + navy grid + restrained glass,Dialog,lucide-react (canonical wrapper convergence),ALIGN_LABEL,N/A,Canonical footer boundary in wave rollout,Canonical responsive shell in wave rollout,Under active convergence repair,None observed in current wave or pending inspection,STANDARDIZE,FIRST_WAVE_REPAIR_AND_CONVERGENCE,Inspect and repair defects encountered during migration,WP17C_CANONICAL_OVERLAY,components/IncidentLifecyclePanel.jsx,Canonical overlay foundation,MIGRATING,Imported from WP17C ledger · Shared shell/token convergence wave active · Executive first-priority repair wave · components/IncidentLifecyclePanel.jsx,PENDING
OVERLAY-020,public_shared,,,Dialog_surface,ACTIVE,WP17D_CANONICAL_WAVE,WP17 public shell,Canonical glass header,Mixed or contextual navigation,Layered light base + navy grid + restrained glass,Dialog,lucide-react (canonical wrapper convergence),ALIGN_LABEL,N/A,Canonical footer boundary in wave rollout,Canonical responsive shell in wave rollout,Under active convergence repair,None observed in current wave or pending inspection,STANDARDIZE,FIRST_WAVE_REPAIR_AND_CONVERGENCE,Inspect and repair defects encountered during migration,WP17C_CANONICAL_OVERLAY,components/JhaAcknowledgeButton.jsx,Canonical overlay foundation,MIGRATING,Imported from WP17C ledger · Shared shell/token convergence wave active · Executive first-priority repair wave · components/JhaAcknowledgeButton.jsx,PENDING
OVERLAY-021,public_shared,,,Dialog_surface,ACTIVE,WP17D_CANONICAL_WAVE,WP17 public shell,Canonical glass header,Mixed or contextual navigation,Layered light base + navy grid + restrained glass,Dialog,lucide-react (canonical wrapper convergence),ALIGN_LABEL,N/A,Canonical footer boundary in wave rollout,Canonical responsive shell in wave rollout,Under active convergence repair,None observed in current wave or pending inspection,STANDARDIZE,FIRST_WAVE_REPAIR_AND_CONVERGENCE,Inspect and repair defects encountered during migration,WP17C_CANONICAL_OVERLAY,components/LifecyclePanel.jsx,Canonical overlay foundation,MIGRATING,Imported from WP17C ledger · Shared shell/token convergence wave active · Executive first-priority repair wave · components/LifecyclePanel.jsx,PENDING
OVERLAY-022,public_shared,,,Dialog_surface,ACTIVE,WP17D_CANONICAL_WAVE,WP17 public shell,Canonical glass header,Mixed or contextual navigation,Layered light base + navy grid + restrained glass,Dialog,lucide-react (canonical wrapper convergence),ALIGN_LABEL,N/A,Canonical footer boundary in wave rollout,Canonical responsive shell in wave rollout,Under active convergence repair,None observed in current wave or pending inspection,STANDARDIZE,FIRST_WAVE_REPAIR_AND_CONVERGENCE,Inspect and repair defects encountered during migration,WP17C_CANONICAL_OVERLAY,components/PhotoLightbox.jsx,Canonical overlay foundation,MIGRATING,Imported from WP17C ledger · Shared shell/token convergence wave active · Executive first-priority repair wave · components/PhotoLightbox.jsx,PENDING
OVERLAY-023,public_shared,,,Dialog_surface,ACTIVE,WP17D_CANONICAL_WAVE,WP17 public shell,Canonical glass header,Mixed or contextual navigation,Layered light base + navy grid + restrained glass,Dialog,lucide-react (canonical wrapper convergence),ALIGN_LABEL,N/A,Canonical footer boundary in wave rollout,Canonical responsive shell in wave rollout,Under active convergence repair,None observed in current wave or pending inspection,STANDARDIZE,FIRST_WAVE_REPAIR_AND_CONVERGENCE,Inspect and repair defects encountered during migration,WP17C_CANONICAL_OVERLAY,components/QaqcLifecyclePanel.jsx,Canonical overlay foundation,MIGRATING,Imported from WP17C ledger · Shared shell/token convergence wave active · Executive first-priority repair wave · components/QaqcLifecyclePanel.jsx,PENDING
OVERLAY-024,public_shared,,,Dialog_surface,ACTIVE,WP17D_CANONICAL_WAVE,WP17 public shell,Canonical glass header,Mixed or contextual navigation,Layered light base + navy grid + restrained glass,Dialog,lucide-react (canonical wrapper convergence),ALIGN_LABEL,N/A,Canonical footer boundary in wave rollout,Canonical responsive shell in wave rollout,Under active convergence repair,None observed in current wave or pending inspection,STANDARDIZE,FIRST_WAVE_REPAIR_AND_CONVERGENCE,Inspect and repair defects encountered during migration,WP17C_CANONICAL_OVERLAY,components/RestoreBackupPanel.jsx,Canonical overlay foundation,MIGRATING,Imported from WP17C ledger · Shared shell/token convergence wave active · Executive first-priority repair wave · components/RestoreBackupPanel.jsx,PENDING
OVERLAY-025,safety,,,Dialog_surface,ACTIVE,WP17D_CANONICAL_WAVE,PortalShell (canonical wp17d wave),Canonical glass header,Canonical sidebar in wave migration,Layered light base + navy grid + restrained glass,Dialog,lucide-react (canonical wrapper convergence),ALIGN_LABEL,N/A,Canonical footer boundary in wave rollout,Canonical responsive shell in wave rollout,Operational; convergence verification pending,None observed in current wave or pending inspection,STANDARDIZE,PORTAL_MIGRATION,Inspect and repair defects encountered during migration,WP17C_CANONICAL_OVERLAY,components/SafetyFireExtManageDialog.jsx,Canonical overlay foundation,IMPLEMENTED,Imported from WP17C ledger · Shared shell/token convergence wave active · components/SafetyFireExtManageDialog.jsx,PENDING
OVERLAY-026,public_shared,,,Dialog_surface,ACTIVE,WP17D_CANONICAL_WAVE,WP17 public shell,Canonical glass header,Mixed or contextual navigation,Layered light base + navy grid + restrained glass,Dialog,lucide-react (canonical wrapper convergence),ALIGN_LABEL,N/A,Canonical footer boundary in wave rollout,Canonical responsive shell in wave rollout,Under active convergence repair,None observed in current wave or pending inspection,STANDARDIZE,FIRST_WAVE_REPAIR_AND_CONVERGENCE,Inspect and repair defects encountered during migration,WP17C_CANONICAL_OVERLAY,components/ShareFormDialog.jsx,Canonical overlay foundation,MIGRATING,Imported from WP17C ledger · Shared shell/token convergence wave active · Executive first-priority repair wave · components/ShareFormDialog.jsx,PENDING
OVERLAY-027,public_shared,,,Dialog_surface,ACTIVE,WP17D_CANONICAL_WAVE,WP17 public shell,Canonical glass header,Mixed or contextual navigation,Layered light base + navy grid + restrained glass,Dialog,lucide-react (canonical wrapper convergence),ALIGN_LABEL,N/A,Canonical footer boundary in wave rollout,Canonical responsive shell in wave rollout,Under active convergence repair,None observed in current wave or pending inspection,STANDARDIZE,FIRST_WAVE_REPAIR_AND_CONVERGENCE,Inspect and repair defects encountered during migration,WP17C_CANONICAL_OVERLAY,components/SiteInspectionLifecyclePanel.jsx,Canonical overlay foundation,MIGRATING,Imported from WP17C ledger · Shared shell/token convergence wave active · Executive first-priority repair wave · components/SiteInspectionLifecyclePanel.jsx,PENDING
OVERLAY-028,public_shared,,,Dialog_surface,ACTIVE,WP17D_CANONICAL_WAVE,WP17 public shell,Canonical glass header,Mixed or contextual navigation,Layered light base + navy grid + restrained glass,Dialog,lucide-react (canonical wrapper convergence),ALIGN_LABEL,N/A,Canonical footer boundary in wave rollout,Canonical responsive shell in wave rollout,Under active convergence repair,None observed in current wave or pending inspection,STANDARDIZE,FIRST_WAVE_REPAIR_AND_CONVERGENCE,Inspect and repair defects encountered during migration,WP17C_CANONICAL_OVERLAY,components/UndoLastTransitionButton.jsx,Canonical overlay foundation,MIGRATING,Imported from WP17C ledger · Shared shell/token convergence wave active · Executive first-priority repair wave · components/UndoLastTransitionButton.jsx,PENDING
OVERLAY-029,public_shared,,,Dialog_surface,ACTIVE,WP17D_CANONICAL_WAVE,WP17 public shell,Canonical glass header,Mixed or contextual navigation,Layered light base + navy grid + restrained glass,Dialog,lucide-react (canonical wrapper convergence),ALIGN_LABEL,N/A,Canonical footer boundary in wave rollout,Canonical responsive shell in wave rollout,Under active convergence repair,None observed in current wave or pending inspection,STANDARDIZE,FIRST_WAVE_REPAIR_AND_CONVERGENCE,Inspect and repair defects encountered during migration,WP17C_CANONICAL_OVERLAY,components/admin/MappingCleanupTab.jsx,Canonical overlay foundation,MIGRATING,Imported from WP17C ledger · Shared shell/token convergence wave active · Executive first-priority repair wave · components/admin/MappingCleanupTab.jsx,PENDING
OVERLAY-030,public_shared,,,Dialog_surface,ACTIVE,WP17D_CANONICAL_WAVE,WP17 public shell,Canonical glass header,Mixed or contextual navigation,Layered light base + navy grid + restrained glass,Dialog,lucide-react (canonical wrapper convergence),ALIGN_LABEL,N/A,Canonical footer boundary in wave rollout,Canonical responsive shell in wave rollout,Under active convergence repair,None observed in current wave or pending inspection,STANDARDIZE,FIRST_WAVE_REPAIR_AND_CONVERGENCE,Inspect and repair defects encountered during migration,WP17C_CANONICAL_OVERLAY,components/team/JobTeamRosterPanel.jsx,Canonical overlay foundation,MIGRATING,Imported from WP17C ledger · Shared shell/token convergence wave active · Executive first-priority repair wave · components/team/JobTeamRosterPanel.jsx,PENDING
OVERLAY-031,public_shared,,,Dialog_surface,ACTIVE,WP17D_CANONICAL_WAVE,WP17 public shell,Canonical glass header,Mixed or contextual navigation,Layered light base + navy grid + restrained glass,Dialog,lucide-react (canonical wrapper convergence),ALIGN_LABEL,N/A,Canonical footer boundary in wave rollout,Canonical responsive shell in wave rollout,Under active convergence repair,None observed in current wave or pending inspection,STANDARDIZE,FIRST_WAVE_REPAIR_AND_CONVERGENCE,Inspect and repair defects encountered during migration,WP17C_CANONICAL_OVERLAY,components/team/RemoveReasonDialog.jsx,Canonical overlay foundation,MIGRATING,Imported from WP17C ledger · Shared shell/token convergence wave active · Executive first-priority repair wave · components/team/RemoveReasonDialog.jsx,PENDING
OVERLAY-032,public_shared,,,Dialog_surface,ACTIVE,WP17D_CANONICAL_WAVE,WP17 public shell,Canonical glass header,Mixed or contextual navigation,Layered light base + navy grid + restrained glass,Dialog,lucide-react (canonical wrapper convergence),ALIGN_LABEL,N/A,Canonical footer boundary in wave rollout,Canonical responsive shell in wave rollout,Under active convergence repair,None observed in current wave or pending inspection,STANDARDIZE,FIRST_WAVE_REPAIR_AND_CONVERGENCE,Inspect and repair defects encountered during migration,WP17C_CANONICAL_OVERLAY,components/ui/command.jsx,Canonical overlay foundation,MIGRATING,Imported from WP17C ledger · Shared shell/token convergence wave active · Executive first-priority repair wave · components/ui/command.jsx,PENDING
OVERLAY-033,public_shared,,,Dialog_surface,ACTIVE,WP17D_CANONICAL_WAVE,WP17 public shell,Canonical glass header,Mixed or contextual navigation,Layered light base + navy grid + restrained glass,Dialog,lucide-react (canonical wrapper convergence),ALIGN_LABEL,N/A,Canonical footer boundary in wave rollout,Canonical responsive shell in wave rollout,Under active convergence repair,None observed in current wave or pending inspection,STANDARDIZE,FIRST_WAVE_REPAIR_AND_CONVERGENCE,Inspect and repair defects encountered during migration,WP17C_CANONICAL_OVERLAY,components/ui/dialog.jsx,Canonical overlay foundation,MIGRATING,Imported from WP17C ledger · Shared shell/token convergence wave active · Executive first-priority repair wave · components/ui/dialog.jsx,PENDING
OVERLAY-034,public_shared,,,Dialog_surface,ACTIVE,WP17D_CANONICAL_WAVE,public/external shell,Canonical glass header,Mixed or contextual navigation,Layered light base + navy grid + restrained glass,Dialog,lucide-react (canonical wrapper convergence),ALIGN_LABEL,N/A,Canonical footer boundary in wave rollout,Canonical responsive shell in wave rollout,Under active convergence repair,None observed in current wave or pending inspection,STANDARDIZE,FIRST_WAVE_REPAIR_AND_CONVERGENCE,Inspect and repair defects encountered during migration,WP17C_CANONICAL_OVERLAY,index.js,Canonical overlay foundation,MIGRATING,Imported from WP17C ledger · Shared shell/token convergence wave active · Executive first-priority repair wave · index.js,PENDING
OVERLAY-035,admin,,,Dialog_surface,ACTIVE,WP17D_CANONICAL_WAVE,PortalShell (canonical wp17d wave),Canonical glass header,Canonical sidebar in wave migration,Layered light base + navy grid + restrained glass,Dialog,lucide-react (canonical wrapper convergence),ALIGN_LABEL,N/A,Canonical footer boundary in wave rollout,Canonical responsive shell in wave rollout,Operational; convergence verification pending,None observed in current wave or pending inspection,STANDARDIZE,PORTAL_MIGRATION,Inspect and repair defects encountered during migration,WP17C_CANONICAL_OVERLAY,pages/AdminLeadershipEquipment.jsx,Canonical overlay foundation,IMPLEMENTED,Imported from WP17C ledger · Shared shell/token convergence wave active · pages/AdminLeadershipEquipment.jsx,PENDING
OVERLAY-036,admin,,,Dialog_surface,ACTIVE,WP17D_CANONICAL_WAVE,PortalShell (canonical wp17d wave),Canonical glass header,Canonical sidebar in wave migration,Layered light base + navy grid + restrained glass,Dialog,lucide-react (canonical wrapper convergence),ALIGN_LABEL,N/A,Canonical footer boundary in wave rollout,Canonical responsive shell in wave rollout,Operational; convergence verification pending,None observed in current wave or pending inspection,STANDARDIZE,PORTAL_MIGRATION,Inspect and repair defects encountered during migration,WP17C_CANONICAL_OVERLAY,pages/AdminLegacyImports.jsx,Canonical overlay foundation,IMPLEMENTED,Imported from WP17C ledger · Shared shell/token convergence wave active · pages/AdminLegacyImports.jsx,PENDING
OVERLAY-037,public_shared,,,Dialog_surface,ACTIVE,WP17D_CANONICAL_WAVE,WP17 public shell,Canonical glass header,Mixed or contextual navigation,Layered light base + navy grid + restrained glass,Dialog,lucide-react (canonical wrapper convergence),ALIGN_LABEL,N/A,Canonical footer boundary in wave rollout,Canonical responsive shell in wave rollout,Under active convergence repair,None observed in current wave or pending inspection,STANDARDIZE,FIRST_WAVE_REPAIR_AND_CONVERGENCE,Inspect and repair defects encountered during migration,WP17C_CANONICAL_OVERLAY,pages/DocumentExpirations.jsx,Canonical overlay foundation,MIGRATING,Imported from WP17C ledger · Shared shell/token convergence wave active · Executive first-priority repair wave · pages/DocumentExpirations.jsx,PENDING
OVERLAY-038,field_leadership,,,Dialog_surface,ACTIVE,WP17D_CANONICAL_WAVE,Legacy or portal-specific shell,Canonical glass header,Mixed or contextual navigation,Layered light base + navy grid + restrained glass,Dialog,lucide-react (canonical wrapper convergence),ALIGN_LABEL,N/A,Mixed footer treatment,Canonical responsive shell in wave rollout,Operational; convergence verification pending,None observed in current wave or pending inspection,STANDARDIZE,PORTAL_MIGRATION,Inspect and repair defects encountered during migration,WP17C_CANONICAL_OVERLAY,pages/FieldLeadershipPortalLogin.jsx,Canonical overlay foundation,IMPLEMENTED,Imported from WP17C ledger · Shared shell/token convergence wave active · pages/FieldLeadershipPortalLogin.jsx,PENDING
OVERLAY-039,safety,,,Dialog_surface,ACTIVE,WP17D_CANONICAL_WAVE,PortalShell (canonical wp17d wave),Canonical glass header,Canonical sidebar in wave migration,Layered light base + navy grid + restrained glass,Dialog,lucide-react (canonical wrapper convergence),ALIGN_LABEL,N/A,Canonical footer boundary in wave rollout,Canonical responsive shell in wave rollout,Operational; convergence verification pending,None observed in current wave or pending inspection,STANDARDIZE,PORTAL_MIGRATION,Inspect and repair defects encountered during migration,WP17C_CANONICAL_OVERLAY,pages/FieldSafetyCards.jsx,Canonical overlay foundation,IMPLEMENTED,Imported from WP17C ledger · Shared shell/token convergence wave active · pages/FieldSafetyCards.jsx,PENDING
OVERLAY-040,hr,,,Dialog_surface,ACTIVE,WP17D_CANONICAL_WAVE,PortalShell (canonical wp17d wave),Canonical glass header,Canonical sidebar in wave migration,Layered light base + navy grid + restrained glass,Dialog,lucide-react (canonical wrapper convergence),ALIGN_LABEL,N/A,Canonical footer boundary in wave rollout,Canonical responsive shell in wave rollout,Under active convergence repair,None observed in current wave or pending inspection,STANDARDIZE,FIRST_WAVE_REPAIR_AND_CONVERGENCE,Repair partial shell migration and inconsistent detail/form/list behavior,WP17C_CANONICAL_OVERLAY,pages/HrEmployeeRequestsQueue.jsx,Canonical overlay foundation,MIGRATING,Imported from WP17C ledger · Shared shell/token convergence wave active · Executive first-priority repair wave · pages/HrEmployeeRequestsQueue.jsx,PENDING
OVERLAY-041,hr,,,Dialog_surface,ACTIVE,WP17D_CANONICAL_WAVE,PortalShell (canonical wp17d wave),Canonical glass header,Canonical sidebar in wave migration,Layered light base + navy grid + restrained glass,Dialog,lucide-react (canonical wrapper convergence),ALIGN_LABEL,N/A,Canonical footer boundary in wave rollout,Canonical responsive shell in wave rollout,Under active convergence repair,None observed in current wave or pending inspection,STANDARDIZE,FIRST_WAVE_REPAIR_AND_CONVERGENCE,Repair partial shell migration and inconsistent detail/form/list behavior,WP17C_CANONICAL_OVERLAY,pages/HrEmployees.jsx,Canonical overlay foundation,MIGRATING,Imported from WP17C ledger · Shared shell/token convergence wave active · Executive first-priority repair wave · pages/HrEmployees.jsx,PENDING
OVERLAY-042,hr,,,Dialog_surface,ACTIVE,WP17D_CANONICAL_WAVE,PortalShell (canonical wp17d wave),Canonical glass header,Canonical sidebar in wave migration,Layered light base + navy grid + restrained glass,Dialog,lucide-react (canonical wrapper convergence),ALIGN_LABEL,N/A,Canonical footer boundary in wave rollout,Canonical responsive shell in wave rollout,Under active convergence repair,None observed in current wave or pending inspection,STANDARDIZE,FIRST_WAVE_REPAIR_AND_CONVERGENCE,Repair partial shell migration and inconsistent detail/form/list behavior,WP17C_CANONICAL_OVERLAY,pages/HrLogin.jsx,Canonical overlay foundation,MIGRATING,Imported from WP17C ledger · Shared shell/token convergence wave active · Executive first-priority repair wave · pages/HrLogin.jsx,PENDING
OVERLAY-043,hr,,,Dialog_surface,ACTIVE,WP17D_CANONICAL_WAVE,PortalShell (canonical wp17d wave),Canonical glass header,Canonical sidebar in wave migration,Layered light base + navy grid + restrained glass,Dialog,lucide-react (canonical wrapper convergence),ALIGN_LABEL,N/A,Canonical footer boundary in wave rollout,Canonical responsive shell in wave rollout,Under active convergence repair,None observed in current wave or pending inspection,STANDARDIZE,FIRST_WAVE_REPAIR_AND_CONVERGENCE,Repair partial shell migration and inconsistent detail/form/list behavior,WP17C_CANONICAL_OVERLAY,pages/HrTimeOff.jsx,Canonical overlay foundation,MIGRATING,Imported from WP17C ledger · Shared shell/token convergence wave active · Executive first-priority repair wave · pages/HrTimeOff.jsx,PENDING
OVERLAY-044,public_shared,,,Dialog_surface,ACTIVE,WP17D_CANONICAL_WAVE,WP17 public shell,Canonical glass header,Mixed or contextual navigation,Layered light base + navy grid + restrained glass,Dialog,lucide-react (canonical wrapper convergence),ALIGN_LABEL,N/A,Canonical footer boundary in wave rollout,Canonical responsive shell in wave rollout,Under active convergence repair,None observed in current wave or pending inspection,STANDARDIZE,FIRST_WAVE_REPAIR_AND_CONVERGENCE,Inspect and repair defects encountered during migration,WP17C_CANONICAL_OVERLAY,pages/PmLogin.jsx,Canonical overlay foundation,MIGRATING,Imported from WP17C ledger · Shared shell/token convergence wave active · Executive first-priority repair wave · pages/PmLogin.jsx,PENDING
OVERLAY-045,public_shared,,,Dialog_surface,ACTIVE,WP17D_CANONICAL_WAVE,WP17 public shell,Canonical glass header,Mixed or contextual navigation,Layered light base + navy grid + restrained glass,Dialog,lucide-react (canonical wrapper convergence),ALIGN_LABEL,N/A,Canonical footer boundary in wave rollout,Canonical responsive shell in wave rollout,Under active convergence repair,None observed in current wave or pending inspection,STANDARDIZE,FIRST_WAVE_REPAIR_AND_CONVERGENCE,Inspect and repair defects encountered during migration,WP17C_CANONICAL_OVERLAY,pages/PoRequests.jsx,Canonical overlay foundation,MIGRATING,Imported from WP17C ledger · Shared shell/token convergence wave active · Executive first-priority repair wave · pages/PoRequests.jsx,PENDING
OVERLAY-046,safety,,,Dialog_surface,ACTIVE,WP17D_CANONICAL_WAVE,PortalShell (canonical wp17d wave),Canonical glass header,Canonical sidebar in wave migration,Layered light base + navy grid + restrained glass,Dialog,lucide-react (canonical wrapper convergence),ALIGN_LABEL,N/A,Canonical footer boundary in wave rollout,Canonical responsive shell in wave rollout,Operational; convergence verification pending,None observed in current wave or pending inspection,STANDARDIZE,PORTAL_MIGRATION,Inspect and repair defects encountered during migration,WP17C_CANONICAL_OVERLAY,pages/SafetyCorrectiveActions.jsx,Canonical overlay foundation,IMPLEMENTED,Imported from WP17C ledger · Shared shell/token convergence wave active · pages/SafetyCorrectiveActions.jsx,PENDING
OVERLAY-047,safety,,,Dialog_surface,ACTIVE,WP17D_CANONICAL_WAVE,PortalShell (canonical wp17d wave),Canonical glass header,Canonical sidebar in wave migration,Layered light base + navy grid + restrained glass,Dialog,lucide-react (canonical wrapper convergence),ALIGN_LABEL,N/A,Canonical footer boundary in wave rollout,Canonical responsive shell in wave rollout,Operational; convergence verification pending,None observed in current wave or pending inspection,STANDARDIZE,PORTAL_MIGRATION,Inspect and repair defects encountered during migration,WP17C_CANONICAL_OVERLAY,pages/SafetyDocuments.jsx,Canonical overlay foundation,IMPLEMENTED,Imported from WP17C ledger · Shared shell/token convergence wave active · pages/SafetyDocuments.jsx,PENDING
OVERLAY-048,safety,,,Dialog_surface,ACTIVE,WP17D_CANONICAL_WAVE,PortalShell (canonical wp17d wave),Canonical glass header,Canonical sidebar in wave migration,Layered light base + navy grid + restrained glass,Dialog,lucide-react (canonical wrapper convergence),ALIGN_LABEL,N/A,Canonical footer boundary in wave rollout,Canonical responsive shell in wave rollout,Operational; convergence verification pending,None observed in current wave or pending inspection,STANDARDIZE,PORTAL_MIGRATION,Inspect and repair defects encountered during migration,WP17C_CANONICAL_OVERLAY,pages/SafetyFireExtinguishers.jsx,Canonical overlay foundation,IMPLEMENTED,Imported from WP17C ledger · Shared shell/token convergence wave active · pages/SafetyFireExtinguishers.jsx,PENDING
OVERLAY-049,safety,,,Dialog_surface,ACTIVE,WP17D_CANONICAL_WAVE,PortalShell (canonical wp17d wave),Canonical glass header,Canonical sidebar in wave migration,Layered light base + navy grid + restrained glass,Dialog,lucide-react (canonical wrapper convergence),ALIGN_LABEL,N/A,Canonical footer boundary in wave rollout,Canonical responsive shell in wave rollout,Operational; convergence verification pending,None observed in current wave or pending inspection,STANDARDIZE,PORTAL_MIGRATION,Inspect and repair defects encountered during migration,WP17C_CANONICAL_OVERLAY,pages/SafetyTopicLibrary.jsx,Canonical overlay foundation,IMPLEMENTED,Imported from WP17C ledger · Shared shell/token convergence wave active · pages/SafetyTopicLibrary.jsx,PENDING
OVERLAY-050,safety,,,Dialog_surface,ACTIVE,WP17D_CANONICAL_WAVE,PortalShell (canonical wp17d wave),Canonical glass header,Canonical sidebar in wave migration,Layered light base + navy grid + restrained glass,Dialog,lucide-react (canonical wrapper convergence),ALIGN_LABEL,N/A,Canonical footer boundary in wave rollout,Canonical responsive shell in wave rollout,Operational; convergence verification pending,None observed in current wave or pending inspection,STANDARDIZE,PORTAL_MIGRATION,Inspect and repair defects encountered during migration,WP17C_CANONICAL_OVERLAY,pages/SafetyTrainingRecords.jsx,Canonical overlay foundation,IMPLEMENTED,Imported from WP17C ledger · Shared shell/token convergence wave active · pages/SafetyTrainingRecords.jsx,PENDING
OVERLAY-051,shop,,,Dialog_surface,ACTIVE,WP17D_CANONICAL_WAVE,Legacy or portal-specific shell,Canonical glass header,Mixed or contextual navigation,Layered light base + navy grid + restrained glass,Dialog,lucide-react (canonical wrapper convergence),ALIGN_LABEL,N/A,Mixed footer treatment,Canonical responsive shell in wave rollout,Operational; convergence verification pending,None observed in current wave or pending inspection,STANDARDIZE,PORTAL_MIGRATION,Inspect and repair defects encountered during migration,WP17C_CANONICAL_OVERLAY,pages/ShopLogin.jsx,Canonical overlay foundation,IMPLEMENTED,Imported from WP17C ledger · Shared shell/token convergence wave active · pages/ShopLogin.jsx,PENDING
OVERLAY-052,admin,,,Dialog_surface,ACTIVE,WP17D_CANONICAL_WAVE,PortalShell (canonical wp17d wave),Canonical glass header,Canonical sidebar in wave migration,Layered light base + navy grid + restrained glass,Dialog,lucide-react (canonical wrapper convergence),ALIGN_LABEL,N/A,Canonical footer boundary in wave rollout,Canonical responsive shell in wave rollout,Operational; convergence verification pending,None observed in current wave or pending inspection,STANDARDIZE,PORTAL_MIGRATION,Inspect and repair defects encountered during migration,WP17C_CANONICAL_OVERLAY,pages/TrenchBoxesAdmin.jsx,Canonical overlay foundation,IMPLEMENTED,Imported from WP17C ledger · Shared shell/token convergence wave active · pages/TrenchBoxesAdmin.jsx,PENDING
OVERLAY-053,admin,,,Dialog_surface,ACTIVE,WP17D_CANONICAL_WAVE,PortalShell (canonical wp17d wave),Canonical glass header,Canonical sidebar in wave migration,Layered light base + navy grid + restrained glass,Dialog,lucide-react (canonical wrapper convergence),ALIGN_LABEL,N/A,Canonical footer boundary in wave rollout,Canonical responsive shell in wave rollout,Operational; convergence verification pending,None observed in current wave or pending inspection,STANDARDIZE,PORTAL_MIGRATION,Inspect and repair defects encountered during migration,WP17C_CANONICAL_OVERLAY,pages/admin/AdminComplianceFindings.jsx,Canonical overlay foundation,IMPLEMENTED,Imported from WP17C ledger · Shared shell/token convergence wave active · pages/admin/AdminComplianceFindings.jsx,PENDING
OVERLAY-054,admin,,,Dialog_surface,ACTIVE,WP17D_CANONICAL_WAVE,PortalShell (canonical wp17d wave),Canonical glass header,Canonical sidebar in wave migration,Layered light base + navy grid + restrained glass,Dialog,lucide-react (canonical wrapper convergence),ALIGN_LABEL,N/A,Canonical footer boundary in wave rollout,Canonical responsive shell in wave rollout,Operational; convergence verification pending,None observed in current wave or pending inspection,STANDARDIZE,PORTAL_MIGRATION,Inspect and repair defects encountered during migration,WP17C_CANONICAL_OVERLAY,pages/admin/AdminDispatch.jsx,Canonical overlay foundation,IMPLEMENTED,Imported from WP17C ledger · Shared shell/token convergence wave active · pages/admin/AdminDispatch.jsx,PENDING
OVERLAY-055,admin,,,Dialog_surface,ACTIVE,WP17D_CANONICAL_WAVE,PortalShell (canonical wp17d wave),Canonical glass header,Canonical sidebar in wave migration,Layered light base + navy grid + restrained glass,Dialog,lucide-react (canonical wrapper convergence),ALIGN_LABEL,N/A,Canonical footer boundary in wave rollout,Canonical responsive shell in wave rollout,Operational; convergence verification pending,None observed in current wave or pending inspection,STANDARDIZE,PORTAL_MIGRATION,Inspect and repair defects encountered during migration,WP17C_CANONICAL_OVERLAY,pages/admin/AdminIntegrationCenter.jsx,Canonical overlay foundation,IMPLEMENTED,Imported from WP17C ledger · Shared shell/token convergence wave active · pages/admin/AdminIntegrationCenter.jsx,PENDING
OVERLAY-056,admin,,,Dialog_surface,ACTIVE,WP17D_CANONICAL_WAVE,PortalShell (canonical wp17d wave),Canonical glass header,Canonical sidebar in wave migration,Layered light base + navy grid + restrained glass,Dialog,lucide-react (canonical wrapper convergence),ALIGN_LABEL,N/A,Canonical footer boundary in wave rollout,Canonical responsive shell in wave rollout,Operational; convergence verification pending,None observed in current wave or pending inspection,STANDARDIZE,PORTAL_MIGRATION,Inspect and repair defects encountered during migration,WP17C_CANONICAL_OVERLAY,pages/admin/AdminPromoAssets.jsx,Canonical overlay foundation,IMPLEMENTED,Imported from WP17C ledger · Shared shell/token convergence wave active · pages/admin/AdminPromoAssets.jsx,PENDING
OVERLAY-057,public_shared,,,Dialog_surface,ACTIVE,WP17D_CANONICAL_WAVE,WP17 public shell,Canonical glass header,Mixed or contextual navigation,Layered light base + navy grid + restrained glass,Dialog,lucide-react (canonical wrapper convergence),ALIGN_LABEL,N/A,Canonical footer boundary in wave rollout,Canonical responsive shell in wave rollout,Under active convergence repair,None observed in current wave or pending inspection,STANDARDIZE,FIRST_WAVE_REPAIR_AND_CONVERGENCE,Inspect and repair defects encountered during migration,WP17C_CANONICAL_OVERLAY,pages/transportation/_widgets.jsx,Canonical overlay foundation,MIGRATING,Imported from WP17C ledger · Shared shell/token convergence wave active · Executive first-priority repair wave · pages/transportation/_widgets.jsx,PENDING
OVERLAY-058,public_shared,,,Dialog_surface,ACTIVE,WP17D_CANONICAL_WAVE,WP17 public shell,Canonical glass header,Mixed or contextual navigation,Layered light base + navy grid + restrained glass,Dialog,lucide-react (canonical wrapper convergence),ALIGN_LABEL,N/A,Canonical footer boundary in wave rollout,Canonical responsive shell in wave rollout,Under active convergence repair,None observed in current wave or pending inspection,STANDARDIZE,FIRST_WAVE_REPAIR_AND_CONVERGENCE,Inspect and repair defects encountered during migration,WP17C_CANONICAL_OVERLAY,pages/trench_safety/ExcavationOversight.jsx,Canonical overlay foundation,MIGRATING,Imported from WP17C ledger · Shared shell/token convergence wave active · Executive first-priority repair wave · pages/trench_safety/ExcavationOversight.jsx,PENDING
OVERLAY-059,safety,,,Dialog_surface,ACTIVE,WP17D_CANONICAL_WAVE,PortalShell (canonical wp17d wave),Canonical glass header,Canonical sidebar in wave migration,Layered light base + navy grid + restrained glass,Dialog,lucide-react (canonical wrapper convergence),ALIGN_LABEL,N/A,Canonical footer boundary in wave rollout,Canonical responsive shell in wave rollout,Operational; convergence verification pending,None observed in current wave or pending inspection,STANDARDIZE,PORTAL_MIGRATION,Inspect and repair defects encountered during migration,WP17C_CANONICAL_OVERLAY,pages/trench_safety/TrenchSafetyActions.jsx,Canonical overlay foundation,IMPLEMENTED,Imported from WP17C ledger · Shared shell/token convergence wave active · pages/trench_safety/TrenchSafetyActions.jsx,PENDING
OVERLAY-060,safety,,,Dialog_surface,ACTIVE,WP17D_CANONICAL_WAVE,PortalShell (canonical wp17d wave),Canonical glass header,Canonical sidebar in wave migration,Layered light base + navy grid + restrained glass,Dialog,lucide-react (canonical wrapper convergence),ALIGN_LABEL,N/A,Canonical footer boundary in wave rollout,Canonical responsive shell in wave rollout,Operational; convergence verification pending,None observed in current wave or pending inspection,STANDARDIZE,PORTAL_MIGRATION,Inspect and repair defects encountered during migration,WP17C_CANONICAL_OVERLAY,pages/trench_safety/TrenchSafetyAssignDialogs.jsx,Canonical overlay foundation,IMPLEMENTED,Imported from WP17C ledger · Shared shell/token convergence wave active · pages/trench_safety/TrenchSafetyAssignDialogs.jsx,PENDING
OVERLAY-061,safety,,,Dialog_surface,ACTIVE,WP17D_CANONICAL_WAVE,PortalShell (canonical wp17d wave),Canonical glass header,Canonical sidebar in wave migration,Layered light base + navy grid + restrained glass,Dialog,lucide-react (canonical wrapper convergence),ALIGN_LABEL,N/A,Canonical footer boundary in wave rollout,Canonical responsive shell in wave rollout,Operational; convergence verification pending,None observed in current wave or pending inspection,STANDARDIZE,PORTAL_MIGRATION,Inspect and repair defects encountered during migration,WP17C_CANONICAL_OVERLAY,pages/trench_safety/TrenchSafetyOpsCenter.jsx,Canonical overlay foundation,IMPLEMENTED,Imported from WP17C ledger · Shared shell/token convergence wave active · pages/trench_safety/TrenchSafetyOpsCenter.jsx,PENDING
OVERLAY-062,safety,,,Dialog_surface,ACTIVE,WP17D_CANONICAL_WAVE,PortalShell (canonical wp17d wave),Canonical glass header,Canonical sidebar in wave migration,Layered light base + navy grid + restrained glass,Dialog,lucide-react (canonical wrapper convergence),ALIGN_LABEL,N/A,Canonical footer boundary in wave rollout,Canonical responsive shell in wave rollout,Operational; convergence verification pending,None observed in current wave or pending inspection,STANDARDIZE,PORTAL_MIGRATION,Inspect and repair defects encountered during migration,WP17C_CANONICAL_OVERLAY,pages/trench_safety/TrenchSafetyPolish.jsx,Canonical overlay foundation,IMPLEMENTED,Imported from WP17C ledger · Shared shell/token convergence wave active · pages/trench_safety/TrenchSafetyPolish.jsx,PENDING
OVERLAY-063,safety,,,Dialog_surface,ACTIVE,WP17D_CANONICAL_WAVE,PortalShell (canonical wp17d wave),Canonical glass header,Canonical sidebar in wave migration,Layered light base + navy grid + restrained glass,Dialog,lucide-react (canonical wrapper convergence),ALIGN_LABEL,N/A,Canonical footer boundary in wave rollout,Canonical responsive shell in wave rollout,Operational; convergence verification pending,None observed in current wave or pending inspection,STANDARDIZE,PORTAL_MIGRATION,Inspect and repair defects encountered during migration,WP17C_CANONICAL_OVERLAY,pages/trench_safety/TrenchSafetyPulse.jsx,Canonical overlay foundation,IMPLEMENTED,Imported from WP17C ledger · Shared shell/token convergence wave active · pages/trench_safety/TrenchSafetyPulse.jsx,PENDING
OVERLAY-064,safety,,,Dialog_surface,ACTIVE,WP17D_CANONICAL_WAVE,PortalShell (canonical wp17d wave),Canonical glass header,Canonical sidebar in wave migration,Layered light base + navy grid + restrained glass,Dialog,lucide-react (canonical wrapper convergence),ALIGN_LABEL,N/A,Canonical footer boundary in wave rollout,Canonical responsive shell in wave rollout,Operational; convergence verification pending,None observed in current wave or pending inspection,STANDARDIZE,PORTAL_MIGRATION,Inspect and repair defects encountered during migration,WP17C_CANONICAL_OVERLAY,pages/trench_safety/TrenchSafetyReportDistribution.jsx,Canonical overlay foundation,IMPLEMENTED,Imported from WP17C ledger · Shared shell/token convergence wave active · pages/trench_safety/TrenchSafetyReportDistribution.jsx,PENDING
OVERLAY-065,public_shared,,,AlertDialog_surface,ACTIVE,WP17D_CANONICAL_WAVE,WP17 public shell,Canonical glass header,Mixed or contextual navigation,Layered light base + navy grid + restrained glass,AlertDialog,lucide-react (canonical wrapper convergence),ALIGN_LABEL,N/A,Canonical footer boundary in wave rollout,Canonical responsive shell in wave rollout,Under active convergence repair,None observed in current wave or pending inspection,STANDARDIZE,FIRST_WAVE_REPAIR_AND_CONVERGENCE,Inspect and repair defects encountered during migration,WP17C_CANONICAL_OVERLAY,components/ui/alert-dialog.jsx,Canonical overlay foundation,MIGRATING,Imported from WP17C ledger · Shared shell/token convergence wave active · Executive first-priority repair wave · components/ui/alert-dialog.jsx,PENDING
OVERLAY-066,public_shared,,,Sheet_surface,ACTIVE,WP17D_CANONICAL_WAVE,WP17 public shell,Canonical glass header,Mixed or contextual navigation,Layered light base + navy grid + restrained glass,Sheet,lucide-react (canonical wrapper convergence),ALIGN_LABEL,N/A,Canonical footer boundary in wave rollout,Canonical responsive shell in wave rollout,Under active convergence repair,None observed in current wave or pending inspection,STANDARDIZE,FIRST_WAVE_REPAIR_AND_CONVERGENCE,Inspect and repair defects encountered during migration,WP17C_CANONICAL_OVERLAY,components/BannerAuditDialog.jsx,Canonical overlay foundation,MIGRATING,Imported from WP17C ledger · Shared shell/token convergence wave active · Executive first-priority repair wave · components/BannerAuditDialog.jsx,PENDING
OVERLAY-067,public_shared,,,Sheet_surface,ACTIVE,WP17D_CANONICAL_WAVE,WP17 public shell,Canonical glass header,Mixed or contextual navigation,Layered light base + navy grid + restrained glass,Sheet,lucide-react (canonical wrapper convergence),ALIGN_LABEL,N/A,Canonical footer boundary in wave rollout,Canonical responsive shell in wave rollout,Under active convergence repair,None observed in current wave or pending inspection,STANDARDIZE,FIRST_WAVE_REPAIR_AND_CONVERGENCE,Inspect and repair defects encountered during migration,WP17C_CANONICAL_OVERLAY,components/CheatSheetCard.jsx,Canonical overlay foundation,MIGRATING,Imported from WP17C ledger · Shared shell/token convergence wave active · Executive first-priority repair wave · components/CheatSheetCard.jsx,PENDING
OVERLAY-068,public_shared,,,Sheet_surface,ACTIVE,WP17D_CANONICAL_WAVE,WP17 public shell,Canonical glass header,Mixed or contextual navigation,Layered light base + navy grid + restrained glass,Sheet,lucide-react (canonical wrapper convergence),ALIGN_LABEL,N/A,Canonical footer boundary in wave rollout,Canonical responsive shell in wave rollout,Under active convergence repair,None observed in current wave or pending inspection,REPRESENTATIVE_IMPLEMENTATION,FIRST_WAVE_REPAIR_AND_CONVERGENCE,Inspect and repair defects encountered during migration,WP17C_CANONICAL_OVERLAY,components/NotificationBell.jsx,Canonical overlay foundation,MIGRATING,Imported from WP17C ledger · Shared shell/token convergence wave active · Executive first-priority repair wave · components/NotificationBell.jsx,PENDING
OVERLAY-069,public_shared,,,Sheet_surface,ACTIVE,WP17D_CANONICAL_WAVE,WP17 public shell,Canonical glass header,Mixed or contextual navigation,Layered light base + navy grid + restrained glass,Sheet,lucide-react (canonical wrapper convergence),ALIGN_LABEL,N/A,Canonical footer boundary in wave rollout,Canonical responsive shell in wave rollout,Under active convergence repair,None observed in current wave or pending inspection,STANDARDIZE,FIRST_WAVE_REPAIR_AND_CONVERGENCE,Inspect and repair defects encountered during migration,WP17C_CANONICAL_OVERLAY,components/PmShell.jsx,Canonical overlay foundation,MIGRATING,Imported from WP17C ledger · Shared shell/token convergence wave active · Executive first-priority repair wave · components/PmShell.jsx,PENDING
OVERLAY-070,public_shared,,,Sheet_surface,ACTIVE,WP17D_CANONICAL_WAVE,WP17 public shell,Canonical glass header,Mixed or contextual navigation,Layered light base + navy grid + restrained glass,Sheet,lucide-react (canonical wrapper convergence),ALIGN_LABEL,N/A,Canonical footer boundary in wave rollout,Canonical responsive shell in wave rollout,Under active convergence repair,None observed in current wave or pending inspection,STANDARDIZE,FIRST_WAVE_REPAIR_AND_CONVERGENCE,Inspect and repair defects encountered during migration,WP17C_CANONICAL_OVERLAY,components/SitePostersPanel.jsx,Canonical overlay foundation,MIGRATING,Imported from WP17C ledger · Shared shell/token convergence wave active · Executive first-priority repair wave · components/SitePostersPanel.jsx,PENDING
OVERLAY-071,public_shared,,,Sheet_surface,ACTIVE,WP17D_CANONICAL_WAVE,WP17 public shell,Canonical glass header,Mixed or contextual navigation,Layered light base + navy grid + restrained glass,Sheet,lucide-react (canonical wrapper convergence),ALIGN_LABEL,N/A,Canonical footer boundary in wave rollout,Canonical responsive shell in wave rollout,Under active convergence repair,None observed in current wave or pending inspection,STANDARDIZE,FIRST_WAVE_REPAIR_AND_CONVERGENCE,Inspect and repair defects encountered during migration,WP17C_CANONICAL_OVERLAY,components/admin/MaintainxDefectCoverageSection.jsx,Canonical overlay foundation,MIGRATING,Imported from WP17C ledger · Shared shell/token convergence wave active · Executive first-priority repair wave · components/admin/MaintainxDefectCoverageSection.jsx,PENDING
OVERLAY-072,public_shared,,,Sheet_surface,ACTIVE,WP17D_CANONICAL_WAVE,WP17 public shell,Canonical glass header,Mixed or contextual navigation,Layered light base + navy grid + restrained glass,Sheet,lucide-react (canonical wrapper convergence),ALIGN_LABEL,N/A,Canonical footer boundary in wave rollout,Canonical responsive shell in wave rollout,Under active convergence repair,None observed in current wave or pending inspection,STANDARDIZE,FIRST_WAVE_REPAIR_AND_CONVERGENCE,Inspect and repair defects encountered during migration,WP17C_CANONICAL_OVERLAY,components/admin/trust/TrustPrimitives.jsx,Canonical overlay foundation,MIGRATING,Imported from WP17C ledger · Shared shell/token convergence wave active · Executive first-priority repair wave · components/admin/trust/TrustPrimitives.jsx,PENDING
OVERLAY-073,public_shared,,,Sheet_surface,ACTIVE,WP17D_CANONICAL_WAVE,WP17 public shell,Canonical glass header,Mixed or contextual navigation,Layered light base + navy grid + restrained glass,Sheet,lucide-react (canonical wrapper convergence),ALIGN_LABEL,N/A,Canonical footer boundary in wave rollout,Canonical responsive shell in wave rollout,Under active convergence repair,None observed in current wave or pending inspection,STANDARDIZE,FIRST_WAVE_REPAIR_AND_CONVERGENCE,Inspect and repair defects encountered during migration,WP17C_CANONICAL_OVERLAY,components/iam/IamUserDetailDrawer.jsx,Canonical overlay foundation,MIGRATING,Imported from WP17C ledger · Shared shell/token convergence wave active · Executive first-priority repair wave · components/iam/IamUserDetailDrawer.jsx,PENDING
OVERLAY-074,public_shared,,,Sheet_surface,ACTIVE,WP17D_CANONICAL_WAVE,WP17 public shell,Canonical glass header,Mixed or contextual navigation,Layered light base + navy grid + restrained glass,Sheet,lucide-react (canonical wrapper convergence),ALIGN_LABEL,N/A,Canonical footer boundary in wave rollout,Canonical responsive shell in wave rollout,Under active convergence repair,None observed in current wave or pending inspection,STANDARDIZE,FIRST_WAVE_REPAIR_AND_CONVERGENCE,Inspect and repair defects encountered during migration,WP17C_CANONICAL_OVERLAY,components/team/AssignmentHistoryDrawer.jsx,Canonical overlay foundation,MIGRATING,Imported from WP17C ledger · Shared shell/token convergence wave active · Executive first-priority repair wave · components/team/AssignmentHistoryDrawer.jsx,PENDING
OVERLAY-075,public_shared,,,Sheet_surface,ACTIVE,WP17D_CANONICAL_WAVE,WP17 public shell,Canonical glass header,Mixed or contextual navigation,Layered light base + navy grid + restrained glass,Sheet,lucide-react (canonical wrapper convergence),ALIGN_LABEL,N/A,Canonical footer boundary in wave rollout,Canonical responsive shell in wave rollout,Under active convergence repair,None observed in current wave or pending inspection,STANDARDIZE,FIRST_WAVE_REPAIR_AND_CONVERGENCE,Inspect and repair defects encountered during migration,WP17C_CANONICAL_OVERLAY,components/ui/sheet.jsx,Canonical overlay foundation,MIGRATING,Imported from WP17C ledger · Shared shell/token convergence wave active · Executive first-priority repair wave · components/ui/sheet.jsx,PENDING
OVERLAY-076,public_shared,,,Sheet_surface,ACTIVE,WP17D_CANONICAL_WAVE,WP17 public shell,Canonical glass header,Mixed or contextual navigation,Layered light base + navy grid + restrained glass,Sheet,lucide-react (canonical wrapper convergence),ALIGN_LABEL,N/A,Canonical footer boundary in wave rollout,Canonical responsive shell in wave rollout,Under active convergence repair,None observed in current wave or pending inspection,STANDARDIZE,FIRST_WAVE_REPAIR_AND_CONVERGENCE,Inspect and repair defects encountered during migration,WP17C_CANONICAL_OVERLAY,data/training.js,Canonical overlay foundation,MIGRATING,Imported from WP17C ledger · Shared shell/token convergence wave active · Executive first-priority repair wave · data/training.js,PENDING
OVERLAY-077,public_shared,,,Sheet_surface,ACTIVE,WP17D_CANONICAL_WAVE,WP17 public shell,Canonical glass header,Mixed or contextual navigation,Layered light base + navy grid + restrained glass,Sheet,lucide-react (canonical wrapper convergence),ALIGN_LABEL,N/A,Canonical footer boundary in wave rollout,Canonical responsive shell in wave rollout,Under active convergence repair,None observed in current wave or pending inspection,STANDARDIZE,FIRST_WAVE_REPAIR_AND_CONVERGENCE,Inspect and repair defects encountered during migration,WP17C_CANONICAL_OVERLAY,design-system/MobileNavigation.jsx,Canonical overlay foundation,MIGRATING,Imported from WP17C ledger · Shared shell/token convergence wave active · Executive first-priority repair wave · design-system/MobileNavigation.jsx,PENDING
OVERLAY-078,public_shared,,,Sheet_surface,ACTIVE,WP17D_CANONICAL_WAVE,public/external shell,Canonical glass header,Mixed or contextual navigation,Layered light base + navy grid + restrained glass,Sheet,lucide-react (canonical wrapper convergence),ALIGN_LABEL,N/A,Canonical footer boundary in wave rollout,Canonical responsive shell in wave rollout,Under active convergence repair,None observed in current wave or pending inspection,STANDARDIZE,FIRST_WAVE_REPAIR_AND_CONVERGENCE,Inspect and repair defects encountered during migration,WP17C_CANONICAL_OVERLAY,index.js,Canonical overlay foundation,MIGRATING,Imported from WP17C ledger · Shared shell/token convergence wave active · Executive first-priority repair wave · index.js,PENDING
OVERLAY-079,public_shared,,,Sheet_surface,ACTIVE,WP17D_CANONICAL_WAVE,WP17 public shell,Canonical glass header,Mixed or contextual navigation,Layered light base + navy grid + restrained glass,Sheet,lucide-react (canonical wrapper convergence),ALIGN_LABEL,N/A,Canonical footer boundary in wave rollout,Canonical responsive shell in wave rollout,Under active convergence repair,None observed in current wave or pending inspection,STANDARDIZE,FIRST_WAVE_REPAIR_AND_CONVERGENCE,Inspect and repair defects encountered during migration,WP17C_CANONICAL_OVERLAY,lib/i18n.js,Canonical overlay foundation,MIGRATING,Imported from WP17C ledger · Shared shell/token convergence wave active · Executive first-priority repair wave · lib/i18n.js,PENDING
OVERLAY-080,public_shared,,,Sheet_surface,ACTIVE,WP17D_CANONICAL_WAVE,WP17 public shell,Canonical glass header,Mixed or contextual navigation,Layered light base + navy grid + restrained glass,Sheet,lucide-react (canonical wrapper convergence),ALIGN_LABEL,N/A,Canonical footer boundary in wave rollout,Canonical responsive shell in wave rollout,Under active convergence repair,None observed in current wave or pending inspection,STANDARDIZE,FIRST_WAVE_REPAIR_AND_CONVERGENCE,Inspect and repair defects encountered during migration,WP17C_CANONICAL_OVERLAY,lib/tabulatedDataPrimer.js,Canonical overlay foundation,MIGRATING,Imported from WP17C ledger · Shared shell/token convergence wave active · Executive first-priority repair wave · lib/tabulatedDataPrimer.js,PENDING
OVERLAY-081,admin,,,Sheet_surface,ACTIVE,WP17D_CANONICAL_WAVE,PortalShell (canonical wp17d wave),Canonical glass header,Canonical sidebar in wave migration,Layered light base + navy grid + restrained glass,Sheet,lucide-react (canonical wrapper convergence),ALIGN_LABEL,N/A,Canonical footer boundary in wave rollout,Canonical responsive shell in wave rollout,Operational; convergence verification pending,None observed in current wave or pending inspection,STANDARDIZE,PORTAL_MIGRATION,Inspect and repair defects encountered during migration,WP17C_CANONICAL_OVERLAY,pages/AdminAssetThread.jsx,Canonical overlay foundation,IMPLEMENTED,Imported from WP17C ledger · Shared shell/token convergence wave active · pages/AdminAssetThread.jsx,PENDING
OVERLAY-082,admin,,,Sheet_surface,ACTIVE,WP17D_CANONICAL_WAVE,PortalShell (canonical wp17d wave),Canonical glass header,Canonical sidebar in wave migration,Layered light base + navy grid + restrained glass,Sheet,lucide-react (canonical wrapper convergence),ALIGN_LABEL,N/A,Canonical footer boundary in wave rollout,Canonical responsive shell in wave rollout,Operational; convergence verification pending,None observed in current wave or pending inspection,STANDARDIZE,PORTAL_MIGRATION,Inspect and repair defects encountered during migration,WP17C_CANONICAL_OVERLAY,pages/AdminGuide.jsx,Canonical overlay foundation,IMPLEMENTED,Imported from WP17C ledger · Shared shell/token convergence wave active · pages/AdminGuide.jsx,PENDING
OVERLAY-083,admin,,,Sheet_surface,ACTIVE,WP17D_CANONICAL_WAVE,PortalShell (canonical wp17d wave),Canonical glass header,Canonical sidebar in wave migration,Layered light base + navy grid + restrained glass,Sheet,lucide-react (canonical wrapper convergence),ALIGN_LABEL,N/A,Canonical footer boundary in wave rollout,Canonical responsive shell in wave rollout,Operational; convergence verification pending,None observed in current wave or pending inspection,STANDARDIZE,PORTAL_MIGRATION,Inspect and repair defects encountered during migration,WP17C_CANONICAL_OVERLAY,pages/AdminVendorThread.jsx,Canonical overlay foundation,IMPLEMENTED,Imported from WP17C ledger · Shared shell/token convergence wave active · pages/AdminVendorThread.jsx,PENDING
OVERLAY-084,public_shared,,,Sheet_surface,ACTIVE,WP17D_CANONICAL_WAVE,WP17 public shell,Canonical glass header,Mixed or contextual navigation,Layered light base + navy grid + restrained glass,Sheet,lucide-react (canonical wrapper convergence),ALIGN_LABEL,N/A,Canonical footer boundary in wave rollout,Canonical responsive shell in wave rollout,Under active convergence repair,None observed in current wave or pending inspection,STANDARDIZE,FIRST_WAVE_REPAIR_AND_CONVERGENCE,Inspect and repair defects encountered during migration,WP17C_CANONICAL_OVERLAY,pages/AllPostersPrint.jsx,Canonical overlay foundation,MIGRATING,Imported from WP17C ledger · Shared shell/token convergence wave active · Executive first-priority repair wave · pages/AllPostersPrint.jsx,PENDING
OVERLAY-085,public_shared,,,Sheet_surface,ACTIVE,WP17D_CANONICAL_WAVE,WP17 public shell,Canonical glass header,Mixed or contextual navigation,Layered light base + navy grid + restrained glass,Sheet,lucide-react (canonical wrapper convergence),ALIGN_LABEL,N/A,Canonical footer boundary in wave rollout,Canonical responsive shell in wave rollout,Under active convergence repair,None observed in current wave or pending inspection,STANDARDIZE,FIRST_WAVE_REPAIR_AND_CONVERGENCE,Inspect and repair defects encountered during migration,WP17C_CANONICAL_OVERLAY,pages/CheatSheet.jsx,Canonical overlay foundation,MIGRATING,Imported from WP17C ledger · Shared shell/token convergence wave active · Executive first-priority repair wave · pages/CheatSheet.jsx,PENDING
OVERLAY-086,field_leadership,,,Sheet_surface,ACTIVE,WP17D_CANONICAL_WAVE,Legacy or portal-specific shell,Canonical glass header,Mixed or contextual navigation,Layered light base + navy grid + restrained glass,Sheet,lucide-react (canonical wrapper convergence),ALIGN_LABEL,N/A,Mixed footer treatment,Canonical responsive shell in wave rollout,Operational; convergence verification pending,None observed in current wave or pending inspection,STANDARDIZE,PORTAL_MIGRATION,Inspect and repair defects encountered during migration,WP17C_CANONICAL_OVERLAY,pages/FieldLeadershipDriverQualification.jsx,Canonical overlay foundation,IMPLEMENTED,Imported from WP17C ledger · Shared shell/token convergence wave active · pages/FieldLeadershipDriverQualification.jsx,PENDING
OVERLAY-087,hr,,,Sheet_surface,ACTIVE,WP17D_CANONICAL_WAVE,PortalShell (canonical wp17d wave),Canonical glass header,Canonical sidebar in wave migration,Layered light base + navy grid + restrained glass,Sheet,lucide-react (canonical wrapper convergence),ALIGN_LABEL,N/A,Canonical footer boundary in wave rollout,Canonical responsive shell in wave rollout,Under active convergence repair,None observed in current wave or pending inspection,STANDARDIZE,FIRST_WAVE_REPAIR_AND_CONVERGENCE,Repair partial shell migration and inconsistent detail/form/list behavior,WP17C_CANONICAL_OVERLAY,pages/HrEmployees.jsx,Canonical overlay foundation,MIGRATING,Imported from WP17C ledger · Shared shell/token convergence wave active · Executive first-priority repair wave · pages/HrEmployees.jsx,PENDING
OVERLAY-088,public_shared,,,Sheet_surface,ACTIVE,WP17D_CANONICAL_WAVE,WP17 public shell,Canonical glass header,Mixed or contextual navigation,Layered light base + navy grid + restrained glass,Sheet,lucide-react (canonical wrapper convergence),ALIGN_LABEL,N/A,Canonical footer boundary in wave rollout,Canonical responsive shell in wave rollout,Under active convergence repair,None observed in current wave or pending inspection,STANDARDIZE,FIRST_WAVE_REPAIR_AND_CONVERGENCE,Inspect and repair defects encountered during migration,WP17C_CANONICAL_OVERLAY,pages/Hub.jsx,Canonical overlay foundation,MIGRATING,Imported from WP17C ledger · Shared shell/token convergence wave active · Executive first-priority repair wave · pages/Hub.jsx,PENDING
OVERLAY-089,public_shared,,,Sheet_surface,ACTIVE,WP17D_CANONICAL_WAVE,WP17 public shell,Canonical glass header,Mixed or contextual navigation,Layered light base + navy grid + restrained glass,Sheet,lucide-react (canonical wrapper convergence),ALIGN_LABEL,N/A,Canonical footer boundary in wave rollout,Canonical responsive shell in wave rollout,Under active convergence repair,None observed in current wave or pending inspection,STANDARDIZE,FIRST_WAVE_REPAIR_AND_CONVERGENCE,Inspect and repair defects encountered during migration,WP17C_CANONICAL_OVERLAY,pages/PoRequests.jsx,Canonical overlay foundation,MIGRATING,Imported from WP17C ledger · Shared shell/token convergence wave active · Executive first-priority repair wave · pages/PoRequests.jsx,PENDING
OVERLAY-090,safety,,,Sheet_surface,ACTIVE,WP17D_CANONICAL_WAVE,PortalShell (canonical wp17d wave),Canonical glass header,Canonical sidebar in wave migration,Layered light base + navy grid + restrained glass,Sheet,lucide-react (canonical wrapper convergence),ALIGN_LABEL,N/A,Canonical footer boundary in wave rollout,Canonical responsive shell in wave rollout,Operational; convergence verification pending,None observed in current wave or pending inspection,STANDARDIZE,PORTAL_MIGRATION,Inspect and repair defects encountered during migration,WP17C_CANONICAL_OVERLAY,pages/SafetyDocuments.jsx,Canonical overlay foundation,IMPLEMENTED,Imported from WP17C ledger · Shared shell/token convergence wave active · pages/SafetyDocuments.jsx,PENDING
OVERLAY-091,public_shared,,,Sheet_surface,ACTIVE,WP17D_CANONICAL_WAVE,WP17 public shell,Canonical glass header,Mixed or contextual navigation,Layered light base + navy grid + restrained glass,Sheet,lucide-react (canonical wrapper convergence),ALIGN_LABEL,N/A,Canonical footer boundary in wave rollout,Canonical responsive shell in wave rollout,Under active convergence repair,None observed in current wave or pending inspection,STANDARDIZE,FIRST_WAVE_REPAIR_AND_CONVERGENCE,Inspect and repair defects encountered during migration,WP17C_CANONICAL_OVERLAY,pages/Tasks.jsx,Canonical overlay foundation,MIGRATING,Imported from WP17C ledger · Shared shell/token convergence wave active · Executive first-priority repair wave · pages/Tasks.jsx,PENDING
OVERLAY-092,public_shared,,,Sheet_surface,ACTIVE,WP17D_CANONICAL_WAVE,WP17 public shell,Canonical glass header,Mixed or contextual navigation,Layered light base + navy grid + restrained glass,Sheet,lucide-react (canonical wrapper convergence),ALIGN_LABEL,N/A,Canonical footer boundary in wave rollout,Canonical responsive shell in wave rollout,Under active convergence repair,None observed in current wave or pending inspection,STANDARDIZE,FIRST_WAVE_REPAIR_AND_CONVERGENCE,Inspect and repair defects encountered during migration,WP17C_CANONICAL_OVERLAY,pages/TrainingTrack.jsx,Canonical overlay foundation,MIGRATING,Imported from WP17C ledger · Shared shell/token convergence wave active · Executive first-priority repair wave · pages/TrainingTrack.jsx,PENDING
OVERLAY-093,public_shared,,,Drawer_surface,ACTIVE,WP17D_CANONICAL_WAVE,WP17 public shell,Canonical glass header,Mixed or contextual navigation,Layered light base + navy grid + restrained glass,Drawer,lucide-react (canonical wrapper convergence),ALIGN_LABEL,N/A,Canonical footer boundary in wave rollout,Canonical responsive shell in wave rollout,Under active convergence repair,None observed in current wave or pending inspection,STANDARDIZE,FIRST_WAVE_REPAIR_AND_CONVERGENCE,Inspect and repair defects encountered during migration,WP17C_CANONICAL_OVERLAY,components/HelpDrawer.jsx,Canonical overlay foundation,MIGRATING,Imported from WP17C ledger · Shared shell/token convergence wave active · Executive first-priority repair wave · components/HelpDrawer.jsx,PENDING
OVERLAY-094,public_shared,,,Drawer_surface,ACTIVE,WP17D_CANONICAL_WAVE,WP17 public shell,Canonical glass header,Mixed or contextual navigation,Layered light base + navy grid + restrained glass,Drawer,lucide-react (canonical wrapper convergence),ALIGN_LABEL,N/A,Canonical footer boundary in wave rollout,Canonical responsive shell in wave rollout,Under active convergence repair,None observed in current wave or pending inspection,STANDARDIZE,FIRST_WAVE_REPAIR_AND_CONVERGENCE,Inspect and repair defects encountered during migration,WP17C_CANONICAL_OVERLAY,components/admin/MaintainxDefectCoverageSection.jsx,Canonical overlay foundation,MIGRATING,Imported from WP17C ledger · Shared shell/token convergence wave active · Executive first-priority repair wave · components/admin/MaintainxDefectCoverageSection.jsx,PENDING
OVERLAY-095,public_shared,,,Drawer_surface,ACTIVE,WP17D_CANONICAL_WAVE,WP17 public shell,Canonical glass header,Mixed or contextual navigation,Layered light base + navy grid + restrained glass,Drawer,lucide-react (canonical wrapper convergence),ALIGN_LABEL,N/A,Canonical footer boundary in wave rollout,Canonical responsive shell in wave rollout,Under active convergence repair,None observed in current wave or pending inspection,STANDARDIZE,FIRST_WAVE_REPAIR_AND_CONVERGENCE,Inspect and repair defects encountered during migration,WP17C_CANONICAL_OVERLAY,components/dispatch/AssignmentDrawer.jsx,Canonical overlay foundation,MIGRATING,Imported from WP17C ledger · Shared shell/token convergence wave active · Executive first-priority repair wave · components/dispatch/AssignmentDrawer.jsx,PENDING
OVERLAY-096,public_shared,,,Drawer_surface,ACTIVE,WP17D_CANONICAL_WAVE,WP17 public shell,Canonical glass header,Mixed or contextual navigation,Layered light base + navy grid + restrained glass,Drawer,lucide-react (canonical wrapper convergence),ALIGN_LABEL,N/A,Canonical footer boundary in wave rollout,Canonical responsive shell in wave rollout,Under active convergence repair,None observed in current wave or pending inspection,STANDARDIZE,FIRST_WAVE_REPAIR_AND_CONVERGENCE,Inspect and repair defects encountered during migration,WP17C_CANONICAL_OVERLAY,components/iam/IamStandardCells.jsx,Canonical overlay foundation,MIGRATING,Imported from WP17C ledger · Shared shell/token convergence wave active · Executive first-priority repair wave · components/iam/IamStandardCells.jsx,PENDING
OVERLAY-097,public_shared,,,Drawer_surface,ACTIVE,WP17D_CANONICAL_WAVE,WP17 public shell,Canonical glass header,Mixed or contextual navigation,Layered light base + navy grid + restrained glass,Drawer,lucide-react (canonical wrapper convergence),ALIGN_LABEL,N/A,Canonical footer boundary in wave rollout,Canonical responsive shell in wave rollout,Under active convergence repair,None observed in current wave or pending inspection,STANDARDIZE,FIRST_WAVE_REPAIR_AND_CONVERGENCE,Inspect and repair defects encountered during migration,WP17C_CANONICAL_OVERLAY,components/iam/IamUserDetailDrawer.jsx,Canonical overlay foundation,MIGRATING,Imported from WP17C ledger · Shared shell/token convergence wave active · Executive first-priority repair wave · components/iam/IamUserDetailDrawer.jsx,PENDING
OVERLAY-098,public_shared,,,Drawer_surface,ACTIVE,WP17D_CANONICAL_WAVE,WP17 public shell,Canonical glass header,Mixed or contextual navigation,Layered light base + navy grid + restrained glass,Drawer,lucide-react (canonical wrapper convergence),ALIGN_LABEL,N/A,Canonical footer boundary in wave rollout,Canonical responsive shell in wave rollout,Under active convergence repair,None observed in current wave or pending inspection,STANDARDIZE,FIRST_WAVE_REPAIR_AND_CONVERGENCE,Inspect and repair defects encountered during migration,WP17C_CANONICAL_OVERLAY,components/ui/drawer.jsx,Canonical overlay foundation,MIGRATING,Imported from WP17C ledger · Shared shell/token convergence wave active · Executive first-priority repair wave · components/ui/drawer.jsx,PENDING
OVERLAY-099,hr,,,Drawer_surface,ACTIVE,WP17D_CANONICAL_WAVE,PortalShell (canonical wp17d wave),Canonical glass header,Canonical sidebar in wave migration,Layered light base + navy grid + restrained glass,Drawer,lucide-react (canonical wrapper convergence),ALIGN_LABEL,N/A,Canonical footer boundary in wave rollout,Canonical responsive shell in wave rollout,Under active convergence repair,None observed in current wave or pending inspection,STANDARDIZE,FIRST_WAVE_REPAIR_AND_CONVERGENCE,Repair partial shell migration and inconsistent detail/form/list behavior,WP17C_CANONICAL_OVERLAY,pages/HrEmployees.jsx,Canonical overlay foundation,MIGRATING,Imported from WP17C ledger · Shared shell/token convergence wave active · Executive first-priority repair wave · pages/HrEmployees.jsx,PENDING
OVERLAY-100,hr,,,Drawer_surface,ACTIVE,WP17D_CANONICAL_WAVE,PortalShell (canonical wp17d wave),Canonical glass header,Canonical sidebar in wave migration,Layered light base + navy grid + restrained glass,Drawer,lucide-react (canonical wrapper convergence),ALIGN_LABEL,N/A,Canonical footer boundary in wave rollout,Canonical responsive shell in wave rollout,Under active convergence repair,None observed in current wave or pending inspection,STANDARDIZE,FIRST_WAVE_REPAIR_AND_CONVERGENCE,Repair partial shell migration and inconsistent detail/form/list behavior,WP17C_CANONICAL_OVERLAY,pages/HrFieldLeadershipUsers.jsx,Canonical overlay foundation,MIGRATING,Imported from WP17C ledger · Shared shell/token convergence wave active · Executive first-priority repair wave · pages/HrFieldLeadershipUsers.jsx,PENDING
OVERLAY-101,public_shared,,,Drawer_surface,ACTIVE,WP17D_CANONICAL_WAVE,WP17 public shell,Canonical glass header,Mixed or contextual navigation,Layered light base + navy grid + restrained glass,Drawer,lucide-react (canonical wrapper convergence),ALIGN_LABEL,N/A,Canonical footer boundary in wave rollout,Canonical responsive shell in wave rollout,Under active convergence repair,None observed in current wave or pending inspection,STANDARDIZE,FIRST_WAVE_REPAIR_AND_CONVERGENCE,Inspect and repair defects encountered during migration,WP17C_CANONICAL_OVERLAY,pages/NewEquipmentInspection.jsx,Canonical overlay foundation,MIGRATING,Imported from WP17C ledger · Shared shell/token convergence wave active · Executive first-priority repair wave · pages/NewEquipmentInspection.jsx,PENDING
OVERLAY-102,public_shared,,,Drawer_surface,ACTIVE,WP17D_CANONICAL_WAVE,WP17 public shell,Canonical glass header,Mixed or contextual navigation,Layered light base + navy grid + restrained glass,Drawer,lucide-react (canonical wrapper convergence),ALIGN_LABEL,N/A,Canonical footer boundary in wave rollout,Canonical responsive shell in wave rollout,Under active convergence repair,None observed in current wave or pending inspection,STANDARDIZE,FIRST_WAVE_REPAIR_AND_CONVERGENCE,Inspect and repair defects encountered during migration,WP17C_CANONICAL_OVERLAY,pages/Tasks.jsx,Canonical overlay foundation,MIGRATING,Imported from WP17C ledger · Shared shell/token convergence wave active · Executive first-priority repair wave · pages/Tasks.jsx,PENDING
OVERLAY-103,admin,,,Drawer_surface,ACTIVE,WP17D_CANONICAL_WAVE,PortalShell (canonical wp17d wave),Canonical glass header,Canonical sidebar in wave migration,Layered light base + navy grid + restrained glass,Drawer,lucide-react (canonical wrapper convergence),ALIGN_LABEL,N/A,Canonical footer boundary in wave rollout,Canonical responsive shell in wave rollout,Operational; convergence verification pending,None observed in current wave or pending inspection,STANDARDIZE,PORTAL_MIGRATION,Inspect and repair defects encountered during migration,WP17C_CANONICAL_OVERLAY,pages/admin/AdminPeople.jsx,Canonical overlay foundation,IMPLEMENTED,Imported from WP17C ledger · Shared shell/token convergence wave active · pages/admin/AdminPeople.jsx,PENDING
OVERLAY-104,public_shared,,,Popover_surface,ACTIVE,WP17D_CANONICAL_WAVE,WP17 public shell,Canonical glass header,Mixed or contextual navigation,Layered light base + navy grid + restrained glass,Popover,lucide-react (canonical wrapper convergence),ALIGN_LABEL,N/A,Canonical footer boundary in wave rollout,Canonical responsive shell in wave rollout,Under active convergence repair,None observed in current wave or pending inspection,STANDARDIZE,FIRST_WAVE_REPAIR_AND_CONVERGENCE,Inspect and repair defects encountered during migration,WP17C_CANONICAL_OVERLAY,components/JobPicker.jsx,Canonical overlay foundation,MIGRATING,Imported from WP17C ledger · Shared shell/token convergence wave active · Executive first-priority repair wave · components/JobPicker.jsx,PENDING
OVERLAY-105,public_shared,,,Popover_surface,ACTIVE,WP17D_CANONICAL_WAVE,WP17 public shell,Canonical glass header,Mixed or contextual navigation,Layered light base + navy grid + restrained glass,Popover,lucide-react (canonical wrapper convergence),ALIGN_LABEL,N/A,Canonical footer boundary in wave rollout,Canonical responsive shell in wave rollout,Under active convergence repair,None observed in current wave or pending inspection,STANDARDIZE,FIRST_WAVE_REPAIR_AND_CONVERGENCE,Inspect and repair defects encountered during migration,WP17C_CANONICAL_OVERLAY,components/TopicPicker.jsx,Canonical overlay foundation,MIGRATING,Imported from WP17C ledger · Shared shell/token convergence wave active · Executive first-priority repair wave · components/TopicPicker.jsx,PENDING
OVERLAY-106,public_shared,,,Popover_surface,ACTIVE,WP17D_CANONICAL_WAVE,WP17 public shell,Canonical glass header,Mixed or contextual navigation,Layered light base + navy grid + restrained glass,Popover,lucide-react (canonical wrapper convergence),ALIGN_LABEL,N/A,Canonical footer boundary in wave rollout,Canonical responsive shell in wave rollout,Under active convergence repair,None observed in current wave or pending inspection,STANDARDIZE,FIRST_WAVE_REPAIR_AND_CONVERGENCE,Inspect and repair defects encountered during migration,WP17C_CANONICAL_OVERLAY,components/daily-report-v3/UnitCombo.jsx,Canonical overlay foundation,MIGRATING,Imported from WP17C ledger · Shared shell/token convergence wave active · Executive first-priority repair wave · components/daily-report-v3/UnitCombo.jsx,PENDING
OVERLAY-107,public_shared,,,Popover_surface,ACTIVE,WP17D_CANONICAL_WAVE,WP17 public shell,Canonical glass header,Mixed or contextual navigation,Layered light base + navy grid + restrained glass,Popover,lucide-react (canonical wrapper convergence),ALIGN_LABEL,N/A,Canonical footer boundary in wave rollout,Canonical responsive shell in wave rollout,Under active convergence repair,None observed in current wave or pending inspection,STANDARDIZE,FIRST_WAVE_REPAIR_AND_CONVERGENCE,Inspect and repair defects encountered during migration,WP17C_CANONICAL_OVERLAY,components/team/JobTeamRosterPanel.jsx,Canonical overlay foundation,MIGRATING,Imported from WP17C ledger · Shared shell/token convergence wave active · Executive first-priority repair wave · components/team/JobTeamRosterPanel.jsx,PENDING
OVERLAY-108,public_shared,,,Popover_surface,ACTIVE,WP17D_CANONICAL_WAVE,WP17 public shell,Canonical glass header,Mixed or contextual navigation,Layered light base + navy grid + restrained glass,Popover,lucide-react (canonical wrapper convergence),ALIGN_LABEL,N/A,Canonical footer boundary in wave rollout,Canonical responsive shell in wave rollout,Under active convergence repair,None observed in current wave or pending inspection,STANDARDIZE,FIRST_WAVE_REPAIR_AND_CONVERGENCE,Inspect and repair defects encountered during migration,WP17C_CANONICAL_OVERLAY,components/trench/EmployeePicker.jsx,Canonical overlay foundation,MIGRATING,Imported from WP17C ledger · Shared shell/token convergence wave active · Executive first-priority repair wave · components/trench/EmployeePicker.jsx,PENDING
OVERLAY-109,public_shared,,,Popover_surface,ACTIVE,WP17D_CANONICAL_WAVE,WP17 public shell,Canonical glass header,Mixed or contextual navigation,Layered light base + navy grid + restrained glass,Popover,lucide-react (canonical wrapper convergence),ALIGN_LABEL,N/A,Canonical footer boundary in wave rollout,Canonical responsive shell in wave rollout,Under active convergence repair,None observed in current wave or pending inspection,STANDARDIZE,FIRST_WAVE_REPAIR_AND_CONVERGENCE,Inspect and repair defects encountered during migration,WP17C_CANONICAL_OVERLAY,components/ui/HelpTip.jsx,Canonical overlay foundation,MIGRATING,Imported from WP17C ledger · Shared shell/token convergence wave active · Executive first-priority repair wave · components/ui/HelpTip.jsx,PENDING
OVERLAY-110,public_shared,,,Popover_surface,ACTIVE,WP17D_CANONICAL_WAVE,WP17 public shell,Canonical glass header,Mixed or contextual navigation,Layered light base + navy grid + restrained glass,Popover,lucide-react (canonical wrapper convergence),ALIGN_LABEL,N/A,Canonical footer boundary in wave rollout,Canonical responsive shell in wave rollout,Under active convergence repair,None observed in current wave or pending inspection,STANDARDIZE,FIRST_WAVE_REPAIR_AND_CONVERGENCE,Inspect and repair defects encountered during migration,WP17C_CANONICAL_OVERLAY,components/ui/popover.jsx,Canonical overlay foundation,MIGRATING,Imported from WP17C ledger · Shared shell/token convergence wave active · Executive first-priority repair wave · components/ui/popover.jsx,PENDING
OVERLAY-111,public_shared,,,Popover_surface,ACTIVE,WP17D_CANONICAL_WAVE,WP17 public shell,Canonical glass header,Mixed or contextual navigation,Layered light base + navy grid + restrained glass,Popover,lucide-react (canonical wrapper convergence),ALIGN_LABEL,N/A,Canonical footer boundary in wave rollout,Canonical responsive shell in wave rollout,Under active convergence repair,None observed in current wave or pending inspection,STANDARDIZE,FIRST_WAVE_REPAIR_AND_CONVERGENCE,Inspect and repair defects encountered during migration,WP17C_CANONICAL_OVERLAY,design-system/PortalShell.jsx,Canonical overlay foundation,MIGRATING,Imported from WP17C ledger · Shared shell/token convergence wave active · Executive first-priority repair wave · design-system/PortalShell.jsx,PENDING
OVERLAY-112,public_shared,,,Popover_surface,ACTIVE,WP17D_CANONICAL_WAVE,WP17 public shell,Canonical glass header,Mixed or contextual navigation,Layered light base + navy grid + restrained glass,Popover,lucide-react (canonical wrapper convergence),ALIGN_LABEL,N/A,Canonical footer boundary in wave rollout,Canonical responsive shell in wave rollout,Under active convergence repair,None observed in current wave or pending inspection,STANDARDIZE,FIRST_WAVE_REPAIR_AND_CONVERGENCE,Inspect and repair defects encountered during migration,WP17C_CANONICAL_OVERLAY,design-system/responsive.jsx,Canonical overlay foundation,MIGRATING,Imported from WP17C ledger · Shared shell/token convergence wave active · Executive first-priority repair wave · design-system/responsive.jsx,PENDING
OVERLAY-113,admin,,,Tabs_surface,ACTIVE,WP17D_CANONICAL_WAVE,PortalShell (canonical wp17d wave),Canonical glass header,Canonical sidebar in wave migration,Layered light base + navy grid + restrained glass,Tabs,lucide-react (canonical wrapper convergence),ALIGN_LABEL,N/A,Canonical footer boundary in wave rollout,Canonical responsive shell in wave rollout,Operational; convergence verification pending,None observed in current wave or pending inspection,STANDARDIZE,PORTAL_MIGRATION,Inspect and repair defects encountered during migration,WP17C_CANONICAL_OVERLAY,components/AdminSafetyFormsPanel.jsx,Canonical overlay foundation,IMPLEMENTED,Imported from WP17C ledger · Shared shell/token convergence wave active · components/AdminSafetyFormsPanel.jsx,PENDING
OVERLAY-114,public_shared,,,Tabs_surface,ACTIVE,WP17D_CANONICAL_WAVE,WP17 public shell,Canonical glass header,Mixed or contextual navigation,Layered light base + navy grid + restrained glass,Tabs,lucide-react (canonical wrapper convergence),ALIGN_LABEL,N/A,Canonical footer boundary in wave rollout,Canonical responsive shell in wave rollout,Under active convergence repair,None observed in current wave or pending inspection,STANDARDIZE,FIRST_WAVE_REPAIR_AND_CONVERGENCE,Inspect and repair defects encountered during migration,WP17C_CANONICAL_OVERLAY,components/EquipmentTrendsPanel.jsx,Canonical overlay foundation,MIGRATING,Imported from WP17C ledger · Shared shell/token convergence wave active · Executive first-priority repair wave · components/EquipmentTrendsPanel.jsx,PENDING
OVERLAY-115,public_shared,,,Tabs_surface,ACTIVE,WP17D_CANONICAL_WAVE,WP17 public shell,Canonical glass header,Mixed or contextual navigation,Layered light base + navy grid + restrained glass,Tabs,lucide-react (canonical wrapper convergence),ALIGN_LABEL,N/A,Canonical footer boundary in wave rollout,Canonical responsive shell in wave rollout,Under active convergence repair,None observed in current wave or pending inspection,STANDARDIZE,FIRST_WAVE_REPAIR_AND_CONVERGENCE,Inspect and repair defects encountered during migration,WP17C_CANONICAL_OVERLAY,components/dispatch/command/CommunicationsTab.jsx,Canonical overlay foundation,MIGRATING,Imported from WP17C ledger · Shared shell/token convergence wave active · Executive first-priority repair wave · components/dispatch/command/CommunicationsTab.jsx,PENDING
OVERLAY-116,public_shared,,,Tabs_surface,ACTIVE,WP17D_CANONICAL_WAVE,WP17 public shell,Canonical glass header,Mixed or contextual navigation,Layered light base + navy grid + restrained glass,Tabs,lucide-react (canonical wrapper convergence),ALIGN_LABEL,N/A,Canonical footer boundary in wave rollout,Canonical responsive shell in wave rollout,Under active convergence repair,None observed in current wave or pending inspection,STANDARDIZE,FIRST_WAVE_REPAIR_AND_CONVERGENCE,Inspect and repair defects encountered during migration,WP17C_CANONICAL_OVERLAY,components/ui/tabs.jsx,Canonical overlay foundation,MIGRATING,Imported from WP17C ledger · Shared shell/token convergence wave active · Executive first-priority repair wave · components/ui/tabs.jsx,PENDING
OVERLAY-117,public_shared,,,Tabs_surface,ACTIVE,WP17D_CANONICAL_WAVE,WP17 public shell,Canonical glass header,Mixed or contextual navigation,Layered light base + navy grid + restrained glass,Tabs,lucide-react (canonical wrapper convergence),ALIGN_LABEL,N/A,Canonical footer boundary in wave rollout,Canonical responsive shell in wave rollout,Under active convergence repair,None observed in current wave or pending inspection,STANDARDIZE,FIRST_WAVE_REPAIR_AND_CONVERGENCE,Inspect and repair defects encountered during migration,WP17C_CANONICAL_OVERLAY,lib/i18n.js,Canonical overlay foundation,MIGRATING,Imported from WP17C ledger · Shared shell/token convergence wave active · Executive first-priority repair wave · lib/i18n.js,PENDING
OVERLAY-118,admin,,,Tabs_surface,ACTIVE,WP17D_CANONICAL_WAVE,PortalShell (canonical wp17d wave),Canonical glass header,Canonical sidebar in wave migration,Layered light base + navy grid + restrained glass,Tabs,lucide-react (canonical wrapper convergence),ALIGN_LABEL,N/A,Canonical footer boundary in wave rollout,Canonical responsive shell in wave rollout,Operational; convergence verification pending,None observed in current wave or pending inspection,STANDARDIZE,PORTAL_MIGRATION,Inspect and repair defects encountered during migration,WP17C_CANONICAL_OVERLAY,pages/AdminGuide.jsx,Canonical overlay foundation,IMPLEMENTED,Imported from WP17C ledger · Shared shell/token convergence wave active · pages/AdminGuide.jsx,PENDING
OVERLAY-119,dispatch,,,Tabs_surface,ACTIVE,WP17D_CANONICAL_WAVE,Legacy or portal-specific shell,Canonical glass header,Mixed or contextual navigation,Layered light base + navy grid + restrained glass,Tabs,lucide-react (canonical wrapper convergence),ALIGN_LABEL,N/A,Mixed footer treatment,Canonical responsive shell in wave rollout,Operational; convergence verification pending,None observed in current wave or pending inspection,STANDARDIZE,PORTAL_MIGRATION,Inspect and repair defects encountered during migration,WP17C_CANONICAL_OVERLAY,pages/DispatchCommandCenter.jsx,Canonical overlay foundation,IMPLEMENTED,Imported from WP17C ledger · Shared shell/token convergence wave active · pages/DispatchCommandCenter.jsx,PENDING
OVERLAY-120,dispatch,,,Tabs_surface,ACTIVE,WP17D_CANONICAL_WAVE,Legacy or portal-specific shell,Canonical glass header,Mixed or contextual navigation,Layered light base + navy grid + restrained glass,Tabs,lucide-react (canonical wrapper convergence),ALIGN_LABEL,N/A,Mixed footer treatment,Canonical responsive shell in wave rollout,Operational; convergence verification pending,None observed in current wave or pending inspection,STANDARDIZE,PORTAL_MIGRATION,Inspect and repair defects encountered during migration,WP17C_CANONICAL_OVERLAY,pages/DispatchHub.jsx,Canonical overlay foundation,IMPLEMENTED,Imported from WP17C ledger · Shared shell/token convergence wave active · pages/DispatchHub.jsx,PENDING
OVERLAY-121,public_shared,,,Tabs_surface,ACTIVE,WP17D_CANONICAL_WAVE,WP17 public shell,Canonical glass header,Mixed or contextual navigation,Layered light base + navy grid + restrained glass,Tabs,lucide-react (canonical wrapper convergence),ALIGN_LABEL,N/A,Canonical footer boundary in wave rollout,Canonical responsive shell in wave rollout,Under active convergence repair,None observed in current wave or pending inspection,STANDARDIZE,FIRST_WAVE_REPAIR_AND_CONVERGENCE,Inspect and repair defects encountered during migration,WP17C_CANONICAL_OVERLAY,pages/EmployeeProfile.jsx,Canonical overlay foundation,MIGRATING,Imported from WP17C ledger · Shared shell/token convergence wave active · Executive first-priority repair wave · pages/EmployeeProfile.jsx,PENDING
OVERLAY-122,hr,,,Tabs_surface,ACTIVE,WP17D_CANONICAL_WAVE,PortalShell (canonical wp17d wave),Canonical glass header,Canonical sidebar in wave migration,Layered light base + navy grid + restrained glass,Tabs,lucide-react (canonical wrapper convergence),ALIGN_LABEL,N/A,Canonical footer boundary in wave rollout,Canonical responsive shell in wave rollout,Under active convergence repair,None observed in current wave or pending inspection,STANDARDIZE,FIRST_WAVE_REPAIR_AND_CONVERGENCE,Repair partial shell migration and inconsistent detail/form/list behavior,WP17C_CANONICAL_OVERLAY,pages/HrEmployeeAccountabilityTimeline.jsx,Canonical overlay foundation,MIGRATING,Imported from WP17C ledger · Shared shell/token convergence wave active · Executive first-priority repair wave · pages/HrEmployeeAccountabilityTimeline.jsx,PENDING
OVERLAY-123,hr,,,Tabs_surface,ACTIVE,WP17D_CANONICAL_WAVE,PortalShell (canonical wp17d wave),Canonical glass header,Canonical sidebar in wave migration,Layered light base + navy grid + restrained glass,Tabs,lucide-react (canonical wrapper convergence),ALIGN_LABEL,N/A,Canonical footer boundary in wave rollout,Canonical responsive shell in wave rollout,Under active convergence repair,None observed in current wave or pending inspection,STANDARDIZE,FIRST_WAVE_REPAIR_AND_CONVERGENCE,Repair partial shell migration and inconsistent detail/form/list behavior,WP17C_CANONICAL_OVERLAY,pages/HrEmployees.jsx,Canonical overlay foundation,MIGRATING,Imported from WP17C ledger · Shared shell/token convergence wave active · Executive first-priority repair wave · pages/HrEmployees.jsx,PENDING
OVERLAY-124,hr,,,Tabs_surface,ACTIVE,WP17D_CANONICAL_WAVE,PortalShell (canonical wp17d wave),Canonical glass header,Canonical sidebar in wave migration,Layered light base + navy grid + restrained glass,Tabs,lucide-react (canonical wrapper convergence),ALIGN_LABEL,N/A,Canonical footer boundary in wave rollout,Canonical responsive shell in wave rollout,Under active convergence repair,None observed in current wave or pending inspection,STANDARDIZE,FIRST_WAVE_REPAIR_AND_CONVERGENCE,Repair partial shell migration and inconsistent detail/form/list behavior,WP17C_CANONICAL_OVERLAY,pages/HrSafetyRecords.jsx,Canonical overlay foundation,MIGRATING,Imported from WP17C ledger · Shared shell/token convergence wave active · Executive first-priority repair wave · pages/HrSafetyRecords.jsx,PENDING
OVERLAY-125,public_shared,,,Tabs_surface,ACTIVE,WP17D_CANONICAL_WAVE,WP17 public shell,Canonical glass header,Mixed or contextual navigation,Layered light base + navy grid + restrained glass,Tabs,lucide-react (canonical wrapper convergence),ALIGN_LABEL,N/A,Canonical footer boundary in wave rollout,Canonical responsive shell in wave rollout,Under active convergence repair,None observed in current wave or pending inspection,STANDARDIZE,FIRST_WAVE_REPAIR_AND_CONVERGENCE,Inspect and repair defects encountered during migration,WP17C_CANONICAL_OVERLAY,pages/PmCommandCenter.jsx,Canonical overlay foundation,MIGRATING,Imported from WP17C ledger · Shared shell/token convergence wave active · Executive first-priority repair wave · pages/PmCommandCenter.jsx,PENDING
OVERLAY-126,public_shared,,,Tabs_surface,ACTIVE,WP17D_CANONICAL_WAVE,WP17 public shell,Canonical glass header,Mixed or contextual navigation,Layered light base + navy grid + restrained glass,Tabs,lucide-react (canonical wrapper convergence),ALIGN_LABEL,N/A,Canonical footer boundary in wave rollout,Canonical responsive shell in wave rollout,Under active convergence repair,None observed in current wave or pending inspection,STANDARDIZE,FIRST_WAVE_REPAIR_AND_CONVERGENCE,Inspect and repair defects encountered during migration,WP17C_CANONICAL_OVERLAY,pages/PmCrewCompliance.jsx,Canonical overlay foundation,MIGRATING,Imported from WP17C ledger · Shared shell/token convergence wave active · Executive first-priority repair wave · pages/PmCrewCompliance.jsx,PENDING
OVERLAY-127,safety,,,Tabs_surface,ACTIVE,WP17D_CANONICAL_WAVE,PortalShell (canonical wp17d wave),Canonical glass header,Canonical sidebar in wave migration,Layered light base + navy grid + restrained glass,Tabs,lucide-react (canonical wrapper convergence),ALIGN_LABEL,N/A,Canonical footer boundary in wave rollout,Canonical responsive shell in wave rollout,Operational; convergence verification pending,None observed in current wave or pending inspection,STANDARDIZE,PORTAL_MIGRATION,Inspect and repair defects encountered during migration,WP17C_CANONICAL_OVERLAY,pages/SafetyFormsRecords.jsx,Canonical overlay foundation,IMPLEMENTED,Imported from WP17C ledger · Shared shell/token convergence wave active · pages/SafetyFormsRecords.jsx,PENDING
OVERLAY-128,public_shared,,,Tabs_surface,ACTIVE,WP17D_CANONICAL_WAVE,WP17 public shell,Canonical glass header,Mixed or contextual navigation,Layered light base + navy grid + restrained glass,Tabs,lucide-react (canonical wrapper convergence),ALIGN_LABEL,N/A,Canonical footer boundary in wave rollout,Canonical responsive shell in wave rollout,Under active convergence repair,None observed in current wave or pending inspection,STANDARDIZE,FIRST_WAVE_REPAIR_AND_CONVERGENCE,Inspect and repair defects encountered during migration,WP17C_CANONICAL_OVERLAY,pages/Tasks.jsx,Canonical overlay foundation,MIGRATING,Imported from WP17C ledger · Shared shell/token convergence wave active · Executive first-priority repair wave · pages/Tasks.jsx,PENDING
OVERLAY-129,admin,,,Tabs_surface,ACTIVE,WP17D_CANONICAL_WAVE,PortalShell (canonical wp17d wave),Canonical glass header,Canonical sidebar in wave migration,Layered light base + navy grid + restrained glass,Tabs,lucide-react (canonical wrapper convergence),ALIGN_LABEL,N/A,Canonical footer boundary in wave rollout,Canonical responsive shell in wave rollout,Operational; convergence verification pending,None observed in current wave or pending inspection,STANDARDIZE,PORTAL_MIGRATION,Inspect and repair defects encountered during migration,WP17C_CANONICAL_OVERLAY,pages/admin/AdminAssetAdmin.jsx,Canonical overlay foundation,IMPLEMENTED,Imported from WP17C ledger · Shared shell/token convergence wave active · pages/admin/AdminAssetAdmin.jsx,PENDING
OVERLAY-130,admin,,,Tabs_surface,ACTIVE,WP17D_CANONICAL_WAVE,PortalShell (canonical wp17d wave),Canonical glass header,Canonical sidebar in wave migration,Layered light base + navy grid + restrained glass,Tabs,lucide-react (canonical wrapper convergence),ALIGN_LABEL,N/A,Canonical footer boundary in wave rollout,Canonical responsive shell in wave rollout,Operational; convergence verification pending,None observed in current wave or pending inspection,STANDARDIZE,PORTAL_MIGRATION,Inspect and repair defects encountered during migration,WP17C_CANONICAL_OVERLAY,pages/admin/AdminDispatch.jsx,Canonical overlay foundation,IMPLEMENTED,Imported from WP17C ledger · Shared shell/token convergence wave active · pages/admin/AdminDispatch.jsx,PENDING
OVERLAY-131,admin,,,Tabs_surface,ACTIVE,WP17D_CANONICAL_WAVE,PortalShell (canonical wp17d wave),Canonical glass header,Canonical sidebar in wave migration,Layered light base + navy grid + restrained glass,Tabs,lucide-react (canonical wrapper convergence),ALIGN_LABEL,N/A,Canonical footer boundary in wave rollout,Canonical responsive shell in wave rollout,Operational; convergence verification pending,None observed in current wave or pending inspection,STANDARDIZE,PORTAL_MIGRATION,Inspect and repair defects encountered during migration,WP17C_CANONICAL_OVERLAY,pages/admin/AdminIntegrationCenter.jsx,Canonical overlay foundation,IMPLEMENTED,Imported from WP17C ledger · Shared shell/token convergence wave active · pages/admin/AdminIntegrationCenter.jsx,PENDING
OVERLAY-132,admin,,,Tabs_surface,ACTIVE,WP17D_CANONICAL_WAVE,PortalShell (canonical wp17d wave),Canonical glass header,Canonical sidebar in wave migration,Layered light base + navy grid + restrained glass,Tabs,lucide-react (canonical wrapper convergence),ALIGN_LABEL,N/A,Canonical footer boundary in wave rollout,Canonical responsive shell in wave rollout,Operational; convergence verification pending,None observed in current wave or pending inspection,STANDARDIZE,PORTAL_MIGRATION,Inspect and repair defects encountered during migration,WP17C_CANONICAL_OVERLAY,pages/admin/AdminOperationalInventory.jsx,Canonical overlay foundation,IMPLEMENTED,Imported from WP17C ledger · Shared shell/token convergence wave active · pages/admin/AdminOperationalInventory.jsx,PENDING
OVERLAY-133,public_shared,,,Tabs_surface,ACTIVE,WP17D_CANONICAL_WAVE,WP17 public shell,Canonical glass header,Mixed or contextual navigation,Layered light base + navy grid + restrained glass,Tabs,lucide-react (canonical wrapper convergence),ALIGN_LABEL,N/A,Canonical footer boundary in wave rollout,Canonical responsive shell in wave rollout,Under active convergence repair,None observed in current wave or pending inspection,STANDARDIZE,FIRST_WAVE_REPAIR_AND_CONVERGENCE,Inspect and repair defects encountered during migration,WP17C_CANONICAL_OVERLAY,pages/admin/AssetProfile.jsx,Canonical overlay foundation,MIGRATING,Imported from WP17C ledger · Shared shell/token convergence wave active · Executive first-priority repair wave · pages/admin/AssetProfile.jsx,PENDING
OVERLAY-134,public_shared,,,Tabs_surface,ACTIVE,WP17D_CANONICAL_WAVE,WP17 public shell,Canonical glass header,Mixed or contextual navigation,Layered light base + navy grid + restrained glass,Tabs,lucide-react (canonical wrapper convergence),ALIGN_LABEL,N/A,Canonical footer boundary in wave rollout,Canonical responsive shell in wave rollout,Under active convergence repair,None observed in current wave or pending inspection,STANDARDIZE,FIRST_WAVE_REPAIR_AND_CONVERGENCE,Inspect and repair defects encountered during migration,WP17C_CANONICAL_OVERLAY,pages/transportation/_lists.jsx,Canonical overlay foundation,MIGRATING,Imported from WP17C ledger · Shared shell/token convergence wave active · Executive first-priority repair wave · pages/transportation/_lists.jsx,PENDING
OVERLAY-135,public_shared,,,Tabs_surface,ACTIVE,WP17D_CANONICAL_WAVE,WP17 public shell,Canonical glass header,Mixed or contextual navigation,Layered light base + navy grid + restrained glass,Tabs,lucide-react (canonical wrapper convergence),ALIGN_LABEL,N/A,Canonical footer boundary in wave rollout,Canonical responsive shell in wave rollout,Under active convergence repair,None observed in current wave or pending inspection,STANDARDIZE,FIRST_WAVE_REPAIR_AND_CONVERGENCE,Inspect and repair defects encountered during migration,WP17C_CANONICAL_OVERLAY,pages/trench_safety/ExcavationOversight.jsx,Canonical overlay foundation,MIGRATING,Imported from WP17C ledger · Shared shell/token convergence wave active · Executive first-priority repair wave · pages/trench_safety/ExcavationOversight.jsx,PENDING
OVERLAY-136,public_shared,,,Pagination_surface,ACTIVE,WP17D_CANONICAL_WAVE,WP17 public shell,Canonical glass header,Mixed or contextual navigation,Layered light base + navy grid + restrained glass,Pagination,lucide-react (canonical wrapper convergence),ALIGN_LABEL,N/A,Canonical footer boundary in wave rollout,Canonical responsive shell in wave rollout,Under active convergence repair,None observed in current wave or pending inspection,STANDARDIZE,FIRST_WAVE_REPAIR_AND_CONVERGENCE,Inspect and repair defects encountered during migration,WP17C_CANONICAL_OVERLAY,components/ui/pagination.jsx,Canonical overlay foundation,MIGRATING,Imported from WP17C ledger · Shared shell/token convergence wave active · Executive first-priority repair wave · components/ui/pagination.jsx,PENDING
PDF-001,admin,,,pdf_source_surface,ACTIVE,WP17D_CANONICAL_WAVE,PortalShell (canonical wp17d wave),Canonical glass header,Canonical sidebar in wave migration,Layered light base + navy grid + restrained glass,pdf_owner,lucide-react (canonical wrapper convergence),ALIGN_LABEL,N/A,Canonical footer boundary in wave rollout,Canonical responsive shell in wave rollout,Operational; convergence verification pending,None observed in current wave or pending inspection,STANDARDIZE,PORTAL_MIGRATION,Inspect and repair defects encountered during migration,WP17C_CANONICAL_PDF_EXPORT,backend/pdf_render.py,WP17C foundation governance,IMPLEMENTED,Imported from WP17C ledger · Shared shell/token convergence wave active · backend/pdf_render.py,PENDING
PDF-002,admin,,,pdf_source_surface,ACTIVE,WP17D_CANONICAL_WAVE,PortalShell (canonical wp17d wave),Canonical glass header,Canonical sidebar in wave migration,Layered light base + navy grid + restrained glass,pdf_owner,lucide-react (canonical wrapper convergence),ALIGN_LABEL,N/A,Canonical footer boundary in wave rollout,Canonical responsive shell in wave rollout,Operational; convergence verification pending,None observed in current wave or pending inspection,STANDARDIZE,PORTAL_MIGRATION,Inspect and repair defects encountered during migration,WP17C_CANONICAL_PDF_EXPORT,backend/export_pdf_fallback.py,WP17C foundation governance,IMPLEMENTED,Imported from WP17C ledger · Shared shell/token convergence wave active · backend/export_pdf_fallback.py,PENDING
PDF-003,admin,,,pdf_source_surface,ACTIVE,WP17D_CANONICAL_WAVE,PortalShell (canonical wp17d wave),Canonical glass header,Canonical sidebar in wave migration,Layered light base + navy grid + restrained glass,pdf_owner,lucide-react (canonical wrapper convergence),ALIGN_LABEL,N/A,Canonical footer boundary in wave rollout,Canonical responsive shell in wave rollout,Operational; convergence verification pending,None observed in current wave or pending inspection,STANDARDIZE,PORTAL_MIGRATION,Inspect and repair defects encountered during migration,WP17C_CANONICAL_PDF_EXPORT,backend/field_leadership_pdf.py,WP17C foundation governance,IMPLEMENTED,Imported from WP17C ledger · Shared shell/token convergence wave active · backend/field_leadership_pdf.py,PENDING
PDF-004,admin,,,pdf_source_surface,ACTIVE,WP17D_CANONICAL_WAVE,PortalShell (canonical wp17d wave),Canonical glass header,Canonical sidebar in wave migration,Layered light base + navy grid + restrained glass,pdf_owner,lucide-react (canonical wrapper convergence),ALIGN_LABEL,N/A,Canonical footer boundary in wave rollout,Canonical responsive shell in wave rollout,Operational; convergence verification pending,None observed in current wave or pending inspection,STANDARDIZE,PORTAL_MIGRATION,Inspect and repair defects encountered during migration,WP17C_CANONICAL_PDF_EXPORT,backend/hub_banners_pdf.py,WP17C foundation governance,IMPLEMENTED,Imported from WP17C ledger · Shared shell/token convergence wave active · backend/hub_banners_pdf.py,PENDING
PDF-005,admin,,,pdf_source_surface,ACTIVE,WP17D_CANONICAL_WAVE,PortalShell (canonical wp17d wave),Canonical glass header,Canonical sidebar in wave migration,Layered light base + navy grid + restrained glass,pdf_owner,lucide-react (canonical wrapper convergence),ALIGN_LABEL,N/A,Canonical footer boundary in wave rollout,Canonical responsive shell in wave rollout,Operational; convergence verification pending,None observed in current wave or pending inspection,STANDARDIZE,PORTAL_MIGRATION,Inspect and repair defects encountered during migration,WP17C_CANONICAL_PDF_EXPORT,backend/pm_welcome_pdf.py,WP17C foundation governance,IMPLEMENTED,Imported from WP17C ledger · Shared shell/token convergence wave active · backend/pm_welcome_pdf.py,PENDING
PDF-006,admin,,,pdf_source_surface,ACTIVE,WP17D_CANONICAL_WAVE,PortalShell (canonical wp17d wave),Canonical glass header,Canonical sidebar in wave migration,Layered light base + navy grid + restrained glass,pdf_owner,lucide-react (canonical wrapper convergence),ALIGN_LABEL,N/A,Canonical footer boundary in wave rollout,Canonical responsive shell in wave rollout,Operational; convergence verification pending,None observed in current wave or pending inspection,STANDARDIZE,PORTAL_MIGRATION,Inspect and repair defects encountered during migration,WP17C_CANONICAL_PDF_EXPORT,backend/training_pdf.py,WP17C foundation governance,IMPLEMENTED,Imported from WP17C ledger · Shared shell/token convergence wave active · backend/training_pdf.py,PENDING
PDF-007,admin,,,pdf_source_surface,ACTIVE,WP17D_CANONICAL_WAVE,PortalShell (canonical wp17d wave),Canonical glass header,Canonical sidebar in wave migration,Layered light base + navy grid + restrained glass,pdf_owner,lucide-react (canonical wrapper convergence),ALIGN_LABEL,N/A,Canonical footer boundary in wave rollout,Canonical responsive shell in wave rollout,Operational; convergence verification pending,None observed in current wave or pending inspection,STANDARDIZE,PORTAL_MIGRATION,Inspect and repair defects encountered during migration,WP17C_CANONICAL_PDF_EXPORT,backend/routes/dr_v2_pdf.py,WP17C foundation governance,IMPLEMENTED,Imported from WP17C ledger · Shared shell/token convergence wave active · backend/routes/dr_v2_pdf.py,PENDING
PDF-008,admin,,,pdf_source_surface,ACTIVE,WP17D_CANONICAL_WAVE,PortalShell (canonical wp17d wave),Canonical glass header,Canonical sidebar in wave migration,Layered light base + navy grid + restrained glass,pdf_owner,lucide-react (canonical wrapper convergence),ALIGN_LABEL,N/A,Canonical footer boundary in wave rollout,Canonical responsive shell in wave rollout,Operational; convergence verification pending,None observed in current wave or pending inspection,STANDARDIZE,PORTAL_MIGRATION,Inspect and repair defects encountered during migration,WP17C_CANONICAL_PDF_EXPORT,backend/routes/odr/pdf.py,WP17C foundation governance,IMPLEMENTED,Imported from WP17C ledger · Shared shell/token convergence wave active · backend/routes/odr/pdf.py,PENDING
PDF-009,admin,,,pdf_source_surface,ACTIVE,WP17D_CANONICAL_WAVE,PortalShell (canonical wp17d wave),Canonical glass header,Canonical sidebar in wave migration,Layered light base + navy grid + restrained glass,pdf_owner,lucide-react (canonical wrapper convergence),ALIGN_LABEL,N/A,Canonical footer boundary in wave rollout,Canonical responsive shell in wave rollout,Operational; convergence verification pending,None observed in current wave or pending inspection,STANDARDIZE,PORTAL_MIGRATION,Inspect and repair defects encountered during migration,WP17C_CANONICAL_PDF_EXPORT,backend/routes/field_leadership.py,WP17C foundation governance,IMPLEMENTED,Imported from WP17C ledger · Shared shell/token convergence wave active · backend/routes/field_leadership.py,PENDING
PDF-010,admin,,,pdf_source_surface,ACTIVE,WP17D_CANONICAL_WAVE,PortalShell (canonical wp17d wave),Canonical glass header,Canonical sidebar in wave migration,Layered light base + navy grid + restrained glass,pdf_owner,lucide-react (canonical wrapper convergence),ALIGN_LABEL,N/A,Canonical footer boundary in wave rollout,Canonical responsive shell in wave rollout,Operational; convergence verification pending,None observed in current wave or pending inspection,STANDARDIZE,PORTAL_MIGRATION,Inspect and repair defects encountered during migration,WP17C_CANONICAL_PDF_EXPORT,backend/routes/master_history.py,WP17C foundation governance,IMPLEMENTED,Imported from WP17C ledger · Shared shell/token convergence wave active · backend/routes/master_history.py,PENDING
PDF-011,admin,,,pdf_source_surface,ACTIVE,WP17D_CANONICAL_WAVE,PortalShell (canonical wp17d wave),Canonical glass header,Canonical sidebar in wave migration,Layered light base + navy grid + restrained glass,pdf_owner,lucide-react (canonical wrapper convergence),ALIGN_LABEL,N/A,Canonical footer boundary in wave rollout,Canonical responsive shell in wave rollout,Operational; convergence verification pending,None observed in current wave or pending inspection,STANDARDIZE,PORTAL_MIGRATION,Inspect and repair defects encountered during migration,WP17C_CANONICAL_PDF_EXPORT,backend/routes/trench_safety/report_distribution.py,WP17C foundation governance,IMPLEMENTED,Imported from WP17C ledger · Shared shell/token convergence wave active · backend/routes/trench_safety/report_distribution.py,PENDING
PDF-012,admin,,,pdf_source_surface,ACTIVE,WP17D_CANONICAL_WAVE,PortalShell (canonical wp17d wave),Canonical glass header,Canonical sidebar in wave migration,Layered light base + navy grid + restrained glass,pdf_owner,lucide-react (canonical wrapper convergence),ALIGN_LABEL,N/A,Canonical footer boundary in wave rollout,Canonical responsive shell in wave rollout,Operational; convergence verification pending,None observed in current wave or pending inspection,STANDARDIZE,PORTAL_MIGRATION,Inspect and repair defects encountered during migration,WP17C_CANONICAL_PDF_EXPORT,backend/routes/trench_safety/reports.py,WP17C foundation governance,IMPLEMENTED,Imported from WP17C ledger · Shared shell/token convergence wave active · backend/routes/trench_safety/reports.py,PENDING
PDF-013,admin,,,pdf_source_surface,ACTIVE,WP17D_CANONICAL_WAVE,PortalShell (canonical wp17d wave),Canonical glass header,Canonical sidebar in wave migration,Layered light base + navy grid + restrained glass,pdf_owner,lucide-react (canonical wrapper convergence),ALIGN_LABEL,N/A,Canonical footer boundary in wave rollout,Canonical responsive shell in wave rollout,Operational; convergence verification pending,None observed in current wave or pending inspection,STANDARDIZE,PORTAL_MIGRATION,Inspect and repair defects encountered during migration,WP17C_CANONICAL_PDF_EXPORT,backend/routes/trench_safety/report_export.py,WP17C foundation governance,IMPLEMENTED,Imported from WP17C ledger · Shared shell/token convergence wave active · backend/routes/trench_safety/report_export.py,PENDING
PDF-014,admin,,,pdf_source_surface,ACTIVE,WP17D_CANONICAL_WAVE,PortalShell (canonical wp17d wave),Canonical glass header,Canonical sidebar in wave migration,Layered light base + navy grid + restrained glass,pdf_owner,lucide-react (canonical wrapper convergence),ALIGN_LABEL,N/A,Canonical footer boundary in wave rollout,Canonical responsive shell in wave rollout,Operational; convergence verification pending,None observed in current wave or pending inspection,STANDARDIZE,PORTAL_MIGRATION,Inspect and repair defects encountered during migration,WP17C_CANONICAL_PDF_EXPORT,backend/incident_engine/report_render.py,WP17C foundation governance,IMPLEMENTED,Imported from WP17C ledger · Shared shell/token convergence wave active · backend/incident_engine/report_render.py,PENDING
PDF-015,admin,,,pdf_source_surface,ACTIVE,WP17D_CANONICAL_WAVE,PortalShell (canonical wp17d wave),Canonical glass header,Canonical sidebar in wave migration,Layered light base + navy grid + restrained glass,pdf_owner,lucide-react (canonical wrapper convergence),ALIGN_LABEL,N/A,Canonical footer boundary in wave rollout,Canonical responsive shell in wave rollout,Operational; convergence verification pending,None observed in current wave or pending inspection,STANDARDIZE,PORTAL_MIGRATION,Inspect and repair defects encountered during migration,WP17C_CANONICAL_PDF_EXPORT,backend/incident_engine/executive_report_render.py,WP17C foundation governance,IMPLEMENTED,Imported from WP17C ledger · Shared shell/token convergence wave active · backend/incident_engine/executive_report_render.py,PENDING
EMAIL-001,admin,,,email_template_surface,ACTIVE,WP17D_CANONICAL_WAVE,PortalShell (canonical wp17d wave),Canonical glass header,Canonical sidebar in wave migration,Layered light base + navy grid + restrained glass,email_owner,lucide-react (canonical wrapper convergence),ALIGN_LABEL,N/A,Canonical footer boundary in wave rollout,Canonical responsive shell in wave rollout,Operational; convergence verification pending,None observed in current wave or pending inspection,STANDARDIZE,PORTAL_MIGRATION,Inspect and repair defects encountered during migration,WP17C_CANONICAL_EMAIL_TEMPLATE,backend/branded_portal_emails.py,WP17C foundation governance,IMPLEMENTED,Imported from WP17C ledger · Shared shell/token convergence wave active · backend/branded_portal_emails.py,PENDING
EMAIL-002,admin,,,email_template_surface,ACTIVE,WP17D_CANONICAL_WAVE,PortalShell (canonical wp17d wave),Canonical glass header,Canonical sidebar in wave migration,Layered light base + navy grid + restrained glass,email_owner,lucide-react (canonical wrapper convergence),ALIGN_LABEL,N/A,Canonical footer boundary in wave rollout,Canonical responsive shell in wave rollout,Operational; convergence verification pending,None observed in current wave or pending inspection,STANDARDIZE,PORTAL_MIGRATION,Inspect and repair defects encountered during migration,WP17C_CANONICAL_EMAIL_TEMPLATE,backend/email_routing.py,WP17C foundation governance,IMPLEMENTED,Imported from WP17C ledger · Shared shell/token convergence wave active · backend/email_routing.py,PENDING
EMAIL-003,admin,,,email_template_surface,ACTIVE,WP17D_CANONICAL_WAVE,PortalShell (canonical wp17d wave),Canonical glass header,Canonical sidebar in wave migration,Layered light base + navy grid + restrained glass,email_owner,lucide-react (canonical wrapper convergence),ALIGN_LABEL,N/A,Canonical footer boundary in wave rollout,Canonical responsive shell in wave rollout,Operational; convergence verification pending,None observed in current wave or pending inspection,STANDARDIZE,PORTAL_MIGRATION,Inspect and repair defects encountered during migration,WP17C_CANONICAL_EMAIL_TEMPLATE,backend/email_routing_v2.py,WP17C foundation governance,IMPLEMENTED,Imported from WP17C ledger · Shared shell/token convergence wave active · backend/email_routing_v2.py,PENDING
EMAIL-004,admin,,,email_template_surface,ACTIVE,WP17D_CANONICAL_WAVE,PortalShell (canonical wp17d wave),Canonical glass header,Canonical sidebar in wave migration,Layered light base + navy grid + restrained glass,email_owner,lucide-react (canonical wrapper convergence),ALIGN_LABEL,N/A,Canonical footer boundary in wave rollout,Canonical responsive shell in wave rollout,Operational; convergence verification pending,None observed in current wave or pending inspection,STANDARDIZE,PORTAL_MIGRATION,Inspect and repair defects encountered during migration,WP17C_CANONICAL_EMAIL_TEMPLATE,backend/lib/email_dispatch.py,WP17C foundation governance,IMPLEMENTED,Imported from WP17C ledger · Shared shell/token convergence wave active · backend/lib/email_dispatch.py,PENDING
EMAIL-005,admin,,,email_template_surface,ACTIVE,WP17D_CANONICAL_WAVE,PortalShell (canonical wp17d wave),Canonical glass header,Canonical sidebar in wave migration,Layered light base + navy grid + restrained glass,email_owner,lucide-react (canonical wrapper convergence),ALIGN_LABEL,N/A,Canonical footer boundary in wave rollout,Canonical responsive shell in wave rollout,Operational; convergence verification pending,None observed in current wave or pending inspection,STANDARDIZE,PORTAL_MIGRATION,Inspect and repair defects encountered during migration,WP17C_CANONICAL_EMAIL_TEMPLATE,backend/lib/email_audit_status.py,WP17C foundation governance,IMPLEMENTED,Imported from WP17C ledger · Shared shell/token convergence wave active · backend/lib/email_audit_status.py,PENDING
EMAIL-006,admin,,,email_template_surface,ACTIVE,WP17D_CANONICAL_WAVE,PortalShell (canonical wp17d wave),Canonical glass header,Canonical sidebar in wave migration,Layered light base + navy grid + restrained glass,email_owner,lucide-react (canonical wrapper convergence),ALIGN_LABEL,N/A,Canonical footer boundary in wave rollout,Canonical responsive shell in wave rollout,Operational; convergence verification pending,None observed in current wave or pending inspection,STANDARDIZE,PORTAL_MIGRATION,Inspect and repair defects encountered during migration,WP17C_CANONICAL_EMAIL_TEMPLATE,backend/lib/fsi_email_sender.py,WP17C foundation governance,IMPLEMENTED,Imported from WP17C ledger · Shared shell/token convergence wave active · backend/lib/fsi_email_sender.py,PENDING
EMAIL-007,admin,,,email_template_surface,ACTIVE,WP17D_CANONICAL_WAVE,PortalShell (canonical wp17d wave),Canonical glass header,Canonical sidebar in wave migration,Layered light base + navy grid + restrained glass,email_owner,lucide-react (canonical wrapper convergence),ALIGN_LABEL,N/A,Canonical footer boundary in wave rollout,Canonical responsive shell in wave rollout,Operational; convergence verification pending,None observed in current wave or pending inspection,STANDARDIZE,PORTAL_MIGRATION,Inspect and repair defects encountered during migration,WP17C_CANONICAL_EMAIL_TEMPLATE,backend/lib/operator_digest.py,WP17C foundation governance,IMPLEMENTED,Imported from WP17C ledger · Shared shell/token convergence wave active · backend/lib/operator_digest.py,PENDING
EMAIL-008,admin,,,email_template_surface,ACTIVE,WP17D_CANONICAL_WAVE,PortalShell (canonical wp17d wave),Canonical glass header,Canonical sidebar in wave migration,Layered light base + navy grid + restrained glass,email_owner,lucide-react (canonical wrapper convergence),ALIGN_LABEL,N/A,Canonical footer boundary in wave rollout,Canonical responsive shell in wave rollout,Operational; convergence verification pending,None observed in current wave or pending inspection,STANDARDIZE,PORTAL_MIGRATION,Inspect and repair defects encountered during migration,WP17C_CANONICAL_EMAIL_TEMPLATE,backend/lib/transport_command_digest.py,WP17C foundation governance,IMPLEMENTED,Imported from WP17C ledger · Shared shell/token convergence wave active · backend/lib/transport_command_digest.py,PENDING
EMAIL-009,admin,,,email_template_surface,ACTIVE,WP17D_CANONICAL_WAVE,PortalShell (canonical wp17d wave),Canonical glass header,Canonical sidebar in wave migration,Layered light base + navy grid + restrained glass,email_owner,lucide-react (canonical wrapper convergence),ALIGN_LABEL,N/A,Canonical footer boundary in wave rollout,Canonical responsive shell in wave rollout,Operational; convergence verification pending,None observed in current wave or pending inspection,STANDARDIZE,PORTAL_MIGRATION,Inspect and repair defects encountered during migration,WP17C_CANONICAL_EMAIL_TEMPLATE,backend/incident_engine/morning_digest.py,WP17C foundation governance,IMPLEMENTED,Imported from WP17C ledger · Shared shell/token convergence wave active · backend/incident_engine/morning_digest.py,PENDING
EMAIL-010,admin,,,email_template_surface,ACTIVE,WP17D_CANONICAL_WAVE,PortalShell (canonical wp17d wave),Canonical glass header,Canonical sidebar in wave migration,Layered light base + navy grid + restrained glass,email_owner,lucide-react (canonical wrapper convergence),ALIGN_LABEL,N/A,Canonical footer boundary in wave rollout,Canonical responsive shell in wave rollout,Operational; convergence verification pending,None observed in current wave or pending inspection,STANDARDIZE,PORTAL_MIGRATION,Inspect and repair defects encountered during migration,WP17C_CANONICAL_EMAIL_TEMPLATE,backend/po_digest.py,WP17C foundation governance,IMPLEMENTED,Imported from WP17C ledger · Shared shell/token convergence wave active · backend/po_digest.py,PENDING
EMAIL-011,admin,,,email_template_surface,ACTIVE,WP17D_CANONICAL_WAVE,PortalShell (canonical wp17d wave),Canonical glass header,Canonical sidebar in wave migration,Layered light base + navy grid + restrained glass,email_owner,lucide-react (canonical wrapper convergence),ALIGN_LABEL,N/A,Canonical footer boundary in wave rollout,Canonical responsive shell in wave rollout,Operational; convergence verification pending,None observed in current wave or pending inspection,STANDARDIZE,PORTAL_MIGRATION,Inspect and repair defects encountered during migration,WP17C_CANONICAL_EMAIL_TEMPLATE,backend/routes/admin_digest_config.py,WP17C foundation governance,IMPLEMENTED,Imported from WP17C ledger · Shared shell/token convergence wave active · backend/routes/admin_digest_config.py,PENDING
EMAIL-012,admin,,,email_template_surface,ACTIVE,WP17D_CANONICAL_WAVE,PortalShell (canonical wp17d wave),Canonical glass header,Canonical sidebar in wave migration,Layered light base + navy grid + restrained glass,email_owner,lucide-react (canonical wrapper convergence),ALIGN_LABEL,N/A,Canonical footer boundary in wave rollout,Canonical responsive shell in wave rollout,Operational; convergence verification pending,None observed in current wave or pending inspection,STANDARDIZE,PORTAL_MIGRATION,Inspect and repair defects encountered during migration,WP17C_CANONICAL_EMAIL_TEMPLATE,backend/routes/po_digest_admin.py,WP17C foundation governance,IMPLEMENTED,Imported from WP17C ledger · Shared shell/token convergence wave active · backend/routes/po_digest_admin.py,PENDING
EMAIL-013,admin,,,email_template_surface,ACTIVE,WP17D_CANONICAL_WAVE,PortalShell (canonical wp17d wave),Canonical glass header,Canonical sidebar in wave migration,Layered light base + navy grid + restrained glass,email_owner,lucide-react (canonical wrapper convergence),ALIGN_LABEL,N/A,Canonical footer boundary in wave rollout,Canonical responsive shell in wave rollout,Operational; convergence verification pending,None observed in current wave or pending inspection,STANDARDIZE,PORTAL_MIGRATION,Inspect and repair defects encountered during migration,WP17C_CANONICAL_EMAIL_TEMPLATE,backend/routes/safety_portal/digest.py,WP17C foundation governance,IMPLEMENTED,Imported from WP17C ledger · Shared shell/token convergence wave active · backend/routes/safety_portal/digest.py,PENDING
EMAIL-014,admin,,,email_template_surface,ACTIVE,WP17D_CANONICAL_WAVE,PortalShell (canonical wp17d wave),Canonical glass header,Canonical sidebar in wave migration,Layered light base + navy grid + restrained glass,email_owner,lucide-react (canonical wrapper convergence),ALIGN_LABEL,N/A,Canonical footer boundary in wave rollout,Canonical responsive shell in wave rollout,Operational; convergence verification pending,None observed in current wave or pending inspection,STANDARDIZE,PORTAL_MIGRATION,Inspect and repair defects encountered during migration,WP17C_CANONICAL_EMAIL_TEMPLATE,backend/services/operations_control/email.py,WP17C foundation governance,IMPLEMENTED,Imported from WP17C ledger · Shared shell/token convergence wave active · backend/services/operations_control/email.py,PENDING
NOTIFY-001,admin,,,notification_surface,ACTIVE,WP17D_CANONICAL_WAVE,PortalShell (canonical wp17d wave),Canonical glass header,Canonical sidebar in wave migration,Layered light base + navy grid + restrained glass,notification_owner,lucide-react (canonical wrapper convergence),ALIGN_LABEL,N/A,Canonical footer boundary in wave rollout,Canonical responsive shell in wave rollout,Operational; convergence verification pending,None observed in current wave or pending inspection,STANDARDIZE,PORTAL_MIGRATION,Inspect and repair defects encountered during migration,WP17C_CANONICAL_NOTIFICATION_FOUNDATION,backend/lib/notification_delivery.py,WP17C foundation governance,IMPLEMENTED,Imported from WP17C ledger · Shared shell/token convergence wave active · backend/lib/notification_delivery.py,PENDING
NOTIFY-002,admin,,,notification_surface,ACTIVE,WP17D_CANONICAL_WAVE,PortalShell (canonical wp17d wave),Canonical glass header,Canonical sidebar in wave migration,Layered light base + navy grid + restrained glass,notification_owner,lucide-react (canonical wrapper convergence),ALIGN_LABEL,N/A,Canonical footer boundary in wave rollout,Canonical responsive shell in wave rollout,Operational; convergence verification pending,None observed in current wave or pending inspection,STANDARDIZE,PORTAL_MIGRATION,Inspect and repair defects encountered during migration,WP17C_CANONICAL_NOTIFICATION_FOUNDATION,backend/lib/preview_notification_certification.py,WP17C foundation governance,IMPLEMENTED,Imported from WP17C ledger · Shared shell/token convergence wave active · backend/lib/preview_notification_certification.py,PENDING
NOTIFY-003,admin,,,notification_surface,ACTIVE,WP17D_CANONICAL_WAVE,PortalShell (canonical wp17d wave),Canonical glass header,Canonical sidebar in wave migration,Layered light base + navy grid + restrained glass,notification_owner,lucide-react (canonical wrapper convergence),ALIGN_LABEL,N/A,Canonical footer boundary in wave rollout,Canonical responsive shell in wave rollout,Operational; convergence verification pending,None observed in current wave or pending inspection,STANDARDIZE,PORTAL_MIGRATION,Inspect and repair defects encountered during migration,WP17C_CANONICAL_NOTIFICATION_FOUNDATION,backend/routes/notifications.py,WP17C foundation governance,IMPLEMENTED,Imported from WP17C ledger · Shared shell/token convergence wave active · backend/routes/notifications.py,PENDING
NOTIFY-004,admin,,,notification_surface,ACTIVE,WP17D_CANONICAL_WAVE,PortalShell (canonical wp17d wave),Canonical glass header,Canonical sidebar in wave migration,Layered light base + navy grid + restrained glass,notification_owner,lucide-react (canonical wrapper convergence),ALIGN_LABEL,N/A,Canonical footer boundary in wave rollout,Canonical responsive shell in wave rollout,Operational; convergence verification pending,None observed in current wave or pending inspection,STANDARDIZE,PORTAL_MIGRATION,Inspect and repair defects encountered during migration,WP17C_CANONICAL_NOTIFICATION_FOUNDATION,backend/routes/tasks_notifications.py,WP17C foundation governance,IMPLEMENTED,Imported from WP17C ledger · Shared shell/token convergence wave active · backend/routes/tasks_notifications.py,PENDING
NOTIFY-005,admin,,,notification_surface,ACTIVE,WP17D_CANONICAL_WAVE,PortalShell (canonical wp17d wave),Canonical glass header,Canonical sidebar in wave migration,Layered light base + navy grid + restrained glass,notification_owner,lucide-react (canonical wrapper convergence),ALIGN_LABEL,N/A,Canonical footer boundary in wave rollout,Canonical responsive shell in wave rollout,Operational; convergence verification pending,None observed in current wave or pending inspection,STANDARDIZE,PORTAL_MIGRATION,Inspect and repair defects encountered during migration,WP17C_CANONICAL_NOTIFICATION_FOUNDATION,backend/routes/trench_safety/notifications.py,WP17C foundation governance,IMPLEMENTED,Imported from WP17C ledger · Shared shell/token convergence wave active · backend/routes/trench_safety/notifications.py,PENDING
NOTIFY-006,admin,,,notification_surface,ACTIVE,WP17D_CANONICAL_WAVE,PortalShell (canonical wp17d wave),Canonical glass header,Canonical sidebar in wave migration,Layered light base + navy grid + restrained glass,notification_owner,lucide-react (canonical wrapper convergence),ALIGN_LABEL,N/A,Canonical footer boundary in wave rollout,Canonical responsive shell in wave rollout,Operational; convergence verification pending,None observed in current wave or pending inspection,STANDARDIZE,PORTAL_MIGRATION,Inspect and repair defects encountered during migration,WP17C_CANONICAL_NOTIFICATION_FOUNDATION,backend/routes/employee_requests.py,WP17C foundation governance,IMPLEMENTED,Imported from WP17C ledger · Shared shell/token convergence wave active · backend/routes/employee_requests.py,PENDING
NOTIFY-007,admin,,,notification_surface,ACTIVE,WP17D_CANONICAL_WAVE,PortalShell (canonical wp17d wave),Canonical glass header,Canonical sidebar in wave migration,Layered light base + navy grid + restrained glass,notification_owner,lucide-react (canonical wrapper convergence),ALIGN_LABEL,N/A,Canonical footer boundary in wave rollout,Canonical responsive shell in wave rollout,Operational; convergence verification pending,None observed in current wave or pending inspection,STANDARDIZE,PORTAL_MIGRATION,Inspect and repair defects encountered during migration,WP17C_CANONICAL_NOTIFICATION_FOUNDATION,backend/routes/scheduled_producers_d456.py,WP17C foundation governance,IMPLEMENTED,Imported from WP17C ledger · Shared shell/token convergence wave active · backend/routes/scheduled_producers_d456.py,PENDING
NOTIFY-008,admin,,,notification_surface,ACTIVE,WP17D_CANONICAL_WAVE,PortalShell (canonical wp17d wave),Canonical glass header,Canonical sidebar in wave migration,Layered light base + navy grid + restrained glass,notification_owner,lucide-react (canonical wrapper convergence),ALIGN_LABEL,N/A,Canonical footer boundary in wave rollout,Canonical responsive shell in wave rollout,Operational; convergence verification pending,None observed in current wave or pending inspection,STANDARDIZE,PORTAL_MIGRATION,Inspect and repair defects encountered during migration,WP17C_CANONICAL_NOTIFICATION_FOUNDATION,frontend/src/components/NotificationBell.jsx,WP17C foundation governance,IMPLEMENTED,Imported from WP17C ledger · Shared shell/token convergence wave active · frontend/src/components/NotificationBell.jsx,PENDING
COACH-001,training_guidance,,,coaching_surface,ACTIVE,WP17D_CANONICAL_WAVE,Legacy or portal-specific shell,Canonical glass header,Mixed or contextual navigation,Layered light base + navy grid + restrained glass,coaching_owner,lucide-react (canonical wrapper convergence),ALIGN_LABEL,N/A,Mixed footer treatment,Canonical responsive shell in wave rollout,Operational; convergence verification pending,None observed in current wave or pending inspection,STANDARDIZE,PORTAL_MIGRATION,Inspect and repair defects encountered during migration,WP17C_CANONICAL_COACHING_PATTERN,backend/routes/guidance_routes.py,WP17C foundation governance,IMPLEMENTED,Imported from WP17C ledger · Shared shell/token convergence wave active · backend/routes/guidance_routes.py,PENDING
COACH-002,training_guidance,,,coaching_surface,ACTIVE,WP17D_CANONICAL_WAVE,Legacy or portal-specific shell,Canonical glass header,Mixed or contextual navigation,Layered light base + navy grid + restrained glass,coaching_owner,lucide-react (canonical wrapper convergence),ALIGN_LABEL,N/A,Mixed footer treatment,Canonical responsive shell in wave rollout,Operational; convergence verification pending,None observed in current wave or pending inspection,STANDARDIZE,PORTAL_MIGRATION,Inspect and repair defects encountered during migration,WP17C_CANONICAL_COACHING_PATTERN,backend/routes/odr/guidance_catalog.py,WP17C foundation governance,IMPLEMENTED,Imported from WP17C ledger · Shared shell/token convergence wave active · backend/routes/odr/guidance_catalog.py,PENDING
COACH-003,training_guidance,,,coaching_surface,ACTIVE,WP17D_CANONICAL_WAVE,Legacy or portal-specific shell,Canonical glass header,Mixed or contextual navigation,Layered light base + navy grid + restrained glass,coaching_owner,lucide-react (canonical wrapper convergence),ALIGN_LABEL,N/A,Mixed footer treatment,Canonical responsive shell in wave rollout,Operational; convergence verification pending,None observed in current wave or pending inspection,STANDARDIZE,PORTAL_MIGRATION,Inspect and repair defects encountered during migration,WP17C_CANONICAL_COACHING_PATTERN,backend/routes/odr/guidance_routes.py,WP17C foundation governance,IMPLEMENTED,Imported from WP17C ledger · Shared shell/token convergence wave active · backend/routes/odr/guidance_routes.py,PENDING
COACH-004,training_guidance,,,coaching_surface,ACTIVE,WP17D_CANONICAL_WAVE,Legacy or portal-specific shell,Canonical glass header,Mixed or contextual navigation,Layered light base + navy grid + restrained glass,coaching_owner,lucide-react (canonical wrapper convergence),ALIGN_LABEL,N/A,Mixed footer treatment,Canonical responsive shell in wave rollout,Operational; convergence verification pending,None observed in current wave or pending inspection,STANDARDIZE,PORTAL_MIGRATION,Inspect and repair defects encountered during migration,WP17C_CANONICAL_COACHING_PATTERN,frontend/src/components/HelpDrawer.jsx,WP17C foundation governance,IMPLEMENTED,Imported from WP17C ledger · Shared shell/token convergence wave active · frontend/src/components/HelpDrawer.jsx,PENDING
COACH-005,training_guidance,,,coaching_surface,ACTIVE,WP17D_CANONICAL_WAVE,Legacy or portal-specific shell,Canonical glass header,Mixed or contextual navigation,Layered light base + navy grid + restrained glass,coaching_owner,lucide-react (canonical wrapper convergence),ALIGN_LABEL,N/A,Mixed footer treatment,Canonical responsive shell in wave rollout,Operational; convergence verification pending,None observed in current wave or pending inspection,STANDARDIZE,PORTAL_MIGRATION,Inspect and repair defects encountered during migration,WP17C_CANONICAL_COACHING_PATTERN,frontend/src/components/HelpTip.jsx,WP17C foundation governance,IMPLEMENTED,Imported from WP17C ledger · Shared shell/token convergence wave active · frontend/src/components/HelpTip.jsx,PENDING
COACH-006,training_guidance,,,coaching_surface,ACTIVE,WP17D_CANONICAL_WAVE,Legacy or portal-specific shell,Canonical glass header,Mixed or contextual navigation,Layered light base + navy grid + restrained glass,coaching_owner,lucide-react (canonical wrapper convergence),ALIGN_LABEL,N/A,Mixed footer treatment,Canonical responsive shell in wave rollout,Operational; convergence verification pending,None observed in current wave or pending inspection,STANDARDIZE,PORTAL_MIGRATION,Inspect and repair defects encountered during migration,WP17C_CANONICAL_COACHING_PATTERN,frontend/src/components/operational_intelligence/GuidanceCard.jsx,WP17C foundation governance,IMPLEMENTED,Imported from WP17C ledger · Shared shell/token convergence wave active · frontend/src/components/operational_intelligence/GuidanceCard.jsx,PENDING
COACH-007,training_guidance,,,coaching_surface,ACTIVE,WP17D_CANONICAL_WAVE,Legacy or portal-specific shell,Canonical glass header,Mixed or contextual navigation,Layered light base + navy grid + restrained glass,coaching_owner,lucide-react (canonical wrapper convergence),ALIGN_LABEL,N/A,Mixed footer treatment,Canonical responsive shell in wave rollout,Operational; convergence verification pending,None observed in current wave or pending inspection,STANDARDIZE,PORTAL_MIGRATION,Inspect and repair defects encountered during migration,WP17C_CANONICAL_COACHING_PATTERN,frontend/src/components/operational_intelligence/guidanceMap.js,WP17C foundation governance,IMPLEMENTED,Imported from WP17C ledger · Shared shell/token convergence wave active · frontend/src/components/operational_intelligence/guidanceMap.js,PENDING
COACH-008,training_guidance,,,coaching_surface,ACTIVE,WP17D_CANONICAL_WAVE,Legacy or portal-specific shell,Canonical glass header,Mixed or contextual navigation,Layered light base + navy grid + restrained glass,coaching_owner,lucide-react (canonical wrapper convergence),ALIGN_LABEL,N/A,Mixed footer treatment,Canonical responsive shell in wave rollout,Operational; convergence verification pending,None observed in current wave or pending inspection,STANDARDIZE,PORTAL_MIGRATION,Inspect and repair defects encountered during migration,WP17C_CANONICAL_COACHING_PATTERN,frontend/src/components/ui/HelpTip.jsx,WP17C foundation governance,IMPLEMENTED,Imported from WP17C ledger · Shared shell/token convergence wave active · frontend/src/components/ui/HelpTip.jsx,PENDING
COACH-009,training_guidance,,,coaching_surface,ACTIVE,WP17D_CANONICAL_WAVE,Legacy or portal-specific shell,Canonical glass header,Mixed or contextual navigation,Layered light base + navy grid + restrained glass,coaching_owner,lucide-react (canonical wrapper convergence),ALIGN_LABEL,N/A,Mixed footer treatment,Canonical responsive shell in wave rollout,Operational; convergence verification pending,None observed in current wave or pending inspection,STANDARDIZE,PORTAL_MIGRATION,Inspect and repair defects encountered during migration,WP17C_CANONICAL_COACHING_PATTERN,frontend/src/components/ui/tooltip.jsx,WP17C foundation governance,IMPLEMENTED,Imported from WP17C ledger · Shared shell/token convergence wave active · frontend/src/components/ui/tooltip.jsx,PENDING
COACH-010,training_guidance,,,coaching_surface,ACTIVE,WP17D_CANONICAL_WAVE,Legacy or portal-specific shell,Canonical glass header,Mixed or contextual navigation,Layered light base + navy grid + restrained glass,coaching_owner,lucide-react (canonical wrapper convergence),ALIGN_LABEL,N/A,Mixed footer treatment,Canonical responsive shell in wave rollout,Operational; convergence verification pending,None observed in current wave or pending inspection,STANDARDIZE,PORTAL_MIGRATION,Inspect and repair defects encountered during migration,WP17C_CANONICAL_COACHING_PATTERN,frontend/src/pages/admin/AdminGuidanceCoverage.jsx,WP17C foundation governance,IMPLEMENTED,Imported from WP17C ledger · Shared shell/token convergence wave active · frontend/src/pages/admin/AdminGuidanceCoverage.jsx,PENDING
COACH-011,training_guidance,,,coaching_surface,ACTIVE,WP17D_CANONICAL_WAVE,Legacy or portal-specific shell,Canonical glass header,Mixed or contextual navigation,Layered light base + navy grid + restrained glass,coaching_owner,lucide-react (canonical wrapper convergence),ALIGN_LABEL,N/A,Mixed footer treatment,Canonical responsive shell in wave rollout,Operational; convergence verification pending,None observed in current wave or pending inspection,STANDARDIZE,PORTAL_MIGRATION,Inspect and repair defects encountered during migration,WP17C_CANONICAL_COACHING_PATTERN,frontend/src/pages/guidance/OperationalGuidanceCenter.jsx,WP17C foundation governance,IMPLEMENTED,Imported from WP17C ledger · Shared shell/token convergence wave active · frontend/src/pages/guidance/OperationalGuidanceCenter.jsx,PENDING
WL-001,public_shared,,,white_label_surface,ACTIVE,WP17D_CANONICAL_WAVE,WP17 public shell,Canonical glass header,Mixed or contextual navigation,Layered light base + navy grid + restrained glass,branding_owner,lucide-react (canonical wrapper convergence),ALIGN_LABEL,N/A,Canonical footer boundary in wave rollout,Canonical responsive shell in wave rollout,Under active convergence repair,None observed in current wave or pending inspection,KEEP_RUNTIME_OWNER,FIRST_WAVE_REPAIR_AND_CONVERGENCE,Inspect and repair defects encountered during migration,WP17C_CANONICAL_BRANDING_FOUNDATION,backend/branded_portal_emails.py,WP17C foundation governance,MIGRATING,Imported from WP17C ledger · Shared shell/token convergence wave active · Executive first-priority repair wave · backend/branded_portal_emails.py,PENDING
WL-002,public_shared,,,white_label_surface,ACTIVE,WP17D_CANONICAL_WAVE,WP17 public shell,Canonical glass header,Mixed or contextual navigation,Layered light base + navy grid + restrained glass,branding_owner,lucide-react (canonical wrapper convergence),ALIGN_LABEL,N/A,Canonical footer boundary in wave rollout,Canonical responsive shell in wave rollout,Under active convergence repair,None observed in current wave or pending inspection,KEEP_RUNTIME_OWNER,FIRST_WAVE_REPAIR_AND_CONVERGENCE,Inspect and repair defects encountered during migration,WP17C_CANONICAL_BRANDING_FOUNDATION,backend/branding_resolver.py,WP17C foundation governance,MIGRATING,Imported from WP17C ledger · Shared shell/token convergence wave active · Executive first-priority repair wave · backend/branding_resolver.py,PENDING
WL-003,public_shared,,,white_label_surface,ACTIVE,WP17D_CANONICAL_WAVE,WP17 public shell,Canonical glass header,Mixed or contextual navigation,Layered light base + navy grid + restrained glass,branding_owner,lucide-react (canonical wrapper convergence),ALIGN_LABEL,N/A,Canonical footer boundary in wave rollout,Canonical responsive shell in wave rollout,Under active convergence repair,None observed in current wave or pending inspection,KEEP_RUNTIME_OWNER,FIRST_WAVE_REPAIR_AND_CONVERGENCE,Inspect and repair defects encountered during migration,WP17C_CANONICAL_BRANDING_FOUNDATION,backend/pdf_branding.py,WP17C foundation governance,MIGRATING,Imported from WP17C ledger · Shared shell/token convergence wave active · Executive first-priority repair wave · backend/pdf_branding.py,PENDING
WL-004,public_shared,,,white_label_surface,ACTIVE,WP17D_CANONICAL_WAVE,WP17 public shell,Canonical glass header,Mixed or contextual navigation,Layered light base + navy grid + restrained glass,branding_owner,lucide-react (canonical wrapper convergence),ALIGN_LABEL,N/A,Canonical footer boundary in wave rollout,Canonical responsive shell in wave rollout,Under active convergence repair,None observed in current wave or pending inspection,KEEP_RUNTIME_OWNER,FIRST_WAVE_REPAIR_AND_CONVERGENCE,Inspect and repair defects encountered during migration,WP17C_CANONICAL_BRANDING_FOUNDATION,backend/pdf_branding_rl.py,WP17C foundation governance,MIGRATING,Imported from WP17C ledger · Shared shell/token convergence wave active · Executive first-priority repair wave · backend/pdf_branding_rl.py,PENDING
WL-005,public_shared,,,white_label_surface,ACTIVE,WP17D_CANONICAL_WAVE,WP17 public shell,Canonical glass header,Mixed or contextual navigation,Layered light base + navy grid + restrained glass,branding_owner,lucide-react (canonical wrapper convergence),ALIGN_LABEL,N/A,Canonical footer boundary in wave rollout,Canonical responsive shell in wave rollout,Under active convergence repair,None observed in current wave or pending inspection,KEEP_RUNTIME_OWNER,FIRST_WAVE_REPAIR_AND_CONVERGENCE,Inspect and repair defects encountered during migration,WP17C_CANONICAL_BRANDING_FOUNDATION,backend/scripts/generate_hub_logos.py,WP17C foundation governance,MIGRATING,Imported from WP17C ledger · Shared shell/token convergence wave active · Executive first-priority repair wave · backend/scripts/generate_hub_logos.py,PENDING
WL-006,public_shared,,,white_label_surface,ACTIVE,WP17D_CANONICAL_WAVE,WP17 public shell,Canonical glass header,Mixed or contextual navigation,Layered light base + navy grid + restrained glass,branding_owner,lucide-react (canonical wrapper convergence),ALIGN_LABEL,N/A,Canonical footer boundary in wave rollout,Canonical responsive shell in wave rollout,Under active convergence repair,None observed in current wave or pending inspection,KEEP_RUNTIME_OWNER,FIRST_WAVE_REPAIR_AND_CONVERGENCE,Inspect and repair defects encountered during migration,WP17C_CANONICAL_BRANDING_FOUNDATION,backend/scripts/rebuild_brand_assets.py,WP17C foundation governance,MIGRATING,Imported from WP17C ledger · Shared shell/token convergence wave active · Executive first-priority repair wave · backend/scripts/rebuild_brand_assets.py,PENDING
WL-007,public_shared,,,white_label_surface,ACTIVE,WP17D_CANONICAL_WAVE,WP17 public shell,Canonical glass header,Mixed or contextual navigation,Layered light base + navy grid + restrained glass,branding_owner,lucide-react (canonical wrapper convergence),ALIGN_LABEL,N/A,Canonical footer boundary in wave rollout,Canonical responsive shell in wave rollout,Under active convergence repair,None observed in current wave or pending inspection,KEEP_RUNTIME_OWNER,FIRST_WAVE_REPAIR_AND_CONVERGENCE,Inspect and repair defects encountered during migration,WP17C_CANONICAL_BRANDING_FOUNDATION,frontend/src/components/MasciLogo.jsx,WP17C foundation governance,MIGRATING,Imported from WP17C ledger · Shared shell/token convergence wave active · Executive first-priority repair wave · frontend/src/components/MasciLogo.jsx,PENDING
WL-008,public_shared,,,white_label_surface,ACTIVE,WP17D_CANONICAL_WAVE,WP17 public shell,Canonical glass header,Mixed or contextual navigation,Layered light base + navy grid + restrained glass,branding_owner,lucide-react (canonical wrapper convergence),ALIGN_LABEL,N/A,Canonical footer boundary in wave rollout,Canonical responsive shell in wave rollout,Under active convergence repair,None observed in current wave or pending inspection,KEEP_RUNTIME_OWNER,FIRST_WAVE_REPAIR_AND_CONVERGENCE,Inspect and repair defects encountered during migration,WP17C_CANONICAL_BRANDING_FOUNDATION,frontend/src/components/TenantBrandingPanel.jsx,WP17C foundation governance,MIGRATING,Imported from WP17C ledger · Shared shell/token convergence wave active · Executive first-priority repair wave · frontend/src/components/TenantBrandingPanel.jsx,PENDING
WL-009,public_shared,,,white_label_surface,ACTIVE,WP17D_CANONICAL_WAVE,WP17 public shell,Canonical glass header,Mixed or contextual navigation,Layered light base + navy grid + restrained glass,branding_owner,lucide-react (canonical wrapper convergence),ALIGN_LABEL,N/A,Canonical footer boundary in wave rollout,Canonical responsive shell in wave rollout,Under active convergence repair,None observed in current wave or pending inspection,KEEP_RUNTIME_OWNER,FIRST_WAVE_REPAIR_AND_CONVERGENCE,Inspect and repair defects encountered during migration,WP17C_CANONICAL_BRANDING_FOUNDATION,frontend/src/lib/BrandingProvider.jsx,WP17C foundation governance,MIGRATING,Imported from WP17C ledger · Shared shell/token convergence wave active · Executive first-priority repair wave · frontend/src/lib/BrandingProvider.jsx,PENDING
WL-010,public_shared,,,white_label_surface,ACTIVE,WP17D_CANONICAL_WAVE,WP17 public shell,Canonical glass header,Mixed or contextual navigation,Layered light base + navy grid + restrained glass,branding_owner,lucide-react (canonical wrapper convergence),ALIGN_LABEL,N/A,Canonical footer boundary in wave rollout,Canonical responsive shell in wave rollout,Under active convergence repair,None observed in current wave or pending inspection,KEEP_RUNTIME_OWNER,FIRST_WAVE_REPAIR_AND_CONVERGENCE,Inspect and repair defects encountered during migration,WP17C_CANONICAL_BRANDING_FOUNDATION,frontend/src/lib/brandFilename.js,WP17C foundation governance,MIGRATING,Imported from WP17C ledger · Shared shell/token convergence wave active · Executive first-priority repair wave · frontend/src/lib/brandFilename.js,PENDING
