Surface ID,Portal/family,Route,Surface type,Parent route,Navigation location,Hidden/detail/public status,WP-17B disposition,Current component family,Target component family,Information-architecture action,Navigation action,Design action,Terminology action,Coaching action,White-label action,Responsive action,Dependency,Current status,Files affected,Evidence reference,Final certification status
ROUTE-0001,public_shared,/,route_screen,/,route_tree,PUBLIC,REPRESENTATIVE_IMPLEMENTATION,Hub,WP17C_CANONICAL_PAGE,KEEP,CANONICAL_ENTRY,REPRESENTATIVE_IMPLEMENTATION,ALIGN_TO_WP17B_TERMINOLOGY,ADD_CONTEXTUAL_HELP_WHERE_REQUIRED,TOKENIZE_ONLY,CERTIFY_IN_REPRESENTATIVE_SET,PortalShell + tokens + navigation canon,READY,app/routing/AppRoutes.jsx,WP17B_PLATFORM_MASTER_INVENTORY.md · route census,PENDING
ROUTE-0002,public_shared,/revise/:token,detail_route,/revise,route_tree,DETAIL,KEEP_HIDDEN_DETAIL,Revise,WP17C_CANONICAL_DETAIL_PAGE,STANDARDIZE,SEARCH_ONLY,STANDARDIZE_FOUNDATION,ALIGN_TO_WP17B_TERMINOLOGY,ADD_CONTEXTUAL_HELP_WHERE_REQUIRED,TOKENIZE_ONLY,DEFERRED_TO_WP17D,PortalShell + tokens + navigation canon,DEFERRED_TO_17D,app/routing/AppRoutes.jsx,WP17B_PLATFORM_MASTER_INVENTORY.md · route census,PENDING
ROUTE-0003,public_shared,/safety,route_screen,/,route_tree,PUBLIC,MIGRATE_IN_WP17D,SafetySection,WP17C_CANONICAL_PAGE,STANDARDIZE,CANONICAL_ENTRY,STANDARDIZE_FOUNDATION,ALIGN_TO_WP17B_TERMINOLOGY,ADD_CONTEXTUAL_HELP_WHERE_REQUIRED,TOKENIZE_ONLY,DEFERRED_TO_WP17D,PortalShell + tokens + navigation canon,DEFERRED_TO_17D,app/routing/AppRoutes.jsx,WP17B_PLATFORM_MASTER_INVENTORY.md · route census,PENDING
ROUTE-0004,safety,/safety/forms/login,route_screen,/safety/forms,route_tree,PUBLIC,MIGRATE_IN_WP17D,SafetyFormsLogin,WP17C_CANONICAL_PAGE,STANDARDIZE,CANONICAL_ENTRY,STANDARDIZE_FOUNDATION,ALIGN_TO_WP17B_TERMINOLOGY,ADD_CONTEXTUAL_HELP_WHERE_REQUIRED,TOKENIZE_ONLY,DEFERRED_TO_WP17D,PortalShell + tokens + navigation canon,DEFERRED_TO_17D,app/routing/AppRoutes.jsx,WP17B_PLATFORM_MASTER_INVENTORY.md · route census,PENDING
ROUTE-0005,safety,/safety/forms,route_screen,/safety,route_tree,PUBLIC,MIGRATE_IN_WP17D,SafetyFormsHub,WP17C_CANONICAL_PAGE,STANDARDIZE,CANONICAL_ENTRY,STANDARDIZE_FOUNDATION,ALIGN_TO_WP17B_TERMINOLOGY,ADD_CONTEXTUAL_HELP_WHERE_REQUIRED,TOKENIZE_ONLY,DEFERRED_TO_WP17D,PortalShell + tokens + navigation canon,DEFERRED_TO_17D,app/routing/AppRoutes.jsx,WP17B_PLATFORM_MASTER_INVENTORY.md · route census,PENDING
ROUTE-0006,safety,/safety/forms/equipment-issuance/new,route_screen,/safety/forms/equipment-issuance,route_tree,PUBLIC,MIGRATE_IN_WP17D,NewSafetyEquipmentIssuance,WP17C_CANONICAL_PAGE,STANDARDIZE,CANONICAL_ENTRY,STANDARDIZE_FOUNDATION,ALIGN_TO_WP17B_TERMINOLOGY,ADD_CONTEXTUAL_HELP_WHERE_REQUIRED,TOKENIZE_ONLY,DEFERRED_TO_WP17D,PortalShell + tokens + navigation canon,DEFERRED_TO_17D,app/routing/AppRoutes.jsx,WP17B_PLATFORM_MASTER_INVENTORY.md · route census,PENDING
ROUTE-0007,safety,/safety/forms/equipment-issuance/:id,detail_route,/safety/forms/equipment-issuance,route_tree,DETAIL,KEEP_HIDDEN_DETAIL,ViewSafetyForm,WP17C_CANONICAL_DETAIL_PAGE,STANDARDIZE,SEARCH_ONLY,STANDARDIZE_FOUNDATION,ALIGN_TO_WP17B_TERMINOLOGY,ADD_CONTEXTUAL_HELP_WHERE_REQUIRED,TOKENIZE_ONLY,DEFERRED_TO_WP17D,PortalShell + tokens + navigation canon,DEFERRED_TO_17D,app/routing/AppRoutes.jsx,WP17B_PLATFORM_MASTER_INVENTORY.md · route census,PENDING
ROUTE-0008,safety,/safety/forms/equipment-issuance/:id/return,detail_route,/safety/forms/equipment-issuance/:id,route_tree,DETAIL,KEEP_HIDDEN_DETAIL,ReturnEquipment,WP17C_CANONICAL_DETAIL_PAGE,STANDARDIZE,SEARCH_ONLY,STANDARDIZE_FOUNDATION,ALIGN_TO_WP17B_TERMINOLOGY,ADD_CONTEXTUAL_HELP_WHERE_REQUIRED,TOKENIZE_ONLY,DEFERRED_TO_WP17D,PortalShell + tokens + navigation canon,DEFERRED_TO_17D,app/routing/AppRoutes.jsx,WP17B_PLATFORM_MASTER_INVENTORY.md · route census,PENDING
ROUTE-0009,safety,/safety/forms/equipment-training/new,route_screen,/safety/forms/equipment-training,route_tree,PUBLIC,MIGRATE_IN_WP17D,NewSafetyEquipmentTraining,WP17C_CANONICAL_PAGE,STANDARDIZE,CANONICAL_ENTRY,STANDARDIZE_FOUNDATION,ALIGN_TO_WP17B_TERMINOLOGY,ADD_CONTEXTUAL_HELP_WHERE_REQUIRED,TOKENIZE_ONLY,DEFERRED_TO_WP17D,PortalShell + tokens + navigation canon,DEFERRED_TO_17D,app/routing/AppRoutes.jsx,WP17B_PLATFORM_MASTER_INVENTORY.md · route census,PENDING
ROUTE-0010,safety,/safety/forms/equipment-training/:id,detail_route,/safety/forms/equipment-training,route_tree,DETAIL,KEEP_HIDDEN_DETAIL,ViewSafetyForm,WP17C_CANONICAL_DETAIL_PAGE,STANDARDIZE,SEARCH_ONLY,STANDARDIZE_FOUNDATION,ALIGN_TO_WP17B_TERMINOLOGY,ADD_CONTEXTUAL_HELP_WHERE_REQUIRED,TOKENIZE_ONLY,DEFERRED_TO_WP17D,PortalShell + tokens + navigation canon,DEFERRED_TO_17D,app/routing/AppRoutes.jsx,WP17B_PLATFORM_MASTER_INVENTORY.md · route census,PENDING
ROUTE-0011,safety,/safety/cards,route_screen,/safety,route_tree,PUBLIC,MIGRATE_IN_WP17D,FieldSafetyCards,WP17C_CANONICAL_PAGE,STANDARDIZE,CANONICAL_ENTRY,STANDARDIZE_FOUNDATION,ALIGN_TO_WP17B_TERMINOLOGY,ADD_CONTEXTUAL_HELP_WHERE_REQUIRED,TOKENIZE_ONLY,DEFERRED_TO_WP17D,PortalShell + tokens + navigation canon,DEFERRED_TO_17D,app/routing/AppRoutes.jsx,WP17B_PLATFORM_MASTER_INVENTORY.md · route census,PENDING
ROUTE-0012,public_shared,/field,route_screen,/,route_tree,PUBLIC,MIGRATE_IN_WP17D,FieldSection,WP17C_CANONICAL_PAGE,STANDARDIZE,CANONICAL_ENTRY,STANDARDIZE_FOUNDATION,ALIGN_TO_WP17B_TERMINOLOGY,ADD_CONTEXTUAL_HELP_WHERE_REQUIRED,TOKENIZE_ONLY,DEFERRED_TO_WP17D,PortalShell + tokens + navigation canon,DEFERRED_TO_17D,app/routing/AppRoutes.jsx,WP17B_PLATFORM_MASTER_INVENTORY.md · route census,PENDING
ROUTE-0013,public_shared,/field/calculators,route_screen,/field,route_tree,PUBLIC,MIGRATE_IN_WP17D,MaterialCalculators,WP17C_CANONICAL_PAGE,STANDARDIZE,CANONICAL_ENTRY,STANDARDIZE_FOUNDATION,ALIGN_TO_WP17B_TERMINOLOGY,ADD_CONTEXTUAL_HELP_WHERE_REQUIRED,TOKENIZE_ONLY,DEFERRED_TO_WP17D,PortalShell + tokens + navigation canon,DEFERRED_TO_17D,app/routing/AppRoutes.jsx,WP17B_PLATFORM_MASTER_INVENTORY.md · route census,PENDING
ROUTE-0014,public_shared,/qaqc,route_screen,/,route_tree,PUBLIC,MIGRATE_IN_WP17D,QaqcSection,WP17C_CANONICAL_PAGE,STANDARDIZE,CANONICAL_ENTRY,STANDARDIZE_FOUNDATION,ALIGN_TO_WP17B_TERMINOLOGY,ADD_CONTEXTUAL_HELP_WHERE_REQUIRED,TOKENIZE_ONLY,DEFERRED_TO_WP17D,PortalShell + tokens + navigation canon,DEFERRED_TO_17D,app/routing/AppRoutes.jsx,WP17B_PLATFORM_MASTER_INVENTORY.md · route census,PENDING
ROUTE-0015,public_shared,/qa-qc,redirect_route,/,route_tree,PUBLIC,CANONICALIZE_REDIRECT,Navigate,WP17C_CANONICAL_PAGE,STANDARDIZE,REDIRECT_ALIAS,STANDARDIZE_FOUNDATION,ALIGN_TO_WP17B_TERMINOLOGY,ADD_CONTEXTUAL_HELP_WHERE_REQUIRED,TOKENIZE_ONLY,DEFERRED_TO_WP17D,PortalShell + tokens + navigation canon,DEFERRED_TO_17D,app/routing/AppRoutes.jsx,WP17B_PLATFORM_MASTER_INVENTORY.md · route census,PENDING
ROUTE-0016,public_shared,/qaqc/:slug/new,detail_route,/qaqc/:slug,route_tree,DETAIL,KEEP_HIDDEN_DETAIL,NewQaqcInspection,WP17C_CANONICAL_DETAIL_PAGE,STANDARDIZE,SEARCH_ONLY,STANDARDIZE_FOUNDATION,ALIGN_TO_WP17B_TERMINOLOGY,ADD_CONTEXTUAL_HELP_WHERE_REQUIRED,TOKENIZE_ONLY,DEFERRED_TO_WP17D,PortalShell + tokens + navigation canon,DEFERRED_TO_17D,app/routing/AppRoutes.jsx,WP17B_PLATFORM_MASTER_INVENTORY.md · route census,PENDING
ROUTE-0017,public_shared,/qaqc/:id,detail_route,/qaqc,route_tree,DETAIL,KEEP_HIDDEN_DETAIL,ViewQaqcInspection,WP17C_CANONICAL_DETAIL_PAGE,STANDARDIZE,SEARCH_ONLY,STANDARDIZE_FOUNDATION,ALIGN_TO_WP17B_TERMINOLOGY,ADD_CONTEXTUAL_HELP_WHERE_REQUIRED,TOKENIZE_ONLY,DEFERRED_TO_WP17D,PortalShell + tokens + navigation canon,DEFERRED_TO_17D,app/routing/AppRoutes.jsx,WP17B_PLATFORM_MASTER_INVENTORY.md · route census,PENDING
ROUTE-0018,admin,/admin/qaqc,route_screen,/admin,route_tree,PUBLIC,MIGRATE_IN_WP17D,route_element,WP17C_CANONICAL_PAGE,STANDARDIZE,CANONICAL_ENTRY,STANDARDIZE_FOUNDATION,ALIGN_TO_WP17B_TERMINOLOGY,ADD_CONTEXTUAL_HELP_WHERE_REQUIRED,TOKENIZE_ONLY,DEFERRED_TO_WP17D,PortalShell + tokens + navigation canon,DEFERRED_TO_17D,app/routing/AppRoutes.jsx,WP17B_PLATFORM_MASTER_INVENTORY.md · route census,PENDING
ROUTE-0019,admin,/admin/transportation/*,route_screen,/admin/transportation,route_tree,PUBLIC,MIGRATE_IN_WP17D,route_element,WP17C_CANONICAL_PAGE,STANDARDIZE,CANONICAL_ENTRY,STANDARDIZE_FOUNDATION,ALIGN_TO_WP17B_TERMINOLOGY,ADD_CONTEXTUAL_HELP_WHERE_REQUIRED,TOKENIZE_ONLY,DEFERRED_TO_WP17D,PortalShell + tokens + navigation canon,DEFERRED_TO_17D,app/routing/AppRoutes.jsx,WP17B_PLATFORM_MASTER_INVENTORY.md · route census,PENDING
ROUTE-0020,transportation,/transportation-operations/*,route_screen,/transportation-operations,route_tree,PUBLIC,MIGRATE_IN_WP17D,route_element,WP17C_CANONICAL_PAGE,STANDARDIZE,CANONICAL_ENTRY,STANDARDIZE_FOUNDATION,ALIGN_TO_WP17B_TERMINOLOGY,ADD_CONTEXTUAL_HELP_WHERE_REQUIRED,TOKENIZE_ONLY,DEFERRED_TO_WP17D,PortalShell + tokens + navigation canon,DEFERRED_TO_17D,app/routing/AppRoutes.jsx,WP17B_PLATFORM_MASTER_INVENTORY.md · route census,PENDING
ROUTE-0021,admin,/admin/photos,route_screen,/admin,route_tree,PUBLIC,MIGRATE_IN_WP17D,route_element,WP17C_CANONICAL_PAGE,STANDARDIZE,CANONICAL_ENTRY,STANDARDIZE_FOUNDATION,ALIGN_TO_WP17B_TERMINOLOGY,ADD_CONTEXTUAL_HELP_WHERE_REQUIRED,TOKENIZE_ONLY,DEFERRED_TO_WP17D,PortalShell + tokens + navigation canon,DEFERRED_TO_17D,app/routing/AppRoutes.jsx,WP17B_PLATFORM_MASTER_INVENTORY.md · route census,PENDING
ROUTE-0022,public_shared,/constraints,route_screen,/,route_tree,PUBLIC,MIGRATE_IN_WP17D,Constraints,WP17C_CANONICAL_PAGE,STANDARDIZE,CANONICAL_ENTRY,STANDARDIZE_FOUNDATION,ALIGN_TO_WP17B_TERMINOLOGY,ADD_CONTEXTUAL_HELP_WHERE_REQUIRED,TOKENIZE_ONLY,DEFERRED_TO_WP17D,PortalShell + tokens + navigation canon,DEFERRED_TO_17D,app/routing/AppRoutes.jsx,WP17B_PLATFORM_MASTER_INVENTORY.md · route census,PENDING
ROUTE-0023,public_shared,/constraints/new,route_screen,/constraints,route_tree,PUBLIC,MIGRATE_IN_WP17D,NewConstraint,WP17C_CANONICAL_PAGE,STANDARDIZE,CANONICAL_ENTRY,STANDARDIZE_FOUNDATION,ALIGN_TO_WP17B_TERMINOLOGY,ADD_CONTEXTUAL_HELP_WHERE_REQUIRED,TOKENIZE_ONLY,DEFERRED_TO_WP17D,PortalShell + tokens + navigation canon,DEFERRED_TO_17D,app/routing/AppRoutes.jsx,WP17B_PLATFORM_MASTER_INVENTORY.md · route census,PENDING
ROUTE-0024,public_shared,/constraints/:id,detail_route,/constraints,route_tree,DETAIL,KEEP_HIDDEN_DETAIL,ConstraintDetail,WP17C_CANONICAL_DETAIL_PAGE,STANDARDIZE,SEARCH_ONLY,STANDARDIZE_FOUNDATION,ALIGN_TO_WP17B_TERMINOLOGY,ADD_CONTEXTUAL_HELP_WHERE_REQUIRED,TOKENIZE_ONLY,DEFERRED_TO_WP17D,PortalShell + tokens + navigation canon,DEFERRED_TO_17D,app/routing/AppRoutes.jsx,WP17B_PLATFORM_MASTER_INVENTORY.md · route census,PENDING
ROUTE-0025,field_leadership,/leadership,route_screen,/,route_tree,PUBLIC,MIGRATE_IN_WP17D,FieldLeadershipHub,WP17C_CANONICAL_PAGE,STANDARDIZE,CANONICAL_ENTRY,STANDARDIZE_FOUNDATION,ALIGN_TO_WP17B_TERMINOLOGY,ADD_CONTEXTUAL_HELP_WHERE_REQUIRED,TOKENIZE_ONLY,DEFERRED_TO_WP17D,PortalShell + tokens + navigation canon,DEFERRED_TO_17D,app/routing/AppRoutes.jsx,WP17B_PLATFORM_MASTER_INVENTORY.md · route census,PENDING
ROUTE-0026,field_leadership,/leadership/hub_v2,hidden_companion_route,/leadership,route_tree,HIDDEN,MERGE_OR_RETIRE,LeadershipHubV2,WP17C_CANONICAL_PAGE,MERGE,SEARCH_ONLY,STANDARDIZE_FOUNDATION,ALIGN_TO_WP17B_TERMINOLOGY,ADD_CONTEXTUAL_HELP_WHERE_REQUIRED,TOKENIZE_ONLY,DEFERRED_TO_WP17D,PortalShell + tokens + navigation canon,DEFERRED_TO_17D,app/routing/AppRoutes.jsx,WP17B_PLATFORM_MASTER_INVENTORY.md · route census,PENDING
ROUTE-0027,field_leadership,/leadership/records,route_screen,/leadership,route_tree,PUBLIC,MIGRATE_IN_WP17D,FieldLeadershipRecords,WP17C_CANONICAL_PAGE,STANDARDIZE,CANONICAL_ENTRY,STANDARDIZE_FOUNDATION,ALIGN_TO_WP17B_TERMINOLOGY,ADD_CONTEXTUAL_HELP_WHERE_REQUIRED,TOKENIZE_ONLY,DEFERRED_TO_WP17D,PortalShell + tokens + navigation canon,DEFERRED_TO_17D,app/routing/AppRoutes.jsx,WP17B_PLATFORM_MASTER_INVENTORY.md · route census,PENDING
ROUTE-0028,field_leadership,/leadership/records/:id,detail_route,/leadership/records,route_tree,DETAIL,KEEP_HIDDEN_DETAIL,FieldLeadershipView,WP17C_CANONICAL_DETAIL_PAGE,STANDARDIZE,SEARCH_ONLY,STANDARDIZE_FOUNDATION,ALIGN_TO_WP17B_TERMINOLOGY,ADD_CONTEXTUAL_HELP_WHERE_REQUIRED,TOKENIZE_ONLY,DEFERRED_TO_WP17D,PortalShell + tokens + navigation canon,DEFERRED_TO_17D,app/routing/AppRoutes.jsx,WP17B_PLATFORM_MASTER_INVENTORY.md · route census,PENDING
ROUTE-0029,field_leadership,/leadership/:kind/new,detail_route,/leadership/:kind,route_tree,DETAIL,KEEP_HIDDEN_DETAIL,FieldLeadershipFormPage,WP17C_CANONICAL_DETAIL_PAGE,STANDARDIZE,SEARCH_ONLY,STANDARDIZE_FOUNDATION,ALIGN_TO_WP17B_TERMINOLOGY,ADD_CONTEXTUAL_HELP_WHERE_REQUIRED,TOKENIZE_ONLY,DEFERRED_TO_WP17D,PortalShell + tokens + navigation canon,DEFERRED_TO_17D,app/routing/AppRoutes.jsx,WP17B_PLATFORM_MASTER_INVENTORY.md · route census,PENDING
ROUTE-0030,safety,/safety/inspections/new,route_screen,/safety/inspections,route_tree,PUBLIC,MIGRATE_IN_WP17D,route_element,WP17C_CANONICAL_PAGE,STANDARDIZE,CANONICAL_ENTRY,STANDARDIZE_FOUNDATION,ALIGN_TO_WP17B_TERMINOLOGY,ADD_CONTEXTUAL_HELP_WHERE_REQUIRED,TOKENIZE_ONLY,DEFERRED_TO_WP17D,PortalShell + tokens + navigation canon,DEFERRED_TO_17D,app/routing/AppRoutes.jsx,WP17B_PLATFORM_MASTER_INVENTORY.md · route census,PENDING
ROUTE-0031,public_shared,/inspect/new,route_screen,/inspect,route_tree,PUBLIC,MIGRATE_IN_WP17D,InspectionLegacyRedirect,WP17C_CANONICAL_PAGE,STANDARDIZE,CANONICAL_ENTRY,STANDARDIZE_FOUNDATION,ALIGN_TO_WP17B_TERMINOLOGY,ADD_CONTEXTUAL_HELP_WHERE_REQUIRED,TOKENIZE_ONLY,DEFERRED_TO_WP17D,PortalShell + tokens + navigation canon,DEFERRED_TO_17D,app/routing/AppRoutes.jsx,WP17B_PLATFORM_MASTER_INVENTORY.md · route census,PENDING
ROUTE-0032,public_shared,/submit,route_screen,/,route_tree,PUBLIC,MIGRATE_IN_WP17D,InspectionLegacyRedirect,WP17C_CANONICAL_PAGE,STANDARDIZE,CANONICAL_ENTRY,STANDARDIZE_FOUNDATION,ALIGN_TO_WP17B_TERMINOLOGY,ADD_CONTEXTUAL_HELP_WHERE_REQUIRED,TOKENIZE_ONLY,DEFERRED_TO_WP17D,PortalShell + tokens + navigation canon,DEFERRED_TO_17D,app/routing/AppRoutes.jsx,WP17B_PLATFORM_MASTER_INVENTORY.md · route census,PENDING
ROUTE-0033,public_shared,/inspections/submit,route_screen,/inspections,route_tree,PUBLIC,MIGRATE_IN_WP17D,InspectionLegacyRedirect,WP17C_CANONICAL_PAGE,STANDARDIZE,CANONICAL_ENTRY,STANDARDIZE_FOUNDATION,ALIGN_TO_WP17B_TERMINOLOGY,ADD_CONTEXTUAL_HELP_WHERE_REQUIRED,TOKENIZE_ONLY,DEFERRED_TO_WP17D,PortalShell + tokens + navigation canon,DEFERRED_TO_17D,app/routing/AppRoutes.jsx,WP17B_PLATFORM_MASTER_INVENTORY.md · route census,PENDING
ROUTE-0034,public_shared,/inspections/new,route_screen,/inspections,route_tree,PUBLIC,MIGRATE_IN_WP17D,InspectionLegacyRedirect,WP17C_CANONICAL_PAGE,STANDARDIZE,CANONICAL_ENTRY,STANDARDIZE_FOUNDATION,ALIGN_TO_WP17B_TERMINOLOGY,ADD_CONTEXTUAL_HELP_WHERE_REQUIRED,TOKENIZE_ONLY,DEFERRED_TO_WP17D,PortalShell + tokens + navigation canon,DEFERRED_TO_17D,app/routing/AppRoutes.jsx,WP17B_PLATFORM_MASTER_INVENTORY.md · route census,PENDING
ROUTE-0035,public_shared,/meetings/new,route_screen,/meetings,route_tree,PUBLIC,MIGRATE_IN_WP17D,NewMeeting,WP17C_CANONICAL_PAGE,STANDARDIZE,CANONICAL_ENTRY,STANDARDIZE_FOUNDATION,ALIGN_TO_WP17B_TERMINOLOGY,ADD_CONTEXTUAL_HELP_WHERE_REQUIRED,TOKENIZE_ONLY,DEFERRED_TO_WP17D,PortalShell + tokens + navigation canon,DEFERRED_TO_17D,app/routing/AppRoutes.jsx,WP17B_PLATFORM_MASTER_INVENTORY.md · route census,PENDING
ROUTE-0036,public_shared,/meetings/submit,route_screen,/meetings,route_tree,PUBLIC,MIGRATE_IN_WP17D,NewMeeting,WP17C_CANONICAL_PAGE,STANDARDIZE,CANONICAL_ENTRY,STANDARDIZE_FOUNDATION,ALIGN_TO_WP17B_TERMINOLOGY,ADD_CONTEXTUAL_HELP_WHERE_REQUIRED,TOKENIZE_ONLY,DEFERRED_TO_WP17D,PortalShell + tokens + navigation canon,DEFERRED_TO_17D,app/routing/AppRoutes.jsx,WP17B_PLATFORM_MASTER_INVENTORY.md · route census,PENDING
ROUTE-0037,public_shared,/jha,route_screen,/,route_tree,PUBLIC,MIGRATE_IN_WP17D,JhaPlansHub,WP17C_CANONICAL_PAGE,STANDARDIZE,CANONICAL_ENTRY,STANDARDIZE_FOUNDATION,ALIGN_TO_WP17B_TERMINOLOGY,ADD_CONTEXTUAL_HELP_WHERE_REQUIRED,TOKENIZE_ONLY,DEFERRED_TO_WP17D,PortalShell + tokens + navigation canon,DEFERRED_TO_17D,app/routing/AppRoutes.jsx,WP17B_PLATFORM_MASTER_INVENTORY.md · route census,PENDING
ROUTE-0038,public_shared,/jha/submit,redirect_route,/jha,route_tree,PUBLIC,CANONICALIZE_REDIRECT,Navigate,WP17C_CANONICAL_PAGE,STANDARDIZE,REDIRECT_ALIAS,STANDARDIZE_FOUNDATION,ALIGN_TO_WP17B_TERMINOLOGY,ADD_CONTEXTUAL_HELP_WHERE_REQUIRED,TOKENIZE_ONLY,DEFERRED_TO_WP17D,PortalShell + tokens + navigation canon,DEFERRED_TO_17D,app/routing/AppRoutes.jsx,WP17B_PLATFORM_MASTER_INVENTORY.md · route census,PENDING
ROUTE-0039,public_shared,/jha/new,redirect_route,/jha,route_tree,PUBLIC,CANONICALIZE_REDIRECT,Navigate,WP17C_CANONICAL_PAGE,STANDARDIZE,REDIRECT_ALIAS,STANDARDIZE_FOUNDATION,ALIGN_TO_WP17B_TERMINOLOGY,ADD_CONTEXTUAL_HELP_WHERE_REQUIRED,TOKENIZE_ONLY,DEFERRED_TO_WP17D,PortalShell + tokens + navigation canon,DEFERRED_TO_17D,app/routing/AppRoutes.jsx,WP17B_PLATFORM_MASTER_INVENTORY.md · route census,PENDING
ROUTE-0040,public_shared,/trench-boxes,redirect_route,/,route_tree,PUBLIC,CANONICALIZE_REDIRECT,Navigate,WP17C_CANONICAL_PAGE,STANDARDIZE,REDIRECT_ALIAS,STANDARDIZE_FOUNDATION,ALIGN_TO_WP17B_TERMINOLOGY,ADD_CONTEXTUAL_HELP_WHERE_REQUIRED,TOKENIZE_ONLY,DEFERRED_TO_WP17D,PortalShell + tokens + navigation canon,DEFERRED_TO_17D,app/routing/AppRoutes.jsx,WP17B_PLATFORM_MASTER_INVENTORY.md · route census,PENDING
ROUTE-0041,public_shared,/trench-safety,route_screen,/,route_tree,PUBLIC,MIGRATE_IN_WP17D,PublicTrenchSafetyDashboard,WP17C_CANONICAL_PAGE,STANDARDIZE,CANONICAL_ENTRY,STANDARDIZE_FOUNDATION,ALIGN_TO_WP17B_TERMINOLOGY,ADD_CONTEXTUAL_HELP_WHERE_REQUIRED,TOKENIZE_ONLY,DEFERRED_TO_WP17D,PortalShell + tokens + navigation canon,DEFERRED_TO_17D,app/routing/AppRoutes.jsx,WP17B_PLATFORM_MASTER_INVENTORY.md · route census,PENDING
ROUTE-0042,public_shared,/trench-safety/tabulated-data,route_screen,/trench-safety,route_tree,PUBLIC,MIGRATE_IN_WP17D,PublicTrenchSafetyTabulatedData,WP17C_CANONICAL_PAGE,STANDARDIZE,CANONICAL_ENTRY,STANDARDIZE_FOUNDATION,ALIGN_TO_WP17B_TERMINOLOGY,ADD_CONTEXTUAL_HELP_WHERE_REQUIRED,TOKENIZE_ONLY,DEFERRED_TO_WP17D,PortalShell + tokens + navigation canon,DEFERRED_TO_17D,app/routing/AppRoutes.jsx,WP17B_PLATFORM_MASTER_INVENTORY.md · route census,PENDING
ROUTE-0043,public_shared,/trench-safety/references,route_screen,/trench-safety,route_tree,PUBLIC,MIGRATE_IN_WP17D,PublicTrenchSafetyReferences,WP17C_CANONICAL_PAGE,STANDARDIZE,CANONICAL_ENTRY,STANDARDIZE_FOUNDATION,ALIGN_TO_WP17B_TERMINOLOGY,ADD_CONTEXTUAL_HELP_WHERE_REQUIRED,TOKENIZE_ONLY,DEFERRED_TO_WP17D,PortalShell + tokens + navigation canon,DEFERRED_TO_17D,app/routing/AppRoutes.jsx,WP17B_PLATFORM_MASTER_INVENTORY.md · route census,PENDING
ROUTE-0044,public_shared,/trench-safety/report,route_screen,/trench-safety,route_tree,PUBLIC,MIGRATE_IN_WP17D,PublicTrenchSafetyReport,WP17C_CANONICAL_PAGE,STANDARDIZE,CANONICAL_ENTRY,STANDARDIZE_FOUNDATION,ALIGN_TO_WP17B_TERMINOLOGY,ADD_CONTEXTUAL_HELP_WHERE_REQUIRED,TOKENIZE_ONLY,DEFERRED_TO_WP17D,PortalShell + tokens + navigation canon,DEFERRED_TO_17D,app/routing/AppRoutes.jsx,WP17B_PLATFORM_MASTER_INVENTORY.md · route census,PENDING
ROUTE-0045,public_shared,/trench-safety/assets/:assetId,detail_route,/trench-safety/assets,route_tree,DETAIL,KEEP_HIDDEN_DETAIL,TrenchSafetyQrLanding,WP17C_CANONICAL_DETAIL_PAGE,STANDARDIZE,SEARCH_ONLY,STANDARDIZE_FOUNDATION,ALIGN_TO_WP17B_TERMINOLOGY,ADD_CONTEXTUAL_HELP_WHERE_REQUIRED,TOKENIZE_ONLY,DEFERRED_TO_WP17D,PortalShell + tokens + navigation canon,DEFERRED_TO_17D,app/routing/AppRoutes.jsx,WP17B_PLATFORM_MASTER_INVENTORY.md · route census,PENDING
ROUTE-0046,transportation,/transport-invite/:token,detail_route,/transport-invite,route_tree,DETAIL,KEEP_HIDDEN_DETAIL,ExternalCarrierInvite,WP17C_CANONICAL_DETAIL_PAGE,STANDARDIZE,SEARCH_ONLY,STANDARDIZE_FOUNDATION,ALIGN_TO_WP17B_TERMINOLOGY,ADD_CONTEXTUAL_HELP_WHERE_REQUIRED,TOKENIZE_ONLY,DEFERRED_TO_WP17D,PortalShell + tokens + navigation canon,DEFERRED_TO_17D,app/routing/AppRoutes.jsx,WP17B_PLATFORM_MASTER_INVENTORY.md · route census,PENDING
ROUTE-0047,transportation,/transport-verify/:cnum,detail_route,/transport-verify,route_tree,DETAIL,KEEP_HIDDEN_DETAIL,CertificateVerify,WP17C_CANONICAL_DETAIL_PAGE,STANDARDIZE,SEARCH_ONLY,STANDARDIZE_FOUNDATION,ALIGN_TO_WP17B_TERMINOLOGY,ADD_CONTEXTUAL_HELP_WHERE_REQUIRED,TOKENIZE_ONLY,DEFERRED_TO_WP17D,PortalShell + tokens + navigation canon,DEFERRED_TO_17D,app/routing/AppRoutes.jsx,WP17B_PLATFORM_MASTER_INVENTORY.md · route census,PENDING
ROUTE-0048,public_shared,/incidents/new,redirect_route,/incidents,route_tree,PUBLIC,CANONICALIZE_REDIRECT,Navigate,WP17C_CANONICAL_PAGE,STANDARDIZE,REDIRECT_ALIAS,STANDARDIZE_FOUNDATION,ALIGN_TO_WP17B_TERMINOLOGY,ADD_CONTEXTUAL_HELP_WHERE_REQUIRED,TOKENIZE_ONLY,DEFERRED_TO_WP17D,PortalShell + tokens + navigation canon,DEFERRED_TO_17D,app/routing/AppRoutes.jsx,WP17B_PLATFORM_MASTER_INVENTORY.md · route census,PENDING
ROUTE-0049,public_shared,/incidents/submit,redirect_route,/incidents,route_tree,PUBLIC,CANONICALIZE_REDIRECT,Navigate,WP17C_CANONICAL_PAGE,STANDARDIZE,REDIRECT_ALIAS,STANDARDIZE_FOUNDATION,ALIGN_TO_WP17B_TERMINOLOGY,ADD_CONTEXTUAL_HELP_WHERE_REQUIRED,TOKENIZE_ONLY,DEFERRED_TO_WP17D,PortalShell + tokens + navigation canon,DEFERRED_TO_17D,app/routing/AppRoutes.jsx,WP17B_PLATFORM_MASTER_INVENTORY.md · route census,PENDING
ROUTE-0050,public_shared,/incidents/report,route_screen,/incidents,route_tree,PUBLIC,MIGRATE_IN_WP17D,IncidentReport,WP17C_CANONICAL_PAGE,STANDARDIZE,CANONICAL_ENTRY,STANDARDIZE_FOUNDATION,ALIGN_TO_WP17B_TERMINOLOGY,ADD_CONTEXTUAL_HELP_WHERE_REQUIRED,TOKENIZE_ONLY,DEFERRED_TO_WP17D,PortalShell + tokens + navigation canon,DEFERRED_TO_17D,app/routing/AppRoutes.jsx,WP17B_PLATFORM_MASTER_INVENTORY.md · route census,PENDING
ROUTE-0051,public_shared,/near-miss,route_screen,/,route_tree,PUBLIC,MIGRATE_IN_WP17D,NearMissKiosk,WP17C_CANONICAL_PAGE,STANDARDIZE,CANONICAL_ENTRY,STANDARDIZE_FOUNDATION,ALIGN_TO_WP17B_TERMINOLOGY,ADD_CONTEXTUAL_HELP_WHERE_REQUIRED,TOKENIZE_ONLY,DEFERRED_TO_WP17D,PortalShell + tokens + navigation canon,DEFERRED_TO_17D,app/routing/AppRoutes.jsx,WP17B_PLATFORM_MASTER_INVENTORY.md · route census,PENDING
ROUTE-0052,safety,/safety/cases/:caseId,detail_route,/safety/cases,route_tree,DETAIL,KEEP_HIDDEN_DETAIL,SafetyCaseWorkspace,WP17C_CANONICAL_DETAIL_PAGE,STANDARDIZE,SEARCH_ONLY,STANDARDIZE_FOUNDATION,ALIGN_TO_WP17B_TERMINOLOGY,ADD_CONTEXTUAL_HELP_WHERE_REQUIRED,TOKENIZE_ONLY,DEFERRED_TO_WP17D,PortalShell + tokens + navigation canon,DEFERRED_TO_17D,app/routing/AppRoutes.jsx,WP17B_PLATFORM_MASTER_INVENTORY.md · route census,PENDING
ROUTE-0053,safety,/safety/incidents/:caseId/thread,detail_route,/safety/incidents/:caseId,route_tree,DETAIL,KEEP_HIDDEN_DETAIL,SafetyIncidentThread,WP17C_CANONICAL_DETAIL_PAGE,STANDARDIZE,SEARCH_ONLY,STANDARDIZE_FOUNDATION,ALIGN_TO_WP17B_TERMINOLOGY,ADD_CONTEXTUAL_HELP_WHERE_REQUIRED,TOKENIZE_ONLY,DEFERRED_TO_WP17D,PortalShell + tokens + navigation canon,DEFERRED_TO_17D,app/routing/AppRoutes.jsx,WP17B_PLATFORM_MASTER_INVENTORY.md · route census,PENDING
ROUTE-0054,safety,/safety/executive-intelligence,route_screen,/safety,route_tree,PUBLIC,MIGRATE_IN_WP17D,ExecutiveIntelligence,WP17C_CANONICAL_PAGE,STANDARDIZE,CANONICAL_ENTRY,STANDARDIZE_FOUNDATION,ALIGN_TO_WP17B_TERMINOLOGY,ADD_CONTEXTUAL_HELP_WHERE_REQUIRED,TOKENIZE_ONLY,DEFERRED_TO_WP17D,PortalShell + tokens + navigation canon,DEFERRED_TO_17D,app/routing/AppRoutes.jsx,WP17B_PLATFORM_MASTER_INVENTORY.md · route census,PENDING
ROUTE-0055,safety,/safety/cases/:caseId/reports/:reportType,detail_route,/safety/cases/:caseId/reports,route_tree,DETAIL,KEEP_HIDDEN_DETAIL,IncidentReportViewer,WP17C_CANONICAL_DETAIL_PAGE,STANDARDIZE,SEARCH_ONLY,STANDARDIZE_FOUNDATION,ALIGN_TO_WP17B_TERMINOLOGY,ADD_CONTEXTUAL_HELP_WHERE_REQUIRED,TOKENIZE_ONLY,DEFERRED_TO_WP17D,PortalShell + tokens + navigation canon,DEFERRED_TO_17D,app/routing/AppRoutes.jsx,WP17B_PLATFORM_MASTER_INVENTORY.md · route census,PENDING
ROUTE-0056,safety,/safety/cases/:caseId/executive-report,detail_route,/safety/cases/:caseId,route_tree,DETAIL,KEEP_HIDDEN_DETAIL,ExecutiveCaseReport,WP17C_CANONICAL_DETAIL_PAGE,STANDARDIZE,SEARCH_ONLY,STANDARDIZE_FOUNDATION,ALIGN_TO_WP17B_TERMINOLOGY,ADD_CONTEXTUAL_HELP_WHERE_REQUIRED,TOKENIZE_ONLY,DEFERRED_TO_WP17D,PortalShell + tokens + navigation canon,DEFERRED_TO_17D,app/routing/AppRoutes.jsx,WP17B_PLATFORM_MASTER_INVENTORY.md · route census,PENDING
ROUTE-0057,public_shared,/daily/new,redirect_route,/daily,route_tree,PUBLIC,CANONICALIZE_REDIRECT,Navigate,WP17C_CANONICAL_PAGE,STANDARDIZE,REDIRECT_ALIAS,STANDARDIZE_FOUNDATION,ALIGN_TO_WP17B_TERMINOLOGY,ADD_CONTEXTUAL_HELP_WHERE_REQUIRED,TOKENIZE_ONLY,DEFERRED_TO_WP17D,PortalShell + tokens + navigation canon,DEFERRED_TO_17D,app/routing/AppRoutes.jsx,WP17B_PLATFORM_MASTER_INVENTORY.md · route census,PENDING
ROUTE-0058,public_shared,/daily/submit,route_screen,/daily,route_tree,PUBLIC,MIGRATE_IN_WP17D,NewDailyReportV3,WP17C_CANONICAL_PAGE,STANDARDIZE,CANONICAL_ENTRY,STANDARDIZE_FOUNDATION,ALIGN_TO_WP17B_TERMINOLOGY,ADD_CONTEXTUAL_HELP_WHERE_REQUIRED,TOKENIZE_ONLY,DEFERRED_TO_WP17D,PortalShell + tokens + navigation canon,DEFERRED_TO_17D,app/routing/AppRoutes.jsx,WP17B_PLATFORM_MASTER_INVENTORY.md · route census,PENDING
ROUTE-0059,public_shared,/equipment/new,route_screen,/equipment,route_tree,PUBLIC,MIGRATE_IN_WP17D,NewEquipmentInspection,WP17C_CANONICAL_PAGE,STANDARDIZE,CANONICAL_ENTRY,STANDARDIZE_FOUNDATION,ALIGN_TO_WP17B_TERMINOLOGY,ADD_CONTEXTUAL_HELP_WHERE_REQUIRED,TOKENIZE_ONLY,DEFERRED_TO_WP17D,PortalShell + tokens + navigation canon,DEFERRED_TO_17D,app/routing/AppRoutes.jsx,WP17B_PLATFORM_MASTER_INVENTORY.md · route census,PENDING
ROUTE-0060,public_shared,/equipment/submit,route_screen,/equipment,route_tree,PUBLIC,MIGRATE_IN_WP17D,NewEquipmentInspection,WP17C_CANONICAL_PAGE,STANDARDIZE,CANONICAL_ENTRY,STANDARDIZE_FOUNDATION,ALIGN_TO_WP17B_TERMINOLOGY,ADD_CONTEXTUAL_HELP_WHERE_REQUIRED,TOKENIZE_ONLY,DEFERRED_TO_WP17D,PortalShell + tokens + navigation canon,DEFERRED_TO_17D,app/routing/AppRoutes.jsx,WP17B_PLATFORM_MASTER_INVENTORY.md · route census,PENDING
ROUTE-0061,public_shared,/equipment/:id,detail_route,/equipment,route_tree,DETAIL,KEEP_HIDDEN_DETAIL,RedirectWithId,WP17C_CANONICAL_DETAIL_PAGE,STANDARDIZE,SEARCH_ONLY,STANDARDIZE_FOUNDATION,ALIGN_TO_WP17B_TERMINOLOGY,ADD_CONTEXTUAL_HELP_WHERE_REQUIRED,TOKENIZE_ONLY,DEFERRED_TO_WP17D,PortalShell + tokens + navigation canon,DEFERRED_TO_17D,app/routing/AppRoutes.jsx,WP17B_PLATFORM_MASTER_INVENTORY.md · route census,PENDING
ROUTE-0062,public_shared,/fleet/dvir/new,route_screen,/fleet/dvir,route_tree,PUBLIC,MIGRATE_IN_WP17D,NewFleetDVIR,WP17C_CANONICAL_PAGE,STANDARDIZE,CANONICAL_ENTRY,STANDARDIZE_FOUNDATION,ALIGN_TO_WP17B_TERMINOLOGY,ADD_CONTEXTUAL_HELP_WHERE_REQUIRED,TOKENIZE_ONLY,DEFERRED_TO_WP17D,PortalShell + tokens + navigation canon,DEFERRED_TO_17D,app/routing/AppRoutes.jsx,WP17B_PLATFORM_MASTER_INVENTORY.md · route census,PENDING
ROUTE-0063,public_shared,/fleet/dvir/submit,route_screen,/fleet/dvir,route_tree,PUBLIC,MIGRATE_IN_WP17D,NewFleetDVIR,WP17C_CANONICAL_PAGE,STANDARDIZE,CANONICAL_ENTRY,STANDARDIZE_FOUNDATION,ALIGN_TO_WP17B_TERMINOLOGY,ADD_CONTEXTUAL_HELP_WHERE_REQUIRED,TOKENIZE_ONLY,DEFERRED_TO_WP17D,PortalShell + tokens + navigation canon,DEFERRED_TO_17D,app/routing/AppRoutes.jsx,WP17B_PLATFORM_MASTER_INVENTORY.md · route census,PENDING
ROUTE-0064,public_shared,/fleet/weekly-lead/new,route_screen,/fleet/weekly-lead,route_tree,PUBLIC,MIGRATE_IN_WP17D,NewFleetDVIR,WP17C_CANONICAL_PAGE,STANDARDIZE,CANONICAL_ENTRY,STANDARDIZE_FOUNDATION,ALIGN_TO_WP17B_TERMINOLOGY,ADD_CONTEXTUAL_HELP_WHERE_REQUIRED,TOKENIZE_ONLY,DEFERRED_TO_WP17D,PortalShell + tokens + navigation canon,DEFERRED_TO_17D,app/routing/AppRoutes.jsx,WP17B_PLATFORM_MASTER_INVENTORY.md · route census,PENDING
ROUTE-0065,public_shared,/fleet/weekly-emergency/new,route_screen,/fleet/weekly-emergency,route_tree,PUBLIC,MIGRATE_IN_WP17D,NewFleetDVIR,WP17C_CANONICAL_PAGE,STANDARDIZE,CANONICAL_ENTRY,STANDARDIZE_FOUNDATION,ALIGN_TO_WP17B_TERMINOLOGY,ADD_CONTEXTUAL_HELP_WHERE_REQUIRED,TOKENIZE_ONLY,DEFERRED_TO_WP17D,PortalShell + tokens + navigation canon,DEFERRED_TO_17D,app/routing/AppRoutes.jsx,WP17B_PLATFORM_MASTER_INVENTORY.md · route census,PENDING
ROUTE-0066,public_shared,/fleet/dvir/submitted/:id,detail_route,/fleet/dvir/submitted,route_tree,DETAIL,KEEP_HIDDEN_DETAIL,FleetDVIRConfirmation,WP17C_CANONICAL_DETAIL_PAGE,STANDARDIZE,SEARCH_ONLY,STANDARDIZE_FOUNDATION,ALIGN_TO_WP17B_TERMINOLOGY,ADD_CONTEXTUAL_HELP_WHERE_REQUIRED,TOKENIZE_ONLY,DEFERRED_TO_WP17D,PortalShell + tokens + navigation canon,DEFERRED_TO_17D,app/routing/AppRoutes.jsx,WP17B_PLATFORM_MASTER_INVENTORY.md · route census,PENDING
ROUTE-0067,public_shared,/thank-you,route_screen,/,route_tree,PUBLIC,MIGRATE_IN_WP17D,ThankYou,WP17C_CANONICAL_PAGE,STANDARDIZE,CANONICAL_ENTRY,STANDARDIZE_FOUNDATION,ALIGN_TO_WP17B_TERMINOLOGY,ADD_CONTEXTUAL_HELP_WHERE_REQUIRED,TOKENIZE_ONLY,DEFERRED_TO_WP17D,PortalShell + tokens + navigation canon,DEFERRED_TO_17D,app/routing/AppRoutes.jsx,WP17B_PLATFORM_MASTER_INVENTORY.md · route census,PENDING
ROUTE-0068,public_shared,/cheatsheet,route_screen,/,route_tree,PUBLIC,MIGRATE_IN_WP17D,PosterErrorBoundary,WP17C_CANONICAL_PAGE,STANDARDIZE,CANONICAL_ENTRY,STANDARDIZE_FOUNDATION,ALIGN_TO_WP17B_TERMINOLOGY,ADD_CONTEXTUAL_HELP_WHERE_REQUIRED,TOKENIZE_ONLY,DEFERRED_TO_WP17D,PortalShell + tokens + navigation canon,DEFERRED_TO_17D,app/routing/AppRoutes.jsx,WP17B_PLATFORM_MASTER_INVENTORY.md · route census,PENDING
ROUTE-0069,public_shared,/cheat-sheet,redirect_route,/,route_tree,PUBLIC,CANONICALIZE_REDIRECT,Navigate,WP17C_CANONICAL_PAGE,STANDARDIZE,REDIRECT_ALIAS,STANDARDIZE_FOUNDATION,ALIGN_TO_WP17B_TERMINOLOGY,ADD_CONTEXTUAL_HELP_WHERE_REQUIRED,TOKENIZE_ONLY,DEFERRED_TO_WP17D,PortalShell + tokens + navigation canon,DEFERRED_TO_17D,app/routing/AppRoutes.jsx,WP17B_PLATFORM_MASTER_INVENTORY.md · route census,PENDING
ROUTE-0070,public_shared,/reports/daily/new,redirect_route,/reports/daily,route_tree,PUBLIC,CANONICALIZE_REDIRECT,Navigate,WP17C_CANONICAL_PAGE,STANDARDIZE,REDIRECT_ALIAS,STANDARDIZE_FOUNDATION,ALIGN_TO_WP17B_TERMINOLOGY,ADD_CONTEXTUAL_HELP_WHERE_REQUIRED,TOKENIZE_ONLY,DEFERRED_TO_WP17D,PortalShell + tokens + navigation canon,DEFERRED_TO_17D,app/routing/AppRoutes.jsx,WP17B_PLATFORM_MASTER_INVENTORY.md · route census,PENDING
ROUTE-0071,public_shared,/daily-reports/new,redirect_route,/daily-reports,route_tree,PUBLIC,REPRESENTATIVE_IMPLEMENTATION,Navigate,WP17C_CANONICAL_PAGE,KEEP,REDIRECT_ALIAS,REPRESENTATIVE_IMPLEMENTATION,ALIGN_TO_WP17B_TERMINOLOGY,ADD_CONTEXTUAL_HELP_WHERE_REQUIRED,TOKENIZE_ONLY,CERTIFY_IN_REPRESENTATIVE_SET,PortalShell + tokens + navigation canon,READY,app/routing/AppRoutes.jsx,WP17B_PLATFORM_MASTER_INVENTORY.md · route census,PENDING
ROUTE-0072,public_shared,/daily-reports,route_screen,/,route_tree,PUBLIC,MIGRATE_IN_WP17D,route_element,WP17C_CANONICAL_PAGE,STANDARDIZE,CANONICAL_ENTRY,STANDARDIZE_FOUNDATION,ALIGN_TO_WP17B_TERMINOLOGY,ADD_CONTEXTUAL_HELP_WHERE_REQUIRED,TOKENIZE_ONLY,DEFERRED_TO_WP17D,PortalShell + tokens + navigation canon,DEFERRED_TO_17D,app/routing/AppRoutes.jsx,WP17B_PLATFORM_MASTER_INVENTORY.md · route census,PENDING
ROUTE-0073,public_shared,/daily-reports/:id,detail_route,/daily-reports,route_tree,DETAIL,KEEP_HIDDEN_DETAIL,RedirectWithId,WP17C_CANONICAL_DETAIL_PAGE,STANDARDIZE,SEARCH_ONLY,STANDARDIZE_FOUNDATION,ALIGN_TO_WP17B_TERMINOLOGY,ADD_CONTEXTUAL_HELP_WHERE_REQUIRED,TOKENIZE_ONLY,DEFERRED_TO_WP17D,PortalShell + tokens + navigation canon,DEFERRED_TO_17D,app/routing/AppRoutes.jsx,WP17B_PLATFORM_MASTER_INVENTORY.md · route census,PENDING
ROUTE-0074,safety,/safety/jha,redirect_route,/safety,route_tree,PUBLIC,CANONICALIZE_REDIRECT,Navigate,WP17C_CANONICAL_PAGE,STANDARDIZE,REDIRECT_ALIAS,STANDARDIZE_FOUNDATION,ALIGN_TO_WP17B_TERMINOLOGY,ADD_CONTEXTUAL_HELP_WHERE_REQUIRED,TOKENIZE_ONLY,DEFERRED_TO_WP17D,PortalShell + tokens + navigation canon,DEFERRED_TO_17D,app/routing/AppRoutes.jsx,WP17B_PLATFORM_MASTER_INVENTORY.md · route census,PENDING
ROUTE-0075,safety,/safety/trench-boxes,redirect_route,/safety,route_tree,PUBLIC,CANONICALIZE_REDIRECT,Navigate,WP17C_CANONICAL_PAGE,STANDARDIZE,REDIRECT_ALIAS,STANDARDIZE_FOUNDATION,ALIGN_TO_WP17B_TERMINOLOGY,ADD_CONTEXTUAL_HELP_WHERE_REQUIRED,TOKENIZE_ONLY,DEFERRED_TO_WP17D,PortalShell + tokens + navigation canon,DEFERRED_TO_17D,app/routing/AppRoutes.jsx,WP17B_PLATFORM_MASTER_INVENTORY.md · route census,PENDING
ROUTE-0076,safety,/safety/trench-safety,route_screen,/safety,route_tree,PUBLIC,MIGRATE_IN_WP17D,route_element,WP17C_CANONICAL_PAGE,STANDARDIZE,CANONICAL_ENTRY,STANDARDIZE_FOUNDATION,ALIGN_TO_WP17B_TERMINOLOGY,ADD_CONTEXTUAL_HELP_WHERE_REQUIRED,TOKENIZE_ONLY,DEFERRED_TO_WP17D,PortalShell + tokens + navigation canon,DEFERRED_TO_17D,app/routing/AppRoutes.jsx,WP17B_PLATFORM_MASTER_INVENTORY.md · route census,PENDING
ROUTE-0077,safety,/safety/trench-safety/assets,route_screen,/safety/trench-safety,route_tree,PUBLIC,MIGRATE_IN_WP17D,route_element,WP17C_CANONICAL_PAGE,STANDARDIZE,CANONICAL_ENTRY,STANDARDIZE_FOUNDATION,ALIGN_TO_WP17B_TERMINOLOGY,ADD_CONTEXTUAL_HELP_WHERE_REQUIRED,TOKENIZE_ONLY,DEFERRED_TO_WP17D,PortalShell + tokens + navigation canon,DEFERRED_TO_17D,app/routing/AppRoutes.jsx,WP17B_PLATFORM_MASTER_INVENTORY.md · route census,PENDING
ROUTE-0078,safety,/safety/trench-safety/assets/:assetId,detail_route,/safety/trench-safety/assets,route_tree,DETAIL,KEEP_HIDDEN_DETAIL,route_element,WP17C_CANONICAL_DETAIL_PAGE,STANDARDIZE,SEARCH_ONLY,STANDARDIZE_FOUNDATION,ALIGN_TO_WP17B_TERMINOLOGY,ADD_CONTEXTUAL_HELP_WHERE_REQUIRED,TOKENIZE_ONLY,DEFERRED_TO_WP17D,PortalShell + tokens + navigation canon,DEFERRED_TO_17D,app/routing/AppRoutes.jsx,WP17B_PLATFORM_MASTER_INVENTORY.md · route census,PENDING
ROUTE-0079,safety,/safety/trench-safety/tabulated-data,route_screen,/safety/trench-safety,route_tree,PUBLIC,MIGRATE_IN_WP17D,route_element,WP17C_CANONICAL_PAGE,STANDARDIZE,CANONICAL_ENTRY,STANDARDIZE_FOUNDATION,ALIGN_TO_WP17B_TERMINOLOGY,ADD_CONTEXTUAL_HELP_WHERE_REQUIRED,TOKENIZE_ONLY,DEFERRED_TO_WP17D,PortalShell + tokens + navigation canon,DEFERRED_TO_17D,app/routing/AppRoutes.jsx,WP17B_PLATFORM_MASTER_INVENTORY.md · route census,PENDING
ROUTE-0080,safety,/safety/trench-safety/reports,route_screen,/safety/trench-safety,route_tree,PUBLIC,MIGRATE_IN_WP17D,route_element,WP17C_CANONICAL_PAGE,STANDARDIZE,CANONICAL_ENTRY,STANDARDIZE_FOUNDATION,ALIGN_TO_WP17B_TERMINOLOGY,ADD_CONTEXTUAL_HELP_WHERE_REQUIRED,TOKENIZE_ONLY,DEFERRED_TO_WP17D,PortalShell + tokens + navigation canon,DEFERRED_TO_17D,app/routing/AppRoutes.jsx,WP17B_PLATFORM_MASTER_INVENTORY.md · route census,PENDING
ROUTE-0081,safety,/safety/trench-safety/excavations,route_screen,/safety/trench-safety,route_tree,PUBLIC,MIGRATE_IN_WP17D,route_element,WP17C_CANONICAL_PAGE,STANDARDIZE,CANONICAL_ENTRY,STANDARDIZE_FOUNDATION,ALIGN_TO_WP17B_TERMINOLOGY,ADD_CONTEXTUAL_HELP_WHERE_REQUIRED,TOKENIZE_ONLY,DEFERRED_TO_WP17D,PortalShell + tokens + navigation canon,DEFERRED_TO_17D,app/routing/AppRoutes.jsx,WP17B_PLATFORM_MASTER_INVENTORY.md · route census,PENDING
ROUTE-0082,admin,/admin/trench-safety/excavations,route_screen,/admin/trench-safety,route_tree,PUBLIC,MIGRATE_IN_WP17D,route_element,WP17C_CANONICAL_PAGE,STANDARDIZE,CANONICAL_ENTRY,STANDARDIZE_FOUNDATION,ALIGN_TO_WP17B_TERMINOLOGY,ADD_CONTEXTUAL_HELP_WHERE_REQUIRED,TOKENIZE_ONLY,DEFERRED_TO_WP17D,PortalShell + tokens + navigation canon,DEFERRED_TO_17D,app/routing/AppRoutes.jsx,WP17B_PLATFORM_MASTER_INVENTORY.md · route census,PENDING
ROUTE-0083,public_shared,/trench-safety/excavation/new,route_screen,/trench-safety/excavation,route_tree,PUBLIC,MIGRATE_IN_WP17D,PublicExcavationForm,WP17C_CANONICAL_PAGE,STANDARDIZE,CANONICAL_ENTRY,STANDARDIZE_FOUNDATION,ALIGN_TO_WP17B_TERMINOLOGY,ADD_CONTEXTUAL_HELP_WHERE_REQUIRED,TOKENIZE_ONLY,DEFERRED_TO_WP17D,PortalShell + tokens + navigation canon,DEFERRED_TO_17D,app/routing/AppRoutes.jsx,WP17B_PLATFORM_MASTER_INVENTORY.md · route census,PENDING
ROUTE-0084,safety,/safety/trench-safety/repair-review,route_screen,/safety/trench-safety,route_tree,PUBLIC,MIGRATE_IN_WP17D,route_element,WP17C_CANONICAL_PAGE,STANDARDIZE,CANONICAL_ENTRY,STANDARDIZE_FOUNDATION,ALIGN_TO_WP17B_TERMINOLOGY,ADD_CONTEXTUAL_HELP_WHERE_REQUIRED,TOKENIZE_ONLY,DEFERRED_TO_WP17D,PortalShell + tokens + navigation canon,DEFERRED_TO_17D,app/routing/AppRoutes.jsx,WP17B_PLATFORM_MASTER_INVENTORY.md · route census,PENDING
ROUTE-0085,safety,/safety/trench-safety/field-reports,route_screen,/safety/trench-safety,route_tree,PUBLIC,MIGRATE_IN_WP17D,route_element,WP17C_CANONICAL_PAGE,STANDARDIZE,CANONICAL_ENTRY,STANDARDIZE_FOUNDATION,ALIGN_TO_WP17B_TERMINOLOGY,ADD_CONTEXTUAL_HELP_WHERE_REQUIRED,TOKENIZE_ONLY,DEFERRED_TO_WP17D,PortalShell + tokens + navigation canon,DEFERRED_TO_17D,app/routing/AppRoutes.jsx,WP17B_PLATFORM_MASTER_INVENTORY.md · route census,PENDING
ROUTE-0086,safety,/safety-portal/trench-safety,redirect_route,/safety-portal,route_tree,PUBLIC,CANONICALIZE_REDIRECT,Navigate,WP17C_CANONICAL_PAGE,STANDARDIZE,REDIRECT_ALIAS,STANDARDIZE_FOUNDATION,ALIGN_TO_WP17B_TERMINOLOGY,ADD_CONTEXTUAL_HELP_WHERE_REQUIRED,TOKENIZE_ONLY,DEFERRED_TO_WP17D,PortalShell + tokens + navigation canon,DEFERRED_TO_17D,app/routing/AppRoutes.jsx,WP17B_PLATFORM_MASTER_INVENTORY.md · route census,PENDING
ROUTE-0087,safety,/safety-portal/trench-safety/assets,redirect_route,/safety-portal/trench-safety,route_tree,PUBLIC,CANONICALIZE_REDIRECT,Navigate,WP17C_CANONICAL_PAGE,STANDARDIZE,REDIRECT_ALIAS,STANDARDIZE_FOUNDATION,ALIGN_TO_WP17B_TERMINOLOGY,ADD_CONTEXTUAL_HELP_WHERE_REQUIRED,TOKENIZE_ONLY,DEFERRED_TO_WP17D,PortalShell + tokens + navigation canon,DEFERRED_TO_17D,app/routing/AppRoutes.jsx,WP17B_PLATFORM_MASTER_INVENTORY.md · route census,PENDING
ROUTE-0088,safety,/safety-portal/trench-safety/tabulated-data,redirect_route,/safety-portal/trench-safety,route_tree,PUBLIC,CANONICALIZE_REDIRECT,Navigate,WP17C_CANONICAL_PAGE,STANDARDIZE,REDIRECT_ALIAS,STANDARDIZE_FOUNDATION,ALIGN_TO_WP17B_TERMINOLOGY,ADD_CONTEXTUAL_HELP_WHERE_REQUIRED,TOKENIZE_ONLY,DEFERRED_TO_WP17D,PortalShell + tokens + navigation canon,DEFERRED_TO_17D,app/routing/AppRoutes.jsx,WP17B_PLATFORM_MASTER_INVENTORY.md · route census,PENDING
ROUTE-0089,public_shared,/app/*,redirect_route,/app,route_tree,PUBLIC,CANONICALIZE_REDIRECT,Navigate,WP17C_CANONICAL_PAGE,STANDARDIZE,REDIRECT_ALIAS,STANDARDIZE_FOUNDATION,ALIGN_TO_WP17B_TERMINOLOGY,ADD_CONTEXTUAL_HELP_WHERE_REQUIRED,TOKENIZE_ONLY,DEFERRED_TO_WP17D,PortalShell + tokens + navigation canon,DEFERRED_TO_17D,app/routing/AppRoutes.jsx,WP17B_PLATFORM_MASTER_INVENTORY.md · route census,PENDING
ROUTE-0090,admin,/admin/login,route_screen,/admin,route_tree,PUBLIC,MIGRATE_IN_WP17D,AdminLogin,WP17C_CANONICAL_PAGE,STANDARDIZE,CANONICAL_ENTRY,STANDARDIZE_FOUNDATION,ALIGN_TO_WP17B_TERMINOLOGY,ADD_CONTEXTUAL_HELP_WHERE_REQUIRED,TOKENIZE_ONLY,DEFERRED_TO_WP17D,PortalShell + tokens + navigation canon,DEFERRED_TO_17D,app/routing/AppRoutes.jsx,WP17B_PLATFORM_MASTER_INVENTORY.md · route census,PENDING
ROUTE-0091,admin,/admin,route_screen,/,route_tree,PUBLIC,REPRESENTATIVE_IMPLEMENTATION,route_element,WP17C_CANONICAL_PAGE,KEEP,CANONICAL_ENTRY,REPRESENTATIVE_IMPLEMENTATION,ALIGN_TO_WP17B_TERMINOLOGY,ADD_CONTEXTUAL_HELP_WHERE_REQUIRED,TOKENIZE_ONLY,CERTIFY_IN_REPRESENTATIVE_SET,PortalShell + tokens + navigation canon,READY,app/routing/AppRoutes.jsx,WP17B_PLATFORM_MASTER_INVENTORY.md · route census,PENDING
ROUTE-0092,admin,/admin/hub_v1,redirect_route,/admin,route_tree,PUBLIC,CANONICALIZE_REDIRECT,Navigate,WP17C_CANONICAL_PAGE,STANDARDIZE,REDIRECT_ALIAS,STANDARDIZE_FOUNDATION,ALIGN_TO_WP17B_TERMINOLOGY,ADD_CONTEXTUAL_HELP_WHERE_REQUIRED,TOKENIZE_ONLY,DEFERRED_TO_WP17D,PortalShell + tokens + navigation canon,DEFERRED_TO_17D,app/routing/AppRoutes.jsx,WP17B_PLATFORM_MASTER_INVENTORY.md · route census,PENDING
ROUTE-0093,admin,/admin/hub_v2,redirect_route,/admin,route_tree,HIDDEN,CANONICALIZE_REDIRECT,Navigate,WP17C_CANONICAL_PAGE,MERGE,SEARCH_ONLY,STANDARDIZE_FOUNDATION,ALIGN_TO_WP17B_TERMINOLOGY,ADD_CONTEXTUAL_HELP_WHERE_REQUIRED,TOKENIZE_ONLY,DEFERRED_TO_WP17D,PortalShell + tokens + navigation canon,DEFERRED_TO_17D,app/routing/AppRoutes.jsx,WP17B_PLATFORM_MASTER_INVENTORY.md · route census,PENDING
ROUTE-0094,admin,/admin/executive-overview,route_screen,/admin,route_tree,PUBLIC,MIGRATE_IN_WP17D,route_element,WP17C_CANONICAL_PAGE,STANDARDIZE,CANONICAL_ENTRY,STANDARDIZE_FOUNDATION,ALIGN_TO_WP17B_TERMINOLOGY,ADD_CONTEXTUAL_HELP_WHERE_REQUIRED,TOKENIZE_ONLY,DEFERRED_TO_WP17D,PortalShell + tokens + navigation canon,DEFERRED_TO_17D,app/routing/AppRoutes.jsx,WP17B_PLATFORM_MASTER_INVENTORY.md · route census,PENDING
ROUTE-0095,admin,/admin/executive-intelligence,route_screen,/admin,route_tree,PUBLIC,MIGRATE_IN_WP17D,route_element,WP17C_CANONICAL_PAGE,STANDARDIZE,CANONICAL_ENTRY,STANDARDIZE_FOUNDATION,ALIGN_TO_WP17B_TERMINOLOGY,ADD_CONTEXTUAL_HELP_WHERE_REQUIRED,TOKENIZE_ONLY,DEFERRED_TO_WP17D,PortalShell + tokens + navigation canon,DEFERRED_TO_17D,app/routing/AppRoutes.jsx,WP17B_PLATFORM_MASTER_INVENTORY.md · route census,PENDING
ROUTE-0096,admin,/admin/material-ledger-quality,route_screen,/admin,route_tree,PUBLIC,MIGRATE_IN_WP17D,route_element,WP17C_CANONICAL_PAGE,STANDARDIZE,CANONICAL_ENTRY,STANDARDIZE_FOUNDATION,ALIGN_TO_WP17B_TERMINOLOGY,ADD_CONTEXTUAL_HELP_WHERE_REQUIRED,TOKENIZE_ONLY,DEFERRED_TO_WP17D,PortalShell + tokens + navigation canon,DEFERRED_TO_17D,app/routing/AppRoutes.jsx,WP17B_PLATFORM_MASTER_INVENTORY.md · route census,PENDING
ROUTE-0097,admin,/admin/people,route_screen,/admin,route_tree,PUBLIC,REPRESENTATIVE_IMPLEMENTATION,route_element,WP17C_CANONICAL_PAGE,KEEP,CANONICAL_ENTRY,REPRESENTATIVE_IMPLEMENTATION,ALIGN_TO_WP17B_TERMINOLOGY,ADD_CONTEXTUAL_HELP_WHERE_REQUIRED,TOKENIZE_ONLY,CERTIFY_IN_REPRESENTATIVE_SET,PortalShell + tokens + navigation canon,READY,app/routing/AppRoutes.jsx,WP17B_PLATFORM_MASTER_INVENTORY.md · route census,PENDING
ROUTE-0098,admin,/admin/mfa,route_screen,/admin,route_tree,PUBLIC,MIGRATE_IN_WP17D,route_element,WP17C_CANONICAL_PAGE,STANDARDIZE,CANONICAL_ENTRY,STANDARDIZE_FOUNDATION,ALIGN_TO_WP17B_TERMINOLOGY,ADD_CONTEXTUAL_HELP_WHERE_REQUIRED,TOKENIZE_ONLY,DEFERRED_TO_WP17D,PortalShell + tokens + navigation canon,DEFERRED_TO_17D,app/routing/AppRoutes.jsx,WP17B_PLATFORM_MASTER_INVENTORY.md · route census,PENDING
ROUTE-0099,admin,/admin/promo-assets,route_screen,/admin,route_tree,PUBLIC,MIGRATE_IN_WP17D,route_element,WP17C_CANONICAL_PAGE,STANDARDIZE,CANONICAL_ENTRY,STANDARDIZE_FOUNDATION,ALIGN_TO_WP17B_TERMINOLOGY,ADD_CONTEXTUAL_HELP_WHERE_REQUIRED,TOKENIZE_ONLY,DEFERRED_TO_WP17D,PortalShell + tokens + navigation canon,DEFERRED_TO_17D,app/routing/AppRoutes.jsx,WP17B_PLATFORM_MASTER_INVENTORY.md · route census,PENDING
ROUTE-0100,admin,/admin/jobs,route_screen,/admin,route_tree,PUBLIC,MIGRATE_IN_WP17D,route_element,WP17C_CANONICAL_PAGE,STANDARDIZE,CANONICAL_ENTRY,STANDARDIZE_FOUNDATION,ALIGN_TO_WP17B_TERMINOLOGY,ADD_CONTEXTUAL_HELP_WHERE_REQUIRED,TOKENIZE_ONLY,DEFERRED_TO_WP17D,PortalShell + tokens + navigation canon,DEFERRED_TO_17D,app/routing/AppRoutes.jsx,WP17B_PLATFORM_MASTER_INVENTORY.md · route census,PENDING
ROUTE-0101,admin,/admin/cost-registry,route_screen,/admin,route_tree,PUBLIC,MIGRATE_IN_WP17D,route_element,WP17C_CANONICAL_PAGE,STANDARDIZE,CANONICAL_ENTRY,STANDARDIZE_FOUNDATION,ALIGN_TO_WP17B_TERMINOLOGY,ADD_CONTEXTUAL_HELP_WHERE_REQUIRED,TOKENIZE_ONLY,DEFERRED_TO_WP17D,PortalShell + tokens + navigation canon,DEFERRED_TO_17D,app/routing/AppRoutes.jsx,WP17B_PLATFORM_MASTER_INVENTORY.md · route census,PENDING
ROUTE-0102,admin,/admin/jobs/:projectNumber/team,detail_route,/admin/jobs/:projectNumber,route_tree,DETAIL,KEEP_HIDDEN_DETAIL,route_element,WP17C_CANONICAL_DETAIL_PAGE,STANDARDIZE,SEARCH_ONLY,STANDARDIZE_FOUNDATION,ALIGN_TO_WP17B_TERMINOLOGY,ADD_CONTEXTUAL_HELP_WHERE_REQUIRED,TOKENIZE_ONLY,DEFERRED_TO_WP17D,PortalShell + tokens + navigation canon,DEFERRED_TO_17D,app/routing/AppRoutes.jsx,WP17B_PLATFORM_MASTER_INVENTORY.md · route census,PENDING
ROUTE-0103,admin,/admin/project-staffing,route_screen,/admin,route_tree,PUBLIC,MIGRATE_IN_WP17D,route_element,WP17C_CANONICAL_PAGE,STANDARDIZE,CANONICAL_ENTRY,STANDARDIZE_FOUNDATION,ALIGN_TO_WP17B_TERMINOLOGY,ADD_CONTEXTUAL_HELP_WHERE_REQUIRED,TOKENIZE_ONLY,DEFERRED_TO_WP17D,PortalShell + tokens + navigation canon,DEFERRED_TO_17D,app/routing/AppRoutes.jsx,WP17B_PLATFORM_MASTER_INVENTORY.md · route census,PENDING
ROUTE-0104,admin,/admin/geofence-reconciliation,route_screen,/admin,route_tree,PUBLIC,MIGRATE_IN_WP17D,route_element,WP17C_CANONICAL_PAGE,STANDARDIZE,CANONICAL_ENTRY,STANDARDIZE_FOUNDATION,ALIGN_TO_WP17B_TERMINOLOGY,ADD_CONTEXTUAL_HELP_WHERE_REQUIRED,TOKENIZE_ONLY,DEFERRED_TO_WP17D,PortalShell + tokens + navigation canon,DEFERRED_TO_17D,app/routing/AppRoutes.jsx,WP17B_PLATFORM_MASTER_INVENTORY.md · route census,PENDING
ROUTE-0105,admin,/admin/operations-dashboard,route_screen,/admin,route_tree,PUBLIC,MIGRATE_IN_WP17D,route_element,WP17C_CANONICAL_PAGE,STANDARDIZE,CANONICAL_ENTRY,STANDARDIZE_FOUNDATION,ALIGN_TO_WP17B_TERMINOLOGY,ADD_CONTEXTUAL_HELP_WHERE_REQUIRED,TOKENIZE_ONLY,DEFERRED_TO_WP17D,PortalShell + tokens + navigation canon,DEFERRED_TO_17D,app/routing/AppRoutes.jsx,WP17B_PLATFORM_MASTER_INVENTORY.md · route census,PENDING
ROUTE-0106,admin,/admin/operations-control,route_screen,/admin,route_tree,PUBLIC,MIGRATE_IN_WP17D,route_element,WP17C_CANONICAL_PAGE,STANDARDIZE,CANONICAL_ENTRY,STANDARDIZE_FOUNDATION,ALIGN_TO_WP17B_TERMINOLOGY,ADD_CONTEXTUAL_HELP_WHERE_REQUIRED,TOKENIZE_ONLY,DEFERRED_TO_WP17D,PortalShell + tokens + navigation canon,DEFERRED_TO_17D,app/routing/AppRoutes.jsx,WP17B_PLATFORM_MASTER_INVENTORY.md · route census,PENDING
ROUTE-0107,admin,/admin/operations-control/cases/:caseId,detail_route,/admin/operations-control/cases,route_tree,DETAIL,KEEP_HIDDEN_DETAIL,route_element,WP17C_CANONICAL_DETAIL_PAGE,STANDARDIZE,SEARCH_ONLY,STANDARDIZE_FOUNDATION,ALIGN_TO_WP17B_TERMINOLOGY,ADD_CONTEXTUAL_HELP_WHERE_REQUIRED,TOKENIZE_ONLY,DEFERRED_TO_WP17D,PortalShell + tokens + navigation canon,DEFERRED_TO_17D,app/routing/AppRoutes.jsx,WP17B_PLATFORM_MASTER_INVENTORY.md · route census,PENDING
ROUTE-0108,admin,/operations-control/cases,route_screen,/operations-control,route_tree,PUBLIC,MIGRATE_IN_WP17D,route_element,WP17C_CANONICAL_PAGE,STANDARDIZE,CANONICAL_ENTRY,STANDARDIZE_FOUNDATION,ALIGN_TO_WP17B_TERMINOLOGY,ADD_CONTEXTUAL_HELP_WHERE_REQUIRED,TOKENIZE_ONLY,DEFERRED_TO_WP17D,PortalShell + tokens + navigation canon,DEFERRED_TO_17D,app/routing/AppRoutes.jsx,WP17B_PLATFORM_MASTER_INVENTORY.md · route census,PENDING
ROUTE-0109,admin,/operations-control/cases/:caseId,detail_route,/operations-control/cases,route_tree,DETAIL,KEEP_HIDDEN_DETAIL,route_element,WP17C_CANONICAL_DETAIL_PAGE,STANDARDIZE,SEARCH_ONLY,STANDARDIZE_FOUNDATION,ALIGN_TO_WP17B_TERMINOLOGY,ADD_CONTEXTUAL_HELP_WHERE_REQUIRED,TOKENIZE_ONLY,DEFERRED_TO_WP17D,PortalShell + tokens + navigation canon,DEFERRED_TO_17D,app/routing/AppRoutes.jsx,WP17B_PLATFORM_MASTER_INVENTORY.md · route census,PENDING
ROUTE-0110,admin,/admin/asset-mapping,route_screen,/admin,route_tree,PUBLIC,MIGRATE_IN_WP17D,route_element,WP17C_CANONICAL_PAGE,STANDARDIZE,CANONICAL_ENTRY,STANDARDIZE_FOUNDATION,ALIGN_TO_WP17B_TERMINOLOGY,ADD_CONTEXTUAL_HELP_WHERE_REQUIRED,TOKENIZE_ONLY,DEFERRED_TO_WP17D,PortalShell + tokens + navigation canon,DEFERRED_TO_17D,app/routing/AppRoutes.jsx,WP17B_PLATFORM_MASTER_INVENTORY.md · route census,PENDING
ROUTE-0111,admin,/admin/asset-spine,route_screen,/admin,route_tree,PUBLIC,MIGRATE_IN_WP17D,route_element,WP17C_CANONICAL_PAGE,STANDARDIZE,CANONICAL_ENTRY,STANDARDIZE_FOUNDATION,ALIGN_TO_WP17B_TERMINOLOGY,ADD_CONTEXTUAL_HELP_WHERE_REQUIRED,TOKENIZE_ONLY,DEFERRED_TO_WP17D,PortalShell + tokens + navigation canon,DEFERRED_TO_17D,app/routing/AppRoutes.jsx,WP17B_PLATFORM_MASTER_INVENTORY.md · route census,PENDING
ROUTE-0112,admin,/admin/equipment,route_screen,/admin,route_tree,PUBLIC,MIGRATE_IN_WP17D,route_element,WP17C_CANONICAL_PAGE,STANDARDIZE,CANONICAL_ENTRY,STANDARDIZE_FOUNDATION,ALIGN_TO_WP17B_TERMINOLOGY,ADD_CONTEXTUAL_HELP_WHERE_REQUIRED,TOKENIZE_ONLY,DEFERRED_TO_WP17D,PortalShell + tokens + navigation canon,DEFERRED_TO_17D,app/routing/AppRoutes.jsx,WP17B_PLATFORM_MASTER_INVENTORY.md · route census,PENDING
ROUTE-0113,admin,/admin/email,route_screen,/admin,route_tree,PUBLIC,MIGRATE_IN_WP17D,route_element,WP17C_CANONICAL_PAGE,STANDARDIZE,CANONICAL_ENTRY,STANDARDIZE_FOUNDATION,ALIGN_TO_WP17B_TERMINOLOGY,ADD_CONTEXTUAL_HELP_WHERE_REQUIRED,TOKENIZE_ONLY,DEFERRED_TO_WP17D,PortalShell + tokens + navigation canon,DEFERRED_TO_17D,app/routing/AppRoutes.jsx,WP17B_PLATFORM_MASTER_INVENTORY.md · route census,PENDING
ROUTE-0114,admin,/admin/training,route_screen,/admin,route_tree,PUBLIC,MIGRATE_IN_WP17D,route_element,WP17C_CANONICAL_PAGE,STANDARDIZE,CANONICAL_ENTRY,STANDARDIZE_FOUNDATION,ALIGN_TO_WP17B_TERMINOLOGY,ADD_CONTEXTUAL_HELP_WHERE_REQUIRED,TOKENIZE_ONLY,DEFERRED_TO_WP17D,PortalShell + tokens + navigation canon,DEFERRED_TO_17D,app/routing/AppRoutes.jsx,WP17B_PLATFORM_MASTER_INVENTORY.md · route census,PENDING
ROUTE-0115,admin,/admin/compliance,route_screen,/admin,route_tree,PUBLIC,MIGRATE_IN_WP17D,route_element,WP17C_CANONICAL_PAGE,STANDARDIZE,CANONICAL_ENTRY,STANDARDIZE_FOUNDATION,ALIGN_TO_WP17B_TERMINOLOGY,ADD_CONTEXTUAL_HELP_WHERE_REQUIRED,TOKENIZE_ONLY,DEFERRED_TO_WP17D,PortalShell + tokens + navigation canon,DEFERRED_TO_17D,app/routing/AppRoutes.jsx,WP17B_PLATFORM_MASTER_INVENTORY.md · route census,PENDING
ROUTE-0116,admin,/admin/system,route_screen,/admin,route_tree,PUBLIC,MIGRATE_IN_WP17D,route_element,WP17C_CANONICAL_PAGE,STANDARDIZE,CANONICAL_ENTRY,STANDARDIZE_FOUNDATION,ALIGN_TO_WP17B_TERMINOLOGY,ADD_CONTEXTUAL_HELP_WHERE_REQUIRED,TOKENIZE_ONLY,DEFERRED_TO_WP17D,PortalShell + tokens + navigation canon,DEFERRED_TO_17D,app/routing/AppRoutes.jsx,WP17B_PLATFORM_MASTER_INVENTORY.md · route census,PENDING
ROUTE-0117,admin,/admin/ai-configuration,route_screen,/admin,route_tree,PUBLIC,MIGRATE_IN_WP17D,route_element,WP17C_CANONICAL_PAGE,STANDARDIZE,CANONICAL_ENTRY,STANDARDIZE_FOUNDATION,ALIGN_TO_WP17B_TERMINOLOGY,ADD_CONTEXTUAL_HELP_WHERE_REQUIRED,TOKENIZE_ONLY,DEFERRED_TO_WP17D,PortalShell + tokens + navigation canon,DEFERRED_TO_17D,app/routing/AppRoutes.jsx,WP17B_PLATFORM_MASTER_INVENTORY.md · route census,PENDING
ROUTE-0118,admin,/admin/integration-truth,route_screen,/admin,route_tree,PUBLIC,MIGRATE_IN_WP17D,route_element,WP17C_CANONICAL_PAGE,STANDARDIZE,CANONICAL_ENTRY,STANDARDIZE_FOUNDATION,ALIGN_TO_WP17B_TERMINOLOGY,ADD_CONTEXTUAL_HELP_WHERE_REQUIRED,TOKENIZE_ONLY,DEFERRED_TO_WP17D,PortalShell + tokens + navigation canon,DEFERRED_TO_17D,app/routing/AppRoutes.jsx,WP17B_PLATFORM_MASTER_INVENTORY.md · route census,PENDING
ROUTE-0119,admin,/admin/preview-validation-identities,route_screen,/admin,route_tree,PUBLIC,MIGRATE_IN_WP17D,route_element,WP17C_CANONICAL_PAGE,STANDARDIZE,CANONICAL_ENTRY,STANDARDIZE_FOUNDATION,ALIGN_TO_WP17B_TERMINOLOGY,ADD_CONTEXTUAL_HELP_WHERE_REQUIRED,TOKENIZE_ONLY,DEFERRED_TO_WP17D,PortalShell + tokens + navigation canon,DEFERRED_TO_17D,app/routing/AppRoutes.jsx,WP17B_PLATFORM_MASTER_INVENTORY.md · route census,PENDING
ROUTE-0120,admin,/admin/recovery,route_screen,/admin,route_tree,PUBLIC,MIGRATE_IN_WP17D,route_element,WP17C_CANONICAL_PAGE,STANDARDIZE,CANONICAL_ENTRY,STANDARDIZE_FOUNDATION,ALIGN_TO_WP17B_TERMINOLOGY,ADD_CONTEXTUAL_HELP_WHERE_REQUIRED,TOKENIZE_ONLY,DEFERRED_TO_WP17D,PortalShell + tokens + navigation canon,DEFERRED_TO_17D,app/routing/AppRoutes.jsx,WP17B_PLATFORM_MASTER_INVENTORY.md · route census,PENDING
ROUTE-0121,admin,/admin/storage-recovery,route_screen,/admin,route_tree,PUBLIC,MIGRATE_IN_WP17D,route_element,WP17C_CANONICAL_PAGE,STANDARDIZE,CANONICAL_ENTRY,STANDARDIZE_FOUNDATION,ALIGN_TO_WP17B_TERMINOLOGY,ADD_CONTEXTUAL_HELP_WHERE_REQUIRED,TOKENIZE_ONLY,DEFERRED_TO_WP17D,PortalShell + tokens + navigation canon,DEFERRED_TO_17D,app/routing/AppRoutes.jsx,WP17B_PLATFORM_MASTER_INVENTORY.md · route census,PENDING
ROUTE-0122,admin,/admin/ai-operations,route_screen,/admin,route_tree,PUBLIC,MIGRATE_IN_WP17D,route_element,WP17C_CANONICAL_PAGE,STANDARDIZE,CANONICAL_ENTRY,STANDARDIZE_FOUNDATION,ALIGN_TO_WP17B_TERMINOLOGY,ADD_CONTEXTUAL_HELP_WHERE_REQUIRED,TOKENIZE_ONLY,DEFERRED_TO_WP17D,PortalShell + tokens + navigation canon,DEFERRED_TO_17D,app/routing/AppRoutes.jsx,WP17B_PLATFORM_MASTER_INVENTORY.md · route census,PENDING
ROUTE-0123,admin,/admin/communications,route_screen,/admin,route_tree,PUBLIC,MIGRATE_IN_WP17D,route_element,WP17C_CANONICAL_PAGE,STANDARDIZE,CANONICAL_ENTRY,STANDARDIZE_FOUNDATION,ALIGN_TO_WP17B_TERMINOLOGY,ADD_CONTEXTUAL_HELP_WHERE_REQUIRED,TOKENIZE_ONLY,DEFERRED_TO_WP17D,PortalShell + tokens + navigation canon,DEFERRED_TO_17D,app/routing/AppRoutes.jsx,WP17B_PLATFORM_MASTER_INVENTORY.md · route census,PENDING
ROUTE-0124,admin,/admin/identity-security,route_screen,/admin,route_tree,PUBLIC,MIGRATE_IN_WP17D,route_element,WP17C_CANONICAL_PAGE,STANDARDIZE,CANONICAL_ENTRY,STANDARDIZE_FOUNDATION,ALIGN_TO_WP17B_TERMINOLOGY,ADD_CONTEXTUAL_HELP_WHERE_REQUIRED,TOKENIZE_ONLY,DEFERRED_TO_WP17D,PortalShell + tokens + navigation canon,DEFERRED_TO_17D,app/routing/AppRoutes.jsx,WP17B_PLATFORM_MASTER_INVENTORY.md · route census,PENDING
ROUTE-0125,admin,/admin/trust-spine,route_screen,/admin,route_tree,PUBLIC,MIGRATE_IN_WP17D,route_element,WP17C_CANONICAL_PAGE,STANDARDIZE,CANONICAL_ENTRY,STANDARDIZE_FOUNDATION,ALIGN_TO_WP17B_TERMINOLOGY,ADD_CONTEXTUAL_HELP_WHERE_REQUIRED,TOKENIZE_ONLY,DEFERRED_TO_WP17D,PortalShell + tokens + navigation canon,DEFERRED_TO_17D,app/routing/AppRoutes.jsx,WP17B_PLATFORM_MASTER_INVENTORY.md · route census,PENDING
ROUTE-0126,admin,/admin/governance-trust,route_screen,/admin,route_tree,PUBLIC,MIGRATE_IN_WP17D,route_element,WP17C_CANONICAL_PAGE,STANDARDIZE,CANONICAL_ENTRY,STANDARDIZE_FOUNDATION,ALIGN_TO_WP17B_TERMINOLOGY,ADD_CONTEXTUAL_HELP_WHERE_REQUIRED,TOKENIZE_ONLY,DEFERRED_TO_WP17D,PortalShell + tokens + navigation canon,DEFERRED_TO_17D,app/routing/AppRoutes.jsx,WP17B_PLATFORM_MASTER_INVENTORY.md · route census,PENDING
ROUTE-0127,admin,/admin/platform-configuration,route_screen,/admin,route_tree,PUBLIC,MIGRATE_IN_WP17D,route_element,WP17C_CANONICAL_PAGE,STANDARDIZE,CANONICAL_ENTRY,STANDARDIZE_FOUNDATION,ALIGN_TO_WP17B_TERMINOLOGY,ADD_CONTEXTUAL_HELP_WHERE_REQUIRED,TOKENIZE_ONLY,DEFERRED_TO_WP17D,PortalShell + tokens + navigation canon,DEFERRED_TO_17D,app/routing/AppRoutes.jsx,WP17B_PLATFORM_MASTER_INVENTORY.md · route census,PENDING
ROUTE-0128,admin,/admin/diagnostics,route_screen,/admin,route_tree,PUBLIC,MIGRATE_IN_WP17D,route_element,WP17C_CANONICAL_PAGE,STANDARDIZE,CANONICAL_ENTRY,STANDARDIZE_FOUNDATION,ALIGN_TO_WP17B_TERMINOLOGY,ADD_CONTEXTUAL_HELP_WHERE_REQUIRED,TOKENIZE_ONLY,DEFERRED_TO_WP17D,PortalShell + tokens + navigation canon,DEFERRED_TO_17D,app/routing/AppRoutes.jsx,WP17B_PLATFORM_MASTER_INVENTORY.md · route census,PENDING
ROUTE-0129,admin,/admin/maintenance,route_screen,/admin,route_tree,PUBLIC,MIGRATE_IN_WP17D,route_element,WP17C_CANONICAL_PAGE,STANDARDIZE,CANONICAL_ENTRY,STANDARDIZE_FOUNDATION,ALIGN_TO_WP17B_TERMINOLOGY,ADD_CONTEXTUAL_HELP_WHERE_REQUIRED,TOKENIZE_ONLY,DEFERRED_TO_WP17D,PortalShell + tokens + navigation canon,DEFERRED_TO_17D,app/routing/AppRoutes.jsx,WP17B_PLATFORM_MASTER_INVENTORY.md · route census,PENDING
ROUTE-0130,admin,/admin/platform-overview,route_screen,/admin,route_tree,PUBLIC,MIGRATE_IN_WP17D,AdminPlatformOverview,WP17C_CANONICAL_PAGE,STANDARDIZE,CANONICAL_ENTRY,STANDARDIZE_FOUNDATION,ALIGN_TO_WP17B_TERMINOLOGY,ADD_CONTEXTUAL_HELP_WHERE_REQUIRED,TOKENIZE_ONLY,DEFERRED_TO_WP17D,PortalShell + tokens + navigation canon,DEFERRED_TO_17D,app/routing/AppRoutes.jsx,WP17B_PLATFORM_MASTER_INVENTORY.md · route census,PENDING
ROUTE-0131,admin,/admin/recovery-stream,route_screen,/admin,route_tree,PUBLIC,MIGRATE_IN_WP17D,route_element,WP17C_CANONICAL_PAGE,STANDARDIZE,CANONICAL_ENTRY,STANDARDIZE_FOUNDATION,ALIGN_TO_WP17B_TERMINOLOGY,ADD_CONTEXTUAL_HELP_WHERE_REQUIRED,TOKENIZE_ONLY,DEFERRED_TO_WP17D,PortalShell + tokens + navigation canon,DEFERRED_TO_17D,app/routing/AppRoutes.jsx,WP17B_PLATFORM_MASTER_INVENTORY.md · route census,PENDING
ROUTE-0132,admin,/admin/jha-acknowledgements,route_screen,/admin,route_tree,PUBLIC,MIGRATE_IN_WP17D,route_element,WP17C_CANONICAL_PAGE,STANDARDIZE,CANONICAL_ENTRY,STANDARDIZE_FOUNDATION,ALIGN_TO_WP17B_TERMINOLOGY,ADD_CONTEXTUAL_HELP_WHERE_REQUIRED,TOKENIZE_ONLY,DEFERRED_TO_WP17D,PortalShell + tokens + navigation canon,DEFERRED_TO_17D,app/routing/AppRoutes.jsx,WP17B_PLATFORM_MASTER_INVENTORY.md · route census,PENDING
ROUTE-0133,admin,/admin/command-center,route_screen,/admin,route_tree,PUBLIC,MIGRATE_IN_WP17D,route_element,WP17C_CANONICAL_PAGE,STANDARDIZE,CANONICAL_ENTRY,STANDARDIZE_FOUNDATION,ALIGN_TO_WP17B_TERMINOLOGY,ADD_CONTEXTUAL_HELP_WHERE_REQUIRED,TOKENIZE_ONLY,DEFERRED_TO_WP17D,PortalShell + tokens + navigation canon,DEFERRED_TO_17D,app/routing/AppRoutes.jsx,WP17B_PLATFORM_MASTER_INVENTORY.md · route census,PENDING
ROUTE-0134,admin,/admin/database,route_screen,/admin,route_tree,PUBLIC,MIGRATE_IN_WP17D,route_element,WP17C_CANONICAL_PAGE,STANDARDIZE,CANONICAL_ENTRY,STANDARDIZE_FOUNDATION,ALIGN_TO_WP17B_TERMINOLOGY,ADD_CONTEXTUAL_HELP_WHERE_REQUIRED,TOKENIZE_ONLY,DEFERRED_TO_WP17D,PortalShell + tokens + navigation canon,DEFERRED_TO_17D,app/routing/AppRoutes.jsx,WP17B_PLATFORM_MASTER_INVENTORY.md · route census,PENDING
ROUTE-0135,admin,/admin/integrations,route_screen,/admin,route_tree,PUBLIC,MIGRATE_IN_WP17D,route_element,WP17C_CANONICAL_PAGE,STANDARDIZE,CANONICAL_ENTRY,STANDARDIZE_FOUNDATION,ALIGN_TO_WP17B_TERMINOLOGY,ADD_CONTEXTUAL_HELP_WHERE_REQUIRED,TOKENIZE_ONLY,DEFERRED_TO_WP17D,PortalShell + tokens + navigation canon,DEFERRED_TO_17D,app/routing/AppRoutes.jsx,WP17B_PLATFORM_MASTER_INVENTORY.md · route census,PENDING
ROUTE-0136,admin,/admin/dispatch,route_screen,/admin,route_tree,PUBLIC,MIGRATE_IN_WP17D,route_element,WP17C_CANONICAL_PAGE,STANDARDIZE,CANONICAL_ENTRY,STANDARDIZE_FOUNDATION,ALIGN_TO_WP17B_TERMINOLOGY,ADD_CONTEXTUAL_HELP_WHERE_REQUIRED,TOKENIZE_ONLY,DEFERRED_TO_WP17D,PortalShell + tokens + navigation canon,DEFERRED_TO_17D,app/routing/AppRoutes.jsx,WP17B_PLATFORM_MASTER_INVENTORY.md · route census,PENDING
ROUTE-0137,admin,/admin/dls/shift-qr,route_screen,/admin/dls,route_tree,PUBLIC,MIGRATE_IN_WP17D,route_element,WP17C_CANONICAL_PAGE,STANDARDIZE,CANONICAL_ENTRY,STANDARDIZE_FOUNDATION,ALIGN_TO_WP17B_TERMINOLOGY,ADD_CONTEXTUAL_HELP_WHERE_REQUIRED,TOKENIZE_ONLY,DEFERRED_TO_WP17D,PortalShell + tokens + navigation canon,DEFERRED_TO_17D,app/routing/AppRoutes.jsx,WP17B_PLATFORM_MASTER_INVENTORY.md · route census,PENDING
ROUTE-0138,admin,/admin/dls/day-1-debrief,route_screen,/admin/dls,route_tree,PUBLIC,MIGRATE_IN_WP17D,route_element,WP17C_CANONICAL_PAGE,STANDARDIZE,CANONICAL_ENTRY,STANDARDIZE_FOUNDATION,ALIGN_TO_WP17B_TERMINOLOGY,ADD_CONTEXTUAL_HELP_WHERE_REQUIRED,TOKENIZE_ONLY,DEFERRED_TO_WP17D,PortalShell + tokens + navigation canon,DEFERRED_TO_17D,app/routing/AppRoutes.jsx,WP17B_PLATFORM_MASTER_INVENTORY.md · route census,PENDING
ROUTE-0139,admin,/admin/dls/week-1-debrief,route_screen,/admin/dls,route_tree,PUBLIC,MIGRATE_IN_WP17D,route_element,WP17C_CANONICAL_PAGE,STANDARDIZE,CANONICAL_ENTRY,STANDARDIZE_FOUNDATION,ALIGN_TO_WP17B_TERMINOLOGY,ADD_CONTEXTUAL_HELP_WHERE_REQUIRED,TOKENIZE_ONLY,DEFERRED_TO_WP17D,PortalShell + tokens + navigation canon,DEFERRED_TO_17D,app/routing/AppRoutes.jsx,WP17B_PLATFORM_MASTER_INVENTORY.md · route census,PENDING
ROUTE-0140,admin,/admin/profile,route_screen,/admin,route_tree,PUBLIC,MIGRATE_IN_WP17D,route_element,WP17C_CANONICAL_PAGE,STANDARDIZE,CANONICAL_ENTRY,STANDARDIZE_FOUNDATION,ALIGN_TO_WP17B_TERMINOLOGY,ADD_CONTEXTUAL_HELP_WHERE_REQUIRED,TOKENIZE_ONLY,DEFERRED_TO_WP17D,PortalShell + tokens + navigation canon,DEFERRED_TO_17D,app/routing/AppRoutes.jsx,WP17B_PLATFORM_MASTER_INVENTORY.md · route census,PENDING
ROUTE-0141,admin,/admin/operations-events,route_screen,/admin,route_tree,PUBLIC,MIGRATE_IN_WP17D,route_element,WP17C_CANONICAL_PAGE,STANDARDIZE,CANONICAL_ENTRY,STANDARDIZE_FOUNDATION,ALIGN_TO_WP17B_TERMINOLOGY,ADD_CONTEXTUAL_HELP_WHERE_REQUIRED,TOKENIZE_ONLY,DEFERRED_TO_WP17D,PortalShell + tokens + navigation canon,DEFERRED_TO_17D,app/routing/AppRoutes.jsx,WP17B_PLATFORM_MASTER_INVENTORY.md · route census,PENDING
ROUTE-0142,admin,/admin/digest-config,route_screen,/admin,route_tree,PUBLIC,MIGRATE_IN_WP17D,route_element,WP17C_CANONICAL_PAGE,STANDARDIZE,CANONICAL_ENTRY,STANDARDIZE_FOUNDATION,ALIGN_TO_WP17B_TERMINOLOGY,ADD_CONTEXTUAL_HELP_WHERE_REQUIRED,TOKENIZE_ONLY,DEFERRED_TO_WP17D,PortalShell + tokens + navigation canon,DEFERRED_TO_17D,app/routing/AppRoutes.jsx,WP17B_PLATFORM_MASTER_INVENTORY.md · route census,PENDING
ROUTE-0143,admin,/admin/operational-intelligence,route_screen,/admin,route_tree,PUBLIC,MIGRATE_IN_WP17D,route_element,WP17C_CANONICAL_PAGE,STANDARDIZE,CANONICAL_ENTRY,STANDARDIZE_FOUNDATION,ALIGN_TO_WP17B_TERMINOLOGY,ADD_CONTEXTUAL_HELP_WHERE_REQUIRED,TOKENIZE_ONLY,DEFERRED_TO_WP17D,PortalShell + tokens + navigation canon,DEFERRED_TO_17D,app/routing/AppRoutes.jsx,WP17B_PLATFORM_MASTER_INVENTORY.md · route census,PENDING
ROUTE-0144,admin,/admin/operational-intelligence/recipients,route_screen,/admin/operational-intelligence,route_tree,PUBLIC,MIGRATE_IN_WP17D,route_element,WP17C_CANONICAL_PAGE,STANDARDIZE,CANONICAL_ENTRY,STANDARDIZE_FOUNDATION,ALIGN_TO_WP17B_TERMINOLOGY,ADD_CONTEXTUAL_HELP_WHERE_REQUIRED,TOKENIZE_ONLY,DEFERRED_TO_WP17D,PortalShell + tokens + navigation canon,DEFERRED_TO_17D,app/routing/AppRoutes.jsx,WP17B_PLATFORM_MASTER_INVENTORY.md · route census,PENDING
ROUTE-0145,admin,/admin/system-health,route_screen,/admin,route_tree,PUBLIC,MIGRATE_IN_WP17D,route_element,WP17C_CANONICAL_PAGE,STANDARDIZE,CANONICAL_ENTRY,STANDARDIZE_FOUNDATION,ALIGN_TO_WP17B_TERMINOLOGY,ADD_CONTEXTUAL_HELP_WHERE_REQUIRED,TOKENIZE_ONLY,DEFERRED_TO_WP17D,PortalShell + tokens + navigation canon,DEFERRED_TO_17D,app/routing/AppRoutes.jsx,WP17B_PLATFORM_MASTER_INVENTORY.md · route census,PENDING
ROUTE-0146,admin,/admin/audit-log,route_screen,/admin,route_tree,PUBLIC,MIGRATE_IN_WP17D,route_element,WP17C_CANONICAL_PAGE,STANDARDIZE,CANONICAL_ENTRY,STANDARDIZE_FOUNDATION,ALIGN_TO_WP17B_TERMINOLOGY,ADD_CONTEXTUAL_HELP_WHERE_REQUIRED,TOKENIZE_ONLY,DEFERRED_TO_WP17D,PortalShell + tokens + navigation canon,DEFERRED_TO_17D,app/routing/AppRoutes.jsx,WP17B_PLATFORM_MASTER_INVENTORY.md · route census,PENDING
ROUTE-0147,admin,/admin/scheduler-runs,route_screen,/admin,route_tree,PUBLIC,MIGRATE_IN_WP17D,route_element,WP17C_CANONICAL_PAGE,STANDARDIZE,CANONICAL_ENTRY,STANDARDIZE_FOUNDATION,ALIGN_TO_WP17B_TERMINOLOGY,ADD_CONTEXTUAL_HELP_WHERE_REQUIRED,TOKENIZE_ONLY,DEFERRED_TO_WP17D,PortalShell + tokens + navigation canon,DEFERRED_TO_17D,app/routing/AppRoutes.jsx,WP17B_PLATFORM_MASTER_INVENTORY.md · route census,PENDING
ROUTE-0148,admin,/admin/legacy-imports,route_screen,/admin,route_tree,PUBLIC,MIGRATE_IN_WP17D,route_element,WP17C_CANONICAL_PAGE,STANDARDIZE,CANONICAL_ENTRY,STANDARDIZE_FOUNDATION,ALIGN_TO_WP17B_TERMINOLOGY,ADD_CONTEXTUAL_HELP_WHERE_REQUIRED,TOKENIZE_ONLY,DEFERRED_TO_WP17D,PortalShell + tokens + navigation canon,DEFERRED_TO_17D,app/routing/AppRoutes.jsx,WP17B_PLATFORM_MASTER_INVENTORY.md · route census,PENDING
ROUTE-0149,admin,/admin/sessions,route_screen,/admin,route_tree,PUBLIC,MIGRATE_IN_WP17D,route_element,WP17C_CANONICAL_PAGE,STANDARDIZE,CANONICAL_ENTRY,STANDARDIZE_FOUNDATION,ALIGN_TO_WP17B_TERMINOLOGY,ADD_CONTEXTUAL_HELP_WHERE_REQUIRED,TOKENIZE_ONLY,DEFERRED_TO_WP17D,PortalShell + tokens + navigation canon,DEFERRED_TO_17D,app/routing/AppRoutes.jsx,WP17B_PLATFORM_MASTER_INVENTORY.md · route census,PENDING
ROUTE-0150,admin,/admin/guidance-coverage,route_screen,/admin,route_tree,PUBLIC,MIGRATE_IN_WP17D,route_element,WP17C_CANONICAL_PAGE,STANDARDIZE,CANONICAL_ENTRY,STANDARDIZE_FOUNDATION,ALIGN_TO_WP17B_TERMINOLOGY,ADD_CONTEXTUAL_HELP_WHERE_REQUIRED,TOKENIZE_ONLY,DEFERRED_TO_WP17D,PortalShell + tokens + navigation canon,DEFERRED_TO_17D,app/routing/AppRoutes.jsx,WP17B_PLATFORM_MASTER_INVENTORY.md · route census,PENDING
ROUTE-0151,admin,/admin/operational-inventory,route_screen,/admin,route_tree,PUBLIC,REPRESENTATIVE_IMPLEMENTATION,route_element,WP17C_CANONICAL_PAGE,KEEP,CANONICAL_ENTRY,REPRESENTATIVE_IMPLEMENTATION,ALIGN_TO_WP17B_TERMINOLOGY,ADD_CONTEXTUAL_HELP_WHERE_REQUIRED,TOKENIZE_ONLY,CERTIFY_IN_REPRESENTATIVE_SET,PortalShell + tokens + navigation canon,READY,app/routing/AppRoutes.jsx,WP17B_PLATFORM_MASTER_INVENTORY.md · route census,PENDING
ROUTE-0152,public_shared,/notifications,route_screen,/,route_tree,PUBLIC,MIGRATE_IN_WP17D,NotificationsDigest,WP17C_CANONICAL_PAGE,STANDARDIZE,CANONICAL_ENTRY,STANDARDIZE_FOUNDATION,ALIGN_TO_WP17B_TERMINOLOGY,ADD_CONTEXTUAL_HELP_WHERE_REQUIRED,TOKENIZE_ONLY,DEFERRED_TO_WP17D,PortalShell + tokens + navigation canon,DEFERRED_TO_17D,app/routing/AppRoutes.jsx,WP17B_PLATFORM_MASTER_INVENTORY.md · route census,PENDING
ROUTE-0153,admin,/admin/governance,route_screen,/admin,route_tree,PUBLIC,MIGRATE_IN_WP17D,route_element,WP17C_CANONICAL_PAGE,STANDARDIZE,CANONICAL_ENTRY,STANDARDIZE_FOUNDATION,ALIGN_TO_WP17B_TERMINOLOGY,ADD_CONTEXTUAL_HELP_WHERE_REQUIRED,TOKENIZE_ONLY,DEFERRED_TO_WP17D,PortalShell + tokens + navigation canon,DEFERRED_TO_17D,app/routing/AppRoutes.jsx,WP17B_PLATFORM_MASTER_INVENTORY.md · route census,PENDING
ROUTE-0154,admin,/admin/governance/overview,route_screen,/admin/governance,route_tree,PUBLIC,MIGRATE_IN_WP17D,route_element,WP17C_CANONICAL_PAGE,STANDARDIZE,CANONICAL_ENTRY,STANDARDIZE_FOUNDATION,ALIGN_TO_WP17B_TERMINOLOGY,ADD_CONTEXTUAL_HELP_WHERE_REQUIRED,TOKENIZE_ONLY,DEFERRED_TO_WP17D,PortalShell + tokens + navigation canon,DEFERRED_TO_17D,app/routing/AppRoutes.jsx,WP17B_PLATFORM_MASTER_INVENTORY.md · route census,PENDING
ROUTE-0155,admin,/admin/governance/organization,route_screen,/admin/governance,route_tree,PUBLIC,MIGRATE_IN_WP17D,route_element,WP17C_CANONICAL_PAGE,STANDARDIZE,CANONICAL_ENTRY,STANDARDIZE_FOUNDATION,ALIGN_TO_WP17B_TERMINOLOGY,ADD_CONTEXTUAL_HELP_WHERE_REQUIRED,TOKENIZE_ONLY,DEFERRED_TO_WP17D,PortalShell + tokens + navigation canon,DEFERRED_TO_17D,app/routing/AppRoutes.jsx,WP17B_PLATFORM_MASTER_INVENTORY.md · route census,PENDING
ROUTE-0156,admin,/admin/governance/identities,route_screen,/admin/governance,route_tree,PUBLIC,MIGRATE_IN_WP17D,route_element,WP17C_CANONICAL_PAGE,STANDARDIZE,CANONICAL_ENTRY,STANDARDIZE_FOUNDATION,ALIGN_TO_WP17B_TERMINOLOGY,ADD_CONTEXTUAL_HELP_WHERE_REQUIRED,TOKENIZE_ONLY,DEFERRED_TO_WP17D,PortalShell + tokens + navigation canon,DEFERRED_TO_17D,app/routing/AppRoutes.jsx,WP17B_PLATFORM_MASTER_INVENTORY.md · route census,PENDING
ROUTE-0157,admin,/admin/governance/roles,route_screen,/admin/governance,route_tree,PUBLIC,MIGRATE_IN_WP17D,route_element,WP17C_CANONICAL_PAGE,STANDARDIZE,CANONICAL_ENTRY,STANDARDIZE_FOUNDATION,ALIGN_TO_WP17B_TERMINOLOGY,ADD_CONTEXTUAL_HELP_WHERE_REQUIRED,TOKENIZE_ONLY,DEFERRED_TO_WP17D,PortalShell + tokens + navigation canon,DEFERRED_TO_17D,app/routing/AppRoutes.jsx,WP17B_PLATFORM_MASTER_INVENTORY.md · route census,PENDING
ROUTE-0158,admin,/admin/governance/permissions,route_screen,/admin/governance,route_tree,PUBLIC,MIGRATE_IN_WP17D,route_element,WP17C_CANONICAL_PAGE,STANDARDIZE,CANONICAL_ENTRY,STANDARDIZE_FOUNDATION,ALIGN_TO_WP17B_TERMINOLOGY,ADD_CONTEXTUAL_HELP_WHERE_REQUIRED,TOKENIZE_ONLY,DEFERRED_TO_WP17D,PortalShell + tokens + navigation canon,DEFERRED_TO_17D,app/routing/AppRoutes.jsx,WP17B_PLATFORM_MASTER_INVENTORY.md · route census,PENDING
ROUTE-0159,admin,/admin/governance/policies,route_screen,/admin/governance,route_tree,PUBLIC,MIGRATE_IN_WP17D,route_element,WP17C_CANONICAL_PAGE,STANDARDIZE,CANONICAL_ENTRY,STANDARDIZE_FOUNDATION,ALIGN_TO_WP17B_TERMINOLOGY,ADD_CONTEXTUAL_HELP_WHERE_REQUIRED,TOKENIZE_ONLY,DEFERRED_TO_WP17D,PortalShell + tokens + navigation canon,DEFERRED_TO_17D,app/routing/AppRoutes.jsx,WP17B_PLATFORM_MASTER_INVENTORY.md · route census,PENDING
ROUTE-0160,admin,/admin/governance/approval-flows,route_screen,/admin/governance,route_tree,PUBLIC,MIGRATE_IN_WP17D,route_element,WP17C_CANONICAL_PAGE,STANDARDIZE,CANONICAL_ENTRY,STANDARDIZE_FOUNDATION,ALIGN_TO_WP17B_TERMINOLOGY,ADD_CONTEXTUAL_HELP_WHERE_REQUIRED,TOKENIZE_ONLY,DEFERRED_TO_WP17D,PortalShell + tokens + navigation canon,DEFERRED_TO_17D,app/routing/AppRoutes.jsx,WP17B_PLATFORM_MASTER_INVENTORY.md · route census,PENDING
ROUTE-0161,admin,/admin/governance/delegations,route_screen,/admin/governance,route_tree,PUBLIC,MIGRATE_IN_WP17D,route_element,WP17C_CANONICAL_PAGE,STANDARDIZE,CANONICAL_ENTRY,STANDARDIZE_FOUNDATION,ALIGN_TO_WP17B_TERMINOLOGY,ADD_CONTEXTUAL_HELP_WHERE_REQUIRED,TOKENIZE_ONLY,DEFERRED_TO_WP17D,PortalShell + tokens + navigation canon,DEFERRED_TO_17D,app/routing/AppRoutes.jsx,WP17B_PLATFORM_MASTER_INVENTORY.md · route census,PENDING
ROUTE-0162,admin,/admin/governance/separation-of-duties,route_screen,/admin/governance,route_tree,PUBLIC,MIGRATE_IN_WP17D,route_element,WP17C_CANONICAL_PAGE,STANDARDIZE,CANONICAL_ENTRY,STANDARDIZE_FOUNDATION,ALIGN_TO_WP17B_TERMINOLOGY,ADD_CONTEXTUAL_HELP_WHERE_REQUIRED,TOKENIZE_ONLY,DEFERRED_TO_WP17D,PortalShell + tokens + navigation canon,DEFERRED_TO_17D,app/routing/AppRoutes.jsx,WP17B_PLATFORM_MASTER_INVENTORY.md · route census,PENDING
ROUTE-0163,admin,/admin/governance/authority,route_screen,/admin/governance,route_tree,PUBLIC,MIGRATE_IN_WP17D,route_element,WP17C_CANONICAL_PAGE,STANDARDIZE,CANONICAL_ENTRY,STANDARDIZE_FOUNDATION,ALIGN_TO_WP17B_TERMINOLOGY,ADD_CONTEXTUAL_HELP_WHERE_REQUIRED,TOKENIZE_ONLY,DEFERRED_TO_WP17D,PortalShell + tokens + navigation canon,DEFERRED_TO_17D,app/routing/AppRoutes.jsx,WP17B_PLATFORM_MASTER_INVENTORY.md · route census,PENDING
ROUTE-0164,admin,/admin/governance/emergency-overrides,route_screen,/admin/governance,route_tree,PUBLIC,MIGRATE_IN_WP17D,route_element,WP17C_CANONICAL_PAGE,STANDARDIZE,CANONICAL_ENTRY,STANDARDIZE_FOUNDATION,ALIGN_TO_WP17B_TERMINOLOGY,ADD_CONTEXTUAL_HELP_WHERE_REQUIRED,TOKENIZE_ONLY,DEFERRED_TO_WP17D,PortalShell + tokens + navigation canon,DEFERRED_TO_17D,app/routing/AppRoutes.jsx,WP17B_PLATFORM_MASTER_INVENTORY.md · route census,PENDING
ROUTE-0165,admin,/admin/governance/decisions,route_screen,/admin/governance,route_tree,PUBLIC,MIGRATE_IN_WP17D,route_element,WP17C_CANONICAL_PAGE,STANDARDIZE,CANONICAL_ENTRY,STANDARDIZE_FOUNDATION,ALIGN_TO_WP17B_TERMINOLOGY,ADD_CONTEXTUAL_HELP_WHERE_REQUIRED,TOKENIZE_ONLY,DEFERRED_TO_WP17D,PortalShell + tokens + navigation canon,DEFERRED_TO_17D,app/routing/AppRoutes.jsx,WP17B_PLATFORM_MASTER_INVENTORY.md · route census,PENDING
ROUTE-0166,admin,/admin/governance/audit,route_screen,/admin/governance,route_tree,PUBLIC,MIGRATE_IN_WP17D,route_element,WP17C_CANONICAL_PAGE,STANDARDIZE,CANONICAL_ENTRY,STANDARDIZE_FOUNDATION,ALIGN_TO_WP17B_TERMINOLOGY,ADD_CONTEXTUAL_HELP_WHERE_REQUIRED,TOKENIZE_ONLY,DEFERRED_TO_WP17D,PortalShell + tokens + navigation canon,DEFERRED_TO_17D,app/routing/AppRoutes.jsx,WP17B_PLATFORM_MASTER_INVENTORY.md · route census,PENDING
ROUTE-0167,admin,/admin/governance/registry,route_screen,/admin/governance,route_tree,PUBLIC,MIGRATE_IN_WP17D,route_element,WP17C_CANONICAL_PAGE,STANDARDIZE,CANONICAL_ENTRY,STANDARDIZE_FOUNDATION,ALIGN_TO_WP17B_TERMINOLOGY,ADD_CONTEXTUAL_HELP_WHERE_REQUIRED,TOKENIZE_ONLY,DEFERRED_TO_WP17D,PortalShell + tokens + navigation canon,DEFERRED_TO_17D,app/routing/AppRoutes.jsx,WP17B_PLATFORM_MASTER_INVENTORY.md · route census,PENDING
ROUTE-0168,admin,/admin/governance/versions,route_screen,/admin/governance,route_tree,PUBLIC,MIGRATE_IN_WP17D,route_element,WP17C_CANONICAL_PAGE,STANDARDIZE,CANONICAL_ENTRY,STANDARDIZE_FOUNDATION,ALIGN_TO_WP17B_TERMINOLOGY,ADD_CONTEXTUAL_HELP_WHERE_REQUIRED,TOKENIZE_ONLY,DEFERRED_TO_WP17D,PortalShell + tokens + navigation canon,DEFERRED_TO_17D,app/routing/AppRoutes.jsx,WP17B_PLATFORM_MASTER_INVENTORY.md · route census,PENDING
ROUTE-0169,admin,/admin/governance/health,route_screen,/admin/governance,route_tree,PUBLIC,MIGRATE_IN_WP17D,route_element,WP17C_CANONICAL_PAGE,STANDARDIZE,CANONICAL_ENTRY,STANDARDIZE_FOUNDATION,ALIGN_TO_WP17B_TERMINOLOGY,ADD_CONTEXTUAL_HELP_WHERE_REQUIRED,TOKENIZE_ONLY,DEFERRED_TO_WP17D,PortalShell + tokens + navigation canon,DEFERRED_TO_17D,app/routing/AppRoutes.jsx,WP17B_PLATFORM_MASTER_INVENTORY.md · route census,PENDING
ROUTE-0170,admin,/admin/governance/legacy-health,route_screen,/admin/governance,route_tree,PUBLIC,MIGRATE_IN_WP17D,route_element,WP17C_CANONICAL_PAGE,STANDARDIZE,CANONICAL_ENTRY,STANDARDIZE_FOUNDATION,ALIGN_TO_WP17B_TERMINOLOGY,ADD_CONTEXTUAL_HELP_WHERE_REQUIRED,TOKENIZE_ONLY,DEFERRED_TO_WP17D,PortalShell + tokens + navigation canon,DEFERRED_TO_17D,app/routing/AppRoutes.jsx,WP17B_PLATFORM_MASTER_INVENTORY.md · route census,PENDING
ROUTE-0171,admin,/admin/project-identity,route_screen,/admin,route_tree,PUBLIC,MIGRATE_IN_WP17D,route_element,WP17C_CANONICAL_PAGE,STANDARDIZE,CANONICAL_ENTRY,STANDARDIZE_FOUNDATION,ALIGN_TO_WP17B_TERMINOLOGY,ADD_CONTEXTUAL_HELP_WHERE_REQUIRED,TOKENIZE_ONLY,DEFERRED_TO_WP17D,PortalShell + tokens + navigation canon,DEFERRED_TO_17D,app/routing/AppRoutes.jsx,WP17B_PLATFORM_MASTER_INVENTORY.md · route census,PENDING
ROUTE-0172,admin,/admin/governance/self-protection,route_screen,/admin/governance,route_tree,PUBLIC,MIGRATE_IN_WP17D,route_element,WP17C_CANONICAL_PAGE,STANDARDIZE,CANONICAL_ENTRY,STANDARDIZE_FOUNDATION,ALIGN_TO_WP17B_TERMINOLOGY,ADD_CONTEXTUAL_HELP_WHERE_REQUIRED,TOKENIZE_ONLY,DEFERRED_TO_WP17D,PortalShell + tokens + navigation canon,DEFERRED_TO_17D,app/routing/AppRoutes.jsx,WP17B_PLATFORM_MASTER_INVENTORY.md · route census,PENDING
ROUTE-0173,admin,/admin/compliance-findings,route_screen,/admin,route_tree,PUBLIC,MIGRATE_IN_WP17D,route_element,WP17C_CANONICAL_PAGE,STANDARDIZE,CANONICAL_ENTRY,STANDARDIZE_FOUNDATION,ALIGN_TO_WP17B_TERMINOLOGY,ADD_CONTEXTUAL_HELP_WHERE_REQUIRED,TOKENIZE_ONLY,DEFERRED_TO_WP17D,PortalShell + tokens + navigation canon,DEFERRED_TO_17D,app/routing/AppRoutes.jsx,WP17B_PLATFORM_MASTER_INVENTORY.md · route census,PENDING
ROUTE-0174,admin,/admin/operational-language,route_screen,/admin,route_tree,PUBLIC,MIGRATE_IN_WP17D,route_element,WP17C_CANONICAL_PAGE,STANDARDIZE,CANONICAL_ENTRY,STANDARDIZE_FOUNDATION,ALIGN_TO_WP17B_TERMINOLOGY,ADD_CONTEXTUAL_HELP_WHERE_REQUIRED,TOKENIZE_ONLY,DEFERRED_TO_WP17D,PortalShell + tokens + navigation canon,DEFERRED_TO_17D,app/routing/AppRoutes.jsx,WP17B_PLATFORM_MASTER_INVENTORY.md · route census,PENDING
ROUTE-0175,training_guidance,/guidance,route_screen,/,route_tree,PUBLIC,MIGRATE_IN_WP17D,OperationalGuidanceCenter,WP17C_CANONICAL_PAGE,STANDARDIZE,CANONICAL_ENTRY,STANDARDIZE_FOUNDATION,ALIGN_TO_WP17B_TERMINOLOGY,ADD_CONTEXTUAL_HELP_WHERE_REQUIRED,TOKENIZE_ONLY,DEFERRED_TO_WP17D,PortalShell + tokens + navigation canon,DEFERRED_TO_17D,app/routing/AppRoutes.jsx,WP17B_PLATFORM_MASTER_INVENTORY.md · route census,PENDING
ROUTE-0176,training_guidance,/guidance/section/:sectionId,detail_route,/guidance/section,route_tree,DETAIL,KEEP_HIDDEN_DETAIL,OperationalGuidanceCenter,WP17C_CANONICAL_DETAIL_PAGE,STANDARDIZE,SEARCH_ONLY,STANDARDIZE_FOUNDATION,ALIGN_TO_WP17B_TERMINOLOGY,ADD_CONTEXTUAL_HELP_WHERE_REQUIRED,TOKENIZE_ONLY,DEFERRED_TO_WP17D,PortalShell + tokens + navigation canon,DEFERRED_TO_17D,app/routing/AppRoutes.jsx,WP17B_PLATFORM_MASTER_INVENTORY.md · route census,PENDING
ROUTE-0177,training_guidance,/guidance/:articleId,detail_route,/guidance,route_tree,DETAIL,KEEP_HIDDEN_DETAIL,OperationalGuidanceCenter,WP17C_CANONICAL_DETAIL_PAGE,STANDARDIZE,SEARCH_ONLY,STANDARDIZE_FOUNDATION,ALIGN_TO_WP17B_TERMINOLOGY,ADD_CONTEXTUAL_HELP_WHERE_REQUIRED,TOKENIZE_ONLY,DEFERRED_TO_WP17D,PortalShell + tokens + navigation canon,DEFERRED_TO_17D,app/routing/AppRoutes.jsx,WP17B_PLATFORM_MASTER_INVENTORY.md · route census,PENDING
ROUTE-0178,admin,/admin/deploy-recovery,route_screen,/admin,route_tree,PUBLIC,MIGRATE_IN_WP17D,route_element,WP17C_CANONICAL_PAGE,STANDARDIZE,CANONICAL_ENTRY,STANDARDIZE_FOUNDATION,ALIGN_TO_WP17B_TERMINOLOGY,ADD_CONTEXTUAL_HELP_WHERE_REQUIRED,TOKENIZE_ONLY,DEFERRED_TO_WP17D,PortalShell + tokens + navigation canon,DEFERRED_TO_17D,app/routing/AppRoutes.jsx,WP17B_PLATFORM_MASTER_INVENTORY.md · route census,PENDING
ROUTE-0179,admin,/admin/assets/:assetId,detail_route,/admin/assets,route_tree,DETAIL,REPRESENTATIVE_IMPLEMENTATION,route_element,WP17C_CANONICAL_DETAIL_PAGE,KEEP,SEARCH_ONLY,REPRESENTATIVE_IMPLEMENTATION,ALIGN_TO_WP17B_TERMINOLOGY,ADD_CONTEXTUAL_HELP_WHERE_REQUIRED,TOKENIZE_ONLY,CERTIFY_IN_REPRESENTATIVE_SET,PortalShell + tokens + navigation canon,READY,app/routing/AppRoutes.jsx,WP17B_PLATFORM_MASTER_INVENTORY.md · route census,PENDING
ROUTE-0180,admin,/admin/asset-admin,route_screen,/admin,route_tree,PUBLIC,MIGRATE_IN_WP17D,route_element,WP17C_CANONICAL_PAGE,STANDARDIZE,CANONICAL_ENTRY,STANDARDIZE_FOUNDATION,ALIGN_TO_WP17B_TERMINOLOGY,ADD_CONTEXTUAL_HELP_WHERE_REQUIRED,TOKENIZE_ONLY,DEFERRED_TO_WP17D,PortalShell + tokens + navigation canon,DEFERRED_TO_17D,app/routing/AppRoutes.jsx,WP17B_PLATFORM_MASTER_INVENTORY.md · route census,PENDING
ROUTE-0181,admin,/admin/driver-intel/:driverKey,detail_route,/admin/driver-intel,route_tree,DETAIL,KEEP_HIDDEN_DETAIL,route_element,WP17C_CANONICAL_DETAIL_PAGE,STANDARDIZE,SEARCH_ONLY,STANDARDIZE_FOUNDATION,ALIGN_TO_WP17B_TERMINOLOGY,ADD_CONTEXTUAL_HELP_WHERE_REQUIRED,TOKENIZE_ONLY,DEFERRED_TO_WP17D,PortalShell + tokens + navigation canon,DEFERRED_TO_17D,app/routing/AppRoutes.jsx,WP17B_PLATFORM_MASTER_INVENTORY.md · route census,PENDING
ROUTE-0182,admin,/admin/equipment/:id/history,detail_route,/admin/equipment/:id,route_tree,DETAIL,KEEP_HIDDEN_DETAIL,route_element,WP17C_CANONICAL_DETAIL_PAGE,STANDARDIZE,SEARCH_ONLY,STANDARDIZE_FOUNDATION,ALIGN_TO_WP17B_TERMINOLOGY,ADD_CONTEXTUAL_HELP_WHERE_REQUIRED,TOKENIZE_ONLY,DEFERRED_TO_WP17D,PortalShell + tokens + navigation canon,DEFERRED_TO_17D,app/routing/AppRoutes.jsx,WP17B_PLATFORM_MASTER_INVENTORY.md · route census,PENDING
ROUTE-0183,admin,/admin/employees/:id/history,detail_route,/admin/employees/:id,route_tree,DETAIL,KEEP_HIDDEN_DETAIL,route_element,WP17C_CANONICAL_DETAIL_PAGE,STANDARDIZE,SEARCH_ONLY,STANDARDIZE_FOUNDATION,ALIGN_TO_WP17B_TERMINOLOGY,ADD_CONTEXTUAL_HELP_WHERE_REQUIRED,TOKENIZE_ONLY,DEFERRED_TO_WP17D,PortalShell + tokens + navigation canon,DEFERRED_TO_17D,app/routing/AppRoutes.jsx,WP17B_PLATFORM_MASTER_INVENTORY.md · route census,PENDING
ROUTE-0184,admin,/admin/analytics,route_screen,/admin,route_tree,PUBLIC,MIGRATE_IN_WP17D,route_element,WP17C_CANONICAL_PAGE,STANDARDIZE,CANONICAL_ENTRY,STANDARDIZE_FOUNDATION,ALIGN_TO_WP17B_TERMINOLOGY,ADD_CONTEXTUAL_HELP_WHERE_REQUIRED,TOKENIZE_ONLY,DEFERRED_TO_WP17D,PortalShell + tokens + navigation canon,DEFERRED_TO_17D,app/routing/AppRoutes.jsx,WP17B_PLATFORM_MASTER_INVENTORY.md · route census,PENDING
ROUTE-0185,admin,/admin/leadership-equipment,route_screen,/admin,route_tree,PUBLIC,MIGRATE_IN_WP17D,route_element,WP17C_CANONICAL_PAGE,STANDARDIZE,CANONICAL_ENTRY,STANDARDIZE_FOUNDATION,ALIGN_TO_WP17B_TERMINOLOGY,ADD_CONTEXTUAL_HELP_WHERE_REQUIRED,TOKENIZE_ONLY,DEFERRED_TO_WP17D,PortalShell + tokens + navigation canon,DEFERRED_TO_17D,app/routing/AppRoutes.jsx,WP17B_PLATFORM_MASTER_INVENTORY.md · route census,PENDING
ROUTE-0186,admin,/admin/terminations,route_screen,/admin,route_tree,PUBLIC,MIGRATE_IN_WP17D,route_element,WP17C_CANONICAL_PAGE,STANDARDIZE,CANONICAL_ENTRY,STANDARDIZE_FOUNDATION,ALIGN_TO_WP17B_TERMINOLOGY,ADD_CONTEXTUAL_HELP_WHERE_REQUIRED,TOKENIZE_ONLY,DEFERRED_TO_WP17D,PortalShell + tokens + navigation canon,DEFERRED_TO_17D,app/routing/AppRoutes.jsx,WP17B_PLATFORM_MASTER_INVENTORY.md · route census,PENDING
ROUTE-0187,admin,/admin/guide,route_screen,/admin,route_tree,PUBLIC,MIGRATE_IN_WP17D,route_element,WP17C_CANONICAL_PAGE,STANDARDIZE,CANONICAL_ENTRY,STANDARDIZE_FOUNDATION,ALIGN_TO_WP17B_TERMINOLOGY,ADD_CONTEXTUAL_HELP_WHERE_REQUIRED,TOKENIZE_ONLY,DEFERRED_TO_WP17D,PortalShell + tokens + navigation canon,DEFERRED_TO_17D,app/routing/AppRoutes.jsx,WP17B_PLATFORM_MASTER_INVENTORY.md · route census,PENDING
ROUTE-0188,admin,/admin/pnl,route_screen,/admin,route_tree,PUBLIC,MIGRATE_IN_WP17D,route_element,WP17C_CANONICAL_PAGE,STANDARDIZE,CANONICAL_ENTRY,STANDARDIZE_FOUNDATION,ALIGN_TO_WP17B_TERMINOLOGY,ADD_CONTEXTUAL_HELP_WHERE_REQUIRED,TOKENIZE_ONLY,DEFERRED_TO_WP17D,PortalShell + tokens + navigation canon,DEFERRED_TO_17D,app/routing/AppRoutes.jsx,WP17B_PLATFORM_MASTER_INVENTORY.md · route census,PENDING
ROUTE-0189,admin,/admin/inspections,route_screen,/admin,route_tree,PUBLIC,MIGRATE_IN_WP17D,route_element,WP17C_CANONICAL_PAGE,STANDARDIZE,CANONICAL_ENTRY,STANDARDIZE_FOUNDATION,ALIGN_TO_WP17B_TERMINOLOGY,ADD_CONTEXTUAL_HELP_WHERE_REQUIRED,TOKENIZE_ONLY,DEFERRED_TO_WP17D,PortalShell + tokens + navigation canon,DEFERRED_TO_17D,app/routing/AppRoutes.jsx,WP17B_PLATFORM_MASTER_INVENTORY.md · route census,PENDING
ROUTE-0190,admin,/admin/inspections/:id,detail_route,/admin/inspections,route_tree,DETAIL,KEEP_HIDDEN_DETAIL,route_element,WP17C_CANONICAL_DETAIL_PAGE,STANDARDIZE,SEARCH_ONLY,STANDARDIZE_FOUNDATION,ALIGN_TO_WP17B_TERMINOLOGY,ADD_CONTEXTUAL_HELP_WHERE_REQUIRED,TOKENIZE_ONLY,DEFERRED_TO_WP17D,PortalShell + tokens + navigation canon,DEFERRED_TO_17D,app/routing/AppRoutes.jsx,WP17B_PLATFORM_MASTER_INVENTORY.md · route census,PENDING
ROUTE-0191,admin,/admin/meetings,route_screen,/admin,route_tree,PUBLIC,MIGRATE_IN_WP17D,route_element,WP17C_CANONICAL_PAGE,STANDARDIZE,CANONICAL_ENTRY,STANDARDIZE_FOUNDATION,ALIGN_TO_WP17B_TERMINOLOGY,ADD_CONTEXTUAL_HELP_WHERE_REQUIRED,TOKENIZE_ONLY,DEFERRED_TO_WP17D,PortalShell + tokens + navigation canon,DEFERRED_TO_17D,app/routing/AppRoutes.jsx,WP17B_PLATFORM_MASTER_INVENTORY.md · route census,PENDING
ROUTE-0192,admin,/admin/meetings/:id,detail_route,/admin/meetings,route_tree,DETAIL,KEEP_HIDDEN_DETAIL,route_element,WP17C_CANONICAL_DETAIL_PAGE,STANDARDIZE,SEARCH_ONLY,STANDARDIZE_FOUNDATION,ALIGN_TO_WP17B_TERMINOLOGY,ADD_CONTEXTUAL_HELP_WHERE_REQUIRED,TOKENIZE_ONLY,DEFERRED_TO_WP17D,PortalShell + tokens + navigation canon,DEFERRED_TO_17D,app/routing/AppRoutes.jsx,WP17B_PLATFORM_MASTER_INVENTORY.md · route census,PENDING
ROUTE-0193,admin,/admin/jha-plans,route_screen,/admin,route_tree,PUBLIC,MIGRATE_IN_WP17D,route_element,WP17C_CANONICAL_PAGE,STANDARDIZE,CANONICAL_ENTRY,STANDARDIZE_FOUNDATION,ALIGN_TO_WP17B_TERMINOLOGY,ADD_CONTEXTUAL_HELP_WHERE_REQUIRED,TOKENIZE_ONLY,DEFERRED_TO_WP17D,PortalShell + tokens + navigation canon,DEFERRED_TO_17D,app/routing/AppRoutes.jsx,WP17B_PLATFORM_MASTER_INVENTORY.md · route census,PENDING
ROUTE-0194,admin,/admin/jha,redirect_route,/admin,route_tree,PUBLIC,CANONICALIZE_REDIRECT,Navigate,WP17C_CANONICAL_PAGE,STANDARDIZE,REDIRECT_ALIAS,STANDARDIZE_FOUNDATION,ALIGN_TO_WP17B_TERMINOLOGY,ADD_CONTEXTUAL_HELP_WHERE_REQUIRED,TOKENIZE_ONLY,DEFERRED_TO_WP17D,PortalShell + tokens + navigation canon,DEFERRED_TO_17D,app/routing/AppRoutes.jsx,WP17B_PLATFORM_MASTER_INVENTORY.md · route census,PENDING
ROUTE-0195,admin,/admin/jha/:id,redirect_route,/admin/jha,route_tree,DETAIL,CANONICALIZE_REDIRECT,Navigate,WP17C_CANONICAL_DETAIL_PAGE,STANDARDIZE,SEARCH_ONLY,STANDARDIZE_FOUNDATION,ALIGN_TO_WP17B_TERMINOLOGY,ADD_CONTEXTUAL_HELP_WHERE_REQUIRED,TOKENIZE_ONLY,DEFERRED_TO_WP17D,PortalShell + tokens + navigation canon,DEFERRED_TO_17D,app/routing/AppRoutes.jsx,WP17B_PLATFORM_MASTER_INVENTORY.md · route census,PENDING
ROUTE-0196,admin,/admin/trench-boxes,route_screen,/admin,route_tree,PUBLIC,MIGRATE_IN_WP17D,route_element,WP17C_CANONICAL_PAGE,STANDARDIZE,CANONICAL_ENTRY,STANDARDIZE_FOUNDATION,ALIGN_TO_WP17B_TERMINOLOGY,ADD_CONTEXTUAL_HELP_WHERE_REQUIRED,TOKENIZE_ONLY,DEFERRED_TO_WP17D,PortalShell + tokens + navigation canon,DEFERRED_TO_17D,app/routing/AppRoutes.jsx,WP17B_PLATFORM_MASTER_INVENTORY.md · route census,PENDING
ROUTE-0197,admin,/admin/trench-boxes/poster,route_screen,/admin/trench-boxes,route_tree,PUBLIC,MIGRATE_IN_WP17D,route_element,WP17C_CANONICAL_PAGE,STANDARDIZE,CANONICAL_ENTRY,STANDARDIZE_FOUNDATION,ALIGN_TO_WP17B_TERMINOLOGY,ADD_CONTEXTUAL_HELP_WHERE_REQUIRED,TOKENIZE_ONLY,DEFERRED_TO_WP17D,PortalShell + tokens + navigation canon,DEFERRED_TO_17D,app/routing/AppRoutes.jsx,WP17B_PLATFORM_MASTER_INVENTORY.md · route census,PENDING
ROUTE-0198,admin,/admin/trench-safety,route_screen,/admin,route_tree,PUBLIC,MIGRATE_IN_WP17D,route_element,WP17C_CANONICAL_PAGE,STANDARDIZE,CANONICAL_ENTRY,STANDARDIZE_FOUNDATION,ALIGN_TO_WP17B_TERMINOLOGY,ADD_CONTEXTUAL_HELP_WHERE_REQUIRED,TOKENIZE_ONLY,DEFERRED_TO_WP17D,PortalShell + tokens + navigation canon,DEFERRED_TO_17D,app/routing/AppRoutes.jsx,WP17B_PLATFORM_MASTER_INVENTORY.md · route census,PENDING
ROUTE-0199,admin,/admin/trench-safety/assets,route_screen,/admin/trench-safety,route_tree,PUBLIC,MIGRATE_IN_WP17D,route_element,WP17C_CANONICAL_PAGE,STANDARDIZE,CANONICAL_ENTRY,STANDARDIZE_FOUNDATION,ALIGN_TO_WP17B_TERMINOLOGY,ADD_CONTEXTUAL_HELP_WHERE_REQUIRED,TOKENIZE_ONLY,DEFERRED_TO_WP17D,PortalShell + tokens + navigation canon,DEFERRED_TO_17D,app/routing/AppRoutes.jsx,WP17B_PLATFORM_MASTER_INVENTORY.md · route census,PENDING
ROUTE-0200,admin,/admin/trench-safety/assets/:assetId,detail_route,/admin/trench-safety/assets,route_tree,DETAIL,KEEP_HIDDEN_DETAIL,route_element,WP17C_CANONICAL_DETAIL_PAGE,STANDARDIZE,SEARCH_ONLY,STANDARDIZE_FOUNDATION,ALIGN_TO_WP17B_TERMINOLOGY,ADD_CONTEXTUAL_HELP_WHERE_REQUIRED,TOKENIZE_ONLY,DEFERRED_TO_WP17D,PortalShell + tokens + navigation canon,DEFERRED_TO_17D,app/routing/AppRoutes.jsx,WP17B_PLATFORM_MASTER_INVENTORY.md · route census,PENDING
ROUTE-0201,admin,/admin/trench-safety/tabulated-data,route_screen,/admin/trench-safety,route_tree,PUBLIC,MIGRATE_IN_WP17D,route_element,WP17C_CANONICAL_PAGE,STANDARDIZE,CANONICAL_ENTRY,STANDARDIZE_FOUNDATION,ALIGN_TO_WP17B_TERMINOLOGY,ADD_CONTEXTUAL_HELP_WHERE_REQUIRED,TOKENIZE_ONLY,DEFERRED_TO_WP17D,PortalShell + tokens + navigation canon,DEFERRED_TO_17D,app/routing/AppRoutes.jsx,WP17B_PLATFORM_MASTER_INVENTORY.md · route census,PENDING
ROUTE-0202,admin,/admin/trench-safety/reports,route_screen,/admin/trench-safety,route_tree,PUBLIC,MIGRATE_IN_WP17D,route_element,WP17C_CANONICAL_PAGE,STANDARDIZE,CANONICAL_ENTRY,STANDARDIZE_FOUNDATION,ALIGN_TO_WP17B_TERMINOLOGY,ADD_CONTEXTUAL_HELP_WHERE_REQUIRED,TOKENIZE_ONLY,DEFERRED_TO_WP17D,PortalShell + tokens + navigation canon,DEFERRED_TO_17D,app/routing/AppRoutes.jsx,WP17B_PLATFORM_MASTER_INVENTORY.md · route census,PENDING
ROUTE-0203,admin,/admin/trench-safety/repair-review,route_screen,/admin/trench-safety,route_tree,PUBLIC,MIGRATE_IN_WP17D,route_element,WP17C_CANONICAL_PAGE,STANDARDIZE,CANONICAL_ENTRY,STANDARDIZE_FOUNDATION,ALIGN_TO_WP17B_TERMINOLOGY,ADD_CONTEXTUAL_HELP_WHERE_REQUIRED,TOKENIZE_ONLY,DEFERRED_TO_WP17D,PortalShell + tokens + navigation canon,DEFERRED_TO_17D,app/routing/AppRoutes.jsx,WP17B_PLATFORM_MASTER_INVENTORY.md · route census,PENDING
ROUTE-0204,admin,/admin/trench-safety/field-reports,route_screen,/admin/trench-safety,route_tree,PUBLIC,MIGRATE_IN_WP17D,route_element,WP17C_CANONICAL_PAGE,STANDARDIZE,CANONICAL_ENTRY,STANDARDIZE_FOUNDATION,ALIGN_TO_WP17B_TERMINOLOGY,ADD_CONTEXTUAL_HELP_WHERE_REQUIRED,TOKENIZE_ONLY,DEFERRED_TO_WP17D,PortalShell + tokens + navigation canon,DEFERRED_TO_17D,app/routing/AppRoutes.jsx,WP17B_PLATFORM_MASTER_INVENTORY.md · route census,PENDING
ROUTE-0205,admin,/admin/jha-plans/poster,route_screen,/admin/jha-plans,route_tree,PUBLIC,MIGRATE_IN_WP17D,route_element,WP17C_CANONICAL_PAGE,STANDARDIZE,CANONICAL_ENTRY,STANDARDIZE_FOUNDATION,ALIGN_TO_WP17B_TERMINOLOGY,ADD_CONTEXTUAL_HELP_WHERE_REQUIRED,TOKENIZE_ONLY,DEFERRED_TO_WP17D,PortalShell + tokens + navigation canon,DEFERRED_TO_17D,app/routing/AppRoutes.jsx,WP17B_PLATFORM_MASTER_INVENTORY.md · route census,PENDING
ROUTE-0206,admin,/admin/posters/print-all,route_screen,/admin/posters,route_tree,PUBLIC,MIGRATE_IN_WP17D,route_element,WP17C_CANONICAL_PAGE,STANDARDIZE,CANONICAL_ENTRY,STANDARDIZE_FOUNDATION,ALIGN_TO_WP17B_TERMINOLOGY,ADD_CONTEXTUAL_HELP_WHERE_REQUIRED,TOKENIZE_ONLY,DEFERRED_TO_WP17D,PortalShell + tokens + navigation canon,DEFERRED_TO_17D,app/routing/AppRoutes.jsx,WP17B_PLATFORM_MASTER_INVENTORY.md · route census,PENDING
ROUTE-0207,admin,/admin/incidents,route_screen,/admin,route_tree,PUBLIC,MIGRATE_IN_WP17D,route_element,WP17C_CANONICAL_PAGE,STANDARDIZE,CANONICAL_ENTRY,STANDARDIZE_FOUNDATION,ALIGN_TO_WP17B_TERMINOLOGY,ADD_CONTEXTUAL_HELP_WHERE_REQUIRED,TOKENIZE_ONLY,DEFERRED_TO_WP17D,PortalShell + tokens + navigation canon,DEFERRED_TO_17D,app/routing/AppRoutes.jsx,WP17B_PLATFORM_MASTER_INVENTORY.md · route census,PENDING
ROUTE-0208,admin,/admin/incidents/:id,detail_route,/admin/incidents,route_tree,DETAIL,KEEP_HIDDEN_DETAIL,route_element,WP17C_CANONICAL_DETAIL_PAGE,STANDARDIZE,SEARCH_ONLY,STANDARDIZE_FOUNDATION,ALIGN_TO_WP17B_TERMINOLOGY,ADD_CONTEXTUAL_HELP_WHERE_REQUIRED,TOKENIZE_ONLY,DEFERRED_TO_WP17D,PortalShell + tokens + navigation canon,DEFERRED_TO_17D,app/routing/AppRoutes.jsx,WP17B_PLATFORM_MASTER_INVENTORY.md · route census,PENDING
ROUTE-0209,admin,/admin/daily,route_screen,/admin,route_tree,PUBLIC,MIGRATE_IN_WP17D,route_element,WP17C_CANONICAL_PAGE,STANDARDIZE,CANONICAL_ENTRY,STANDARDIZE_FOUNDATION,ALIGN_TO_WP17B_TERMINOLOGY,ADD_CONTEXTUAL_HELP_WHERE_REQUIRED,TOKENIZE_ONLY,DEFERRED_TO_WP17D,PortalShell + tokens + navigation canon,DEFERRED_TO_17D,app/routing/AppRoutes.jsx,WP17B_PLATFORM_MASTER_INVENTORY.md · route census,PENDING
ROUTE-0210,admin,/admin/daily/:id,detail_route,/admin/daily,route_tree,DETAIL,KEEP_HIDDEN_DETAIL,route_element,WP17C_CANONICAL_DETAIL_PAGE,STANDARDIZE,SEARCH_ONLY,STANDARDIZE_FOUNDATION,ALIGN_TO_WP17B_TERMINOLOGY,ADD_CONTEXTUAL_HELP_WHERE_REQUIRED,TOKENIZE_ONLY,DEFERRED_TO_WP17D,PortalShell + tokens + navigation canon,DEFERRED_TO_17D,app/routing/AppRoutes.jsx,WP17B_PLATFORM_MASTER_INVENTORY.md · route census,PENDING
ROUTE-0211,admin,/admin/equipment-inspections,route_screen,/admin,route_tree,PUBLIC,MIGRATE_IN_WP17D,route_element,WP17C_CANONICAL_PAGE,STANDARDIZE,CANONICAL_ENTRY,STANDARDIZE_FOUNDATION,ALIGN_TO_WP17B_TERMINOLOGY,ADD_CONTEXTUAL_HELP_WHERE_REQUIRED,TOKENIZE_ONLY,DEFERRED_TO_WP17D,PortalShell + tokens + navigation canon,DEFERRED_TO_17D,app/routing/AppRoutes.jsx,WP17B_PLATFORM_MASTER_INVENTORY.md · route census,PENDING
ROUTE-0212,admin,/admin/equipment/:id,detail_route,/admin/equipment,route_tree,DETAIL,KEEP_HIDDEN_DETAIL,route_element,WP17C_CANONICAL_DETAIL_PAGE,STANDARDIZE,SEARCH_ONLY,STANDARDIZE_FOUNDATION,ALIGN_TO_WP17B_TERMINOLOGY,ADD_CONTEXTUAL_HELP_WHERE_REQUIRED,TOKENIZE_ONLY,DEFERRED_TO_WP17D,PortalShell + tokens + navigation canon,DEFERRED_TO_17D,app/routing/AppRoutes.jsx,WP17B_PLATFORM_MASTER_INVENTORY.md · route census,PENDING
ROUTE-0213,admin,/admin/qaqc/:id,detail_route,/admin/qaqc,route_tree,DETAIL,KEEP_HIDDEN_DETAIL,route_element,WP17C_CANONICAL_DETAIL_PAGE,STANDARDIZE,SEARCH_ONLY,STANDARDIZE_FOUNDATION,ALIGN_TO_WP17B_TERMINOLOGY,ADD_CONTEXTUAL_HELP_WHERE_REQUIRED,TOKENIZE_ONLY,DEFERRED_TO_WP17D,PortalShell + tokens + navigation canon,DEFERRED_TO_17D,app/routing/AppRoutes.jsx,WP17B_PLATFORM_MASTER_INVENTORY.md · route census,PENDING
ROUTE-0214,admin,/admin/leadership/records/:id,detail_route,/admin/leadership/records,route_tree,DETAIL,KEEP_HIDDEN_DETAIL,route_element,WP17C_CANONICAL_DETAIL_PAGE,STANDARDIZE,SEARCH_ONLY,STANDARDIZE_FOUNDATION,ALIGN_TO_WP17B_TERMINOLOGY,ADD_CONTEXTUAL_HELP_WHERE_REQUIRED,TOKENIZE_ONLY,DEFERRED_TO_WP17D,PortalShell + tokens + navigation canon,DEFERRED_TO_17D,app/routing/AppRoutes.jsx,WP17B_PLATFORM_MASTER_INVENTORY.md · route census,PENDING
ROUTE-0215,admin,/admin/safety/issuance/:id,detail_route,/admin/safety/issuance,route_tree,DETAIL,KEEP_HIDDEN_DETAIL,route_element,WP17C_CANONICAL_DETAIL_PAGE,STANDARDIZE,SEARCH_ONLY,STANDARDIZE_FOUNDATION,ALIGN_TO_WP17B_TERMINOLOGY,ADD_CONTEXTUAL_HELP_WHERE_REQUIRED,TOKENIZE_ONLY,DEFERRED_TO_WP17D,PortalShell + tokens + navigation canon,DEFERRED_TO_17D,app/routing/AppRoutes.jsx,WP17B_PLATFORM_MASTER_INVENTORY.md · route census,PENDING
ROUTE-0216,admin,/admin/safety/training/:id,detail_route,/admin/safety/training,route_tree,DETAIL,KEEP_HIDDEN_DETAIL,route_element,WP17C_CANONICAL_DETAIL_PAGE,STANDARDIZE,SEARCH_ONLY,STANDARDIZE_FOUNDATION,ALIGN_TO_WP17B_TERMINOLOGY,ADD_CONTEXTUAL_HELP_WHERE_REQUIRED,TOKENIZE_ONLY,DEFERRED_TO_WP17D,PortalShell + tokens + navigation canon,DEFERRED_TO_17D,app/routing/AppRoutes.jsx,WP17B_PLATFORM_MASTER_INVENTORY.md · route census,PENDING
ROUTE-0217,pm,/pm/login,route_screen,/pm,route_tree,PUBLIC,MIGRATE_IN_WP17D,PmLogin,WP17C_CANONICAL_PAGE,STANDARDIZE,CANONICAL_ENTRY,STANDARDIZE_FOUNDATION,ALIGN_TO_WP17B_TERMINOLOGY,ADD_CONTEXTUAL_HELP_WHERE_REQUIRED,TOKENIZE_ONLY,DEFERRED_TO_WP17D,PortalShell + tokens + navigation canon,DEFERRED_TO_17D,app/routing/AppRoutes.jsx,WP17B_PLATFORM_MASTER_INVENTORY.md · route census,PENDING
ROUTE-0218,pm,/pm/reset/:token,detail_route,/pm/reset,route_tree,DETAIL,KEEP_HIDDEN_DETAIL,PmResetPassword,WP17C_CANONICAL_DETAIL_PAGE,STANDARDIZE,SEARCH_ONLY,STANDARDIZE_FOUNDATION,ALIGN_TO_WP17B_TERMINOLOGY,ADD_CONTEXTUAL_HELP_WHERE_REQUIRED,TOKENIZE_ONLY,DEFERRED_TO_WP17D,PortalShell + tokens + navigation canon,DEFERRED_TO_17D,app/routing/AppRoutes.jsx,WP17B_PLATFORM_MASTER_INVENTORY.md · route census,PENDING
ROUTE-0219,pm,/pm/change-password,route_screen,/pm,route_tree,PUBLIC,MIGRATE_IN_WP17D,route_element,WP17C_CANONICAL_PAGE,STANDARDIZE,CANONICAL_ENTRY,STANDARDIZE_FOUNDATION,ALIGN_TO_WP17B_TERMINOLOGY,ADD_CONTEXTUAL_HELP_WHERE_REQUIRED,TOKENIZE_ONLY,DEFERRED_TO_WP17D,PortalShell + tokens + navigation canon,DEFERRED_TO_17D,app/routing/AppRoutes.jsx,WP17B_PLATFORM_MASTER_INVENTORY.md · route census,PENDING
ROUTE-0220,pm,/pm,route_screen,/,route_tree,PUBLIC,REPRESENTATIVE_IMPLEMENTATION,route_element,WP17C_CANONICAL_PAGE,KEEP,CANONICAL_ENTRY,REPRESENTATIVE_IMPLEMENTATION,ALIGN_TO_WP17B_TERMINOLOGY,ADD_CONTEXTUAL_HELP_WHERE_REQUIRED,TOKENIZE_ONLY,CERTIFY_IN_REPRESENTATIVE_SET,PortalShell + tokens + navigation canon,READY,app/routing/AppRoutes.jsx,WP17B_PLATFORM_MASTER_INVENTORY.md · route census,PENDING
ROUTE-0221,pm,/pm/hub,route_screen,/pm,route_tree,PUBLIC,MIGRATE_IN_WP17D,route_element,WP17C_CANONICAL_PAGE,STANDARDIZE,CANONICAL_ENTRY,STANDARDIZE_FOUNDATION,ALIGN_TO_WP17B_TERMINOLOGY,ADD_CONTEXTUAL_HELP_WHERE_REQUIRED,TOKENIZE_ONLY,DEFERRED_TO_WP17D,PortalShell + tokens + navigation canon,DEFERRED_TO_17D,app/routing/AppRoutes.jsx,WP17B_PLATFORM_MASTER_INVENTORY.md · route census,PENDING
ROUTE-0222,pm,/pm/hub_legacy,hidden_companion_route,/pm,route_tree,HIDDEN,MERGE_OR_RETIRE,route_element,WP17C_CANONICAL_PAGE,MERGE,SEARCH_ONLY,STANDARDIZE_FOUNDATION,ALIGN_TO_WP17B_TERMINOLOGY,ADD_CONTEXTUAL_HELP_WHERE_REQUIRED,TOKENIZE_ONLY,DEFERRED_TO_WP17D,PortalShell + tokens + navigation canon,DEFERRED_TO_17D,app/routing/AppRoutes.jsx,WP17B_PLATFORM_MASTER_INVENTORY.md · route census,PENDING
ROUTE-0223,pm,/pm/hub_v2,hidden_companion_route,/pm,route_tree,HIDDEN,MERGE_OR_RETIRE,route_element,WP17C_CANONICAL_PAGE,MERGE,SEARCH_ONLY,STANDARDIZE_FOUNDATION,ALIGN_TO_WP17B_TERMINOLOGY,ADD_CONTEXTUAL_HELP_WHERE_REQUIRED,TOKENIZE_ONLY,DEFERRED_TO_WP17D,PortalShell + tokens + navigation canon,DEFERRED_TO_17D,app/routing/AppRoutes.jsx,WP17B_PLATFORM_MASTER_INVENTORY.md · route census,PENDING
ROUTE-0224,pm,/pm/holds,route_screen,/pm,route_tree,PUBLIC,MIGRATE_IN_WP17D,route_element,WP17C_CANONICAL_PAGE,STANDARDIZE,CANONICAL_ENTRY,STANDARDIZE_FOUNDATION,ALIGN_TO_WP17B_TERMINOLOGY,ADD_CONTEXTUAL_HELP_WHERE_REQUIRED,TOKENIZE_ONLY,DEFERRED_TO_WP17D,PortalShell + tokens + navigation canon,DEFERRED_TO_17D,app/routing/AppRoutes.jsx,WP17B_PLATFORM_MASTER_INVENTORY.md · route census,PENDING
ROUTE-0225,pm,/pm/due-today,route_screen,/pm,route_tree,PUBLIC,MIGRATE_IN_WP17D,route_element,WP17C_CANONICAL_PAGE,STANDARDIZE,CANONICAL_ENTRY,STANDARDIZE_FOUNDATION,ALIGN_TO_WP17B_TERMINOLOGY,ADD_CONTEXTUAL_HELP_WHERE_REQUIRED,TOKENIZE_ONLY,DEFERRED_TO_WP17D,PortalShell + tokens + navigation canon,DEFERRED_TO_17D,app/routing/AppRoutes.jsx,WP17B_PLATFORM_MASTER_INVENTORY.md · route census,PENDING
ROUTE-0226,pm,/pm/crew-compliance,route_screen,/pm,route_tree,PUBLIC,MIGRATE_IN_WP17D,route_element,WP17C_CANONICAL_PAGE,STANDARDIZE,CANONICAL_ENTRY,STANDARDIZE_FOUNDATION,ALIGN_TO_WP17B_TERMINOLOGY,ADD_CONTEXTUAL_HELP_WHERE_REQUIRED,TOKENIZE_ONLY,DEFERRED_TO_WP17D,PortalShell + tokens + navigation canon,DEFERRED_TO_17D,app/routing/AppRoutes.jsx,WP17B_PLATFORM_MASTER_INVENTORY.md · route census,PENDING
ROUTE-0227,pm,/pm/jobs,route_screen,/pm,route_tree,PUBLIC,MIGRATE_IN_WP17D,route_element,WP17C_CANONICAL_PAGE,STANDARDIZE,CANONICAL_ENTRY,STANDARDIZE_FOUNDATION,ALIGN_TO_WP17B_TERMINOLOGY,ADD_CONTEXTUAL_HELP_WHERE_REQUIRED,TOKENIZE_ONLY,DEFERRED_TO_WP17D,PortalShell + tokens + navigation canon,DEFERRED_TO_17D,app/routing/AppRoutes.jsx,WP17B_PLATFORM_MASTER_INVENTORY.md · route census,PENDING
ROUTE-0228,pm,/pm/job/:projectNumber/team,detail_route,/pm/job/:projectNumber,route_tree,DETAIL,KEEP_HIDDEN_DETAIL,route_element,WP17C_CANONICAL_DETAIL_PAGE,STANDARDIZE,SEARCH_ONLY,STANDARDIZE_FOUNDATION,ALIGN_TO_WP17B_TERMINOLOGY,ADD_CONTEXTUAL_HELP_WHERE_REQUIRED,TOKENIZE_ONLY,DEFERRED_TO_WP17D,PortalShell + tokens + navigation canon,DEFERRED_TO_17D,app/routing/AppRoutes.jsx,WP17B_PLATFORM_MASTER_INVENTORY.md · route census,PENDING
ROUTE-0229,pm,/pm/project-staffing,route_screen,/pm,route_tree,PUBLIC,MIGRATE_IN_WP17D,route_element,WP17C_CANONICAL_PAGE,STANDARDIZE,CANONICAL_ENTRY,STANDARDIZE_FOUNDATION,ALIGN_TO_WP17B_TERMINOLOGY,ADD_CONTEXTUAL_HELP_WHERE_REQUIRED,TOKENIZE_ONLY,DEFERRED_TO_WP17D,PortalShell + tokens + navigation canon,DEFERRED_TO_17D,app/routing/AppRoutes.jsx,WP17B_PLATFORM_MASTER_INVENTORY.md · route census,PENDING
ROUTE-0230,pm,/pm/project-schedule,route_screen,/pm,route_tree,PUBLIC,MIGRATE_IN_WP17D,route_element,WP17C_CANONICAL_PAGE,STANDARDIZE,CANONICAL_ENTRY,STANDARDIZE_FOUNDATION,ALIGN_TO_WP17B_TERMINOLOGY,ADD_CONTEXTUAL_HELP_WHERE_REQUIRED,TOKENIZE_ONLY,DEFERRED_TO_WP17D,PortalShell + tokens + navigation canon,DEFERRED_TO_17D,app/routing/AppRoutes.jsx,WP17B_PLATFORM_MASTER_INVENTORY.md · route census,PENDING
ROUTE-0231,pm,/pm/monday-review,route_screen,/pm,route_tree,PUBLIC,MIGRATE_IN_WP17D,route_element,WP17C_CANONICAL_PAGE,STANDARDIZE,CANONICAL_ENTRY,STANDARDIZE_FOUNDATION,ALIGN_TO_WP17B_TERMINOLOGY,ADD_CONTEXTUAL_HELP_WHERE_REQUIRED,TOKENIZE_ONLY,DEFERRED_TO_WP17D,PortalShell + tokens + navigation canon,DEFERRED_TO_17D,app/routing/AppRoutes.jsx,WP17B_PLATFORM_MASTER_INVENTORY.md · route census,PENDING
ROUTE-0232,pm,/pm/projects/:projectNumber,detail_route,/pm/projects,route_tree,DETAIL,KEEP_HIDDEN_DETAIL,route_element,WP17C_CANONICAL_DETAIL_PAGE,STANDARDIZE,SEARCH_ONLY,STANDARDIZE_FOUNDATION,ALIGN_TO_WP17B_TERMINOLOGY,ADD_CONTEXTUAL_HELP_WHERE_REQUIRED,TOKENIZE_ONLY,DEFERRED_TO_WP17D,PortalShell + tokens + navigation canon,DEFERRED_TO_17D,app/routing/AppRoutes.jsx,WP17B_PLATFORM_MASTER_INVENTORY.md · route census,PENDING
ROUTE-0233,pm,/pm/projects-legacy/:projectNumber,detail_route,/pm/projects-legacy,route_tree,DETAIL,KEEP_HIDDEN_DETAIL,route_element,WP17C_CANONICAL_DETAIL_PAGE,STANDARDIZE,SEARCH_ONLY,STANDARDIZE_FOUNDATION,ALIGN_TO_WP17B_TERMINOLOGY,ADD_CONTEXTUAL_HELP_WHERE_REQUIRED,TOKENIZE_ONLY,DEFERRED_TO_WP17D,PortalShell + tokens + navigation canon,DEFERRED_TO_17D,app/routing/AppRoutes.jsx,WP17B_PLATFORM_MASTER_INVENTORY.md · route census,PENDING
ROUTE-0234,pm,/pm/project/:projectNumber,detail_route,/pm/project,route_tree,DETAIL,KEEP_HIDDEN_DETAIL,route_element,WP17C_CANONICAL_DETAIL_PAGE,STANDARDIZE,SEARCH_ONLY,STANDARDIZE_FOUNDATION,ALIGN_TO_WP17B_TERMINOLOGY,ADD_CONTEXTUAL_HELP_WHERE_REQUIRED,TOKENIZE_ONLY,DEFERRED_TO_WP17D,PortalShell + tokens + navigation canon,DEFERRED_TO_17D,app/routing/AppRoutes.jsx,WP17B_PLATFORM_MASTER_INVENTORY.md · route census,PENDING
ROUTE-0235,pm,/pm/project/:projectNumber/thread,detail_route,/pm/project/:projectNumber,route_tree,DETAIL,KEEP_HIDDEN_DETAIL,route_element,WP17C_CANONICAL_DETAIL_PAGE,STANDARDIZE,SEARCH_ONLY,STANDARDIZE_FOUNDATION,ALIGN_TO_WP17B_TERMINOLOGY,ADD_CONTEXTUAL_HELP_WHERE_REQUIRED,TOKENIZE_ONLY,DEFERRED_TO_WP17D,PortalShell + tokens + navigation canon,DEFERRED_TO_17D,app/routing/AppRoutes.jsx,WP17B_PLATFORM_MASTER_INVENTORY.md · route census,PENDING
ROUTE-0236,pm,/pm/command-center,route_screen,/pm,route_tree,PUBLIC,MIGRATE_IN_WP17D,route_element,WP17C_CANONICAL_PAGE,STANDARDIZE,CANONICAL_ENTRY,STANDARDIZE_FOUNDATION,ALIGN_TO_WP17B_TERMINOLOGY,ADD_CONTEXTUAL_HELP_WHERE_REQUIRED,TOKENIZE_ONLY,DEFERRED_TO_WP17D,PortalShell + tokens + navigation canon,DEFERRED_TO_17D,app/routing/AppRoutes.jsx,WP17B_PLATFORM_MASTER_INVENTORY.md · route census,PENDING
ROUTE-0237,public_shared,/operations-center,route_screen,/,route_tree,PUBLIC,MIGRATE_IN_WP17D,route_element,WP17C_CANONICAL_PAGE,STANDARDIZE,CANONICAL_ENTRY,STANDARDIZE_FOUNDATION,ALIGN_TO_WP17B_TERMINOLOGY,ADD_CONTEXTUAL_HELP_WHERE_REQUIRED,TOKENIZE_ONLY,DEFERRED_TO_WP17D,PortalShell + tokens + navigation canon,DEFERRED_TO_17D,app/routing/AppRoutes.jsx,WP17B_PLATFORM_MASTER_INVENTORY.md · route census,PENDING
ROUTE-0238,admin,/admin/executive-operational-intelligence,route_screen,/admin,route_tree,PUBLIC,MIGRATE_IN_WP17D,route_element,WP17C_CANONICAL_PAGE,STANDARDIZE,CANONICAL_ENTRY,STANDARDIZE_FOUNDATION,ALIGN_TO_WP17B_TERMINOLOGY,ADD_CONTEXTUAL_HELP_WHERE_REQUIRED,TOKENIZE_ONLY,DEFERRED_TO_WP17D,PortalShell + tokens + navigation canon,DEFERRED_TO_17D,app/routing/AppRoutes.jsx,WP17B_PLATFORM_MASTER_INVENTORY.md · route census,PENDING
ROUTE-0239,public_shared,/operations-map,route_screen,/,route_tree,PUBLIC,MIGRATE_IN_WP17D,route_element,WP17C_CANONICAL_PAGE,STANDARDIZE,CANONICAL_ENTRY,STANDARDIZE_FOUNDATION,ALIGN_TO_WP17B_TERMINOLOGY,ADD_CONTEXTUAL_HELP_WHERE_REQUIRED,TOKENIZE_ONLY,DEFERRED_TO_WP17D,PortalShell + tokens + navigation canon,DEFERRED_TO_17D,app/routing/AppRoutes.jsx,WP17B_PLATFORM_MASTER_INVENTORY.md · route census,PENDING
ROUTE-0240,pm,/pm/field-leadership,route_screen,/pm,route_tree,PUBLIC,MIGRATE_IN_WP17D,route_element,WP17C_CANONICAL_PAGE,STANDARDIZE,CANONICAL_ENTRY,STANDARDIZE_FOUNDATION,ALIGN_TO_WP17B_TERMINOLOGY,ADD_CONTEXTUAL_HELP_WHERE_REQUIRED,TOKENIZE_ONLY,DEFERRED_TO_WP17D,PortalShell + tokens + navigation canon,DEFERRED_TO_17D,app/routing/AppRoutes.jsx,WP17B_PLATFORM_MASTER_INVENTORY.md · route census,PENDING
ROUTE-0241,pm,/pm/fleet,route_screen,/pm,route_tree,PUBLIC,MIGRATE_IN_WP17D,route_element,WP17C_CANONICAL_PAGE,STANDARDIZE,CANONICAL_ENTRY,STANDARDIZE_FOUNDATION,ALIGN_TO_WP17B_TERMINOLOGY,ADD_CONTEXTUAL_HELP_WHERE_REQUIRED,TOKENIZE_ONLY,DEFERRED_TO_WP17D,PortalShell + tokens + navigation canon,DEFERRED_TO_17D,app/routing/AppRoutes.jsx,WP17B_PLATFORM_MASTER_INVENTORY.md · route census,PENDING
ROUTE-0242,pm,/pm/people,route_screen,/pm,route_tree,PUBLIC,MIGRATE_IN_WP17D,route_element,WP17C_CANONICAL_PAGE,STANDARDIZE,CANONICAL_ENTRY,STANDARDIZE_FOUNDATION,ALIGN_TO_WP17B_TERMINOLOGY,ADD_CONTEXTUAL_HELP_WHERE_REQUIRED,TOKENIZE_ONLY,DEFERRED_TO_WP17D,PortalShell + tokens + navigation canon,DEFERRED_TO_17D,app/routing/AppRoutes.jsx,WP17B_PLATFORM_MASTER_INVENTORY.md · route census,PENDING
ROUTE-0243,pm,/pm/suppliers,route_screen,/pm,route_tree,PUBLIC,MIGRATE_IN_WP17D,route_element,WP17C_CANONICAL_PAGE,STANDARDIZE,CANONICAL_ENTRY,STANDARDIZE_FOUNDATION,ALIGN_TO_WP17B_TERMINOLOGY,ADD_CONTEXTUAL_HELP_WHERE_REQUIRED,TOKENIZE_ONLY,DEFERRED_TO_WP17D,PortalShell + tokens + navigation canon,DEFERRED_TO_17D,app/routing/AppRoutes.jsx,WP17B_PLATFORM_MASTER_INVENTORY.md · route census,PENDING
ROUTE-0244,admin,/admin/vendors/:vendorId/thread,detail_route,/admin/vendors/:vendorId,route_tree,DETAIL,KEEP_HIDDEN_DETAIL,route_element,WP17C_CANONICAL_DETAIL_PAGE,STANDARDIZE,SEARCH_ONLY,STANDARDIZE_FOUNDATION,ALIGN_TO_WP17B_TERMINOLOGY,ADD_CONTEXTUAL_HELP_WHERE_REQUIRED,TOKENIZE_ONLY,DEFERRED_TO_WP17D,PortalShell + tokens + navigation canon,DEFERRED_TO_17D,app/routing/AppRoutes.jsx,WP17B_PLATFORM_MASTER_INVENTORY.md · route census,PENDING
ROUTE-0245,admin,/admin/assets/:assetRef/thread,detail_route,/admin/assets/:assetRef,route_tree,DETAIL,KEEP_HIDDEN_DETAIL,route_element,WP17C_CANONICAL_DETAIL_PAGE,STANDARDIZE,SEARCH_ONLY,STANDARDIZE_FOUNDATION,ALIGN_TO_WP17B_TERMINOLOGY,ADD_CONTEXTUAL_HELP_WHERE_REQUIRED,TOKENIZE_ONLY,DEFERRED_TO_WP17D,PortalShell + tokens + navigation canon,DEFERRED_TO_17D,app/routing/AppRoutes.jsx,WP17B_PLATFORM_MASTER_INVENTORY.md · route census,PENDING
ROUTE-0246,pm,/pm/posters,route_screen,/pm,route_tree,PUBLIC,MIGRATE_IN_WP17D,route_element,WP17C_CANONICAL_PAGE,STANDARDIZE,CANONICAL_ENTRY,STANDARDIZE_FOUNDATION,ALIGN_TO_WP17B_TERMINOLOGY,ADD_CONTEXTUAL_HELP_WHERE_REQUIRED,TOKENIZE_ONLY,DEFERRED_TO_WP17D,PortalShell + tokens + navigation canon,DEFERRED_TO_17D,app/routing/AppRoutes.jsx,WP17B_PLATFORM_MASTER_INVENTORY.md · route census,PENDING
ROUTE-0247,pm,/pm/qaqc,route_screen,/pm,route_tree,PUBLIC,MIGRATE_IN_WP17D,route_element,WP17C_CANONICAL_PAGE,STANDARDIZE,CANONICAL_ENTRY,STANDARDIZE_FOUNDATION,ALIGN_TO_WP17B_TERMINOLOGY,ADD_CONTEXTUAL_HELP_WHERE_REQUIRED,TOKENIZE_ONLY,DEFERRED_TO_WP17D,PortalShell + tokens + navigation canon,DEFERRED_TO_17D,app/routing/AppRoutes.jsx,WP17B_PLATFORM_MASTER_INVENTORY.md · route census,PENDING
ROUTE-0248,pm,/pm/photos,route_screen,/pm,route_tree,PUBLIC,MIGRATE_IN_WP17D,route_element,WP17C_CANONICAL_PAGE,STANDARDIZE,CANONICAL_ENTRY,STANDARDIZE_FOUNDATION,ALIGN_TO_WP17B_TERMINOLOGY,ADD_CONTEXTUAL_HELP_WHERE_REQUIRED,TOKENIZE_ONLY,DEFERRED_TO_WP17D,PortalShell + tokens + navigation canon,DEFERRED_TO_17D,app/routing/AppRoutes.jsx,WP17B_PLATFORM_MASTER_INVENTORY.md · route census,PENDING
ROUTE-0249,pm,/pm/daily,route_screen,/pm,route_tree,PUBLIC,MIGRATE_IN_WP17D,route_element,WP17C_CANONICAL_PAGE,STANDARDIZE,CANONICAL_ENTRY,STANDARDIZE_FOUNDATION,ALIGN_TO_WP17B_TERMINOLOGY,ADD_CONTEXTUAL_HELP_WHERE_REQUIRED,TOKENIZE_ONLY,DEFERRED_TO_WP17D,PortalShell + tokens + navigation canon,DEFERRED_TO_17D,app/routing/AppRoutes.jsx,WP17B_PLATFORM_MASTER_INVENTORY.md · route census,PENDING
ROUTE-0250,pm,/pm/daily/:id,detail_route,/pm/daily,route_tree,DETAIL,KEEP_HIDDEN_DETAIL,route_element,WP17C_CANONICAL_DETAIL_PAGE,STANDARDIZE,SEARCH_ONLY,STANDARDIZE_FOUNDATION,ALIGN_TO_WP17B_TERMINOLOGY,ADD_CONTEXTUAL_HELP_WHERE_REQUIRED,TOKENIZE_ONLY,DEFERRED_TO_WP17D,PortalShell + tokens + navigation canon,DEFERRED_TO_17D,app/routing/AppRoutes.jsx,WP17B_PLATFORM_MASTER_INVENTORY.md · route census,PENDING
ROUTE-0251,pm,/pm/incidents,route_screen,/pm,route_tree,PUBLIC,MIGRATE_IN_WP17D,route_element,WP17C_CANONICAL_PAGE,STANDARDIZE,CANONICAL_ENTRY,STANDARDIZE_FOUNDATION,ALIGN_TO_WP17B_TERMINOLOGY,ADD_CONTEXTUAL_HELP_WHERE_REQUIRED,TOKENIZE_ONLY,DEFERRED_TO_WP17D,PortalShell + tokens + navigation canon,DEFERRED_TO_17D,app/routing/AppRoutes.jsx,WP17B_PLATFORM_MASTER_INVENTORY.md · route census,PENDING
ROUTE-0252,pm,/pm/incidents/:id,detail_route,/pm/incidents,route_tree,DETAIL,KEEP_HIDDEN_DETAIL,route_element,WP17C_CANONICAL_DETAIL_PAGE,STANDARDIZE,SEARCH_ONLY,STANDARDIZE_FOUNDATION,ALIGN_TO_WP17B_TERMINOLOGY,ADD_CONTEXTUAL_HELP_WHERE_REQUIRED,TOKENIZE_ONLY,DEFERRED_TO_WP17D,PortalShell + tokens + navigation canon,DEFERRED_TO_17D,app/routing/AppRoutes.jsx,WP17B_PLATFORM_MASTER_INVENTORY.md · route census,PENDING
ROUTE-0253,pm,/pm/meetings,route_screen,/pm,route_tree,PUBLIC,MIGRATE_IN_WP17D,route_element,WP17C_CANONICAL_PAGE,STANDARDIZE,CANONICAL_ENTRY,STANDARDIZE_FOUNDATION,ALIGN_TO_WP17B_TERMINOLOGY,ADD_CONTEXTUAL_HELP_WHERE_REQUIRED,TOKENIZE_ONLY,DEFERRED_TO_WP17D,PortalShell + tokens + navigation canon,DEFERRED_TO_17D,app/routing/AppRoutes.jsx,WP17B_PLATFORM_MASTER_INVENTORY.md · route census,PENDING
ROUTE-0254,pm,/pm/meetings/:id,detail_route,/pm/meetings,route_tree,DETAIL,KEEP_HIDDEN_DETAIL,route_element,WP17C_CANONICAL_DETAIL_PAGE,STANDARDIZE,SEARCH_ONLY,STANDARDIZE_FOUNDATION,ALIGN_TO_WP17B_TERMINOLOGY,ADD_CONTEXTUAL_HELP_WHERE_REQUIRED,TOKENIZE_ONLY,DEFERRED_TO_WP17D,PortalShell + tokens + navigation canon,DEFERRED_TO_17D,app/routing/AppRoutes.jsx,WP17B_PLATFORM_MASTER_INVENTORY.md · route census,PENDING
ROUTE-0255,pm,/pm/inspections,route_screen,/pm,route_tree,PUBLIC,MIGRATE_IN_WP17D,route_element,WP17C_CANONICAL_PAGE,STANDARDIZE,CANONICAL_ENTRY,STANDARDIZE_FOUNDATION,ALIGN_TO_WP17B_TERMINOLOGY,ADD_CONTEXTUAL_HELP_WHERE_REQUIRED,TOKENIZE_ONLY,DEFERRED_TO_WP17D,PortalShell + tokens + navigation canon,DEFERRED_TO_17D,app/routing/AppRoutes.jsx,WP17B_PLATFORM_MASTER_INVENTORY.md · route census,PENDING
ROUTE-0256,pm,/pm/inspections/:id,detail_route,/pm/inspections,route_tree,DETAIL,KEEP_HIDDEN_DETAIL,route_element,WP17C_CANONICAL_DETAIL_PAGE,STANDARDIZE,SEARCH_ONLY,STANDARDIZE_FOUNDATION,ALIGN_TO_WP17B_TERMINOLOGY,ADD_CONTEXTUAL_HELP_WHERE_REQUIRED,TOKENIZE_ONLY,DEFERRED_TO_WP17D,PortalShell + tokens + navigation canon,DEFERRED_TO_17D,app/routing/AppRoutes.jsx,WP17B_PLATFORM_MASTER_INVENTORY.md · route census,PENDING
ROUTE-0257,pm,/pm/jha-plans,route_screen,/pm,route_tree,PUBLIC,MIGRATE_IN_WP17D,route_element,WP17C_CANONICAL_PAGE,STANDARDIZE,CANONICAL_ENTRY,STANDARDIZE_FOUNDATION,ALIGN_TO_WP17B_TERMINOLOGY,ADD_CONTEXTUAL_HELP_WHERE_REQUIRED,TOKENIZE_ONLY,DEFERRED_TO_WP17D,PortalShell + tokens + navigation canon,DEFERRED_TO_17D,app/routing/AppRoutes.jsx,WP17B_PLATFORM_MASTER_INVENTORY.md · route census,PENDING
ROUTE-0258,pm,/pm/trench-boxes,route_screen,/pm,route_tree,PUBLIC,MIGRATE_IN_WP17D,route_element,WP17C_CANONICAL_PAGE,STANDARDIZE,CANONICAL_ENTRY,STANDARDIZE_FOUNDATION,ALIGN_TO_WP17B_TERMINOLOGY,ADD_CONTEXTUAL_HELP_WHERE_REQUIRED,TOKENIZE_ONLY,DEFERRED_TO_WP17D,PortalShell + tokens + navigation canon,DEFERRED_TO_17D,app/routing/AppRoutes.jsx,WP17B_PLATFORM_MASTER_INVENTORY.md · route census,PENDING
ROUTE-0259,pm,/pm/equipment,route_screen,/pm,route_tree,PUBLIC,MIGRATE_IN_WP17D,route_element,WP17C_CANONICAL_PAGE,STANDARDIZE,CANONICAL_ENTRY,STANDARDIZE_FOUNDATION,ALIGN_TO_WP17B_TERMINOLOGY,ADD_CONTEXTUAL_HELP_WHERE_REQUIRED,TOKENIZE_ONLY,DEFERRED_TO_WP17D,PortalShell + tokens + navigation canon,DEFERRED_TO_17D,app/routing/AppRoutes.jsx,WP17B_PLATFORM_MASTER_INVENTORY.md · route census,PENDING
ROUTE-0260,pm,/pm/equipment/:id,detail_route,/pm/equipment,route_tree,DETAIL,KEEP_HIDDEN_DETAIL,route_element,WP17C_CANONICAL_DETAIL_PAGE,STANDARDIZE,SEARCH_ONLY,STANDARDIZE_FOUNDATION,ALIGN_TO_WP17B_TERMINOLOGY,ADD_CONTEXTUAL_HELP_WHERE_REQUIRED,TOKENIZE_ONLY,DEFERRED_TO_WP17D,PortalShell + tokens + navigation canon,DEFERRED_TO_17D,app/routing/AppRoutes.jsx,WP17B_PLATFORM_MASTER_INVENTORY.md · route census,PENDING
ROUTE-0261,pm,/pm/trench-safety,route_screen,/pm,route_tree,PUBLIC,MIGRATE_IN_WP17D,route_element,WP17C_CANONICAL_PAGE,STANDARDIZE,CANONICAL_ENTRY,STANDARDIZE_FOUNDATION,ALIGN_TO_WP17B_TERMINOLOGY,ADD_CONTEXTUAL_HELP_WHERE_REQUIRED,TOKENIZE_ONLY,DEFERRED_TO_WP17D,PortalShell + tokens + navigation canon,DEFERRED_TO_17D,app/routing/AppRoutes.jsx,WP17B_PLATFORM_MASTER_INVENTORY.md · route census,PENDING
ROUTE-0262,pm,/pm/trench-safety/assets,route_screen,/pm/trench-safety,route_tree,PUBLIC,MIGRATE_IN_WP17D,route_element,WP17C_CANONICAL_PAGE,STANDARDIZE,CANONICAL_ENTRY,STANDARDIZE_FOUNDATION,ALIGN_TO_WP17B_TERMINOLOGY,ADD_CONTEXTUAL_HELP_WHERE_REQUIRED,TOKENIZE_ONLY,DEFERRED_TO_WP17D,PortalShell + tokens + navigation canon,DEFERRED_TO_17D,app/routing/AppRoutes.jsx,WP17B_PLATFORM_MASTER_INVENTORY.md · route census,PENDING
ROUTE-0263,pm,/pm/trench-safety/assets/:assetId,detail_route,/pm/trench-safety/assets,route_tree,DETAIL,KEEP_HIDDEN_DETAIL,route_element,WP17C_CANONICAL_DETAIL_PAGE,STANDARDIZE,SEARCH_ONLY,STANDARDIZE_FOUNDATION,ALIGN_TO_WP17B_TERMINOLOGY,ADD_CONTEXTUAL_HELP_WHERE_REQUIRED,TOKENIZE_ONLY,DEFERRED_TO_WP17D,PortalShell + tokens + navigation canon,DEFERRED_TO_17D,app/routing/AppRoutes.jsx,WP17B_PLATFORM_MASTER_INVENTORY.md · route census,PENDING
ROUTE-0264,pm,/pm/trench-safety/tabulated-data,route_screen,/pm/trench-safety,route_tree,PUBLIC,MIGRATE_IN_WP17D,route_element,WP17C_CANONICAL_PAGE,STANDARDIZE,CANONICAL_ENTRY,STANDARDIZE_FOUNDATION,ALIGN_TO_WP17B_TERMINOLOGY,ADD_CONTEXTUAL_HELP_WHERE_REQUIRED,TOKENIZE_ONLY,DEFERRED_TO_WP17D,PortalShell + tokens + navigation canon,DEFERRED_TO_17D,app/routing/AppRoutes.jsx,WP17B_PLATFORM_MASTER_INVENTORY.md · route census,PENDING
ROUTE-0265,pm,/pm/trench-safety/reports,route_screen,/pm/trench-safety,route_tree,PUBLIC,MIGRATE_IN_WP17D,route_element,WP17C_CANONICAL_PAGE,STANDARDIZE,CANONICAL_ENTRY,STANDARDIZE_FOUNDATION,ALIGN_TO_WP17B_TERMINOLOGY,ADD_CONTEXTUAL_HELP_WHERE_REQUIRED,TOKENIZE_ONLY,DEFERRED_TO_WP17D,PortalShell + tokens + navigation canon,DEFERRED_TO_17D,app/routing/AppRoutes.jsx,WP17B_PLATFORM_MASTER_INVENTORY.md · route census,PENDING
ROUTE-0266,pm,/pm/trench-safety/excavations,route_screen,/pm/trench-safety,route_tree,PUBLIC,MIGRATE_IN_WP17D,route_element,WP17C_CANONICAL_PAGE,STANDARDIZE,CANONICAL_ENTRY,STANDARDIZE_FOUNDATION,ALIGN_TO_WP17B_TERMINOLOGY,ADD_CONTEXTUAL_HELP_WHERE_REQUIRED,TOKENIZE_ONLY,DEFERRED_TO_WP17D,PortalShell + tokens + navigation canon,DEFERRED_TO_17D,app/routing/AppRoutes.jsx,WP17B_PLATFORM_MASTER_INVENTORY.md · route census,PENDING
ROUTE-0267,shop,/shop/login,route_screen,/shop,route_tree,PUBLIC,MIGRATE_IN_WP17D,ShopLogin,WP17C_CANONICAL_PAGE,STANDARDIZE,CANONICAL_ENTRY,STANDARDIZE_FOUNDATION,ALIGN_TO_WP17B_TERMINOLOGY,ADD_CONTEXTUAL_HELP_WHERE_REQUIRED,TOKENIZE_ONLY,DEFERRED_TO_WP17D,PortalShell + tokens + navigation canon,DEFERRED_TO_17D,app/routing/AppRoutes.jsx,WP17B_PLATFORM_MASTER_INVENTORY.md · route census,PENDING
ROUTE-0268,shop,/shop/reset/:token,detail_route,/shop/reset,route_tree,DETAIL,KEEP_HIDDEN_DETAIL,ShopResetPassword,WP17C_CANONICAL_DETAIL_PAGE,STANDARDIZE,SEARCH_ONLY,STANDARDIZE_FOUNDATION,ALIGN_TO_WP17B_TERMINOLOGY,ADD_CONTEXTUAL_HELP_WHERE_REQUIRED,TOKENIZE_ONLY,DEFERRED_TO_WP17D,PortalShell + tokens + navigation canon,DEFERRED_TO_17D,app/routing/AppRoutes.jsx,WP17B_PLATFORM_MASTER_INVENTORY.md · route census,PENDING
ROUTE-0269,shop,/shop/change-password,route_screen,/shop,route_tree,PUBLIC,MIGRATE_IN_WP17D,route_element,WP17C_CANONICAL_PAGE,STANDARDIZE,CANONICAL_ENTRY,STANDARDIZE_FOUNDATION,ALIGN_TO_WP17B_TERMINOLOGY,ADD_CONTEXTUAL_HELP_WHERE_REQUIRED,TOKENIZE_ONLY,DEFERRED_TO_WP17D,PortalShell + tokens + navigation canon,DEFERRED_TO_17D,app/routing/AppRoutes.jsx,WP17B_PLATFORM_MASTER_INVENTORY.md · route census,PENDING
ROUTE-0270,shop,/shop,route_screen,/,route_tree,PUBLIC,MIGRATE_IN_WP17D,route_element,WP17C_CANONICAL_PAGE,STANDARDIZE,CANONICAL_ENTRY,STANDARDIZE_FOUNDATION,ALIGN_TO_WP17B_TERMINOLOGY,ADD_CONTEXTUAL_HELP_WHERE_REQUIRED,TOKENIZE_ONLY,DEFERRED_TO_WP17D,PortalShell + tokens + navigation canon,DEFERRED_TO_17D,app/routing/AppRoutes.jsx,WP17B_PLATFORM_MASTER_INVENTORY.md · route census,PENDING
ROUTE-0271,shop,/shop/hub_legacy,hidden_companion_route,/shop,route_tree,HIDDEN,MERGE_OR_RETIRE,route_element,WP17C_CANONICAL_PAGE,MERGE,SEARCH_ONLY,STANDARDIZE_FOUNDATION,ALIGN_TO_WP17B_TERMINOLOGY,ADD_CONTEXTUAL_HELP_WHERE_REQUIRED,TOKENIZE_ONLY,DEFERRED_TO_WP17D,PortalShell + tokens + navigation canon,DEFERRED_TO_17D,app/routing/AppRoutes.jsx,WP17B_PLATFORM_MASTER_INVENTORY.md · route census,PENDING
ROUTE-0272,shop,/shop/hub_v2,hidden_companion_route,/shop,route_tree,HIDDEN,MERGE_OR_RETIRE,route_element,WP17C_CANONICAL_PAGE,MERGE,SEARCH_ONLY,STANDARDIZE_FOUNDATION,ALIGN_TO_WP17B_TERMINOLOGY,ADD_CONTEXTUAL_HELP_WHERE_REQUIRED,TOKENIZE_ONLY,DEFERRED_TO_WP17D,PortalShell + tokens + navigation canon,DEFERRED_TO_17D,app/routing/AppRoutes.jsx,WP17B_PLATFORM_MASTER_INVENTORY.md · route census,PENDING
ROUTE-0273,shop,/shop/asset-care,route_screen,/shop,route_tree,PUBLIC,MIGRATE_IN_WP17D,route_element,WP17C_CANONICAL_PAGE,STANDARDIZE,CANONICAL_ENTRY,STANDARDIZE_FOUNDATION,ALIGN_TO_WP17B_TERMINOLOGY,ADD_CONTEXTUAL_HELP_WHERE_REQUIRED,TOKENIZE_ONLY,DEFERRED_TO_WP17D,PortalShell + tokens + navigation canon,DEFERRED_TO_17D,app/routing/AppRoutes.jsx,WP17B_PLATFORM_MASTER_INVENTORY.md · route census,PENDING
ROUTE-0274,shop,/shop/manager/queue,route_screen,/shop/manager,route_tree,PUBLIC,MIGRATE_IN_WP17D,route_element,WP17C_CANONICAL_PAGE,STANDARDIZE,CANONICAL_ENTRY,STANDARDIZE_FOUNDATION,ALIGN_TO_WP17B_TERMINOLOGY,ADD_CONTEXTUAL_HELP_WHERE_REQUIRED,TOKENIZE_ONLY,DEFERRED_TO_WP17D,PortalShell + tokens + navigation canon,DEFERRED_TO_17D,app/routing/AppRoutes.jsx,WP17B_PLATFORM_MASTER_INVENTORY.md · route census,PENDING
ROUTE-0275,shop,/shop/me,route_screen,/shop,route_tree,PUBLIC,MIGRATE_IN_WP17D,route_element,WP17C_CANONICAL_PAGE,STANDARDIZE,CANONICAL_ENTRY,STANDARDIZE_FOUNDATION,ALIGN_TO_WP17B_TERMINOLOGY,ADD_CONTEXTUAL_HELP_WHERE_REQUIRED,TOKENIZE_ONLY,DEFERRED_TO_WP17D,PortalShell + tokens + navigation canon,DEFERRED_TO_17D,app/routing/AppRoutes.jsx,WP17B_PLATFORM_MASTER_INVENTORY.md · route census,PENDING
ROUTE-0276,shop,/shop/units/history,route_screen,/shop/units,route_tree,PUBLIC,MIGRATE_IN_WP17D,route_element,WP17C_CANONICAL_PAGE,STANDARDIZE,CANONICAL_ENTRY,STANDARDIZE_FOUNDATION,ALIGN_TO_WP17B_TERMINOLOGY,ADD_CONTEXTUAL_HELP_WHERE_REQUIRED,TOKENIZE_ONLY,DEFERRED_TO_WP17D,PortalShell + tokens + navigation canon,DEFERRED_TO_17D,app/routing/AppRoutes.jsx,WP17B_PLATFORM_MASTER_INVENTORY.md · route census,PENDING
ROUTE-0277,shop,/shop/units/:unitNumber/history,detail_route,/shop/units/:unitNumber,route_tree,DETAIL,KEEP_HIDDEN_DETAIL,route_element,WP17C_CANONICAL_DETAIL_PAGE,STANDARDIZE,SEARCH_ONLY,STANDARDIZE_FOUNDATION,ALIGN_TO_WP17B_TERMINOLOGY,ADD_CONTEXTUAL_HELP_WHERE_REQUIRED,TOKENIZE_ONLY,DEFERRED_TO_WP17D,PortalShell + tokens + navigation canon,DEFERRED_TO_17D,app/routing/AppRoutes.jsx,WP17B_PLATFORM_MASTER_INVENTORY.md · route census,PENDING
ROUTE-0278,shop,/shop/fuel-lube/new,route_screen,/shop/fuel-lube,route_tree,PUBLIC,MIGRATE_IN_WP17D,route_element,WP17C_CANONICAL_PAGE,STANDARDIZE,CANONICAL_ENTRY,STANDARDIZE_FOUNDATION,ALIGN_TO_WP17B_TERMINOLOGY,ADD_CONTEXTUAL_HELP_WHERE_REQUIRED,TOKENIZE_ONLY,DEFERRED_TO_WP17D,PortalShell + tokens + navigation canon,DEFERRED_TO_17D,app/routing/AppRoutes.jsx,WP17B_PLATFORM_MASTER_INVENTORY.md · route census,PENDING
ROUTE-0279,shop,/shop/fuel-lube,route_screen,/shop,route_tree,PUBLIC,MIGRATE_IN_WP17D,route_element,WP17C_CANONICAL_PAGE,STANDARDIZE,CANONICAL_ENTRY,STANDARDIZE_FOUNDATION,ALIGN_TO_WP17B_TERMINOLOGY,ADD_CONTEXTUAL_HELP_WHERE_REQUIRED,TOKENIZE_ONLY,DEFERRED_TO_WP17D,PortalShell + tokens + navigation canon,DEFERRED_TO_17D,app/routing/AppRoutes.jsx,WP17B_PLATFORM_MASTER_INVENTORY.md · route census,PENDING
ROUTE-0280,shop,/shop/fuel-lube/:visitId,detail_route,/shop/fuel-lube,route_tree,DETAIL,KEEP_HIDDEN_DETAIL,route_element,WP17C_CANONICAL_DETAIL_PAGE,STANDARDIZE,SEARCH_ONLY,STANDARDIZE_FOUNDATION,ALIGN_TO_WP17B_TERMINOLOGY,ADD_CONTEXTUAL_HELP_WHERE_REQUIRED,TOKENIZE_ONLY,DEFERRED_TO_WP17D,PortalShell + tokens + navigation canon,DEFERRED_TO_17D,app/routing/AppRoutes.jsx,WP17B_PLATFORM_MASTER_INVENTORY.md · route census,PENDING
ROUTE-0281,shop,/shop/service-truck-reconciliation/new,route_screen,/shop/service-truck-reconciliation,route_tree,PUBLIC,MIGRATE_IN_WP17D,route_element,WP17C_CANONICAL_PAGE,STANDARDIZE,CANONICAL_ENTRY,STANDARDIZE_FOUNDATION,ALIGN_TO_WP17B_TERMINOLOGY,ADD_CONTEXTUAL_HELP_WHERE_REQUIRED,TOKENIZE_ONLY,DEFERRED_TO_WP17D,PortalShell + tokens + navigation canon,DEFERRED_TO_17D,app/routing/AppRoutes.jsx,WP17B_PLATFORM_MASTER_INVENTORY.md · route census,PENDING
ROUTE-0282,shop,/shop/service-truck-reconciliation,route_screen,/shop,route_tree,PUBLIC,MIGRATE_IN_WP17D,route_element,WP17C_CANONICAL_PAGE,STANDARDIZE,CANONICAL_ENTRY,STANDARDIZE_FOUNDATION,ALIGN_TO_WP17B_TERMINOLOGY,ADD_CONTEXTUAL_HELP_WHERE_REQUIRED,TOKENIZE_ONLY,DEFERRED_TO_WP17D,PortalShell + tokens + navigation canon,DEFERRED_TO_17D,app/routing/AppRoutes.jsx,WP17B_PLATFORM_MASTER_INVENTORY.md · route census,PENDING
ROUTE-0283,shop,/shop/service-truck-reconciliation/:recId,detail_route,/shop/service-truck-reconciliation,route_tree,DETAIL,KEEP_HIDDEN_DETAIL,route_element,WP17C_CANONICAL_DETAIL_PAGE,STANDARDIZE,SEARCH_ONLY,STANDARDIZE_FOUNDATION,ALIGN_TO_WP17B_TERMINOLOGY,ADD_CONTEXTUAL_HELP_WHERE_REQUIRED,TOKENIZE_ONLY,DEFERRED_TO_WP17D,PortalShell + tokens + navigation canon,DEFERRED_TO_17D,app/routing/AppRoutes.jsx,WP17B_PLATFORM_MASTER_INVENTORY.md · route census,PENDING
ROUTE-0284,shop,/shop/pm,route_screen,/shop,route_tree,PUBLIC,MIGRATE_IN_WP17D,route_element,WP17C_CANONICAL_PAGE,STANDARDIZE,CANONICAL_ENTRY,STANDARDIZE_FOUNDATION,ALIGN_TO_WP17B_TERMINOLOGY,ADD_CONTEXTUAL_HELP_WHERE_REQUIRED,TOKENIZE_ONLY,DEFERRED_TO_WP17D,PortalShell + tokens + navigation canon,DEFERRED_TO_17D,app/routing/AppRoutes.jsx,WP17B_PLATFORM_MASTER_INVENTORY.md · route census,PENDING
ROUTE-0285,shop,/shop/pm/templates,route_screen,/shop/pm,route_tree,PUBLIC,MIGRATE_IN_WP17D,route_element,WP17C_CANONICAL_PAGE,STANDARDIZE,CANONICAL_ENTRY,STANDARDIZE_FOUNDATION,ALIGN_TO_WP17B_TERMINOLOGY,ADD_CONTEXTUAL_HELP_WHERE_REQUIRED,TOKENIZE_ONLY,DEFERRED_TO_WP17D,PortalShell + tokens + navigation canon,DEFERRED_TO_17D,app/routing/AppRoutes.jsx,WP17B_PLATFORM_MASTER_INVENTORY.md · route census,PENDING
ROUTE-0286,shop,/shop/pm/schedules,route_screen,/shop/pm,route_tree,PUBLIC,MIGRATE_IN_WP17D,route_element,WP17C_CANONICAL_PAGE,STANDARDIZE,CANONICAL_ENTRY,STANDARDIZE_FOUNDATION,ALIGN_TO_WP17B_TERMINOLOGY,ADD_CONTEXTUAL_HELP_WHERE_REQUIRED,TOKENIZE_ONLY,DEFERRED_TO_WP17D,PortalShell + tokens + navigation canon,DEFERRED_TO_17D,app/routing/AppRoutes.jsx,WP17B_PLATFORM_MASTER_INVENTORY.md · route census,PENDING
ROUTE-0287,shop,/shop/pm/work-orders,route_screen,/shop/pm,route_tree,PUBLIC,MIGRATE_IN_WP17D,route_element,WP17C_CANONICAL_PAGE,STANDARDIZE,CANONICAL_ENTRY,STANDARDIZE_FOUNDATION,ALIGN_TO_WP17B_TERMINOLOGY,ADD_CONTEXTUAL_HELP_WHERE_REQUIRED,TOKENIZE_ONLY,DEFERRED_TO_WP17D,PortalShell + tokens + navigation canon,DEFERRED_TO_17D,app/routing/AppRoutes.jsx,WP17B_PLATFORM_MASTER_INVENTORY.md · route census,PENDING
ROUTE-0288,shop,/shop/pm/work-orders/:id,detail_route,/shop/pm/work-orders,route_tree,DETAIL,KEEP_HIDDEN_DETAIL,route_element,WP17C_CANONICAL_DETAIL_PAGE,STANDARDIZE,SEARCH_ONLY,STANDARDIZE_FOUNDATION,ALIGN_TO_WP17B_TERMINOLOGY,ADD_CONTEXTUAL_HELP_WHERE_REQUIRED,TOKENIZE_ONLY,DEFERRED_TO_WP17D,PortalShell + tokens + navigation canon,DEFERRED_TO_17D,app/routing/AppRoutes.jsx,WP17B_PLATFORM_MASTER_INVENTORY.md · route census,PENDING
ROUTE-0289,shop,/shop/trench-safety-repairs,route_screen,/shop,route_tree,PUBLIC,MIGRATE_IN_WP17D,route_element,WP17C_CANONICAL_PAGE,STANDARDIZE,CANONICAL_ENTRY,STANDARDIZE_FOUNDATION,ALIGN_TO_WP17B_TERMINOLOGY,ADD_CONTEXTUAL_HELP_WHERE_REQUIRED,TOKENIZE_ONLY,DEFERRED_TO_WP17D,PortalShell + tokens + navigation canon,DEFERRED_TO_17D,app/routing/AppRoutes.jsx,WP17B_PLATFORM_MASTER_INVENTORY.md · route census,PENDING
ROUTE-0290,shop,/shop/fleet,route_screen,/shop,route_tree,PUBLIC,MIGRATE_IN_WP17D,route_element,WP17C_CANONICAL_PAGE,STANDARDIZE,CANONICAL_ENTRY,STANDARDIZE_FOUNDATION,ALIGN_TO_WP17B_TERMINOLOGY,ADD_CONTEXTUAL_HELP_WHERE_REQUIRED,TOKENIZE_ONLY,DEFERRED_TO_WP17D,PortalShell + tokens + navigation canon,DEFERRED_TO_17D,app/routing/AppRoutes.jsx,WP17B_PLATFORM_MASTER_INVENTORY.md · route census,PENDING
ROUTE-0291,public_shared,/fleet/unit/:unit_number,detail_route,/fleet/unit,route_tree,DETAIL,KEEP_HIDDEN_DETAIL,route_element,WP17C_CANONICAL_DETAIL_PAGE,STANDARDIZE,SEARCH_ONLY,STANDARDIZE_FOUNDATION,ALIGN_TO_WP17B_TERMINOLOGY,ADD_CONTEXTUAL_HELP_WHERE_REQUIRED,TOKENIZE_ONLY,DEFERRED_TO_WP17D,PortalShell + tokens + navigation canon,DEFERRED_TO_17D,app/routing/AppRoutes.jsx,WP17B_PLATFORM_MASTER_INVENTORY.md · route census,PENDING
ROUTE-0292,shop,/shop/equipment,route_screen,/shop,route_tree,PUBLIC,MIGRATE_IN_WP17D,route_element,WP17C_CANONICAL_PAGE,STANDARDIZE,CANONICAL_ENTRY,STANDARDIZE_FOUNDATION,ALIGN_TO_WP17B_TERMINOLOGY,ADD_CONTEXTUAL_HELP_WHERE_REQUIRED,TOKENIZE_ONLY,DEFERRED_TO_WP17D,PortalShell + tokens + navigation canon,DEFERRED_TO_17D,app/routing/AppRoutes.jsx,WP17B_PLATFORM_MASTER_INVENTORY.md · route census,PENDING
ROUTE-0293,shop,/shop/equipment/:id,detail_route,/shop/equipment,route_tree,DETAIL,KEEP_HIDDEN_DETAIL,route_element,WP17C_CANONICAL_DETAIL_PAGE,STANDARDIZE,SEARCH_ONLY,STANDARDIZE_FOUNDATION,ALIGN_TO_WP17B_TERMINOLOGY,ADD_CONTEXTUAL_HELP_WHERE_REQUIRED,TOKENIZE_ONLY,DEFERRED_TO_WP17D,PortalShell + tokens + navigation canon,DEFERRED_TO_17D,app/routing/AppRoutes.jsx,WP17B_PLATFORM_MASTER_INVENTORY.md · route census,PENDING
ROUTE-0294,hr,/hr/login,route_screen,/hr,route_tree,PUBLIC,MIGRATE_IN_WP17D,HrLogin,WP17C_CANONICAL_PAGE,STANDARDIZE,CANONICAL_ENTRY,STANDARDIZE_FOUNDATION,ALIGN_TO_WP17B_TERMINOLOGY,ADD_CONTEXTUAL_HELP_WHERE_REQUIRED,TOKENIZE_ONLY,DEFERRED_TO_WP17D,PortalShell + tokens + navigation canon,DEFERRED_TO_17D,app/routing/AppRoutes.jsx,WP17B_PLATFORM_MASTER_INVENTORY.md · route census,PENDING
ROUTE-0295,public_shared,/sign-in,route_screen,/,route_tree,PUBLIC,REPRESENTATIVE_IMPLEMENTATION,SignIn,WP17C_CANONICAL_PAGE,KEEP,CANONICAL_ENTRY,REPRESENTATIVE_IMPLEMENTATION,ALIGN_TO_WP17B_TERMINOLOGY,ADD_CONTEXTUAL_HELP_WHERE_REQUIRED,TOKENIZE_ONLY,CERTIFY_IN_REPRESENTATIVE_SET,PortalShell + tokens + navigation canon,READY,app/routing/AppRoutes.jsx,WP17B_PLATFORM_MASTER_INVENTORY.md · route census,PENDING
ROUTE-0296,public_shared,/change-password,route_screen,/,route_tree,PUBLIC,MIGRATE_IN_WP17D,DirectoryChangePassword,WP17C_CANONICAL_PAGE,STANDARDIZE,CANONICAL_ENTRY,STANDARDIZE_FOUNDATION,ALIGN_TO_WP17B_TERMINOLOGY,ADD_CONTEXTUAL_HELP_WHERE_REQUIRED,TOKENIZE_ONLY,DEFERRED_TO_WP17D,PortalShell + tokens + navigation canon,DEFERRED_TO_17D,app/routing/AppRoutes.jsx,WP17B_PLATFORM_MASTER_INVENTORY.md · route census,PENDING
ROUTE-0297,hr,/hr/forgot,route_screen,/hr,route_tree,PUBLIC,MIGRATE_IN_WP17D,HrForgotPassword,WP17C_CANONICAL_PAGE,STANDARDIZE,CANONICAL_ENTRY,STANDARDIZE_FOUNDATION,ALIGN_TO_WP17B_TERMINOLOGY,ADD_CONTEXTUAL_HELP_WHERE_REQUIRED,TOKENIZE_ONLY,DEFERRED_TO_WP17D,PortalShell + tokens + navigation canon,DEFERRED_TO_17D,app/routing/AppRoutes.jsx,WP17B_PLATFORM_MASTER_INVENTORY.md · route census,PENDING
ROUTE-0298,hr,/hr/reset/:token,detail_route,/hr/reset,route_tree,DETAIL,KEEP_HIDDEN_DETAIL,HrResetPassword,WP17C_CANONICAL_DETAIL_PAGE,STANDARDIZE,SEARCH_ONLY,STANDARDIZE_FOUNDATION,ALIGN_TO_WP17B_TERMINOLOGY,ADD_CONTEXTUAL_HELP_WHERE_REQUIRED,TOKENIZE_ONLY,DEFERRED_TO_WP17D,PortalShell + tokens + navigation canon,DEFERRED_TO_17D,app/routing/AppRoutes.jsx,WP17B_PLATFORM_MASTER_INVENTORY.md · route census,PENDING
ROUTE-0299,hr,/hr/change-password,route_screen,/hr,route_tree,PUBLIC,MIGRATE_IN_WP17D,route_element,WP17C_CANONICAL_PAGE,STANDARDIZE,CANONICAL_ENTRY,STANDARDIZE_FOUNDATION,ALIGN_TO_WP17B_TERMINOLOGY,ADD_CONTEXTUAL_HELP_WHERE_REQUIRED,TOKENIZE_ONLY,DEFERRED_TO_WP17D,PortalShell + tokens + navigation canon,DEFERRED_TO_17D,app/routing/AppRoutes.jsx,WP17B_PLATFORM_MASTER_INVENTORY.md · route census,PENDING
ROUTE-0300,hr,/hr,route_screen,/,route_tree,PUBLIC,MIGRATE_IN_WP17D,route_element,WP17C_CANONICAL_PAGE,STANDARDIZE,CANONICAL_ENTRY,STANDARDIZE_FOUNDATION,ALIGN_TO_WP17B_TERMINOLOGY,ADD_CONTEXTUAL_HELP_WHERE_REQUIRED,TOKENIZE_ONLY,DEFERRED_TO_WP17D,PortalShell + tokens + navigation canon,DEFERRED_TO_17D,app/routing/AppRoutes.jsx,WP17B_PLATFORM_MASTER_INVENTORY.md · route census,PENDING
ROUTE-0301,hr,/hr/hub_legacy,hidden_companion_route,/hr,route_tree,HIDDEN,MERGE_OR_RETIRE,route_element,WP17C_CANONICAL_PAGE,MERGE,SEARCH_ONLY,STANDARDIZE_FOUNDATION,ALIGN_TO_WP17B_TERMINOLOGY,ADD_CONTEXTUAL_HELP_WHERE_REQUIRED,TOKENIZE_ONLY,DEFERRED_TO_WP17D,PortalShell + tokens + navigation canon,DEFERRED_TO_17D,app/routing/AppRoutes.jsx,WP17B_PLATFORM_MASTER_INVENTORY.md · route census,PENDING
ROUTE-0302,hr,/hr/hub_v2,hidden_companion_route,/hr,route_tree,HIDDEN,MERGE_OR_RETIRE,route_element,WP17C_CANONICAL_PAGE,MERGE,SEARCH_ONLY,STANDARDIZE_FOUNDATION,ALIGN_TO_WP17B_TERMINOLOGY,ADD_CONTEXTUAL_HELP_WHERE_REQUIRED,TOKENIZE_ONLY,DEFERRED_TO_WP17D,PortalShell + tokens + navigation canon,DEFERRED_TO_17D,app/routing/AppRoutes.jsx,WP17B_PLATFORM_MASTER_INVENTORY.md · route census,PENDING
ROUTE-0303,hr,/hr/field-leadership,route_screen,/hr,route_tree,PUBLIC,MIGRATE_IN_WP17D,route_element,WP17C_CANONICAL_PAGE,STANDARDIZE,CANONICAL_ENTRY,STANDARDIZE_FOUNDATION,ALIGN_TO_WP17B_TERMINOLOGY,ADD_CONTEXTUAL_HELP_WHERE_REQUIRED,TOKENIZE_ONLY,DEFERRED_TO_WP17D,PortalShell + tokens + navigation canon,DEFERRED_TO_17D,app/routing/AppRoutes.jsx,WP17B_PLATFORM_MASTER_INVENTORY.md · route census,PENDING
ROUTE-0304,hr,/hr/field-leadership-users,route_screen,/hr,route_tree,PUBLIC,MIGRATE_IN_WP17D,route_element,WP17C_CANONICAL_PAGE,STANDARDIZE,CANONICAL_ENTRY,STANDARDIZE_FOUNDATION,ALIGN_TO_WP17B_TERMINOLOGY,ADD_CONTEXTUAL_HELP_WHERE_REQUIRED,TOKENIZE_ONLY,DEFERRED_TO_WP17D,PortalShell + tokens + navigation canon,DEFERRED_TO_17D,app/routing/AppRoutes.jsx,WP17B_PLATFORM_MASTER_INVENTORY.md · route census,PENDING
ROUTE-0305,hr,/hr/employee-accountability,route_screen,/hr,route_tree,PUBLIC,MIGRATE_IN_WP17D,route_element,WP17C_CANONICAL_PAGE,STANDARDIZE,CANONICAL_ENTRY,STANDARDIZE_FOUNDATION,ALIGN_TO_WP17B_TERMINOLOGY,ADD_CONTEXTUAL_HELP_WHERE_REQUIRED,TOKENIZE_ONLY,DEFERRED_TO_WP17D,PortalShell + tokens + navigation canon,DEFERRED_TO_17D,app/routing/AppRoutes.jsx,WP17B_PLATFORM_MASTER_INVENTORY.md · route census,PENDING
ROUTE-0306,hr,/hr/time-verification,route_screen,/hr,route_tree,PUBLIC,MIGRATE_IN_WP17D,route_element,WP17C_CANONICAL_PAGE,STANDARDIZE,CANONICAL_ENTRY,STANDARDIZE_FOUNDATION,ALIGN_TO_WP17B_TERMINOLOGY,ADD_CONTEXTUAL_HELP_WHERE_REQUIRED,TOKENIZE_ONLY,DEFERRED_TO_WP17D,PortalShell + tokens + navigation canon,DEFERRED_TO_17D,app/routing/AppRoutes.jsx,WP17B_PLATFORM_MASTER_INVENTORY.md · route census,PENDING
ROUTE-0307,hr,/hr/time-off,route_screen,/hr,route_tree,PUBLIC,MIGRATE_IN_WP17D,route_element,WP17C_CANONICAL_PAGE,STANDARDIZE,CANONICAL_ENTRY,STANDARDIZE_FOUNDATION,ALIGN_TO_WP17B_TERMINOLOGY,ADD_CONTEXTUAL_HELP_WHERE_REQUIRED,TOKENIZE_ONLY,DEFERRED_TO_WP17D,PortalShell + tokens + navigation canon,DEFERRED_TO_17D,app/routing/AppRoutes.jsx,WP17B_PLATFORM_MASTER_INVENTORY.md · route census,PENDING
ROUTE-0308,hr,/hr/payroll-variance,route_screen,/hr,route_tree,PUBLIC,MIGRATE_IN_WP17D,route_element,WP17C_CANONICAL_PAGE,STANDARDIZE,CANONICAL_ENTRY,STANDARDIZE_FOUNDATION,ALIGN_TO_WP17B_TERMINOLOGY,ADD_CONTEXTUAL_HELP_WHERE_REQUIRED,TOKENIZE_ONLY,DEFERRED_TO_WP17D,PortalShell + tokens + navigation canon,DEFERRED_TO_17D,app/routing/AppRoutes.jsx,WP17B_PLATFORM_MASTER_INVENTORY.md · route census,PENDING
ROUTE-0309,hr,/hr/training-records,route_screen,/hr,route_tree,PUBLIC,MIGRATE_IN_WP17D,route_element,WP17C_CANONICAL_PAGE,STANDARDIZE,CANONICAL_ENTRY,STANDARDIZE_FOUNDATION,ALIGN_TO_WP17B_TERMINOLOGY,ADD_CONTEXTUAL_HELP_WHERE_REQUIRED,TOKENIZE_ONLY,DEFERRED_TO_WP17D,PortalShell + tokens + navigation canon,DEFERRED_TO_17D,app/routing/AppRoutes.jsx,WP17B_PLATFORM_MASTER_INVENTORY.md · route census,PENDING
ROUTE-0310,hr,/hr/qualifications,route_screen,/hr,route_tree,PUBLIC,MIGRATE_IN_WP17D,route_element,WP17C_CANONICAL_PAGE,STANDARDIZE,CANONICAL_ENTRY,STANDARDIZE_FOUNDATION,ALIGN_TO_WP17B_TERMINOLOGY,ADD_CONTEXTUAL_HELP_WHERE_REQUIRED,TOKENIZE_ONLY,DEFERRED_TO_WP17D,PortalShell + tokens + navigation canon,DEFERRED_TO_17D,app/routing/AppRoutes.jsx,WP17B_PLATFORM_MASTER_INVENTORY.md · route census,PENDING
ROUTE-0311,hr,/hr/driver-qualification,route_screen,/hr,route_tree,PUBLIC,MIGRATE_IN_WP17D,route_element,WP17C_CANONICAL_PAGE,STANDARDIZE,CANONICAL_ENTRY,STANDARDIZE_FOUNDATION,ALIGN_TO_WP17B_TERMINOLOGY,ADD_CONTEXTUAL_HELP_WHERE_REQUIRED,TOKENIZE_ONLY,DEFERRED_TO_WP17D,PortalShell + tokens + navigation canon,DEFERRED_TO_17D,app/routing/AppRoutes.jsx,WP17B_PLATFORM_MASTER_INVENTORY.md · route census,PENDING
ROUTE-0312,hr,/hr/driver-qualification/import,route_screen,/hr/driver-qualification,route_tree,PUBLIC,MIGRATE_IN_WP17D,route_element,WP17C_CANONICAL_PAGE,STANDARDIZE,CANONICAL_ENTRY,STANDARDIZE_FOUNDATION,ALIGN_TO_WP17B_TERMINOLOGY,ADD_CONTEXTUAL_HELP_WHERE_REQUIRED,TOKENIZE_ONLY,DEFERRED_TO_WP17D,PortalShell + tokens + navigation canon,DEFERRED_TO_17D,app/routing/AppRoutes.jsx,WP17B_PLATFORM_MASTER_INVENTORY.md · route census,PENDING
ROUTE-0313,hr,/hr/daily-reports,route_screen,/hr,route_tree,PUBLIC,MIGRATE_IN_WP17D,route_element,WP17C_CANONICAL_PAGE,STANDARDIZE,CANONICAL_ENTRY,STANDARDIZE_FOUNDATION,ALIGN_TO_WP17B_TERMINOLOGY,ADD_CONTEXTUAL_HELP_WHERE_REQUIRED,TOKENIZE_ONLY,DEFERRED_TO_WP17D,PortalShell + tokens + navigation canon,DEFERRED_TO_17D,app/routing/AppRoutes.jsx,WP17B_PLATFORM_MASTER_INVENTORY.md · route census,PENDING
ROUTE-0314,hr,/hr/daily-reports/:id,detail_route,/hr/daily-reports,route_tree,DETAIL,KEEP_HIDDEN_DETAIL,route_element,WP17C_CANONICAL_DETAIL_PAGE,STANDARDIZE,SEARCH_ONLY,STANDARDIZE_FOUNDATION,ALIGN_TO_WP17B_TERMINOLOGY,ADD_CONTEXTUAL_HELP_WHERE_REQUIRED,TOKENIZE_ONLY,DEFERRED_TO_WP17D,PortalShell + tokens + navigation canon,DEFERRED_TO_17D,app/routing/AppRoutes.jsx,WP17B_PLATFORM_MASTER_INVENTORY.md · route census,PENDING
ROUTE-0315,hr,/hr/motive-drivers,route_screen,/hr,route_tree,PUBLIC,MIGRATE_IN_WP17D,route_element,WP17C_CANONICAL_PAGE,STANDARDIZE,CANONICAL_ENTRY,STANDARDIZE_FOUNDATION,ALIGN_TO_WP17B_TERMINOLOGY,ADD_CONTEXTUAL_HELP_WHERE_REQUIRED,TOKENIZE_ONLY,DEFERRED_TO_WP17D,PortalShell + tokens + navigation canon,DEFERRED_TO_17D,app/routing/AppRoutes.jsx,WP17B_PLATFORM_MASTER_INVENTORY.md · route census,PENDING
ROUTE-0316,hr,/hr/driver/:driverKey,detail_route,/hr/driver,route_tree,DETAIL,KEEP_HIDDEN_DETAIL,route_element,WP17C_CANONICAL_DETAIL_PAGE,STANDARDIZE,SEARCH_ONLY,STANDARDIZE_FOUNDATION,ALIGN_TO_WP17B_TERMINOLOGY,ADD_CONTEXTUAL_HELP_WHERE_REQUIRED,TOKENIZE_ONLY,DEFERRED_TO_WP17D,PortalShell + tokens + navigation canon,DEFERRED_TO_17D,app/routing/AppRoutes.jsx,WP17B_PLATFORM_MASTER_INVENTORY.md · route census,PENDING
ROUTE-0317,public_shared,/time-off/public/:token,detail_route,/time-off/public,route_tree,DETAIL,KEEP_HIDDEN_DETAIL,PublicTimeOff,WP17C_CANONICAL_DETAIL_PAGE,STANDARDIZE,SEARCH_ONLY,STANDARDIZE_FOUNDATION,ALIGN_TO_WP17B_TERMINOLOGY,ADD_CONTEXTUAL_HELP_WHERE_REQUIRED,TOKENIZE_ONLY,DEFERRED_TO_WP17D,PortalShell + tokens + navigation canon,DEFERRED_TO_17D,app/routing/AppRoutes.jsx,WP17B_PLATFORM_MASTER_INVENTORY.md · route census,PENDING
ROUTE-0318,field_leadership,/field-leadership/portal/login,route_screen,/field-leadership/portal,route_tree,PUBLIC,MIGRATE_IN_WP17D,FieldLeadershipPortalLogin,WP17C_CANONICAL_PAGE,STANDARDIZE,CANONICAL_ENTRY,STANDARDIZE_FOUNDATION,ALIGN_TO_WP17B_TERMINOLOGY,ADD_CONTEXTUAL_HELP_WHERE_REQUIRED,TOKENIZE_ONLY,DEFERRED_TO_WP17D,PortalShell + tokens + navigation canon,DEFERRED_TO_17D,app/routing/AppRoutes.jsx,WP17B_PLATFORM_MASTER_INVENTORY.md · route census,PENDING
ROUTE-0319,field_leadership,/field-leadership/portal/change-password,route_screen,/field-leadership/portal,route_tree,PUBLIC,MIGRATE_IN_WP17D,route_element,WP17C_CANONICAL_PAGE,STANDARDIZE,CANONICAL_ENTRY,STANDARDIZE_FOUNDATION,ALIGN_TO_WP17B_TERMINOLOGY,ADD_CONTEXTUAL_HELP_WHERE_REQUIRED,TOKENIZE_ONLY,DEFERRED_TO_WP17D,PortalShell + tokens + navigation canon,DEFERRED_TO_17D,app/routing/AppRoutes.jsx,WP17B_PLATFORM_MASTER_INVENTORY.md · route census,PENDING
ROUTE-0320,field_leadership,/field-leadership/portal/dashboard,route_screen,/field-leadership/portal,route_tree,PUBLIC,MIGRATE_IN_WP17D,route_element,WP17C_CANONICAL_PAGE,STANDARDIZE,CANONICAL_ENTRY,STANDARDIZE_FOUNDATION,ALIGN_TO_WP17B_TERMINOLOGY,ADD_CONTEXTUAL_HELP_WHERE_REQUIRED,TOKENIZE_ONLY,DEFERRED_TO_WP17D,PortalShell + tokens + navigation canon,DEFERRED_TO_17D,app/routing/AppRoutes.jsx,WP17B_PLATFORM_MASTER_INVENTORY.md · route census,PENDING
ROUTE-0321,field_leadership,/field-leadership/portal,route_screen,/field-leadership,route_tree,PUBLIC,MIGRATE_IN_WP17D,route_element,WP17C_CANONICAL_PAGE,STANDARDIZE,CANONICAL_ENTRY,STANDARDIZE_FOUNDATION,ALIGN_TO_WP17B_TERMINOLOGY,ADD_CONTEXTUAL_HELP_WHERE_REQUIRED,TOKENIZE_ONLY,DEFERRED_TO_WP17D,PortalShell + tokens + navigation canon,DEFERRED_TO_17D,app/routing/AppRoutes.jsx,WP17B_PLATFORM_MASTER_INVENTORY.md · route census,PENDING
ROUTE-0322,field_leadership,/field-leadership/portal/driver-qualification,route_screen,/field-leadership/portal,route_tree,PUBLIC,MIGRATE_IN_WP17D,route_element,WP17C_CANONICAL_PAGE,STANDARDIZE,CANONICAL_ENTRY,STANDARDIZE_FOUNDATION,ALIGN_TO_WP17B_TERMINOLOGY,ADD_CONTEXTUAL_HELP_WHERE_REQUIRED,TOKENIZE_ONLY,DEFERRED_TO_WP17D,PortalShell + tokens + navigation canon,DEFERRED_TO_17D,app/routing/AppRoutes.jsx,WP17B_PLATFORM_MASTER_INVENTORY.md · route census,PENDING
ROUTE-0323,safety,/safety-portal/login,route_screen,/safety-portal,route_tree,PUBLIC,MIGRATE_IN_WP17D,SafetyLogin,WP17C_CANONICAL_PAGE,STANDARDIZE,CANONICAL_ENTRY,STANDARDIZE_FOUNDATION,ALIGN_TO_WP17B_TERMINOLOGY,ADD_CONTEXTUAL_HELP_WHERE_REQUIRED,TOKENIZE_ONLY,DEFERRED_TO_WP17D,PortalShell + tokens + navigation canon,DEFERRED_TO_17D,app/routing/AppRoutes.jsx,WP17B_PLATFORM_MASTER_INVENTORY.md · route census,PENDING
ROUTE-0324,safety,/safety-portal/forgot-password,route_screen,/safety-portal,route_tree,PUBLIC,MIGRATE_IN_WP17D,SafetyForgotPassword,WP17C_CANONICAL_PAGE,STANDARDIZE,CANONICAL_ENTRY,STANDARDIZE_FOUNDATION,ALIGN_TO_WP17B_TERMINOLOGY,ADD_CONTEXTUAL_HELP_WHERE_REQUIRED,TOKENIZE_ONLY,DEFERRED_TO_WP17D,PortalShell + tokens + navigation canon,DEFERRED_TO_17D,app/routing/AppRoutes.jsx,WP17B_PLATFORM_MASTER_INVENTORY.md · route census,PENDING
ROUTE-0325,safety,/safety-portal/reset/:token,detail_route,/safety-portal/reset,route_tree,DETAIL,KEEP_HIDDEN_DETAIL,SafetyResetPassword,WP17C_CANONICAL_DETAIL_PAGE,STANDARDIZE,SEARCH_ONLY,STANDARDIZE_FOUNDATION,ALIGN_TO_WP17B_TERMINOLOGY,ADD_CONTEXTUAL_HELP_WHERE_REQUIRED,TOKENIZE_ONLY,DEFERRED_TO_WP17D,PortalShell + tokens + navigation canon,DEFERRED_TO_17D,app/routing/AppRoutes.jsx,WP17B_PLATFORM_MASTER_INVENTORY.md · route census,PENDING
ROUTE-0326,safety,/safety-portal/change-password,route_screen,/safety-portal,route_tree,PUBLIC,MIGRATE_IN_WP17D,route_element,WP17C_CANONICAL_PAGE,STANDARDIZE,CANONICAL_ENTRY,STANDARDIZE_FOUNDATION,ALIGN_TO_WP17B_TERMINOLOGY,ADD_CONTEXTUAL_HELP_WHERE_REQUIRED,TOKENIZE_ONLY,DEFERRED_TO_WP17D,PortalShell + tokens + navigation canon,DEFERRED_TO_17D,app/routing/AppRoutes.jsx,WP17B_PLATFORM_MASTER_INVENTORY.md · route census,PENDING
ROUTE-0327,safety,/safety-portal,route_screen,/,route_tree,PUBLIC,MIGRATE_IN_WP17D,route_element,WP17C_CANONICAL_PAGE,STANDARDIZE,CANONICAL_ENTRY,STANDARDIZE_FOUNDATION,ALIGN_TO_WP17B_TERMINOLOGY,ADD_CONTEXTUAL_HELP_WHERE_REQUIRED,TOKENIZE_ONLY,DEFERRED_TO_WP17D,PortalShell + tokens + navigation canon,DEFERRED_TO_17D,app/routing/AppRoutes.jsx,WP17B_PLATFORM_MASTER_INVENTORY.md · route census,PENDING
ROUTE-0328,safety,/safety-portal/hub_legacy,hidden_companion_route,/safety-portal,route_tree,HIDDEN,MERGE_OR_RETIRE,route_element,WP17C_CANONICAL_PAGE,MERGE,SEARCH_ONLY,STANDARDIZE_FOUNDATION,ALIGN_TO_WP17B_TERMINOLOGY,ADD_CONTEXTUAL_HELP_WHERE_REQUIRED,TOKENIZE_ONLY,DEFERRED_TO_WP17D,PortalShell + tokens + navigation canon,DEFERRED_TO_17D,app/routing/AppRoutes.jsx,WP17B_PLATFORM_MASTER_INVENTORY.md · route census,PENDING
ROUTE-0329,safety,/safety-portal/hub_v2,hidden_companion_route,/safety-portal,route_tree,HIDDEN,MERGE_OR_RETIRE,route_element,WP17C_CANONICAL_PAGE,MERGE,SEARCH_ONLY,STANDARDIZE_FOUNDATION,ALIGN_TO_WP17B_TERMINOLOGY,ADD_CONTEXTUAL_HELP_WHERE_REQUIRED,TOKENIZE_ONLY,DEFERRED_TO_WP17D,PortalShell + tokens + navigation canon,DEFERRED_TO_17D,app/routing/AppRoutes.jsx,WP17B_PLATFORM_MASTER_INVENTORY.md · route census,PENDING
ROUTE-0330,safety,/safety-portal/fleet,route_screen,/safety-portal,route_tree,PUBLIC,MIGRATE_IN_WP17D,route_element,WP17C_CANONICAL_PAGE,STANDARDIZE,CANONICAL_ENTRY,STANDARDIZE_FOUNDATION,ALIGN_TO_WP17B_TERMINOLOGY,ADD_CONTEXTUAL_HELP_WHERE_REQUIRED,TOKENIZE_ONLY,DEFERRED_TO_WP17D,PortalShell + tokens + navigation canon,DEFERRED_TO_17D,app/routing/AppRoutes.jsx,WP17B_PLATFORM_MASTER_INVENTORY.md · route census,PENDING
ROUTE-0331,safety,/safety-portal/corrective-actions,route_screen,/safety-portal,route_tree,PUBLIC,MIGRATE_IN_WP17D,route_element,WP17C_CANONICAL_PAGE,STANDARDIZE,CANONICAL_ENTRY,STANDARDIZE_FOUNDATION,ALIGN_TO_WP17B_TERMINOLOGY,ADD_CONTEXTUAL_HELP_WHERE_REQUIRED,TOKENIZE_ONLY,DEFERRED_TO_WP17D,PortalShell + tokens + navigation canon,DEFERRED_TO_17D,app/routing/AppRoutes.jsx,WP17B_PLATFORM_MASTER_INVENTORY.md · route census,PENDING
ROUTE-0332,safety,/safety-portal/fire-extinguishers,route_screen,/safety-portal,route_tree,PUBLIC,MIGRATE_IN_WP17D,route_element,WP17C_CANONICAL_PAGE,STANDARDIZE,CANONICAL_ENTRY,STANDARDIZE_FOUNDATION,ALIGN_TO_WP17B_TERMINOLOGY,ADD_CONTEXTUAL_HELP_WHERE_REQUIRED,TOKENIZE_ONLY,DEFERRED_TO_WP17D,PortalShell + tokens + navigation canon,DEFERRED_TO_17D,app/routing/AppRoutes.jsx,WP17B_PLATFORM_MASTER_INVENTORY.md · route census,PENDING
ROUTE-0333,safety,/safety-portal/fire-extinguishers/import,route_screen,/safety-portal/fire-extinguishers,route_tree,PUBLIC,MIGRATE_IN_WP17D,route_element,WP17C_CANONICAL_PAGE,STANDARDIZE,CANONICAL_ENTRY,STANDARDIZE_FOUNDATION,ALIGN_TO_WP17B_TERMINOLOGY,ADD_CONTEXTUAL_HELP_WHERE_REQUIRED,TOKENIZE_ONLY,DEFERRED_TO_WP17D,PortalShell + tokens + navigation canon,DEFERRED_TO_17D,app/routing/AppRoutes.jsx,WP17B_PLATFORM_MASTER_INVENTORY.md · route census,PENDING
ROUTE-0334,safety,/safety-portal/documents,route_screen,/safety-portal,route_tree,PUBLIC,MIGRATE_IN_WP17D,route_element,WP17C_CANONICAL_PAGE,STANDARDIZE,CANONICAL_ENTRY,STANDARDIZE_FOUNDATION,ALIGN_TO_WP17B_TERMINOLOGY,ADD_CONTEXTUAL_HELP_WHERE_REQUIRED,TOKENIZE_ONLY,DEFERRED_TO_WP17D,PortalShell + tokens + navigation canon,DEFERRED_TO_17D,app/routing/AppRoutes.jsx,WP17B_PLATFORM_MASTER_INVENTORY.md · route census,PENDING
ROUTE-0335,safety,/safety-portal/training,route_screen,/safety-portal,route_tree,PUBLIC,MIGRATE_IN_WP17D,route_element,WP17C_CANONICAL_PAGE,STANDARDIZE,CANONICAL_ENTRY,STANDARDIZE_FOUNDATION,ALIGN_TO_WP17B_TERMINOLOGY,ADD_CONTEXTUAL_HELP_WHERE_REQUIRED,TOKENIZE_ONLY,DEFERRED_TO_WP17D,PortalShell + tokens + navigation canon,DEFERRED_TO_17D,app/routing/AppRoutes.jsx,WP17B_PLATFORM_MASTER_INVENTORY.md · route census,PENDING
ROUTE-0336,safety,/safety-portal/incidents,route_screen,/safety-portal,route_tree,PUBLIC,MIGRATE_IN_WP17D,route_element,WP17C_CANONICAL_PAGE,STANDARDIZE,CANONICAL_ENTRY,STANDARDIZE_FOUNDATION,ALIGN_TO_WP17B_TERMINOLOGY,ADD_CONTEXTUAL_HELP_WHERE_REQUIRED,TOKENIZE_ONLY,DEFERRED_TO_WP17D,PortalShell + tokens + navigation canon,DEFERRED_TO_17D,app/routing/AppRoutes.jsx,WP17B_PLATFORM_MASTER_INVENTORY.md · route census,PENDING
ROUTE-0337,safety,/safety-portal/incidents/:id,detail_route,/safety-portal/incidents,route_tree,DETAIL,KEEP_HIDDEN_DETAIL,route_element,WP17C_CANONICAL_DETAIL_PAGE,STANDARDIZE,SEARCH_ONLY,STANDARDIZE_FOUNDATION,ALIGN_TO_WP17B_TERMINOLOGY,ADD_CONTEXTUAL_HELP_WHERE_REQUIRED,TOKENIZE_ONLY,DEFERRED_TO_WP17D,PortalShell + tokens + navigation canon,DEFERRED_TO_17D,app/routing/AppRoutes.jsx,WP17B_PLATFORM_MASTER_INVENTORY.md · route census,PENDING
ROUTE-0338,safety,/safety-portal/meetings/:id,detail_route,/safety-portal/meetings,route_tree,DETAIL,KEEP_HIDDEN_DETAIL,route_element,WP17C_CANONICAL_DETAIL_PAGE,STANDARDIZE,SEARCH_ONLY,STANDARDIZE_FOUNDATION,ALIGN_TO_WP17B_TERMINOLOGY,ADD_CONTEXTUAL_HELP_WHERE_REQUIRED,TOKENIZE_ONLY,DEFERRED_TO_WP17D,PortalShell + tokens + navigation canon,DEFERRED_TO_17D,app/routing/AppRoutes.jsx,WP17B_PLATFORM_MASTER_INVENTORY.md · route census,PENDING
ROUTE-0339,safety,/safety-portal/audits,route_screen,/safety-portal,route_tree,PUBLIC,MIGRATE_IN_WP17D,route_element,WP17C_CANONICAL_PAGE,STANDARDIZE,CANONICAL_ENTRY,STANDARDIZE_FOUNDATION,ALIGN_TO_WP17B_TERMINOLOGY,ADD_CONTEXTUAL_HELP_WHERE_REQUIRED,TOKENIZE_ONLY,DEFERRED_TO_WP17D,PortalShell + tokens + navigation canon,DEFERRED_TO_17D,app/routing/AppRoutes.jsx,WP17B_PLATFORM_MASTER_INVENTORY.md · route census,PENDING
ROUTE-0340,safety,/safety-portal/forms-records,route_screen,/safety-portal,route_tree,PUBLIC,MIGRATE_IN_WP17D,route_element,WP17C_CANONICAL_PAGE,STANDARDIZE,CANONICAL_ENTRY,STANDARDIZE_FOUNDATION,ALIGN_TO_WP17B_TERMINOLOGY,ADD_CONTEXTUAL_HELP_WHERE_REQUIRED,TOKENIZE_ONLY,DEFERRED_TO_WP17D,PortalShell + tokens + navigation canon,DEFERRED_TO_17D,app/routing/AppRoutes.jsx,WP17B_PLATFORM_MASTER_INVENTORY.md · route census,PENDING
ROUTE-0341,safety,/safety-portal/reports,route_screen,/safety-portal,route_tree,PUBLIC,MIGRATE_IN_WP17D,route_element,WP17C_CANONICAL_PAGE,STANDARDIZE,CANONICAL_ENTRY,STANDARDIZE_FOUNDATION,ALIGN_TO_WP17B_TERMINOLOGY,ADD_CONTEXTUAL_HELP_WHERE_REQUIRED,TOKENIZE_ONLY,DEFERRED_TO_WP17D,PortalShell + tokens + navigation canon,DEFERRED_TO_17D,app/routing/AppRoutes.jsx,WP17B_PLATFORM_MASTER_INVENTORY.md · route census,PENDING
ROUTE-0342,safety,/safety-portal/library,route_screen,/safety-portal,route_tree,PUBLIC,MIGRATE_IN_WP17D,route_element,WP17C_CANONICAL_PAGE,STANDARDIZE,CANONICAL_ENTRY,STANDARDIZE_FOUNDATION,ALIGN_TO_WP17B_TERMINOLOGY,ADD_CONTEXTUAL_HELP_WHERE_REQUIRED,TOKENIZE_ONLY,DEFERRED_TO_WP17D,PortalShell + tokens + navigation canon,DEFERRED_TO_17D,app/routing/AppRoutes.jsx,WP17B_PLATFORM_MASTER_INVENTORY.md · route census,PENDING
ROUTE-0343,safety,/safety-portal/employees,route_screen,/safety-portal,route_tree,PUBLIC,MIGRATE_IN_WP17D,route_element,WP17C_CANONICAL_PAGE,STANDARDIZE,CANONICAL_ENTRY,STANDARDIZE_FOUNDATION,ALIGN_TO_WP17B_TERMINOLOGY,ADD_CONTEXTUAL_HELP_WHERE_REQUIRED,TOKENIZE_ONLY,DEFERRED_TO_WP17D,PortalShell + tokens + navigation canon,DEFERRED_TO_17D,app/routing/AppRoutes.jsx,WP17B_PLATFORM_MASTER_INVENTORY.md · route census,PENDING
ROUTE-0344,safety,/safety-portal/digest,route_screen,/safety-portal,route_tree,PUBLIC,MIGRATE_IN_WP17D,route_element,WP17C_CANONICAL_PAGE,STANDARDIZE,CANONICAL_ENTRY,STANDARDIZE_FOUNDATION,ALIGN_TO_WP17B_TERMINOLOGY,ADD_CONTEXTUAL_HELP_WHERE_REQUIRED,TOKENIZE_ONLY,DEFERRED_TO_WP17D,PortalShell + tokens + navigation canon,DEFERRED_TO_17D,app/routing/AppRoutes.jsx,WP17B_PLATFORM_MASTER_INVENTORY.md · route census,PENDING
ROUTE-0345,safety,/safety-portal/inspections,route_screen,/safety-portal,route_tree,PUBLIC,MIGRATE_IN_WP17D,route_element,WP17C_CANONICAL_PAGE,STANDARDIZE,CANONICAL_ENTRY,STANDARDIZE_FOUNDATION,ALIGN_TO_WP17B_TERMINOLOGY,ADD_CONTEXTUAL_HELP_WHERE_REQUIRED,TOKENIZE_ONLY,DEFERRED_TO_WP17D,PortalShell + tokens + navigation canon,DEFERRED_TO_17D,app/routing/AppRoutes.jsx,WP17B_PLATFORM_MASTER_INVENTORY.md · route census,PENDING
ROUTE-0346,safety,/safety-portal/inspections/:id,detail_route,/safety-portal/inspections,route_tree,DETAIL,KEEP_HIDDEN_DETAIL,route_element,WP17C_CANONICAL_DETAIL_PAGE,STANDARDIZE,SEARCH_ONLY,STANDARDIZE_FOUNDATION,ALIGN_TO_WP17B_TERMINOLOGY,ADD_CONTEXTUAL_HELP_WHERE_REQUIRED,TOKENIZE_ONLY,DEFERRED_TO_WP17D,PortalShell + tokens + navigation canon,DEFERRED_TO_17D,app/routing/AppRoutes.jsx,WP17B_PLATFORM_MASTER_INVENTORY.md · route census,PENDING
ROUTE-0347,safety,/safety-portal/jha-plans,route_screen,/safety-portal,route_tree,PUBLIC,MIGRATE_IN_WP17D,route_element,WP17C_CANONICAL_PAGE,STANDARDIZE,CANONICAL_ENTRY,STANDARDIZE_FOUNDATION,ALIGN_TO_WP17B_TERMINOLOGY,ADD_CONTEXTUAL_HELP_WHERE_REQUIRED,TOKENIZE_ONLY,DEFERRED_TO_WP17D,PortalShell + tokens + navigation canon,DEFERRED_TO_17D,app/routing/AppRoutes.jsx,WP17B_PLATFORM_MASTER_INVENTORY.md · route census,PENDING
ROUTE-0348,safety,/safety-portal/driver/:driverKey,detail_route,/safety-portal/driver,route_tree,DETAIL,KEEP_HIDDEN_DETAIL,route_element,WP17C_CANONICAL_DETAIL_PAGE,STANDARDIZE,SEARCH_ONLY,STANDARDIZE_FOUNDATION,ALIGN_TO_WP17B_TERMINOLOGY,ADD_CONTEXTUAL_HELP_WHERE_REQUIRED,TOKENIZE_ONLY,DEFERRED_TO_WP17D,PortalShell + tokens + navigation canon,DEFERRED_TO_17D,app/routing/AppRoutes.jsx,WP17B_PLATFORM_MASTER_INVENTORY.md · route census,PENDING
ROUTE-0349,hr,/hr/safety-records,route_screen,/hr,route_tree,PUBLIC,MIGRATE_IN_WP17D,route_element,WP17C_CANONICAL_PAGE,STANDARDIZE,CANONICAL_ENTRY,STANDARDIZE_FOUNDATION,ALIGN_TO_WP17B_TERMINOLOGY,ADD_CONTEXTUAL_HELP_WHERE_REQUIRED,TOKENIZE_ONLY,DEFERRED_TO_WP17D,PortalShell + tokens + navigation canon,DEFERRED_TO_17D,app/routing/AppRoutes.jsx,WP17B_PLATFORM_MASTER_INVENTORY.md · route census,PENDING
ROUTE-0350,dispatch,/dispatch-portal/login,route_screen,/dispatch-portal,route_tree,PUBLIC,MIGRATE_IN_WP17D,DispatchLogin,WP17C_CANONICAL_PAGE,STANDARDIZE,CANONICAL_ENTRY,STANDARDIZE_FOUNDATION,ALIGN_TO_WP17B_TERMINOLOGY,ADD_CONTEXTUAL_HELP_WHERE_REQUIRED,TOKENIZE_ONLY,DEFERRED_TO_WP17D,PortalShell + tokens + navigation canon,DEFERRED_TO_17D,app/routing/AppRoutes.jsx,WP17B_PLATFORM_MASTER_INVENTORY.md · route census,PENDING
ROUTE-0351,field_leadership,/leadership/login,route_screen,/leadership,route_tree,PUBLIC,MIGRATE_IN_WP17D,FieldLeadershipPortalLogin,WP17C_CANONICAL_PAGE,STANDARDIZE,CANONICAL_ENTRY,STANDARDIZE_FOUNDATION,ALIGN_TO_WP17B_TERMINOLOGY,ADD_CONTEXTUAL_HELP_WHERE_REQUIRED,TOKENIZE_ONLY,DEFERRED_TO_WP17D,PortalShell + tokens + navigation canon,DEFERRED_TO_17D,app/routing/AppRoutes.jsx,WP17B_PLATFORM_MASTER_INVENTORY.md · route census,PENDING
ROUTE-0352,dispatch,/dispatch-portal/forgot-password,route_screen,/dispatch-portal,route_tree,PUBLIC,MIGRATE_IN_WP17D,DispatchForgotPassword,WP17C_CANONICAL_PAGE,STANDARDIZE,CANONICAL_ENTRY,STANDARDIZE_FOUNDATION,ALIGN_TO_WP17B_TERMINOLOGY,ADD_CONTEXTUAL_HELP_WHERE_REQUIRED,TOKENIZE_ONLY,DEFERRED_TO_WP17D,PortalShell + tokens + navigation canon,DEFERRED_TO_17D,app/routing/AppRoutes.jsx,WP17B_PLATFORM_MASTER_INVENTORY.md · route census,PENDING
ROUTE-0353,dispatch,/dispatch-portal/reset/:token,detail_route,/dispatch-portal/reset,route_tree,DETAIL,KEEP_HIDDEN_DETAIL,DispatchResetPassword,WP17C_CANONICAL_DETAIL_PAGE,STANDARDIZE,SEARCH_ONLY,STANDARDIZE_FOUNDATION,ALIGN_TO_WP17B_TERMINOLOGY,ADD_CONTEXTUAL_HELP_WHERE_REQUIRED,TOKENIZE_ONLY,DEFERRED_TO_WP17D,PortalShell + tokens + navigation canon,DEFERRED_TO_17D,app/routing/AppRoutes.jsx,WP17B_PLATFORM_MASTER_INVENTORY.md · route census,PENDING
ROUTE-0354,dispatch,/dispatch-portal/change-password,route_screen,/dispatch-portal,route_tree,PUBLIC,MIGRATE_IN_WP17D,route_element,WP17C_CANONICAL_PAGE,STANDARDIZE,CANONICAL_ENTRY,STANDARDIZE_FOUNDATION,ALIGN_TO_WP17B_TERMINOLOGY,ADD_CONTEXTUAL_HELP_WHERE_REQUIRED,TOKENIZE_ONLY,DEFERRED_TO_WP17D,PortalShell + tokens + navigation canon,DEFERRED_TO_17D,app/routing/AppRoutes.jsx,WP17B_PLATFORM_MASTER_INVENTORY.md · route census,PENDING
ROUTE-0355,dispatch,/dispatch-portal,route_screen,/,route_tree,PUBLIC,MIGRATE_IN_WP17D,route_element,WP17C_CANONICAL_PAGE,STANDARDIZE,CANONICAL_ENTRY,STANDARDIZE_FOUNDATION,ALIGN_TO_WP17B_TERMINOLOGY,ADD_CONTEXTUAL_HELP_WHERE_REQUIRED,TOKENIZE_ONLY,DEFERRED_TO_WP17D,PortalShell + tokens + navigation canon,DEFERRED_TO_17D,app/routing/AppRoutes.jsx,WP17B_PLATFORM_MASTER_INVENTORY.md · route census,PENDING
ROUTE-0356,dispatch,/dispatch-portal/hub_legacy,hidden_companion_route,/dispatch-portal,route_tree,HIDDEN,MERGE_OR_RETIRE,route_element,WP17C_CANONICAL_PAGE,MERGE,SEARCH_ONLY,STANDARDIZE_FOUNDATION,ALIGN_TO_WP17B_TERMINOLOGY,ADD_CONTEXTUAL_HELP_WHERE_REQUIRED,TOKENIZE_ONLY,DEFERRED_TO_WP17D,PortalShell + tokens + navigation canon,DEFERRED_TO_17D,app/routing/AppRoutes.jsx,WP17B_PLATFORM_MASTER_INVENTORY.md · route census,PENDING
ROUTE-0357,dispatch,/dispatch-portal/hub_v2,hidden_companion_route,/dispatch-portal,route_tree,HIDDEN,MERGE_OR_RETIRE,route_element,WP17C_CANONICAL_PAGE,MERGE,SEARCH_ONLY,STANDARDIZE_FOUNDATION,ALIGN_TO_WP17B_TERMINOLOGY,ADD_CONTEXTUAL_HELP_WHERE_REQUIRED,TOKENIZE_ONLY,DEFERRED_TO_WP17D,PortalShell + tokens + navigation canon,DEFERRED_TO_17D,app/routing/AppRoutes.jsx,WP17B_PLATFORM_MASTER_INVENTORY.md · route census,PENDING
ROUTE-0358,dispatch,/dispatch-portal/board,route_screen,/dispatch-portal,route_tree,PUBLIC,MIGRATE_IN_WP17D,route_element,WP17C_CANONICAL_PAGE,STANDARDIZE,CANONICAL_ENTRY,STANDARDIZE_FOUNDATION,ALIGN_TO_WP17B_TERMINOLOGY,ADD_CONTEXTUAL_HELP_WHERE_REQUIRED,TOKENIZE_ONLY,DEFERRED_TO_WP17D,PortalShell + tokens + navigation canon,DEFERRED_TO_17D,app/routing/AppRoutes.jsx,WP17B_PLATFORM_MASTER_INVENTORY.md · route census,PENDING
ROUTE-0359,dispatch,/dispatch-portal/command,route_screen,/dispatch-portal,route_tree,PUBLIC,MIGRATE_IN_WP17D,route_element,WP17C_CANONICAL_PAGE,STANDARDIZE,CANONICAL_ENTRY,STANDARDIZE_FOUNDATION,ALIGN_TO_WP17B_TERMINOLOGY,ADD_CONTEXTUAL_HELP_WHERE_REQUIRED,TOKENIZE_ONLY,DEFERRED_TO_WP17D,PortalShell + tokens + navigation canon,DEFERRED_TO_17D,app/routing/AppRoutes.jsx,WP17B_PLATFORM_MASTER_INVENTORY.md · route census,PENDING
ROUTE-0360,dispatch,/dispatch-portal/fleet,route_screen,/dispatch-portal,route_tree,PUBLIC,MIGRATE_IN_WP17D,route_element,WP17C_CANONICAL_PAGE,STANDARDIZE,CANONICAL_ENTRY,STANDARDIZE_FOUNDATION,ALIGN_TO_WP17B_TERMINOLOGY,ADD_CONTEXTUAL_HELP_WHERE_REQUIRED,TOKENIZE_ONLY,DEFERRED_TO_WP17D,PortalShell + tokens + navigation canon,DEFERRED_TO_17D,app/routing/AppRoutes.jsx,WP17B_PLATFORM_MASTER_INVENTORY.md · route census,PENDING
ROUTE-0361,dispatch,/dispatch-portal/map,route_screen,/dispatch-portal,route_tree,PUBLIC,MIGRATE_IN_WP17D,route_element,WP17C_CANONICAL_PAGE,STANDARDIZE,CANONICAL_ENTRY,STANDARDIZE_FOUNDATION,ALIGN_TO_WP17B_TERMINOLOGY,ADD_CONTEXTUAL_HELP_WHERE_REQUIRED,TOKENIZE_ONLY,DEFERRED_TO_WP17D,PortalShell + tokens + navigation canon,DEFERRED_TO_17D,app/routing/AppRoutes.jsx,WP17B_PLATFORM_MASTER_INVENTORY.md · route census,PENDING
ROUTE-0362,dispatch,/dispatch-portal/haul-ledger,route_screen,/dispatch-portal,route_tree,PUBLIC,MIGRATE_IN_WP17D,route_element,WP17C_CANONICAL_PAGE,STANDARDIZE,CANONICAL_ENTRY,STANDARDIZE_FOUNDATION,ALIGN_TO_WP17B_TERMINOLOGY,ADD_CONTEXTUAL_HELP_WHERE_REQUIRED,TOKENIZE_ONLY,DEFERRED_TO_WP17D,PortalShell + tokens + navigation canon,DEFERRED_TO_17D,app/routing/AppRoutes.jsx,WP17B_PLATFORM_MASTER_INVENTORY.md · route census,PENDING
ROUTE-0363,dispatch,/dispatch-portal/driver-qualification,route_screen,/dispatch-portal,route_tree,PUBLIC,MIGRATE_IN_WP17D,route_element,WP17C_CANONICAL_PAGE,STANDARDIZE,CANONICAL_ENTRY,STANDARDIZE_FOUNDATION,ALIGN_TO_WP17B_TERMINOLOGY,ADD_CONTEXTUAL_HELP_WHERE_REQUIRED,TOKENIZE_ONLY,DEFERRED_TO_WP17D,PortalShell + tokens + navigation canon,DEFERRED_TO_17D,app/routing/AppRoutes.jsx,WP17B_PLATFORM_MASTER_INVENTORY.md · route census,PENDING
ROUTE-0364,dispatch,/dispatch-portal/driver/:driverKey,detail_route,/dispatch-portal/driver,route_tree,DETAIL,KEEP_HIDDEN_DETAIL,route_element,WP17C_CANONICAL_DETAIL_PAGE,STANDARDIZE,SEARCH_ONLY,STANDARDIZE_FOUNDATION,ALIGN_TO_WP17B_TERMINOLOGY,ADD_CONTEXTUAL_HELP_WHERE_REQUIRED,TOKENIZE_ONLY,DEFERRED_TO_WP17D,PortalShell + tokens + navigation canon,DEFERRED_TO_17D,app/routing/AppRoutes.jsx,WP17B_PLATFORM_MASTER_INVENTORY.md · route census,PENDING
ROUTE-0365,training_guidance,/training,route_screen,/,route_tree,PUBLIC,MIGRATE_IN_WP17D,TrainingHub,WP17C_CANONICAL_PAGE,STANDARDIZE,CANONICAL_ENTRY,STANDARDIZE_FOUNDATION,ALIGN_TO_WP17B_TERMINOLOGY,ADD_CONTEXTUAL_HELP_WHERE_REQUIRED,TOKENIZE_ONLY,DEFERRED_TO_WP17D,PortalShell + tokens + navigation canon,DEFERRED_TO_17D,app/routing/AppRoutes.jsx,WP17B_PLATFORM_MASTER_INVENTORY.md · route census,PENDING
ROUTE-0366,training_guidance,/training-hub,redirect_route,/,route_tree,PUBLIC,CANONICALIZE_REDIRECT,Navigate,WP17C_CANONICAL_PAGE,STANDARDIZE,REDIRECT_ALIAS,STANDARDIZE_FOUNDATION,ALIGN_TO_WP17B_TERMINOLOGY,ADD_CONTEXTUAL_HELP_WHERE_REQUIRED,TOKENIZE_ONLY,DEFERRED_TO_WP17D,PortalShell + tokens + navigation canon,DEFERRED_TO_17D,app/routing/AppRoutes.jsx,WP17B_PLATFORM_MASTER_INVENTORY.md · route census,PENDING
ROUTE-0367,training_guidance,/training/:track,detail_route,/training,route_tree,DETAIL,KEEP_HIDDEN_DETAIL,TrainingTrack,WP17C_CANONICAL_DETAIL_PAGE,STANDARDIZE,SEARCH_ONLY,STANDARDIZE_FOUNDATION,ALIGN_TO_WP17B_TERMINOLOGY,ADD_CONTEXTUAL_HELP_WHERE_REQUIRED,TOKENIZE_ONLY,DEFERRED_TO_WP17D,PortalShell + tokens + navigation canon,DEFERRED_TO_17D,app/routing/AppRoutes.jsx,WP17B_PLATFORM_MASTER_INVENTORY.md · route census,PENDING
ROUTE-0368,training_guidance,/training/:track/poster,detail_route,/training/:track,route_tree,DETAIL,KEEP_HIDDEN_DETAIL,TrainingQrPoster,WP17C_CANONICAL_DETAIL_PAGE,STANDARDIZE,SEARCH_ONLY,STANDARDIZE_FOUNDATION,ALIGN_TO_WP17B_TERMINOLOGY,ADD_CONTEXTUAL_HELP_WHERE_REQUIRED,TOKENIZE_ONLY,DEFERRED_TO_WP17D,PortalShell + tokens + navigation canon,DEFERRED_TO_17D,app/routing/AppRoutes.jsx,WP17B_PLATFORM_MASTER_INVENTORY.md · route census,PENDING
ROUTE-0369,training_guidance,/training/:track/packet,detail_route,/training/:track,route_tree,DETAIL,KEEP_HIDDEN_DETAIL,TrainingPacketDownload,WP17C_CANONICAL_DETAIL_PAGE,STANDARDIZE,SEARCH_ONLY,STANDARDIZE_FOUNDATION,ALIGN_TO_WP17B_TERMINOLOGY,ADD_CONTEXTUAL_HELP_WHERE_REQUIRED,TOKENIZE_ONLY,DEFERRED_TO_WP17D,PortalShell + tokens + navigation canon,DEFERRED_TO_17D,app/routing/AppRoutes.jsx,WP17B_PLATFORM_MASTER_INVENTORY.md · route census,PENDING
ROUTE-0370,admin,/admin/training-videos,route_screen,/admin,route_tree,PUBLIC,MIGRATE_IN_WP17D,route_element,WP17C_CANONICAL_PAGE,STANDARDIZE,CANONICAL_ENTRY,STANDARDIZE_FOUNDATION,ALIGN_TO_WP17B_TERMINOLOGY,ADD_CONTEXTUAL_HELP_WHERE_REQUIRED,TOKENIZE_ONLY,DEFERRED_TO_WP17D,PortalShell + tokens + navigation canon,DEFERRED_TO_17D,app/routing/AppRoutes.jsx,WP17B_PLATFORM_MASTER_INVENTORY.md · route census,PENDING
ROUTE-0371,admin,/admin/deploy-readiness,route_screen,/admin,route_tree,PUBLIC,MIGRATE_IN_WP17D,route_element,WP17C_CANONICAL_PAGE,STANDARDIZE,CANONICAL_ENTRY,STANDARDIZE_FOUNDATION,ALIGN_TO_WP17B_TERMINOLOGY,ADD_CONTEXTUAL_HELP_WHERE_REQUIRED,TOKENIZE_ONLY,DEFERRED_TO_WP17D,PortalShell + tokens + navigation canon,DEFERRED_TO_17D,app/routing/AppRoutes.jsx,WP17B_PLATFORM_MASTER_INVENTORY.md · route census,PENDING
ROUTE-0372,public_shared,/ops-training,redirect_route,/,route_tree,PUBLIC,CANONICALIZE_REDIRECT,Navigate,WP17C_CANONICAL_PAGE,STANDARDIZE,REDIRECT_ALIAS,STANDARDIZE_FOUNDATION,ALIGN_TO_WP17B_TERMINOLOGY,ADD_CONTEXTUAL_HELP_WHERE_REQUIRED,TOKENIZE_ONLY,DEFERRED_TO_WP17D,PortalShell + tokens + navigation canon,DEFERRED_TO_17D,app/routing/AppRoutes.jsx,WP17B_PLATFORM_MASTER_INVENTORY.md · route census,PENDING
ROUTE-0373,public_shared,/ops-training/:slug,redirect_route,/ops-training,route_tree,DETAIL,CANONICALIZE_REDIRECT,Navigate,WP17C_CANONICAL_DETAIL_PAGE,STANDARDIZE,SEARCH_ONLY,STANDARDIZE_FOUNDATION,ALIGN_TO_WP17B_TERMINOLOGY,ADD_CONTEXTUAL_HELP_WHERE_REQUIRED,TOKENIZE_ONLY,DEFERRED_TO_WP17D,PortalShell + tokens + navigation canon,DEFERRED_TO_17D,app/routing/AppRoutes.jsx,WP17B_PLATFORM_MASTER_INVENTORY.md · route census,PENDING
ROUTE-0374,dev,/dev/login,route_screen,/dev,route_tree,PUBLIC,HIDE,DevLogin,WP17C_CANONICAL_PAGE,STANDARDIZE,CANONICAL_ENTRY,STANDARDIZE_FOUNDATION,ALIGN_TO_WP17B_TERMINOLOGY,ADD_CONTEXTUAL_HELP_WHERE_REQUIRED,TOKENIZE_ONLY,DEFERRED_TO_WP17D,PortalShell + tokens + navigation canon,DEFERRED_TO_17H,app/routing/AppRoutes.jsx,WP17B_PLATFORM_MASTER_INVENTORY.md · route census,PENDING
ROUTE-0375,dev,/dev,route_screen,/,route_tree,HIDDEN,HIDE,route_element,WP17C_CANONICAL_PAGE,STANDARDIZE,SEARCH_ONLY,STANDARDIZE_FOUNDATION,ALIGN_TO_WP17B_TERMINOLOGY,ADD_CONTEXTUAL_HELP_WHERE_REQUIRED,TOKENIZE_ONLY,DEFERRED_TO_WP17D,PortalShell + tokens + navigation canon,DEFERRED_TO_17H,app/routing/AppRoutes.jsx,WP17B_PLATFORM_MASTER_INVENTORY.md · route census,PENDING
ROUTE-0376,public_shared,/inspections,redirect_route,/,route_tree,PUBLIC,CANONICALIZE_REDIRECT,Navigate,WP17C_CANONICAL_PAGE,STANDARDIZE,REDIRECT_ALIAS,STANDARDIZE_FOUNDATION,ALIGN_TO_WP17B_TERMINOLOGY,ADD_CONTEXTUAL_HELP_WHERE_REQUIRED,TOKENIZE_ONLY,DEFERRED_TO_WP17D,PortalShell + tokens + navigation canon,DEFERRED_TO_17D,app/routing/AppRoutes.jsx,WP17B_PLATFORM_MASTER_INVENTORY.md · route census,PENDING
ROUTE-0377,public_shared,/inspect/:id,detail_route,/inspect,route_tree,DETAIL,KEEP_HIDDEN_DETAIL,RedirectWithId,WP17C_CANONICAL_DETAIL_PAGE,STANDARDIZE,SEARCH_ONLY,STANDARDIZE_FOUNDATION,ALIGN_TO_WP17B_TERMINOLOGY,ADD_CONTEXTUAL_HELP_WHERE_REQUIRED,TOKENIZE_ONLY,DEFERRED_TO_WP17D,PortalShell + tokens + navigation canon,DEFERRED_TO_17D,app/routing/AppRoutes.jsx,WP17B_PLATFORM_MASTER_INVENTORY.md · route census,PENDING
ROUTE-0378,public_shared,/inspections/:id,detail_route,/inspections,route_tree,DETAIL,KEEP_HIDDEN_DETAIL,RedirectWithId,WP17C_CANONICAL_DETAIL_PAGE,STANDARDIZE,SEARCH_ONLY,STANDARDIZE_FOUNDATION,ALIGN_TO_WP17B_TERMINOLOGY,ADD_CONTEXTUAL_HELP_WHERE_REQUIRED,TOKENIZE_ONLY,DEFERRED_TO_WP17D,PortalShell + tokens + navigation canon,DEFERRED_TO_17D,app/routing/AppRoutes.jsx,WP17B_PLATFORM_MASTER_INVENTORY.md · route census,PENDING
ROUTE-0379,public_shared,/meetings,redirect_route,/,route_tree,PUBLIC,CANONICALIZE_REDIRECT,Navigate,WP17C_CANONICAL_PAGE,STANDARDIZE,REDIRECT_ALIAS,STANDARDIZE_FOUNDATION,ALIGN_TO_WP17B_TERMINOLOGY,ADD_CONTEXTUAL_HELP_WHERE_REQUIRED,TOKENIZE_ONLY,DEFERRED_TO_WP17D,PortalShell + tokens + navigation canon,DEFERRED_TO_17D,app/routing/AppRoutes.jsx,WP17B_PLATFORM_MASTER_INVENTORY.md · route census,PENDING
ROUTE-0380,public_shared,/meetings/:id,detail_route,/meetings,route_tree,DETAIL,KEEP_HIDDEN_DETAIL,RedirectWithId,WP17C_CANONICAL_DETAIL_PAGE,STANDARDIZE,SEARCH_ONLY,STANDARDIZE_FOUNDATION,ALIGN_TO_WP17B_TERMINOLOGY,ADD_CONTEXTUAL_HELP_WHERE_REQUIRED,TOKENIZE_ONLY,DEFERRED_TO_WP17D,PortalShell + tokens + navigation canon,DEFERRED_TO_17D,app/routing/AppRoutes.jsx,WP17B_PLATFORM_MASTER_INVENTORY.md · route census,PENDING
ROUTE-0381,public_shared,/incidents,redirect_route,/,route_tree,PUBLIC,CANONICALIZE_REDIRECT,Navigate,WP17C_CANONICAL_PAGE,STANDARDIZE,REDIRECT_ALIAS,STANDARDIZE_FOUNDATION,ALIGN_TO_WP17B_TERMINOLOGY,ADD_CONTEXTUAL_HELP_WHERE_REQUIRED,TOKENIZE_ONLY,DEFERRED_TO_WP17D,PortalShell + tokens + navigation canon,DEFERRED_TO_17D,app/routing/AppRoutes.jsx,WP17B_PLATFORM_MASTER_INVENTORY.md · route census,PENDING
ROUTE-0382,public_shared,/incidents/:id,detail_route,/incidents,route_tree,DETAIL,KEEP_HIDDEN_DETAIL,RedirectWithId,WP17C_CANONICAL_DETAIL_PAGE,STANDARDIZE,SEARCH_ONLY,STANDARDIZE_FOUNDATION,ALIGN_TO_WP17B_TERMINOLOGY,ADD_CONTEXTUAL_HELP_WHERE_REQUIRED,TOKENIZE_ONLY,DEFERRED_TO_WP17D,PortalShell + tokens + navigation canon,DEFERRED_TO_17D,app/routing/AppRoutes.jsx,WP17B_PLATFORM_MASTER_INVENTORY.md · route census,PENDING
ROUTE-0383,public_shared,/daily,redirect_route,/,route_tree,PUBLIC,CANONICALIZE_REDIRECT,Navigate,WP17C_CANONICAL_PAGE,STANDARDIZE,REDIRECT_ALIAS,STANDARDIZE_FOUNDATION,ALIGN_TO_WP17B_TERMINOLOGY,ADD_CONTEXTUAL_HELP_WHERE_REQUIRED,TOKENIZE_ONLY,DEFERRED_TO_WP17D,PortalShell + tokens + navigation canon,DEFERRED_TO_17D,app/routing/AppRoutes.jsx,WP17B_PLATFORM_MASTER_INVENTORY.md · route census,PENDING
ROUTE-0384,public_shared,/daily/:id,detail_route,/daily,route_tree,DETAIL,KEEP_HIDDEN_DETAIL,RedirectWithId,WP17C_CANONICAL_DETAIL_PAGE,STANDARDIZE,SEARCH_ONLY,STANDARDIZE_FOUNDATION,ALIGN_TO_WP17B_TERMINOLOGY,ADD_CONTEXTUAL_HELP_WHERE_REQUIRED,TOKENIZE_ONLY,DEFERRED_TO_WP17D,PortalShell + tokens + navigation canon,DEFERRED_TO_17D,app/routing/AppRoutes.jsx,WP17B_PLATFORM_MASTER_INVENTORY.md · route census,PENDING
ROUTE-0385,safety,/safety-portal/meetings,route_screen,/safety-portal,route_tree,PUBLIC,MIGRATE_IN_WP17D,route_element,WP17C_CANONICAL_PAGE,STANDARDIZE,CANONICAL_ENTRY,STANDARDIZE_FOUNDATION,ALIGN_TO_WP17B_TERMINOLOGY,ADD_CONTEXTUAL_HELP_WHERE_REQUIRED,TOKENIZE_ONLY,DEFERRED_TO_WP17D,PortalShell + tokens + navigation canon,DEFERRED_TO_17D,app/routing/AppRoutes.jsx,WP17B_PLATFORM_MASTER_INVENTORY.md · route census,PENDING
ROUTE-0386,admin,/admin/daily-reports,redirect_route,/admin,route_tree,PUBLIC,CANONICALIZE_REDIRECT,Navigate,WP17C_CANONICAL_PAGE,STANDARDIZE,REDIRECT_ALIAS,STANDARDIZE_FOUNDATION,ALIGN_TO_WP17B_TERMINOLOGY,ADD_CONTEXTUAL_HELP_WHERE_REQUIRED,TOKENIZE_ONLY,DEFERRED_TO_WP17D,PortalShell + tokens + navigation canon,DEFERRED_TO_17D,app/routing/AppRoutes.jsx,WP17B_PLATFORM_MASTER_INVENTORY.md · route census,PENDING
ROUTE-0387,admin,/admin/trench-safety-assets,redirect_route,/admin,route_tree,PUBLIC,CANONICALIZE_REDIRECT,Navigate,WP17C_CANONICAL_PAGE,STANDARDIZE,REDIRECT_ALIAS,STANDARDIZE_FOUNDATION,ALIGN_TO_WP17B_TERMINOLOGY,ADD_CONTEXTUAL_HELP_WHERE_REQUIRED,TOKENIZE_ONLY,DEFERRED_TO_WP17D,PortalShell + tokens + navigation canon,DEFERRED_TO_17D,app/routing/AppRoutes.jsx,WP17B_PLATFORM_MASTER_INVENTORY.md · route census,PENDING
ROUTE-0388,public_shared,/legal/terms,route_screen,/legal,route_tree,PUBLIC,MIGRATE_IN_WP17D,TermsOfService,WP17C_CANONICAL_PAGE,STANDARDIZE,CANONICAL_ENTRY,STANDARDIZE_FOUNDATION,ALIGN_TO_WP17B_TERMINOLOGY,ADD_CONTEXTUAL_HELP_WHERE_REQUIRED,TOKENIZE_ONLY,DEFERRED_TO_WP17D,PortalShell + tokens + navigation canon,DEFERRED_TO_17D,app/routing/AppRoutes.jsx,WP17B_PLATFORM_MASTER_INVENTORY.md · route census,PENDING
ROUTE-0389,public_shared,/legal/privacy,route_screen,/legal,route_tree,PUBLIC,MIGRATE_IN_WP17D,PrivacyPolicy,WP17C_CANONICAL_PAGE,STANDARDIZE,CANONICAL_ENTRY,STANDARDIZE_FOUNDATION,ALIGN_TO_WP17B_TERMINOLOGY,ADD_CONTEXTUAL_HELP_WHERE_REQUIRED,TOKENIZE_ONLY,DEFERRED_TO_WP17D,PortalShell + tokens + navigation canon,DEFERRED_TO_17D,app/routing/AppRoutes.jsx,WP17B_PLATFORM_MASTER_INVENTORY.md · route census,PENDING
ROUTE-0390,public_shared,/tasks,route_screen,/,route_tree,PUBLIC,MIGRATE_IN_WP17D,Tasks,WP17C_CANONICAL_PAGE,STANDARDIZE,CANONICAL_ENTRY,STANDARDIZE_FOUNDATION,ALIGN_TO_WP17B_TERMINOLOGY,ADD_CONTEXTUAL_HELP_WHERE_REQUIRED,TOKENIZE_ONLY,DEFERRED_TO_WP17D,PortalShell + tokens + navigation canon,DEFERRED_TO_17D,app/routing/AppRoutes.jsx,WP17B_PLATFORM_MASTER_INVENTORY.md · route census,PENDING
ROUTE-0391,public_shared,/document-expirations,route_screen,/,route_tree,PUBLIC,MIGRATE_IN_WP17D,DocumentExpirations,WP17C_CANONICAL_PAGE,STANDARDIZE,CANONICAL_ENTRY,STANDARDIZE_FOUNDATION,ALIGN_TO_WP17B_TERMINOLOGY,ADD_CONTEXTUAL_HELP_WHERE_REQUIRED,TOKENIZE_ONLY,DEFERRED_TO_WP17D,PortalShell + tokens + navigation canon,DEFERRED_TO_17D,app/routing/AppRoutes.jsx,WP17B_PLATFORM_MASTER_INVENTORY.md · route census,PENDING
ROUTE-0392,hr,/hr/employees,route_screen,/hr,route_tree,PUBLIC,MIGRATE_IN_WP17D,route_element,WP17C_CANONICAL_PAGE,STANDARDIZE,CANONICAL_ENTRY,STANDARDIZE_FOUNDATION,ALIGN_TO_WP17B_TERMINOLOGY,ADD_CONTEXTUAL_HELP_WHERE_REQUIRED,TOKENIZE_ONLY,DEFERRED_TO_WP17D,PortalShell + tokens + navigation canon,DEFERRED_TO_17D,app/routing/AppRoutes.jsx,WP17B_PLATFORM_MASTER_INVENTORY.md · route census,PENDING
ROUTE-0393,hr,/hr/employee-requests,route_screen,/hr,route_tree,PUBLIC,MIGRATE_IN_WP17D,route_element,WP17C_CANONICAL_PAGE,STANDARDIZE,CANONICAL_ENTRY,STANDARDIZE_FOUNDATION,ALIGN_TO_WP17B_TERMINOLOGY,ADD_CONTEXTUAL_HELP_WHERE_REQUIRED,TOKENIZE_ONLY,DEFERRED_TO_WP17D,PortalShell + tokens + navigation canon,DEFERRED_TO_17D,app/routing/AppRoutes.jsx,WP17B_PLATFORM_MASTER_INVENTORY.md · route census,PENDING
ROUTE-0394,hr,/hr/employees/:id/accountability,detail_route,/hr/employees/:id,route_tree,DETAIL,KEEP_HIDDEN_DETAIL,route_element,WP17C_CANONICAL_DETAIL_PAGE,STANDARDIZE,SEARCH_ONLY,STANDARDIZE_FOUNDATION,ALIGN_TO_WP17B_TERMINOLOGY,ADD_CONTEXTUAL_HELP_WHERE_REQUIRED,TOKENIZE_ONLY,DEFERRED_TO_WP17D,PortalShell + tokens + navigation canon,DEFERRED_TO_17D,app/routing/AppRoutes.jsx,WP17B_PLATFORM_MASTER_INVENTORY.md · route census,PENDING
ROUTE-0395,hr,/hr/employees/:id/thread,detail_route,/hr/employees/:id,route_tree,DETAIL,KEEP_HIDDEN_DETAIL,route_element,WP17C_CANONICAL_DETAIL_PAGE,STANDARDIZE,SEARCH_ONLY,STANDARDIZE_FOUNDATION,ALIGN_TO_WP17B_TERMINOLOGY,ADD_CONTEXTUAL_HELP_WHERE_REQUIRED,TOKENIZE_ONLY,DEFERRED_TO_WP17D,PortalShell + tokens + navigation canon,DEFERRED_TO_17D,app/routing/AppRoutes.jsx,WP17B_PLATFORM_MASTER_INVENTORY.md · route census,PENDING
ROUTE-0396,hr,/hr/employees/:empId/profile,detail_route,/hr/employees/:empId,route_tree,DETAIL,KEEP_HIDDEN_DETAIL,route_element,WP17C_CANONICAL_DETAIL_PAGE,STANDARDIZE,SEARCH_ONLY,STANDARDIZE_FOUNDATION,ALIGN_TO_WP17B_TERMINOLOGY,ADD_CONTEXTUAL_HELP_WHERE_REQUIRED,TOKENIZE_ONLY,DEFERRED_TO_WP17D,PortalShell + tokens + navigation canon,DEFERRED_TO_17D,app/routing/AppRoutes.jsx,WP17B_PLATFORM_MASTER_INVENTORY.md · route census,PENDING
ROUTE-0397,hr,/hr/historical-records/intake,route_screen,/hr/historical-records,route_tree,PUBLIC,MIGRATE_IN_WP17D,route_element,WP17C_CANONICAL_PAGE,STANDARDIZE,CANONICAL_ENTRY,STANDARDIZE_FOUNDATION,ALIGN_TO_WP17B_TERMINOLOGY,ADD_CONTEXTUAL_HELP_WHERE_REQUIRED,TOKENIZE_ONLY,DEFERRED_TO_WP17D,PortalShell + tokens + navigation canon,DEFERRED_TO_17D,app/routing/AppRoutes.jsx,WP17B_PLATFORM_MASTER_INVENTORY.md · route census,PENDING
ROUTE-0398,hr,/hr/historical-records/queue,route_screen,/hr/historical-records,route_tree,PUBLIC,MIGRATE_IN_WP17D,route_element,WP17C_CANONICAL_PAGE,STANDARDIZE,CANONICAL_ENTRY,STANDARDIZE_FOUNDATION,ALIGN_TO_WP17B_TERMINOLOGY,ADD_CONTEXTUAL_HELP_WHERE_REQUIRED,TOKENIZE_ONLY,DEFERRED_TO_WP17D,PortalShell + tokens + navigation canon,DEFERRED_TO_17D,app/routing/AppRoutes.jsx,WP17B_PLATFORM_MASTER_INVENTORY.md · route census,PENDING
ROUTE-0399,hr,/hr/historical-records/batches,route_screen,/hr/historical-records,route_tree,PUBLIC,MIGRATE_IN_WP17D,route_element,WP17C_CANONICAL_PAGE,STANDARDIZE,CANONICAL_ENTRY,STANDARDIZE_FOUNDATION,ALIGN_TO_WP17B_TERMINOLOGY,ADD_CONTEXTUAL_HELP_WHERE_REQUIRED,TOKENIZE_ONLY,DEFERRED_TO_WP17D,PortalShell + tokens + navigation canon,DEFERRED_TO_17D,app/routing/AppRoutes.jsx,WP17B_PLATFORM_MASTER_INVENTORY.md · route census,PENDING
ROUTE-0400,hr,/hr/historical-records/batches/:batchId,detail_route,/hr/historical-records/batches,route_tree,DETAIL,KEEP_HIDDEN_DETAIL,route_element,WP17C_CANONICAL_DETAIL_PAGE,STANDARDIZE,SEARCH_ONLY,STANDARDIZE_FOUNDATION,ALIGN_TO_WP17B_TERMINOLOGY,ADD_CONTEXTUAL_HELP_WHERE_REQUIRED,TOKENIZE_ONLY,DEFERRED_TO_WP17D,PortalShell + tokens + navigation canon,DEFERRED_TO_17D,app/routing/AppRoutes.jsx,WP17B_PLATFORM_MASTER_INVENTORY.md · route census,PENDING
ROUTE-0401,hr,/hr/incidents,route_screen,/hr,route_tree,PUBLIC,MIGRATE_IN_WP17D,route_element,WP17C_CANONICAL_PAGE,STANDARDIZE,CANONICAL_ENTRY,STANDARDIZE_FOUNDATION,ALIGN_TO_WP17B_TERMINOLOGY,ADD_CONTEXTUAL_HELP_WHERE_REQUIRED,TOKENIZE_ONLY,DEFERRED_TO_WP17D,PortalShell + tokens + navigation canon,DEFERRED_TO_17D,app/routing/AppRoutes.jsx,WP17B_PLATFORM_MASTER_INVENTORY.md · route census,PENDING
ROUTE-0402,public_shared,/po-requests,route_screen,/,route_tree,PUBLIC,MIGRATE_IN_WP17D,PoRequests,WP17C_CANONICAL_PAGE,STANDARDIZE,CANONICAL_ENTRY,STANDARDIZE_FOUNDATION,ALIGN_TO_WP17B_TERMINOLOGY,ADD_CONTEXTUAL_HELP_WHERE_REQUIRED,TOKENIZE_ONLY,DEFERRED_TO_WP17D,PortalShell + tokens + navigation canon,DEFERRED_TO_17D,app/routing/AppRoutes.jsx,WP17B_PLATFORM_MASTER_INVENTORY.md · route census,PENDING
ROUTE-0403,public_shared,/project-health,route_screen,/,route_tree,PUBLIC,MIGRATE_IN_WP17D,ProjectHealth,WP17C_CANONICAL_PAGE,STANDARDIZE,CANONICAL_ENTRY,STANDARDIZE_FOUNDATION,ALIGN_TO_WP17B_TERMINOLOGY,ADD_CONTEXTUAL_HELP_WHERE_REQUIRED,TOKENIZE_ONLY,DEFERRED_TO_WP17D,PortalShell + tokens + navigation canon,DEFERRED_TO_17D,app/routing/AppRoutes.jsx,WP17B_PLATFORM_MASTER_INVENTORY.md · route census,PENDING
ROUTE-0404,public_shared,/asset-transfers,route_screen,/,route_tree,PUBLIC,MIGRATE_IN_WP17D,AssetTransfers,WP17C_CANONICAL_PAGE,STANDARDIZE,CANONICAL_ENTRY,STANDARDIZE_FOUNDATION,ALIGN_TO_WP17B_TERMINOLOGY,ADD_CONTEXTUAL_HELP_WHERE_REQUIRED,TOKENIZE_ONLY,DEFERRED_TO_WP17D,PortalShell + tokens + navigation canon,DEFERRED_TO_17D,app/routing/AppRoutes.jsx,WP17B_PLATFORM_MASTER_INVENTORY.md · route census,PENDING
ROUTE-0405,public_shared,/access-denied,route_screen,/,route_tree,PUBLIC,MIGRATE_IN_WP17D,AccessDenied,WP17C_CANONICAL_PAGE,STANDARDIZE,CANONICAL_ENTRY,STANDARDIZE_FOUNDATION,ALIGN_TO_WP17B_TERMINOLOGY,ADD_CONTEXTUAL_HELP_WHERE_REQUIRED,TOKENIZE_ONLY,DEFERRED_TO_WP17D,PortalShell + tokens + navigation canon,DEFERRED_TO_17D,app/routing/AppRoutes.jsx,WP17B_PLATFORM_MASTER_INVENTORY.md · route census,PENDING
ROUTE-0406,admin,/admin/audit,redirect_route,/admin,route_tree,PUBLIC,CANONICALIZE_REDIRECT,Navigate,WP17C_CANONICAL_PAGE,STANDARDIZE,REDIRECT_ALIAS,STANDARDIZE_FOUNDATION,ALIGN_TO_WP17B_TERMINOLOGY,ADD_CONTEXTUAL_HELP_WHERE_REQUIRED,TOKENIZE_ONLY,DEFERRED_TO_WP17D,PortalShell + tokens + navigation canon,DEFERRED_TO_17D,app/routing/AppRoutes.jsx,WP17B_PLATFORM_MASTER_INVENTORY.md · route census,PENDING
ROUTE-0407,admin,/admin/health,redirect_route,/admin,route_tree,PUBLIC,CANONICALIZE_REDIRECT,Navigate,WP17C_CANONICAL_PAGE,STANDARDIZE,REDIRECT_ALIAS,STANDARDIZE_FOUNDATION,ALIGN_TO_WP17B_TERMINOLOGY,ADD_CONTEXTUAL_HELP_WHERE_REQUIRED,TOKENIZE_ONLY,DEFERRED_TO_WP17D,PortalShell + tokens + navigation canon,DEFERRED_TO_17D,app/routing/AppRoutes.jsx,WP17B_PLATFORM_MASTER_INVENTORY.md · route census,PENDING
ROUTE-0408,driver,/d/:token,detail_route,/d,route_tree,DETAIL,KEEP_HIDDEN_DETAIL,DriverMagicLanding,WP17C_CANONICAL_DETAIL_PAGE,STANDARDIZE,SEARCH_ONLY,STANDARDIZE_FOUNDATION,ALIGN_TO_WP17B_TERMINOLOGY,ADD_CONTEXTUAL_HELP_WHERE_REQUIRED,TOKENIZE_ONLY,DEFERRED_TO_WP17D,PortalShell + tokens + navigation canon,DEFERRED_TO_17D,app/routing/AppRoutes.jsx,WP17B_PLATFORM_MASTER_INVENTORY.md · route census,PENDING
ROUTE-0409,driver,/driver,route_screen,/,route_tree,PUBLIC,MIGRATE_IN_WP17D,DriverShift,WP17C_CANONICAL_PAGE,STANDARDIZE,CANONICAL_ENTRY,STANDARDIZE_FOUNDATION,ALIGN_TO_WP17B_TERMINOLOGY,ADD_CONTEXTUAL_HELP_WHERE_REQUIRED,TOKENIZE_ONLY,DEFERRED_TO_WP17D,PortalShell + tokens + navigation canon,DEFERRED_TO_17D,app/routing/AppRoutes.jsx,WP17B_PLATFORM_MASTER_INVENTORY.md · route census,PENDING
ROUTE-0410,driver,/shift,route_screen,/,route_tree,PUBLIC,MIGRATE_IN_WP17D,ShiftStart,WP17C_CANONICAL_PAGE,STANDARDIZE,CANONICAL_ENTRY,STANDARDIZE_FOUNDATION,ALIGN_TO_WP17B_TERMINOLOGY,ADD_CONTEXTUAL_HELP_WHERE_REQUIRED,TOKENIZE_ONLY,DEFERRED_TO_WP17D,PortalShell + tokens + navigation canon,DEFERRED_TO_17D,app/routing/AppRoutes.jsx,WP17B_PLATFORM_MASTER_INVENTORY.md · route census,PENDING
ROUTE-0411,field_leadership,/field-leadership,redirect_route,/,route_tree,PUBLIC,CANONICALIZE_REDIRECT,Navigate,WP17C_CANONICAL_PAGE,STANDARDIZE,REDIRECT_ALIAS,STANDARDIZE_FOUNDATION,ALIGN_TO_WP17B_TERMINOLOGY,ADD_CONTEXTUAL_HELP_WHERE_REQUIRED,TOKENIZE_ONLY,DEFERRED_TO_WP17D,PortalShell + tokens + navigation canon,DEFERRED_TO_17D,app/routing/AppRoutes.jsx,WP17B_PLATFORM_MASTER_INVENTORY.md · route census,PENDING
ROUTE-0412,public_shared,/odr/new,route_screen,/odr,route_tree,PUBLIC,MIGRATE_IN_WP17D,OdrNew,WP17C_CANONICAL_PAGE,STANDARDIZE,CANONICAL_ENTRY,STANDARDIZE_FOUNDATION,ALIGN_TO_WP17B_TERMINOLOGY,ADD_CONTEXTUAL_HELP_WHERE_REQUIRED,TOKENIZE_ONLY,DEFERRED_TO_WP17D,PortalShell + tokens + navigation canon,DEFERRED_TO_17D,app/routing/AppRoutes.jsx,WP17B_PLATFORM_MASTER_INVENTORY.md · route census,PENDING
ROUTE-0413,public_shared,/odr/center,route_screen,/odr,route_tree,PUBLIC,MIGRATE_IN_WP17D,OdrCenter,WP17C_CANONICAL_PAGE,STANDARDIZE,CANONICAL_ENTRY,STANDARDIZE_FOUNDATION,ALIGN_TO_WP17B_TERMINOLOGY,ADD_CONTEXTUAL_HELP_WHERE_REQUIRED,TOKENIZE_ONLY,DEFERRED_TO_WP17D,PortalShell + tokens + navigation canon,DEFERRED_TO_17D,app/routing/AppRoutes.jsx,WP17B_PLATFORM_MASTER_INVENTORY.md · route census,PENDING
ROUTE-0414,pm,/pm/odr,route_screen,/pm,route_tree,PUBLIC,MIGRATE_IN_WP17D,route_element,WP17C_CANONICAL_PAGE,STANDARDIZE,CANONICAL_ENTRY,STANDARDIZE_FOUNDATION,ALIGN_TO_WP17B_TERMINOLOGY,ADD_CONTEXTUAL_HELP_WHERE_REQUIRED,TOKENIZE_ONLY,DEFERRED_TO_WP17D,PortalShell + tokens + navigation canon,DEFERRED_TO_17D,app/routing/AppRoutes.jsx,WP17B_PLATFORM_MASTER_INVENTORY.md · route census,PENDING
ROUTE-0415,public_shared,/odr/public/:doc_id,detail_route,/odr/public,route_tree,DETAIL,KEEP_HIDDEN_DETAIL,OdrPublicViewer,WP17C_CANONICAL_DETAIL_PAGE,STANDARDIZE,SEARCH_ONLY,STANDARDIZE_FOUNDATION,ALIGN_TO_WP17B_TERMINOLOGY,ADD_CONTEXTUAL_HELP_WHERE_REQUIRED,TOKENIZE_ONLY,DEFERRED_TO_WP17D,PortalShell + tokens + navigation canon,DEFERRED_TO_17D,app/routing/AppRoutes.jsx,WP17B_PLATFORM_MASTER_INVENTORY.md · route census,PENDING
ROUTE-0416,public_shared,/odr/:id/done,detail_route,/odr/:id,route_tree,DETAIL,KEEP_HIDDEN_DETAIL,OdrDone,WP17C_CANONICAL_DETAIL_PAGE,STANDARDIZE,SEARCH_ONLY,STANDARDIZE_FOUNDATION,ALIGN_TO_WP17B_TERMINOLOGY,ADD_CONTEXTUAL_HELP_WHERE_REQUIRED,TOKENIZE_ONLY,DEFERRED_TO_WP17D,PortalShell + tokens + navigation canon,DEFERRED_TO_17D,app/routing/AppRoutes.jsx,WP17B_PLATFORM_MASTER_INVENTORY.md · route census,PENDING
ROUTE-0417,public_shared,/odr/:id,detail_route,/odr,route_tree,DETAIL,KEEP_HIDDEN_DETAIL,OdrDetail,WP17C_CANONICAL_DETAIL_PAGE,STANDARDIZE,SEARCH_ONLY,STANDARDIZE_FOUNDATION,ALIGN_TO_WP17B_TERMINOLOGY,ADD_CONTEXTUAL_HELP_WHERE_REQUIRED,TOKENIZE_ONLY,DEFERRED_TO_WP17D,PortalShell + tokens + navigation canon,DEFERRED_TO_17D,app/routing/AppRoutes.jsx,WP17B_PLATFORM_MASTER_INVENTORY.md · route census,PENDING
ROUTE-0418,public_shared,/operational-records,route_screen,/,route_tree,PUBLIC,MIGRATE_IN_WP17D,OperationalRecords,WP17C_CANONICAL_PAGE,STANDARDIZE,CANONICAL_ENTRY,STANDARDIZE_FOUNDATION,ALIGN_TO_WP17B_TERMINOLOGY,ADD_CONTEXTUAL_HELP_WHERE_REQUIRED,TOKENIZE_ONLY,DEFERRED_TO_WP17D,PortalShell + tokens + navigation canon,DEFERRED_TO_17D,app/routing/AppRoutes.jsx,WP17B_PLATFORM_MASTER_INVENTORY.md · route census,PENDING
ROUTE-0419,public_shared,/operations-actions,route_screen,/,route_tree,PUBLIC,MIGRATE_IN_WP17D,OperationsActions,WP17C_CANONICAL_PAGE,STANDARDIZE,CANONICAL_ENTRY,STANDARDIZE_FOUNDATION,ALIGN_TO_WP17B_TERMINOLOGY,ADD_CONTEXTUAL_HELP_WHERE_REQUIRED,TOKENIZE_ONLY,DEFERRED_TO_WP17D,PortalShell + tokens + navigation canon,DEFERRED_TO_17D,app/routing/AppRoutes.jsx,WP17B_PLATFORM_MASTER_INVENTORY.md · route census,PENDING
ROUTE-0420,public_shared,/operations-actions/new,route_screen,/operations-actions,route_tree,PUBLIC,MIGRATE_IN_WP17D,OperationsActionNew,WP17C_CANONICAL_PAGE,STANDARDIZE,CANONICAL_ENTRY,STANDARDIZE_FOUNDATION,ALIGN_TO_WP17B_TERMINOLOGY,ADD_CONTEXTUAL_HELP_WHERE_REQUIRED,TOKENIZE_ONLY,DEFERRED_TO_WP17D,PortalShell + tokens + navigation canon,DEFERRED_TO_17D,app/routing/AppRoutes.jsx,WP17B_PLATFORM_MASTER_INVENTORY.md · route census,PENDING
ROUTE-0421,public_shared,/operations-actions/:id,detail_route,/operations-actions,route_tree,DETAIL,KEEP_HIDDEN_DETAIL,OperationsActionDetail,WP17C_CANONICAL_DETAIL_PAGE,STANDARDIZE,SEARCH_ONLY,STANDARDIZE_FOUNDATION,ALIGN_TO_WP17B_TERMINOLOGY,ADD_CONTEXTUAL_HELP_WHERE_REQUIRED,TOKENIZE_ONLY,DEFERRED_TO_WP17D,PortalShell + tokens + navigation canon,DEFERRED_TO_17D,app/routing/AppRoutes.jsx,WP17B_PLATFORM_MASTER_INVENTORY.md · route census,PENDING
ROUTE-0422,public_shared,/_internal/design-system,hidden_companion_route,/_internal,route_tree,HIDDEN,HIDE,route_element,WP17C_CANONICAL_PAGE,STANDARDIZE,SEARCH_ONLY,STANDARDIZE_FOUNDATION,ALIGN_TO_WP17B_TERMINOLOGY,ADD_CONTEXTUAL_HELP_WHERE_REQUIRED,TOKENIZE_ONLY,DEFERRED_TO_WP17D,PortalShell + tokens + navigation canon,DEFERRED_TO_17D,app/routing/AppRoutes.jsx,WP17B_PLATFORM_MASTER_INVENTORY.md · route census,PENDING
ROUTE-0423,public_shared,/_internal/pm-v2-preview,hidden_companion_route,/_internal,route_tree,HIDDEN,HIDE,route_element,WP17C_CANONICAL_PAGE,STANDARDIZE,SEARCH_ONLY,STANDARDIZE_FOUNDATION,ALIGN_TO_WP17B_TERMINOLOGY,ADD_CONTEXTUAL_HELP_WHERE_REQUIRED,TOKENIZE_ONLY,DEFERRED_TO_WP17D,PortalShell + tokens + navigation canon,DEFERRED_TO_17D,app/routing/AppRoutes.jsx,WP17B_PLATFORM_MASTER_INVENTORY.md · route census,PENDING
ROUTE-0424,public_shared,/_internal/hr-v2-preview,hidden_companion_route,/_internal,route_tree,HIDDEN,HIDE,route_element,WP17C_CANONICAL_PAGE,STANDARDIZE,SEARCH_ONLY,STANDARDIZE_FOUNDATION,ALIGN_TO_WP17B_TERMINOLOGY,ADD_CONTEXTUAL_HELP_WHERE_REQUIRED,TOKENIZE_ONLY,DEFERRED_TO_WP17D,PortalShell + tokens + navigation canon,DEFERRED_TO_17D,app/routing/AppRoutes.jsx,WP17B_PLATFORM_MASTER_INVENTORY.md · route census,PENDING
ROUTE-0425,public_shared,/_internal/v2-index,hidden_companion_route,/_internal,route_tree,HIDDEN,HIDE,route_element,WP17C_CANONICAL_PAGE,STANDARDIZE,SEARCH_ONLY,STANDARDIZE_FOUNDATION,ALIGN_TO_WP17B_TERMINOLOGY,ADD_CONTEXTUAL_HELP_WHERE_REQUIRED,TOKENIZE_ONLY,DEFERRED_TO_WP17D,PortalShell + tokens + navigation canon,DEFERRED_TO_17D,app/routing/AppRoutes.jsx,WP17B_PLATFORM_MASTER_INVENTORY.md · route census,PENDING
ROUTE-0426,public_shared,/_internal/v2-compare/:portal,detail_route,/_internal/v2-compare,route_tree,DETAIL,HIDE,route_element,WP17C_CANONICAL_DETAIL_PAGE,STANDARDIZE,SEARCH_ONLY,STANDARDIZE_FOUNDATION,ALIGN_TO_WP17B_TERMINOLOGY,ADD_CONTEXTUAL_HELP_WHERE_REQUIRED,TOKENIZE_ONLY,DEFERRED_TO_WP17D,PortalShell + tokens + navigation canon,DEFERRED_TO_17D,app/routing/AppRoutes.jsx,WP17B_PLATFORM_MASTER_INVENTORY.md · route census,PENDING
ROUTE-0427,public_shared,/daily-report/v2,redirect_route,/daily-report,route_tree,PUBLIC,CANONICALIZE_REDIRECT,Navigate,WP17C_CANONICAL_PAGE,STANDARDIZE,REDIRECT_ALIAS,STANDARDIZE_FOUNDATION,ALIGN_TO_WP17B_TERMINOLOGY,ADD_CONTEXTUAL_HELP_WHERE_REQUIRED,TOKENIZE_ONLY,DEFERRED_TO_WP17D,PortalShell + tokens + navigation canon,DEFERRED_TO_17D,app/routing/AppRoutes.jsx,WP17B_PLATFORM_MASTER_INVENTORY.md · route census,PENDING
ROUTE-0428,public_shared,/daily/v1,redirect_route,/daily,route_tree,PUBLIC,CANONICALIZE_REDIRECT,Navigate,WP17C_CANONICAL_PAGE,STANDARDIZE,REDIRECT_ALIAS,STANDARDIZE_FOUNDATION,ALIGN_TO_WP17B_TERMINOLOGY,ADD_CONTEXTUAL_HELP_WHERE_REQUIRED,TOKENIZE_ONLY,DEFERRED_TO_WP17D,PortalShell + tokens + navigation canon,DEFERRED_TO_17D,app/routing/AppRoutes.jsx,WP17B_PLATFORM_MASTER_INVENTORY.md · route census,PENDING
ROUTE-0429,public_shared,/daily/v2,redirect_route,/daily,route_tree,PUBLIC,CANONICALIZE_REDIRECT,Navigate,WP17C_CANONICAL_PAGE,STANDARDIZE,REDIRECT_ALIAS,STANDARDIZE_FOUNDATION,ALIGN_TO_WP17B_TERMINOLOGY,ADD_CONTEXTUAL_HELP_WHERE_REQUIRED,TOKENIZE_ONLY,DEFERRED_TO_WP17D,PortalShell + tokens + navigation canon,DEFERRED_TO_17D,app/routing/AppRoutes.jsx,WP17B_PLATFORM_MASTER_INVENTORY.md · route census,PENDING
ROUTE-0430,public_shared,/daily/v3,redirect_route,/daily,route_tree,PUBLIC,CANONICALIZE_REDIRECT,Navigate,WP17C_CANONICAL_PAGE,STANDARDIZE,REDIRECT_ALIAS,STANDARDIZE_FOUNDATION,ALIGN_TO_WP17B_TERMINOLOGY,ADD_CONTEXTUAL_HELP_WHERE_REQUIRED,TOKENIZE_ONLY,DEFERRED_TO_WP17D,PortalShell + tokens + navigation canon,DEFERRED_TO_17D,app/routing/AppRoutes.jsx,WP17B_PLATFORM_MASTER_INVENTORY.md · route census,PENDING
ROUTE-0431,public_shared,/daily-report/v1,redirect_route,/daily-report,route_tree,PUBLIC,CANONICALIZE_REDIRECT,Navigate,WP17C_CANONICAL_PAGE,STANDARDIZE,REDIRECT_ALIAS,STANDARDIZE_FOUNDATION,ALIGN_TO_WP17B_TERMINOLOGY,ADD_CONTEXTUAL_HELP_WHERE_REQUIRED,TOKENIZE_ONLY,DEFERRED_TO_WP17D,PortalShell + tokens + navigation canon,DEFERRED_TO_17D,app/routing/AppRoutes.jsx,WP17B_PLATFORM_MASTER_INVENTORY.md · route census,PENDING
ROUTE-0432,public_shared,/daily-report/v3,redirect_route,/daily-report,route_tree,PUBLIC,CANONICALIZE_REDIRECT,Navigate,WP17C_CANONICAL_PAGE,STANDARDIZE,REDIRECT_ALIAS,STANDARDIZE_FOUNDATION,ALIGN_TO_WP17B_TERMINOLOGY,ADD_CONTEXTUAL_HELP_WHERE_REQUIRED,TOKENIZE_ONLY,DEFERRED_TO_WP17D,PortalShell + tokens + navigation canon,DEFERRED_TO_17D,app/routing/AppRoutes.jsx,WP17B_PLATFORM_MASTER_INVENTORY.md · route census,PENDING
ROUTE-0433,pm,/pm/operational-intelligence,route_screen,/pm,route_tree,PUBLIC,MIGRATE_IN_WP17D,PmOperationalIntelligence,WP17C_CANONICAL_PAGE,STANDARDIZE,CANONICAL_ENTRY,STANDARDIZE_FOUNDATION,ALIGN_TO_WP17B_TERMINOLOGY,ADD_CONTEXTUAL_HELP_WHERE_REQUIRED,TOKENIZE_ONLY,DEFERRED_TO_WP17D,PortalShell + tokens + navigation canon,DEFERRED_TO_17D,app/routing/AppRoutes.jsx,WP17B_PLATFORM_MASTER_INVENTORY.md · route census,PENDING
ROUTE-0434,admin,/admin/ods-intelligence,redirect_route,/admin,route_tree,PUBLIC,CANONICALIZE_REDIRECT,Navigate,WP17C_CANONICAL_PAGE,STANDARDIZE,REDIRECT_ALIAS,STANDARDIZE_FOUNDATION,ALIGN_TO_WP17B_TERMINOLOGY,ADD_CONTEXTUAL_HELP_WHERE_REQUIRED,TOKENIZE_ONLY,DEFERRED_TO_WP17D,PortalShell + tokens + navigation canon,DEFERRED_TO_17D,app/routing/AppRoutes.jsx,WP17B_PLATFORM_MASTER_INVENTORY.md · route census,PENDING
ROUTE-0435,executive,/executive/ods-intelligence,redirect_route,/executive,route_tree,PUBLIC,CANONICALIZE_REDIRECT,Navigate,WP17C_CANONICAL_PAGE,STANDARDIZE,REDIRECT_ALIAS,STANDARDIZE_FOUNDATION,ALIGN_TO_WP17B_TERMINOLOGY,ADD_CONTEXTUAL_HELP_WHERE_REQUIRED,TOKENIZE_ONLY,DEFERRED_TO_WP17D,PortalShell + tokens + navigation canon,DEFERRED_TO_17G,app/routing/AppRoutes.jsx,WP17B_PLATFORM_MASTER_INVENTORY.md · route census,PENDING
ROUTE-0436,admin,/admin/occ,redirect_route,/admin,route_tree,PUBLIC,CANONICALIZE_REDIRECT,Navigate,WP17C_CANONICAL_PAGE,STANDARDIZE,REDIRECT_ALIAS,STANDARDIZE_FOUNDATION,ALIGN_TO_WP17B_TERMINOLOGY,ADD_CONTEXTUAL_HELP_WHERE_REQUIRED,TOKENIZE_ONLY,DEFERRED_TO_WP17D,PortalShell + tokens + navigation canon,DEFERRED_TO_17D,app/routing/AppRoutes.jsx,WP17B_PLATFORM_MASTER_INVENTORY.md · route census,PENDING
ROUTE-0437,executive,/executive,redirect_route,/,route_tree,PUBLIC,CANONICALIZE_REDIRECT,Navigate,WP17C_CANONICAL_PAGE,STANDARDIZE,REDIRECT_ALIAS,STANDARDIZE_FOUNDATION,ALIGN_TO_WP17B_TERMINOLOGY,ADD_CONTEXTUAL_HELP_WHERE_REQUIRED,TOKENIZE_ONLY,DEFERRED_TO_WP17D,PortalShell + tokens + navigation canon,DEFERRED_TO_17G,app/routing/AppRoutes.jsx,WP17B_PLATFORM_MASTER_INVENTORY.md · route census,PENDING
ROUTE-0438,executive,/executive-dashboard,redirect_route,/,route_tree,PUBLIC,CANONICALIZE_REDIRECT,Navigate,WP17C_CANONICAL_PAGE,STANDARDIZE,REDIRECT_ALIAS,STANDARDIZE_FOUNDATION,ALIGN_TO_WP17B_TERMINOLOGY,ADD_CONTEXTUAL_HELP_WHERE_REQUIRED,TOKENIZE_ONLY,DEFERRED_TO_WP17D,PortalShell + tokens + navigation canon,DEFERRED_TO_17G,app/routing/AppRoutes.jsx,WP17B_PLATFORM_MASTER_INVENTORY.md · route census,PENDING
ROUTE-0439,admin,/admin/executive,redirect_route,/admin,route_tree,PUBLIC,CANONICALIZE_REDIRECT,Navigate,WP17C_CANONICAL_PAGE,STANDARDIZE,REDIRECT_ALIAS,STANDARDIZE_FOUNDATION,ALIGN_TO_WP17B_TERMINOLOGY,ADD_CONTEXTUAL_HELP_WHERE_REQUIRED,TOKENIZE_ONLY,DEFERRED_TO_WP17D,PortalShell + tokens + navigation canon,DEFERRED_TO_17D,app/routing/AppRoutes.jsx,WP17B_PLATFORM_MASTER_INVENTORY.md · route census,PENDING
ROUTE-0440,public_shared,/fleet,redirect_route,/,route_tree,PUBLIC,CANONICALIZE_REDIRECT,Navigate,WP17C_CANONICAL_PAGE,STANDARDIZE,REDIRECT_ALIAS,STANDARDIZE_FOUNDATION,ALIGN_TO_WP17B_TERMINOLOGY,ADD_CONTEXTUAL_HELP_WHERE_REQUIRED,TOKENIZE_ONLY,DEFERRED_TO_WP17D,PortalShell + tokens + navigation canon,DEFERRED_TO_17D,app/routing/AppRoutes.jsx,WP17B_PLATFORM_MASTER_INVENTORY.md · route census,PENDING
ROUTE-0441,admin,/admin/ai,redirect_route,/admin,route_tree,PUBLIC,CANONICALIZE_REDIRECT,Navigate,WP17C_CANONICAL_PAGE,STANDARDIZE,REDIRECT_ALIAS,STANDARDIZE_FOUNDATION,ALIGN_TO_WP17B_TERMINOLOGY,ADD_CONTEXTUAL_HELP_WHERE_REQUIRED,TOKENIZE_ONLY,DEFERRED_TO_WP17D,PortalShell + tokens + navigation canon,DEFERRED_TO_17D,app/routing/AppRoutes.jsx,WP17B_PLATFORM_MASTER_INVENTORY.md · route census,PENDING
ROUTE-0442,admin,/admin/storage,redirect_route,/admin,route_tree,PUBLIC,CANONICALIZE_REDIRECT,Navigate,WP17C_CANONICAL_PAGE,STANDARDIZE,REDIRECT_ALIAS,STANDARDIZE_FOUNDATION,ALIGN_TO_WP17B_TERMINOLOGY,ADD_CONTEXTUAL_HELP_WHERE_REQUIRED,TOKENIZE_ONLY,DEFERRED_TO_WP17D,PortalShell + tokens + navigation canon,DEFERRED_TO_17D,app/routing/AppRoutes.jsx,WP17B_PLATFORM_MASTER_INVENTORY.md · route census,PENDING
ROUTE-0443,public_shared,/fl,redirect_route,/,route_tree,PUBLIC,CANONICALIZE_REDIRECT,Navigate,WP17C_CANONICAL_PAGE,STANDARDIZE,REDIRECT_ALIAS,STANDARDIZE_FOUNDATION,ALIGN_TO_WP17B_TERMINOLOGY,ADD_CONTEXTUAL_HELP_WHERE_REQUIRED,TOKENIZE_ONLY,DEFERRED_TO_WP17D,PortalShell + tokens + navigation canon,DEFERRED_TO_17D,app/routing/AppRoutes.jsx,WP17B_PLATFORM_MASTER_INVENTORY.md · route census,PENDING
ROUTE-0444,public_shared,*,route_screen,/,route_tree,PUBLIC,MIGRATE_IN_WP17D,NotFound,WP17C_CANONICAL_PAGE,STANDARDIZE,CANONICAL_ENTRY,STANDARDIZE_FOUNDATION,ALIGN_TO_WP17B_TERMINOLOGY,ADD_CONTEXTUAL_HELP_WHERE_REQUIRED,TOKENIZE_ONLY,DEFERRED_TO_WP17D,PortalShell + tokens + navigation canon,DEFERRED_TO_17D,app/routing/AppRoutes.jsx,WP17B_PLATFORM_MASTER_INVENTORY.md · route census,PENDING
ROUTE-0445,public_shared,dispatch,route_screen,/,route_tree,PUBLIC,MIGRATE_IN_WP17D,DispatchBridgeWorkspace,WP17C_CANONICAL_PAGE,STANDARDIZE,CANONICAL_ENTRY,STANDARDIZE_FOUNDATION,ALIGN_TO_WP17B_TERMINOLOGY,ADD_CONTEXTUAL_HELP_WHERE_REQUIRED,TOKENIZE_ONLY,DEFERRED_TO_WP17D,PortalShell + tokens + navigation canon,DEFERRED_TO_17D,pages/transportation/TransportationApp.jsx,WP17B_PLATFORM_MASTER_INVENTORY.md · route census,PENDING
ROUTE-0446,public_shared,live-operations,route_screen,/,route_tree,PUBLIC,MIGRATE_IN_WP17D,LiveOperationsWorkspace,WP17C_CANONICAL_PAGE,STANDARDIZE,CANONICAL_ENTRY,STANDARDIZE_FOUNDATION,ALIGN_TO_WP17B_TERMINOLOGY,ADD_CONTEXTUAL_HELP_WHERE_REQUIRED,TOKENIZE_ONLY,DEFERRED_TO_WP17D,PortalShell + tokens + navigation canon,DEFERRED_TO_17D,pages/transportation/TransportationApp.jsx,WP17B_PLATFORM_MASTER_INVENTORY.md · route census,PENDING
ROUTE-0447,public_shared,trucks,route_screen,/,route_tree,PUBLIC,MIGRATE_IN_WP17D,TrucksList,WP17C_CANONICAL_PAGE,STANDARDIZE,CANONICAL_ENTRY,STANDARDIZE_FOUNDATION,ALIGN_TO_WP17B_TERMINOLOGY,ADD_CONTEXTUAL_HELP_WHERE_REQUIRED,TOKENIZE_ONLY,DEFERRED_TO_WP17D,PortalShell + tokens + navigation canon,DEFERRED_TO_17D,pages/transportation/TransportationApp.jsx,WP17B_PLATFORM_MASTER_INVENTORY.md · route census,PENDING
ROUTE-0448,public_shared,trucks/:id,detail_route,/,route_tree,DETAIL,KEEP_HIDDEN_DETAIL,TruckWorkspace,WP17C_CANONICAL_DETAIL_PAGE,STANDARDIZE,SEARCH_ONLY,STANDARDIZE_FOUNDATION,ALIGN_TO_WP17B_TERMINOLOGY,ADD_CONTEXTUAL_HELP_WHERE_REQUIRED,TOKENIZE_ONLY,DEFERRED_TO_WP17D,PortalShell + tokens + navigation canon,DEFERRED_TO_17D,pages/transportation/TransportationApp.jsx,WP17B_PLATFORM_MASTER_INVENTORY.md · route census,PENDING
ROUTE-0449,public_shared,drivers,route_screen,/,route_tree,PUBLIC,MIGRATE_IN_WP17D,DriversList,WP17C_CANONICAL_PAGE,STANDARDIZE,CANONICAL_ENTRY,STANDARDIZE_FOUNDATION,ALIGN_TO_WP17B_TERMINOLOGY,ADD_CONTEXTUAL_HELP_WHERE_REQUIRED,TOKENIZE_ONLY,DEFERRED_TO_WP17D,PortalShell + tokens + navigation canon,DEFERRED_TO_17D,pages/transportation/TransportationApp.jsx,WP17B_PLATFORM_MASTER_INVENTORY.md · route census,PENDING
ROUTE-0450,public_shared,drivers/:id,detail_route,/,route_tree,DETAIL,KEEP_HIDDEN_DETAIL,DriverWorkspace,WP17C_CANONICAL_DETAIL_PAGE,STANDARDIZE,SEARCH_ONLY,STANDARDIZE_FOUNDATION,ALIGN_TO_WP17B_TERMINOLOGY,ADD_CONTEXTUAL_HELP_WHERE_REQUIRED,TOKENIZE_ONLY,DEFERRED_TO_WP17D,PortalShell + tokens + navigation canon,DEFERRED_TO_17D,pages/transportation/TransportationApp.jsx,WP17B_PLATFORM_MASTER_INVENTORY.md · route census,PENDING
ROUTE-0451,public_shared,carriers,route_screen,/,route_tree,PUBLIC,MIGRATE_IN_WP17D,CarriersList,WP17C_CANONICAL_PAGE,STANDARDIZE,CANONICAL_ENTRY,STANDARDIZE_FOUNDATION,ALIGN_TO_WP17B_TERMINOLOGY,ADD_CONTEXTUAL_HELP_WHERE_REQUIRED,TOKENIZE_ONLY,DEFERRED_TO_WP17D,PortalShell + tokens + navigation canon,DEFERRED_TO_17D,pages/transportation/TransportationApp.jsx,WP17B_PLATFORM_MASTER_INVENTORY.md · route census,PENDING
ROUTE-0452,public_shared,carriers/:id,detail_route,/,route_tree,DETAIL,KEEP_HIDDEN_DETAIL,CarrierWorkspace,WP17C_CANONICAL_DETAIL_PAGE,STANDARDIZE,SEARCH_ONLY,STANDARDIZE_FOUNDATION,ALIGN_TO_WP17B_TERMINOLOGY,ADD_CONTEXTUAL_HELP_WHERE_REQUIRED,TOKENIZE_ONLY,DEFERRED_TO_WP17D,PortalShell + tokens + navigation canon,DEFERRED_TO_17D,pages/transportation/TransportationApp.jsx,WP17B_PLATFORM_MASTER_INVENTORY.md · route census,PENDING
ROUTE-0453,public_shared,compliance,route_screen,/,route_tree,PUBLIC,MIGRATE_IN_WP17D,ComplianceDashboard,WP17C_CANONICAL_PAGE,STANDARDIZE,CANONICAL_ENTRY,STANDARDIZE_FOUNDATION,ALIGN_TO_WP17B_TERMINOLOGY,ADD_CONTEXTUAL_HELP_WHERE_REQUIRED,TOKENIZE_ONLY,DEFERRED_TO_WP17D,PortalShell + tokens + navigation canon,DEFERRED_TO_17D,pages/transportation/TransportationApp.jsx,WP17B_PLATFORM_MASTER_INVENTORY.md · route census,PENDING
ROUTE-0454,public_shared,orientation/*,route_screen,/,route_tree,PUBLIC,MIGRATE_IN_WP17D,OrientationCenter,WP17C_CANONICAL_PAGE,STANDARDIZE,CANONICAL_ENTRY,STANDARDIZE_FOUNDATION,ALIGN_TO_WP17B_TERMINOLOGY,ADD_CONTEXTUAL_HELP_WHERE_REQUIRED,TOKENIZE_ONLY,DEFERRED_TO_WP17D,PortalShell + tokens + navigation canon,DEFERRED_TO_17D,pages/transportation/TransportationApp.jsx,WP17B_PLATFORM_MASTER_INVENTORY.md · route census,PENDING
ROUTE-0455,public_shared,academy,route_screen,/,route_tree,PUBLIC,MIGRATE_IN_WP17D,TransportationAcademy,WP17C_CANONICAL_PAGE,STANDARDIZE,CANONICAL_ENTRY,STANDARDIZE_FOUNDATION,ALIGN_TO_WP17B_TERMINOLOGY,ADD_CONTEXTUAL_HELP_WHERE_REQUIRED,TOKENIZE_ONLY,DEFERRED_TO_WP17D,PortalShell + tokens + navigation canon,DEFERRED_TO_17D,pages/transportation/TransportationApp.jsx,WP17B_PLATFORM_MASTER_INVENTORY.md · route census,PENDING
ROUTE-0456,public_shared,academy/:moduleKey,detail_route,/,route_tree,DETAIL,KEEP_HIDDEN_DETAIL,TransportationAcademyModule,WP17C_CANONICAL_DETAIL_PAGE,STANDARDIZE,SEARCH_ONLY,STANDARDIZE_FOUNDATION,ALIGN_TO_WP17B_TERMINOLOGY,ADD_CONTEXTUAL_HELP_WHERE_REQUIRED,TOKENIZE_ONLY,DEFERRED_TO_WP17D,PortalShell + tokens + navigation canon,DEFERRED_TO_17D,pages/transportation/TransportationApp.jsx,WP17B_PLATFORM_MASTER_INVENTORY.md · route census,PENDING
ROUTE-0457,public_shared,intelligence/*,route_screen,/,route_tree,PUBLIC,MIGRATE_IN_WP17D,IntelligenceCenter,WP17C_CANONICAL_PAGE,STANDARDIZE,CANONICAL_ENTRY,STANDARDIZE_FOUNDATION,ALIGN_TO_WP17B_TERMINOLOGY,ADD_CONTEXTUAL_HELP_WHERE_REQUIRED,TOKENIZE_ONLY,DEFERRED_TO_WP17D,PortalShell + tokens + navigation canon,DEFERRED_TO_17D,pages/transportation/TransportationApp.jsx,WP17B_PLATFORM_MASTER_INVENTORY.md · route census,PENDING
ROUTE-0458,public_shared,command-queue/*,route_screen,/,route_tree,PUBLIC,MIGRATE_IN_WP17D,CommandQueueCenter,WP17C_CANONICAL_PAGE,STANDARDIZE,CANONICAL_ENTRY,STANDARDIZE_FOUNDATION,ALIGN_TO_WP17B_TERMINOLOGY,ADD_CONTEXTUAL_HELP_WHERE_REQUIRED,TOKENIZE_ONLY,DEFERRED_TO_WP17D,PortalShell + tokens + navigation canon,DEFERRED_TO_17D,pages/transportation/TransportationApp.jsx,WP17B_PLATFORM_MASTER_INVENTORY.md · route census,PENDING
ROUTE-0459,public_shared,reports,route_screen,/,route_tree,PUBLIC,MIGRATE_IN_WP17D,ReportsView,WP17C_CANONICAL_PAGE,STANDARDIZE,CANONICAL_ENTRY,STANDARDIZE_FOUNDATION,ALIGN_TO_WP17B_TERMINOLOGY,ADD_CONTEXTUAL_HELP_WHERE_REQUIRED,TOKENIZE_ONLY,DEFERRED_TO_WP17D,PortalShell + tokens + navigation canon,DEFERRED_TO_17D,pages/transportation/TransportationApp.jsx,WP17B_PLATFORM_MASTER_INVENTORY.md · route census,PENDING
ROUTE-0460,public_shared,audit,route_screen,/,route_tree,PUBLIC,MIGRATE_IN_WP17D,AuditTimeline,WP17C_CANONICAL_PAGE,STANDARDIZE,CANONICAL_ENTRY,STANDARDIZE_FOUNDATION,ALIGN_TO_WP17B_TERMINOLOGY,ADD_CONTEXTUAL_HELP_WHERE_REQUIRED,TOKENIZE_ONLY,DEFERRED_TO_WP17D,PortalShell + tokens + navigation canon,DEFERRED_TO_17D,pages/transportation/TransportationApp.jsx,WP17B_PLATFORM_MASTER_INVENTORY.md · route census,PENDING
ROUTE-0461,public_shared,documents,route_screen,/,route_tree,PUBLIC,MIGRATE_IN_WP17D,DocumentCenter,WP17C_CANONICAL_PAGE,STANDARDIZE,CANONICAL_ENTRY,STANDARDIZE_FOUNDATION,ALIGN_TO_WP17B_TERMINOLOGY,ADD_CONTEXTUAL_HELP_WHERE_REQUIRED,TOKENIZE_ONLY,DEFERRED_TO_WP17D,PortalShell + tokens + navigation canon,DEFERRED_TO_17D,pages/transportation/TransportationApp.jsx,WP17B_PLATFORM_MASTER_INVENTORY.md · route census,PENDING
ROUTE-0462,public_shared,inspections,route_screen,/,route_tree,PUBLIC,MIGRATE_IN_WP17D,InspectionCenter,WP17C_CANONICAL_PAGE,STANDARDIZE,CANONICAL_ENTRY,STANDARDIZE_FOUNDATION,ALIGN_TO_WP17B_TERMINOLOGY,ADD_CONTEXTUAL_HELP_WHERE_REQUIRED,TOKENIZE_ONLY,DEFERRED_TO_WP17D,PortalShell + tokens + navigation canon,DEFERRED_TO_17D,pages/transportation/TransportationApp.jsx,WP17B_PLATFORM_MASTER_INVENTORY.md · route census,PENDING
ROUTE-0463,public_shared,rate-schedules,route_screen,/,route_tree,PUBLIC,MIGRATE_IN_WP17D,RateScheduleCenter,WP17C_CANONICAL_PAGE,STANDARDIZE,CANONICAL_ENTRY,STANDARDIZE_FOUNDATION,ALIGN_TO_WP17B_TERMINOLOGY,ADD_CONTEXTUAL_HELP_WHERE_REQUIRED,TOKENIZE_ONLY,DEFERRED_TO_WP17D,PortalShell + tokens + navigation canon,DEFERRED_TO_17D,pages/transportation/TransportationApp.jsx,WP17B_PLATFORM_MASTER_INVENTORY.md · route census,PENDING
ROUTE-0464,public_shared,compliance/documents,redirect_route,/,route_tree,PUBLIC,CANONICALIZE_REDIRECT,Navigate,WP17C_CANONICAL_PAGE,STANDARDIZE,REDIRECT_ALIAS,STANDARDIZE_FOUNDATION,ALIGN_TO_WP17B_TERMINOLOGY,ADD_CONTEXTUAL_HELP_WHERE_REQUIRED,TOKENIZE_ONLY,DEFERRED_TO_WP17D,PortalShell + tokens + navigation canon,DEFERRED_TO_17D,pages/transportation/TransportationApp.jsx,WP17B_PLATFORM_MASTER_INVENTORY.md · route census,PENDING
ROUTE-0465,public_shared,compliance/rate-schedules,redirect_route,/,route_tree,PUBLIC,CANONICALIZE_REDIRECT,Navigate,WP17C_CANONICAL_PAGE,STANDARDIZE,REDIRECT_ALIAS,STANDARDIZE_FOUNDATION,ALIGN_TO_WP17B_TERMINOLOGY,ADD_CONTEXTUAL_HELP_WHERE_REQUIRED,TOKENIZE_ONLY,DEFERRED_TO_WP17D,PortalShell + tokens + navigation canon,DEFERRED_TO_17D,pages/transportation/TransportationApp.jsx,WP17B_PLATFORM_MASTER_INVENTORY.md · route census,PENDING
ROUTE-0466,public_shared,fleet,redirect_route,/,route_tree,PUBLIC,CANONICALIZE_REDIRECT,Navigate,WP17C_CANONICAL_PAGE,STANDARDIZE,REDIRECT_ALIAS,STANDARDIZE_FOUNDATION,ALIGN_TO_WP17B_TERMINOLOGY,ADD_CONTEXTUAL_HELP_WHERE_REQUIRED,TOKENIZE_ONLY,DEFERRED_TO_WP17D,PortalShell + tokens + navigation canon,DEFERRED_TO_17D,pages/transportation/TransportationApp.jsx,WP17B_PLATFORM_MASTER_INVENTORY.md · route census,PENDING
ROUTE-0467,public_shared,fleet/trucks,redirect_route,/,route_tree,PUBLIC,CANONICALIZE_REDIRECT,Navigate,WP17C_CANONICAL_PAGE,STANDARDIZE,REDIRECT_ALIAS,STANDARDIZE_FOUNDATION,ALIGN_TO_WP17B_TERMINOLOGY,ADD_CONTEXTUAL_HELP_WHERE_REQUIRED,TOKENIZE_ONLY,DEFERRED_TO_WP17D,PortalShell + tokens + navigation canon,DEFERRED_TO_17D,pages/transportation/TransportationApp.jsx,WP17B_PLATFORM_MASTER_INVENTORY.md · route census,PENDING
ROUTE-0468,public_shared,fleet/inspections,redirect_route,/,route_tree,PUBLIC,CANONICALIZE_REDIRECT,Navigate,WP17C_CANONICAL_PAGE,STANDARDIZE,REDIRECT_ALIAS,STANDARDIZE_FOUNDATION,ALIGN_TO_WP17B_TERMINOLOGY,ADD_CONTEXTUAL_HELP_WHERE_REQUIRED,TOKENIZE_ONLY,DEFERRED_TO_WP17D,PortalShell + tokens + navigation canon,DEFERRED_TO_17D,pages/transportation/TransportationApp.jsx,WP17B_PLATFORM_MASTER_INVENTORY.md · route census,PENDING
ROUTE-0469,public_shared,administration/audit,redirect_route,/,route_tree,PUBLIC,CANONICALIZE_REDIRECT,Navigate,WP17C_CANONICAL_PAGE,STANDARDIZE,REDIRECT_ALIAS,STANDARDIZE_FOUNDATION,ALIGN_TO_WP17B_TERMINOLOGY,ADD_CONTEXTUAL_HELP_WHERE_REQUIRED,TOKENIZE_ONLY,DEFERRED_TO_WP17D,PortalShell + tokens + navigation canon,DEFERRED_TO_17D,pages/transportation/TransportationApp.jsx,WP17B_PLATFORM_MASTER_INVENTORY.md · route census,PENDING
ROUTE-0470,public_shared,health,route_screen,/,route_tree,PUBLIC,MIGRATE_IN_WP17D,AutomationHealth,WP17C_CANONICAL_PAGE,STANDARDIZE,CANONICAL_ENTRY,STANDARDIZE_FOUNDATION,ALIGN_TO_WP17B_TERMINOLOGY,ADD_CONTEXTUAL_HELP_WHERE_REQUIRED,TOKENIZE_ONLY,DEFERRED_TO_WP17D,PortalShell + tokens + navigation canon,DEFERRED_TO_17D,pages/transportation/_command_queue.jsx,WP17B_PLATFORM_MASTER_INVENTORY.md · route census,PENDING
ROUTE-0471,public_shared,forecast,route_screen,/,route_tree,PUBLIC,MIGRATE_IN_WP17D,ComplianceForecast,WP17C_CANONICAL_PAGE,STANDARDIZE,CANONICAL_ENTRY,STANDARDIZE_FOUNDATION,ALIGN_TO_WP17B_TERMINOLOGY,ADD_CONTEXTUAL_HELP_WHERE_REQUIRED,TOKENIZE_ONLY,DEFERRED_TO_WP17D,PortalShell + tokens + navigation canon,DEFERRED_TO_17D,pages/transportation/_command_queue.jsx,WP17B_PLATFORM_MASTER_INVENTORY.md · route census,PENDING
ROUTE-0472,public_shared,modules,route_screen,/,route_tree,PUBLIC,MIGRATE_IN_WP17D,ModuleManager,WP17C_CANONICAL_PAGE,STANDARDIZE,CANONICAL_ENTRY,STANDARDIZE_FOUNDATION,ALIGN_TO_WP17B_TERMINOLOGY,ADD_CONTEXTUAL_HELP_WHERE_REQUIRED,TOKENIZE_ONLY,DEFERRED_TO_WP17D,PortalShell + tokens + navigation canon,DEFERRED_TO_17D,pages/transportation/_orientation.jsx,WP17B_PLATFORM_MASTER_INVENTORY.md · route census,PENDING
ROUTE-0473,public_shared,modules/:mid,detail_route,/,route_tree,DETAIL,KEEP_HIDDEN_DETAIL,ModuleDetail,WP17C_CANONICAL_DETAIL_PAGE,STANDARDIZE,SEARCH_ONLY,STANDARDIZE_FOUNDATION,ALIGN_TO_WP17B_TERMINOLOGY,ADD_CONTEXTUAL_HELP_WHERE_REQUIRED,TOKENIZE_ONLY,DEFERRED_TO_WP17D,PortalShell + tokens + navigation canon,DEFERRED_TO_17D,pages/transportation/_orientation.jsx,WP17B_PLATFORM_MASTER_INVENTORY.md · route census,PENDING
ROUTE-0474,public_shared,assignments,route_screen,/,route_tree,PUBLIC,MIGRATE_IN_WP17D,AssignmentsView,WP17C_CANONICAL_PAGE,STANDARDIZE,CANONICAL_ENTRY,STANDARDIZE_FOUNDATION,ALIGN_TO_WP17B_TERMINOLOGY,ADD_CONTEXTUAL_HELP_WHERE_REQUIRED,TOKENIZE_ONLY,DEFERRED_TO_WP17D,PortalShell + tokens + navigation canon,DEFERRED_TO_17D,pages/transportation/_orientation.jsx,WP17B_PLATFORM_MASTER_INVENTORY.md · route census,PENDING
ROUTE-0475,public_shared,certificates,route_screen,/,route_tree,PUBLIC,MIGRATE_IN_WP17D,CertificatesView,WP17C_CANONICAL_PAGE,STANDARDIZE,CANONICAL_ENTRY,STANDARDIZE_FOUNDATION,ALIGN_TO_WP17B_TERMINOLOGY,ADD_CONTEXTUAL_HELP_WHERE_REQUIRED,TOKENIZE_ONLY,DEFERRED_TO_WP17D,PortalShell + tokens + navigation canon,DEFERRED_TO_17D,pages/transportation/_orientation.jsx,WP17B_PLATFORM_MASTER_INVENTORY.md · route census,PENDING
ROUTE-0476,public_shared,emails,route_screen,/,route_tree,PUBLIC,MIGRATE_IN_WP17D,EmailRoutesPanel,WP17C_CANONICAL_PAGE,STANDARDIZE,CANONICAL_ENTRY,STANDARDIZE_FOUNDATION,ALIGN_TO_WP17B_TERMINOLOGY,ADD_CONTEXTUAL_HELP_WHERE_REQUIRED,TOKENIZE_ONLY,DEFERRED_TO_WP17D,PortalShell + tokens + navigation canon,DEFERRED_TO_17D,pages/transportation/_orientation.jsx,WP17B_PLATFORM_MASTER_INVENTORY.md · route census,PENDING
ROUTE-0477,public_shared,recommendations,route_screen,/,route_tree,PUBLIC,MIGRATE_IN_WP17D,RecommendationsPanel,WP17C_CANONICAL_PAGE,STANDARDIZE,CANONICAL_ENTRY,STANDARDIZE_FOUNDATION,ALIGN_TO_WP17B_TERMINOLOGY,ADD_CONTEXTUAL_HELP_WHERE_REQUIRED,TOKENIZE_ONLY,DEFERRED_TO_WP17D,PortalShell + tokens + navigation canon,DEFERRED_TO_17D,pages/transportation/_intelligence.jsx,WP17B_PLATFORM_MASTER_INVENTORY.md · route census,PENDING
ROUTE-0478,public_shared,predictions,route_screen,/,route_tree,PUBLIC,MIGRATE_IN_WP17D,PredictionsPanel,WP17C_CANONICAL_PAGE,STANDARDIZE,CANONICAL_ENTRY,STANDARDIZE_FOUNDATION,ALIGN_TO_WP17B_TERMINOLOGY,ADD_CONTEXTUAL_HELP_WHERE_REQUIRED,TOKENIZE_ONLY,DEFERRED_TO_WP17D,PortalShell + tokens + navigation canon,DEFERRED_TO_17D,pages/transportation/_intelligence.jsx,WP17B_PLATFORM_MASTER_INVENTORY.md · route census,PENDING
ROUTE-0479,public_shared,learning,route_screen,/,route_tree,PUBLIC,MIGRATE_IN_WP17D,LearningLoopPanel,WP17C_CANONICAL_PAGE,STANDARDIZE,CANONICAL_ENTRY,STANDARDIZE_FOUNDATION,ALIGN_TO_WP17B_TERMINOLOGY,ADD_CONTEXTUAL_HELP_WHERE_REQUIRED,TOKENIZE_ONLY,DEFERRED_TO_WP17D,PortalShell + tokens + navigation canon,DEFERRED_TO_17D,pages/transportation/_intelligence.jsx,WP17B_PLATFORM_MASTER_INVENTORY.md · route census,PENDING
ROUTE-0480,public_shared,cleanup,route_screen,/,route_tree,PUBLIC,MIGRATE_IN_WP17D,CleanupCompanionPanel,WP17C_CANONICAL_PAGE,STANDARDIZE,CANONICAL_ENTRY,STANDARDIZE_FOUNDATION,ALIGN_TO_WP17B_TERMINOLOGY,ADD_CONTEXTUAL_HELP_WHERE_REQUIRED,TOKENIZE_ONLY,DEFERRED_TO_WP17D,PortalShell + tokens + navigation canon,DEFERRED_TO_17D,pages/transportation/_intelligence.jsx,WP17B_PLATFORM_MASTER_INVENTORY.md · route census,PENDING
ROUTE-0481,transportation,(index),index_route,/admin/transportation/* | /transportation-operations/*,route_tree,PUBLIC,LOCKED_BLUEPRINT_RECONCILIATION,TransportationApp,WP17C_CANONICAL_PAGE,KEEP,CANONICAL_ENTRY,DEFERRED_TO_17D,ALIGN_TO_WP17B_TERMINOLOGY,ADD_CONTEXTUAL_HELP_WHERE_VALUABLE,TOKENIZE_ONLY,DEFERRED_TO_WP17D,Transportation shell prefix canon,DEFERRED_TO_17D,frontend/src/pages/transportation/TransportationApp.jsx,WP17B locked total reconciliation · Transportation index route,PENDING
NAV-0001,admin,/admin,navigation_item,/,sidebar.desktop,PUBLIC,STANDARDIZE,Admin V2 sidebar,WP17C_CANONICAL_NAVIGATION_ITEM,STANDARDIZE,CANONICALIZE,STANDARDIZE_FOUNDATION,ALIGN_LABEL,CONTEXTUAL_HELP_OPTIONAL,TOKENIZE_ONLY,CANONICAL_NAV_RESPONSIVE,Navigation canon + shell foundation,IN_PROGRESS,frontend/src/components/admin/sidebar/domainMap.js,WP17B navigation family · Admin V2 sidebar · Overview,PENDING
NAV-0002,admin,/admin/command-center,navigation_item,/,sidebar.desktop,PUBLIC,STANDARDIZE,Admin V2 sidebar,WP17C_CANONICAL_NAVIGATION_ITEM,STANDARDIZE,CANONICALIZE,STANDARDIZE_FOUNDATION,ALIGN_LABEL,CONTEXTUAL_HELP_OPTIONAL,TOKENIZE_ONLY,CANONICAL_NAV_RESPONSIVE,Navigation canon + shell foundation,IN_PROGRESS,frontend/src/components/admin/sidebar/domainMap.js,WP17B navigation family · Admin V2 sidebar · Command Center,PENDING
NAV-0003,admin,/admin/jobs,navigation_item,/,sidebar.desktop,PUBLIC,STANDARDIZE,Admin V2 sidebar,WP17C_CANONICAL_NAVIGATION_ITEM,STANDARDIZE,CANONICALIZE,STANDARDIZE_FOUNDATION,ALIGN_LABEL,CONTEXTUAL_HELP_OPTIONAL,TOKENIZE_ONLY,CANONICAL_NAV_RESPONSIVE,Navigation canon + shell foundation,IN_PROGRESS,frontend/src/components/admin/sidebar/domainMap.js,WP17B navigation family · Admin V2 sidebar · Jobs & Field,PENDING
NAV-0004,admin,/admin/cost-registry,navigation_item,/,sidebar.desktop,PUBLIC,STANDARDIZE,Admin V2 sidebar,WP17C_CANONICAL_NAVIGATION_ITEM,STANDARDIZE,CANONICALIZE,STANDARDIZE_FOUNDATION,ALIGN_LABEL,CONTEXTUAL_HELP_OPTIONAL,TOKENIZE_ONLY,CANONICAL_NAV_RESPONSIVE,Navigation canon + shell foundation,IN_PROGRESS,frontend/src/components/admin/sidebar/domainMap.js,WP17B navigation family · Admin V2 sidebar · Cost Registry,PENDING
NAV-0005,admin,/admin/operations-events,navigation_item,/,sidebar.desktop,PUBLIC,STANDARDIZE,Admin V2 sidebar,WP17C_CANONICAL_NAVIGATION_ITEM,STANDARDIZE,CANONICALIZE,STANDARDIZE_FOUNDATION,ALIGN_LABEL,CONTEXTUAL_HELP_OPTIONAL,TOKENIZE_ONLY,CANONICAL_NAV_RESPONSIVE,Navigation canon + shell foundation,IN_PROGRESS,frontend/src/components/admin/sidebar/domainMap.js,WP17B navigation family · Admin V2 sidebar · Operations Events,PENDING
NAV-0006,admin,/admin/daily-reports,navigation_item,/,sidebar.desktop,PUBLIC,STANDARDIZE,Admin V2 sidebar,WP17C_CANONICAL_NAVIGATION_ITEM,STANDARDIZE,CANONICALIZE,STANDARDIZE_FOUNDATION,ALIGN_LABEL,CONTEXTUAL_HELP_OPTIONAL,TOKENIZE_ONLY,CANONICAL_NAV_RESPONSIVE,Navigation canon + shell foundation,IN_PROGRESS,frontend/src/components/admin/sidebar/domainMap.js,WP17B navigation family · Admin V2 sidebar · Daily Reports,PENDING
NAV-0007,admin,/odr/center,navigation_item,/,sidebar.desktop,PUBLIC,STANDARDIZE,Admin V2 sidebar,WP17C_CANONICAL_NAVIGATION_ITEM,STANDARDIZE,CANONICALIZE,STANDARDIZE_FOUNDATION,ALIGN_LABEL,CONTEXTUAL_HELP_OPTIONAL,TOKENIZE_ONLY,CANONICAL_NAV_RESPONSIVE,Navigation canon + shell foundation,IN_PROGRESS,frontend/src/components/admin/sidebar/domainMap.js,WP17B navigation family · Admin V2 sidebar · Operational Daily Records,PENDING
NAV-0008,admin,/operational-records,navigation_item,/,sidebar.desktop,PUBLIC,STANDARDIZE,Admin V2 sidebar,WP17C_CANONICAL_NAVIGATION_ITEM,STANDARDIZE,CANONICALIZE,STANDARDIZE_FOUNDATION,ALIGN_LABEL,CONTEXTUAL_HELP_OPTIONAL,TOKENIZE_ONLY,CANONICAL_NAV_RESPONSIVE,Navigation canon + shell foundation,IN_PROGRESS,frontend/src/components/admin/sidebar/domainMap.js,WP17B navigation family · Admin V2 sidebar · Operational Records,PENDING
NAV-0009,admin,/operations-actions,navigation_item,/,sidebar.desktop,PUBLIC,STANDARDIZE,Admin V2 sidebar,WP17C_CANONICAL_NAVIGATION_ITEM,STANDARDIZE,CANONICALIZE,STANDARDIZE_FOUNDATION,ALIGN_LABEL,CONTEXTUAL_HELP_OPTIONAL,TOKENIZE_ONLY,CANONICAL_NAV_RESPONSIVE,Navigation canon + shell foundation,IN_PROGRESS,frontend/src/components/admin/sidebar/domainMap.js,WP17B navigation family · Admin V2 sidebar · Operations Actions,PENDING
NAV-0010,admin,/admin/dispatch,navigation_item,/,sidebar.desktop,PUBLIC,STANDARDIZE,Admin V2 sidebar,WP17C_CANONICAL_NAVIGATION_ITEM,STANDARDIZE,CANONICALIZE,STANDARDIZE_FOUNDATION,ALIGN_LABEL,CONTEXTUAL_HELP_OPTIONAL,TOKENIZE_ONLY,CANONICAL_NAV_RESPONSIVE,Navigation canon + shell foundation,IN_PROGRESS,frontend/src/components/admin/sidebar/domainMap.js,WP17B navigation family · Admin V2 sidebar · Dispatch,PENDING
NAV-0011,admin,/project-health,navigation_item,/,sidebar.desktop,PUBLIC,STANDARDIZE,Admin V2 sidebar,WP17C_CANONICAL_NAVIGATION_ITEM,STANDARDIZE,CANONICALIZE,STANDARDIZE_FOUNDATION,ALIGN_LABEL,CONTEXTUAL_HELP_OPTIONAL,TOKENIZE_ONLY,CANONICAL_NAV_RESPONSIVE,Navigation canon + shell foundation,IN_PROGRESS,frontend/src/components/admin/sidebar/domainMap.js,WP17B navigation family · Admin V2 sidebar · Project Health,PENDING
NAV-0012,admin,/asset-transfers,navigation_item,/,sidebar.desktop,PUBLIC,STANDARDIZE,Admin V2 sidebar,WP17C_CANONICAL_NAVIGATION_ITEM,STANDARDIZE,CANONICALIZE,STANDARDIZE_FOUNDATION,ALIGN_LABEL,CONTEXTUAL_HELP_OPTIONAL,TOKENIZE_ONLY,CANONICAL_NAV_RESPONSIVE,Navigation canon + shell foundation,IN_PROGRESS,frontend/src/components/admin/sidebar/domainMap.js,WP17B navigation family · Admin V2 sidebar · Asset Transfers,PENDING
NAV-0013,admin,/admin/people,navigation_item,/,sidebar.desktop,PUBLIC,STANDARDIZE,Admin V2 sidebar,WP17C_CANONICAL_NAVIGATION_ITEM,STANDARDIZE,CANONICALIZE,STANDARDIZE_FOUNDATION,ALIGN_LABEL,CONTEXTUAL_HELP_OPTIONAL,TOKENIZE_ONLY,CANONICAL_NAV_RESPONSIVE,Navigation canon + shell foundation,IN_PROGRESS,frontend/src/components/admin/sidebar/domainMap.js,WP17B navigation family · Admin V2 sidebar · People & Access,PENDING
NAV-0014,admin,/admin/asset-admin,navigation_item,/,sidebar.desktop,PUBLIC,STANDARDIZE,Admin V2 sidebar,WP17C_CANONICAL_NAVIGATION_ITEM,STANDARDIZE,CANONICALIZE,STANDARDIZE_FOUNDATION,ALIGN_LABEL,CONTEXTUAL_HELP_OPTIONAL,TOKENIZE_ONLY,CANONICAL_NAV_RESPONSIVE,Navigation canon + shell foundation,IN_PROGRESS,frontend/src/components/admin/sidebar/domainMap.js,WP17B navigation family · Admin V2 sidebar · Asset Admin Console,PENDING
NAV-0015,admin,/admin/training,navigation_item,/,sidebar.desktop,PUBLIC,STANDARDIZE,Admin V2 sidebar,WP17C_CANONICAL_NAVIGATION_ITEM,STANDARDIZE,CANONICALIZE,STANDARDIZE_FOUNDATION,ALIGN_LABEL,CONTEXTUAL_HELP_OPTIONAL,TOKENIZE_ONLY,CANONICAL_NAV_RESPONSIVE,Navigation canon + shell foundation,IN_PROGRESS,frontend/src/components/admin/sidebar/domainMap.js,WP17B navigation family · Admin V2 sidebar · Training & Forms,PENDING
NAV-0016,admin,/document-expirations,navigation_item,/,sidebar.desktop,PUBLIC,STANDARDIZE,Admin V2 sidebar,WP17C_CANONICAL_NAVIGATION_ITEM,STANDARDIZE,CANONICALIZE,STANDARDIZE_FOUNDATION,ALIGN_LABEL,CONTEXTUAL_HELP_OPTIONAL,TOKENIZE_ONLY,CANONICAL_NAV_RESPONSIVE,Navigation canon + shell foundation,IN_PROGRESS,frontend/src/components/admin/sidebar/domainMap.js,WP17B navigation family · Admin V2 sidebar · Document Expirations,PENDING
NAV-0017,admin,/admin/sessions,navigation_item,/,sidebar.desktop,PUBLIC,STANDARDIZE,Admin V2 sidebar,WP17C_CANONICAL_NAVIGATION_ITEM,STANDARDIZE,CANONICALIZE,STANDARDIZE_FOUNDATION,ALIGN_LABEL,CONTEXTUAL_HELP_OPTIONAL,TOKENIZE_ONLY,CANONICAL_NAV_RESPONSIVE,Navigation canon + shell foundation,IN_PROGRESS,frontend/src/components/admin/sidebar/domainMap.js,WP17B navigation family · Admin V2 sidebar · Sessions,PENDING
NAV-0018,admin,/admin/equipment,navigation_item,/,sidebar.desktop,PUBLIC,STANDARDIZE,Admin V2 sidebar,WP17C_CANONICAL_NAVIGATION_ITEM,STANDARDIZE,CANONICALIZE,STANDARDIZE_FOUNDATION,ALIGN_LABEL,CONTEXTUAL_HELP_OPTIONAL,TOKENIZE_ONLY,CANONICAL_NAV_RESPONSIVE,Navigation canon + shell foundation,IN_PROGRESS,frontend/src/components/admin/sidebar/domainMap.js,WP17B navigation family · Admin V2 sidebar · Equipment & Suppliers,PENDING
NAV-0019,admin,/admin/operational-inventory,navigation_item,/,sidebar.desktop,PUBLIC,STANDARDIZE,Admin V2 sidebar,WP17C_CANONICAL_NAVIGATION_ITEM,STANDARDIZE,CANONICALIZE,STANDARDIZE_FOUNDATION,ALIGN_LABEL,CONTEXTUAL_HELP_OPTIONAL,TOKENIZE_ONLY,CANONICAL_NAV_RESPONSIVE,Navigation canon + shell foundation,IN_PROGRESS,frontend/src/components/admin/sidebar/domainMap.js,WP17B navigation family · Admin V2 sidebar · Operational Inventory,PENDING
NAV-0020,admin,/admin/email,navigation_item,/,sidebar.desktop,PUBLIC,STANDARDIZE,Admin V2 sidebar,WP17C_CANONICAL_NAVIGATION_ITEM,STANDARDIZE,CANONICALIZE,STANDARDIZE_FOUNDATION,ALIGN_LABEL,CONTEXTUAL_HELP_OPTIONAL,TOKENIZE_ONLY,CANONICAL_NAV_RESPONSIVE,Navigation canon + shell foundation,IN_PROGRESS,frontend/src/components/admin/sidebar/domainMap.js,WP17B navigation family · Admin V2 sidebar · Email & Routing,PENDING
NAV-0021,admin,/admin/digest-config,navigation_item,/,sidebar.desktop,PUBLIC,STANDARDIZE,Admin V2 sidebar,WP17C_CANONICAL_NAVIGATION_ITEM,STANDARDIZE,CANONICALIZE,STANDARDIZE_FOUNDATION,ALIGN_LABEL,CONTEXTUAL_HELP_OPTIONAL,TOKENIZE_ONLY,CANONICAL_NAV_RESPONSIVE,Navigation canon + shell foundation,IN_PROGRESS,frontend/src/components/admin/sidebar/domainMap.js,WP17B navigation family · Admin V2 sidebar · Weekly Digest,PENDING
NAV-0022,admin,/admin/compliance,navigation_item,/,sidebar.desktop,PUBLIC,STANDARDIZE,Admin V2 sidebar,WP17C_CANONICAL_NAVIGATION_ITEM,STANDARDIZE,CANONICALIZE,STANDARDIZE_FOUNDATION,ALIGN_LABEL,CONTEXTUAL_HELP_OPTIONAL,TOKENIZE_ONLY,CANONICAL_NAV_RESPONSIVE,Navigation canon + shell foundation,IN_PROGRESS,frontend/src/components/admin/sidebar/domainMap.js,WP17B navigation family · Admin V2 sidebar · Compliance & Audits,PENDING
NAV-0023,admin,/admin/compliance-findings,navigation_item,/,sidebar.desktop,PUBLIC,STANDARDIZE,Admin V2 sidebar,WP17C_CANONICAL_NAVIGATION_ITEM,STANDARDIZE,CANONICALIZE,STANDARDIZE_FOUNDATION,ALIGN_LABEL,CONTEXTUAL_HELP_OPTIONAL,TOKENIZE_ONLY,CANONICAL_NAV_RESPONSIVE,Navigation canon + shell foundation,IN_PROGRESS,frontend/src/components/admin/sidebar/domainMap.js,WP17B navigation family · Admin V2 sidebar · Compliance Findings,PENDING
NAV-0024,admin,/admin/incidents,navigation_item,/,sidebar.desktop,PUBLIC,STANDARDIZE,Admin V2 sidebar,WP17C_CANONICAL_NAVIGATION_ITEM,STANDARDIZE,CANONICALIZE,STANDARDIZE_FOUNDATION,ALIGN_LABEL,CONTEXTUAL_HELP_OPTIONAL,TOKENIZE_ONLY,CANONICAL_NAV_RESPONSIVE,Navigation canon + shell foundation,IN_PROGRESS,frontend/src/components/admin/sidebar/domainMap.js,WP17B navigation family · Admin V2 sidebar · Incidents,PENDING
NAV-0025,admin,/admin/inspections,navigation_item,/,sidebar.desktop,PUBLIC,STANDARDIZE,Admin V2 sidebar,WP17C_CANONICAL_NAVIGATION_ITEM,STANDARDIZE,CANONICALIZE,STANDARDIZE_FOUNDATION,ALIGN_LABEL,CONTEXTUAL_HELP_OPTIONAL,TOKENIZE_ONLY,CANONICAL_NAV_RESPONSIVE,Navigation canon + shell foundation,IN_PROGRESS,frontend/src/components/admin/sidebar/domainMap.js,WP17B navigation family · Admin V2 sidebar · Site Inspections,PENDING
NAV-0026,admin,/admin/governance,navigation_item,/,sidebar.desktop,PUBLIC,STANDARDIZE,Admin V2 sidebar,WP17C_CANONICAL_NAVIGATION_ITEM,STANDARDIZE,CANONICALIZE,STANDARDIZE_FOUNDATION,ALIGN_LABEL,CONTEXTUAL_HELP_OPTIONAL,TOKENIZE_ONLY,CANONICAL_NAV_RESPONSIVE,Navigation canon + shell foundation,IN_PROGRESS,frontend/src/components/admin/sidebar/domainMap.js,WP17B navigation family · Admin V2 sidebar · Governance Health,PENDING
NAV-0027,admin,/admin/project-identity,navigation_item,/,sidebar.desktop,PUBLIC,STANDARDIZE,Admin V2 sidebar,WP17C_CANONICAL_NAVIGATION_ITEM,STANDARDIZE,CANONICALIZE,STANDARDIZE_FOUNDATION,ALIGN_LABEL,CONTEXTUAL_HELP_OPTIONAL,TOKENIZE_ONLY,CANONICAL_NAV_RESPONSIVE,Navigation canon + shell foundation,IN_PROGRESS,frontend/src/components/admin/sidebar/domainMap.js,WP17B navigation family · Admin V2 sidebar · Project Identity Governance,PENDING
NAV-0028,admin,/admin/operational-language,navigation_item,/,sidebar.desktop,PUBLIC,STANDARDIZE,Admin V2 sidebar,WP17C_CANONICAL_NAVIGATION_ITEM,STANDARDIZE,CANONICALIZE,STANDARDIZE_FOUNDATION,ALIGN_LABEL,CONTEXTUAL_HELP_OPTIONAL,TOKENIZE_ONLY,CANONICAL_NAV_RESPONSIVE,Navigation canon + shell foundation,IN_PROGRESS,frontend/src/components/admin/sidebar/domainMap.js,WP17B navigation family · Admin V2 sidebar · Operational Language,PENDING
NAV-0029,admin,/admin/operations-control,navigation_item,/,sidebar.desktop,PUBLIC,STANDARDIZE,Admin V2 sidebar,WP17C_CANONICAL_NAVIGATION_ITEM,STANDARDIZE,CANONICALIZE,STANDARDIZE_FOUNDATION,ALIGN_LABEL,CONTEXTUAL_HELP_OPTIONAL,TOKENIZE_ONLY,CANONICAL_NAV_RESPONSIVE,Navigation canon + shell foundation,IN_PROGRESS,frontend/src/components/admin/sidebar/domainMap.js,WP17B navigation family · Admin V2 sidebar · Operations Control Center,PENDING
NAV-0030,admin,/admin/system,navigation_item,/,sidebar.desktop,PUBLIC,STANDARDIZE,Admin V2 sidebar,WP17C_CANONICAL_NAVIGATION_ITEM,STANDARDIZE,CANONICALIZE,STANDARDIZE_FOUNDATION,ALIGN_LABEL,CONTEXTUAL_HELP_OPTIONAL,TOKENIZE_ONLY,CANONICAL_NAV_RESPONSIVE,Navigation canon + shell foundation,IN_PROGRESS,frontend/src/components/admin/sidebar/domainMap.js,WP17B navigation family · Admin V2 sidebar · System & Backups,PENDING
NAV-0031,admin,/admin/ai-configuration,navigation_item,/,sidebar.desktop,PUBLIC,STANDARDIZE,Admin V2 sidebar,WP17C_CANONICAL_NAVIGATION_ITEM,STANDARDIZE,CANONICALIZE,STANDARDIZE_FOUNDATION,ALIGN_LABEL,CONTEXTUAL_HELP_OPTIONAL,TOKENIZE_ONLY,CANONICAL_NAV_RESPONSIVE,Navigation canon + shell foundation,IN_PROGRESS,frontend/src/components/admin/sidebar/domainMap.js,WP17B navigation family · Admin V2 sidebar · AI Configuration,PENDING
NAV-0032,admin,/admin/integration-truth,navigation_item,/,sidebar.desktop,PUBLIC,STANDARDIZE,Admin V2 sidebar,WP17C_CANONICAL_NAVIGATION_ITEM,STANDARDIZE,CANONICALIZE,STANDARDIZE_FOUNDATION,ALIGN_LABEL,CONTEXTUAL_HELP_OPTIONAL,TOKENIZE_ONLY,CANONICAL_NAV_RESPONSIVE,Navigation canon + shell foundation,IN_PROGRESS,frontend/src/components/admin/sidebar/domainMap.js,WP17B navigation family · Admin V2 sidebar · Integration Truth,PENDING
NAV-0033,admin,/admin/system-health,navigation_item,/,sidebar.desktop,PUBLIC,STANDARDIZE,Admin V2 sidebar,WP17C_CANONICAL_NAVIGATION_ITEM,STANDARDIZE,CANONICALIZE,STANDARDIZE_FOUNDATION,ALIGN_LABEL,CONTEXTUAL_HELP_OPTIONAL,TOKENIZE_ONLY,CANONICAL_NAV_RESPONSIVE,Navigation canon + shell foundation,IN_PROGRESS,frontend/src/components/admin/sidebar/domainMap.js,WP17B navigation family · Admin V2 sidebar · System Health,PENDING
NAV-0034,admin,/admin/database,navigation_item,/,sidebar.desktop,PUBLIC,STANDARDIZE,Admin V2 sidebar,WP17C_CANONICAL_NAVIGATION_ITEM,STANDARDIZE,CANONICALIZE,STANDARDIZE_FOUNDATION,ALIGN_LABEL,CONTEXTUAL_HELP_OPTIONAL,TOKENIZE_ONLY,CANONICAL_NAV_RESPONSIVE,Navigation canon + shell foundation,IN_PROGRESS,frontend/src/components/admin/sidebar/domainMap.js,WP17B navigation family · Admin V2 sidebar · Database,PENDING
NAV-0035,admin,/admin/audit-log,navigation_item,/,sidebar.desktop,PUBLIC,STANDARDIZE,Admin V2 sidebar,WP17C_CANONICAL_NAVIGATION_ITEM,STANDARDIZE,CANONICALIZE,STANDARDIZE_FOUNDATION,ALIGN_LABEL,CONTEXTUAL_HELP_OPTIONAL,TOKENIZE_ONLY,CANONICAL_NAV_RESPONSIVE,Navigation canon + shell foundation,IN_PROGRESS,frontend/src/components/admin/sidebar/domainMap.js,WP17B navigation family · Admin V2 sidebar · Audit Log,PENDING
NAV-0036,admin,/admin/deploy-readiness,navigation_item,/,sidebar.desktop,PUBLIC,STANDARDIZE,Admin V2 sidebar,WP17C_CANONICAL_NAVIGATION_ITEM,STANDARDIZE,CANONICALIZE,STANDARDIZE_FOUNDATION,ALIGN_LABEL,CONTEXTUAL_HELP_OPTIONAL,TOKENIZE_ONLY,CANONICAL_NAV_RESPONSIVE,Navigation canon + shell foundation,IN_PROGRESS,frontend/src/components/admin/sidebar/domainMap.js,WP17B navigation family · Admin V2 sidebar · Deploy Readiness,PENDING
NAV-0037,admin,/admin/deploy-recovery,navigation_item,/,sidebar.desktop,PUBLIC,STANDARDIZE,Admin V2 sidebar,WP17C_CANONICAL_NAVIGATION_ITEM,STANDARDIZE,CANONICALIZE,STANDARDIZE_FOUNDATION,ALIGN_LABEL,CONTEXTUAL_HELP_OPTIONAL,TOKENIZE_ONLY,CANONICAL_NAV_RESPONSIVE,Navigation canon + shell foundation,IN_PROGRESS,frontend/src/components/admin/sidebar/domainMap.js,WP17B navigation family · Admin V2 sidebar · Deploy Recovery,PENDING
NAV-0038,admin,/admin/analytics,navigation_item,/,sidebar.desktop,PUBLIC,STANDARDIZE,Admin V2 sidebar,WP17C_CANONICAL_NAVIGATION_ITEM,STANDARDIZE,CANONICALIZE,STANDARDIZE_FOUNDATION,ALIGN_LABEL,CONTEXTUAL_HELP_OPTIONAL,TOKENIZE_ONLY,CANONICAL_NAV_RESPONSIVE,Navigation canon + shell foundation,IN_PROGRESS,frontend/src/components/admin/sidebar/domainMap.js,WP17B navigation family · Admin V2 sidebar · Usage Analytics,PENDING
NAV-0039,admin,/admin/integrations,navigation_item,/,sidebar.desktop,PUBLIC,STANDARDIZE,Admin V2 sidebar,WP17C_CANONICAL_NAVIGATION_ITEM,STANDARDIZE,CANONICALIZE,STANDARDIZE_FOUNDATION,ALIGN_LABEL,CONTEXTUAL_HELP_OPTIONAL,TOKENIZE_ONLY,CANONICAL_NAV_RESPONSIVE,Navigation canon + shell foundation,IN_PROGRESS,frontend/src/components/admin/sidebar/domainMap.js,WP17B navigation family · Admin V2 sidebar · Integrations,PENDING
NAV-0040,admin,/admin/promo-assets,navigation_item,/,sidebar.desktop,PUBLIC,STANDARDIZE,Admin V2 sidebar,WP17C_CANONICAL_NAVIGATION_ITEM,STANDARDIZE,CANONICALIZE,STANDARDIZE_FOUNDATION,ALIGN_LABEL,CONTEXTUAL_HELP_OPTIONAL,TOKENIZE_ONLY,CANONICAL_NAV_RESPONSIVE,Navigation canon + shell foundation,IN_PROGRESS,frontend/src/components/admin/sidebar/domainMap.js,WP17B navigation family · Admin V2 sidebar · Promo Assets,PENDING
NAV-0041,admin,/tasks,navigation_item,/,sidebar.desktop,PUBLIC,STANDARDIZE,Admin V2 sidebar,WP17C_CANONICAL_NAVIGATION_ITEM,STANDARDIZE,CANONICALIZE,STANDARDIZE_FOUNDATION,ALIGN_LABEL,CONTEXTUAL_HELP_OPTIONAL,TOKENIZE_ONLY,CANONICAL_NAV_RESPONSIVE,Navigation canon + shell foundation,IN_PROGRESS,frontend/src/components/admin/sidebar/domainMap.js,WP17B navigation family · Admin V2 sidebar · My Tasks,PENDING
NAV-0042,admin,/po-requests,navigation_item,/,sidebar.desktop,PUBLIC,STANDARDIZE,Admin V2 sidebar,WP17C_CANONICAL_NAVIGATION_ITEM,STANDARDIZE,CANONICALIZE,STANDARDIZE_FOUNDATION,ALIGN_LABEL,CONTEXTUAL_HELP_OPTIONAL,TOKENIZE_ONLY,CANONICAL_NAV_RESPONSIVE,Navigation canon + shell foundation,IN_PROGRESS,frontend/src/components/admin/sidebar/domainMap.js,WP17B navigation family · Admin V2 sidebar · PO Requests,PENDING
NAV-0043,admin,/guidance,navigation_item,/,sidebar.desktop,PUBLIC,STANDARDIZE,Admin V2 sidebar,WP17C_CANONICAL_NAVIGATION_ITEM,STANDARDIZE,CANONICALIZE,STANDARDIZE_FOUNDATION,ALIGN_LABEL,CONTEXTUAL_HELP_OPTIONAL,TOKENIZE_ONLY,CANONICAL_NAV_RESPONSIVE,Navigation canon + shell foundation,IN_PROGRESS,frontend/src/components/admin/sidebar/domainMap.js,WP17B navigation family · Admin V2 sidebar · Training Center,PENDING
NAV-0044,admin,/admin,navigation_item,/,sidebar.desktop,PUBLIC,STANDARDIZE,Admin V3 domain map,WP17C_CANONICAL_NAVIGATION_ITEM,STANDARDIZE,CANONICALIZE,STANDARDIZE_FOUNDATION,ALIGN_LABEL,CONTEXTUAL_HELP_OPTIONAL,TOKENIZE_ONLY,CANONICAL_NAV_RESPONSIVE,Navigation canon + shell foundation,IN_PROGRESS,frontend/src/app/admin/domainMapV3.js,WP17B navigation family · Admin V3 domain map · Dashboard,PENDING
NAV-0045,admin,/admin/operations-control,navigation_item,/,sidebar.desktop,PUBLIC,STANDARDIZE,Admin V3 domain map,WP17C_CANONICAL_NAVIGATION_ITEM,STANDARDIZE,CANONICALIZE,STANDARDIZE_FOUNDATION,ALIGN_LABEL,CONTEXTUAL_HELP_OPTIONAL,TOKENIZE_ONLY,CANONICAL_NAV_RESPONSIVE,Navigation canon + shell foundation,IN_PROGRESS,frontend/src/app/admin/domainMapV3.js,WP17B navigation family · Admin V3 domain map · Operations Control,PENDING
NAV-0046,admin,/admin/storage-recovery,navigation_item,/,sidebar.desktop,PUBLIC,STANDARDIZE,Admin V3 domain map,WP17C_CANONICAL_NAVIGATION_ITEM,STANDARDIZE,CANONICALIZE,STANDARDIZE_FOUNDATION,ALIGN_LABEL,CONTEXTUAL_HELP_OPTIONAL,TOKENIZE_ONLY,CANONICAL_NAV_RESPONSIVE,Navigation canon + shell foundation,IN_PROGRESS,frontend/src/app/admin/domainMapV3.js,WP17B navigation family · Admin V3 domain map · Storage & Recovery,PENDING
NAV-0047,admin,/admin/ai-operations,navigation_item,/,sidebar.desktop,PUBLIC,STANDARDIZE,Admin V3 domain map,WP17C_CANONICAL_NAVIGATION_ITEM,STANDARDIZE,CANONICALIZE,STANDARDIZE_FOUNDATION,ALIGN_LABEL,CONTEXTUAL_HELP_OPTIONAL,TOKENIZE_ONLY,CANONICAL_NAV_RESPONSIVE,Navigation canon + shell foundation,IN_PROGRESS,frontend/src/app/admin/domainMapV3.js,WP17B navigation family · Admin V3 domain map · AI Operations,PENDING
NAV-0048,admin,/admin/communications,navigation_item,/,sidebar.desktop,PUBLIC,STANDARDIZE,Admin V3 domain map,WP17C_CANONICAL_NAVIGATION_ITEM,STANDARDIZE,CANONICALIZE,STANDARDIZE_FOUNDATION,ALIGN_LABEL,CONTEXTUAL_HELP_OPTIONAL,TOKENIZE_ONLY,CANONICAL_NAV_RESPONSIVE,Navigation canon + shell foundation,IN_PROGRESS,frontend/src/app/admin/domainMapV3.js,WP17B navigation family · Admin V3 domain map · Communications,PENDING
NAV-0049,admin,/admin/identity-security,navigation_item,/,sidebar.desktop,PUBLIC,STANDARDIZE,Admin V3 domain map,WP17C_CANONICAL_NAVIGATION_ITEM,STANDARDIZE,CANONICALIZE,STANDARDIZE_FOUNDATION,ALIGN_LABEL,CONTEXTUAL_HELP_OPTIONAL,TOKENIZE_ONLY,CANONICAL_NAV_RESPONSIVE,Navigation canon + shell foundation,IN_PROGRESS,frontend/src/app/admin/domainMapV3.js,WP17B navigation family · Admin V3 domain map · Identity & Security,PENDING
NAV-0050,admin,/admin/governance-trust,navigation_item,/,sidebar.desktop,PUBLIC,STANDARDIZE,Admin V3 domain map,WP17C_CANONICAL_NAVIGATION_ITEM,STANDARDIZE,CANONICALIZE,STANDARDIZE_FOUNDATION,ALIGN_LABEL,CONTEXTUAL_HELP_OPTIONAL,TOKENIZE_ONLY,CANONICAL_NAV_RESPONSIVE,Navigation canon + shell foundation,IN_PROGRESS,frontend/src/app/admin/domainMapV3.js,WP17B navigation family · Admin V3 domain map · Governance & Trust,PENDING
NAV-0051,admin,/admin/platform-configuration,navigation_item,/,sidebar.desktop,PUBLIC,STANDARDIZE,Admin V3 domain map,WP17C_CANONICAL_NAVIGATION_ITEM,STANDARDIZE,CANONICALIZE,STANDARDIZE_FOUNDATION,ALIGN_LABEL,CONTEXTUAL_HELP_OPTIONAL,TOKENIZE_ONLY,CANONICAL_NAV_RESPONSIVE,Navigation canon + shell foundation,IN_PROGRESS,frontend/src/app/admin/domainMapV3.js,WP17B navigation family · Admin V3 domain map · Platform Configuration,PENDING
NAV-0052,admin,/admin/diagnostics,navigation_item,/,sidebar.desktop,PUBLIC,STANDARDIZE,Admin V3 domain map,WP17C_CANONICAL_NAVIGATION_ITEM,STANDARDIZE,CANONICALIZE,STANDARDIZE_FOUNDATION,ALIGN_LABEL,CONTEXTUAL_HELP_OPTIONAL,TOKENIZE_ONLY,CANONICAL_NAV_RESPONSIVE,Navigation canon + shell foundation,IN_PROGRESS,frontend/src/app/admin/domainMapV3.js,WP17B navigation family · Admin V3 domain map · Diagnostics,PENDING
NAV-0053,admin,/admin/maintenance,navigation_item,/,sidebar.desktop,PUBLIC,STANDARDIZE,Admin V3 domain map,WP17C_CANONICAL_NAVIGATION_ITEM,STANDARDIZE,CANONICALIZE,STANDARDIZE_FOUNDATION,ALIGN_LABEL,CONTEXTUAL_HELP_OPTIONAL,TOKENIZE_ONLY,CANONICAL_NAV_RESPONSIVE,Navigation canon + shell foundation,IN_PROGRESS,frontend/src/app/admin/domainMapV3.js,WP17B navigation family · Admin V3 domain map · Maintenance,PENDING
NAV-0054,admin,/admin/platform-overview,navigation_item,/,command_palette,HIDDEN,STANDARDIZE,Admin V3 domain map,WP17C_CANONICAL_NAVIGATION_ITEM,STANDARDIZE,CANONICALIZE,STANDARDIZE_FOUNDATION,ALIGN_LABEL,CONTEXTUAL_HELP_OPTIONAL,TOKENIZE_ONLY,CANONICAL_NAV_RESPONSIVE,Navigation canon + shell foundation,IN_PROGRESS,frontend/src/app/admin/domainMapV3.js,WP17B navigation family · Admin V3 domain map · Platform Overview,PENDING
NAV-0055,admin,/admin/database,navigation_item,/,sidebar.desktop,PUBLIC,STANDARDIZE,Admin V3 domain map,WP17C_CANONICAL_NAVIGATION_ITEM,STANDARDIZE,CANONICALIZE,STANDARDIZE_FOUNDATION,ALIGN_LABEL,CONTEXTUAL_HELP_OPTIONAL,TOKENIZE_ONLY,CANONICAL_NAV_RESPONSIVE,Navigation canon + shell foundation,IN_PROGRESS,frontend/src/app/admin/domainMapV3.js,WP17B navigation family · Admin V3 domain map · Database Capacity,PENDING
NAV-0056,admin,/admin/mfa,navigation_item,/,sidebar.desktop,PUBLIC,STANDARDIZE,Admin V3 domain map,WP17C_CANONICAL_NAVIGATION_ITEM,STANDARDIZE,CANONICALIZE,STANDARDIZE_FOUNDATION,ALIGN_LABEL,CONTEXTUAL_HELP_OPTIONAL,TOKENIZE_ONLY,CANONICAL_NAV_RESPONSIVE,Navigation canon + shell foundation,IN_PROGRESS,frontend/src/app/admin/domainMapV3.js,WP17B navigation family · Admin V3 domain map · Multi-Factor Auth,PENDING
NAV-0057,admin,/admin/governance/self-protection,navigation_item,/,sidebar.desktop,PUBLIC,STANDARDIZE,Admin V3 domain map,WP17C_CANONICAL_NAVIGATION_ITEM,STANDARDIZE,CANONICALIZE,STANDARDIZE_FOUNDATION,ALIGN_LABEL,CONTEXTUAL_HELP_OPTIONAL,TOKENIZE_ONLY,CANONICAL_NAV_RESPONSIVE,Navigation canon + shell foundation,IN_PROGRESS,frontend/src/app/admin/domainMapV3.js,WP17B navigation family · Admin V3 domain map · Platform Self-Protection,PENDING
NAV-0058,admin,/admin/profile,navigation_item,/,sidebar.desktop,PUBLIC,STANDARDIZE,Admin V3 domain map,WP17C_CANONICAL_NAVIGATION_ITEM,STANDARDIZE,CANONICALIZE,STANDARDIZE_FOUNDATION,ALIGN_LABEL,CONTEXTUAL_HELP_OPTIONAL,TOKENIZE_ONLY,CANONICAL_NAV_RESPONSIVE,Navigation canon + shell foundation,IN_PROGRESS,frontend/src/app/admin/domainMapV3.js,WP17B navigation family · Admin V3 domain map · My Profile,PENDING
NAV-0059,admin,/admin/guide,navigation_item,/,sidebar.desktop,PUBLIC,STANDARDIZE,Admin V3 domain map,WP17C_CANONICAL_NAVIGATION_ITEM,STANDARDIZE,CANONICALIZE,STANDARDIZE_FOUNDATION,ALIGN_LABEL,CONTEXTUAL_HELP_OPTIONAL,TOKENIZE_ONLY,CANONICAL_NAV_RESPONSIVE,Navigation canon + shell foundation,IN_PROGRESS,frontend/src/app/admin/domainMapV3.js,WP17B navigation family · Admin V3 domain map · Admin Guide,PENDING
NAV-0060,admin,/admin/command-center,navigation_item,/,sidebar.desktop,PUBLIC,STANDARDIZE,Admin V3 domain map,WP17C_CANONICAL_NAVIGATION_ITEM,STANDARDIZE,CANONICALIZE,STANDARDIZE_FOUNDATION,ALIGN_LABEL,CONTEXTUAL_HELP_OPTIONAL,TOKENIZE_ONLY,CANONICAL_NAV_RESPONSIVE,Navigation canon + shell foundation,IN_PROGRESS,frontend/src/app/admin/domainMapV3.js,WP17B navigation family · Admin V3 domain map · Command Center,PENDING
NAV-0061,admin,/admin/executive-overview,navigation_item,/,sidebar.desktop,PUBLIC,STANDARDIZE,Admin V3 domain map,WP17C_CANONICAL_NAVIGATION_ITEM,STANDARDIZE,CANONICALIZE,STANDARDIZE_FOUNDATION,ALIGN_LABEL,CONTEXTUAL_HELP_OPTIONAL,TOKENIZE_ONLY,CANONICAL_NAV_RESPONSIVE,Navigation canon + shell foundation,IN_PROGRESS,frontend/src/app/admin/domainMapV3.js,WP17B navigation family · Admin V3 domain map · Executive Overview,PENDING
NAV-0062,admin,/admin/pnl,navigation_item,/,sidebar.desktop,PUBLIC,STANDARDIZE,Admin V3 domain map,WP17C_CANONICAL_NAVIGATION_ITEM,STANDARDIZE,CANONICALIZE,STANDARDIZE_FOUNDATION,ALIGN_LABEL,CONTEXTUAL_HELP_OPTIONAL,TOKENIZE_ONLY,CANONICAL_NAV_RESPONSIVE,Navigation canon + shell foundation,IN_PROGRESS,frontend/src/app/admin/domainMapV3.js,WP17B navigation family · Admin V3 domain map · P&L,PENDING
NAV-0063,admin,/admin/jobs,navigation_item,/,sidebar.desktop,PUBLIC,STANDARDIZE,Admin V3 domain map,WP17C_CANONICAL_NAVIGATION_ITEM,STANDARDIZE,CANONICALIZE,STANDARDIZE_FOUNDATION,ALIGN_LABEL,CONTEXTUAL_HELP_OPTIONAL,TOKENIZE_ONLY,CANONICAL_NAV_RESPONSIVE,Navigation canon + shell foundation,IN_PROGRESS,frontend/src/app/admin/domainMapV3.js,WP17B navigation family · Admin V3 domain map · Jobs & Projects,PENDING
NAV-0064,admin,/admin/daily-reports,navigation_item,/,sidebar.desktop,PUBLIC,STANDARDIZE,Admin V3 domain map,WP17C_CANONICAL_NAVIGATION_ITEM,STANDARDIZE,CANONICALIZE,STANDARDIZE_FOUNDATION,ALIGN_LABEL,CONTEXTUAL_HELP_OPTIONAL,TOKENIZE_ONLY,CANONICAL_NAV_RESPONSIVE,Navigation canon + shell foundation,IN_PROGRESS,frontend/src/app/admin/domainMapV3.js,WP17B navigation family · Admin V3 domain map · Daily Reports,PENDING
NAV-0065,admin,/admin/equipment,navigation_item,/,sidebar.desktop,PUBLIC,STANDARDIZE,Admin V3 domain map,WP17C_CANONICAL_NAVIGATION_ITEM,STANDARDIZE,CANONICALIZE,STANDARDIZE_FOUNDATION,ALIGN_LABEL,CONTEXTUAL_HELP_OPTIONAL,TOKENIZE_ONLY,CANONICAL_NAV_RESPONSIVE,Navigation canon + shell foundation,IN_PROGRESS,frontend/src/app/admin/domainMapV3.js,WP17B navigation family · Admin V3 domain map · Fleet & Equipment,PENDING
NAV-0066,admin,/admin/dispatch,navigation_item,/,sidebar.desktop,PUBLIC,STANDARDIZE,Admin V3 domain map,WP17C_CANONICAL_NAVIGATION_ITEM,STANDARDIZE,CANONICALIZE,STANDARDIZE_FOUNDATION,ALIGN_LABEL,CONTEXTUAL_HELP_OPTIONAL,TOKENIZE_ONLY,CANONICAL_NAV_RESPONSIVE,Navigation canon + shell foundation,IN_PROGRESS,frontend/src/app/admin/domainMapV3.js,WP17B navigation family · Admin V3 domain map · Dispatch,PENDING
NAV-0067,admin,/admin/transportation,navigation_item,/,sidebar.desktop,PUBLIC,STANDARDIZE,Admin V3 domain map,WP17C_CANONICAL_NAVIGATION_ITEM,STANDARDIZE,CANONICALIZE,STANDARDIZE_FOUNDATION,ALIGN_LABEL,CONTEXTUAL_HELP_OPTIONAL,TOKENIZE_ONLY,CANONICAL_NAV_RESPONSIVE,Navigation canon + shell foundation,IN_PROGRESS,frontend/src/app/admin/domainMapV3.js,WP17B navigation family · Admin V3 domain map · Transportation,PENDING
NAV-0068,admin,/admin/incidents,navigation_item,/,sidebar.desktop,PUBLIC,STANDARDIZE,Admin V3 domain map,WP17C_CANONICAL_NAVIGATION_ITEM,STANDARDIZE,CANONICALIZE,STANDARDIZE_FOUNDATION,ALIGN_LABEL,CONTEXTUAL_HELP_OPTIONAL,TOKENIZE_ONLY,CANONICAL_NAV_RESPONSIVE,Navigation canon + shell foundation,IN_PROGRESS,frontend/src/app/admin/domainMapV3.js,WP17B navigation family · Admin V3 domain map · Safety & Compliance,PENDING
NAV-0069,admin,/admin/people,navigation_item,/,sidebar.desktop,PUBLIC,STANDARDIZE,Admin V3 domain map,WP17C_CANONICAL_NAVIGATION_ITEM,STANDARDIZE,CANONICALIZE,STANDARDIZE_FOUNDATION,ALIGN_LABEL,CONTEXTUAL_HELP_OPTIONAL,TOKENIZE_ONLY,CANONICAL_NAV_RESPONSIVE,Navigation canon + shell foundation,IN_PROGRESS,frontend/src/app/admin/domainMapV3.js,WP17B navigation family · Admin V3 domain map · People & Access,PENDING
NAV-0070,admin,/admin/training,navigation_item,/,sidebar.desktop,PUBLIC,STANDARDIZE,Admin V3 domain map,WP17C_CANONICAL_NAVIGATION_ITEM,STANDARDIZE,CANONICALIZE,STANDARDIZE_FOUNDATION,ALIGN_LABEL,CONTEXTUAL_HELP_OPTIONAL,TOKENIZE_ONLY,CANONICAL_NAV_RESPONSIVE,Navigation canon + shell foundation,IN_PROGRESS,frontend/src/app/admin/domainMapV3.js,WP17B navigation family · Admin V3 domain map · Training,PENDING
NAV-0071,admin,/admin/audit-log,navigation_item,/,sidebar.desktop,PUBLIC,STANDARDIZE,Admin V3 domain map,WP17C_CANONICAL_NAVIGATION_ITEM,STANDARDIZE,CANONICALIZE,STANDARDIZE_FOUNDATION,ALIGN_LABEL,CONTEXTUAL_HELP_OPTIONAL,TOKENIZE_ONLY,CANONICAL_NAV_RESPONSIVE,Navigation canon + shell foundation,IN_PROGRESS,frontend/src/app/admin/domainMapV3.js,WP17B navigation family · Admin V3 domain map · Audit Log,PENDING
NAV-0072,admin,/admin/legacy-imports,navigation_item,/,sidebar.desktop,PUBLIC,STANDARDIZE,Admin V3 domain map,WP17C_CANONICAL_NAVIGATION_ITEM,STANDARDIZE,CANONICALIZE,STANDARDIZE_FOUNDATION,ALIGN_LABEL,CONTEXTUAL_HELP_OPTIONAL,TOKENIZE_ONLY,CANONICAL_NAV_RESPONSIVE,Navigation canon + shell foundation,IN_PROGRESS,frontend/src/app/admin/domainMapV3.js,WP17B navigation family · Admin V3 domain map · Historical Records,PENDING
NAV-0073,admin,/admin/operational-language,navigation_item,/,sidebar.desktop,PUBLIC,STANDARDIZE,Admin V3 domain map,WP17C_CANONICAL_NAVIGATION_ITEM,STANDARDIZE,CANONICALIZE,STANDARDIZE_FOUNDATION,ALIGN_LABEL,CONTEXTUAL_HELP_OPTIONAL,TOKENIZE_ONLY,CANONICAL_NAV_RESPONSIVE,Navigation canon + shell foundation,IN_PROGRESS,frontend/src/app/admin/domainMapV3.js,WP17B navigation family · Admin V3 domain map · Operational Language,PENDING
NAV-0074,admin,/admin/daily/:id,navigation_item,/,command_palette,HIDDEN,STANDARDIZE,Admin V3 domain map,WP17C_CANONICAL_NAVIGATION_ITEM,STANDARDIZE,CANONICALIZE,STANDARDIZE_FOUNDATION,ALIGN_LABEL,CONTEXTUAL_HELP_OPTIONAL,TOKENIZE_ONLY,CANONICAL_NAV_RESPONSIVE,Navigation canon + shell foundation,IN_PROGRESS,frontend/src/app/admin/domainMapV3.js,WP17B navigation family · Admin V3 domain map · Daily Report · detail,PENDING
NAV-0075,admin,/admin/meetings/:id,navigation_item,/,command_palette,HIDDEN,STANDARDIZE,Admin V3 domain map,WP17C_CANONICAL_NAVIGATION_ITEM,STANDARDIZE,CANONICALIZE,STANDARDIZE_FOUNDATION,ALIGN_LABEL,CONTEXTUAL_HELP_OPTIONAL,TOKENIZE_ONLY,CANONICAL_NAV_RESPONSIVE,Navigation canon + shell foundation,IN_PROGRESS,frontend/src/app/admin/domainMapV3.js,WP17B navigation family · Admin V3 domain map · Meeting · detail,PENDING
NAV-0076,admin,/admin/qaqc/:id,navigation_item,/,command_palette,HIDDEN,STANDARDIZE,Admin V3 domain map,WP17C_CANONICAL_NAVIGATION_ITEM,STANDARDIZE,CANONICALIZE,STANDARDIZE_FOUNDATION,ALIGN_LABEL,CONTEXTUAL_HELP_OPTIONAL,TOKENIZE_ONLY,CANONICAL_NAV_RESPONSIVE,Navigation canon + shell foundation,IN_PROGRESS,frontend/src/app/admin/domainMapV3.js,WP17B navigation family · Admin V3 domain map · QA/QC · detail,PENDING
NAV-0077,admin,/admin/jobs/:projectNumber/team,navigation_item,/,command_palette,HIDDEN,STANDARDIZE,Admin V3 domain map,WP17C_CANONICAL_NAVIGATION_ITEM,STANDARDIZE,CANONICALIZE,STANDARDIZE_FOUNDATION,ALIGN_LABEL,CONTEXTUAL_HELP_OPTIONAL,TOKENIZE_ONLY,CANONICAL_NAV_RESPONSIVE,Navigation canon + shell foundation,IN_PROGRESS,frontend/src/app/admin/domainMapV3.js,WP17B navigation family · Admin V3 domain map · Project Team · detail,PENDING
NAV-0078,admin,/admin/leadership/records/:id,navigation_item,/,command_palette,HIDDEN,STANDARDIZE,Admin V3 domain map,WP17C_CANONICAL_NAVIGATION_ITEM,STANDARDIZE,CANONICALIZE,STANDARDIZE_FOUNDATION,ALIGN_LABEL,CONTEXTUAL_HELP_OPTIONAL,TOKENIZE_ONLY,CANONICAL_NAV_RESPONSIVE,Navigation canon + shell foundation,IN_PROGRESS,frontend/src/app/admin/domainMapV3.js,WP17B navigation family · Admin V3 domain map · Leadership Record · detail,PENDING
NAV-0079,admin,/admin/equipment/:id,navigation_item,/,command_palette,HIDDEN,STANDARDIZE,Admin V3 domain map,WP17C_CANONICAL_NAVIGATION_ITEM,STANDARDIZE,CANONICALIZE,STANDARDIZE_FOUNDATION,ALIGN_LABEL,CONTEXTUAL_HELP_OPTIONAL,TOKENIZE_ONLY,CANONICAL_NAV_RESPONSIVE,Navigation canon + shell foundation,IN_PROGRESS,frontend/src/app/admin/domainMapV3.js,WP17B navigation family · Admin V3 domain map · Equipment · detail,PENDING
NAV-0080,admin,/admin/equipment/:id/history,navigation_item,/,command_palette,HIDDEN,STANDARDIZE,Admin V3 domain map,WP17C_CANONICAL_NAVIGATION_ITEM,STANDARDIZE,CANONICALIZE,STANDARDIZE_FOUNDATION,ALIGN_LABEL,CONTEXTUAL_HELP_OPTIONAL,TOKENIZE_ONLY,CANONICAL_NAV_RESPONSIVE,Navigation canon + shell foundation,IN_PROGRESS,frontend/src/app/admin/domainMapV3.js,WP17B navigation family · Admin V3 domain map · Equipment · history,PENDING
NAV-0081,admin,/admin/assets/:assetId,navigation_item,/,command_palette,HIDDEN,STANDARDIZE,Admin V3 domain map,WP17C_CANONICAL_NAVIGATION_ITEM,STANDARDIZE,CANONICALIZE,STANDARDIZE_FOUNDATION,ALIGN_LABEL,CONTEXTUAL_HELP_OPTIONAL,TOKENIZE_ONLY,CANONICAL_NAV_RESPONSIVE,Navigation canon + shell foundation,IN_PROGRESS,frontend/src/app/admin/domainMapV3.js,WP17B navigation family · Admin V3 domain map · Asset · detail,PENDING
NAV-0082,admin,/admin/employees/:id/history,navigation_item,/,command_palette,HIDDEN,STANDARDIZE,Admin V3 domain map,WP17C_CANONICAL_NAVIGATION_ITEM,STANDARDIZE,CANONICALIZE,STANDARDIZE_FOUNDATION,ALIGN_LABEL,CONTEXTUAL_HELP_OPTIONAL,TOKENIZE_ONLY,CANONICAL_NAV_RESPONSIVE,Navigation canon + shell foundation,IN_PROGRESS,frontend/src/app/admin/domainMapV3.js,WP17B navigation family · Admin V3 domain map · Employee · history,PENDING
NAV-0083,admin,/admin/incidents/:id,navigation_item,/,command_palette,HIDDEN,STANDARDIZE,Admin V3 domain map,WP17C_CANONICAL_NAVIGATION_ITEM,STANDARDIZE,CANONICALIZE,STANDARDIZE_FOUNDATION,ALIGN_LABEL,CONTEXTUAL_HELP_OPTIONAL,TOKENIZE_ONLY,CANONICAL_NAV_RESPONSIVE,Navigation canon + shell foundation,IN_PROGRESS,frontend/src/app/admin/domainMapV3.js,WP17B navigation family · Admin V3 domain map · Incident · detail,PENDING
NAV-0084,admin,/admin/inspections/:id,navigation_item,/,command_palette,HIDDEN,STANDARDIZE,Admin V3 domain map,WP17C_CANONICAL_NAVIGATION_ITEM,STANDARDIZE,CANONICALIZE,STANDARDIZE_FOUNDATION,ALIGN_LABEL,CONTEXTUAL_HELP_OPTIONAL,TOKENIZE_ONLY,CANONICAL_NAV_RESPONSIVE,Navigation canon + shell foundation,IN_PROGRESS,frontend/src/app/admin/domainMapV3.js,WP17B navigation family · Admin V3 domain map · Inspection · detail,PENDING
NAV-0085,admin,/admin/asset-mapping,navigation_item,/,command_palette,HIDDEN,STANDARDIZE,Admin V3 domain map,WP17C_CANONICAL_NAVIGATION_ITEM,STANDARDIZE,CANONICALIZE,STANDARDIZE_FOUNDATION,ALIGN_LABEL,CONTEXTUAL_HELP_OPTIONAL,TOKENIZE_ONLY,CANONICAL_NAV_RESPONSIVE,Navigation canon + shell foundation,IN_PROGRESS,frontend/src/app/admin/domainMapV3.js,WP17B navigation family · Admin V3 domain map · Asset Mapping,PENDING
NAV-0086,admin,/admin/asset-admin,navigation_item,/,command_palette,HIDDEN,STANDARDIZE,Admin V3 domain map,WP17C_CANONICAL_NAVIGATION_ITEM,STANDARDIZE,CANONICALIZE,STANDARDIZE_FOUNDATION,ALIGN_LABEL,CONTEXTUAL_HELP_OPTIONAL,TOKENIZE_ONLY,CANONICAL_NAV_RESPONSIVE,Navigation canon + shell foundation,IN_PROGRESS,frontend/src/app/admin/domainMapV3.js,WP17B navigation family · Admin V3 domain map · Asset Administration,PENDING
NAV-0087,admin,/admin/asset-spine,navigation_item,/,command_palette,HIDDEN,STANDARDIZE,Admin V3 domain map,WP17C_CANONICAL_NAVIGATION_ITEM,STANDARDIZE,CANONICALIZE,STANDARDIZE_FOUNDATION,ALIGN_LABEL,CONTEXTUAL_HELP_OPTIONAL,TOKENIZE_ONLY,CANONICAL_NAV_RESPONSIVE,Navigation canon + shell foundation,IN_PROGRESS,frontend/src/app/admin/domainMapV3.js,WP17B navigation family · Admin V3 domain map · Asset Spine,PENDING
NAV-0088,admin,/admin/geofence-reconciliation,navigation_item,/,command_palette,HIDDEN,STANDARDIZE,Admin V3 domain map,WP17C_CANONICAL_NAVIGATION_ITEM,STANDARDIZE,CANONICALIZE,STANDARDIZE_FOUNDATION,ALIGN_LABEL,CONTEXTUAL_HELP_OPTIONAL,TOKENIZE_ONLY,CANONICAL_NAV_RESPONSIVE,Navigation canon + shell foundation,IN_PROGRESS,frontend/src/app/admin/domainMapV3.js,WP17B navigation family · Admin V3 domain map · Geofence Reconciliation,PENDING
NAV-0089,admin,/admin/operational-inventory,navigation_item,/,command_palette,HIDDEN,STANDARDIZE,Admin V3 domain map,WP17C_CANONICAL_NAVIGATION_ITEM,STANDARDIZE,CANONICALIZE,STANDARDIZE_FOUNDATION,ALIGN_LABEL,CONTEXTUAL_HELP_OPTIONAL,TOKENIZE_ONLY,CANONICAL_NAV_RESPONSIVE,Navigation canon + shell foundation,IN_PROGRESS,frontend/src/app/admin/domainMapV3.js,WP17B navigation family · Admin V3 domain map · Operational Inventory,PENDING
NAV-0090,admin,/admin/operational-intelligence,navigation_item,/,command_palette,HIDDEN,STANDARDIZE,Admin V3 domain map,WP17C_CANONICAL_NAVIGATION_ITEM,STANDARDIZE,CANONICALIZE,STANDARDIZE_FOUNDATION,ALIGN_LABEL,CONTEXTUAL_HELP_OPTIONAL,TOKENIZE_ONLY,CANONICAL_NAV_RESPONSIVE,Navigation canon + shell foundation,IN_PROGRESS,frontend/src/app/admin/domainMapV3.js,WP17B navigation family · Admin V3 domain map · Operational Intelligence,PENDING
NAV-0091,admin,/admin/promo-assets,navigation_item,/,command_palette,HIDDEN,STANDARDIZE,Admin V3 domain map,WP17C_CANONICAL_NAVIGATION_ITEM,STANDARDIZE,CANONICALIZE,STANDARDIZE_FOUNDATION,ALIGN_LABEL,CONTEXTUAL_HELP_OPTIONAL,TOKENIZE_ONLY,CANONICAL_NAV_RESPONSIVE,Navigation canon + shell foundation,IN_PROGRESS,frontend/src/app/admin/domainMapV3.js,WP17B navigation family · Admin V3 domain map · Promo Assets,PENDING
NAV-0092,admin,/admin/analytics,navigation_item,/,command_palette,HIDDEN,STANDARDIZE,Admin V3 domain map,WP17C_CANONICAL_NAVIGATION_ITEM,STANDARDIZE,CANONICALIZE,STANDARDIZE_FOUNDATION,ALIGN_LABEL,CONTEXTUAL_HELP_OPTIONAL,TOKENIZE_ONLY,CANONICAL_NAV_RESPONSIVE,Navigation canon + shell foundation,IN_PROGRESS,frontend/src/app/admin/domainMapV3.js,WP17B navigation family · Admin V3 domain map · Usage Analytics,PENDING
NAV-0093,admin,/admin/integrations,navigation_item,/,command_palette,HIDDEN,STANDARDIZE,Admin V3 domain map,WP17C_CANONICAL_NAVIGATION_ITEM,STANDARDIZE,CANONICALIZE,STANDARDIZE_FOUNDATION,ALIGN_LABEL,CONTEXTUAL_HELP_OPTIONAL,TOKENIZE_ONLY,CANONICAL_NAV_RESPONSIVE,Navigation canon + shell foundation,IN_PROGRESS,frontend/src/app/admin/domainMapV3.js,WP17B navigation family · Admin V3 domain map · Integrations,PENDING
NAV-0094,admin,/admin/ai-configuration,navigation_item,/,command_palette,HIDDEN,STANDARDIZE,Admin V3 domain map,WP17C_CANONICAL_NAVIGATION_ITEM,STANDARDIZE,CANONICALIZE,STANDARDIZE_FOUNDATION,ALIGN_LABEL,CONTEXTUAL_HELP_OPTIONAL,TOKENIZE_ONLY,CANONICAL_NAV_RESPONSIVE,Navigation canon + shell foundation,IN_PROGRESS,frontend/src/app/admin/domainMapV3.js,WP17B navigation family · Admin V3 domain map · AI Configuration,PENDING
NAV-0095,admin,/admin/digest-config,navigation_item,/,command_palette,HIDDEN,STANDARDIZE,Admin V3 domain map,WP17C_CANONICAL_NAVIGATION_ITEM,STANDARDIZE,CANONICALIZE,STANDARDIZE_FOUNDATION,ALIGN_LABEL,CONTEXTUAL_HELP_OPTIONAL,TOKENIZE_ONLY,CANONICAL_NAV_RESPONSIVE,Navigation canon + shell foundation,IN_PROGRESS,frontend/src/app/admin/domainMapV3.js,WP17B navigation family · Admin V3 domain map · Digest Schedule,PENDING
NAV-0096,admin,/admin/email,navigation_item,/,command_palette,HIDDEN,STANDARDIZE,Admin V3 domain map,WP17C_CANONICAL_NAVIGATION_ITEM,STANDARDIZE,CANONICALIZE,STANDARDIZE_FOUNDATION,ALIGN_LABEL,CONTEXTUAL_HELP_OPTIONAL,TOKENIZE_ONLY,CANONICAL_NAV_RESPONSIVE,Navigation canon + shell foundation,IN_PROGRESS,frontend/src/app/admin/domainMapV3.js,WP17B navigation family · Admin V3 domain map · Email & Routing,PENDING
NAV-0097,admin,/admin/sessions,navigation_item,/,command_palette,HIDDEN,STANDARDIZE,Admin V3 domain map,WP17C_CANONICAL_NAVIGATION_ITEM,STANDARDIZE,CANONICALIZE,STANDARDIZE_FOUNDATION,ALIGN_LABEL,CONTEXTUAL_HELP_OPTIONAL,TOKENIZE_ONLY,CANONICAL_NAV_RESPONSIVE,Navigation canon + shell foundation,IN_PROGRESS,frontend/src/app/admin/domainMapV3.js,WP17B navigation family · Admin V3 domain map · Sessions,PENDING
NAV-0098,admin,/admin/governance,navigation_item,/,command_palette,HIDDEN,STANDARDIZE,Admin V3 domain map,WP17C_CANONICAL_NAVIGATION_ITEM,STANDARDIZE,CANONICALIZE,STANDARDIZE_FOUNDATION,ALIGN_LABEL,CONTEXTUAL_HELP_OPTIONAL,TOKENIZE_ONLY,CANONICAL_NAV_RESPONSIVE,Navigation canon + shell foundation,IN_PROGRESS,frontend/src/app/admin/domainMapV3.js,WP17B navigation family · Admin V3 domain map · Governance Health,PENDING
NAV-0099,pm,/pm,navigation_item,/,sidebar.desktop,PUBLIC,STANDARDIZE,PM V2 sidebar,WP17C_CANONICAL_NAVIGATION_ITEM,STANDARDIZE,CANONICALIZE,STANDARDIZE_FOUNDATION,ALIGN_LABEL,CONTEXTUAL_HELP_OPTIONAL,TOKENIZE_ONLY,CANONICAL_NAV_RESPONSIVE,Navigation canon + shell foundation,IN_PROGRESS,frontend/src/components/pm/sidebar/domainMap.js,WP17B navigation family · PM V2 sidebar · Overview,PENDING
NAV-0100,pm,/pm/command-center,navigation_item,/,sidebar.desktop,PUBLIC,STANDARDIZE,PM V2 sidebar,WP17C_CANONICAL_NAVIGATION_ITEM,STANDARDIZE,CANONICALIZE,STANDARDIZE_FOUNDATION,ALIGN_LABEL,CONTEXTUAL_HELP_OPTIONAL,TOKENIZE_ONLY,CANONICAL_NAV_RESPONSIVE,Navigation canon + shell foundation,IN_PROGRESS,frontend/src/components/pm/sidebar/domainMap.js,WP17B navigation family · PM V2 sidebar · Command Center,PENDING
NAV-0101,pm,/pm/operational-intelligence,navigation_item,/,sidebar.desktop,PUBLIC,STANDARDIZE,PM V2 sidebar,WP17C_CANONICAL_NAVIGATION_ITEM,STANDARDIZE,CANONICALIZE,STANDARDIZE_FOUNDATION,ALIGN_LABEL,CONTEXTUAL_HELP_OPTIONAL,TOKENIZE_ONLY,CANONICAL_NAV_RESPONSIVE,Navigation canon + shell foundation,IN_PROGRESS,frontend/src/components/pm/sidebar/domainMap.js,WP17B navigation family · PM V2 sidebar · Operational Intelligence,PENDING
NAV-0102,pm,/pm/jobs,navigation_item,/,sidebar.desktop,PUBLIC,STANDARDIZE,PM V2 sidebar,WP17C_CANONICAL_NAVIGATION_ITEM,STANDARDIZE,CANONICALIZE,STANDARDIZE_FOUNDATION,ALIGN_LABEL,CONTEXTUAL_HELP_OPTIONAL,TOKENIZE_ONLY,CANONICAL_NAV_RESPONSIVE,Navigation canon + shell foundation,IN_PROGRESS,frontend/src/components/pm/sidebar/domainMap.js,WP17B navigation family · PM V2 sidebar · Jobs,PENDING
NAV-0103,pm,/pm/holds,navigation_item,/,sidebar.desktop,PUBLIC,STANDARDIZE,PM V2 sidebar,WP17C_CANONICAL_NAVIGATION_ITEM,STANDARDIZE,CANONICALIZE,STANDARDIZE_FOUNDATION,ALIGN_LABEL,CONTEXTUAL_HELP_OPTIONAL,TOKENIZE_ONLY,CANONICAL_NAV_RESPONSIVE,Navigation canon + shell foundation,IN_PROGRESS,frontend/src/components/pm/sidebar/domainMap.js,WP17B navigation family · PM V2 sidebar · Holds,PENDING
NAV-0104,pm,/pm/due-today,navigation_item,/,sidebar.desktop,PUBLIC,STANDARDIZE,PM V2 sidebar,WP17C_CANONICAL_NAVIGATION_ITEM,STANDARDIZE,CANONICALIZE,STANDARDIZE_FOUNDATION,ALIGN_LABEL,CONTEXTUAL_HELP_OPTIONAL,TOKENIZE_ONLY,CANONICAL_NAV_RESPONSIVE,Navigation canon + shell foundation,IN_PROGRESS,frontend/src/components/pm/sidebar/domainMap.js,WP17B navigation family · PM V2 sidebar · Due Today,PENDING
NAV-0105,pm,/pm/daily,navigation_item,/,sidebar.desktop,PUBLIC,STANDARDIZE,PM V2 sidebar,WP17C_CANONICAL_NAVIGATION_ITEM,STANDARDIZE,CANONICALIZE,STANDARDIZE_FOUNDATION,ALIGN_LABEL,CONTEXTUAL_HELP_OPTIONAL,TOKENIZE_ONLY,CANONICAL_NAV_RESPONSIVE,Navigation canon + shell foundation,IN_PROGRESS,frontend/src/components/pm/sidebar/domainMap.js,WP17B navigation family · PM V2 sidebar · Daily Reports,PENDING
NAV-0106,pm,/pm/inspections,navigation_item,/,sidebar.desktop,PUBLIC,STANDARDIZE,PM V2 sidebar,WP17C_CANONICAL_NAVIGATION_ITEM,STANDARDIZE,CANONICALIZE,STANDARDIZE_FOUNDATION,ALIGN_LABEL,CONTEXTUAL_HELP_OPTIONAL,TOKENIZE_ONLY,CANONICAL_NAV_RESPONSIVE,Navigation canon + shell foundation,IN_PROGRESS,frontend/src/components/pm/sidebar/domainMap.js,WP17B navigation family · PM V2 sidebar · Inspections,PENDING
NAV-0107,pm,/pm/meetings,navigation_item,/,sidebar.desktop,PUBLIC,STANDARDIZE,PM V2 sidebar,WP17C_CANONICAL_NAVIGATION_ITEM,STANDARDIZE,CANONICALIZE,STANDARDIZE_FOUNDATION,ALIGN_LABEL,CONTEXTUAL_HELP_OPTIONAL,TOKENIZE_ONLY,CANONICAL_NAV_RESPONSIVE,Navigation canon + shell foundation,IN_PROGRESS,frontend/src/components/pm/sidebar/domainMap.js,WP17B navigation family · PM V2 sidebar · Meetings,PENDING
NAV-0108,pm,/pm/field-leadership,navigation_item,/,sidebar.desktop,PUBLIC,STANDARDIZE,PM V2 sidebar,WP17C_CANONICAL_NAVIGATION_ITEM,STANDARDIZE,CANONICALIZE,STANDARDIZE_FOUNDATION,ALIGN_LABEL,CONTEXTUAL_HELP_OPTIONAL,TOKENIZE_ONLY,CANONICAL_NAV_RESPONSIVE,Navigation canon + shell foundation,IN_PROGRESS,frontend/src/components/pm/sidebar/domainMap.js,WP17B navigation family · PM V2 sidebar · Field Leadership,PENDING
NAV-0109,pm,/pm/odr,navigation_item,/,sidebar.desktop,PUBLIC,STANDARDIZE,PM V2 sidebar,WP17C_CANONICAL_NAVIGATION_ITEM,STANDARDIZE,CANONICALIZE,STANDARDIZE_FOUNDATION,ALIGN_LABEL,CONTEXTUAL_HELP_OPTIONAL,TOKENIZE_ONLY,CANONICAL_NAV_RESPONSIVE,Navigation canon + shell foundation,IN_PROGRESS,frontend/src/components/pm/sidebar/domainMap.js,WP17B navigation family · PM V2 sidebar · Operational Daily Records,PENDING
NAV-0110,pm,/pm/photos,navigation_item,/,sidebar.desktop,PUBLIC,STANDARDIZE,PM V2 sidebar,WP17C_CANONICAL_NAVIGATION_ITEM,STANDARDIZE,CANONICALIZE,STANDARDIZE_FOUNDATION,ALIGN_LABEL,CONTEXTUAL_HELP_OPTIONAL,TOKENIZE_ONLY,CANONICAL_NAV_RESPONSIVE,Navigation canon + shell foundation,IN_PROGRESS,frontend/src/components/pm/sidebar/domainMap.js,WP17B navigation family · PM V2 sidebar · Job Photos,PENDING
NAV-0111,pm,/po-requests,navigation_item,/,sidebar.desktop,PUBLIC,STANDARDIZE,PM V2 sidebar,WP17C_CANONICAL_NAVIGATION_ITEM,STANDARDIZE,CANONICALIZE,STANDARDIZE_FOUNDATION,ALIGN_LABEL,CONTEXTUAL_HELP_OPTIONAL,TOKENIZE_ONLY,CANONICAL_NAV_RESPONSIVE,Navigation canon + shell foundation,IN_PROGRESS,frontend/src/components/pm/sidebar/domainMap.js,WP17B navigation family · PM V2 sidebar · PO Requests,PENDING
NAV-0112,pm,/project-health,navigation_item,/,sidebar.desktop,PUBLIC,STANDARDIZE,PM V2 sidebar,WP17C_CANONICAL_NAVIGATION_ITEM,STANDARDIZE,CANONICALIZE,STANDARDIZE_FOUNDATION,ALIGN_LABEL,CONTEXTUAL_HELP_OPTIONAL,TOKENIZE_ONLY,CANONICAL_NAV_RESPONSIVE,Navigation canon + shell foundation,IN_PROGRESS,frontend/src/components/pm/sidebar/domainMap.js,WP17B navigation family · PM V2 sidebar · Project Health,PENDING
NAV-0113,pm,/asset-transfers,navigation_item,/,sidebar.desktop,PUBLIC,STANDARDIZE,PM V2 sidebar,WP17C_CANONICAL_NAVIGATION_ITEM,STANDARDIZE,CANONICALIZE,STANDARDIZE_FOUNDATION,ALIGN_LABEL,CONTEXTUAL_HELP_OPTIONAL,TOKENIZE_ONLY,CANONICAL_NAV_RESPONSIVE,Navigation canon + shell foundation,IN_PROGRESS,frontend/src/components/pm/sidebar/domainMap.js,WP17B navigation family · PM V2 sidebar · Asset Transfers,PENDING
NAV-0114,pm,/pm/fleet,navigation_item,/,sidebar.desktop,PUBLIC,STANDARDIZE,PM V2 sidebar,WP17C_CANONICAL_NAVIGATION_ITEM,STANDARDIZE,CANONICALIZE,STANDARDIZE_FOUNDATION,ALIGN_LABEL,CONTEXTUAL_HELP_OPTIONAL,TOKENIZE_ONLY,CANONICAL_NAV_RESPONSIVE,Navigation canon + shell foundation,IN_PROGRESS,frontend/src/components/pm/sidebar/domainMap.js,WP17B navigation family · PM V2 sidebar · Equipment Fleet,PENDING
NAV-0115,pm,/pm/equipment,navigation_item,/,sidebar.desktop,PUBLIC,STANDARDIZE,PM V2 sidebar,WP17C_CANONICAL_NAVIGATION_ITEM,STANDARDIZE,CANONICALIZE,STANDARDIZE_FOUNDATION,ALIGN_LABEL,CONTEXTUAL_HELP_OPTIONAL,TOKENIZE_ONLY,CANONICAL_NAV_RESPONSIVE,Navigation canon + shell foundation,IN_PROGRESS,frontend/src/components/pm/sidebar/domainMap.js,WP17B navigation family · PM V2 sidebar · Pre-Op Checks,PENDING
NAV-0116,pm,/pm/suppliers,navigation_item,/,sidebar.desktop,PUBLIC,STANDARDIZE,PM V2 sidebar,WP17C_CANONICAL_NAVIGATION_ITEM,STANDARDIZE,CANONICALIZE,STANDARDIZE_FOUNDATION,ALIGN_LABEL,CONTEXTUAL_HELP_OPTIONAL,TOKENIZE_ONLY,CANONICAL_NAV_RESPONSIVE,Navigation canon + shell foundation,IN_PROGRESS,frontend/src/components/pm/sidebar/domainMap.js,WP17B navigation family · PM V2 sidebar · Suppliers,PENDING
NAV-0117,pm,/pm/people,navigation_item,/,sidebar.desktop,PUBLIC,STANDARDIZE,PM V2 sidebar,WP17C_CANONICAL_NAVIGATION_ITEM,STANDARDIZE,CANONICALIZE,STANDARDIZE_FOUNDATION,ALIGN_LABEL,CONTEXTUAL_HELP_OPTIONAL,TOKENIZE_ONLY,CANONICAL_NAV_RESPONSIVE,Navigation canon + shell foundation,IN_PROGRESS,frontend/src/components/pm/sidebar/domainMap.js,WP17B navigation family · PM V2 sidebar · People,PENDING
NAV-0118,pm,/pm/project-staffing,navigation_item,/,sidebar.desktop,PUBLIC,STANDARDIZE,PM V2 sidebar,WP17C_CANONICAL_NAVIGATION_ITEM,STANDARDIZE,CANONICALIZE,STANDARDIZE_FOUNDATION,ALIGN_LABEL,CONTEXTUAL_HELP_OPTIONAL,TOKENIZE_ONLY,CANONICAL_NAV_RESPONSIVE,Navigation canon + shell foundation,IN_PROGRESS,frontend/src/components/pm/sidebar/domainMap.js,WP17B navigation family · PM V2 sidebar · Project Staffing,PENDING
NAV-0119,pm,/pm/jha-plans,navigation_item,/,sidebar.desktop,PUBLIC,STANDARDIZE,PM V2 sidebar,WP17C_CANONICAL_NAVIGATION_ITEM,STANDARDIZE,CANONICALIZE,STANDARDIZE_FOUNDATION,ALIGN_LABEL,CONTEXTUAL_HELP_OPTIONAL,TOKENIZE_ONLY,CANONICAL_NAV_RESPONSIVE,Navigation canon + shell foundation,IN_PROGRESS,frontend/src/components/pm/sidebar/domainMap.js,WP17B navigation family · PM V2 sidebar · JHA Plans,PENDING
NAV-0120,pm,/pm/trench-boxes,navigation_item,/,sidebar.desktop,PUBLIC,STANDARDIZE,PM V2 sidebar,WP17C_CANONICAL_NAVIGATION_ITEM,STANDARDIZE,CANONICALIZE,STANDARDIZE_FOUNDATION,ALIGN_LABEL,CONTEXTUAL_HELP_OPTIONAL,TOKENIZE_ONLY,CANONICAL_NAV_RESPONSIVE,Navigation canon + shell foundation,IN_PROGRESS,frontend/src/components/pm/sidebar/domainMap.js,WP17B navigation family · PM V2 sidebar · Trench Boxes,PENDING
NAV-0121,pm,/pm/trench-safety,navigation_item,/,sidebar.desktop,PUBLIC,STANDARDIZE,PM V2 sidebar,WP17C_CANONICAL_NAVIGATION_ITEM,STANDARDIZE,CANONICALIZE,STANDARDIZE_FOUNDATION,ALIGN_LABEL,CONTEXTUAL_HELP_OPTIONAL,TOKENIZE_ONLY,CANONICAL_NAV_RESPONSIVE,Navigation canon + shell foundation,IN_PROGRESS,frontend/src/components/pm/sidebar/domainMap.js,WP17B navigation family · PM V2 sidebar · Trench Safety,PENDING
NAV-0122,pm,/pm/posters,navigation_item,/,sidebar.desktop,PUBLIC,STANDARDIZE,PM V2 sidebar,WP17C_CANONICAL_NAVIGATION_ITEM,STANDARDIZE,CANONICALIZE,STANDARDIZE_FOUNDATION,ALIGN_LABEL,CONTEXTUAL_HELP_OPTIONAL,TOKENIZE_ONLY,CANONICAL_NAV_RESPONSIVE,Navigation canon + shell foundation,IN_PROGRESS,frontend/src/components/pm/sidebar/domainMap.js,WP17B navigation family · PM V2 sidebar · Site Posters,PENDING
NAV-0123,pm,/pm/incidents,navigation_item,/,sidebar.desktop,PUBLIC,STANDARDIZE,PM V2 sidebar,WP17C_CANONICAL_NAVIGATION_ITEM,STANDARDIZE,CANONICALIZE,STANDARDIZE_FOUNDATION,ALIGN_LABEL,CONTEXTUAL_HELP_OPTIONAL,TOKENIZE_ONLY,CANONICAL_NAV_RESPONSIVE,Navigation canon + shell foundation,IN_PROGRESS,frontend/src/components/pm/sidebar/domainMap.js,WP17B navigation family · PM V2 sidebar · Incidents,PENDING
NAV-0124,pm,/pm/qaqc,navigation_item,/,sidebar.desktop,PUBLIC,STANDARDIZE,PM V2 sidebar,WP17C_CANONICAL_NAVIGATION_ITEM,STANDARDIZE,CANONICALIZE,STANDARDIZE_FOUNDATION,ALIGN_LABEL,CONTEXTUAL_HELP_OPTIONAL,TOKENIZE_ONLY,CANONICAL_NAV_RESPONSIVE,Navigation canon + shell foundation,IN_PROGRESS,frontend/src/components/pm/sidebar/domainMap.js,WP17B navigation family · PM V2 sidebar · QA/QC,PENDING
NAV-0125,pm,/pm/crew-compliance,navigation_item,/,sidebar.desktop,PUBLIC,STANDARDIZE,PM V2 sidebar,WP17C_CANONICAL_NAVIGATION_ITEM,STANDARDIZE,CANONICALIZE,STANDARDIZE_FOUNDATION,ALIGN_LABEL,CONTEXTUAL_HELP_OPTIONAL,TOKENIZE_ONLY,CANONICAL_NAV_RESPONSIVE,Navigation canon + shell foundation,IN_PROGRESS,frontend/src/components/pm/sidebar/domainMap.js,WP17B navigation family · PM V2 sidebar · Crew Compliance,PENDING
NAV-0126,pm,/pm/change-password,navigation_item,/,sidebar.desktop,PUBLIC,STANDARDIZE,PM V2 sidebar,WP17C_CANONICAL_NAVIGATION_ITEM,STANDARDIZE,CANONICALIZE,STANDARDIZE_FOUNDATION,ALIGN_LABEL,CONTEXTUAL_HELP_OPTIONAL,TOKENIZE_ONLY,CANONICAL_NAV_RESPONSIVE,Navigation canon + shell foundation,IN_PROGRESS,frontend/src/components/pm/sidebar/domainMap.js,WP17B navigation family · PM V2 sidebar · Change Password,PENDING
NAV-0127,pm,/tasks,navigation_item,/,sidebar.desktop,PUBLIC,STANDARDIZE,PM V2 sidebar,WP17C_CANONICAL_NAVIGATION_ITEM,STANDARDIZE,CANONICALIZE,STANDARDIZE_FOUNDATION,ALIGN_LABEL,CONTEXTUAL_HELP_OPTIONAL,TOKENIZE_ONLY,CANONICAL_NAV_RESPONSIVE,Navigation canon + shell foundation,IN_PROGRESS,frontend/src/components/pm/sidebar/domainMap.js,WP17B navigation family · PM V2 sidebar · My Tasks,PENDING
NAV-0128,pm,/guidance,navigation_item,/,sidebar.desktop,PUBLIC,STANDARDIZE,PM V2 sidebar,WP17C_CANONICAL_NAVIGATION_ITEM,STANDARDIZE,CANONICALIZE,STANDARDIZE_FOUNDATION,ALIGN_LABEL,CONTEXTUAL_HELP_OPTIONAL,TOKENIZE_ONLY,CANONICAL_NAV_RESPONSIVE,Navigation canon + shell foundation,IN_PROGRESS,frontend/src/components/pm/sidebar/domainMap.js,WP17B navigation family · PM V2 sidebar · Training Center,PENDING
NAV-0129,hr,/hr,navigation_item,/,sidebar.desktop,PUBLIC,STANDARDIZE,HR V2 sidebar,WP17C_CANONICAL_NAVIGATION_ITEM,STANDARDIZE,CANONICALIZE,STANDARDIZE_FOUNDATION,ALIGN_LABEL,CONTEXTUAL_HELP_OPTIONAL,TOKENIZE_ONLY,CANONICAL_NAV_RESPONSIVE,Navigation canon + shell foundation,DEFERRED_TO_17D,frontend/src/components/hr/sidebar/HrSideNavV2.jsx,WP17B navigation family · HR V2 sidebar · Overview,PENDING
NAV-0130,hr,/hr/daily-reports,navigation_item,/,sidebar.desktop,PUBLIC,STANDARDIZE,HR V2 sidebar,WP17C_CANONICAL_NAVIGATION_ITEM,STANDARDIZE,CANONICALIZE,STANDARDIZE_FOUNDATION,ALIGN_LABEL,CONTEXTUAL_HELP_OPTIONAL,TOKENIZE_ONLY,CANONICAL_NAV_RESPONSIVE,Navigation canon + shell foundation,DEFERRED_TO_17D,frontend/src/components/hr/sidebar/HrSideNavV2.jsx,WP17B navigation family · HR V2 sidebar · Daily Reports,PENDING
NAV-0131,hr,/hr/employees,navigation_item,/,sidebar.desktop,PUBLIC,STANDARDIZE,HR V2 sidebar,WP17C_CANONICAL_NAVIGATION_ITEM,STANDARDIZE,CANONICALIZE,STANDARDIZE_FOUNDATION,ALIGN_LABEL,CONTEXTUAL_HELP_OPTIONAL,TOKENIZE_ONLY,CANONICAL_NAV_RESPONSIVE,Navigation canon + shell foundation,DEFERRED_TO_17D,frontend/src/components/hr/sidebar/HrSideNavV2.jsx,WP17B navigation family · HR V2 sidebar · Employee Lifecycle,PENDING
NAV-0132,hr,/hr/employee-accountability,navigation_item,/,sidebar.desktop,PUBLIC,STANDARDIZE,HR V2 sidebar,WP17C_CANONICAL_NAVIGATION_ITEM,STANDARDIZE,CANONICALIZE,STANDARDIZE_FOUNDATION,ALIGN_LABEL,CONTEXTUAL_HELP_OPTIONAL,TOKENIZE_ONLY,CANONICAL_NAV_RESPONSIVE,Navigation canon + shell foundation,DEFERRED_TO_17D,frontend/src/components/hr/sidebar/HrSideNavV2.jsx,WP17B navigation family · HR V2 sidebar · Employee Accountability,PENDING
NAV-0133,hr,/hr/incidents,navigation_item,/,sidebar.desktop,PUBLIC,STANDARDIZE,HR V2 sidebar,WP17C_CANONICAL_NAVIGATION_ITEM,STANDARDIZE,CANONICALIZE,STANDARDIZE_FOUNDATION,ALIGN_LABEL,CONTEXTUAL_HELP_OPTIONAL,TOKENIZE_ONLY,CANONICAL_NAV_RESPONSIVE,Navigation canon + shell foundation,DEFERRED_TO_17D,frontend/src/components/hr/sidebar/HrSideNavV2.jsx,WP17B navigation family · HR V2 sidebar · Incidents,PENDING
NAV-0134,hr,/hr/field-leadership-users,navigation_item,/,sidebar.desktop,PUBLIC,STANDARDIZE,HR V2 sidebar,WP17C_CANONICAL_NAVIGATION_ITEM,STANDARDIZE,CANONICALIZE,STANDARDIZE_FOUNDATION,ALIGN_LABEL,CONTEXTUAL_HELP_OPTIONAL,TOKENIZE_ONLY,CANONICAL_NAV_RESPONSIVE,Navigation canon + shell foundation,DEFERRED_TO_17D,frontend/src/components/hr/sidebar/HrSideNavV2.jsx,WP17B navigation family · HR V2 sidebar · Field Leadership Users,PENDING
NAV-0135,hr,/hr/field-leadership,navigation_item,/,sidebar.desktop,PUBLIC,STANDARDIZE,HR V2 sidebar,WP17C_CANONICAL_NAVIGATION_ITEM,STANDARDIZE,CANONICALIZE,STANDARDIZE_FOUNDATION,ALIGN_LABEL,CONTEXTUAL_HELP_OPTIONAL,TOKENIZE_ONLY,CANONICAL_NAV_RESPONSIVE,Navigation canon + shell foundation,DEFERRED_TO_17D,frontend/src/components/hr/sidebar/HrSideNavV2.jsx,WP17B navigation family · HR V2 sidebar · Field Leadership Records,PENDING
NAV-0136,hr,/hr/time-verification,navigation_item,/,sidebar.desktop,PUBLIC,STANDARDIZE,HR V2 sidebar,WP17C_CANONICAL_NAVIGATION_ITEM,STANDARDIZE,CANONICALIZE,STANDARDIZE_FOUNDATION,ALIGN_LABEL,CONTEXTUAL_HELP_OPTIONAL,TOKENIZE_ONLY,CANONICAL_NAV_RESPONSIVE,Navigation canon + shell foundation,DEFERRED_TO_17D,frontend/src/components/hr/sidebar/HrSideNavV2.jsx,WP17B navigation family · HR V2 sidebar · Time Verification,PENDING
NAV-0137,hr,/hr/payroll-variance,navigation_item,/,sidebar.desktop,PUBLIC,STANDARDIZE,HR V2 sidebar,WP17C_CANONICAL_NAVIGATION_ITEM,STANDARDIZE,CANONICALIZE,STANDARDIZE_FOUNDATION,ALIGN_LABEL,CONTEXTUAL_HELP_OPTIONAL,TOKENIZE_ONLY,CANONICAL_NAV_RESPONSIVE,Navigation canon + shell foundation,DEFERRED_TO_17D,frontend/src/components/hr/sidebar/HrSideNavV2.jsx,WP17B navigation family · HR V2 sidebar · Payroll Variance,PENDING
NAV-0138,hr,/hr/time-off,navigation_item,/,sidebar.desktop,PUBLIC,STANDARDIZE,HR V2 sidebar,WP17C_CANONICAL_NAVIGATION_ITEM,STANDARDIZE,CANONICALIZE,STANDARDIZE_FOUNDATION,ALIGN_LABEL,CONTEXTUAL_HELP_OPTIONAL,TOKENIZE_ONLY,CANONICAL_NAV_RESPONSIVE,Navigation canon + shell foundation,DEFERRED_TO_17D,frontend/src/components/hr/sidebar/HrSideNavV2.jsx,WP17B navigation family · HR V2 sidebar · Time Off Requests,PENDING
NAV-0139,hr,/po-requests,navigation_item,/,sidebar.desktop,PUBLIC,STANDARDIZE,HR V2 sidebar,WP17C_CANONICAL_NAVIGATION_ITEM,STANDARDIZE,CANONICALIZE,STANDARDIZE_FOUNDATION,ALIGN_LABEL,CONTEXTUAL_HELP_OPTIONAL,TOKENIZE_ONLY,CANONICAL_NAV_RESPONSIVE,Navigation canon + shell foundation,DEFERRED_TO_17D,frontend/src/components/hr/sidebar/HrSideNavV2.jsx,WP17B navigation family · HR V2 sidebar · PO Requests,PENDING
NAV-0140,hr,/document-expirations,navigation_item,/,sidebar.desktop,PUBLIC,STANDARDIZE,HR V2 sidebar,WP17C_CANONICAL_NAVIGATION_ITEM,STANDARDIZE,CANONICALIZE,STANDARDIZE_FOUNDATION,ALIGN_LABEL,CONTEXTUAL_HELP_OPTIONAL,TOKENIZE_ONLY,CANONICAL_NAV_RESPONSIVE,Navigation canon + shell foundation,DEFERRED_TO_17D,frontend/src/components/hr/sidebar/HrSideNavV2.jsx,WP17B navigation family · HR V2 sidebar · Document Expirations,PENDING
NAV-0141,hr,/hr/qualifications,navigation_item,/,sidebar.desktop,PUBLIC,STANDARDIZE,HR V2 sidebar,WP17C_CANONICAL_NAVIGATION_ITEM,STANDARDIZE,CANONICALIZE,STANDARDIZE_FOUNDATION,ALIGN_LABEL,CONTEXTUAL_HELP_OPTIONAL,TOKENIZE_ONLY,CANONICAL_NAV_RESPONSIVE,Navigation canon + shell foundation,DEFERRED_TO_17D,frontend/src/components/hr/sidebar/HrSideNavV2.jsx,WP17B navigation family · HR V2 sidebar · Professional Qualifications,PENDING
NAV-0142,hr,/hr/training-records,navigation_item,/,sidebar.desktop,PUBLIC,STANDARDIZE,HR V2 sidebar,WP17C_CANONICAL_NAVIGATION_ITEM,STANDARDIZE,CANONICALIZE,STANDARDIZE_FOUNDATION,ALIGN_LABEL,CONTEXTUAL_HELP_OPTIONAL,TOKENIZE_ONLY,CANONICAL_NAV_RESPONSIVE,Navigation canon + shell foundation,DEFERRED_TO_17D,frontend/src/components/hr/sidebar/HrSideNavV2.jsx,WP17B navigation family · HR V2 sidebar · Training Records,PENDING
NAV-0143,hr,/hr/driver-qualification,navigation_item,/,sidebar.desktop,PUBLIC,STANDARDIZE,HR V2 sidebar,WP17C_CANONICAL_NAVIGATION_ITEM,STANDARDIZE,CANONICALIZE,STANDARDIZE_FOUNDATION,ALIGN_LABEL,CONTEXTUAL_HELP_OPTIONAL,TOKENIZE_ONLY,CANONICAL_NAV_RESPONSIVE,Navigation canon + shell foundation,DEFERRED_TO_17D,frontend/src/components/hr/sidebar/HrSideNavV2.jsx,WP17B navigation family · HR V2 sidebar · Driver Qualification,PENDING
NAV-0144,hr,/hr/safety-records,navigation_item,/,sidebar.desktop,PUBLIC,STANDARDIZE,HR V2 sidebar,WP17C_CANONICAL_NAVIGATION_ITEM,STANDARDIZE,CANONICALIZE,STANDARDIZE_FOUNDATION,ALIGN_LABEL,CONTEXTUAL_HELP_OPTIONAL,TOKENIZE_ONLY,CANONICAL_NAV_RESPONSIVE,Navigation canon + shell foundation,DEFERRED_TO_17D,frontend/src/components/hr/sidebar/HrSideNavV2.jsx,WP17B navigation family · HR V2 sidebar · Safety Records,PENDING
NAV-0145,hr,/hr/historical-records/intake,navigation_item,/,sidebar.desktop,PUBLIC,STANDARDIZE,HR V2 sidebar,WP17C_CANONICAL_NAVIGATION_ITEM,STANDARDIZE,CANONICALIZE,STANDARDIZE_FOUNDATION,ALIGN_LABEL,CONTEXTUAL_HELP_OPTIONAL,TOKENIZE_ONLY,CANONICAL_NAV_RESPONSIVE,Navigation canon + shell foundation,DEFERRED_TO_17D,frontend/src/components/hr/sidebar/HrSideNavV2.jsx,WP17B navigation family · HR V2 sidebar · Historical Records Intake,PENDING
NAV-0146,hr,/hr/historical-records/queue,navigation_item,/,sidebar.desktop,PUBLIC,STANDARDIZE,HR V2 sidebar,WP17C_CANONICAL_NAVIGATION_ITEM,STANDARDIZE,CANONICALIZE,STANDARDIZE_FOUNDATION,ALIGN_LABEL,CONTEXTUAL_HELP_OPTIONAL,TOKENIZE_ONLY,CANONICAL_NAV_RESPONSIVE,Navigation canon + shell foundation,DEFERRED_TO_17D,frontend/src/components/hr/sidebar/HrSideNavV2.jsx,WP17B navigation family · HR V2 sidebar · Historical Records Queue,PENDING
NAV-0147,hr,/hr/historical-records/batches,navigation_item,/,sidebar.desktop,PUBLIC,STANDARDIZE,HR V2 sidebar,WP17C_CANONICAL_NAVIGATION_ITEM,STANDARDIZE,CANONICALIZE,STANDARDIZE_FOUNDATION,ALIGN_LABEL,CONTEXTUAL_HELP_OPTIONAL,TOKENIZE_ONLY,CANONICAL_NAV_RESPONSIVE,Navigation canon + shell foundation,DEFERRED_TO_17D,frontend/src/components/hr/sidebar/HrSideNavV2.jsx,WP17B navigation family · HR V2 sidebar · Bulk Historical Intake,PENDING
NAV-0148,hr,/guidance?from=hr,navigation_item,/,sidebar.desktop,PUBLIC,STANDARDIZE,HR V2 sidebar,WP17C_CANONICAL_NAVIGATION_ITEM,STANDARDIZE,CANONICALIZE,STANDARDIZE_FOUNDATION,ALIGN_LABEL,CONTEXTUAL_HELP_OPTIONAL,TOKENIZE_ONLY,CANONICAL_NAV_RESPONSIVE,Navigation canon + shell foundation,DEFERRED_TO_17D,frontend/src/components/hr/sidebar/HrSideNavV2.jsx,WP17B navigation family · HR V2 sidebar · Training Center,PENDING
NAV-0149,hr,/hr/change-password,navigation_item,/,sidebar.desktop,PUBLIC,STANDARDIZE,HR V2 sidebar,WP17C_CANONICAL_NAVIGATION_ITEM,STANDARDIZE,CANONICALIZE,STANDARDIZE_FOUNDATION,ALIGN_LABEL,CONTEXTUAL_HELP_OPTIONAL,TOKENIZE_ONLY,CANONICAL_NAV_RESPONSIVE,Navigation canon + shell foundation,DEFERRED_TO_17D,frontend/src/components/hr/sidebar/HrSideNavV2.jsx,WP17B navigation family · HR V2 sidebar · Change Password,PENDING
NAV-0150,safety,/safety-portal/incidents,navigation_item,/,sidebar.desktop,PUBLIC,STANDARDIZE,Safety V2 sidebar,WP17C_CANONICAL_NAVIGATION_ITEM,STANDARDIZE,CANONICALIZE,STANDARDIZE_FOUNDATION,ALIGN_LABEL,CONTEXTUAL_HELP_OPTIONAL,TOKENIZE_ONLY,CANONICAL_NAV_RESPONSIVE,Navigation canon + shell foundation,DEFERRED_TO_17D,frontend/src/components/safety/sidebar/SafetySideNavV2.jsx,WP17B navigation family · Safety V2 sidebar · Incidents & Near Misses,PENDING
NAV-0151,safety,/safety-portal/corrective-actions,navigation_item,/,sidebar.desktop,PUBLIC,STANDARDIZE,Safety V2 sidebar,WP17C_CANONICAL_NAVIGATION_ITEM,STANDARDIZE,CANONICALIZE,STANDARDIZE_FOUNDATION,ALIGN_LABEL,CONTEXTUAL_HELP_OPTIONAL,TOKENIZE_ONLY,CANONICAL_NAV_RESPONSIVE,Navigation canon + shell foundation,DEFERRED_TO_17D,frontend/src/components/safety/sidebar/SafetySideNavV2.jsx,WP17B navigation family · Safety V2 sidebar · Corrective Actions,PENDING
NAV-0152,safety,/tasks,navigation_item,/,sidebar.desktop,PUBLIC,STANDARDIZE,Safety V2 sidebar,WP17C_CANONICAL_NAVIGATION_ITEM,STANDARDIZE,CANONICALIZE,STANDARDIZE_FOUNDATION,ALIGN_LABEL,CONTEXTUAL_HELP_OPTIONAL,TOKENIZE_ONLY,CANONICAL_NAV_RESPONSIVE,Navigation canon + shell foundation,DEFERRED_TO_17D,frontend/src/components/safety/sidebar/SafetySideNavV2.jsx,WP17B navigation family · Safety V2 sidebar · Tasks & Actions,PENDING
NAV-0153,safety,/safety-portal/training,navigation_item,/,sidebar.desktop,PUBLIC,STANDARDIZE,Safety V2 sidebar,WP17C_CANONICAL_NAVIGATION_ITEM,STANDARDIZE,CANONICALIZE,STANDARDIZE_FOUNDATION,ALIGN_LABEL,CONTEXTUAL_HELP_OPTIONAL,TOKENIZE_ONLY,CANONICAL_NAV_RESPONSIVE,Navigation canon + shell foundation,DEFERRED_TO_17D,frontend/src/components/safety/sidebar/SafetySideNavV2.jsx,WP17B navigation family · Safety V2 sidebar · Training & Certifications,PENDING
NAV-0154,safety,/safety-portal/documents,navigation_item,/,sidebar.desktop,PUBLIC,STANDARDIZE,Safety V2 sidebar,WP17C_CANONICAL_NAVIGATION_ITEM,STANDARDIZE,CANONICALIZE,STANDARDIZE_FOUNDATION,ALIGN_LABEL,CONTEXTUAL_HELP_OPTIONAL,TOKENIZE_ONLY,CANONICAL_NAV_RESPONSIVE,Navigation canon + shell foundation,DEFERRED_TO_17D,frontend/src/components/safety/sidebar/SafetySideNavV2.jsx,WP17B navigation family · Safety V2 sidebar · Safety Document Library,PENDING
NAV-0155,safety,/safety-portal/forms-records,navigation_item,/,sidebar.desktop,PUBLIC,STANDARDIZE,Safety V2 sidebar,WP17C_CANONICAL_NAVIGATION_ITEM,STANDARDIZE,CANONICALIZE,STANDARDIZE_FOUNDATION,ALIGN_LABEL,CONTEXTUAL_HELP_OPTIONAL,TOKENIZE_ONLY,CANONICAL_NAV_RESPONSIVE,Navigation canon + shell foundation,DEFERRED_TO_17D,frontend/src/components/safety/sidebar/SafetySideNavV2.jsx,WP17B navigation family · Safety V2 sidebar · Equipment & PPE Accountability,PENDING
NAV-0156,safety,/safety-portal/employees,navigation_item,/,sidebar.desktop,PUBLIC,STANDARDIZE,Safety V2 sidebar,WP17C_CANONICAL_NAVIGATION_ITEM,STANDARDIZE,CANONICALIZE,STANDARDIZE_FOUNDATION,ALIGN_LABEL,CONTEXTUAL_HELP_OPTIONAL,TOKENIZE_ONLY,CANONICAL_NAV_RESPONSIVE,Navigation canon + shell foundation,DEFERRED_TO_17D,frontend/src/components/safety/sidebar/SafetySideNavV2.jsx,WP17B navigation family · Safety V2 sidebar · Employee Safety Profiles,PENDING
NAV-0157,safety,/safety-portal/meetings,navigation_item,/,sidebar.desktop,PUBLIC,STANDARDIZE,Safety V2 sidebar,WP17C_CANONICAL_NAVIGATION_ITEM,STANDARDIZE,CANONICALIZE,STANDARDIZE_FOUNDATION,ALIGN_LABEL,CONTEXTUAL_HELP_OPTIONAL,TOKENIZE_ONLY,CANONICAL_NAV_RESPONSIVE,Navigation canon + shell foundation,DEFERRED_TO_17D,frontend/src/components/safety/sidebar/SafetySideNavV2.jsx,WP17B navigation family · Safety V2 sidebar · Safety Meetings,PENDING
NAV-0158,safety,/safety-portal/inspections,navigation_item,/,sidebar.desktop,PUBLIC,STANDARDIZE,Safety V2 sidebar,WP17C_CANONICAL_NAVIGATION_ITEM,STANDARDIZE,CANONICALIZE,STANDARDIZE_FOUNDATION,ALIGN_LABEL,CONTEXTUAL_HELP_OPTIONAL,TOKENIZE_ONLY,CANONICAL_NAV_RESPONSIVE,Navigation canon + shell foundation,DEFERRED_TO_17D,frontend/src/components/safety/sidebar/SafetySideNavV2.jsx,WP17B navigation family · Safety V2 sidebar · Site Inspections,PENDING
NAV-0159,safety,/safety-portal/jha-plans,navigation_item,/,sidebar.desktop,PUBLIC,STANDARDIZE,Safety V2 sidebar,WP17C_CANONICAL_NAVIGATION_ITEM,STANDARDIZE,CANONICALIZE,STANDARDIZE_FOUNDATION,ALIGN_LABEL,CONTEXTUAL_HELP_OPTIONAL,TOKENIZE_ONLY,CANONICAL_NAV_RESPONSIVE,Navigation canon + shell foundation,DEFERRED_TO_17D,frontend/src/components/safety/sidebar/SafetySideNavV2.jsx,WP17B navigation family · Safety V2 sidebar · JHA / JHP Plans,PENDING
NAV-0160,safety,/document-expirations,navigation_item,/,sidebar.desktop,PUBLIC,STANDARDIZE,Safety V2 sidebar,WP17C_CANONICAL_NAVIGATION_ITEM,STANDARDIZE,CANONICALIZE,STANDARDIZE_FOUNDATION,ALIGN_LABEL,CONTEXTUAL_HELP_OPTIONAL,TOKENIZE_ONLY,CANONICAL_NAV_RESPONSIVE,Navigation canon + shell foundation,DEFERRED_TO_17D,frontend/src/components/safety/sidebar/SafetySideNavV2.jsx,WP17B navigation family · Safety V2 sidebar · Document Expirations,PENDING
NAV-0161,safety,/safety-portal/fire-extinguishers,navigation_item,/,sidebar.desktop,PUBLIC,STANDARDIZE,Safety V2 sidebar,WP17C_CANONICAL_NAVIGATION_ITEM,STANDARDIZE,CANONICALIZE,STANDARDIZE_FOUNDATION,ALIGN_LABEL,CONTEXTUAL_HELP_OPTIONAL,TOKENIZE_ONLY,CANONICAL_NAV_RESPONSIVE,Navigation canon + shell foundation,DEFERRED_TO_17D,frontend/src/components/safety/sidebar/SafetySideNavV2.jsx,WP17B navigation family · Safety V2 sidebar · Fire Extinguishers,PENDING
NAV-0162,safety,/safety-portal/digest,navigation_item,/,sidebar.desktop,PUBLIC,STANDARDIZE,Safety V2 sidebar,WP17C_CANONICAL_NAVIGATION_ITEM,STANDARDIZE,CANONICALIZE,STANDARDIZE_FOUNDATION,ALIGN_LABEL,CONTEXTUAL_HELP_OPTIONAL,TOKENIZE_ONLY,CANONICAL_NAV_RESPONSIVE,Navigation canon + shell foundation,DEFERRED_TO_17D,frontend/src/components/safety/sidebar/SafetySideNavV2.jsx,WP17B navigation family · Safety V2 sidebar · Weekly Digest,PENDING
NAV-0163,safety,/safety-portal/reports,navigation_item,/,sidebar.desktop,PUBLIC,STANDARDIZE,Safety V2 sidebar,WP17C_CANONICAL_NAVIGATION_ITEM,STANDARDIZE,CANONICALIZE,STANDARDIZE_FOUNDATION,ALIGN_LABEL,CONTEXTUAL_HELP_OPTIONAL,TOKENIZE_ONLY,CANONICAL_NAV_RESPONSIVE,Navigation canon + shell foundation,DEFERRED_TO_17D,frontend/src/components/safety/sidebar/SafetySideNavV2.jsx,WP17B navigation family · Safety V2 sidebar · Reports & Exports,PENDING
NAV-0164,safety,/hr/historical-records/intake,navigation_item,/,sidebar.desktop,PUBLIC,STANDARDIZE,Safety V2 sidebar,WP17C_CANONICAL_NAVIGATION_ITEM,STANDARDIZE,CANONICALIZE,STANDARDIZE_FOUNDATION,ALIGN_LABEL,CONTEXTUAL_HELP_OPTIONAL,TOKENIZE_ONLY,CANONICAL_NAV_RESPONSIVE,Navigation canon + shell foundation,DEFERRED_TO_17D,frontend/src/components/safety/sidebar/SafetySideNavV2.jsx,WP17B navigation family · Safety V2 sidebar · Safety Records Intake,PENDING
NAV-0165,safety,/hr/historical-records/queue,navigation_item,/,sidebar.desktop,PUBLIC,STANDARDIZE,Safety V2 sidebar,WP17C_CANONICAL_NAVIGATION_ITEM,STANDARDIZE,CANONICALIZE,STANDARDIZE_FOUNDATION,ALIGN_LABEL,CONTEXTUAL_HELP_OPTIONAL,TOKENIZE_ONLY,CANONICAL_NAV_RESPONSIVE,Navigation canon + shell foundation,DEFERRED_TO_17D,frontend/src/components/safety/sidebar/SafetySideNavV2.jsx,WP17B navigation family · Safety V2 sidebar · Safety Records Queue,PENDING
NAV-0166,safety,/hr/historical-records/batches,navigation_item,/,sidebar.desktop,PUBLIC,STANDARDIZE,Safety V2 sidebar,WP17C_CANONICAL_NAVIGATION_ITEM,STANDARDIZE,CANONICALIZE,STANDARDIZE_FOUNDATION,ALIGN_LABEL,CONTEXTUAL_HELP_OPTIONAL,TOKENIZE_ONLY,CANONICAL_NAV_RESPONSIVE,Navigation canon + shell foundation,DEFERRED_TO_17D,frontend/src/components/safety/sidebar/SafetySideNavV2.jsx,WP17B navigation family · Safety V2 sidebar · Bulk Historical Intake,PENDING
NAV-0167,safety,/safety-portal/audits,navigation_item,/,sidebar.desktop,PUBLIC,STANDARDIZE,Safety V2 sidebar,WP17C_CANONICAL_NAVIGATION_ITEM,STANDARDIZE,CANONICALIZE,STANDARDIZE_FOUNDATION,ALIGN_LABEL,CONTEXTUAL_HELP_OPTIONAL,TOKENIZE_ONLY,CANONICAL_NAV_RESPONSIVE,Navigation canon + shell foundation,DEFERRED_TO_17D,frontend/src/components/safety/sidebar/SafetySideNavV2.jsx,WP17B navigation family · Safety V2 sidebar · Audits & Inspections,PENDING
NAV-0168,safety,/odr/center,navigation_item,/,sidebar.desktop,PUBLIC,STANDARDIZE,Safety V2 sidebar,WP17C_CANONICAL_NAVIGATION_ITEM,STANDARDIZE,CANONICALIZE,STANDARDIZE_FOUNDATION,ALIGN_LABEL,CONTEXTUAL_HELP_OPTIONAL,TOKENIZE_ONLY,CANONICAL_NAV_RESPONSIVE,Navigation canon + shell foundation,DEFERRED_TO_17D,frontend/src/components/safety/sidebar/SafetySideNavV2.jsx,WP17B navigation family · Safety V2 sidebar · Operational Daily Records,PENDING
NAV-0169,safety,/safety-portal/library,navigation_item,/,sidebar.desktop,PUBLIC,STANDARDIZE,Safety V2 sidebar,WP17C_CANONICAL_NAVIGATION_ITEM,STANDARDIZE,CANONICALIZE,STANDARDIZE_FOUNDATION,ALIGN_LABEL,CONTEXTUAL_HELP_OPTIONAL,TOKENIZE_ONLY,CANONICAL_NAV_RESPONSIVE,Navigation canon + shell foundation,DEFERRED_TO_17D,frontend/src/components/safety/sidebar/SafetySideNavV2.jsx,WP17B navigation family · Safety V2 sidebar · Topic Library,PENDING
NAV-0170,safety,/safety-portal/fleet,navigation_item,/,sidebar.desktop,PUBLIC,STANDARDIZE,Safety V2 sidebar,WP17C_CANONICAL_NAVIGATION_ITEM,STANDARDIZE,CANONICALIZE,STANDARDIZE_FOUNDATION,ALIGN_LABEL,CONTEXTUAL_HELP_OPTIONAL,TOKENIZE_ONLY,CANONICAL_NAV_RESPONSIVE,Navigation canon + shell foundation,DEFERRED_TO_17D,frontend/src/components/safety/sidebar/SafetySideNavV2.jsx,WP17B navigation family · Safety V2 sidebar · Trucking · Fleet,PENDING
NAV-0171,safety,/guidance?from=safety,navigation_item,/,sidebar.desktop,PUBLIC,STANDARDIZE,Safety V2 sidebar,WP17C_CANONICAL_NAVIGATION_ITEM,STANDARDIZE,CANONICALIZE,STANDARDIZE_FOUNDATION,ALIGN_LABEL,CONTEXTUAL_HELP_OPTIONAL,TOKENIZE_ONLY,CANONICAL_NAV_RESPONSIVE,Navigation canon + shell foundation,DEFERRED_TO_17D,frontend/src/components/safety/sidebar/SafetySideNavV2.jsx,WP17B navigation family · Safety V2 sidebar · Training Center,PENDING
NAV-0172,dispatch,/dispatch-portal/board,navigation_item,/,sidebar.desktop,PUBLIC,STANDARDIZE,Dispatch V2 sidebar,WP17C_CANONICAL_NAVIGATION_ITEM,STANDARDIZE,CANONICALIZE,STANDARDIZE_FOUNDATION,ALIGN_LABEL,CONTEXTUAL_HELP_OPTIONAL,TOKENIZE_ONLY,CANONICAL_NAV_RESPONSIVE,Navigation canon + shell foundation,DEFERRED_TO_17D,frontend/src/components/dispatch/sidebar/DispatchSideNavV2.jsx,WP17B navigation family · Dispatch V2 sidebar · Haul Board,PENDING
NAV-0173,dispatch,/dispatch-portal,navigation_item,/,sidebar.desktop,PUBLIC,STANDARDIZE,Dispatch V2 sidebar,WP17C_CANONICAL_NAVIGATION_ITEM,STANDARDIZE,CANONICALIZE,STANDARDIZE_FOUNDATION,ALIGN_LABEL,CONTEXTUAL_HELP_OPTIONAL,TOKENIZE_ONLY,CANONICAL_NAV_RESPONSIVE,Navigation canon + shell foundation,DEFERRED_TO_17D,frontend/src/components/dispatch/sidebar/DispatchSideNavV2.jsx,WP17B navigation family · Dispatch V2 sidebar · Dispatch Hub,PENDING
NAV-0174,dispatch,/dispatch-portal/command,navigation_item,/,sidebar.desktop,PUBLIC,STANDARDIZE,Dispatch V2 sidebar,WP17C_CANONICAL_NAVIGATION_ITEM,STANDARDIZE,CANONICALIZE,STANDARDIZE_FOUNDATION,ALIGN_LABEL,CONTEXTUAL_HELP_OPTIONAL,TOKENIZE_ONLY,CANONICAL_NAV_RESPONSIVE,Navigation canon + shell foundation,DEFERRED_TO_17D,frontend/src/components/dispatch/sidebar/DispatchSideNavV2.jsx,WP17B navigation family · Dispatch V2 sidebar · Dispatch Command,PENDING
NAV-0175,dispatch,/dispatch-portal/fleet,navigation_item,/,sidebar.desktop,PUBLIC,STANDARDIZE,Dispatch V2 sidebar,WP17C_CANONICAL_NAVIGATION_ITEM,STANDARDIZE,CANONICALIZE,STANDARDIZE_FOUNDATION,ALIGN_LABEL,CONTEXTUAL_HELP_OPTIONAL,TOKENIZE_ONLY,CANONICAL_NAV_RESPONSIVE,Navigation canon + shell foundation,DEFERRED_TO_17D,frontend/src/components/dispatch/sidebar/DispatchSideNavV2.jsx,WP17B navigation family · Dispatch V2 sidebar · Fleet Visibility,PENDING
NAV-0176,dispatch,/dispatch-portal/driver-qualification,navigation_item,/,sidebar.desktop,PUBLIC,STANDARDIZE,Dispatch V2 sidebar,WP17C_CANONICAL_NAVIGATION_ITEM,STANDARDIZE,CANONICALIZE,STANDARDIZE_FOUNDATION,ALIGN_LABEL,CONTEXTUAL_HELP_OPTIONAL,TOKENIZE_ONLY,CANONICAL_NAV_RESPONSIVE,Navigation canon + shell foundation,DEFERRED_TO_17D,frontend/src/components/dispatch/sidebar/DispatchSideNavV2.jsx,WP17B navigation family · Dispatch V2 sidebar · Driver Qualification,PENDING
NAV-0177,dispatch,/dispatch-portal/haul-ledger,navigation_item,/,sidebar.desktop,PUBLIC,STANDARDIZE,Dispatch V2 sidebar,WP17C_CANONICAL_NAVIGATION_ITEM,STANDARDIZE,CANONICALIZE,STANDARDIZE_FOUNDATION,ALIGN_LABEL,CONTEXTUAL_HELP_OPTIONAL,TOKENIZE_ONLY,CANONICAL_NAV_RESPONSIVE,Navigation canon + shell foundation,DEFERRED_TO_17D,frontend/src/components/dispatch/sidebar/DispatchSideNavV2.jsx,WP17B navigation family · Dispatch V2 sidebar · Haul Ledger,PENDING
NAV-0178,dispatch,/guidance?from=dispatch,navigation_item,/,sidebar.desktop,PUBLIC,STANDARDIZE,Dispatch V2 sidebar,WP17C_CANONICAL_NAVIGATION_ITEM,STANDARDIZE,CANONICALIZE,STANDARDIZE_FOUNDATION,ALIGN_LABEL,CONTEXTUAL_HELP_OPTIONAL,TOKENIZE_ONLY,CANONICAL_NAV_RESPONSIVE,Navigation canon + shell foundation,DEFERRED_TO_17D,frontend/src/components/dispatch/sidebar/DispatchSideNavV2.jsx,WP17B navigation family · Dispatch V2 sidebar · Training Center,PENDING
NAV-0179,dispatch,/dispatch-portal/change-password,navigation_item,/,sidebar.desktop,PUBLIC,STANDARDIZE,Dispatch V2 sidebar,WP17C_CANONICAL_NAVIGATION_ITEM,STANDARDIZE,CANONICALIZE,STANDARDIZE_FOUNDATION,ALIGN_LABEL,CONTEXTUAL_HELP_OPTIONAL,TOKENIZE_ONLY,CANONICAL_NAV_RESPONSIVE,Navigation canon + shell foundation,DEFERRED_TO_17D,frontend/src/components/dispatch/sidebar/DispatchSideNavV2.jsx,WP17B navigation family · Dispatch V2 sidebar · Change Password,PENDING
NAV-0180,shop,/shop,navigation_item,/,sidebar.desktop,PUBLIC,STANDARDIZE,Shop V2 sidebar,WP17C_CANONICAL_NAVIGATION_ITEM,STANDARDIZE,CANONICALIZE,STANDARDIZE_FOUNDATION,ALIGN_LABEL,CONTEXTUAL_HELP_OPTIONAL,TOKENIZE_ONLY,CANONICAL_NAV_RESPONSIVE,Navigation canon + shell foundation,DEFERRED_TO_17D,frontend/src/components/shop/sidebar/domainMap.js,WP17B navigation family · Shop V2 sidebar · Shop Command Center,PENDING
NAV-0181,shop,/shop/fleet?focus_filter=oos,navigation_item,/,sidebar.desktop,PUBLIC,STANDARDIZE,Shop V2 sidebar,WP17C_CANONICAL_NAVIGATION_ITEM,STANDARDIZE,CANONICALIZE,STANDARDIZE_FOUNDATION,ALIGN_LABEL,CONTEXTUAL_HELP_OPTIONAL,TOKENIZE_ONLY,CANONICAL_NAV_RESPONSIVE,Navigation canon + shell foundation,DEFERRED_TO_17D,frontend/src/components/shop/sidebar/domainMap.js,WP17B navigation family · Shop V2 sidebar · Out-of-Service,PENDING
NAV-0182,shop,/shop/fleet?focus_filter=defects,navigation_item,/,sidebar.desktop,PUBLIC,STANDARDIZE,Shop V2 sidebar,WP17C_CANONICAL_NAVIGATION_ITEM,STANDARDIZE,CANONICALIZE,STANDARDIZE_FOUNDATION,ALIGN_LABEL,CONTEXTUAL_HELP_OPTIONAL,TOKENIZE_ONLY,CANONICAL_NAV_RESPONSIVE,Navigation canon + shell foundation,DEFERRED_TO_17D,frontend/src/components/shop/sidebar/domainMap.js,WP17B navigation family · Shop V2 sidebar · Open Defects,PENDING
NAV-0183,shop,/shop/fleet?focus_filter=defect_open_units,navigation_item,/,sidebar.desktop,PUBLIC,STANDARDIZE,Shop V2 sidebar,WP17C_CANONICAL_NAVIGATION_ITEM,STANDARDIZE,CANONICALIZE,STANDARDIZE_FOUNDATION,ALIGN_LABEL,CONTEXTUAL_HELP_OPTIONAL,TOKENIZE_ONLY,CANONICAL_NAV_RESPONSIVE,Navigation canon + shell foundation,DEFERRED_TO_17D,frontend/src/components/shop/sidebar/domainMap.js,WP17B navigation family · Shop V2 sidebar · Units with Defects,PENDING
NAV-0184,shop,/shop/fleet?focus_filter=rts_pending,navigation_item,/,sidebar.desktop,PUBLIC,STANDARDIZE,Shop V2 sidebar,WP17C_CANONICAL_NAVIGATION_ITEM,STANDARDIZE,CANONICALIZE,STANDARDIZE_FOUNDATION,ALIGN_LABEL,CONTEXTUAL_HELP_OPTIONAL,TOKENIZE_ONLY,CANONICAL_NAV_RESPONSIVE,Navigation canon + shell foundation,DEFERRED_TO_17D,frontend/src/components/shop/sidebar/domainMap.js,WP17B navigation family · Shop V2 sidebar · RTS Pending,PENDING
NAV-0185,shop,/shop/fleet?focus_filter=defects_acked,navigation_item,/,sidebar.desktop,PUBLIC,STANDARDIZE,Shop V2 sidebar,WP17C_CANONICAL_NAVIGATION_ITEM,STANDARDIZE,CANONICALIZE,STANDARDIZE_FOUNDATION,ALIGN_LABEL,CONTEXTUAL_HELP_OPTIONAL,TOKENIZE_ONLY,CANONICAL_NAV_RESPONSIVE,Navigation canon + shell foundation,DEFERRED_TO_17D,frontend/src/components/shop/sidebar/domainMap.js,WP17B navigation family · Shop V2 sidebar · Acknowledged Defects,PENDING
NAV-0186,shop,/shop/manager/queue,navigation_item,/,sidebar.desktop,PUBLIC,STANDARDIZE,Shop V2 sidebar,WP17C_CANONICAL_NAVIGATION_ITEM,STANDARDIZE,CANONICALIZE,STANDARDIZE_FOUNDATION,ALIGN_LABEL,CONTEXTUAL_HELP_OPTIONAL,TOKENIZE_ONLY,CANONICAL_NAV_RESPONSIVE,Navigation canon + shell foundation,DEFERRED_TO_17D,frontend/src/components/shop/sidebar/domainMap.js,WP17B navigation family · Shop V2 sidebar · Manager Queue,PENDING
NAV-0187,shop,/shop/me,navigation_item,/,sidebar.desktop,PUBLIC,STANDARDIZE,Shop V2 sidebar,WP17C_CANONICAL_NAVIGATION_ITEM,STANDARDIZE,CANONICALIZE,STANDARDIZE_FOUNDATION,ALIGN_LABEL,CONTEXTUAL_HELP_OPTIONAL,TOKENIZE_ONLY,CANONICAL_NAV_RESPONSIVE,Navigation canon + shell foundation,DEFERRED_TO_17D,frontend/src/components/shop/sidebar/domainMap.js,WP17B navigation family · Shop V2 sidebar · My Assignments,PENDING
NAV-0188,shop,/shop/equipment,navigation_item,/,sidebar.desktop,PUBLIC,STANDARDIZE,Shop V2 sidebar,WP17C_CANONICAL_NAVIGATION_ITEM,STANDARDIZE,CANONICALIZE,STANDARDIZE_FOUNDATION,ALIGN_LABEL,CONTEXTUAL_HELP_OPTIONAL,TOKENIZE_ONLY,CANONICAL_NAV_RESPONSIVE,Navigation canon + shell foundation,DEFERRED_TO_17D,frontend/src/components/shop/sidebar/domainMap.js,WP17B navigation family · Shop V2 sidebar · Active Recovery,PENDING
NAV-0189,shop,/shop/fleet,navigation_item,/,sidebar.desktop,PUBLIC,STANDARDIZE,Shop V2 sidebar,WP17C_CANONICAL_NAVIGATION_ITEM,STANDARDIZE,CANONICALIZE,STANDARDIZE_FOUNDATION,ALIGN_LABEL,CONTEXTUAL_HELP_OPTIONAL,TOKENIZE_ONLY,CANONICAL_NAV_RESPONSIVE,Navigation canon + shell foundation,DEFERRED_TO_17D,frontend/src/components/shop/sidebar/domainMap.js,WP17B navigation family · Shop V2 sidebar · Fleet Visibility,PENDING
NAV-0190,shop,/shop/equipment,navigation_item,/,sidebar.desktop,PUBLIC,STANDARDIZE,Shop V2 sidebar,WP17C_CANONICAL_NAVIGATION_ITEM,STANDARDIZE,CANONICALIZE,STANDARDIZE_FOUNDATION,ALIGN_LABEL,CONTEXTUAL_HELP_OPTIONAL,TOKENIZE_ONLY,CANONICAL_NAV_RESPONSIVE,Navigation canon + shell foundation,DEFERRED_TO_17D,frontend/src/components/shop/sidebar/domainMap.js,WP17B navigation family · Shop V2 sidebar · Equipment Pre-Ops,PENDING
NAV-0191,shop,/shop/units/history,navigation_item,/,sidebar.desktop,PUBLIC,STANDARDIZE,Shop V2 sidebar,WP17C_CANONICAL_NAVIGATION_ITEM,STANDARDIZE,CANONICALIZE,STANDARDIZE_FOUNDATION,ALIGN_LABEL,CONTEXTUAL_HELP_OPTIONAL,TOKENIZE_ONLY,CANONICAL_NAV_RESPONSIVE,Navigation canon + shell foundation,DEFERRED_TO_17D,frontend/src/components/shop/sidebar/domainMap.js,WP17B navigation family · Shop V2 sidebar · Unit History,PENDING
NAV-0192,shop,/shop/pm,navigation_item,/,sidebar.desktop,PUBLIC,STANDARDIZE,Shop V2 sidebar,WP17C_CANONICAL_NAVIGATION_ITEM,STANDARDIZE,CANONICALIZE,STANDARDIZE_FOUNDATION,ALIGN_LABEL,CONTEXTUAL_HELP_OPTIONAL,TOKENIZE_ONLY,CANONICAL_NAV_RESPONSIVE,Navigation canon + shell foundation,DEFERRED_TO_17D,frontend/src/components/shop/sidebar/domainMap.js,WP17B navigation family · Shop V2 sidebar · PM Dashboard,PENDING
NAV-0193,shop,/shop/pm/schedules,navigation_item,/,sidebar.desktop,PUBLIC,STANDARDIZE,Shop V2 sidebar,WP17C_CANONICAL_NAVIGATION_ITEM,STANDARDIZE,CANONICALIZE,STANDARDIZE_FOUNDATION,ALIGN_LABEL,CONTEXTUAL_HELP_OPTIONAL,TOKENIZE_ONLY,CANONICAL_NAV_RESPONSIVE,Navigation canon + shell foundation,DEFERRED_TO_17D,frontend/src/components/shop/sidebar/domainMap.js,WP17B navigation family · Shop V2 sidebar · PM Schedules,PENDING
NAV-0194,shop,/shop/pm/templates,navigation_item,/,sidebar.desktop,PUBLIC,STANDARDIZE,Shop V2 sidebar,WP17C_CANONICAL_NAVIGATION_ITEM,STANDARDIZE,CANONICALIZE,STANDARDIZE_FOUNDATION,ALIGN_LABEL,CONTEXTUAL_HELP_OPTIONAL,TOKENIZE_ONLY,CANONICAL_NAV_RESPONSIVE,Navigation canon + shell foundation,DEFERRED_TO_17D,frontend/src/components/shop/sidebar/domainMap.js,WP17B navigation family · Shop V2 sidebar · PM Templates,PENDING
NAV-0195,shop,/shop/pm/work-orders,navigation_item,/,sidebar.desktop,PUBLIC,STANDARDIZE,Shop V2 sidebar,WP17C_CANONICAL_NAVIGATION_ITEM,STANDARDIZE,CANONICALIZE,STANDARDIZE_FOUNDATION,ALIGN_LABEL,CONTEXTUAL_HELP_OPTIONAL,TOKENIZE_ONLY,CANONICAL_NAV_RESPONSIVE,Navigation canon + shell foundation,DEFERRED_TO_17D,frontend/src/components/shop/sidebar/domainMap.js,WP17B navigation family · Shop V2 sidebar · Work Orders,PENDING
NAV-0196,shop,/shop/fuel-lube/new,navigation_item,/,sidebar.desktop,PUBLIC,STANDARDIZE,Shop V2 sidebar,WP17C_CANONICAL_NAVIGATION_ITEM,STANDARDIZE,CANONICALIZE,STANDARDIZE_FOUNDATION,ALIGN_LABEL,CONTEXTUAL_HELP_OPTIONAL,TOKENIZE_ONLY,CANONICAL_NAV_RESPONSIVE,Navigation canon + shell foundation,DEFERRED_TO_17D,frontend/src/components/shop/sidebar/domainMap.js,WP17B navigation family · Shop V2 sidebar · New Fuel/Lube Visit,PENDING
NAV-0197,shop,/shop/fuel-lube,navigation_item,/,sidebar.desktop,PUBLIC,STANDARDIZE,Shop V2 sidebar,WP17C_CANONICAL_NAVIGATION_ITEM,STANDARDIZE,CANONICALIZE,STANDARDIZE_FOUNDATION,ALIGN_LABEL,CONTEXTUAL_HELP_OPTIONAL,TOKENIZE_ONLY,CANONICAL_NAV_RESPONSIVE,Navigation canon + shell foundation,DEFERRED_TO_17D,frontend/src/components/shop/sidebar/domainMap.js,WP17B navigation family · Shop V2 sidebar · Fuel/Lube Records,PENDING
NAV-0198,shop,/shop/service-truck-reconciliation/new,navigation_item,/,sidebar.desktop,PUBLIC,STANDARDIZE,Shop V2 sidebar,WP17C_CANONICAL_NAVIGATION_ITEM,STANDARDIZE,CANONICALIZE,STANDARDIZE_FOUNDATION,ALIGN_LABEL,CONTEXTUAL_HELP_OPTIONAL,TOKENIZE_ONLY,CANONICAL_NAV_RESPONSIVE,Navigation canon + shell foundation,DEFERRED_TO_17D,frontend/src/components/shop/sidebar/domainMap.js,WP17B navigation family · Shop V2 sidebar · New Truck Reconciliation,PENDING
NAV-0199,shop,/shop/service-truck-reconciliation,navigation_item,/,sidebar.desktop,PUBLIC,STANDARDIZE,Shop V2 sidebar,WP17C_CANONICAL_NAVIGATION_ITEM,STANDARDIZE,CANONICALIZE,STANDARDIZE_FOUNDATION,ALIGN_LABEL,CONTEXTUAL_HELP_OPTIONAL,TOKENIZE_ONLY,CANONICAL_NAV_RESPONSIVE,Navigation canon + shell foundation,DEFERRED_TO_17D,frontend/src/components/shop/sidebar/domainMap.js,WP17B navigation family · Shop V2 sidebar · Reconciliation Records,PENDING
NAV-0200,shop,/shop/trench-safety-repairs,navigation_item,/,sidebar.desktop,PUBLIC,STANDARDIZE,Shop V2 sidebar,WP17C_CANONICAL_NAVIGATION_ITEM,STANDARDIZE,CANONICALIZE,STANDARDIZE_FOUNDATION,ALIGN_LABEL,CONTEXTUAL_HELP_OPTIONAL,TOKENIZE_ONLY,CANONICAL_NAV_RESPONSIVE,Navigation canon + shell foundation,DEFERRED_TO_17D,frontend/src/components/shop/sidebar/domainMap.js,WP17B navigation family · Shop V2 sidebar · Trench Safety Repairs,PENDING
NAV-0201,shop,/shop/asset-care,navigation_item,/,sidebar.desktop,PUBLIC,STANDARDIZE,Shop V2 sidebar,WP17C_CANONICAL_NAVIGATION_ITEM,STANDARDIZE,CANONICALIZE,STANDARDIZE_FOUNDATION,ALIGN_LABEL,CONTEXTUAL_HELP_OPTIONAL,TOKENIZE_ONLY,CANONICAL_NAV_RESPONSIVE,Navigation canon + shell foundation,DEFERRED_TO_17D,frontend/src/components/shop/sidebar/domainMap.js,WP17B navigation family · Shop V2 sidebar · Asset Care & Readiness,PENDING
NAV-0202,shop,/hr/historical-records/intake,navigation_item,/,sidebar.desktop,PUBLIC,STANDARDIZE,Shop V2 sidebar,WP17C_CANONICAL_NAVIGATION_ITEM,STANDARDIZE,CANONICALIZE,STANDARDIZE_FOUNDATION,ALIGN_LABEL,CONTEXTUAL_HELP_OPTIONAL,TOKENIZE_ONLY,CANONICAL_NAV_RESPONSIVE,Navigation canon + shell foundation,DEFERRED_TO_17D,frontend/src/components/shop/sidebar/domainMap.js,WP17B navigation family · Shop V2 sidebar · Records Intake,PENDING
NAV-0203,shop,/hr/historical-records/queue,navigation_item,/,sidebar.desktop,PUBLIC,STANDARDIZE,Shop V2 sidebar,WP17C_CANONICAL_NAVIGATION_ITEM,STANDARDIZE,CANONICALIZE,STANDARDIZE_FOUNDATION,ALIGN_LABEL,CONTEXTUAL_HELP_OPTIONAL,TOKENIZE_ONLY,CANONICAL_NAV_RESPONSIVE,Navigation canon + shell foundation,DEFERRED_TO_17D,frontend/src/components/shop/sidebar/domainMap.js,WP17B navigation family · Shop V2 sidebar · Records Queue,PENDING
NAV-0204,shop,/hr/historical-records/batches,navigation_item,/,sidebar.desktop,PUBLIC,STANDARDIZE,Shop V2 sidebar,WP17C_CANONICAL_NAVIGATION_ITEM,STANDARDIZE,CANONICALIZE,STANDARDIZE_FOUNDATION,ALIGN_LABEL,CONTEXTUAL_HELP_OPTIONAL,TOKENIZE_ONLY,CANONICAL_NAV_RESPONSIVE,Navigation canon + shell foundation,DEFERRED_TO_17D,frontend/src/components/shop/sidebar/domainMap.js,WP17B navigation family · Shop V2 sidebar · Bulk Historical Intake,PENDING
NAV-0205,shop,/tasks,navigation_item,/,sidebar.desktop,PUBLIC,STANDARDIZE,Shop V2 sidebar,WP17C_CANONICAL_NAVIGATION_ITEM,STANDARDIZE,CANONICALIZE,STANDARDIZE_FOUNDATION,ALIGN_LABEL,CONTEXTUAL_HELP_OPTIONAL,TOKENIZE_ONLY,CANONICAL_NAV_RESPONSIVE,Navigation canon + shell foundation,DEFERRED_TO_17D,frontend/src/components/shop/sidebar/domainMap.js,WP17B navigation family · Shop V2 sidebar · My Tasks,PENDING
NAV-0206,shop,/guidance,navigation_item,/,sidebar.desktop,PUBLIC,STANDARDIZE,Shop V2 sidebar,WP17C_CANONICAL_NAVIGATION_ITEM,STANDARDIZE,CANONICALIZE,STANDARDIZE_FOUNDATION,ALIGN_LABEL,CONTEXTUAL_HELP_OPTIONAL,TOKENIZE_ONLY,CANONICAL_NAV_RESPONSIVE,Navigation canon + shell foundation,DEFERRED_TO_17D,frontend/src/components/shop/sidebar/domainMap.js,WP17B navigation family · Shop V2 sidebar · Training Center,PENDING
NAV-0207,transportation,/admin/transportation,navigation_item,/,sidebar.desktop,PUBLIC,STANDARDIZE,Transportation grouped nav,WP17C_CANONICAL_NAVIGATION_ITEM,STANDARDIZE,CANONICALIZE,STANDARDIZE_FOUNDATION,ALIGN_LABEL,CONTEXTUAL_HELP_OPTIONAL,TOKENIZE_ONLY,CANONICAL_NAV_RESPONSIVE,Navigation canon + shell foundation,DEFERRED_TO_17D,frontend/src/pages/transportation/_shared.jsx; frontend/src/components/transportation/sidebar/TransportationSideNavV2.jsx,WP17B navigation family · Transportation grouped nav · Dashboard,PENDING
NAV-0208,transportation,carriers,navigation_item,/,sidebar.desktop,PUBLIC,STANDARDIZE,Transportation grouped nav,WP17C_CANONICAL_NAVIGATION_ITEM,STANDARDIZE,CANONICALIZE,STANDARDIZE_FOUNDATION,ALIGN_LABEL,CONTEXTUAL_HELP_OPTIONAL,TOKENIZE_ONLY,CANONICAL_NAV_RESPONSIVE,Navigation canon + shell foundation,DEFERRED_TO_17D,frontend/src/pages/transportation/_shared.jsx; frontend/src/components/transportation/sidebar/TransportationSideNavV2.jsx,WP17B navigation family · Transportation grouped nav · Carriers,PENDING
NAV-0209,transportation,drivers,navigation_item,/,sidebar.desktop,PUBLIC,STANDARDIZE,Transportation grouped nav,WP17C_CANONICAL_NAVIGATION_ITEM,STANDARDIZE,CANONICALIZE,STANDARDIZE_FOUNDATION,ALIGN_LABEL,CONTEXTUAL_HELP_OPTIONAL,TOKENIZE_ONLY,CANONICAL_NAV_RESPONSIVE,Navigation canon + shell foundation,DEFERRED_TO_17D,frontend/src/pages/transportation/_shared.jsx; frontend/src/components/transportation/sidebar/TransportationSideNavV2.jsx,WP17B navigation family · Transportation grouped nav · Drivers,PENDING
NAV-0210,transportation,trucks,navigation_item,/,sidebar.desktop,PUBLIC,STANDARDIZE,Transportation grouped nav,WP17C_CANONICAL_NAVIGATION_ITEM,STANDARDIZE,CANONICALIZE,STANDARDIZE_FOUNDATION,ALIGN_LABEL,CONTEXTUAL_HELP_OPTIONAL,TOKENIZE_ONLY,CANONICAL_NAV_RESPONSIVE,Navigation canon + shell foundation,DEFERRED_TO_17D,frontend/src/pages/transportation/_shared.jsx; frontend/src/components/transportation/sidebar/TransportationSideNavV2.jsx,WP17B navigation family · Transportation grouped nav · Trucks,PENDING
NAV-0211,transportation,compliance,navigation_item,/,sidebar.desktop,PUBLIC,STANDARDIZE,Transportation grouped nav,WP17C_CANONICAL_NAVIGATION_ITEM,STANDARDIZE,CANONICALIZE,STANDARDIZE_FOUNDATION,ALIGN_LABEL,CONTEXTUAL_HELP_OPTIONAL,TOKENIZE_ONLY,CANONICAL_NAV_RESPONSIVE,Navigation canon + shell foundation,DEFERRED_TO_17D,frontend/src/pages/transportation/_shared.jsx; frontend/src/components/transportation/sidebar/TransportationSideNavV2.jsx,WP17B navigation family · Transportation grouped nav · Compliance,PENDING
NAV-0212,transportation,documents,navigation_item,/,sidebar.desktop,PUBLIC,STANDARDIZE,Transportation grouped nav,WP17C_CANONICAL_NAVIGATION_ITEM,STANDARDIZE,CANONICALIZE,STANDARDIZE_FOUNDATION,ALIGN_LABEL,CONTEXTUAL_HELP_OPTIONAL,TOKENIZE_ONLY,CANONICAL_NAV_RESPONSIVE,Navigation canon + shell foundation,DEFERRED_TO_17D,frontend/src/pages/transportation/_shared.jsx; frontend/src/components/transportation/sidebar/TransportationSideNavV2.jsx,WP17B navigation family · Transportation grouped nav · Documents,PENDING
NAV-0213,transportation,inspections,navigation_item,/,sidebar.desktop,PUBLIC,STANDARDIZE,Transportation grouped nav,WP17C_CANONICAL_NAVIGATION_ITEM,STANDARDIZE,CANONICALIZE,STANDARDIZE_FOUNDATION,ALIGN_LABEL,CONTEXTUAL_HELP_OPTIONAL,TOKENIZE_ONLY,CANONICAL_NAV_RESPONSIVE,Navigation canon + shell foundation,DEFERRED_TO_17D,frontend/src/pages/transportation/_shared.jsx; frontend/src/components/transportation/sidebar/TransportationSideNavV2.jsx,WP17B navigation family · Transportation grouped nav · Inspections,PENDING
NAV-0214,transportation,orientation,navigation_item,/,sidebar.desktop,PUBLIC,STANDARDIZE,Transportation grouped nav,WP17C_CANONICAL_NAVIGATION_ITEM,STANDARDIZE,CANONICALIZE,STANDARDIZE_FOUNDATION,ALIGN_LABEL,CONTEXTUAL_HELP_OPTIONAL,TOKENIZE_ONLY,CANONICAL_NAV_RESPONSIVE,Navigation canon + shell foundation,DEFERRED_TO_17D,frontend/src/pages/transportation/_shared.jsx; frontend/src/components/transportation/sidebar/TransportationSideNavV2.jsx,WP17B navigation family · Transportation grouped nav · Orientation,PENDING
NAV-0215,transportation,command-queue,navigation_item,/,sidebar.desktop,PUBLIC,STANDARDIZE,Transportation grouped nav,WP17C_CANONICAL_NAVIGATION_ITEM,STANDARDIZE,CANONICALIZE,STANDARDIZE_FOUNDATION,ALIGN_LABEL,CONTEXTUAL_HELP_OPTIONAL,TOKENIZE_ONLY,CANONICAL_NAV_RESPONSIVE,Navigation canon + shell foundation,DEFERRED_TO_17D,frontend/src/pages/transportation/_shared.jsx; frontend/src/components/transportation/sidebar/TransportationSideNavV2.jsx,WP17B navigation family · Transportation grouped nav · Command Queue,PENDING
NAV-0216,transportation,intelligence,navigation_item,/,sidebar.desktop,PUBLIC,STANDARDIZE,Transportation grouped nav,WP17C_CANONICAL_NAVIGATION_ITEM,STANDARDIZE,CANONICALIZE,STANDARDIZE_FOUNDATION,ALIGN_LABEL,CONTEXTUAL_HELP_OPTIONAL,TOKENIZE_ONLY,CANONICAL_NAV_RESPONSIVE,Navigation canon + shell foundation,DEFERRED_TO_17D,frontend/src/pages/transportation/_shared.jsx; frontend/src/components/transportation/sidebar/TransportationSideNavV2.jsx,WP17B navigation family · Transportation grouped nav · Intelligence,PENDING
NAV-0217,transportation,rate-schedules,navigation_item,/,sidebar.desktop,PUBLIC,STANDARDIZE,Transportation grouped nav,WP17C_CANONICAL_NAVIGATION_ITEM,STANDARDIZE,CANONICALIZE,STANDARDIZE_FOUNDATION,ALIGN_LABEL,CONTEXTUAL_HELP_OPTIONAL,TOKENIZE_ONLY,CANONICAL_NAV_RESPONSIVE,Navigation canon + shell foundation,DEFERRED_TO_17D,frontend/src/pages/transportation/_shared.jsx; frontend/src/components/transportation/sidebar/TransportationSideNavV2.jsx,WP17B navigation family · Transportation grouped nav · Rate Schedules,PENDING
NAV-0218,transportation,audit,navigation_item,/,sidebar.desktop,PUBLIC,STANDARDIZE,Transportation grouped nav,WP17C_CANONICAL_NAVIGATION_ITEM,STANDARDIZE,CANONICALIZE,STANDARDIZE_FOUNDATION,ALIGN_LABEL,CONTEXTUAL_HELP_OPTIONAL,TOKENIZE_ONLY,CANONICAL_NAV_RESPONSIVE,Navigation canon + shell foundation,DEFERRED_TO_17D,frontend/src/pages/transportation/_shared.jsx; frontend/src/components/transportation/sidebar/TransportationSideNavV2.jsx,WP17B navigation family · Transportation grouped nav · Audit Timeline,PENDING
NAV-0219,transportation,reports,navigation_item,/,sidebar.desktop,PUBLIC,STANDARDIZE,Transportation grouped nav,WP17C_CANONICAL_NAVIGATION_ITEM,STANDARDIZE,CANONICALIZE,STANDARDIZE_FOUNDATION,ALIGN_LABEL,CONTEXTUAL_HELP_OPTIONAL,TOKENIZE_ONLY,CANONICAL_NAV_RESPONSIVE,Navigation canon + shell foundation,DEFERRED_TO_17D,frontend/src/pages/transportation/_shared.jsx; frontend/src/components/transportation/sidebar/TransportationSideNavV2.jsx,WP17B navigation family · Transportation grouped nav · Reports,PENDING
NAV-0220,transportation,/admin/transportation,navigation_item,/,sidebar.desktop,PUBLIC,STANDARDIZE,Transportation grouped nav,WP17C_CANONICAL_NAVIGATION_ITEM,STANDARDIZE,CANONICALIZE,STANDARDIZE_FOUNDATION,ALIGN_LABEL,CONTEXTUAL_HELP_OPTIONAL,TOKENIZE_ONLY,CANONICAL_NAV_RESPONSIVE,Navigation canon + shell foundation,DEFERRED_TO_17D,frontend/src/pages/transportation/_shared.jsx; frontend/src/components/transportation/sidebar/TransportationSideNavV2.jsx,WP17B navigation family · Transportation grouped nav · Mission Control,PENDING
NAV-0221,transportation,dispatch,navigation_item,/,sidebar.desktop,PUBLIC,STANDARDIZE,Transportation grouped nav,WP17C_CANONICAL_NAVIGATION_ITEM,STANDARDIZE,CANONICALIZE,STANDARDIZE_FOUNDATION,ALIGN_LABEL,CONTEXTUAL_HELP_OPTIONAL,TOKENIZE_ONLY,CANONICAL_NAV_RESPONSIVE,Navigation canon + shell foundation,DEFERRED_TO_17D,frontend/src/pages/transportation/_shared.jsx; frontend/src/components/transportation/sidebar/TransportationSideNavV2.jsx,WP17B navigation family · Transportation grouped nav · Dispatch,PENDING
NAV-0222,transportation,live-operations,navigation_item,/,sidebar.desktop,PUBLIC,STANDARDIZE,Transportation grouped nav,WP17C_CANONICAL_NAVIGATION_ITEM,STANDARDIZE,CANONICALIZE,STANDARDIZE_FOUNDATION,ALIGN_LABEL,CONTEXTUAL_HELP_OPTIONAL,TOKENIZE_ONLY,CANONICAL_NAV_RESPONSIVE,Navigation canon + shell foundation,DEFERRED_TO_17D,frontend/src/pages/transportation/_shared.jsx; frontend/src/components/transportation/sidebar/TransportationSideNavV2.jsx,WP17B navigation family · Transportation grouped nav · Live Operations,PENDING
NAV-0223,transportation,trucks,navigation_item,/,sidebar.desktop,PUBLIC,STANDARDIZE,Transportation grouped nav,WP17C_CANONICAL_NAVIGATION_ITEM,STANDARDIZE,CANONICALIZE,STANDARDIZE_FOUNDATION,ALIGN_LABEL,CONTEXTUAL_HELP_OPTIONAL,TOKENIZE_ONLY,CANONICAL_NAV_RESPONSIVE,Navigation canon + shell foundation,DEFERRED_TO_17D,frontend/src/pages/transportation/_shared.jsx; frontend/src/components/transportation/sidebar/TransportationSideNavV2.jsx,WP17B navigation family · Transportation grouped nav · Fleet,PENDING
NAV-0224,transportation,drivers,navigation_item,/,sidebar.desktop,PUBLIC,STANDARDIZE,Transportation grouped nav,WP17C_CANONICAL_NAVIGATION_ITEM,STANDARDIZE,CANONICALIZE,STANDARDIZE_FOUNDATION,ALIGN_LABEL,CONTEXTUAL_HELP_OPTIONAL,TOKENIZE_ONLY,CANONICAL_NAV_RESPONSIVE,Navigation canon + shell foundation,DEFERRED_TO_17D,frontend/src/pages/transportation/_shared.jsx; frontend/src/components/transportation/sidebar/TransportationSideNavV2.jsx,WP17B navigation family · Transportation grouped nav · Drivers,PENDING
NAV-0225,transportation,carriers,navigation_item,/,sidebar.desktop,PUBLIC,STANDARDIZE,Transportation grouped nav,WP17C_CANONICAL_NAVIGATION_ITEM,STANDARDIZE,CANONICALIZE,STANDARDIZE_FOUNDATION,ALIGN_LABEL,CONTEXTUAL_HELP_OPTIONAL,TOKENIZE_ONLY,CANONICAL_NAV_RESPONSIVE,Navigation canon + shell foundation,DEFERRED_TO_17D,frontend/src/pages/transportation/_shared.jsx; frontend/src/components/transportation/sidebar/TransportationSideNavV2.jsx,WP17B navigation family · Transportation grouped nav · Carriers,PENDING
NAV-0226,transportation,compliance,navigation_item,/,sidebar.desktop,PUBLIC,STANDARDIZE,Transportation grouped nav,WP17C_CANONICAL_NAVIGATION_ITEM,STANDARDIZE,CANONICALIZE,STANDARDIZE_FOUNDATION,ALIGN_LABEL,CONTEXTUAL_HELP_OPTIONAL,TOKENIZE_ONLY,CANONICAL_NAV_RESPONSIVE,Navigation canon + shell foundation,DEFERRED_TO_17D,frontend/src/pages/transportation/_shared.jsx; frontend/src/components/transportation/sidebar/TransportationSideNavV2.jsx,WP17B navigation family · Transportation grouped nav · Compliance,PENDING
NAV-0227,transportation,orientation,navigation_item,/,sidebar.desktop,PUBLIC,STANDARDIZE,Transportation grouped nav,WP17C_CANONICAL_NAVIGATION_ITEM,STANDARDIZE,CANONICALIZE,STANDARDIZE_FOUNDATION,ALIGN_LABEL,CONTEXTUAL_HELP_OPTIONAL,TOKENIZE_ONLY,CANONICAL_NAV_RESPONSIVE,Navigation canon + shell foundation,DEFERRED_TO_17D,frontend/src/pages/transportation/_shared.jsx; frontend/src/components/transportation/sidebar/TransportationSideNavV2.jsx,WP17B navigation family · Transportation grouped nav · Orientation,PENDING
NAV-0228,transportation,academy,navigation_item,/,sidebar.desktop,PUBLIC,STANDARDIZE,Transportation grouped nav,WP17C_CANONICAL_NAVIGATION_ITEM,STANDARDIZE,CANONICALIZE,STANDARDIZE_FOUNDATION,ALIGN_LABEL,CONTEXTUAL_HELP_OPTIONAL,TOKENIZE_ONLY,CANONICAL_NAV_RESPONSIVE,Navigation canon + shell foundation,DEFERRED_TO_17D,frontend/src/pages/transportation/_shared.jsx; frontend/src/components/transportation/sidebar/TransportationSideNavV2.jsx,WP17B navigation family · Transportation grouped nav · Transportation Academy,PENDING
NAV-0229,transportation,intelligence,navigation_item,/,sidebar.desktop,PUBLIC,STANDARDIZE,Transportation grouped nav,WP17C_CANONICAL_NAVIGATION_ITEM,STANDARDIZE,CANONICALIZE,STANDARDIZE_FOUNDATION,ALIGN_LABEL,CONTEXTUAL_HELP_OPTIONAL,TOKENIZE_ONLY,CANONICAL_NAV_RESPONSIVE,Navigation canon + shell foundation,DEFERRED_TO_17D,frontend/src/pages/transportation/_shared.jsx; frontend/src/components/transportation/sidebar/TransportationSideNavV2.jsx,WP17B navigation family · Transportation grouped nav · Intelligence,PENDING
NAV-0230,transportation,command-queue,navigation_item,/,sidebar.desktop,PUBLIC,STANDARDIZE,Transportation grouped nav,WP17C_CANONICAL_NAVIGATION_ITEM,STANDARDIZE,CANONICALIZE,STANDARDIZE_FOUNDATION,ALIGN_LABEL,CONTEXTUAL_HELP_OPTIONAL,TOKENIZE_ONLY,CANONICAL_NAV_RESPONSIVE,Navigation canon + shell foundation,DEFERRED_TO_17D,frontend/src/pages/transportation/_shared.jsx; frontend/src/components/transportation/sidebar/TransportationSideNavV2.jsx,WP17B navigation family · Transportation grouped nav · Automation,PENDING
NAV-0231,transportation,intelligence/cleanup,navigation_item,/,sidebar.desktop,PUBLIC,STANDARDIZE,Transportation grouped nav,WP17C_CANONICAL_NAVIGATION_ITEM,STANDARDIZE,CANONICALIZE,STANDARDIZE_FOUNDATION,ALIGN_LABEL,CONTEXTUAL_HELP_OPTIONAL,TOKENIZE_ONLY,CANONICAL_NAV_RESPONSIVE,Navigation canon + shell foundation,DEFERRED_TO_17D,frontend/src/pages/transportation/_shared.jsx; frontend/src/components/transportation/sidebar/TransportationSideNavV2.jsx,WP17B navigation family · Transportation grouped nav · Cleanup,PENDING
NAV-0232,transportation,reports,navigation_item,/,sidebar.desktop,PUBLIC,STANDARDIZE,Transportation grouped nav,WP17C_CANONICAL_NAVIGATION_ITEM,STANDARDIZE,CANONICALIZE,STANDARDIZE_FOUNDATION,ALIGN_LABEL,CONTEXTUAL_HELP_OPTIONAL,TOKENIZE_ONLY,CANONICAL_NAV_RESPONSIVE,Navigation canon + shell foundation,DEFERRED_TO_17D,frontend/src/pages/transportation/_shared.jsx; frontend/src/components/transportation/sidebar/TransportationSideNavV2.jsx,WP17B navigation family · Transportation grouped nav · Reports,PENDING
NAV-0233,transportation,audit,navigation_item,/,sidebar.desktop,PUBLIC,STANDARDIZE,Transportation grouped nav,WP17C_CANONICAL_NAVIGATION_ITEM,STANDARDIZE,CANONICALIZE,STANDARDIZE_FOUNDATION,ALIGN_LABEL,CONTEXTUAL_HELP_OPTIONAL,TOKENIZE_ONLY,CANONICAL_NAV_RESPONSIVE,Navigation canon + shell foundation,DEFERRED_TO_17D,frontend/src/pages/transportation/_shared.jsx; frontend/src/components/transportation/sidebar/TransportationSideNavV2.jsx,WP17B navigation family · Transportation grouped nav · Administration,PENDING
NAV-0234,transportation,/admin/transportation,navigation_item,/,subnav.tabs,PUBLIC,STANDARDIZE,Transportation child tab set,WP17C_CANONICAL_NAVIGATION_ITEM,STANDARDIZE,CANONICALIZE,STANDARDIZE_FOUNDATION,ALIGN_LABEL,CONTEXTUAL_HELP_OPTIONAL,TOKENIZE_ONLY,CANONICAL_NAV_RESPONSIVE,Navigation canon + shell foundation,DEFERRED_TO_17D,frontend/src/pages/transportation/_shared.jsx,WP17B navigation family · Transportation child tab set · Dashboard,PENDING
NAV-0235,transportation,carriers,navigation_item,/,subnav.tabs,PUBLIC,STANDARDIZE,Transportation child tab set,WP17C_CANONICAL_NAVIGATION_ITEM,STANDARDIZE,CANONICALIZE,STANDARDIZE_FOUNDATION,ALIGN_LABEL,CONTEXTUAL_HELP_OPTIONAL,TOKENIZE_ONLY,CANONICAL_NAV_RESPONSIVE,Navigation canon + shell foundation,DEFERRED_TO_17D,frontend/src/pages/transportation/_shared.jsx,WP17B navigation family · Transportation child tab set · Carriers,PENDING
NAV-0236,transportation,drivers,navigation_item,/,subnav.tabs,PUBLIC,STANDARDIZE,Transportation child tab set,WP17C_CANONICAL_NAVIGATION_ITEM,STANDARDIZE,CANONICALIZE,STANDARDIZE_FOUNDATION,ALIGN_LABEL,CONTEXTUAL_HELP_OPTIONAL,TOKENIZE_ONLY,CANONICAL_NAV_RESPONSIVE,Navigation canon + shell foundation,DEFERRED_TO_17D,frontend/src/pages/transportation/_shared.jsx,WP17B navigation family · Transportation child tab set · Drivers,PENDING
NAV-0237,transportation,trucks,navigation_item,/,subnav.tabs,PUBLIC,STANDARDIZE,Transportation child tab set,WP17C_CANONICAL_NAVIGATION_ITEM,STANDARDIZE,CANONICALIZE,STANDARDIZE_FOUNDATION,ALIGN_LABEL,CONTEXTUAL_HELP_OPTIONAL,TOKENIZE_ONLY,CANONICAL_NAV_RESPONSIVE,Navigation canon + shell foundation,DEFERRED_TO_17D,frontend/src/pages/transportation/_shared.jsx,WP17B navigation family · Transportation child tab set · Trucks,PENDING
NAV-0238,transportation,compliance,navigation_item,/,subnav.tabs,PUBLIC,STANDARDIZE,Transportation child tab set,WP17C_CANONICAL_NAVIGATION_ITEM,STANDARDIZE,CANONICALIZE,STANDARDIZE_FOUNDATION,ALIGN_LABEL,CONTEXTUAL_HELP_OPTIONAL,TOKENIZE_ONLY,CANONICAL_NAV_RESPONSIVE,Navigation canon + shell foundation,DEFERRED_TO_17D,frontend/src/pages/transportation/_shared.jsx,WP17B navigation family · Transportation child tab set · Compliance,PENDING
NAV-0239,transportation,documents,navigation_item,/,subnav.tabs,PUBLIC,STANDARDIZE,Transportation child tab set,WP17C_CANONICAL_NAVIGATION_ITEM,STANDARDIZE,CANONICALIZE,STANDARDIZE_FOUNDATION,ALIGN_LABEL,CONTEXTUAL_HELP_OPTIONAL,TOKENIZE_ONLY,CANONICAL_NAV_RESPONSIVE,Navigation canon + shell foundation,DEFERRED_TO_17D,frontend/src/pages/transportation/_shared.jsx,WP17B navigation family · Transportation child tab set · Documents,PENDING
NAV-0240,transportation,inspections,navigation_item,/,subnav.tabs,PUBLIC,STANDARDIZE,Transportation child tab set,WP17C_CANONICAL_NAVIGATION_ITEM,STANDARDIZE,CANONICALIZE,STANDARDIZE_FOUNDATION,ALIGN_LABEL,CONTEXTUAL_HELP_OPTIONAL,TOKENIZE_ONLY,CANONICAL_NAV_RESPONSIVE,Navigation canon + shell foundation,DEFERRED_TO_17D,frontend/src/pages/transportation/_shared.jsx,WP17B navigation family · Transportation child tab set · Inspections,PENDING
NAV-0241,transportation,orientation,navigation_item,/,subnav.tabs,PUBLIC,STANDARDIZE,Transportation child tab set,WP17C_CANONICAL_NAVIGATION_ITEM,STANDARDIZE,CANONICALIZE,STANDARDIZE_FOUNDATION,ALIGN_LABEL,CONTEXTUAL_HELP_OPTIONAL,TOKENIZE_ONLY,CANONICAL_NAV_RESPONSIVE,Navigation canon + shell foundation,DEFERRED_TO_17D,frontend/src/pages/transportation/_shared.jsx,WP17B navigation family · Transportation child tab set · Orientation,PENDING
NAV-0242,transportation,command-queue,navigation_item,/,subnav.tabs,PUBLIC,STANDARDIZE,Transportation child tab set,WP17C_CANONICAL_NAVIGATION_ITEM,STANDARDIZE,CANONICALIZE,STANDARDIZE_FOUNDATION,ALIGN_LABEL,CONTEXTUAL_HELP_OPTIONAL,TOKENIZE_ONLY,CANONICAL_NAV_RESPONSIVE,Navigation canon + shell foundation,DEFERRED_TO_17D,frontend/src/pages/transportation/_shared.jsx,WP17B navigation family · Transportation child tab set · Command Queue,PENDING
NAV-0243,transportation,intelligence,navigation_item,/,subnav.tabs,PUBLIC,STANDARDIZE,Transportation child tab set,WP17C_CANONICAL_NAVIGATION_ITEM,STANDARDIZE,CANONICALIZE,STANDARDIZE_FOUNDATION,ALIGN_LABEL,CONTEXTUAL_HELP_OPTIONAL,TOKENIZE_ONLY,CANONICAL_NAV_RESPONSIVE,Navigation canon + shell foundation,DEFERRED_TO_17D,frontend/src/pages/transportation/_shared.jsx,WP17B navigation family · Transportation child tab set · Intelligence,PENDING
NAV-0244,transportation,rate-schedules,navigation_item,/,subnav.tabs,PUBLIC,STANDARDIZE,Transportation child tab set,WP17C_CANONICAL_NAVIGATION_ITEM,STANDARDIZE,CANONICALIZE,STANDARDIZE_FOUNDATION,ALIGN_LABEL,CONTEXTUAL_HELP_OPTIONAL,TOKENIZE_ONLY,CANONICAL_NAV_RESPONSIVE,Navigation canon + shell foundation,DEFERRED_TO_17D,frontend/src/pages/transportation/_shared.jsx,WP17B navigation family · Transportation child tab set · Rate Schedules,PENDING
NAV-0245,transportation,audit,navigation_item,/,subnav.tabs,PUBLIC,STANDARDIZE,Transportation child tab set,WP17C_CANONICAL_NAVIGATION_ITEM,STANDARDIZE,CANONICALIZE,STANDARDIZE_FOUNDATION,ALIGN_LABEL,CONTEXTUAL_HELP_OPTIONAL,TOKENIZE_ONLY,CANONICAL_NAV_RESPONSIVE,Navigation canon + shell foundation,DEFERRED_TO_17D,frontend/src/pages/transportation/_shared.jsx,WP17B navigation family · Transportation child tab set · Audit Timeline,PENDING
NAV-0246,transportation,reports,navigation_item,/,subnav.tabs,PUBLIC,STANDARDIZE,Transportation child tab set,WP17C_CANONICAL_NAVIGATION_ITEM,STANDARDIZE,CANONICALIZE,STANDARDIZE_FOUNDATION,ALIGN_LABEL,CONTEXTUAL_HELP_OPTIONAL,TOKENIZE_ONLY,CANONICAL_NAV_RESPONSIVE,Navigation canon + shell foundation,DEFERRED_TO_17D,frontend/src/pages/transportation/_shared.jsx,WP17B navigation family · Transportation child tab set · Reports,PENDING
NAV-0247,public_shared,/pm/login,navigation_item,/,public_entry,PUBLIC,REPRESENTATIVE_IMPLEMENTATION,Sign-in portal links,WP17C_CANONICAL_NAVIGATION_ITEM,STANDARDIZE,CANONICALIZE,STANDARDIZE_FOUNDATION,ALIGN_LABEL,CONTEXTUAL_HELP_OPTIONAL,TOKENIZE_ONLY,CANONICAL_NAV_RESPONSIVE,Navigation canon + shell foundation,IN_PROGRESS,frontend/src/pages/SignIn.jsx,WP17B navigation family · Sign-in portal links · Project Management,PENDING
NAV-0248,public_shared,/shop/login,navigation_item,/,public_entry,PUBLIC,STANDARDIZE,Sign-in portal links,WP17C_CANONICAL_NAVIGATION_ITEM,STANDARDIZE,CANONICALIZE,STANDARDIZE_FOUNDATION,ALIGN_LABEL,CONTEXTUAL_HELP_OPTIONAL,TOKENIZE_ONLY,CANONICAL_NAV_RESPONSIVE,Navigation canon + shell foundation,IN_PROGRESS,frontend/src/pages/SignIn.jsx,WP17B navigation family · Sign-in portal links · Shop Operations,PENDING
NAV-0249,public_shared,/hr/login,navigation_item,/,public_entry,PUBLIC,STANDARDIZE,Sign-in portal links,WP17C_CANONICAL_NAVIGATION_ITEM,STANDARDIZE,CANONICALIZE,STANDARDIZE_FOUNDATION,ALIGN_LABEL,CONTEXTUAL_HELP_OPTIONAL,TOKENIZE_ONLY,CANONICAL_NAV_RESPONSIVE,Navigation canon + shell foundation,IN_PROGRESS,frontend/src/pages/SignIn.jsx,WP17B navigation family · Sign-in portal links · Human Resources,PENDING
NAV-0250,public_shared,/safety-portal/login,navigation_item,/,public_entry,PUBLIC,STANDARDIZE,Sign-in portal links,WP17C_CANONICAL_NAVIGATION_ITEM,STANDARDIZE,CANONICALIZE,STANDARDIZE_FOUNDATION,ALIGN_LABEL,CONTEXTUAL_HELP_OPTIONAL,TOKENIZE_ONLY,CANONICAL_NAV_RESPONSIVE,Navigation canon + shell foundation,IN_PROGRESS,frontend/src/pages/SignIn.jsx,WP17B navigation family · Sign-in portal links · Safety Operations,PENDING
NAV-0251,public_shared,/dispatch-portal/login,navigation_item,/,public_entry,PUBLIC,STANDARDIZE,Sign-in portal links,WP17C_CANONICAL_NAVIGATION_ITEM,STANDARDIZE,CANONICALIZE,STANDARDIZE_FOUNDATION,ALIGN_LABEL,CONTEXTUAL_HELP_OPTIONAL,TOKENIZE_ONLY,CANONICAL_NAV_RESPONSIVE,Navigation canon + shell foundation,IN_PROGRESS,frontend/src/pages/SignIn.jsx,WP17B navigation family · Sign-in portal links · Transportation Operations,PENDING
NAV-0252,public_shared,/leadership/login,navigation_item,/,public_entry,PUBLIC,STANDARDIZE,Sign-in portal links,WP17C_CANONICAL_NAVIGATION_ITEM,STANDARDIZE,CANONICALIZE,STANDARDIZE_FOUNDATION,ALIGN_LABEL,CONTEXTUAL_HELP_OPTIONAL,TOKENIZE_ONLY,CANONICAL_NAV_RESPONSIVE,Navigation canon + shell foundation,IN_PROGRESS,frontend/src/pages/SignIn.jsx,WP17B navigation family · Sign-in portal links · Field Leadership,PENDING
NAV-0253,public_shared,/admin/login,navigation_item,/,public_entry,PUBLIC,REPRESENTATIVE_IMPLEMENTATION,Sign-in portal links,WP17C_CANONICAL_NAVIGATION_ITEM,STANDARDIZE,CANONICALIZE,STANDARDIZE_FOUNDATION,ALIGN_LABEL,CONTEXTUAL_HELP_OPTIONAL,TOKENIZE_ONLY,CANONICAL_NAV_RESPONSIVE,Navigation canon + shell foundation,IN_PROGRESS,frontend/src/pages/SignIn.jsx,WP17B navigation family · Sign-in portal links · Administration,PENDING
FORM-001,admin,,form_surface,,page_body,PUBLIC,STANDARDIZE,native_form,WP17C_CANONICAL_FORM,KEEP,N/A,STANDARDIZE_FOUNDATION,ALIGN_LABEL,INLINE_HELP_WHERE_VALUABLE,TOKENIZE_ONLY,DEFERRED_TO_WP17D,Canonical form anatomy + tokens,FOUNDATION_DEPENDENCY,frontend/src/components/AdminDocIdSearch.jsx,WP17B platform surface inventory · form count,PENDING
FORM-002,admin,,form_surface,,page_body,PUBLIC,STANDARDIZE,native_form,WP17C_CANONICAL_FORM,KEEP,N/A,STANDARDIZE_FOUNDATION,ALIGN_LABEL,INLINE_HELP_WHERE_VALUABLE,TOKENIZE_ONLY,DEFERRED_TO_WP17D,Canonical form anatomy + tokens,FOUNDATION_DEPENDENCY,frontend/src/components/AdminJobMasterPanel.jsx,WP17B platform surface inventory · form count,PENDING
FORM-003,admin,,form_surface,,page_body,PUBLIC,STANDARDIZE,native_form,WP17C_CANONICAL_FORM,KEEP,N/A,STANDARDIZE_FOUNDATION,ALIGN_LABEL,INLINE_HELP_WHERE_VALUABLE,TOKENIZE_ONLY,DEFERRED_TO_WP17D,Canonical form anatomy + tokens,FOUNDATION_DEPENDENCY,frontend/src/components/AdminPMPanel.jsx,WP17B platform surface inventory · form count,PENDING
FORM-004,admin,,form_surface,,page_body,PUBLIC,STANDARDIZE,native_form,WP17C_CANONICAL_FORM,KEEP,N/A,STANDARDIZE_FOUNDATION,ALIGN_LABEL,INLINE_HELP_WHERE_VALUABLE,TOKENIZE_ONLY,DEFERRED_TO_WP17D,Canonical form anatomy + tokens,FOUNDATION_DEPENDENCY,frontend/src/components/AdminReferenceLookup.jsx,WP17B platform surface inventory · form count,PENDING
FORM-005,public_shared,,form_surface,,page_body,PUBLIC,STANDARDIZE,native_form,WP17C_CANONICAL_FORM,KEEP,N/A,STANDARDIZE_FOUNDATION,ALIGN_LABEL,INLINE_HELP_WHERE_VALUABLE,TOKENIZE_ONLY,DEFERRED_TO_WP17D,Canonical form anatomy + tokens,FOUNDATION_DEPENDENCY,frontend/src/components/EquipmentMasterPanel.jsx,WP17B platform surface inventory · form count,PENDING
FORM-006,public_shared,,form_surface,,page_body,PUBLIC,STANDARDIZE,native_form,WP17C_CANONICAL_FORM,KEEP,N/A,STANDARDIZE_FOUNDATION,ALIGN_LABEL,INLINE_HELP_WHERE_VALUABLE,TOKENIZE_ONLY,DEFERRED_TO_WP17D,Canonical form anatomy + tokens,FOUNDATION_DEPENDENCY,frontend/src/components/FormPasswordGate.jsx,WP17B platform surface inventory · form count,PENDING
FORM-007,public_shared,,form_surface,,page_body,PUBLIC,STANDARDIZE,native_form,WP17C_CANONICAL_FORM,KEEP,N/A,STANDARDIZE_FOUNDATION,ALIGN_LABEL,INLINE_HELP_WHERE_VALUABLE,TOKENIZE_ONLY,DEFERRED_TO_WP17D,Canonical form anatomy + tokens,FOUNDATION_DEPENDENCY,frontend/src/components/MasterListPanel.jsx,WP17B platform surface inventory · form count,PENDING
FORM-008,public_shared,,form_surface,,page_body,PUBLIC,STANDARDIZE,native_form,WP17C_CANONICAL_FORM,KEEP,N/A,STANDARDIZE_FOUNDATION,ALIGN_LABEL,INLINE_HELP_WHERE_VALUABLE,TOKENIZE_ONLY,DEFERRED_TO_WP17D,Canonical form anatomy + tokens,FOUNDATION_DEPENDENCY,frontend/src/components/asset/AddAssetDialog.jsx,WP17B platform surface inventory · form count,PENDING
FORM-009,public_shared,,form_surface,,page_body,PUBLIC,STANDARDIZE,native_form,WP17C_CANONICAL_FORM,KEEP,N/A,STANDARDIZE_FOUNDATION,ALIGN_LABEL,INLINE_HELP_WHERE_VALUABLE,TOKENIZE_ONLY,DEFERRED_TO_WP17D,Canonical form anatomy + tokens,FOUNDATION_DEPENDENCY,frontend/src/components/asset/AssetDocumentsTab.jsx,WP17B platform surface inventory · form count,PENDING
FORM-010,public_shared,,form_surface,,page_body,PUBLIC,STANDARDIZE,native_form,WP17C_CANONICAL_FORM,KEEP,N/A,STANDARDIZE_FOUNDATION,ALIGN_LABEL,INLINE_HELP_WHERE_VALUABLE,TOKENIZE_ONLY,DEFERRED_TO_WP17D,Canonical form anatomy + tokens,FOUNDATION_DEPENDENCY,frontend/src/components/shop/UnitSearch.jsx,WP17B platform surface inventory · form count,PENDING
FORM-011,admin,,form_surface,,page_body,PUBLIC,STANDARDIZE,native_form,WP17C_CANONICAL_FORM,KEEP,N/A,STANDARDIZE_FOUNDATION,ALIGN_LABEL,INLINE_HELP_WHERE_VALUABLE,TOKENIZE_ONLY,DEFERRED_TO_WP17D,Canonical form anatomy + tokens,FOUNDATION_DEPENDENCY,frontend/src/pages/AdminLogin.jsx,WP17B platform surface inventory · form count,PENDING
FORM-012,public_shared,,form_surface,,page_body,PUBLIC,STANDARDIZE,native_form,WP17C_CANONICAL_FORM,KEEP,N/A,STANDARDIZE_FOUNDATION,ALIGN_LABEL,INLINE_HELP_WHERE_VALUABLE,TOKENIZE_ONLY,DEFERRED_TO_WP17D,Canonical form anatomy + tokens,FOUNDATION_DEPENDENCY,frontend/src/pages/DevLogin.jsx,WP17B platform surface inventory · form count,PENDING
FORM-013,public_shared,,form_surface,,page_body,PUBLIC,STANDARDIZE,native_form,WP17C_CANONICAL_FORM,KEEP,N/A,STANDARDIZE_FOUNDATION,ALIGN_LABEL,INLINE_HELP_WHERE_VALUABLE,TOKENIZE_ONLY,DEFERRED_TO_WP17D,Canonical form anatomy + tokens,FOUNDATION_DEPENDENCY,frontend/src/pages/DirectoryChangePassword.jsx,WP17B platform surface inventory · form count,PENDING
FORM-014,dispatch,,form_surface,,page_body,PUBLIC,STANDARDIZE,native_form,WP17C_CANONICAL_FORM,KEEP,N/A,STANDARDIZE_FOUNDATION,ALIGN_LABEL,INLINE_HELP_WHERE_VALUABLE,TOKENIZE_ONLY,DEFERRED_TO_WP17D,Canonical form anatomy + tokens,FOUNDATION_DEPENDENCY,frontend/src/pages/DispatchChangePassword.jsx,WP17B platform surface inventory · form count,PENDING
FORM-015,dispatch,,form_surface,,page_body,PUBLIC,STANDARDIZE,native_form,WP17C_CANONICAL_FORM,KEEP,N/A,STANDARDIZE_FOUNDATION,ALIGN_LABEL,INLINE_HELP_WHERE_VALUABLE,TOKENIZE_ONLY,DEFERRED_TO_WP17D,Canonical form anatomy + tokens,FOUNDATION_DEPENDENCY,frontend/src/pages/DispatchForgotPassword.jsx,WP17B platform surface inventory · form count,PENDING
FORM-016,dispatch,,form_surface,,page_body,PUBLIC,STANDARDIZE,native_form,WP17C_CANONICAL_FORM,KEEP,N/A,STANDARDIZE_FOUNDATION,ALIGN_LABEL,INLINE_HELP_WHERE_VALUABLE,TOKENIZE_ONLY,DEFERRED_TO_WP17D,Canonical form anatomy + tokens,FOUNDATION_DEPENDENCY,frontend/src/pages/DispatchLogin.jsx,WP17B platform surface inventory · form count,PENDING
FORM-017,dispatch,,form_surface,,page_body,PUBLIC,STANDARDIZE,native_form,WP17C_CANONICAL_FORM,KEEP,N/A,STANDARDIZE_FOUNDATION,ALIGN_LABEL,INLINE_HELP_WHERE_VALUABLE,TOKENIZE_ONLY,DEFERRED_TO_WP17D,Canonical form anatomy + tokens,FOUNDATION_DEPENDENCY,frontend/src/pages/DispatchResetPassword.jsx,WP17B platform surface inventory · form count,PENDING
FORM-018,public_shared,,form_surface,,page_body,PUBLIC,STANDARDIZE,native_form,WP17C_CANONICAL_FORM,KEEP,N/A,STANDARDIZE_FOUNDATION,ALIGN_LABEL,INLINE_HELP_WHERE_VALUABLE,TOKENIZE_ONLY,DEFERRED_TO_WP17D,Canonical form anatomy + tokens,FOUNDATION_DEPENDENCY,frontend/src/pages/DocumentExpirations.jsx,WP17B platform surface inventory · form count,PENDING
FORM-019,field_leadership,,form_surface,,page_body,PUBLIC,STANDARDIZE,native_form,WP17C_CANONICAL_FORM,KEEP,N/A,STANDARDIZE_FOUNDATION,ALIGN_LABEL,INLINE_HELP_WHERE_VALUABLE,TOKENIZE_ONLY,DEFERRED_TO_WP17D,Canonical form anatomy + tokens,FOUNDATION_DEPENDENCY,frontend/src/pages/FieldLeadershipPortalChangePassword.jsx,WP17B platform surface inventory · form count,PENDING
FORM-020,field_leadership,,form_surface,,page_body,PUBLIC,STANDARDIZE,native_form,WP17C_CANONICAL_FORM,KEEP,N/A,STANDARDIZE_FOUNDATION,ALIGN_LABEL,INLINE_HELP_WHERE_VALUABLE,TOKENIZE_ONLY,DEFERRED_TO_WP17D,Canonical form anatomy + tokens,FOUNDATION_DEPENDENCY,frontend/src/pages/FieldLeadershipPortalLogin.jsx,WP17B platform surface inventory · form count,PENDING
FORM-021,hr,,form_surface,,page_body,PUBLIC,STANDARDIZE,native_form,WP17C_CANONICAL_FORM,KEEP,N/A,STANDARDIZE_FOUNDATION,ALIGN_LABEL,INLINE_HELP_WHERE_VALUABLE,TOKENIZE_ONLY,DEFERRED_TO_WP17D,Canonical form anatomy + tokens,FOUNDATION_DEPENDENCY,frontend/src/pages/HrChangePassword.jsx,WP17B platform surface inventory · form count,PENDING
FORM-022,hr,,form_surface,,page_body,PUBLIC,STANDARDIZE,native_form,WP17C_CANONICAL_FORM,KEEP,N/A,STANDARDIZE_FOUNDATION,ALIGN_LABEL,INLINE_HELP_WHERE_VALUABLE,TOKENIZE_ONLY,DEFERRED_TO_WP17D,Canonical form anatomy + tokens,FOUNDATION_DEPENDENCY,frontend/src/pages/HrDailyReports.jsx,WP17B platform surface inventory · form count,PENDING
FORM-023,hr,,form_surface,,page_body,PUBLIC,STANDARDIZE,native_form,WP17C_CANONICAL_FORM,KEEP,N/A,STANDARDIZE_FOUNDATION,ALIGN_LABEL,INLINE_HELP_WHERE_VALUABLE,TOKENIZE_ONLY,DEFERRED_TO_WP17D,Canonical form anatomy + tokens,FOUNDATION_DEPENDENCY,frontend/src/pages/HrEmployeeAccountability.jsx,WP17B platform surface inventory · form count,PENDING
FORM-024,hr,,form_surface,,page_body,PUBLIC,STANDARDIZE,native_form,WP17C_CANONICAL_FORM,KEEP,N/A,STANDARDIZE_FOUNDATION,ALIGN_LABEL,INLINE_HELP_WHERE_VALUABLE,TOKENIZE_ONLY,DEFERRED_TO_WP17D,Canonical form anatomy + tokens,FOUNDATION_DEPENDENCY,frontend/src/pages/HrEmployees.jsx,WP17B platform surface inventory · form count,PENDING
FORM-025,hr,,form_surface,,page_body,PUBLIC,STANDARDIZE,native_form,WP17C_CANONICAL_FORM,KEEP,N/A,STANDARDIZE_FOUNDATION,ALIGN_LABEL,INLINE_HELP_WHERE_VALUABLE,TOKENIZE_ONLY,DEFERRED_TO_WP17D,Canonical form anatomy + tokens,FOUNDATION_DEPENDENCY,frontend/src/pages/HrHubV2.jsx,WP17B platform surface inventory · form count,PENDING
FORM-026,hr,,form_surface,,page_body,PUBLIC,STANDARDIZE,native_form,WP17C_CANONICAL_FORM,KEEP,N/A,STANDARDIZE_FOUNDATION,ALIGN_LABEL,INLINE_HELP_WHERE_VALUABLE,TOKENIZE_ONLY,DEFERRED_TO_WP17D,Canonical form anatomy + tokens,FOUNDATION_DEPENDENCY,frontend/src/pages/HrLogin.jsx,WP17B platform surface inventory · form count,PENDING
FORM-027,hr,,form_surface,,page_body,PUBLIC,STANDARDIZE,native_form,WP17C_CANONICAL_FORM,KEEP,N/A,STANDARDIZE_FOUNDATION,ALIGN_LABEL,INLINE_HELP_WHERE_VALUABLE,TOKENIZE_ONLY,DEFERRED_TO_WP17D,Canonical form anatomy + tokens,FOUNDATION_DEPENDENCY,frontend/src/pages/HrResetPassword.jsx,WP17B platform surface inventory · form count,PENDING
FORM-028,public_shared,,form_surface,,page_body,PUBLIC,STANDARDIZE,native_form,WP17C_CANONICAL_FORM,KEEP,N/A,STANDARDIZE_FOUNDATION,ALIGN_LABEL,INLINE_HELP_WHERE_VALUABLE,TOKENIZE_ONLY,DEFERRED_TO_WP17D,Canonical form anatomy + tokens,FOUNDATION_DEPENDENCY,frontend/src/pages/NearMissKiosk.jsx,WP17B platform surface inventory · form count,PENDING
FORM-029,public_shared,,form_surface,,page_body,PUBLIC,STANDARDIZE,native_form,WP17C_CANONICAL_FORM,KEEP,N/A,STANDARDIZE_FOUNDATION,ALIGN_LABEL,INLINE_HELP_WHERE_VALUABLE,TOKENIZE_ONLY,DEFERRED_TO_WP17D,Canonical form anatomy + tokens,FOUNDATION_DEPENDENCY,frontend/src/pages/NewConstraint.jsx,WP17B platform surface inventory · form count,PENDING
FORM-030,public_shared,,form_surface,,page_body,PUBLIC,STANDARDIZE,native_form,WP17C_CANONICAL_FORM,KEEP,N/A,STANDARDIZE_FOUNDATION,ALIGN_LABEL,INLINE_HELP_WHERE_VALUABLE,TOKENIZE_ONLY,DEFERRED_TO_WP17D,Canonical form anatomy + tokens,FOUNDATION_DEPENDENCY,frontend/src/pages/NewQaqcInspection.jsx,WP17B platform surface inventory · form count,PENDING
FORM-031,safety,,form_surface,,page_body,PUBLIC,STANDARDIZE,native_form,WP17C_CANONICAL_FORM,KEEP,N/A,STANDARDIZE_FOUNDATION,ALIGN_LABEL,INLINE_HELP_WHERE_VALUABLE,TOKENIZE_ONLY,DEFERRED_TO_WP17D,Canonical form anatomy + tokens,FOUNDATION_DEPENDENCY,frontend/src/pages/NewSafetyEquipmentIssuance.jsx,WP17B platform surface inventory · form count,PENDING
FORM-032,safety,,form_surface,,page_body,PUBLIC,STANDARDIZE,native_form,WP17C_CANONICAL_FORM,KEEP,N/A,STANDARDIZE_FOUNDATION,ALIGN_LABEL,INLINE_HELP_WHERE_VALUABLE,TOKENIZE_ONLY,DEFERRED_TO_WP17D,Canonical form anatomy + tokens,FOUNDATION_DEPENDENCY,frontend/src/pages/NewSafetyEquipmentTraining.jsx,WP17B platform surface inventory · form count,PENDING
FORM-033,public_shared,,form_surface,,page_body,PUBLIC,STANDARDIZE,native_form,WP17C_CANONICAL_FORM,KEEP,N/A,STANDARDIZE_FOUNDATION,ALIGN_LABEL,INLINE_HELP_WHERE_VALUABLE,TOKENIZE_ONLY,DEFERRED_TO_WP17D,Canonical form anatomy + tokens,FOUNDATION_DEPENDENCY,frontend/src/pages/PmChangePassword.jsx,WP17B platform surface inventory · form count,PENDING
FORM-034,public_shared,,form_surface,,page_body,PUBLIC,STANDARDIZE,native_form,WP17C_CANONICAL_FORM,KEEP,N/A,STANDARDIZE_FOUNDATION,ALIGN_LABEL,INLINE_HELP_WHERE_VALUABLE,TOKENIZE_ONLY,DEFERRED_TO_WP17D,Canonical form anatomy + tokens,FOUNDATION_DEPENDENCY,frontend/src/pages/PmLogin.jsx,WP17B platform surface inventory · form count,PENDING
FORM-035,public_shared,,form_surface,,page_body,PUBLIC,STANDARDIZE,native_form,WP17C_CANONICAL_FORM,KEEP,N/A,STANDARDIZE_FOUNDATION,ALIGN_LABEL,INLINE_HELP_WHERE_VALUABLE,TOKENIZE_ONLY,DEFERRED_TO_WP17D,Canonical form anatomy + tokens,FOUNDATION_DEPENDENCY,frontend/src/pages/PmResetPassword.jsx,WP17B platform surface inventory · form count,PENDING
FORM-036,public_shared,,form_surface,,page_body,PUBLIC,STANDARDIZE,native_form,WP17C_CANONICAL_FORM,KEEP,N/A,STANDARDIZE_FOUNDATION,ALIGN_LABEL,INLINE_HELP_WHERE_VALUABLE,TOKENIZE_ONLY,DEFERRED_TO_WP17D,Canonical form anatomy + tokens,FOUNDATION_DEPENDENCY,frontend/src/pages/PoRequests.jsx,WP17B platform surface inventory · form count,PENDING
FORM-037,public_shared,,form_surface,,page_body,PUBLIC,STANDARDIZE,native_form,WP17C_CANONICAL_FORM,KEEP,N/A,STANDARDIZE_FOUNDATION,ALIGN_LABEL,INLINE_HELP_WHERE_VALUABLE,TOKENIZE_ONLY,DEFERRED_TO_WP17D,Canonical form anatomy + tokens,FOUNDATION_DEPENDENCY,frontend/src/pages/PoRequests.jsx,WP17B platform surface inventory · form count,PENDING
FORM-038,public_shared,,form_surface,,page_body,PUBLIC,STANDARDIZE,native_form,WP17C_CANONICAL_FORM,KEEP,N/A,STANDARDIZE_FOUNDATION,ALIGN_LABEL,INLINE_HELP_WHERE_VALUABLE,TOKENIZE_ONLY,DEFERRED_TO_WP17D,Canonical form anatomy + tokens,FOUNDATION_DEPENDENCY,frontend/src/pages/ReturnEquipment.jsx,WP17B platform surface inventory · form count,PENDING
FORM-039,public_shared,,form_surface,,page_body,PUBLIC,STANDARDIZE,native_form,WP17C_CANONICAL_FORM,KEEP,N/A,STANDARDIZE_FOUNDATION,ALIGN_LABEL,INLINE_HELP_WHERE_VALUABLE,TOKENIZE_ONLY,DEFERRED_TO_WP17D,Canonical form anatomy + tokens,FOUNDATION_DEPENDENCY,frontend/src/pages/Revise.jsx,WP17B platform surface inventory · form count,PENDING
FORM-040,safety,,form_surface,,page_body,PUBLIC,STANDARDIZE,native_form,WP17C_CANONICAL_FORM,KEEP,N/A,STANDARDIZE_FOUNDATION,ALIGN_LABEL,INLINE_HELP_WHERE_VALUABLE,TOKENIZE_ONLY,DEFERRED_TO_WP17D,Canonical form anatomy + tokens,FOUNDATION_DEPENDENCY,frontend/src/pages/SafetyChangePassword.jsx,WP17B platform surface inventory · form count,PENDING
FORM-041,safety,,form_surface,,page_body,PUBLIC,STANDARDIZE,native_form,WP17C_CANONICAL_FORM,KEEP,N/A,STANDARDIZE_FOUNDATION,ALIGN_LABEL,INLINE_HELP_WHERE_VALUABLE,TOKENIZE_ONLY,DEFERRED_TO_WP17D,Canonical form anatomy + tokens,FOUNDATION_DEPENDENCY,frontend/src/pages/SafetyForgotPassword.jsx,WP17B platform surface inventory · form count,PENDING
FORM-042,safety,,form_surface,,page_body,PUBLIC,STANDARDIZE,native_form,WP17C_CANONICAL_FORM,KEEP,N/A,STANDARDIZE_FOUNDATION,ALIGN_LABEL,INLINE_HELP_WHERE_VALUABLE,TOKENIZE_ONLY,DEFERRED_TO_WP17D,Canonical form anatomy + tokens,FOUNDATION_DEPENDENCY,frontend/src/pages/SafetyFormsLogin.jsx,WP17B platform surface inventory · form count,PENDING
FORM-043,safety,,form_surface,,page_body,PUBLIC,STANDARDIZE,native_form,WP17C_CANONICAL_FORM,KEEP,N/A,STANDARDIZE_FOUNDATION,ALIGN_LABEL,INLINE_HELP_WHERE_VALUABLE,TOKENIZE_ONLY,DEFERRED_TO_WP17D,Canonical form anatomy + tokens,FOUNDATION_DEPENDENCY,frontend/src/pages/SafetyLogin.jsx,WP17B platform surface inventory · form count,PENDING
FORM-044,safety,,form_surface,,page_body,PUBLIC,STANDARDIZE,native_form,WP17C_CANONICAL_FORM,KEEP,N/A,STANDARDIZE_FOUNDATION,ALIGN_LABEL,INLINE_HELP_WHERE_VALUABLE,TOKENIZE_ONLY,DEFERRED_TO_WP17D,Canonical form anatomy + tokens,FOUNDATION_DEPENDENCY,frontend/src/pages/SafetyResetPassword.jsx,WP17B platform surface inventory · form count,PENDING
FORM-045,shop,,form_surface,,page_body,PUBLIC,STANDARDIZE,native_form,WP17C_CANONICAL_FORM,KEEP,N/A,STANDARDIZE_FOUNDATION,ALIGN_LABEL,INLINE_HELP_WHERE_VALUABLE,TOKENIZE_ONLY,DEFERRED_TO_WP17D,Canonical form anatomy + tokens,FOUNDATION_DEPENDENCY,frontend/src/pages/ShopChangePassword.jsx,WP17B platform surface inventory · form count,PENDING
FORM-046,shop,,form_surface,,page_body,PUBLIC,STANDARDIZE,native_form,WP17C_CANONICAL_FORM,KEEP,N/A,STANDARDIZE_FOUNDATION,ALIGN_LABEL,INLINE_HELP_WHERE_VALUABLE,TOKENIZE_ONLY,DEFERRED_TO_WP17D,Canonical form anatomy + tokens,FOUNDATION_DEPENDENCY,frontend/src/pages/ShopLogin.jsx,WP17B platform surface inventory · form count,PENDING
FORM-047,shop,,form_surface,,page_body,PUBLIC,STANDARDIZE,native_form,WP17C_CANONICAL_FORM,KEEP,N/A,STANDARDIZE_FOUNDATION,ALIGN_LABEL,INLINE_HELP_WHERE_VALUABLE,TOKENIZE_ONLY,DEFERRED_TO_WP17D,Canonical form anatomy + tokens,FOUNDATION_DEPENDENCY,frontend/src/pages/ShopResetPassword.jsx,WP17B platform surface inventory · form count,PENDING
FORM-048,public_shared,,form_surface,,page_body,PUBLIC,STANDARDIZE,native_form,WP17C_CANONICAL_FORM,KEEP,N/A,STANDARDIZE_FOUNDATION,ALIGN_LABEL,INLINE_HELP_WHERE_VALUABLE,TOKENIZE_ONLY,DEFERRED_TO_WP17D,Canonical form anatomy + tokens,FOUNDATION_DEPENDENCY,frontend/src/pages/SignIn.jsx,WP17B platform surface inventory · form count,PENDING
FORM-049,public_shared,,form_surface,,page_body,PUBLIC,STANDARDIZE,native_form,WP17C_CANONICAL_FORM,KEEP,N/A,STANDARDIZE_FOUNDATION,ALIGN_LABEL,INLINE_HELP_WHERE_VALUABLE,TOKENIZE_ONLY,DEFERRED_TO_WP17D,Canonical form anatomy + tokens,FOUNDATION_DEPENDENCY,frontend/src/pages/SignIn.jsx,WP17B platform surface inventory · form count,PENDING
FORM-050,admin,,form_surface,,page_body,PUBLIC,STANDARDIZE,native_form,WP17C_CANONICAL_FORM,KEEP,N/A,STANDARDIZE_FOUNDATION,ALIGN_LABEL,INLINE_HELP_WHERE_VALUABLE,TOKENIZE_ONLY,DEFERRED_TO_WP17D,Canonical form anatomy + tokens,FOUNDATION_DEPENDENCY,frontend/src/pages/admin/AdminCostRegistry.jsx,WP17B platform surface inventory · form count,PENDING
FORM-051,admin,,form_surface,,page_body,PUBLIC,STANDARDIZE,native_form,WP17C_CANONICAL_FORM,KEEP,N/A,STANDARDIZE_FOUNDATION,ALIGN_LABEL,INLINE_HELP_WHERE_VALUABLE,TOKENIZE_ONLY,DEFERRED_TO_WP17D,Canonical form anatomy + tokens,FOUNDATION_DEPENDENCY,frontend/src/pages/admin/AdminOperationalIntelligenceRecipients.jsx,WP17B platform surface inventory · form count,PENDING
FORM-052,admin,,form_surface,,page_body,PUBLIC,STANDARDIZE,native_form,WP17C_CANONICAL_FORM,KEEP,N/A,STANDARDIZE_FOUNDATION,ALIGN_LABEL,INLINE_HELP_WHERE_VALUABLE,TOKENIZE_ONLY,DEFERRED_TO_WP17D,Canonical form anatomy + tokens,FOUNDATION_DEPENDENCY,frontend/src/pages/admin/AdminPromoAssets.jsx,WP17B platform surface inventory · form count,PENDING
FORM-053,admin,,form_surface,,page_body,PUBLIC,STANDARDIZE,native_form,WP17C_CANONICAL_FORM,KEEP,N/A,STANDARDIZE_FOUNDATION,ALIGN_LABEL,INLINE_HELP_WHERE_VALUABLE,TOKENIZE_ONLY,DEFERRED_TO_WP17D,Canonical form anatomy + tokens,FOUNDATION_DEPENDENCY,frontend/src/pages/admin/AdminPromoAssets.jsx,WP17B platform surface inventory · form count,PENDING
FORM-054,public_shared,,form_surface,,page_body,PUBLIC,STANDARDIZE,native_form,WP17C_CANONICAL_FORM,KEEP,N/A,STANDARDIZE_FOUNDATION,ALIGN_LABEL,INLINE_HELP_WHERE_VALUABLE,TOKENIZE_ONLY,DEFERRED_TO_WP17D,Canonical form anatomy + tokens,FOUNDATION_DEPENDENCY,frontend/src/pages/driver/ShiftStart.jsx,WP17B platform surface inventory · form count,PENDING
FORM-055,public_shared,,form_surface,,page_body,PUBLIC,STANDARDIZE,native_form,WP17C_CANONICAL_FORM,KEEP,N/A,STANDARDIZE_FOUNDATION,ALIGN_LABEL,INLINE_HELP_WHERE_VALUABLE,TOKENIZE_ONLY,DEFERRED_TO_WP17D,Canonical form anatomy + tokens,FOUNDATION_DEPENDENCY,frontend/src/pages/operations_actions/OperationsActionNew.jsx,WP17B platform surface inventory · form count,PENDING
FORM-056,public_shared,,form_surface,,page_body,PUBLIC,STANDARDIZE,native_form,WP17C_CANONICAL_FORM,KEEP,N/A,STANDARDIZE_FOUNDATION,ALIGN_LABEL,INLINE_HELP_WHERE_VALUABLE,TOKENIZE_ONLY,DEFERRED_TO_WP17D,Canonical form anatomy + tokens,FOUNDATION_DEPENDENCY,frontend/src/pages/shop/FuelLubeVisitForm.jsx,WP17B platform surface inventory · form count,PENDING
FORM-057,public_shared,,form_surface,,page_body,PUBLIC,STANDARDIZE,native_form,WP17C_CANONICAL_FORM,KEEP,N/A,STANDARDIZE_FOUNDATION,ALIGN_LABEL,INLINE_HELP_WHERE_VALUABLE,TOKENIZE_ONLY,DEFERRED_TO_WP17D,Canonical form anatomy + tokens,FOUNDATION_DEPENDENCY,frontend/src/pages/shop/PmSchedules.jsx,WP17B platform surface inventory · form count,PENDING
FORM-058,public_shared,,form_surface,,page_body,PUBLIC,STANDARDIZE,native_form,WP17C_CANONICAL_FORM,KEEP,N/A,STANDARDIZE_FOUNDATION,ALIGN_LABEL,INLINE_HELP_WHERE_VALUABLE,TOKENIZE_ONLY,DEFERRED_TO_WP17D,Canonical form anatomy + tokens,FOUNDATION_DEPENDENCY,frontend/src/pages/shop/PmTemplates.jsx,WP17B platform surface inventory · form count,PENDING
FORM-059,public_shared,,form_surface,,page_body,PUBLIC,STANDARDIZE,native_form,WP17C_CANONICAL_FORM,KEEP,N/A,STANDARDIZE_FOUNDATION,ALIGN_LABEL,INLINE_HELP_WHERE_VALUABLE,TOKENIZE_ONLY,DEFERRED_TO_WP17D,Canonical form anatomy + tokens,FOUNDATION_DEPENDENCY,frontend/src/pages/shop/PmWorkOrders.jsx,WP17B platform surface inventory · form count,PENDING
FORM-060,public_shared,,form_surface,,page_body,PUBLIC,STANDARDIZE,native_form,WP17C_CANONICAL_FORM,KEEP,N/A,STANDARDIZE_FOUNDATION,ALIGN_LABEL,INLINE_HELP_WHERE_VALUABLE,TOKENIZE_ONLY,DEFERRED_TO_WP17D,Canonical form anatomy + tokens,FOUNDATION_DEPENDENCY,frontend/src/pages/shop/PmWorkOrders.jsx,WP17B platform surface inventory · form count,PENDING
FORM-061,public_shared,,form_surface,,page_body,PUBLIC,STANDARDIZE,native_form,WP17C_CANONICAL_FORM,KEEP,N/A,STANDARDIZE_FOUNDATION,ALIGN_LABEL,INLINE_HELP_WHERE_VALUABLE,TOKENIZE_ONLY,DEFERRED_TO_WP17D,Canonical form anatomy + tokens,FOUNDATION_DEPENDENCY,frontend/src/pages/shop/PmWorkOrders.jsx,WP17B platform surface inventory · form count,PENDING
FORM-062,public_shared,,form_surface,,page_body,PUBLIC,STANDARDIZE,native_form,WP17C_CANONICAL_FORM,KEEP,N/A,STANDARDIZE_FOUNDATION,ALIGN_LABEL,INLINE_HELP_WHERE_VALUABLE,TOKENIZE_ONLY,DEFERRED_TO_WP17D,Canonical form anatomy + tokens,FOUNDATION_DEPENDENCY,frontend/src/pages/shop/UnitHistoryLanding.jsx,WP17B platform surface inventory · form count,PENDING
FORM-063,public_shared,,form_surface,,page_body,PUBLIC,STANDARDIZE,native_form,WP17C_CANONICAL_FORM,KEEP,N/A,STANDARDIZE_FOUNDATION,ALIGN_LABEL,INLINE_HELP_WHERE_VALUABLE,TOKENIZE_ONLY,DEFERRED_TO_WP17D,Canonical form anatomy + tokens,FOUNDATION_DEPENDENCY,frontend/src/pages/trench_safety/PublicAssetLookup.jsx,WP17B platform surface inventory · form count,PENDING
FORM-064,public_shared,,form_surface,,page_body,PUBLIC,STANDARDIZE,native_form,WP17C_CANONICAL_FORM,KEEP,N/A,STANDARDIZE_FOUNDATION,ALIGN_LABEL,INLINE_HELP_WHERE_VALUABLE,TOKENIZE_ONLY,DEFERRED_TO_WP17D,Canonical form anatomy + tokens,FOUNDATION_DEPENDENCY,frontend/src/pages/trench_safety/PublicReportModal.jsx,WP17B platform surface inventory · form count,PENDING
FORM-065,safety,,form_surface,,page_body,PUBLIC,STANDARDIZE,native_form,WP17C_CANONICAL_FORM,KEEP,N/A,STANDARDIZE_FOUNDATION,ALIGN_LABEL,INLINE_HELP_WHERE_VALUABLE,TOKENIZE_ONLY,DEFERRED_TO_WP17D,Canonical form anatomy + tokens,FOUNDATION_DEPENDENCY,frontend/src/pages/trench_safety/TrenchSafetyAssignDialogs.jsx,WP17B platform surface inventory · form count,PENDING
FORM-066,safety,,form_surface,,page_body,PUBLIC,STANDARDIZE,native_form,WP17C_CANONICAL_FORM,KEEP,N/A,STANDARDIZE_FOUNDATION,ALIGN_LABEL,INLINE_HELP_WHERE_VALUABLE,TOKENIZE_ONLY,DEFERRED_TO_WP17D,Canonical form anatomy + tokens,FOUNDATION_DEPENDENCY,frontend/src/pages/trench_safety/TrenchSafetyAssignDialogs.jsx,WP17B platform surface inventory · form count,PENDING
TABLE-001,admin,,table_surface,,page_body,PUBLIC,STANDARDIZE,native_table,WP17C_CANONICAL_TABLE,KEEP,N/A,STANDARDIZE_FOUNDATION,ALIGN_LABEL,OPTIONAL_INLINE_HELP,TOKENIZE_ONLY,DEFERRED_TO_WP17D,Canonical table anatomy + tokens,FOUNDATION_DEPENDENCY,frontend/src/components/AdminAccessControlPanel.jsx,WP17B platform surface inventory · table count,PENDING
TABLE-002,admin,,table_surface,,page_body,PUBLIC,STANDARDIZE,native_table,WP17C_CANONICAL_TABLE,KEEP,N/A,STANDARDIZE_FOUNDATION,ALIGN_LABEL,OPTIONAL_INLINE_HELP,TOKENIZE_ONLY,DEFERRED_TO_WP17D,Canonical table anatomy + tokens,FOUNDATION_DEPENDENCY,frontend/src/components/AdminDispatchUsersPanel.jsx,WP17B platform surface inventory · table count,PENDING
TABLE-003,admin,,table_surface,,page_body,PUBLIC,STANDARDIZE,native_table,WP17C_CANONICAL_TABLE,KEEP,N/A,STANDARDIZE_FOUNDATION,ALIGN_LABEL,OPTIONAL_INLINE_HELP,TOKENIZE_ONLY,DEFERRED_TO_WP17D,Canonical table anatomy + tokens,FOUNDATION_DEPENDENCY,frontend/src/components/AdminFieldLeadershipUsersPanel.jsx,WP17B platform surface inventory · table count,PENDING
TABLE-004,admin,,table_surface,,page_body,PUBLIC,STANDARDIZE,native_table,WP17C_CANONICAL_TABLE,KEEP,N/A,STANDARDIZE_FOUNDATION,ALIGN_LABEL,OPTIONAL_INLINE_HELP,TOKENIZE_ONLY,DEFERRED_TO_WP17D,Canonical table anatomy + tokens,FOUNDATION_DEPENDENCY,frontend/src/components/AdminHRUsersPanel.jsx,WP17B platform surface inventory · table count,PENDING
TABLE-005,admin,,table_surface,,page_body,PUBLIC,STANDARDIZE,native_table,WP17C_CANONICAL_TABLE,KEEP,N/A,STANDARDIZE_FOUNDATION,ALIGN_LABEL,OPTIONAL_INLINE_HELP,TOKENIZE_ONLY,DEFERRED_TO_WP17D,Canonical table anatomy + tokens,FOUNDATION_DEPENDENCY,frontend/src/components/AdminJobMasterPanel.jsx,WP17B platform surface inventory · table count,PENDING
TABLE-006,admin,,table_surface,,page_body,PUBLIC,STANDARDIZE,native_table,WP17C_CANONICAL_TABLE,KEEP,N/A,STANDARDIZE_FOUNDATION,ALIGN_LABEL,OPTIONAL_INLINE_HELP,TOKENIZE_ONLY,DEFERRED_TO_WP17D,Canonical table anatomy + tokens,FOUNDATION_DEPENDENCY,frontend/src/components/AdminJobMasterPanel.jsx,WP17B platform surface inventory · table count,PENDING
TABLE-007,admin,,table_surface,,page_body,PUBLIC,STANDARDIZE,native_table,WP17C_CANONICAL_TABLE,KEEP,N/A,STANDARDIZE_FOUNDATION,ALIGN_LABEL,OPTIONAL_INLINE_HELP,TOKENIZE_ONLY,DEFERRED_TO_WP17D,Canonical table anatomy + tokens,FOUNDATION_DEPENDENCY,frontend/src/components/AdminPMPanel.jsx,WP17B platform surface inventory · table count,PENDING
TABLE-008,admin,,table_surface,,page_body,PUBLIC,STANDARDIZE,native_table,WP17C_CANONICAL_TABLE,KEEP,N/A,STANDARDIZE_FOUNDATION,ALIGN_LABEL,OPTIONAL_INLINE_HELP,TOKENIZE_ONLY,DEFERRED_TO_WP17D,Canonical table anatomy + tokens,FOUNDATION_DEPENDENCY,frontend/src/components/AdminSafetyUsersPanel.jsx,WP17B platform surface inventory · table count,PENDING
TABLE-009,admin,,table_surface,,page_body,PUBLIC,STANDARDIZE,native_table,WP17C_CANONICAL_TABLE,KEEP,N/A,STANDARDIZE_FOUNDATION,ALIGN_LABEL,OPTIONAL_INLINE_HELP,TOKENIZE_ONLY,DEFERRED_TO_WP17D,Canonical table anatomy + tokens,FOUNDATION_DEPENDENCY,frontend/src/components/AdminShopUsersPanel.jsx,WP17B platform surface inventory · table count,PENDING
TABLE-010,admin,,table_surface,,page_body,PUBLIC,STANDARDIZE,native_table,WP17C_CANONICAL_TABLE,KEEP,N/A,STANDARDIZE_FOUNDATION,ALIGN_LABEL,OPTIONAL_INLINE_HELP,TOKENIZE_ONLY,DEFERRED_TO_WP17D,Canonical table anatomy + tokens,FOUNDATION_DEPENDENCY,frontend/src/components/AdminSignatureMigrationPanel.jsx,WP17B platform surface inventory · table count,PENDING
TABLE-011,admin,,table_surface,,page_body,PUBLIC,STANDARDIZE,native_table,WP17C_CANONICAL_TABLE,KEEP,N/A,STANDARDIZE_FOUNDATION,ALIGN_LABEL,OPTIONAL_INLINE_HELP,TOKENIZE_ONLY,DEFERRED_TO_WP17D,Canonical table anatomy + tokens,FOUNDATION_DEPENDENCY,frontend/src/components/AdminUnifiedDirectoryPanel.jsx,WP17B platform surface inventory · table count,PENDING
TABLE-012,public_shared,,table_surface,,page_body,PUBLIC,STANDARDIZE,native_table,WP17C_CANONICAL_TABLE,KEEP,N/A,STANDARDIZE_FOUNDATION,ALIGN_LABEL,OPTIONAL_INLINE_HELP,TOKENIZE_ONLY,DEFERRED_TO_WP17D,Canonical table anatomy + tokens,FOUNDATION_DEPENDENCY,frontend/src/components/BilingualAdoptionCard.jsx,WP17B platform surface inventory · table count,PENDING
TABLE-013,public_shared,,table_surface,,page_body,PUBLIC,STANDARDIZE,native_table,WP17C_CANONICAL_TABLE,KEEP,N/A,STANDARDIZE_FOUNDATION,ALIGN_LABEL,OPTIONAL_INLINE_HELP,TOKENIZE_ONLY,DEFERRED_TO_WP17D,Canonical table anatomy + tokens,FOUNDATION_DEPENDENCY,frontend/src/components/CalculatorUsageCard.jsx,WP17B platform surface inventory · table count,PENDING
TABLE-014,public_shared,,table_surface,,page_body,PUBLIC,STANDARDIZE,native_table,WP17C_CANONICAL_TABLE,KEEP,N/A,STANDARDIZE_FOUNDATION,ALIGN_LABEL,OPTIONAL_INLINE_HELP,TOKENIZE_ONLY,DEFERRED_TO_WP17D,Canonical table anatomy + tokens,FOUNDATION_DEPENDENCY,frontend/src/components/DateAuditPanel.jsx,WP17B platform surface inventory · table count,PENDING
TABLE-015,public_shared,,table_surface,,page_body,PUBLIC,STANDARDIZE,native_table,WP17C_CANONICAL_TABLE,KEEP,N/A,STANDARDIZE_FOUNDATION,ALIGN_LABEL,OPTIONAL_INLINE_HELP,TOKENIZE_ONLY,DEFERRED_TO_WP17D,Canonical table anatomy + tokens,FOUNDATION_DEPENDENCY,frontend/src/components/DateAuditPanel.jsx,WP17B platform surface inventory · table count,PENDING
TABLE-016,dispatch,,table_surface,,page_body,PUBLIC,STANDARDIZE,native_table,WP17C_CANONICAL_TABLE,KEEP,N/A,STANDARDIZE_FOUNDATION,ALIGN_LABEL,OPTIONAL_INLINE_HELP,TOKENIZE_ONLY,DEFERRED_TO_WP17D,Canonical table anatomy + tokens,FOUNDATION_DEPENDENCY,frontend/src/components/DispatchIntegrationsTab.jsx,WP17B platform surface inventory · table count,PENDING
TABLE-017,public_shared,,table_surface,,page_body,PUBLIC,STANDARDIZE,native_table,WP17C_CANONICAL_TABLE,KEEP,N/A,STANDARDIZE_FOUNDATION,ALIGN_LABEL,OPTIONAL_INLINE_HELP,TOKENIZE_ONLY,DEFERRED_TO_WP17D,Canonical table anatomy + tokens,FOUNDATION_DEPENDENCY,frontend/src/components/DrV2ApprovedReportsPanel.jsx,WP17B platform surface inventory · table count,PENDING
TABLE-018,public_shared,,table_surface,,page_body,PUBLIC,STANDARDIZE,native_table,WP17C_CANONICAL_TABLE,KEEP,N/A,STANDARDIZE_FOUNDATION,ALIGN_LABEL,OPTIONAL_INLINE_HELP,TOKENIZE_ONLY,DEFERRED_TO_WP17D,Canonical table anatomy + tokens,FOUNDATION_DEPENDENCY,frontend/src/components/DriverQualificationReadOnlyView.jsx,WP17B platform surface inventory · table count,PENDING
TABLE-019,public_shared,,table_surface,,page_body,PUBLIC,STANDARDIZE,native_table,WP17C_CANONICAL_TABLE,KEEP,N/A,STANDARDIZE_FOUNDATION,ALIGN_LABEL,OPTIONAL_INLINE_HELP,TOKENIZE_ONLY,DEFERRED_TO_WP17D,Canonical table anatomy + tokens,FOUNDATION_DEPENDENCY,frontend/src/components/EmailRoutingV2Panel.jsx,WP17B platform surface inventory · table count,PENDING
TABLE-020,public_shared,,table_surface,,page_body,PUBLIC,STANDARDIZE,native_table,WP17C_CANONICAL_TABLE,KEEP,N/A,STANDARDIZE_FOUNDATION,ALIGN_LABEL,OPTIONAL_INLINE_HELP,TOKENIZE_ONLY,DEFERRED_TO_WP17D,Canonical table anatomy + tokens,FOUNDATION_DEPENDENCY,frontend/src/components/EquipmentMasterPanel.jsx,WP17B platform surface inventory · table count,PENDING
TABLE-021,public_shared,,table_surface,,page_body,PUBLIC,STANDARDIZE,native_table,WP17C_CANONICAL_TABLE,KEEP,N/A,STANDARDIZE_FOUNDATION,ALIGN_LABEL,OPTIONAL_INLINE_HELP,TOKENIZE_ONLY,DEFERRED_TO_WP17D,Canonical table anatomy + tokens,FOUNDATION_DEPENDENCY,frontend/src/components/EquipmentMasterPanel.jsx,WP17B platform surface inventory · table count,PENDING
TABLE-022,public_shared,,table_surface,,page_body,PUBLIC,STANDARDIZE,native_table,WP17C_CANONICAL_TABLE,KEEP,N/A,STANDARDIZE_FOUNDATION,ALIGN_LABEL,OPTIONAL_INLINE_HELP,TOKENIZE_ONLY,DEFERRED_TO_WP17D,Canonical table anatomy + tokens,FOUNDATION_DEPENDENCY,frontend/src/components/EquipmentTrendsPanel.jsx,WP17B platform surface inventory · table count,PENDING
TABLE-023,hr,,table_surface,,page_body,PUBLIC,STANDARDIZE,native_table,WP17C_CANONICAL_TABLE,KEEP,N/A,STANDARDIZE_FOUNDATION,ALIGN_LABEL,OPTIONAL_INLINE_HELP,TOKENIZE_ONLY,DEFERRED_TO_WP17D,Canonical table anatomy + tokens,FOUNDATION_DEPENDENCY,frontend/src/components/HrCompletenessTile.jsx,WP17B platform surface inventory · table count,PENDING
TABLE-024,public_shared,,table_surface,,page_body,PUBLIC,STANDARDIZE,native_table,WP17C_CANONICAL_TABLE,KEEP,N/A,STANDARDIZE_FOUNDATION,ALIGN_LABEL,OPTIONAL_INLINE_HELP,TOKENIZE_ONLY,DEFERRED_TO_WP17D,Canonical table anatomy + tokens,FOUNDATION_DEPENDENCY,frontend/src/components/JhaPlansPosterCard.jsx,WP17B platform surface inventory · table count,PENDING
TABLE-025,public_shared,,table_surface,,page_body,PUBLIC,STANDARDIZE,native_table,WP17C_CANONICAL_TABLE,KEEP,N/A,STANDARDIZE_FOUNDATION,ALIGN_LABEL,OPTIONAL_INLINE_HELP,TOKENIZE_ONLY,DEFERRED_TO_WP17D,Canonical table anatomy + tokens,FOUNDATION_DEPENDENCY,frontend/src/components/MasterListPanel.jsx,WP17B platform surface inventory · table count,PENDING
TABLE-026,public_shared,,table_surface,,page_body,PUBLIC,STANDARDIZE,native_table,WP17C_CANONICAL_TABLE,KEEP,N/A,STANDARDIZE_FOUNDATION,ALIGN_LABEL,OPTIONAL_INLINE_HELP,TOKENIZE_ONLY,DEFERRED_TO_WP17D,Canonical table anatomy + tokens,FOUNDATION_DEPENDENCY,frontend/src/components/MasterListPanel.jsx,WP17B platform surface inventory · table count,PENDING
TABLE-027,public_shared,,table_surface,,page_body,PUBLIC,STANDARDIZE,native_table,WP17C_CANONICAL_TABLE,KEEP,N/A,STANDARDIZE_FOUNDATION,ALIGN_LABEL,OPTIONAL_INLINE_HELP,TOKENIZE_ONLY,DEFERRED_TO_WP17D,Canonical table anatomy + tokens,FOUNDATION_DEPENDENCY,frontend/src/components/MaterialMovementTile.jsx,WP17B platform surface inventory · table count,PENDING
TABLE-028,public_shared,,table_surface,,page_body,PUBLIC,STANDARDIZE,native_table,WP17C_CANONICAL_TABLE,KEEP,N/A,STANDARDIZE_FOUNDATION,ALIGN_LABEL,OPTIONAL_INLINE_HELP,TOKENIZE_ONLY,DEFERRED_TO_WP17D,Canonical table anatomy + tokens,FOUNDATION_DEPENDENCY,frontend/src/components/MaterialMovementTile.jsx,WP17B platform surface inventory · table count,PENDING
TABLE-029,public_shared,,table_surface,,page_body,PUBLIC,STANDARDIZE,native_table,WP17C_CANONICAL_TABLE,KEEP,N/A,STANDARDIZE_FOUNDATION,ALIGN_LABEL,OPTIONAL_INLINE_HELP,TOKENIZE_ONLY,DEFERRED_TO_WP17D,Canonical table anatomy + tokens,FOUNDATION_DEPENDENCY,frontend/src/components/OpenItemsPanel.jsx,WP17B platform surface inventory · table count,PENDING
TABLE-030,public_shared,,table_surface,,page_body,PUBLIC,STANDARDIZE,native_table,WP17C_CANONICAL_TABLE,KEEP,N/A,STANDARDIZE_FOUNDATION,ALIGN_LABEL,OPTIONAL_INLINE_HELP,TOKENIZE_ONLY,DEFERRED_TO_WP17D,Canonical table anatomy + tokens,FOUNDATION_DEPENDENCY,frontend/src/components/OperationsTrustCenter.jsx,WP17B platform surface inventory · table count,PENDING
TABLE-031,public_shared,,table_surface,,page_body,PUBLIC,STANDARDIZE,native_table,WP17C_CANONICAL_TABLE,KEEP,N/A,STANDARDIZE_FOUNDATION,ALIGN_LABEL,OPTIONAL_INLINE_HELP,TOKENIZE_ONLY,DEFERRED_TO_WP17D,Canonical table anatomy + tokens,FOUNDATION_DEPENDENCY,frontend/src/components/OperationsTrustCenter.jsx,WP17B platform surface inventory · table count,PENDING
TABLE-032,public_shared,,table_surface,,page_body,PUBLIC,STANDARDIZE,native_table,WP17C_CANONICAL_TABLE,KEEP,N/A,STANDARDIZE_FOUNDATION,ALIGN_LABEL,OPTIONAL_INLINE_HELP,TOKENIZE_ONLY,DEFERRED_TO_WP17D,Canonical table anatomy + tokens,FOUNDATION_DEPENDENCY,frontend/src/components/PartsCatalog.jsx,WP17B platform surface inventory · table count,PENDING
TABLE-033,public_shared,,table_surface,,page_body,PUBLIC,STANDARDIZE,native_table,WP17C_CANONICAL_TABLE,KEEP,N/A,STANDARDIZE_FOUNDATION,ALIGN_LABEL,OPTIONAL_INLINE_HELP,TOKENIZE_ONLY,DEFERRED_TO_WP17D,Canonical table anatomy + tokens,FOUNDATION_DEPENDENCY,frontend/src/components/PlatformTrustDashboard.jsx,WP17B platform surface inventory · table count,PENDING
TABLE-034,public_shared,,table_surface,,page_body,PUBLIC,STANDARDIZE,native_table,WP17C_CANONICAL_TABLE,KEEP,N/A,STANDARDIZE_FOUNDATION,ALIGN_LABEL,OPTIONAL_INLINE_HELP,TOKENIZE_ONLY,DEFERRED_TO_WP17D,Canonical table anatomy + tokens,FOUNDATION_DEPENDENCY,frontend/src/components/PlatformTrustDashboard.jsx,WP17B platform surface inventory · table count,PENDING
TABLE-035,public_shared,,table_surface,,page_body,PUBLIC,STANDARDIZE,native_table,WP17C_CANONICAL_TABLE,KEEP,N/A,STANDARDIZE_FOUNDATION,ALIGN_LABEL,OPTIONAL_INLINE_HELP,TOKENIZE_ONLY,DEFERRED_TO_WP17D,Canonical table anatomy + tokens,FOUNDATION_DEPENDENCY,frontend/src/components/PlatformTrustValidator.jsx,WP17B platform surface inventory · table count,PENDING
TABLE-036,public_shared,,table_surface,,page_body,PUBLIC,STANDARDIZE,native_table,WP17C_CANONICAL_TABLE,KEEP,N/A,STANDARDIZE_FOUNDATION,ALIGN_LABEL,OPTIONAL_INLINE_HELP,TOKENIZE_ONLY,DEFERRED_TO_WP17D,Canonical table anatomy + tokens,FOUNDATION_DEPENDENCY,frontend/src/components/RoutingStatusPanel.jsx,WP17B platform surface inventory · table count,PENDING
TABLE-037,public_shared,,table_surface,,page_body,PUBLIC,STANDARDIZE,native_table,WP17C_CANONICAL_TABLE,KEEP,N/A,STANDARDIZE_FOUNDATION,ALIGN_LABEL,OPTIONAL_INLINE_HELP,TOKENIZE_ONLY,DEFERRED_TO_WP17D,Canonical table anatomy + tokens,FOUNDATION_DEPENDENCY,frontend/src/components/RoutingStatusPanel.jsx,WP17B platform surface inventory · table count,PENDING
TABLE-038,public_shared,,table_surface,,page_body,PUBLIC,STANDARDIZE,native_table,WP17C_CANONICAL_TABLE,KEEP,N/A,STANDARDIZE_FOUNDATION,ALIGN_LABEL,OPTIONAL_INLINE_HELP,TOKENIZE_ONLY,DEFERRED_TO_WP17D,Canonical table anatomy + tokens,FOUNDATION_DEPENDENCY,frontend/src/components/RoutingStatusPanel.jsx,WP17B platform surface inventory · table count,PENDING
TABLE-039,safety,,table_surface,,page_body,PUBLIC,STANDARDIZE,native_table,WP17C_CANONICAL_TABLE,KEEP,N/A,STANDARDIZE_FOUNDATION,ALIGN_LABEL,OPTIONAL_INLINE_HELP,TOKENIZE_ONLY,DEFERRED_TO_WP17D,Canonical table anatomy + tokens,FOUNDATION_DEPENDENCY,frontend/src/components/SafetyOperationalKpisCard.jsx,WP17B platform surface inventory · table count,PENDING
TABLE-040,safety,,table_surface,,page_body,PUBLIC,STANDARDIZE,native_table,WP17C_CANONICAL_TABLE,KEEP,N/A,STANDARDIZE_FOUNDATION,ALIGN_LABEL,OPTIONAL_INLINE_HELP,TOKENIZE_ONLY,DEFERRED_TO_WP17D,Canonical table anatomy + tokens,FOUNDATION_DEPENDENCY,frontend/src/components/SafetyTrenchIntelligenceCard.jsx,WP17B platform surface inventory · table count,PENDING
TABLE-041,safety,,table_surface,,page_body,PUBLIC,STANDARDIZE,native_table,WP17C_CANONICAL_TABLE,KEEP,N/A,STANDARDIZE_FOUNDATION,ALIGN_LABEL,OPTIONAL_INLINE_HELP,TOKENIZE_ONLY,DEFERRED_TO_WP17D,Canonical table anatomy + tokens,FOUNDATION_DEPENDENCY,frontend/src/components/SafetyTrenchIntelligenceCard.jsx,WP17B platform surface inventory · table count,PENDING
TABLE-042,public_shared,,table_surface,,page_body,PUBLIC,STANDARDIZE,native_table,WP17C_CANONICAL_TABLE,KEEP,N/A,STANDARDIZE_FOUNDATION,ALIGN_LABEL,OPTIONAL_INLINE_HELP,TOKENIZE_ONLY,DEFERRED_TO_WP17D,Canonical table anatomy + tokens,FOUNDATION_DEPENDENCY,frontend/src/components/admin/LocationIntelligencePanel.jsx,WP17B platform surface inventory · table count,PENDING
TABLE-043,public_shared,,table_surface,,page_body,PUBLIC,STANDARDIZE,native_table,WP17C_CANONICAL_TABLE,KEEP,N/A,STANDARDIZE_FOUNDATION,ALIGN_LABEL,OPTIONAL_INLINE_HELP,TOKENIZE_ONLY,DEFERRED_TO_WP17D,Canonical table anatomy + tokens,FOUNDATION_DEPENDENCY,frontend/src/components/admin/MaintainxDefectCoverageSection.jsx,WP17B platform surface inventory · table count,PENDING
TABLE-044,public_shared,,table_surface,,page_body,PUBLIC,STANDARDIZE,native_table,WP17C_CANONICAL_TABLE,KEEP,N/A,STANDARDIZE_FOUNDATION,ALIGN_LABEL,OPTIONAL_INLINE_HELP,TOKENIZE_ONLY,DEFERRED_TO_WP17D,Canonical table anatomy + tokens,FOUNDATION_DEPENDENCY,frontend/src/components/admin/MappingCleanupTab.jsx,WP17B platform surface inventory · table count,PENDING
TABLE-045,public_shared,,table_surface,,page_body,PUBLIC,STANDARDIZE,native_table,WP17C_CANONICAL_TABLE,KEEP,N/A,STANDARDIZE_FOUNDATION,ALIGN_LABEL,OPTIONAL_INLINE_HELP,TOKENIZE_ONLY,DEFERRED_TO_WP17D,Canonical table anatomy + tokens,FOUNDATION_DEPENDENCY,frontend/src/components/admin/MappingCleanupTab.jsx,WP17B platform surface inventory · table count,PENDING
TABLE-046,public_shared,,table_surface,,page_body,PUBLIC,STANDARDIZE,native_table,WP17C_CANONICAL_TABLE,KEEP,N/A,STANDARDIZE_FOUNDATION,ALIGN_LABEL,OPTIONAL_INLINE_HELP,TOKENIZE_ONLY,DEFERRED_TO_WP17D,Canonical table anatomy + tokens,FOUNDATION_DEPENDENCY,frontend/src/components/admin/R2LifecyclePanel.jsx,WP17B platform surface inventory · table count,PENDING
TABLE-047,public_shared,,table_surface,,page_body,PUBLIC,STANDARDIZE,native_table,WP17C_CANONICAL_TABLE,KEEP,N/A,STANDARDIZE_FOUNDATION,ALIGN_LABEL,OPTIONAL_INLINE_HELP,TOKENIZE_ONLY,DEFERRED_TO_WP17D,Canonical table anatomy + tokens,FOUNDATION_DEPENDENCY,frontend/src/components/admin/R2LifecyclePanel.jsx,WP17B platform surface inventory · table count,PENDING
TABLE-048,public_shared,,table_surface,,page_body,PUBLIC,STANDARDIZE,native_table,WP17C_CANONICAL_TABLE,KEEP,N/A,STANDARDIZE_FOUNDATION,ALIGN_LABEL,OPTIONAL_INLINE_HELP,TOKENIZE_ONLY,DEFERRED_TO_WP17D,Canonical table anatomy + tokens,FOUNDATION_DEPENDENCY,frontend/src/components/admin/operational-health/OperationalHealthDashboardShell.jsx,WP17B platform surface inventory · table count,PENDING
TABLE-049,public_shared,,table_surface,,page_body,PUBLIC,STANDARDIZE,native_table,WP17C_CANONICAL_TABLE,KEEP,N/A,STANDARDIZE_FOUNDATION,ALIGN_LABEL,OPTIONAL_INLINE_HELP,TOKENIZE_ONLY,DEFERRED_TO_WP17D,Canonical table anatomy + tokens,FOUNDATION_DEPENDENCY,frontend/src/components/admin/operational-health/OperationalHealthDashboardShell.jsx,WP17B platform surface inventory · table count,PENDING
TABLE-050,public_shared,,table_surface,,page_body,PUBLIC,STANDARDIZE,native_table,WP17C_CANONICAL_TABLE,KEEP,N/A,STANDARDIZE_FOUNDATION,ALIGN_LABEL,OPTIONAL_INLINE_HELP,TOKENIZE_ONLY,DEFERRED_TO_WP17D,Canonical table anatomy + tokens,FOUNDATION_DEPENDENCY,frontend/src/components/admin/trust/DomainLandingShell.jsx,WP17B platform surface inventory · table count,PENDING
TABLE-051,public_shared,,table_surface,,page_body,PUBLIC,STANDARDIZE,native_table,WP17C_CANONICAL_TABLE,KEEP,N/A,STANDARDIZE_FOUNDATION,ALIGN_LABEL,OPTIONAL_INLINE_HELP,TOKENIZE_ONLY,DEFERRED_TO_WP17D,Canonical table anatomy + tokens,FOUNDATION_DEPENDENCY,frontend/src/components/dispatch/command/CommunicationsTab.jsx,WP17B platform surface inventory · table count,PENDING
TABLE-052,public_shared,,table_surface,,page_body,PUBLIC,STANDARDIZE,native_table,WP17C_CANONICAL_TABLE,KEEP,N/A,STANDARDIZE_FOUNDATION,ALIGN_LABEL,OPTIONAL_INLINE_HELP,TOKENIZE_ONLY,DEFERRED_TO_WP17D,Canonical table anatomy + tokens,FOUNDATION_DEPENDENCY,frontend/src/components/dispatch/command/DriverBoard.jsx,WP17B platform surface inventory · table count,PENDING
TABLE-053,public_shared,,table_surface,,page_body,PUBLIC,STANDARDIZE,native_table,WP17C_CANONICAL_TABLE,KEEP,N/A,STANDARDIZE_FOUNDATION,ALIGN_LABEL,OPTIONAL_INLINE_HELP,TOKENIZE_ONLY,DEFERRED_TO_WP17D,Canonical table anatomy + tokens,FOUNDATION_DEPENDENCY,frontend/src/components/dispatch/command/FleetBoard.jsx,WP17B platform surface inventory · table count,PENDING
TABLE-054,public_shared,,table_surface,,page_body,PUBLIC,STANDARDIZE,native_table,WP17C_CANONICAL_TABLE,KEEP,N/A,STANDARDIZE_FOUNDATION,ALIGN_LABEL,OPTIONAL_INLINE_HELP,TOKENIZE_ONLY,DEFERRED_TO_WP17D,Canonical table anatomy + tokens,FOUNDATION_DEPENDENCY,frontend/src/components/dispatch/command/HaulBoard.jsx,WP17B platform surface inventory · table count,PENDING
TABLE-055,public_shared,,table_surface,,page_body,PUBLIC,STANDARDIZE,native_table,WP17C_CANONICAL_TABLE,KEEP,N/A,STANDARDIZE_FOUNDATION,ALIGN_LABEL,OPTIONAL_INLINE_HELP,TOKENIZE_ONLY,DEFERRED_TO_WP17D,Canonical table anatomy + tokens,FOUNDATION_DEPENDENCY,frontend/src/components/dispatch/command/JobBoard.jsx,WP17B platform surface inventory · table count,PENDING
TABLE-056,shop,,table_surface,,page_body,PUBLIC,STANDARDIZE,native_table,WP17C_CANONICAL_TABLE,KEEP,N/A,STANDARDIZE_FOUNDATION,ALIGN_LABEL,OPTIONAL_INLINE_HELP,TOKENIZE_ONLY,DEFERRED_TO_WP17D,Canonical table anatomy + tokens,FOUNDATION_DEPENDENCY,frontend/src/components/dispatch/command/ShopFeedBoard.jsx,WP17B platform surface inventory · table count,PENDING
TABLE-057,public_shared,,table_surface,,page_body,PUBLIC,STANDARDIZE,native_table,WP17C_CANONICAL_TABLE,KEEP,N/A,STANDARDIZE_FOUNDATION,ALIGN_LABEL,OPTIONAL_INLINE_HELP,TOKENIZE_ONLY,DEFERRED_TO_WP17D,Canonical table anatomy + tokens,FOUNDATION_DEPENDENCY,frontend/src/components/pm/PmJobsRead.jsx,WP17B platform surface inventory · table count,PENDING
TABLE-058,public_shared,,table_surface,,page_body,PUBLIC,STANDARDIZE,native_table,WP17C_CANONICAL_TABLE,KEEP,N/A,STANDARDIZE_FOUNDATION,ALIGN_LABEL,OPTIONAL_INLINE_HELP,TOKENIZE_ONLY,DEFERRED_TO_WP17D,Canonical table anatomy + tokens,FOUNDATION_DEPENDENCY,frontend/src/components/pm/command/PmHaulsBoard.jsx,WP17B platform surface inventory · table count,PENDING
TABLE-059,public_shared,,table_surface,,page_body,PUBLIC,STANDARDIZE,native_table,WP17C_CANONICAL_TABLE,KEEP,N/A,STANDARDIZE_FOUNDATION,ALIGN_LABEL,OPTIONAL_INLINE_HELP,TOKENIZE_ONLY,DEFERRED_TO_WP17D,Canonical table anatomy + tokens,FOUNDATION_DEPENDENCY,frontend/src/components/pm/command/PmMaterialsBoard.jsx,WP17B platform surface inventory · table count,PENDING
TABLE-060,public_shared,,table_surface,,page_body,PUBLIC,STANDARDIZE,native_table,WP17C_CANONICAL_TABLE,KEEP,N/A,STANDARDIZE_FOUNDATION,ALIGN_LABEL,OPTIONAL_INLINE_HELP,TOKENIZE_ONLY,DEFERRED_TO_WP17D,Canonical table anatomy + tokens,FOUNDATION_DEPENDENCY,frontend/src/components/pm/command/PmResourcesBoard.jsx,WP17B platform surface inventory · table count,PENDING
TABLE-061,safety,,table_surface,,page_body,PUBLIC,STANDARDIZE,native_table,WP17C_CANONICAL_TABLE,KEEP,N/A,STANDARDIZE_FOUNDATION,ALIGN_LABEL,OPTIONAL_INLINE_HELP,TOKENIZE_ONLY,DEFERRED_TO_WP17D,Canonical table anatomy + tokens,FOUNDATION_DEPENDENCY,frontend/src/components/pm/command/PmSafetyImpactBoard.jsx,WP17B platform surface inventory · table count,PENDING
TABLE-062,safety,,table_surface,,page_body,PUBLIC,STANDARDIZE,native_table,WP17C_CANONICAL_TABLE,KEEP,N/A,STANDARDIZE_FOUNDATION,ALIGN_LABEL,OPTIONAL_INLINE_HELP,TOKENIZE_ONLY,DEFERRED_TO_WP17D,Canonical table anatomy + tokens,FOUNDATION_DEPENDENCY,frontend/src/components/pm/command/PmSafetyImpactBoard.jsx,WP17B platform surface inventory · table count,PENDING
TABLE-063,shop,,table_surface,,page_body,PUBLIC,STANDARDIZE,native_table,WP17C_CANONICAL_TABLE,KEEP,N/A,STANDARDIZE_FOUNDATION,ALIGN_LABEL,OPTIONAL_INLINE_HELP,TOKENIZE_ONLY,DEFERRED_TO_WP17D,Canonical table anatomy + tokens,FOUNDATION_DEPENDENCY,frontend/src/components/pm/command/PmShopImpactBoard.jsx,WP17B platform surface inventory · table count,PENDING
TABLE-064,safety,,table_surface,,page_body,PUBLIC,STANDARDIZE,native_table,WP17C_CANONICAL_TABLE,KEEP,N/A,STANDARDIZE_FOUNDATION,ALIGN_LABEL,OPTIONAL_INLINE_HELP,TOKENIZE_ONLY,DEFERRED_TO_WP17D,Canonical table anatomy + tokens,FOUNDATION_DEPENDENCY,frontend/src/components/trench/TrenchSafetyOnProjectPanel.jsx,WP17B platform surface inventory · table count,PENDING
TABLE-065,public_shared,,table_surface,,page_body,PUBLIC,STANDARDIZE,native_table,WP17C_CANONICAL_TABLE,KEEP,N/A,STANDARDIZE_FOUNDATION,ALIGN_LABEL,OPTIONAL_INLINE_HELP,TOKENIZE_ONLY,DEFERRED_TO_WP17D,Canonical table anatomy + tokens,FOUNDATION_DEPENDENCY,frontend/src/components/ui/table.jsx,WP17B platform surface inventory · table count,PENDING
TABLE-066,public_shared,,table_surface,,page_body,PUBLIC,STANDARDIZE,native_table,WP17C_CANONICAL_TABLE,KEEP,N/A,STANDARDIZE_FOUNDATION,ALIGN_LABEL,OPTIONAL_INLINE_HELP,TOKENIZE_ONLY,DEFERRED_TO_WP17D,Canonical table anatomy + tokens,FOUNDATION_DEPENDENCY,frontend/src/design-system/DataTable.jsx,WP17B platform surface inventory · table count,PENDING
TABLE-067,admin,,table_surface,,page_body,PUBLIC,STANDARDIZE,native_table,WP17C_CANONICAL_TABLE,KEEP,N/A,STANDARDIZE_FOUNDATION,ALIGN_LABEL,OPTIONAL_INLINE_HELP,TOKENIZE_ONLY,DEFERRED_TO_WP17D,Canonical table anatomy + tokens,FOUNDATION_DEPENDENCY,frontend/src/pages/AdminGuide.jsx,WP17B platform surface inventory · table count,PENDING
TABLE-068,admin,,table_surface,,page_body,PUBLIC,STANDARDIZE,native_table,WP17C_CANONICAL_TABLE,KEEP,N/A,STANDARDIZE_FOUNDATION,ALIGN_LABEL,OPTIONAL_INLINE_HELP,TOKENIZE_ONLY,DEFERRED_TO_WP17D,Canonical table anatomy + tokens,FOUNDATION_DEPENDENCY,frontend/src/pages/AdminGuide.jsx,WP17B platform surface inventory · table count,PENDING
TABLE-069,admin,,table_surface,,page_body,PUBLIC,STANDARDIZE,native_table,WP17C_CANONICAL_TABLE,KEEP,N/A,STANDARDIZE_FOUNDATION,ALIGN_LABEL,OPTIONAL_INLINE_HELP,TOKENIZE_ONLY,DEFERRED_TO_WP17D,Canonical table anatomy + tokens,FOUNDATION_DEPENDENCY,frontend/src/pages/AdminLeadershipEquipment.jsx,WP17B platform surface inventory · table count,PENDING
TABLE-070,admin,,table_surface,,page_body,PUBLIC,STANDARDIZE,native_table,WP17C_CANONICAL_TABLE,KEEP,N/A,STANDARDIZE_FOUNDATION,ALIGN_LABEL,OPTIONAL_INLINE_HELP,TOKENIZE_ONLY,DEFERRED_TO_WP17D,Canonical table anatomy + tokens,FOUNDATION_DEPENDENCY,frontend/src/pages/AdminMaterialLedgerQuality.jsx,WP17B platform surface inventory · table count,PENDING
TABLE-071,admin,,table_surface,,page_body,PUBLIC,STANDARDIZE,native_table,WP17C_CANONICAL_TABLE,KEEP,N/A,STANDARDIZE_FOUNDATION,ALIGN_LABEL,OPTIONAL_INLINE_HELP,TOKENIZE_ONLY,DEFERRED_TO_WP17D,Canonical table anatomy + tokens,FOUNDATION_DEPENDENCY,frontend/src/pages/AdminMaterialLedgerQuality.jsx,WP17B platform surface inventory · table count,PENDING
TABLE-072,admin,,table_surface,,page_body,PUBLIC,STANDARDIZE,native_table,WP17C_CANONICAL_TABLE,KEEP,N/A,STANDARDIZE_FOUNDATION,ALIGN_LABEL,OPTIONAL_INLINE_HELP,TOKENIZE_ONLY,DEFERRED_TO_WP17D,Canonical table anatomy + tokens,FOUNDATION_DEPENDENCY,frontend/src/pages/AdminMaterialLedgerQuality.jsx,WP17B platform surface inventory · table count,PENDING
TABLE-073,admin,,table_surface,,page_body,PUBLIC,STANDARDIZE,native_table,WP17C_CANONICAL_TABLE,KEEP,N/A,STANDARDIZE_FOUNDATION,ALIGN_LABEL,OPTIONAL_INLINE_HELP,TOKENIZE_ONLY,DEFERRED_TO_WP17D,Canonical table anatomy + tokens,FOUNDATION_DEPENDENCY,frontend/src/pages/AdminSchedulerRuns.jsx,WP17B platform surface inventory · table count,PENDING
TABLE-074,admin,,table_surface,,page_body,PUBLIC,STANDARDIZE,native_table,WP17C_CANONICAL_TABLE,KEEP,N/A,STANDARDIZE_FOUNDATION,ALIGN_LABEL,OPTIONAL_INLINE_HELP,TOKENIZE_ONLY,DEFERRED_TO_WP17D,Canonical table anatomy + tokens,FOUNDATION_DEPENDENCY,frontend/src/pages/AdminTerminations.jsx,WP17B platform surface inventory · table count,PENDING
TABLE-075,public_shared,,table_surface,,page_body,PUBLIC,STANDARDIZE,native_table,WP17C_CANONICAL_TABLE,KEEP,N/A,STANDARDIZE_FOUNDATION,ALIGN_LABEL,OPTIONAL_INLINE_HELP,TOKENIZE_ONLY,DEFERRED_TO_WP17D,Canonical table anatomy + tokens,FOUNDATION_DEPENDENCY,frontend/src/pages/AssetTransfers.jsx,WP17B platform surface inventory · table count,PENDING
TABLE-076,public_shared,,table_surface,,page_body,PUBLIC,STANDARDIZE,native_table,WP17C_CANONICAL_TABLE,KEEP,N/A,STANDARDIZE_FOUNDATION,ALIGN_LABEL,OPTIONAL_INLINE_HELP,TOKENIZE_ONLY,DEFERRED_TO_WP17D,Canonical table anatomy + tokens,FOUNDATION_DEPENDENCY,frontend/src/pages/DevHub.jsx,WP17B platform surface inventory · table count,PENDING
TABLE-077,dispatch,,table_surface,,page_body,PUBLIC,STANDARDIZE,native_table,WP17C_CANONICAL_TABLE,KEEP,N/A,STANDARDIZE_FOUNDATION,ALIGN_LABEL,OPTIONAL_INLINE_HELP,TOKENIZE_ONLY,DEFERRED_TO_WP17D,Canonical table anatomy + tokens,FOUNDATION_DEPENDENCY,frontend/src/pages/DispatchHaulLedger.jsx,WP17B platform surface inventory · table count,PENDING
TABLE-078,dispatch,,table_surface,,page_body,PUBLIC,STANDARDIZE,native_table,WP17C_CANONICAL_TABLE,KEEP,N/A,STANDARDIZE_FOUNDATION,ALIGN_LABEL,OPTIONAL_INLINE_HELP,TOKENIZE_ONLY,DEFERRED_TO_WP17D,Canonical table anatomy + tokens,FOUNDATION_DEPENDENCY,frontend/src/pages/DispatchHaulLedger.jsx,WP17B platform surface inventory · table count,PENDING
TABLE-079,dispatch,,table_surface,,page_body,PUBLIC,STANDARDIZE,native_table,WP17C_CANONICAL_TABLE,KEEP,N/A,STANDARDIZE_FOUNDATION,ALIGN_LABEL,OPTIONAL_INLINE_HELP,TOKENIZE_ONLY,DEFERRED_TO_WP17D,Canonical table anatomy + tokens,FOUNDATION_DEPENDENCY,frontend/src/pages/DispatchHaulLedger.jsx,WP17B platform surface inventory · table count,PENDING
TABLE-080,public_shared,,table_surface,,page_body,PUBLIC,STANDARDIZE,native_table,WP17C_CANONICAL_TABLE,KEEP,N/A,STANDARDIZE_FOUNDATION,ALIGN_LABEL,OPTIONAL_INLINE_HELP,TOKENIZE_ONLY,DEFERRED_TO_WP17D,Canonical table anatomy + tokens,FOUNDATION_DEPENDENCY,frontend/src/pages/DocumentExpirations.jsx,WP17B platform surface inventory · table count,PENDING
TABLE-081,public_shared,,table_surface,,page_body,PUBLIC,STANDARDIZE,native_table,WP17C_CANONICAL_TABLE,KEEP,N/A,STANDARDIZE_FOUNDATION,ALIGN_LABEL,OPTIONAL_INLINE_HELP,TOKENIZE_ONLY,DEFERRED_TO_WP17D,Canonical table anatomy + tokens,FOUNDATION_DEPENDENCY,frontend/src/pages/EmployeeLifecycleQualifications.jsx,WP17B platform surface inventory · table count,PENDING
TABLE-082,public_shared,,table_surface,,page_body,PUBLIC,STANDARDIZE,native_table,WP17C_CANONICAL_TABLE,KEEP,N/A,STANDARDIZE_FOUNDATION,ALIGN_LABEL,OPTIONAL_INLINE_HELP,TOKENIZE_ONLY,DEFERRED_TO_WP17D,Canonical table anatomy + tokens,FOUNDATION_DEPENDENCY,frontend/src/pages/EmployeeLifecycleQualifications.jsx,WP17B platform surface inventory · table count,PENDING
TABLE-083,public_shared,,table_surface,,page_body,PUBLIC,STANDARDIZE,native_table,WP17C_CANONICAL_TABLE,KEEP,N/A,STANDARDIZE_FOUNDATION,ALIGN_LABEL,OPTIONAL_INLINE_HELP,TOKENIZE_ONLY,DEFERRED_TO_WP17D,Canonical table anatomy + tokens,FOUNDATION_DEPENDENCY,frontend/src/pages/ExecutiveCaseReport.jsx,WP17B platform surface inventory · table count,PENDING
TABLE-084,public_shared,,table_surface,,page_body,PUBLIC,STANDARDIZE,native_table,WP17C_CANONICAL_TABLE,KEEP,N/A,STANDARDIZE_FOUNDATION,ALIGN_LABEL,OPTIONAL_INLINE_HELP,TOKENIZE_ONLY,DEFERRED_TO_WP17D,Canonical table anatomy + tokens,FOUNDATION_DEPENDENCY,frontend/src/pages/ExecutiveOperationalIntelligence.jsx,WP17B platform surface inventory · table count,PENDING
TABLE-085,field_leadership,,table_surface,,page_body,PUBLIC,STANDARDIZE,native_table,WP17C_CANONICAL_TABLE,KEEP,N/A,STANDARDIZE_FOUNDATION,ALIGN_LABEL,OPTIONAL_INLINE_HELP,TOKENIZE_ONLY,DEFERRED_TO_WP17D,Canonical table anatomy + tokens,FOUNDATION_DEPENDENCY,frontend/src/pages/FieldLeadershipRecords.jsx,WP17B platform surface inventory · table count,PENDING
TABLE-086,field_leadership,,table_surface,,page_body,PUBLIC,STANDARDIZE,native_table,WP17C_CANONICAL_TABLE,KEEP,N/A,STANDARDIZE_FOUNDATION,ALIGN_LABEL,OPTIONAL_INLINE_HELP,TOKENIZE_ONLY,DEFERRED_TO_WP17D,Canonical table anatomy + tokens,FOUNDATION_DEPENDENCY,frontend/src/pages/FieldLeadershipView.jsx,WP17B platform surface inventory · table count,PENDING
TABLE-087,field_leadership,,table_surface,,page_body,PUBLIC,STANDARDIZE,native_table,WP17C_CANONICAL_TABLE,KEEP,N/A,STANDARDIZE_FOUNDATION,ALIGN_LABEL,OPTIONAL_INLINE_HELP,TOKENIZE_ONLY,DEFERRED_TO_WP17D,Canonical table anatomy + tokens,FOUNDATION_DEPENDENCY,frontend/src/pages/FieldLeadershipView.jsx,WP17B platform surface inventory · table count,PENDING
TABLE-088,hr,,table_surface,,page_body,PUBLIC,STANDARDIZE,native_table,WP17C_CANONICAL_TABLE,KEEP,N/A,STANDARDIZE_FOUNDATION,ALIGN_LABEL,OPTIONAL_INLINE_HELP,TOKENIZE_ONLY,DEFERRED_TO_WP17D,Canonical table anatomy + tokens,FOUNDATION_DEPENDENCY,frontend/src/pages/HrDailyReports.jsx,WP17B platform surface inventory · table count,PENDING
TABLE-089,hr,,table_surface,,page_body,PUBLIC,STANDARDIZE,native_table,WP17C_CANONICAL_TABLE,KEEP,N/A,STANDARDIZE_FOUNDATION,ALIGN_LABEL,OPTIONAL_INLINE_HELP,TOKENIZE_ONLY,DEFERRED_TO_WP17D,Canonical table anatomy + tokens,FOUNDATION_DEPENDENCY,frontend/src/pages/HrDriverQualificationDashboard.jsx,WP17B platform surface inventory · table count,PENDING
TABLE-090,hr,,table_surface,,page_body,PUBLIC,STANDARDIZE,native_table,WP17C_CANONICAL_TABLE,KEEP,N/A,STANDARDIZE_FOUNDATION,ALIGN_LABEL,OPTIONAL_INLINE_HELP,TOKENIZE_ONLY,DEFERRED_TO_WP17D,Canonical table anatomy + tokens,FOUNDATION_DEPENDENCY,frontend/src/pages/HrDriverQualificationImport.jsx,WP17B platform surface inventory · table count,PENDING
TABLE-091,hr,,table_surface,,page_body,PUBLIC,STANDARDIZE,native_table,WP17C_CANONICAL_TABLE,KEEP,N/A,STANDARDIZE_FOUNDATION,ALIGN_LABEL,OPTIONAL_INLINE_HELP,TOKENIZE_ONLY,DEFERRED_TO_WP17D,Canonical table anatomy + tokens,FOUNDATION_DEPENDENCY,frontend/src/pages/HrDriverQualificationImport.jsx,WP17B platform surface inventory · table count,PENDING
TABLE-092,hr,,table_surface,,page_body,PUBLIC,STANDARDIZE,native_table,WP17C_CANONICAL_TABLE,KEEP,N/A,STANDARDIZE_FOUNDATION,ALIGN_LABEL,OPTIONAL_INLINE_HELP,TOKENIZE_ONLY,DEFERRED_TO_WP17D,Canonical table anatomy + tokens,FOUNDATION_DEPENDENCY,frontend/src/pages/HrEmployeeAccountability.jsx,WP17B platform surface inventory · table count,PENDING
TABLE-093,hr,,table_surface,,page_body,PUBLIC,STANDARDIZE,native_table,WP17C_CANONICAL_TABLE,KEEP,N/A,STANDARDIZE_FOUNDATION,ALIGN_LABEL,OPTIONAL_INLINE_HELP,TOKENIZE_ONLY,DEFERRED_TO_WP17D,Canonical table anatomy + tokens,FOUNDATION_DEPENDENCY,frontend/src/pages/HrEmployeeAccountability.jsx,WP17B platform surface inventory · table count,PENDING
TABLE-094,hr,,table_surface,,page_body,PUBLIC,STANDARDIZE,native_table,WP17C_CANONICAL_TABLE,KEEP,N/A,STANDARDIZE_FOUNDATION,ALIGN_LABEL,OPTIONAL_INLINE_HELP,TOKENIZE_ONLY,DEFERRED_TO_WP17D,Canonical table anatomy + tokens,FOUNDATION_DEPENDENCY,frontend/src/pages/HrEmployeeAccountability.jsx,WP17B platform surface inventory · table count,PENDING
TABLE-095,hr,,table_surface,,page_body,PUBLIC,STANDARDIZE,native_table,WP17C_CANONICAL_TABLE,KEEP,N/A,STANDARDIZE_FOUNDATION,ALIGN_LABEL,OPTIONAL_INLINE_HELP,TOKENIZE_ONLY,DEFERRED_TO_WP17D,Canonical table anatomy + tokens,FOUNDATION_DEPENDENCY,frontend/src/pages/HrEmployeeAccountabilityTimeline.jsx,WP17B platform surface inventory · table count,PENDING
TABLE-096,hr,,table_surface,,page_body,PUBLIC,STANDARDIZE,native_table,WP17C_CANONICAL_TABLE,KEEP,N/A,STANDARDIZE_FOUNDATION,ALIGN_LABEL,OPTIONAL_INLINE_HELP,TOKENIZE_ONLY,DEFERRED_TO_WP17D,Canonical table anatomy + tokens,FOUNDATION_DEPENDENCY,frontend/src/pages/HrEmployees.jsx,WP17B platform surface inventory · table count,PENDING
TABLE-097,hr,,table_surface,,page_body,PUBLIC,STANDARDIZE,native_table,WP17C_CANONICAL_TABLE,KEEP,N/A,STANDARDIZE_FOUNDATION,ALIGN_LABEL,OPTIONAL_INLINE_HELP,TOKENIZE_ONLY,DEFERRED_TO_WP17D,Canonical table anatomy + tokens,FOUNDATION_DEPENDENCY,frontend/src/pages/HrEmployees.jsx,WP17B platform surface inventory · table count,PENDING
TABLE-098,hr,,table_surface,,page_body,PUBLIC,STANDARDIZE,native_table,WP17C_CANONICAL_TABLE,KEEP,N/A,STANDARDIZE_FOUNDATION,ALIGN_LABEL,OPTIONAL_INLINE_HELP,TOKENIZE_ONLY,DEFERRED_TO_WP17D,Canonical table anatomy + tokens,FOUNDATION_DEPENDENCY,frontend/src/pages/HrFieldLeadership.jsx,WP17B platform surface inventory · table count,PENDING
TABLE-099,hr,,table_surface,,page_body,PUBLIC,STANDARDIZE,native_table,WP17C_CANONICAL_TABLE,KEEP,N/A,STANDARDIZE_FOUNDATION,ALIGN_LABEL,OPTIONAL_INLINE_HELP,TOKENIZE_ONLY,DEFERRED_TO_WP17D,Canonical table anatomy + tokens,FOUNDATION_DEPENDENCY,frontend/src/pages/HrIncidents.jsx,WP17B platform surface inventory · table count,PENDING
TABLE-100,hr,,table_surface,,page_body,PUBLIC,STANDARDIZE,native_table,WP17C_CANONICAL_TABLE,KEEP,N/A,STANDARDIZE_FOUNDATION,ALIGN_LABEL,OPTIONAL_INLINE_HELP,TOKENIZE_ONLY,DEFERRED_TO_WP17D,Canonical table anatomy + tokens,FOUNDATION_DEPENDENCY,frontend/src/pages/HrPayrollVariance.jsx,WP17B platform surface inventory · table count,PENDING
TABLE-101,hr,,table_surface,,page_body,PUBLIC,STANDARDIZE,native_table,WP17C_CANONICAL_TABLE,KEEP,N/A,STANDARDIZE_FOUNDATION,ALIGN_LABEL,OPTIONAL_INLINE_HELP,TOKENIZE_ONLY,DEFERRED_TO_WP17D,Canonical table anatomy + tokens,FOUNDATION_DEPENDENCY,frontend/src/pages/HrPayrollVariance.jsx,WP17B platform surface inventory · table count,PENDING
TABLE-102,hr,,table_surface,,page_body,PUBLIC,STANDARDIZE,native_table,WP17C_CANONICAL_TABLE,KEEP,N/A,STANDARDIZE_FOUNDATION,ALIGN_LABEL,OPTIONAL_INLINE_HELP,TOKENIZE_ONLY,DEFERRED_TO_WP17D,Canonical table anatomy + tokens,FOUNDATION_DEPENDENCY,frontend/src/pages/HrSafetyRecords.jsx,WP17B platform surface inventory · table count,PENDING
TABLE-103,hr,,table_surface,,page_body,PUBLIC,STANDARDIZE,native_table,WP17C_CANONICAL_TABLE,KEEP,N/A,STANDARDIZE_FOUNDATION,ALIGN_LABEL,OPTIONAL_INLINE_HELP,TOKENIZE_ONLY,DEFERRED_TO_WP17D,Canonical table anatomy + tokens,FOUNDATION_DEPENDENCY,frontend/src/pages/HrTimeOff.jsx,WP17B platform surface inventory · table count,PENDING
TABLE-104,hr,,table_surface,,page_body,PUBLIC,STANDARDIZE,native_table,WP17C_CANONICAL_TABLE,KEEP,N/A,STANDARDIZE_FOUNDATION,ALIGN_LABEL,OPTIONAL_INLINE_HELP,TOKENIZE_ONLY,DEFERRED_TO_WP17D,Canonical table anatomy + tokens,FOUNDATION_DEPENDENCY,frontend/src/pages/HrTimeVerification.jsx,WP17B platform surface inventory · table count,PENDING
TABLE-105,hr,,table_surface,,page_body,PUBLIC,STANDARDIZE,native_table,WP17C_CANONICAL_TABLE,KEEP,N/A,STANDARDIZE_FOUNDATION,ALIGN_LABEL,OPTIONAL_INLINE_HELP,TOKENIZE_ONLY,DEFERRED_TO_WP17D,Canonical table anatomy + tokens,FOUNDATION_DEPENDENCY,frontend/src/pages/HrTimeVerification.jsx,WP17B platform surface inventory · table count,PENDING
TABLE-106,hr,,table_surface,,page_body,PUBLIC,STANDARDIZE,native_table,WP17C_CANONICAL_TABLE,KEEP,N/A,STANDARDIZE_FOUNDATION,ALIGN_LABEL,OPTIONAL_INLINE_HELP,TOKENIZE_ONLY,DEFERRED_TO_WP17D,Canonical table anatomy + tokens,FOUNDATION_DEPENDENCY,frontend/src/pages/HrTrainingRecords.jsx,WP17B platform surface inventory · table count,PENDING
TABLE-107,public_shared,,table_surface,,page_body,PUBLIC,STANDARDIZE,native_table,WP17C_CANONICAL_TABLE,KEEP,N/A,STANDARDIZE_FOUNDATION,ALIGN_LABEL,OPTIONAL_INLINE_HELP,TOKENIZE_ONLY,DEFERRED_TO_WP17D,Canonical table anatomy + tokens,FOUNDATION_DEPENDENCY,frontend/src/pages/IncidentReportViewer.jsx,WP17B platform surface inventory · table count,PENDING
TABLE-108,public_shared,,table_surface,,page_body,PUBLIC,STANDARDIZE,native_table,WP17C_CANONICAL_TABLE,KEEP,N/A,STANDARDIZE_FOUNDATION,ALIGN_LABEL,OPTIONAL_INLINE_HELP,TOKENIZE_ONLY,DEFERRED_TO_WP17D,Canonical table anatomy + tokens,FOUNDATION_DEPENDENCY,frontend/src/pages/OperationsCenterCommand.jsx,WP17B platform surface inventory · table count,PENDING
TABLE-109,public_shared,,table_surface,,page_body,PUBLIC,STANDARDIZE,native_table,WP17C_CANONICAL_TABLE,KEEP,N/A,STANDARDIZE_FOUNDATION,ALIGN_LABEL,OPTIONAL_INLINE_HELP,TOKENIZE_ONLY,DEFERRED_TO_WP17D,Canonical table anatomy + tokens,FOUNDATION_DEPENDENCY,frontend/src/pages/OperationsCenterCommand.jsx,WP17B platform surface inventory · table count,PENDING
TABLE-110,public_shared,,table_surface,,page_body,PUBLIC,STANDARDIZE,native_table,WP17C_CANONICAL_TABLE,KEEP,N/A,STANDARDIZE_FOUNDATION,ALIGN_LABEL,OPTIONAL_INLINE_HELP,TOKENIZE_ONLY,DEFERRED_TO_WP17D,Canonical table anatomy + tokens,FOUNDATION_DEPENDENCY,frontend/src/pages/OperationsCenterCommand.jsx,WP17B platform surface inventory · table count,PENDING
TABLE-111,public_shared,,table_surface,,page_body,PUBLIC,STANDARDIZE,native_table,WP17C_CANONICAL_TABLE,KEEP,N/A,STANDARDIZE_FOUNDATION,ALIGN_LABEL,OPTIONAL_INLINE_HELP,TOKENIZE_ONLY,DEFERRED_TO_WP17D,Canonical table anatomy + tokens,FOUNDATION_DEPENDENCY,frontend/src/pages/OperationsCenterCommand.jsx,WP17B platform surface inventory · table count,PENDING
TABLE-112,public_shared,,table_surface,,page_body,PUBLIC,STANDARDIZE,native_table,WP17C_CANONICAL_TABLE,KEEP,N/A,STANDARDIZE_FOUNDATION,ALIGN_LABEL,OPTIONAL_INLINE_HELP,TOKENIZE_ONLY,DEFERRED_TO_WP17D,Canonical table anatomy + tokens,FOUNDATION_DEPENDENCY,frontend/src/pages/PmCrewCompliance.jsx,WP17B platform surface inventory · table count,PENDING
TABLE-113,public_shared,,table_surface,,page_body,PUBLIC,STANDARDIZE,native_table,WP17C_CANONICAL_TABLE,KEEP,N/A,STANDARDIZE_FOUNDATION,ALIGN_LABEL,OPTIONAL_INLINE_HELP,TOKENIZE_ONLY,DEFERRED_TO_WP17D,Canonical table anatomy + tokens,FOUNDATION_DEPENDENCY,frontend/src/pages/PmCrewCompliance.jsx,WP17B platform surface inventory · table count,PENDING
TABLE-114,public_shared,,table_surface,,page_body,PUBLIC,STANDARDIZE,native_table,WP17C_CANONICAL_TABLE,KEEP,N/A,STANDARDIZE_FOUNDATION,ALIGN_LABEL,OPTIONAL_INLINE_HELP,TOKENIZE_ONLY,DEFERRED_TO_WP17D,Canonical table anatomy + tokens,FOUNDATION_DEPENDENCY,frontend/src/pages/PmCrewCompliance.jsx,WP17B platform surface inventory · table count,PENDING
TABLE-115,field_leadership,,table_surface,,page_body,PUBLIC,STANDARDIZE,native_table,WP17C_CANONICAL_TABLE,KEEP,N/A,STANDARDIZE_FOUNDATION,ALIGN_LABEL,OPTIONAL_INLINE_HELP,TOKENIZE_ONLY,DEFERRED_TO_WP17D,Canonical table anatomy + tokens,FOUNDATION_DEPENDENCY,frontend/src/pages/PmFieldLeadership.jsx,WP17B platform surface inventory · table count,PENDING
TABLE-116,public_shared,,table_surface,,page_body,PUBLIC,STANDARDIZE,native_table,WP17C_CANONICAL_TABLE,KEEP,N/A,STANDARDIZE_FOUNDATION,ALIGN_LABEL,OPTIONAL_INLINE_HELP,TOKENIZE_ONLY,DEFERRED_TO_WP17D,Canonical table anatomy + tokens,FOUNDATION_DEPENDENCY,frontend/src/pages/PmOperationalIntelligence.jsx,WP17B platform surface inventory · table count,PENDING
TABLE-117,public_shared,,table_surface,,page_body,PUBLIC,STANDARDIZE,native_table,WP17C_CANONICAL_TABLE,KEEP,N/A,STANDARDIZE_FOUNDATION,ALIGN_LABEL,OPTIONAL_INLINE_HELP,TOKENIZE_ONLY,DEFERRED_TO_WP17D,Canonical table anatomy + tokens,FOUNDATION_DEPENDENCY,frontend/src/pages/PmProjectDetail.jsx,WP17B platform surface inventory · table count,PENDING
TABLE-118,public_shared,,table_surface,,page_body,PUBLIC,STANDARDIZE,native_table,WP17C_CANONICAL_TABLE,KEEP,N/A,STANDARDIZE_FOUNDATION,ALIGN_LABEL,OPTIONAL_INLINE_HELP,TOKENIZE_ONLY,DEFERRED_TO_WP17D,Canonical table anatomy + tokens,FOUNDATION_DEPENDENCY,frontend/src/pages/PmProjectDetail.jsx,WP17B platform surface inventory · table count,PENDING
TABLE-119,public_shared,,table_surface,,page_body,PUBLIC,STANDARDIZE,native_table,WP17C_CANONICAL_TABLE,KEEP,N/A,STANDARDIZE_FOUNDATION,ALIGN_LABEL,OPTIONAL_INLINE_HELP,TOKENIZE_ONLY,DEFERRED_TO_WP17D,Canonical table anatomy + tokens,FOUNDATION_DEPENDENCY,frontend/src/pages/PmProjectDetail.jsx,WP17B platform surface inventory · table count,PENDING
TABLE-120,public_shared,,table_surface,,page_body,PUBLIC,STANDARDIZE,native_table,WP17C_CANONICAL_TABLE,KEEP,N/A,STANDARDIZE_FOUNDATION,ALIGN_LABEL,OPTIONAL_INLINE_HELP,TOKENIZE_ONLY,DEFERRED_TO_WP17D,Canonical table anatomy + tokens,FOUNDATION_DEPENDENCY,frontend/src/pages/PmProjectDetail.jsx,WP17B platform surface inventory · table count,PENDING
TABLE-121,public_shared,,table_surface,,page_body,PUBLIC,STANDARDIZE,native_table,WP17C_CANONICAL_TABLE,KEEP,N/A,STANDARDIZE_FOUNDATION,ALIGN_LABEL,OPTIONAL_INLINE_HELP,TOKENIZE_ONLY,DEFERRED_TO_WP17D,Canonical table anatomy + tokens,FOUNDATION_DEPENDENCY,frontend/src/pages/PmProjectDetail.jsx,WP17B platform surface inventory · table count,PENDING
TABLE-122,public_shared,,table_surface,,page_body,PUBLIC,STANDARDIZE,native_table,WP17C_CANONICAL_TABLE,KEEP,N/A,STANDARDIZE_FOUNDATION,ALIGN_LABEL,OPTIONAL_INLINE_HELP,TOKENIZE_ONLY,DEFERRED_TO_WP17D,Canonical table anatomy + tokens,FOUNDATION_DEPENDENCY,frontend/src/pages/PoRequests.jsx,WP17B platform surface inventory · table count,PENDING
TABLE-123,public_shared,,table_surface,,page_body,PUBLIC,STANDARDIZE,native_table,WP17C_CANONICAL_TABLE,KEEP,N/A,STANDARDIZE_FOUNDATION,ALIGN_LABEL,OPTIONAL_INLINE_HELP,TOKENIZE_ONLY,DEFERRED_TO_WP17D,Canonical table anatomy + tokens,FOUNDATION_DEPENDENCY,frontend/src/pages/ProjectHealth.jsx,WP17B platform surface inventory · table count,PENDING
TABLE-124,public_shared,,table_surface,,page_body,PUBLIC,STANDARDIZE,native_table,WP17C_CANONICAL_TABLE,KEEP,N/A,STANDARDIZE_FOUNDATION,ALIGN_LABEL,OPTIONAL_INLINE_HELP,TOKENIZE_ONLY,DEFERRED_TO_WP17D,Canonical table anatomy + tokens,FOUNDATION_DEPENDENCY,frontend/src/pages/ProjectPnlPage.jsx,WP17B platform surface inventory · table count,PENDING
TABLE-125,public_shared,,table_surface,,page_body,PUBLIC,STANDARDIZE,native_table,WP17C_CANONICAL_TABLE,KEEP,N/A,STANDARDIZE_FOUNDATION,ALIGN_LABEL,OPTIONAL_INLINE_HELP,TOKENIZE_ONLY,DEFERRED_TO_WP17D,Canonical table anatomy + tokens,FOUNDATION_DEPENDENCY,frontend/src/pages/ProjectStaffingHub.jsx,WP17B platform surface inventory · table count,PENDING
TABLE-126,safety,,table_surface,,page_body,PUBLIC,STANDARDIZE,native_table,WP17C_CANONICAL_TABLE,KEEP,N/A,STANDARDIZE_FOUNDATION,ALIGN_LABEL,OPTIONAL_INLINE_HELP,TOKENIZE_ONLY,DEFERRED_TO_WP17D,Canonical table anatomy + tokens,FOUNDATION_DEPENDENCY,frontend/src/pages/SafetyAudits.jsx,WP17B platform surface inventory · table count,PENDING
TABLE-127,safety,,table_surface,,page_body,PUBLIC,STANDARDIZE,native_table,WP17C_CANONICAL_TABLE,KEEP,N/A,STANDARDIZE_FOUNDATION,ALIGN_LABEL,OPTIONAL_INLINE_HELP,TOKENIZE_ONLY,DEFERRED_TO_WP17D,Canonical table anatomy + tokens,FOUNDATION_DEPENDENCY,frontend/src/pages/SafetyDigest.jsx,WP17B platform surface inventory · table count,PENDING
TABLE-128,safety,,table_surface,,page_body,PUBLIC,STANDARDIZE,native_table,WP17C_CANONICAL_TABLE,KEEP,N/A,STANDARDIZE_FOUNDATION,ALIGN_LABEL,OPTIONAL_INLINE_HELP,TOKENIZE_ONLY,DEFERRED_TO_WP17D,Canonical table anatomy + tokens,FOUNDATION_DEPENDENCY,frontend/src/pages/SafetyEmployeeProfiles.jsx,WP17B platform surface inventory · table count,PENDING
TABLE-129,safety,,table_surface,,page_body,PUBLIC,STANDARDIZE,native_table,WP17C_CANONICAL_TABLE,KEEP,N/A,STANDARDIZE_FOUNDATION,ALIGN_LABEL,OPTIONAL_INLINE_HELP,TOKENIZE_ONLY,DEFERRED_TO_WP17D,Canonical table anatomy + tokens,FOUNDATION_DEPENDENCY,frontend/src/pages/SafetyFireExtImport.jsx,WP17B platform surface inventory · table count,PENDING
TABLE-130,safety,,table_surface,,page_body,PUBLIC,STANDARDIZE,native_table,WP17C_CANONICAL_TABLE,KEEP,N/A,STANDARDIZE_FOUNDATION,ALIGN_LABEL,OPTIONAL_INLINE_HELP,TOKENIZE_ONLY,DEFERRED_TO_WP17D,Canonical table anatomy + tokens,FOUNDATION_DEPENDENCY,frontend/src/pages/SafetyFireExtinguishers.jsx,WP17B platform surface inventory · table count,PENDING
TABLE-131,safety,,table_surface,,page_body,PUBLIC,STANDARDIZE,native_table,WP17C_CANONICAL_TABLE,KEEP,N/A,STANDARDIZE_FOUNDATION,ALIGN_LABEL,OPTIONAL_INLINE_HELP,TOKENIZE_ONLY,DEFERRED_TO_WP17D,Canonical table anatomy + tokens,FOUNDATION_DEPENDENCY,frontend/src/pages/SafetyFormsRecords.jsx,WP17B platform surface inventory · table count,PENDING
TABLE-132,safety,,table_surface,,page_body,PUBLIC,STANDARDIZE,native_table,WP17C_CANONICAL_TABLE,KEEP,N/A,STANDARDIZE_FOUNDATION,ALIGN_LABEL,OPTIONAL_INLINE_HELP,TOKENIZE_ONLY,DEFERRED_TO_WP17D,Canonical table anatomy + tokens,FOUNDATION_DEPENDENCY,frontend/src/pages/SafetyFormsRecords.jsx,WP17B platform surface inventory · table count,PENDING
TABLE-133,safety,,table_surface,,page_body,PUBLIC,STANDARDIZE,native_table,WP17C_CANONICAL_TABLE,KEEP,N/A,STANDARDIZE_FOUNDATION,ALIGN_LABEL,OPTIONAL_INLINE_HELP,TOKENIZE_ONLY,DEFERRED_TO_WP17D,Canonical table anatomy + tokens,FOUNDATION_DEPENDENCY,frontend/src/pages/SafetyIncidents.jsx,WP17B platform surface inventory · table count,PENDING
TABLE-134,safety,,table_surface,,page_body,PUBLIC,STANDARDIZE,native_table,WP17C_CANONICAL_TABLE,KEEP,N/A,STANDARDIZE_FOUNDATION,ALIGN_LABEL,OPTIONAL_INLINE_HELP,TOKENIZE_ONLY,DEFERRED_TO_WP17D,Canonical table anatomy + tokens,FOUNDATION_DEPENDENCY,frontend/src/pages/SafetyTrainingRecords.jsx,WP17B platform surface inventory · table count,PENDING
TABLE-135,public_shared,,table_surface,,page_body,PUBLIC,STANDARDIZE,native_table,WP17C_CANONICAL_TABLE,KEEP,N/A,STANDARDIZE_FOUNDATION,ALIGN_LABEL,OPTIONAL_INLINE_HELP,TOKENIZE_ONLY,DEFERRED_TO_WP17D,Canonical table anatomy + tokens,FOUNDATION_DEPENDENCY,frontend/src/pages/ViewDailyReport.jsx,WP17B platform surface inventory · table count,PENDING
TABLE-136,safety,,table_surface,,page_body,PUBLIC,STANDARDIZE,native_table,WP17C_CANONICAL_TABLE,KEEP,N/A,STANDARDIZE_FOUNDATION,ALIGN_LABEL,OPTIONAL_INLINE_HELP,TOKENIZE_ONLY,DEFERRED_TO_WP17D,Canonical table anatomy + tokens,FOUNDATION_DEPENDENCY,frontend/src/pages/ViewSafetyForm.jsx,WP17B platform surface inventory · table count,PENDING
TABLE-137,safety,,table_surface,,page_body,PUBLIC,STANDARDIZE,native_table,WP17C_CANONICAL_TABLE,KEEP,N/A,STANDARDIZE_FOUNDATION,ALIGN_LABEL,OPTIONAL_INLINE_HELP,TOKENIZE_ONLY,DEFERRED_TO_WP17D,Canonical table anatomy + tokens,FOUNDATION_DEPENDENCY,frontend/src/pages/ViewSafetyForm.jsx,WP17B platform surface inventory · table count,PENDING
TABLE-138,admin,,table_surface,,page_body,PUBLIC,STANDARDIZE,native_table,WP17C_CANONICAL_TABLE,KEEP,N/A,STANDARDIZE_FOUNDATION,ALIGN_LABEL,OPTIONAL_INLINE_HELP,TOKENIZE_ONLY,DEFERRED_TO_WP17D,Canonical table anatomy + tokens,FOUNDATION_DEPENDENCY,frontend/src/pages/admin/AdminAnalytics.jsx,WP17B platform surface inventory · table count,PENDING
TABLE-139,admin,,table_surface,,page_body,PUBLIC,STANDARDIZE,native_table,WP17C_CANONICAL_TABLE,KEEP,N/A,STANDARDIZE_FOUNDATION,ALIGN_LABEL,OPTIONAL_INLINE_HELP,TOKENIZE_ONLY,DEFERRED_TO_WP17D,Canonical table anatomy + tokens,FOUNDATION_DEPENDENCY,frontend/src/pages/admin/AdminAssetMapping.jsx,WP17B platform surface inventory · table count,PENDING
TABLE-140,admin,,table_surface,,page_body,PUBLIC,STANDARDIZE,native_table,WP17C_CANONICAL_TABLE,KEEP,N/A,STANDARDIZE_FOUNDATION,ALIGN_LABEL,OPTIONAL_INLINE_HELP,TOKENIZE_ONLY,DEFERRED_TO_WP17D,Canonical table anatomy + tokens,FOUNDATION_DEPENDENCY,frontend/src/pages/admin/AdminAssetMapping.jsx,WP17B platform surface inventory · table count,PENDING
TABLE-141,admin,,table_surface,,page_body,PUBLIC,STANDARDIZE,native_table,WP17C_CANONICAL_TABLE,KEEP,N/A,STANDARDIZE_FOUNDATION,ALIGN_LABEL,OPTIONAL_INLINE_HELP,TOKENIZE_ONLY,DEFERRED_TO_WP17D,Canonical table anatomy + tokens,FOUNDATION_DEPENDENCY,frontend/src/pages/admin/AdminAuditLog.jsx,WP17B platform surface inventory · table count,PENDING
TABLE-142,admin,,table_surface,,page_body,PUBLIC,STANDARDIZE,native_table,WP17C_CANONICAL_TABLE,KEEP,N/A,STANDARDIZE_FOUNDATION,ALIGN_LABEL,OPTIONAL_INLINE_HELP,TOKENIZE_ONLY,DEFERRED_TO_WP17D,Canonical table anatomy + tokens,FOUNDATION_DEPENDENCY,frontend/src/pages/admin/AdminDispatch.jsx,WP17B platform surface inventory · table count,PENDING
TABLE-143,admin,,table_surface,,page_body,PUBLIC,STANDARDIZE,native_table,WP17C_CANONICAL_TABLE,KEEP,N/A,STANDARDIZE_FOUNDATION,ALIGN_LABEL,OPTIONAL_INLINE_HELP,TOKENIZE_ONLY,DEFERRED_TO_WP17D,Canonical table anatomy + tokens,FOUNDATION_DEPENDENCY,frontend/src/pages/admin/AdminDispatch.jsx,WP17B platform surface inventory · table count,PENDING
TABLE-144,admin,,table_surface,,page_body,PUBLIC,STANDARDIZE,native_table,WP17C_CANONICAL_TABLE,KEEP,N/A,STANDARDIZE_FOUNDATION,ALIGN_LABEL,OPTIONAL_INLINE_HELP,TOKENIZE_ONLY,DEFERRED_TO_WP17D,Canonical table anatomy + tokens,FOUNDATION_DEPENDENCY,frontend/src/pages/admin/AdminDispatch.jsx,WP17B platform surface inventory · table count,PENDING
TABLE-145,admin,,table_surface,,page_body,PUBLIC,STANDARDIZE,native_table,WP17C_CANONICAL_TABLE,KEEP,N/A,STANDARDIZE_FOUNDATION,ALIGN_LABEL,OPTIONAL_INLINE_HELP,TOKENIZE_ONLY,DEFERRED_TO_WP17D,Canonical table anatomy + tokens,FOUNDATION_DEPENDENCY,frontend/src/pages/admin/AdminDispatch.jsx,WP17B platform surface inventory · table count,PENDING
TABLE-146,admin,,table_surface,,page_body,PUBLIC,STANDARDIZE,native_table,WP17C_CANONICAL_TABLE,KEEP,N/A,STANDARDIZE_FOUNDATION,ALIGN_LABEL,OPTIONAL_INLINE_HELP,TOKENIZE_ONLY,DEFERRED_TO_WP17D,Canonical table anatomy + tokens,FOUNDATION_DEPENDENCY,frontend/src/pages/admin/AdminDispatch.jsx,WP17B platform surface inventory · table count,PENDING
TABLE-147,admin,,table_surface,,page_body,PUBLIC,STANDARDIZE,native_table,WP17C_CANONICAL_TABLE,KEEP,N/A,STANDARDIZE_FOUNDATION,ALIGN_LABEL,OPTIONAL_INLINE_HELP,TOKENIZE_ONLY,DEFERRED_TO_WP17D,Canonical table anatomy + tokens,FOUNDATION_DEPENDENCY,frontend/src/pages/admin/AdminGeofenceReconciliation.jsx,WP17B platform surface inventory · table count,PENDING
TABLE-148,admin,,table_surface,,page_body,PUBLIC,STANDARDIZE,native_table,WP17C_CANONICAL_TABLE,KEEP,N/A,STANDARDIZE_FOUNDATION,ALIGN_LABEL,OPTIONAL_INLINE_HELP,TOKENIZE_ONLY,DEFERRED_TO_WP17D,Canonical table anatomy + tokens,FOUNDATION_DEPENDENCY,frontend/src/pages/admin/AdminGuidanceCoverage.jsx,WP17B platform surface inventory · table count,PENDING
TABLE-149,admin,,table_surface,,page_body,PUBLIC,STANDARDIZE,native_table,WP17C_CANONICAL_TABLE,KEEP,N/A,STANDARDIZE_FOUNDATION,ALIGN_LABEL,OPTIONAL_INLINE_HELP,TOKENIZE_ONLY,DEFERRED_TO_WP17D,Canonical table anatomy + tokens,FOUNDATION_DEPENDENCY,frontend/src/pages/admin/AdminGuidanceCoverage.jsx,WP17B platform surface inventory · table count,PENDING
TABLE-150,admin,,table_surface,,page_body,PUBLIC,STANDARDIZE,native_table,WP17C_CANONICAL_TABLE,KEEP,N/A,STANDARDIZE_FOUNDATION,ALIGN_LABEL,OPTIONAL_INLINE_HELP,TOKENIZE_ONLY,DEFERRED_TO_WP17D,Canonical table anatomy + tokens,FOUNDATION_DEPENDENCY,frontend/src/pages/admin/AdminIntegrationCenter.jsx,WP17B platform surface inventory · table count,PENDING
TABLE-151,admin,,table_surface,,page_body,PUBLIC,STANDARDIZE,native_table,WP17C_CANONICAL_TABLE,KEEP,N/A,STANDARDIZE_FOUNDATION,ALIGN_LABEL,OPTIONAL_INLINE_HELP,TOKENIZE_ONLY,DEFERRED_TO_WP17D,Canonical table anatomy + tokens,FOUNDATION_DEPENDENCY,frontend/src/pages/admin/AdminIntegrationCenter.jsx,WP17B platform surface inventory · table count,PENDING
TABLE-152,admin,,table_surface,,page_body,PUBLIC,STANDARDIZE,native_table,WP17C_CANONICAL_TABLE,KEEP,N/A,STANDARDIZE_FOUNDATION,ALIGN_LABEL,OPTIONAL_INLINE_HELP,TOKENIZE_ONLY,DEFERRED_TO_WP17D,Canonical table anatomy + tokens,FOUNDATION_DEPENDENCY,frontend/src/pages/admin/AdminIntegrationCenter.jsx,WP17B platform surface inventory · table count,PENDING
TABLE-153,admin,,table_surface,,page_body,PUBLIC,STANDARDIZE,native_table,WP17C_CANONICAL_TABLE,KEEP,N/A,STANDARDIZE_FOUNDATION,ALIGN_LABEL,OPTIONAL_INLINE_HELP,TOKENIZE_ONLY,DEFERRED_TO_WP17D,Canonical table anatomy + tokens,FOUNDATION_DEPENDENCY,frontend/src/pages/admin/AdminIntegrationCenter.jsx,WP17B platform surface inventory · table count,PENDING
TABLE-154,admin,,table_surface,,page_body,PUBLIC,STANDARDIZE,native_table,WP17C_CANONICAL_TABLE,KEEP,N/A,STANDARDIZE_FOUNDATION,ALIGN_LABEL,OPTIONAL_INLINE_HELP,TOKENIZE_ONLY,DEFERRED_TO_WP17D,Canonical table anatomy + tokens,FOUNDATION_DEPENDENCY,frontend/src/pages/admin/AdminIntegrationCenter.jsx,WP17B platform surface inventory · table count,PENDING
TABLE-155,admin,,table_surface,,page_body,PUBLIC,STANDARDIZE,native_table,WP17C_CANONICAL_TABLE,KEEP,N/A,STANDARDIZE_FOUNDATION,ALIGN_LABEL,OPTIONAL_INLINE_HELP,TOKENIZE_ONLY,DEFERRED_TO_WP17D,Canonical table anatomy + tokens,FOUNDATION_DEPENDENCY,frontend/src/pages/admin/AdminJhaAcknowledgements.jsx,WP17B platform surface inventory · table count,PENDING
TABLE-156,admin,,table_surface,,page_body,PUBLIC,STANDARDIZE,native_table,WP17C_CANONICAL_TABLE,KEEP,N/A,STANDARDIZE_FOUNDATION,ALIGN_LABEL,OPTIONAL_INLINE_HELP,TOKENIZE_ONLY,DEFERRED_TO_WP17D,Canonical table anatomy + tokens,FOUNDATION_DEPENDENCY,frontend/src/pages/admin/AdminOperationalIntelligence.jsx,WP17B platform surface inventory · table count,PENDING
TABLE-157,admin,,table_surface,,page_body,PUBLIC,STANDARDIZE,native_table,WP17C_CANONICAL_TABLE,KEEP,N/A,STANDARDIZE_FOUNDATION,ALIGN_LABEL,OPTIONAL_INLINE_HELP,TOKENIZE_ONLY,DEFERRED_TO_WP17D,Canonical table anatomy + tokens,FOUNDATION_DEPENDENCY,frontend/src/pages/admin/AdminOperationalIntelligenceRecipients.jsx,WP17B platform surface inventory · table count,PENDING
TABLE-158,admin,,table_surface,,page_body,PUBLIC,STANDARDIZE,native_table,WP17C_CANONICAL_TABLE,KEEP,N/A,STANDARDIZE_FOUNDATION,ALIGN_LABEL,OPTIONAL_INLINE_HELP,TOKENIZE_ONLY,DEFERRED_TO_WP17D,Canonical table anatomy + tokens,FOUNDATION_DEPENDENCY,frontend/src/pages/admin/AdminOperationalIntelligenceRecipients.jsx,WP17B platform surface inventory · table count,PENDING
TABLE-159,admin,,table_surface,,page_body,PUBLIC,STANDARDIZE,native_table,WP17C_CANONICAL_TABLE,KEEP,N/A,STANDARDIZE_FOUNDATION,ALIGN_LABEL,OPTIONAL_INLINE_HELP,TOKENIZE_ONLY,DEFERRED_TO_WP17D,Canonical table anatomy + tokens,FOUNDATION_DEPENDENCY,frontend/src/pages/admin/AdminOperationalIntelligenceRecipients.jsx,WP17B platform surface inventory · table count,PENDING
TABLE-160,admin,,table_surface,,page_body,PUBLIC,STANDARDIZE,native_table,WP17C_CANONICAL_TABLE,KEEP,N/A,STANDARDIZE_FOUNDATION,ALIGN_LABEL,OPTIONAL_INLINE_HELP,TOKENIZE_ONLY,DEFERRED_TO_WP17D,Canonical table anatomy + tokens,FOUNDATION_DEPENDENCY,frontend/src/pages/admin/AdminOperationalIntelligenceRecipients.jsx,WP17B platform surface inventory · table count,PENDING
TABLE-161,admin,,table_surface,,page_body,PUBLIC,REPRESENTATIVE_IMPLEMENTATION,native_table,WP17C_CANONICAL_TABLE,KEEP,N/A,REPRESENTATIVE_IMPLEMENTATION,ALIGN_LABEL,OPTIONAL_INLINE_HELP,TOKENIZE_ONLY,CERTIFY_IN_REPRESENTATIVE_SET,Canonical table anatomy + tokens,IN_PROGRESS,frontend/src/pages/admin/AdminOperationalInventory.jsx,WP17B platform surface inventory · table count,PENDING
TABLE-162,admin,,table_surface,,page_body,PUBLIC,REPRESENTATIVE_IMPLEMENTATION,native_table,WP17C_CANONICAL_TABLE,KEEP,N/A,REPRESENTATIVE_IMPLEMENTATION,ALIGN_LABEL,OPTIONAL_INLINE_HELP,TOKENIZE_ONLY,CERTIFY_IN_REPRESENTATIVE_SET,Canonical table anatomy + tokens,IN_PROGRESS,frontend/src/pages/admin/AdminOperationalInventory.jsx,WP17B platform surface inventory · table count,PENDING
TABLE-163,admin,,table_surface,,page_body,PUBLIC,REPRESENTATIVE_IMPLEMENTATION,native_table,WP17C_CANONICAL_TABLE,KEEP,N/A,REPRESENTATIVE_IMPLEMENTATION,ALIGN_LABEL,OPTIONAL_INLINE_HELP,TOKENIZE_ONLY,CERTIFY_IN_REPRESENTATIVE_SET,Canonical table anatomy + tokens,IN_PROGRESS,frontend/src/pages/admin/AdminOperationalInventory.jsx,WP17B platform surface inventory · table count,PENDING
TABLE-164,admin,,table_surface,,page_body,PUBLIC,REPRESENTATIVE_IMPLEMENTATION,native_table,WP17C_CANONICAL_TABLE,KEEP,N/A,REPRESENTATIVE_IMPLEMENTATION,ALIGN_LABEL,OPTIONAL_INLINE_HELP,TOKENIZE_ONLY,CERTIFY_IN_REPRESENTATIVE_SET,Canonical table anatomy + tokens,IN_PROGRESS,frontend/src/pages/admin/AdminOperationalInventory.jsx,WP17B platform surface inventory · table count,PENDING
TABLE-165,admin,,table_surface,,page_body,PUBLIC,REPRESENTATIVE_IMPLEMENTATION,native_table,WP17C_CANONICAL_TABLE,KEEP,N/A,REPRESENTATIVE_IMPLEMENTATION,ALIGN_LABEL,OPTIONAL_INLINE_HELP,TOKENIZE_ONLY,CERTIFY_IN_REPRESENTATIVE_SET,Canonical table anatomy + tokens,IN_PROGRESS,frontend/src/pages/admin/AdminOperationalInventory.jsx,WP17B platform surface inventory · table count,PENDING
TABLE-166,admin,,table_surface,,page_body,PUBLIC,REPRESENTATIVE_IMPLEMENTATION,native_table,WP17C_CANONICAL_TABLE,KEEP,N/A,REPRESENTATIVE_IMPLEMENTATION,ALIGN_LABEL,OPTIONAL_INLINE_HELP,TOKENIZE_ONLY,CERTIFY_IN_REPRESENTATIVE_SET,Canonical table anatomy + tokens,IN_PROGRESS,frontend/src/pages/admin/AdminOperationalInventory.jsx,WP17B platform surface inventory · table count,PENDING
TABLE-167,admin,,table_surface,,page_body,PUBLIC,STANDARDIZE,native_table,WP17C_CANONICAL_TABLE,KEEP,N/A,STANDARDIZE_FOUNDATION,ALIGN_LABEL,OPTIONAL_INLINE_HELP,TOKENIZE_ONLY,DEFERRED_TO_WP17D,Canonical table anatomy + tokens,FOUNDATION_DEPENDENCY,frontend/src/pages/admin/AdminOperationsDashboard.jsx,WP17B platform surface inventory · table count,PENDING
TABLE-168,admin,,table_surface,,page_body,PUBLIC,STANDARDIZE,native_table,WP17C_CANONICAL_TABLE,KEEP,N/A,STANDARDIZE_FOUNDATION,ALIGN_LABEL,OPTIONAL_INLINE_HELP,TOKENIZE_ONLY,DEFERRED_TO_WP17D,Canonical table anatomy + tokens,FOUNDATION_DEPENDENCY,frontend/src/pages/admin/AdminOperationsEvents.jsx,WP17B platform surface inventory · table count,PENDING
TABLE-169,admin,,table_surface,,page_body,PUBLIC,STANDARDIZE,native_table,WP17C_CANONICAL_TABLE,KEEP,N/A,STANDARDIZE_FOUNDATION,ALIGN_LABEL,OPTIONAL_INLINE_HELP,TOKENIZE_ONLY,DEFERRED_TO_WP17D,Canonical table anatomy + tokens,FOUNDATION_DEPENDENCY,frontend/src/pages/admin/AdminSessions.jsx,WP17B platform surface inventory · table count,PENDING
TABLE-170,admin,,table_surface,,page_body,PUBLIC,STANDARDIZE,native_table,WP17C_CANONICAL_TABLE,KEEP,N/A,STANDARDIZE_FOUNDATION,ALIGN_LABEL,OPTIONAL_INLINE_HELP,TOKENIZE_ONLY,DEFERRED_TO_WP17D,Canonical table anatomy + tokens,FOUNDATION_DEPENDENCY,frontend/src/pages/admin/AdminStorageRecovery.jsx,WP17B platform surface inventory · table count,PENDING
TABLE-171,public_shared,,table_surface,,page_body,PUBLIC,STANDARDIZE,native_table,WP17C_CANONICAL_TABLE,KEEP,N/A,STANDARDIZE_FOUNDATION,ALIGN_LABEL,OPTIONAL_INLINE_HELP,TOKENIZE_ONLY,DEFERRED_TO_WP17D,Canonical table anatomy + tokens,FOUNDATION_DEPENDENCY,frontend/src/pages/admin/IntegrationTruth.jsx,WP17B platform surface inventory · table count,PENDING
TABLE-172,public_shared,,table_surface,,page_body,PUBLIC,STANDARDIZE,native_table,WP17C_CANONICAL_TABLE,KEEP,N/A,STANDARDIZE_FOUNDATION,ALIGN_LABEL,OPTIONAL_INLINE_HELP,TOKENIZE_ONLY,DEFERRED_TO_WP17D,Canonical table anatomy + tokens,FOUNDATION_DEPENDENCY,frontend/src/pages/admin/IntegrationTruth.jsx,WP17B platform surface inventory · table count,PENDING
TABLE-173,public_shared,,table_surface,,page_body,PUBLIC,STANDARDIZE,native_table,WP17C_CANONICAL_TABLE,KEEP,N/A,STANDARDIZE_FOUNDATION,ALIGN_LABEL,OPTIONAL_INLINE_HELP,TOKENIZE_ONLY,DEFERRED_TO_WP17D,Canonical table anatomy + tokens,FOUNDATION_DEPENDENCY,frontend/src/pages/admin/PreviewValidationIdentities.jsx,WP17B platform surface inventory · table count,PENDING
TABLE-174,public_shared,,table_surface,,page_body,PUBLIC,STANDARDIZE,native_table,WP17C_CANONICAL_TABLE,KEEP,N/A,STANDARDIZE_FOUNDATION,ALIGN_LABEL,OPTIONAL_INLINE_HELP,TOKENIZE_ONLY,DEFERRED_TO_WP17D,Canonical table anatomy + tokens,FOUNDATION_DEPENDENCY,frontend/src/pages/shop/UnitHistoryTimeline.jsx,WP17B platform surface inventory · table count,PENDING
TABLE-175,public_shared,,table_surface,,page_body,PUBLIC,STANDARDIZE,native_table,WP17C_CANONICAL_TABLE,KEEP,N/A,STANDARDIZE_FOUNDATION,ALIGN_LABEL,OPTIONAL_INLINE_HELP,TOKENIZE_ONLY,DEFERRED_TO_WP17D,Canonical table anatomy + tokens,FOUNDATION_DEPENDENCY,frontend/src/pages/shop/UnitHistoryTimeline.jsx,WP17B platform surface inventory · table count,PENDING
TABLE-176,public_shared,,table_surface,,page_body,PUBLIC,STANDARDIZE,native_table,WP17C_CANONICAL_TABLE,KEEP,N/A,STANDARDIZE_FOUNDATION,ALIGN_LABEL,OPTIONAL_INLINE_HELP,TOKENIZE_ONLY,DEFERRED_TO_WP17D,Canonical table anatomy + tokens,FOUNDATION_DEPENDENCY,frontend/src/pages/transportation/_command_queue.jsx,WP17B platform surface inventory · table count,PENDING
TABLE-177,public_shared,,table_surface,,page_body,PUBLIC,STANDARDIZE,native_table,WP17C_CANONICAL_TABLE,KEEP,N/A,STANDARDIZE_FOUNDATION,ALIGN_LABEL,OPTIONAL_INLINE_HELP,TOKENIZE_ONLY,DEFERRED_TO_WP17D,Canonical table anatomy + tokens,FOUNDATION_DEPENDENCY,frontend/src/pages/transportation/_lists.jsx,WP17B platform surface inventory · table count,PENDING
TABLE-178,public_shared,,table_surface,,page_body,PUBLIC,STANDARDIZE,native_table,WP17C_CANONICAL_TABLE,KEEP,N/A,STANDARDIZE_FOUNDATION,ALIGN_LABEL,OPTIONAL_INLINE_HELP,TOKENIZE_ONLY,DEFERRED_TO_WP17D,Canonical table anatomy + tokens,FOUNDATION_DEPENDENCY,frontend/src/pages/transportation/_lists.jsx,WP17B platform surface inventory · table count,PENDING
TABLE-179,public_shared,,table_surface,,page_body,PUBLIC,STANDARDIZE,native_table,WP17C_CANONICAL_TABLE,KEEP,N/A,STANDARDIZE_FOUNDATION,ALIGN_LABEL,OPTIONAL_INLINE_HELP,TOKENIZE_ONLY,DEFERRED_TO_WP17D,Canonical table anatomy + tokens,FOUNDATION_DEPENDENCY,frontend/src/pages/transportation/_lists.jsx,WP17B platform surface inventory · table count,PENDING
TABLE-180,public_shared,,table_surface,,page_body,PUBLIC,STANDARDIZE,native_table,WP17C_CANONICAL_TABLE,KEEP,N/A,STANDARDIZE_FOUNDATION,ALIGN_LABEL,OPTIONAL_INLINE_HELP,TOKENIZE_ONLY,DEFERRED_TO_WP17D,Canonical table anatomy + tokens,FOUNDATION_DEPENDENCY,frontend/src/pages/transportation/_lists.jsx,WP17B platform surface inventory · table count,PENDING
TABLE-181,public_shared,,table_surface,,page_body,PUBLIC,STANDARDIZE,native_table,WP17C_CANONICAL_TABLE,KEEP,N/A,STANDARDIZE_FOUNDATION,ALIGN_LABEL,OPTIONAL_INLINE_HELP,TOKENIZE_ONLY,DEFERRED_TO_WP17D,Canonical table anatomy + tokens,FOUNDATION_DEPENDENCY,frontend/src/pages/transportation/_lists.jsx,WP17B platform surface inventory · table count,PENDING
TABLE-182,public_shared,,table_surface,,page_body,PUBLIC,STANDARDIZE,native_table,WP17C_CANONICAL_TABLE,KEEP,N/A,STANDARDIZE_FOUNDATION,ALIGN_LABEL,OPTIONAL_INLINE_HELP,TOKENIZE_ONLY,DEFERRED_TO_WP17D,Canonical table anatomy + tokens,FOUNDATION_DEPENDENCY,frontend/src/pages/transportation/_lists.jsx,WP17B platform surface inventory · table count,PENDING
TABLE-183,public_shared,,table_surface,,page_body,PUBLIC,STANDARDIZE,native_table,WP17C_CANONICAL_TABLE,KEEP,N/A,STANDARDIZE_FOUNDATION,ALIGN_LABEL,OPTIONAL_INLINE_HELP,TOKENIZE_ONLY,DEFERRED_TO_WP17D,Canonical table anatomy + tokens,FOUNDATION_DEPENDENCY,frontend/src/pages/transportation/_lists.jsx,WP17B platform surface inventory · table count,PENDING
TABLE-184,public_shared,,table_surface,,page_body,PUBLIC,STANDARDIZE,native_table,WP17C_CANONICAL_TABLE,KEEP,N/A,STANDARDIZE_FOUNDATION,ALIGN_LABEL,OPTIONAL_INLINE_HELP,TOKENIZE_ONLY,DEFERRED_TO_WP17D,Canonical table anatomy + tokens,FOUNDATION_DEPENDENCY,frontend/src/pages/transportation/_lists.jsx,WP17B platform surface inventory · table count,PENDING
TABLE-185,public_shared,,table_surface,,page_body,PUBLIC,STANDARDIZE,native_table,WP17C_CANONICAL_TABLE,KEEP,N/A,STANDARDIZE_FOUNDATION,ALIGN_LABEL,OPTIONAL_INLINE_HELP,TOKENIZE_ONLY,DEFERRED_TO_WP17D,Canonical table anatomy + tokens,FOUNDATION_DEPENDENCY,frontend/src/pages/transportation/_modals.jsx,WP17B platform surface inventory · table count,PENDING
TABLE-186,public_shared,,table_surface,,page_body,PUBLIC,STANDARDIZE,native_table,WP17C_CANONICAL_TABLE,KEEP,N/A,STANDARDIZE_FOUNDATION,ALIGN_LABEL,OPTIONAL_INLINE_HELP,TOKENIZE_ONLY,DEFERRED_TO_WP17D,Canonical table anatomy + tokens,FOUNDATION_DEPENDENCY,frontend/src/pages/transportation/_orientation.jsx,WP17B platform surface inventory · table count,PENDING
TABLE-187,public_shared,,table_surface,,page_body,PUBLIC,STANDARDIZE,native_table,WP17C_CANONICAL_TABLE,KEEP,N/A,STANDARDIZE_FOUNDATION,ALIGN_LABEL,OPTIONAL_INLINE_HELP,TOKENIZE_ONLY,DEFERRED_TO_WP17D,Canonical table anatomy + tokens,FOUNDATION_DEPENDENCY,frontend/src/pages/transportation/_orientation.jsx,WP17B platform surface inventory · table count,PENDING
TABLE-188,public_shared,,table_surface,,page_body,PUBLIC,STANDARDIZE,native_table,WP17C_CANONICAL_TABLE,KEEP,N/A,STANDARDIZE_FOUNDATION,ALIGN_LABEL,OPTIONAL_INLINE_HELP,TOKENIZE_ONLY,DEFERRED_TO_WP17D,Canonical table anatomy + tokens,FOUNDATION_DEPENDENCY,frontend/src/pages/transportation/_orientation.jsx,WP17B platform surface inventory · table count,PENDING
TABLE-189,public_shared,,table_surface,,page_body,PUBLIC,STANDARDIZE,native_table,WP17C_CANONICAL_TABLE,KEEP,N/A,STANDARDIZE_FOUNDATION,ALIGN_LABEL,OPTIONAL_INLINE_HELP,TOKENIZE_ONLY,DEFERRED_TO_WP17D,Canonical table anatomy + tokens,FOUNDATION_DEPENDENCY,frontend/src/pages/transportation/_orientation.jsx,WP17B platform surface inventory · table count,PENDING
TABLE-190,public_shared,,table_surface,,page_body,PUBLIC,STANDARDIZE,native_table,WP17C_CANONICAL_TABLE,KEEP,N/A,STANDARDIZE_FOUNDATION,ALIGN_LABEL,OPTIONAL_INLINE_HELP,TOKENIZE_ONLY,DEFERRED_TO_WP17D,Canonical table anatomy + tokens,FOUNDATION_DEPENDENCY,frontend/src/pages/transportation/_views.jsx,WP17B platform surface inventory · table count,PENDING
TABLE-191,public_shared,,table_surface,,page_body,PUBLIC,STANDARDIZE,native_table,WP17C_CANONICAL_TABLE,KEEP,N/A,STANDARDIZE_FOUNDATION,ALIGN_LABEL,OPTIONAL_INLINE_HELP,TOKENIZE_ONLY,DEFERRED_TO_WP17D,Canonical table anatomy + tokens,FOUNDATION_DEPENDENCY,frontend/src/pages/transportation/_views.jsx,WP17B platform surface inventory · table count,PENDING
TABLE-192,public_shared,,table_surface,,page_body,PUBLIC,STANDARDIZE,native_table,WP17C_CANONICAL_TABLE,KEEP,N/A,STANDARDIZE_FOUNDATION,ALIGN_LABEL,OPTIONAL_INLINE_HELP,TOKENIZE_ONLY,DEFERRED_TO_WP17D,Canonical table anatomy + tokens,FOUNDATION_DEPENDENCY,frontend/src/pages/transportation/_views.jsx,WP17B platform surface inventory · table count,PENDING
TABLE-193,safety,,table_surface,,page_body,PUBLIC,STANDARDIZE,native_table,WP17C_CANONICAL_TABLE,KEEP,N/A,STANDARDIZE_FOUNDATION,ALIGN_LABEL,OPTIONAL_INLINE_HELP,TOKENIZE_ONLY,DEFERRED_TO_WP17D,Canonical table anatomy + tokens,FOUNDATION_DEPENDENCY,frontend/src/pages/trench_safety/TrenchSafetyAssetDetail.jsx,WP17B platform surface inventory · table count,PENDING
TABLE-194,safety,,table_surface,,page_body,PUBLIC,STANDARDIZE,native_table,WP17C_CANONICAL_TABLE,KEEP,N/A,STANDARDIZE_FOUNDATION,ALIGN_LABEL,OPTIONAL_INLINE_HELP,TOKENIZE_ONLY,DEFERRED_TO_WP17D,Canonical table anatomy + tokens,FOUNDATION_DEPENDENCY,frontend/src/pages/trench_safety/TrenchSafetyAssetsList.jsx,WP17B platform surface inventory · table count,PENDING
TABLE-195,safety,,table_surface,,page_body,PUBLIC,STANDARDIZE,native_table,WP17C_CANONICAL_TABLE,KEEP,N/A,STANDARDIZE_FOUNDATION,ALIGN_LABEL,OPTIONAL_INLINE_HELP,TOKENIZE_ONLY,DEFERRED_TO_WP17D,Canonical table anatomy + tokens,FOUNDATION_DEPENDENCY,frontend/src/pages/trench_safety/TrenchSafetyPolish.jsx,WP17B platform surface inventory · table count,PENDING
TABLE-196,safety,,table_surface,,page_body,PUBLIC,STANDARDIZE,native_table,WP17C_CANONICAL_TABLE,KEEP,N/A,STANDARDIZE_FOUNDATION,ALIGN_LABEL,OPTIONAL_INLINE_HELP,TOKENIZE_ONLY,DEFERRED_TO_WP17D,Canonical table anatomy + tokens,FOUNDATION_DEPENDENCY,frontend/src/pages/trench_safety/TrenchSafetyReports.jsx,WP17B platform surface inventory · table count,PENDING
OVERLAY-001,admin,,Dialog_surface,,overlay_or_supporting_nav,PUBLIC,STANDARDIZE,Dialog,WP17C_CANONICAL_OVERLAY,KEEP,N/A,STANDARDIZE_FOUNDATION,ALIGN_LABEL,N/A,TOKENIZE_ONLY,DEFERRED_TO_WP17D,Canonical overlay foundation,FOUNDATION_DEPENDENCY,components/AdminAccessControlPanel.jsx,WP17B overlay/nav inventory,PENDING
OVERLAY-002,admin,,Dialog_surface,,overlay_or_supporting_nav,PUBLIC,STANDARDIZE,Dialog,WP17C_CANONICAL_OVERLAY,KEEP,N/A,STANDARDIZE_FOUNDATION,ALIGN_LABEL,N/A,TOKENIZE_ONLY,DEFERRED_TO_WP17D,Canonical overlay foundation,FOUNDATION_DEPENDENCY,components/AdminBannersPanel.jsx,WP17B overlay/nav inventory,PENDING
OVERLAY-003,admin,,Dialog_surface,,overlay_or_supporting_nav,PUBLIC,STANDARDIZE,Dialog,WP17C_CANONICAL_OVERLAY,KEEP,N/A,STANDARDIZE_FOUNDATION,ALIGN_LABEL,N/A,TOKENIZE_ONLY,DEFERRED_TO_WP17D,Canonical overlay foundation,FOUNDATION_DEPENDENCY,components/AdminDispatchUsersPanel.jsx,WP17B overlay/nav inventory,PENDING
OVERLAY-004,admin,,Dialog_surface,,overlay_or_supporting_nav,PUBLIC,STANDARDIZE,Dialog,WP17C_CANONICAL_OVERLAY,KEEP,N/A,STANDARDIZE_FOUNDATION,ALIGN_LABEL,N/A,TOKENIZE_ONLY,DEFERRED_TO_WP17D,Canonical overlay foundation,FOUNDATION_DEPENDENCY,components/AdminFieldLeadershipUsersPanel.jsx,WP17B overlay/nav inventory,PENDING
OVERLAY-005,admin,,Dialog_surface,,overlay_or_supporting_nav,PUBLIC,STANDARDIZE,Dialog,WP17C_CANONICAL_OVERLAY,KEEP,N/A,STANDARDIZE_FOUNDATION,ALIGN_LABEL,N/A,TOKENIZE_ONLY,DEFERRED_TO_WP17D,Canonical overlay foundation,FOUNDATION_DEPENDENCY,components/AdminHRUsersPanel.jsx,WP17B overlay/nav inventory,PENDING
OVERLAY-006,admin,,Dialog_surface,,overlay_or_supporting_nav,PUBLIC,STANDARDIZE,Dialog,WP17C_CANONICAL_OVERLAY,KEEP,N/A,STANDARDIZE_FOUNDATION,ALIGN_LABEL,N/A,TOKENIZE_ONLY,DEFERRED_TO_WP17D,Canonical overlay foundation,FOUNDATION_DEPENDENCY,components/AdminJobMasterPanel.jsx,WP17B overlay/nav inventory,PENDING
OVERLAY-007,admin,,Dialog_surface,,overlay_or_supporting_nav,PUBLIC,STANDARDIZE,Dialog,WP17C_CANONICAL_OVERLAY,KEEP,N/A,STANDARDIZE_FOUNDATION,ALIGN_LABEL,N/A,TOKENIZE_ONLY,DEFERRED_TO_WP17D,Canonical overlay foundation,FOUNDATION_DEPENDENCY,components/AdminPMPanel.jsx,WP17B overlay/nav inventory,PENDING
OVERLAY-008,admin,,Dialog_surface,,overlay_or_supporting_nav,PUBLIC,STANDARDIZE,Dialog,WP17C_CANONICAL_OVERLAY,KEEP,N/A,STANDARDIZE_FOUNDATION,ALIGN_LABEL,N/A,TOKENIZE_ONLY,DEFERRED_TO_WP17D,Canonical overlay foundation,FOUNDATION_DEPENDENCY,components/AdminPasswordConfirm.jsx,WP17B overlay/nav inventory,PENDING
OVERLAY-009,admin,,Dialog_surface,,overlay_or_supporting_nav,PUBLIC,STANDARDIZE,Dialog,WP17C_CANONICAL_OVERLAY,KEEP,N/A,STANDARDIZE_FOUNDATION,ALIGN_LABEL,N/A,TOKENIZE_ONLY,DEFERRED_TO_WP17D,Canonical overlay foundation,FOUNDATION_DEPENDENCY,components/AdminSafetyUsersPanel.jsx,WP17B overlay/nav inventory,PENDING
OVERLAY-010,admin,,Dialog_surface,,overlay_or_supporting_nav,PUBLIC,STANDARDIZE,Dialog,WP17C_CANONICAL_OVERLAY,KEEP,N/A,STANDARDIZE_FOUNDATION,ALIGN_LABEL,N/A,TOKENIZE_ONLY,DEFERRED_TO_WP17D,Canonical overlay foundation,FOUNDATION_DEPENDENCY,components/AdminShopUsersPanel.jsx,WP17B overlay/nav inventory,PENDING
OVERLAY-011,public_shared,,Dialog_surface,,overlay_or_supporting_nav,PUBLIC,STANDARDIZE,Dialog,WP17C_CANONICAL_OVERLAY,KEEP,N/A,STANDARDIZE_FOUNDATION,ALIGN_LABEL,N/A,TOKENIZE_ONLY,DEFERRED_TO_WP17D,Canonical overlay foundation,FOUNDATION_DEPENDENCY,components/AttendeeBulkAddDialog.jsx,WP17B overlay/nav inventory,PENDING
OVERLAY-012,public_shared,,Dialog_surface,,overlay_or_supporting_nav,PUBLIC,STANDARDIZE,Dialog,WP17C_CANONICAL_OVERLAY,KEEP,N/A,STANDARDIZE_FOUNDATION,ALIGN_LABEL,N/A,TOKENIZE_ONLY,DEFERRED_TO_WP17D,Canonical overlay foundation,FOUNDATION_DEPENDENCY,components/BackupHeroPanel.jsx,WP17B overlay/nav inventory,PENDING
OVERLAY-013,public_shared,,Dialog_surface,,overlay_or_supporting_nav,PUBLIC,STANDARDIZE,Dialog,WP17C_CANONICAL_OVERLAY,KEEP,N/A,STANDARDIZE_FOUNDATION,ALIGN_LABEL,N/A,TOKENIZE_ONLY,DEFERRED_TO_WP17D,Canonical overlay foundation,FOUNDATION_DEPENDENCY,components/BannerAuditDialog.jsx,WP17B overlay/nav inventory,PENDING
OVERLAY-014,public_shared,,Dialog_surface,,overlay_or_supporting_nav,PUBLIC,STANDARDIZE,Dialog,WP17C_CANONICAL_OVERLAY,KEEP,N/A,STANDARDIZE_FOUNDATION,ALIGN_LABEL,N/A,TOKENIZE_ONLY,DEFERRED_TO_WP17D,Canonical overlay foundation,FOUNDATION_DEPENDENCY,components/CompanyInfoDialog.jsx,WP17B overlay/nav inventory,PENDING
OVERLAY-015,public_shared,,Dialog_surface,,overlay_or_supporting_nav,PUBLIC,STANDARDIZE,Dialog,WP17C_CANONICAL_OVERLAY,KEEP,N/A,STANDARDIZE_FOUNDATION,ALIGN_LABEL,N/A,TOKENIZE_ONLY,DEFERRED_TO_WP17D,Canonical overlay foundation,FOUNDATION_DEPENDENCY,components/CrewRecoveryPanel.jsx,WP17B overlay/nav inventory,PENDING
OVERLAY-016,public_shared,,Dialog_surface,,overlay_or_supporting_nav,PUBLIC,STANDARDIZE,Dialog,WP17C_CANONICAL_OVERLAY,KEEP,N/A,STANDARDIZE_FOUNDATION,ALIGN_LABEL,N/A,TOKENIZE_ONLY,DEFERRED_TO_WP17D,Canonical overlay foundation,FOUNDATION_DEPENDENCY,components/EditProjectDialog.jsx,WP17B overlay/nav inventory,PENDING
OVERLAY-017,public_shared,,Dialog_surface,,overlay_or_supporting_nav,PUBLIC,STANDARDIZE,Dialog,WP17C_CANONICAL_OVERLAY,KEEP,N/A,STANDARDIZE_FOUNDATION,ALIGN_LABEL,N/A,TOKENIZE_ONLY,DEFERRED_TO_WP17D,Canonical overlay foundation,FOUNDATION_DEPENDENCY,components/EmailReportDialog.jsx,WP17B overlay/nav inventory,PENDING
OVERLAY-018,public_shared,,Dialog_surface,,overlay_or_supporting_nav,PUBLIC,STANDARDIZE,Dialog,WP17C_CANONICAL_OVERLAY,KEEP,N/A,STANDARDIZE_FOUNDATION,ALIGN_LABEL,N/A,TOKENIZE_ONLY,DEFERRED_TO_WP17D,Canonical overlay foundation,FOUNDATION_DEPENDENCY,components/EquipmentMasterPanel.jsx,WP17B overlay/nav inventory,PENDING
OVERLAY-019,public_shared,,Dialog_surface,,overlay_or_supporting_nav,PUBLIC,STANDARDIZE,Dialog,WP17C_CANONICAL_OVERLAY,KEEP,N/A,STANDARDIZE_FOUNDATION,ALIGN_LABEL,N/A,TOKENIZE_ONLY,DEFERRED_TO_WP17D,Canonical overlay foundation,FOUNDATION_DEPENDENCY,components/IncidentLifecyclePanel.jsx,WP17B overlay/nav inventory,PENDING
OVERLAY-020,public_shared,,Dialog_surface,,overlay_or_supporting_nav,PUBLIC,STANDARDIZE,Dialog,WP17C_CANONICAL_OVERLAY,KEEP,N/A,STANDARDIZE_FOUNDATION,ALIGN_LABEL,N/A,TOKENIZE_ONLY,DEFERRED_TO_WP17D,Canonical overlay foundation,FOUNDATION_DEPENDENCY,components/JhaAcknowledgeButton.jsx,WP17B overlay/nav inventory,PENDING
OVERLAY-021,public_shared,,Dialog_surface,,overlay_or_supporting_nav,PUBLIC,STANDARDIZE,Dialog,WP17C_CANONICAL_OVERLAY,KEEP,N/A,STANDARDIZE_FOUNDATION,ALIGN_LABEL,N/A,TOKENIZE_ONLY,DEFERRED_TO_WP17D,Canonical overlay foundation,FOUNDATION_DEPENDENCY,components/LifecyclePanel.jsx,WP17B overlay/nav inventory,PENDING
OVERLAY-022,public_shared,,Dialog_surface,,overlay_or_supporting_nav,PUBLIC,STANDARDIZE,Dialog,WP17C_CANONICAL_OVERLAY,KEEP,N/A,STANDARDIZE_FOUNDATION,ALIGN_LABEL,N/A,TOKENIZE_ONLY,DEFERRED_TO_WP17D,Canonical overlay foundation,FOUNDATION_DEPENDENCY,components/PhotoLightbox.jsx,WP17B overlay/nav inventory,PENDING
OVERLAY-023,public_shared,,Dialog_surface,,overlay_or_supporting_nav,PUBLIC,STANDARDIZE,Dialog,WP17C_CANONICAL_OVERLAY,KEEP,N/A,STANDARDIZE_FOUNDATION,ALIGN_LABEL,N/A,TOKENIZE_ONLY,DEFERRED_TO_WP17D,Canonical overlay foundation,FOUNDATION_DEPENDENCY,components/QaqcLifecyclePanel.jsx,WP17B overlay/nav inventory,PENDING
OVERLAY-024,public_shared,,Dialog_surface,,overlay_or_supporting_nav,PUBLIC,STANDARDIZE,Dialog,WP17C_CANONICAL_OVERLAY,KEEP,N/A,STANDARDIZE_FOUNDATION,ALIGN_LABEL,N/A,TOKENIZE_ONLY,DEFERRED_TO_WP17D,Canonical overlay foundation,FOUNDATION_DEPENDENCY,components/RestoreBackupPanel.jsx,WP17B overlay/nav inventory,PENDING
OVERLAY-025,safety,,Dialog_surface,,overlay_or_supporting_nav,PUBLIC,STANDARDIZE,Dialog,WP17C_CANONICAL_OVERLAY,KEEP,N/A,STANDARDIZE_FOUNDATION,ALIGN_LABEL,N/A,TOKENIZE_ONLY,DEFERRED_TO_WP17D,Canonical overlay foundation,FOUNDATION_DEPENDENCY,components/SafetyFireExtManageDialog.jsx,WP17B overlay/nav inventory,PENDING
OVERLAY-026,public_shared,,Dialog_surface,,overlay_or_supporting_nav,PUBLIC,STANDARDIZE,Dialog,WP17C_CANONICAL_OVERLAY,KEEP,N/A,STANDARDIZE_FOUNDATION,ALIGN_LABEL,N/A,TOKENIZE_ONLY,DEFERRED_TO_WP17D,Canonical overlay foundation,FOUNDATION_DEPENDENCY,components/ShareFormDialog.jsx,WP17B overlay/nav inventory,PENDING
OVERLAY-027,public_shared,,Dialog_surface,,overlay_or_supporting_nav,PUBLIC,STANDARDIZE,Dialog,WP17C_CANONICAL_OVERLAY,KEEP,N/A,STANDARDIZE_FOUNDATION,ALIGN_LABEL,N/A,TOKENIZE_ONLY,DEFERRED_TO_WP17D,Canonical overlay foundation,FOUNDATION_DEPENDENCY,components/SiteInspectionLifecyclePanel.jsx,WP17B overlay/nav inventory,PENDING
OVERLAY-028,public_shared,,Dialog_surface,,overlay_or_supporting_nav,PUBLIC,STANDARDIZE,Dialog,WP17C_CANONICAL_OVERLAY,KEEP,N/A,STANDARDIZE_FOUNDATION,ALIGN_LABEL,N/A,TOKENIZE_ONLY,DEFERRED_TO_WP17D,Canonical overlay foundation,FOUNDATION_DEPENDENCY,components/UndoLastTransitionButton.jsx,WP17B overlay/nav inventory,PENDING
OVERLAY-029,public_shared,,Dialog_surface,,overlay_or_supporting_nav,PUBLIC,STANDARDIZE,Dialog,WP17C_CANONICAL_OVERLAY,KEEP,N/A,STANDARDIZE_FOUNDATION,ALIGN_LABEL,N/A,TOKENIZE_ONLY,DEFERRED_TO_WP17D,Canonical overlay foundation,FOUNDATION_DEPENDENCY,components/admin/MappingCleanupTab.jsx,WP17B overlay/nav inventory,PENDING
OVERLAY-030,public_shared,,Dialog_surface,,overlay_or_supporting_nav,PUBLIC,STANDARDIZE,Dialog,WP17C_CANONICAL_OVERLAY,KEEP,N/A,STANDARDIZE_FOUNDATION,ALIGN_LABEL,N/A,TOKENIZE_ONLY,DEFERRED_TO_WP17D,Canonical overlay foundation,FOUNDATION_DEPENDENCY,components/team/JobTeamRosterPanel.jsx,WP17B overlay/nav inventory,PENDING
OVERLAY-031,public_shared,,Dialog_surface,,overlay_or_supporting_nav,PUBLIC,STANDARDIZE,Dialog,WP17C_CANONICAL_OVERLAY,KEEP,N/A,STANDARDIZE_FOUNDATION,ALIGN_LABEL,N/A,TOKENIZE_ONLY,DEFERRED_TO_WP17D,Canonical overlay foundation,FOUNDATION_DEPENDENCY,components/team/RemoveReasonDialog.jsx,WP17B overlay/nav inventory,PENDING
OVERLAY-032,public_shared,,Dialog_surface,,overlay_or_supporting_nav,PUBLIC,STANDARDIZE,Dialog,WP17C_CANONICAL_OVERLAY,KEEP,N/A,STANDARDIZE_FOUNDATION,ALIGN_LABEL,N/A,TOKENIZE_ONLY,DEFERRED_TO_WP17D,Canonical overlay foundation,FOUNDATION_DEPENDENCY,components/ui/command.jsx,WP17B overlay/nav inventory,PENDING
OVERLAY-033,public_shared,,Dialog_surface,,overlay_or_supporting_nav,PUBLIC,STANDARDIZE,Dialog,WP17C_CANONICAL_OVERLAY,KEEP,N/A,STANDARDIZE_FOUNDATION,ALIGN_LABEL,N/A,TOKENIZE_ONLY,DEFERRED_TO_WP17D,Canonical overlay foundation,FOUNDATION_DEPENDENCY,components/ui/dialog.jsx,WP17B overlay/nav inventory,PENDING
OVERLAY-034,public_shared,,Dialog_surface,,overlay_or_supporting_nav,PUBLIC,STANDARDIZE,Dialog,WP17C_CANONICAL_OVERLAY,KEEP,N/A,STANDARDIZE_FOUNDATION,ALIGN_LABEL,N/A,TOKENIZE_ONLY,DEFERRED_TO_WP17D,Canonical overlay foundation,FOUNDATION_DEPENDENCY,index.js,WP17B overlay/nav inventory,PENDING
OVERLAY-035,admin,,Dialog_surface,,overlay_or_supporting_nav,PUBLIC,STANDARDIZE,Dialog,WP17C_CANONICAL_OVERLAY,KEEP,N/A,STANDARDIZE_FOUNDATION,ALIGN_LABEL,N/A,TOKENIZE_ONLY,DEFERRED_TO_WP17D,Canonical overlay foundation,FOUNDATION_DEPENDENCY,pages/AdminLeadershipEquipment.jsx,WP17B overlay/nav inventory,PENDING
OVERLAY-036,admin,,Dialog_surface,,overlay_or_supporting_nav,PUBLIC,STANDARDIZE,Dialog,WP17C_CANONICAL_OVERLAY,KEEP,N/A,STANDARDIZE_FOUNDATION,ALIGN_LABEL,N/A,TOKENIZE_ONLY,DEFERRED_TO_WP17D,Canonical overlay foundation,FOUNDATION_DEPENDENCY,pages/AdminLegacyImports.jsx,WP17B overlay/nav inventory,PENDING
OVERLAY-037,public_shared,,Dialog_surface,,overlay_or_supporting_nav,PUBLIC,STANDARDIZE,Dialog,WP17C_CANONICAL_OVERLAY,KEEP,N/A,STANDARDIZE_FOUNDATION,ALIGN_LABEL,N/A,TOKENIZE_ONLY,DEFERRED_TO_WP17D,Canonical overlay foundation,FOUNDATION_DEPENDENCY,pages/DocumentExpirations.jsx,WP17B overlay/nav inventory,PENDING
OVERLAY-038,field_leadership,,Dialog_surface,,overlay_or_supporting_nav,PUBLIC,STANDARDIZE,Dialog,WP17C_CANONICAL_OVERLAY,KEEP,N/A,STANDARDIZE_FOUNDATION,ALIGN_LABEL,N/A,TOKENIZE_ONLY,DEFERRED_TO_WP17D,Canonical overlay foundation,FOUNDATION_DEPENDENCY,pages/FieldLeadershipPortalLogin.jsx,WP17B overlay/nav inventory,PENDING
OVERLAY-039,safety,,Dialog_surface,,overlay_or_supporting_nav,PUBLIC,STANDARDIZE,Dialog,WP17C_CANONICAL_OVERLAY,KEEP,N/A,STANDARDIZE_FOUNDATION,ALIGN_LABEL,N/A,TOKENIZE_ONLY,DEFERRED_TO_WP17D,Canonical overlay foundation,FOUNDATION_DEPENDENCY,pages/FieldSafetyCards.jsx,WP17B overlay/nav inventory,PENDING
OVERLAY-040,hr,,Dialog_surface,,overlay_or_supporting_nav,PUBLIC,STANDARDIZE,Dialog,WP17C_CANONICAL_OVERLAY,KEEP,N/A,STANDARDIZE_FOUNDATION,ALIGN_LABEL,N/A,TOKENIZE_ONLY,DEFERRED_TO_WP17D,Canonical overlay foundation,FOUNDATION_DEPENDENCY,pages/HrEmployeeRequestsQueue.jsx,WP17B overlay/nav inventory,PENDING
OVERLAY-041,hr,,Dialog_surface,,overlay_or_supporting_nav,PUBLIC,STANDARDIZE,Dialog,WP17C_CANONICAL_OVERLAY,KEEP,N/A,STANDARDIZE_FOUNDATION,ALIGN_LABEL,N/A,TOKENIZE_ONLY,DEFERRED_TO_WP17D,Canonical overlay foundation,FOUNDATION_DEPENDENCY,pages/HrEmployees.jsx,WP17B overlay/nav inventory,PENDING
OVERLAY-042,hr,,Dialog_surface,,overlay_or_supporting_nav,PUBLIC,STANDARDIZE,Dialog,WP17C_CANONICAL_OVERLAY,KEEP,N/A,STANDARDIZE_FOUNDATION,ALIGN_LABEL,N/A,TOKENIZE_ONLY,DEFERRED_TO_WP17D,Canonical overlay foundation,FOUNDATION_DEPENDENCY,pages/HrLogin.jsx,WP17B overlay/nav inventory,PENDING
OVERLAY-043,hr,,Dialog_surface,,overlay_or_supporting_nav,PUBLIC,STANDARDIZE,Dialog,WP17C_CANONICAL_OVERLAY,KEEP,N/A,STANDARDIZE_FOUNDATION,ALIGN_LABEL,N/A,TOKENIZE_ONLY,DEFERRED_TO_WP17D,Canonical overlay foundation,FOUNDATION_DEPENDENCY,pages/HrTimeOff.jsx,WP17B overlay/nav inventory,PENDING
OVERLAY-044,public_shared,,Dialog_surface,,overlay_or_supporting_nav,PUBLIC,STANDARDIZE,Dialog,WP17C_CANONICAL_OVERLAY,KEEP,N/A,STANDARDIZE_FOUNDATION,ALIGN_LABEL,N/A,TOKENIZE_ONLY,DEFERRED_TO_WP17D,Canonical overlay foundation,FOUNDATION_DEPENDENCY,pages/PmLogin.jsx,WP17B overlay/nav inventory,PENDING
OVERLAY-045,public_shared,,Dialog_surface,,overlay_or_supporting_nav,PUBLIC,STANDARDIZE,Dialog,WP17C_CANONICAL_OVERLAY,KEEP,N/A,STANDARDIZE_FOUNDATION,ALIGN_LABEL,N/A,TOKENIZE_ONLY,DEFERRED_TO_WP17D,Canonical overlay foundation,FOUNDATION_DEPENDENCY,pages/PoRequests.jsx,WP17B overlay/nav inventory,PENDING
OVERLAY-046,safety,,Dialog_surface,,overlay_or_supporting_nav,PUBLIC,STANDARDIZE,Dialog,WP17C_CANONICAL_OVERLAY,KEEP,N/A,STANDARDIZE_FOUNDATION,ALIGN_LABEL,N/A,TOKENIZE_ONLY,DEFERRED_TO_WP17D,Canonical overlay foundation,FOUNDATION_DEPENDENCY,pages/SafetyCorrectiveActions.jsx,WP17B overlay/nav inventory,PENDING
OVERLAY-047,safety,,Dialog_surface,,overlay_or_supporting_nav,PUBLIC,STANDARDIZE,Dialog,WP17C_CANONICAL_OVERLAY,KEEP,N/A,STANDARDIZE_FOUNDATION,ALIGN_LABEL,N/A,TOKENIZE_ONLY,DEFERRED_TO_WP17D,Canonical overlay foundation,FOUNDATION_DEPENDENCY,pages/SafetyDocuments.jsx,WP17B overlay/nav inventory,PENDING
OVERLAY-048,safety,,Dialog_surface,,overlay_or_supporting_nav,PUBLIC,STANDARDIZE,Dialog,WP17C_CANONICAL_OVERLAY,KEEP,N/A,STANDARDIZE_FOUNDATION,ALIGN_LABEL,N/A,TOKENIZE_ONLY,DEFERRED_TO_WP17D,Canonical overlay foundation,FOUNDATION_DEPENDENCY,pages/SafetyFireExtinguishers.jsx,WP17B overlay/nav inventory,PENDING
OVERLAY-049,safety,,Dialog_surface,,overlay_or_supporting_nav,PUBLIC,STANDARDIZE,Dialog,WP17C_CANONICAL_OVERLAY,KEEP,N/A,STANDARDIZE_FOUNDATION,ALIGN_LABEL,N/A,TOKENIZE_ONLY,DEFERRED_TO_WP17D,Canonical overlay foundation,FOUNDATION_DEPENDENCY,pages/SafetyTopicLibrary.jsx,WP17B overlay/nav inventory,PENDING
OVERLAY-050,safety,,Dialog_surface,,overlay_or_supporting_nav,PUBLIC,STANDARDIZE,Dialog,WP17C_CANONICAL_OVERLAY,KEEP,N/A,STANDARDIZE_FOUNDATION,ALIGN_LABEL,N/A,TOKENIZE_ONLY,DEFERRED_TO_WP17D,Canonical overlay foundation,FOUNDATION_DEPENDENCY,pages/SafetyTrainingRecords.jsx,WP17B overlay/nav inventory,PENDING
OVERLAY-051,shop,,Dialog_surface,,overlay_or_supporting_nav,PUBLIC,STANDARDIZE,Dialog,WP17C_CANONICAL_OVERLAY,KEEP,N/A,STANDARDIZE_FOUNDATION,ALIGN_LABEL,N/A,TOKENIZE_ONLY,DEFERRED_TO_WP17D,Canonical overlay foundation,FOUNDATION_DEPENDENCY,pages/ShopLogin.jsx,WP17B overlay/nav inventory,PENDING
OVERLAY-052,admin,,Dialog_surface,,overlay_or_supporting_nav,PUBLIC,STANDARDIZE,Dialog,WP17C_CANONICAL_OVERLAY,KEEP,N/A,STANDARDIZE_FOUNDATION,ALIGN_LABEL,N/A,TOKENIZE_ONLY,DEFERRED_TO_WP17D,Canonical overlay foundation,FOUNDATION_DEPENDENCY,pages/TrenchBoxesAdmin.jsx,WP17B overlay/nav inventory,PENDING
OVERLAY-053,admin,,Dialog_surface,,overlay_or_supporting_nav,PUBLIC,STANDARDIZE,Dialog,WP17C_CANONICAL_OVERLAY,KEEP,N/A,STANDARDIZE_FOUNDATION,ALIGN_LABEL,N/A,TOKENIZE_ONLY,DEFERRED_TO_WP17D,Canonical overlay foundation,FOUNDATION_DEPENDENCY,pages/admin/AdminComplianceFindings.jsx,WP17B overlay/nav inventory,PENDING
OVERLAY-054,admin,,Dialog_surface,,overlay_or_supporting_nav,PUBLIC,STANDARDIZE,Dialog,WP17C_CANONICAL_OVERLAY,KEEP,N/A,STANDARDIZE_FOUNDATION,ALIGN_LABEL,N/A,TOKENIZE_ONLY,DEFERRED_TO_WP17D,Canonical overlay foundation,FOUNDATION_DEPENDENCY,pages/admin/AdminDispatch.jsx,WP17B overlay/nav inventory,PENDING
OVERLAY-055,admin,,Dialog_surface,,overlay_or_supporting_nav,PUBLIC,STANDARDIZE,Dialog,WP17C_CANONICAL_OVERLAY,KEEP,N/A,STANDARDIZE_FOUNDATION,ALIGN_LABEL,N/A,TOKENIZE_ONLY,DEFERRED_TO_WP17D,Canonical overlay foundation,FOUNDATION_DEPENDENCY,pages/admin/AdminIntegrationCenter.jsx,WP17B overlay/nav inventory,PENDING
OVERLAY-056,admin,,Dialog_surface,,overlay_or_supporting_nav,PUBLIC,STANDARDIZE,Dialog,WP17C_CANONICAL_OVERLAY,KEEP,N/A,STANDARDIZE_FOUNDATION,ALIGN_LABEL,N/A,TOKENIZE_ONLY,DEFERRED_TO_WP17D,Canonical overlay foundation,FOUNDATION_DEPENDENCY,pages/admin/AdminPromoAssets.jsx,WP17B overlay/nav inventory,PENDING
OVERLAY-057,public_shared,,Dialog_surface,,overlay_or_supporting_nav,PUBLIC,STANDARDIZE,Dialog,WP17C_CANONICAL_OVERLAY,KEEP,N/A,STANDARDIZE_FOUNDATION,ALIGN_LABEL,N/A,TOKENIZE_ONLY,DEFERRED_TO_WP17D,Canonical overlay foundation,FOUNDATION_DEPENDENCY,pages/transportation/_widgets.jsx,WP17B overlay/nav inventory,PENDING
OVERLAY-058,public_shared,,Dialog_surface,,overlay_or_supporting_nav,PUBLIC,STANDARDIZE,Dialog,WP17C_CANONICAL_OVERLAY,KEEP,N/A,STANDARDIZE_FOUNDATION,ALIGN_LABEL,N/A,TOKENIZE_ONLY,DEFERRED_TO_WP17D,Canonical overlay foundation,FOUNDATION_DEPENDENCY,pages/trench_safety/ExcavationOversight.jsx,WP17B overlay/nav inventory,PENDING
OVERLAY-059,safety,,Dialog_surface,,overlay_or_supporting_nav,PUBLIC,STANDARDIZE,Dialog,WP17C_CANONICAL_OVERLAY,KEEP,N/A,STANDARDIZE_FOUNDATION,ALIGN_LABEL,N/A,TOKENIZE_ONLY,DEFERRED_TO_WP17D,Canonical overlay foundation,FOUNDATION_DEPENDENCY,pages/trench_safety/TrenchSafetyActions.jsx,WP17B overlay/nav inventory,PENDING
OVERLAY-060,safety,,Dialog_surface,,overlay_or_supporting_nav,PUBLIC,STANDARDIZE,Dialog,WP17C_CANONICAL_OVERLAY,KEEP,N/A,STANDARDIZE_FOUNDATION,ALIGN_LABEL,N/A,TOKENIZE_ONLY,DEFERRED_TO_WP17D,Canonical overlay foundation,FOUNDATION_DEPENDENCY,pages/trench_safety/TrenchSafetyAssignDialogs.jsx,WP17B overlay/nav inventory,PENDING
OVERLAY-061,safety,,Dialog_surface,,overlay_or_supporting_nav,PUBLIC,STANDARDIZE,Dialog,WP17C_CANONICAL_OVERLAY,KEEP,N/A,STANDARDIZE_FOUNDATION,ALIGN_LABEL,N/A,TOKENIZE_ONLY,DEFERRED_TO_WP17D,Canonical overlay foundation,FOUNDATION_DEPENDENCY,pages/trench_safety/TrenchSafetyOpsCenter.jsx,WP17B overlay/nav inventory,PENDING
OVERLAY-062,safety,,Dialog_surface,,overlay_or_supporting_nav,PUBLIC,STANDARDIZE,Dialog,WP17C_CANONICAL_OVERLAY,KEEP,N/A,STANDARDIZE_FOUNDATION,ALIGN_LABEL,N/A,TOKENIZE_ONLY,DEFERRED_TO_WP17D,Canonical overlay foundation,FOUNDATION_DEPENDENCY,pages/trench_safety/TrenchSafetyPolish.jsx,WP17B overlay/nav inventory,PENDING
OVERLAY-063,safety,,Dialog_surface,,overlay_or_supporting_nav,PUBLIC,STANDARDIZE,Dialog,WP17C_CANONICAL_OVERLAY,KEEP,N/A,STANDARDIZE_FOUNDATION,ALIGN_LABEL,N/A,TOKENIZE_ONLY,DEFERRED_TO_WP17D,Canonical overlay foundation,FOUNDATION_DEPENDENCY,pages/trench_safety/TrenchSafetyPulse.jsx,WP17B overlay/nav inventory,PENDING
OVERLAY-064,safety,,Dialog_surface,,overlay_or_supporting_nav,PUBLIC,STANDARDIZE,Dialog,WP17C_CANONICAL_OVERLAY,KEEP,N/A,STANDARDIZE_FOUNDATION,ALIGN_LABEL,N/A,TOKENIZE_ONLY,DEFERRED_TO_WP17D,Canonical overlay foundation,FOUNDATION_DEPENDENCY,pages/trench_safety/TrenchSafetyReportDistribution.jsx,WP17B overlay/nav inventory,PENDING
OVERLAY-065,public_shared,,AlertDialog_surface,,overlay_or_supporting_nav,PUBLIC,STANDARDIZE,AlertDialog,WP17C_CANONICAL_OVERLAY,KEEP,N/A,STANDARDIZE_FOUNDATION,ALIGN_LABEL,N/A,TOKENIZE_ONLY,DEFERRED_TO_WP17D,Canonical overlay foundation,FOUNDATION_DEPENDENCY,components/ui/alert-dialog.jsx,WP17B overlay/nav inventory,PENDING
OVERLAY-066,public_shared,,Sheet_surface,,overlay_or_supporting_nav,PUBLIC,STANDARDIZE,Sheet,WP17C_CANONICAL_OVERLAY,KEEP,N/A,STANDARDIZE_FOUNDATION,ALIGN_LABEL,N/A,TOKENIZE_ONLY,DEFERRED_TO_WP17D,Canonical overlay foundation,FOUNDATION_DEPENDENCY,components/BannerAuditDialog.jsx,WP17B overlay/nav inventory,PENDING
OVERLAY-067,public_shared,,Sheet_surface,,overlay_or_supporting_nav,PUBLIC,STANDARDIZE,Sheet,WP17C_CANONICAL_OVERLAY,KEEP,N/A,STANDARDIZE_FOUNDATION,ALIGN_LABEL,N/A,TOKENIZE_ONLY,DEFERRED_TO_WP17D,Canonical overlay foundation,FOUNDATION_DEPENDENCY,components/CheatSheetCard.jsx,WP17B overlay/nav inventory,PENDING
OVERLAY-068,public_shared,,Sheet_surface,,overlay_or_supporting_nav,PUBLIC,REPRESENTATIVE_IMPLEMENTATION,Sheet,WP17C_CANONICAL_OVERLAY,KEEP,N/A,REPRESENTATIVE_IMPLEMENTATION,ALIGN_LABEL,N/A,TOKENIZE_ONLY,CERTIFY_IN_REPRESENTATIVE_SET,Canonical overlay foundation,IN_PROGRESS,components/NotificationBell.jsx,WP17B overlay/nav inventory,PENDING
OVERLAY-069,public_shared,,Sheet_surface,,overlay_or_supporting_nav,PUBLIC,STANDARDIZE,Sheet,WP17C_CANONICAL_OVERLAY,KEEP,N/A,STANDARDIZE_FOUNDATION,ALIGN_LABEL,N/A,TOKENIZE_ONLY,DEFERRED_TO_WP17D,Canonical overlay foundation,FOUNDATION_DEPENDENCY,components/PmShell.jsx,WP17B overlay/nav inventory,PENDING
OVERLAY-070,public_shared,,Sheet_surface,,overlay_or_supporting_nav,PUBLIC,STANDARDIZE,Sheet,WP17C_CANONICAL_OVERLAY,KEEP,N/A,STANDARDIZE_FOUNDATION,ALIGN_LABEL,N/A,TOKENIZE_ONLY,DEFERRED_TO_WP17D,Canonical overlay foundation,FOUNDATION_DEPENDENCY,components/SitePostersPanel.jsx,WP17B overlay/nav inventory,PENDING
OVERLAY-071,public_shared,,Sheet_surface,,overlay_or_supporting_nav,PUBLIC,STANDARDIZE,Sheet,WP17C_CANONICAL_OVERLAY,KEEP,N/A,STANDARDIZE_FOUNDATION,ALIGN_LABEL,N/A,TOKENIZE_ONLY,DEFERRED_TO_WP17D,Canonical overlay foundation,FOUNDATION_DEPENDENCY,components/admin/MaintainxDefectCoverageSection.jsx,WP17B overlay/nav inventory,PENDING
OVERLAY-072,public_shared,,Sheet_surface,,overlay_or_supporting_nav,PUBLIC,STANDARDIZE,Sheet,WP17C_CANONICAL_OVERLAY,KEEP,N/A,STANDARDIZE_FOUNDATION,ALIGN_LABEL,N/A,TOKENIZE_ONLY,DEFERRED_TO_WP17D,Canonical overlay foundation,FOUNDATION_DEPENDENCY,components/admin/trust/TrustPrimitives.jsx,WP17B overlay/nav inventory,PENDING
OVERLAY-073,public_shared,,Sheet_surface,,overlay_or_supporting_nav,PUBLIC,STANDARDIZE,Sheet,WP17C_CANONICAL_OVERLAY,KEEP,N/A,STANDARDIZE_FOUNDATION,ALIGN_LABEL,N/A,TOKENIZE_ONLY,DEFERRED_TO_WP17D,Canonical overlay foundation,FOUNDATION_DEPENDENCY,components/iam/IamUserDetailDrawer.jsx,WP17B overlay/nav inventory,PENDING
OVERLAY-074,public_shared,,Sheet_surface,,overlay_or_supporting_nav,PUBLIC,STANDARDIZE,Sheet,WP17C_CANONICAL_OVERLAY,KEEP,N/A,STANDARDIZE_FOUNDATION,ALIGN_LABEL,N/A,TOKENIZE_ONLY,DEFERRED_TO_WP17D,Canonical overlay foundation,FOUNDATION_DEPENDENCY,components/team/AssignmentHistoryDrawer.jsx,WP17B overlay/nav inventory,PENDING
OVERLAY-075,public_shared,,Sheet_surface,,overlay_or_supporting_nav,PUBLIC,STANDARDIZE,Sheet,WP17C_CANONICAL_OVERLAY,KEEP,N/A,STANDARDIZE_FOUNDATION,ALIGN_LABEL,N/A,TOKENIZE_ONLY,DEFERRED_TO_WP17D,Canonical overlay foundation,FOUNDATION_DEPENDENCY,components/ui/sheet.jsx,WP17B overlay/nav inventory,PENDING
OVERLAY-076,public_shared,,Sheet_surface,,overlay_or_supporting_nav,PUBLIC,STANDARDIZE,Sheet,WP17C_CANONICAL_OVERLAY,KEEP,N/A,STANDARDIZE_FOUNDATION,ALIGN_LABEL,N/A,TOKENIZE_ONLY,DEFERRED_TO_WP17D,Canonical overlay foundation,FOUNDATION_DEPENDENCY,data/training.js,WP17B overlay/nav inventory,PENDING
OVERLAY-077,public_shared,,Sheet_surface,,overlay_or_supporting_nav,PUBLIC,STANDARDIZE,Sheet,WP17C_CANONICAL_OVERLAY,KEEP,N/A,STANDARDIZE_FOUNDATION,ALIGN_LABEL,N/A,TOKENIZE_ONLY,DEFERRED_TO_WP17D,Canonical overlay foundation,FOUNDATION_DEPENDENCY,design-system/MobileNavigation.jsx,WP17B overlay/nav inventory,PENDING
OVERLAY-078,public_shared,,Sheet_surface,,overlay_or_supporting_nav,PUBLIC,STANDARDIZE,Sheet,WP17C_CANONICAL_OVERLAY,KEEP,N/A,STANDARDIZE_FOUNDATION,ALIGN_LABEL,N/A,TOKENIZE_ONLY,DEFERRED_TO_WP17D,Canonical overlay foundation,FOUNDATION_DEPENDENCY,index.js,WP17B overlay/nav inventory,PENDING
OVERLAY-079,public_shared,,Sheet_surface,,overlay_or_supporting_nav,PUBLIC,STANDARDIZE,Sheet,WP17C_CANONICAL_OVERLAY,KEEP,N/A,STANDARDIZE_FOUNDATION,ALIGN_LABEL,N/A,TOKENIZE_ONLY,DEFERRED_TO_WP17D,Canonical overlay foundation,FOUNDATION_DEPENDENCY,lib/i18n.js,WP17B overlay/nav inventory,PENDING
OVERLAY-080,public_shared,,Sheet_surface,,overlay_or_supporting_nav,PUBLIC,STANDARDIZE,Sheet,WP17C_CANONICAL_OVERLAY,KEEP,N/A,STANDARDIZE_FOUNDATION,ALIGN_LABEL,N/A,TOKENIZE_ONLY,DEFERRED_TO_WP17D,Canonical overlay foundation,FOUNDATION_DEPENDENCY,lib/tabulatedDataPrimer.js,WP17B overlay/nav inventory,PENDING
OVERLAY-081,admin,,Sheet_surface,,overlay_or_supporting_nav,PUBLIC,STANDARDIZE,Sheet,WP17C_CANONICAL_OVERLAY,KEEP,N/A,STANDARDIZE_FOUNDATION,ALIGN_LABEL,N/A,TOKENIZE_ONLY,DEFERRED_TO_WP17D,Canonical overlay foundation,FOUNDATION_DEPENDENCY,pages/AdminAssetThread.jsx,WP17B overlay/nav inventory,PENDING
OVERLAY-082,admin,,Sheet_surface,,overlay_or_supporting_nav,PUBLIC,STANDARDIZE,Sheet,WP17C_CANONICAL_OVERLAY,KEEP,N/A,STANDARDIZE_FOUNDATION,ALIGN_LABEL,N/A,TOKENIZE_ONLY,DEFERRED_TO_WP17D,Canonical overlay foundation,FOUNDATION_DEPENDENCY,pages/AdminGuide.jsx,WP17B overlay/nav inventory,PENDING
OVERLAY-083,admin,,Sheet_surface,,overlay_or_supporting_nav,PUBLIC,STANDARDIZE,Sheet,WP17C_CANONICAL_OVERLAY,KEEP,N/A,STANDARDIZE_FOUNDATION,ALIGN_LABEL,N/A,TOKENIZE_ONLY,DEFERRED_TO_WP17D,Canonical overlay foundation,FOUNDATION_DEPENDENCY,pages/AdminVendorThread.jsx,WP17B overlay/nav inventory,PENDING
OVERLAY-084,public_shared,,Sheet_surface,,overlay_or_supporting_nav,PUBLIC,STANDARDIZE,Sheet,WP17C_CANONICAL_OVERLAY,KEEP,N/A,STANDARDIZE_FOUNDATION,ALIGN_LABEL,N/A,TOKENIZE_ONLY,DEFERRED_TO_WP17D,Canonical overlay foundation,FOUNDATION_DEPENDENCY,pages/AllPostersPrint.jsx,WP17B overlay/nav inventory,PENDING
OVERLAY-085,public_shared,,Sheet_surface,,overlay_or_supporting_nav,PUBLIC,STANDARDIZE,Sheet,WP17C_CANONICAL_OVERLAY,KEEP,N/A,STANDARDIZE_FOUNDATION,ALIGN_LABEL,N/A,TOKENIZE_ONLY,DEFERRED_TO_WP17D,Canonical overlay foundation,FOUNDATION_DEPENDENCY,pages/CheatSheet.jsx,WP17B overlay/nav inventory,PENDING
OVERLAY-086,field_leadership,,Sheet_surface,,overlay_or_supporting_nav,PUBLIC,STANDARDIZE,Sheet,WP17C_CANONICAL_OVERLAY,KEEP,N/A,STANDARDIZE_FOUNDATION,ALIGN_LABEL,N/A,TOKENIZE_ONLY,DEFERRED_TO_WP17D,Canonical overlay foundation,FOUNDATION_DEPENDENCY,pages/FieldLeadershipDriverQualification.jsx,WP17B overlay/nav inventory,PENDING
OVERLAY-087,hr,,Sheet_surface,,overlay_or_supporting_nav,PUBLIC,STANDARDIZE,Sheet,WP17C_CANONICAL_OVERLAY,KEEP,N/A,STANDARDIZE_FOUNDATION,ALIGN_LABEL,N/A,TOKENIZE_ONLY,DEFERRED_TO_WP17D,Canonical overlay foundation,FOUNDATION_DEPENDENCY,pages/HrEmployees.jsx,WP17B overlay/nav inventory,PENDING
OVERLAY-088,public_shared,,Sheet_surface,,overlay_or_supporting_nav,PUBLIC,STANDARDIZE,Sheet,WP17C_CANONICAL_OVERLAY,KEEP,N/A,STANDARDIZE_FOUNDATION,ALIGN_LABEL,N/A,TOKENIZE_ONLY,DEFERRED_TO_WP17D,Canonical overlay foundation,FOUNDATION_DEPENDENCY,pages/Hub.jsx,WP17B overlay/nav inventory,PENDING
OVERLAY-089,public_shared,,Sheet_surface,,overlay_or_supporting_nav,PUBLIC,STANDARDIZE,Sheet,WP17C_CANONICAL_OVERLAY,KEEP,N/A,STANDARDIZE_FOUNDATION,ALIGN_LABEL,N/A,TOKENIZE_ONLY,DEFERRED_TO_WP17D,Canonical overlay foundation,FOUNDATION_DEPENDENCY,pages/PoRequests.jsx,WP17B overlay/nav inventory,PENDING
OVERLAY-090,safety,,Sheet_surface,,overlay_or_supporting_nav,PUBLIC,STANDARDIZE,Sheet,WP17C_CANONICAL_OVERLAY,KEEP,N/A,STANDARDIZE_FOUNDATION,ALIGN_LABEL,N/A,TOKENIZE_ONLY,DEFERRED_TO_WP17D,Canonical overlay foundation,FOUNDATION_DEPENDENCY,pages/SafetyDocuments.jsx,WP17B overlay/nav inventory,PENDING
OVERLAY-091,public_shared,,Sheet_surface,,overlay_or_supporting_nav,PUBLIC,STANDARDIZE,Sheet,WP17C_CANONICAL_OVERLAY,KEEP,N/A,STANDARDIZE_FOUNDATION,ALIGN_LABEL,N/A,TOKENIZE_ONLY,DEFERRED_TO_WP17D,Canonical overlay foundation,FOUNDATION_DEPENDENCY,pages/Tasks.jsx,WP17B overlay/nav inventory,PENDING
OVERLAY-092,public_shared,,Sheet_surface,,overlay_or_supporting_nav,PUBLIC,STANDARDIZE,Sheet,WP17C_CANONICAL_OVERLAY,KEEP,N/A,STANDARDIZE_FOUNDATION,ALIGN_LABEL,N/A,TOKENIZE_ONLY,DEFERRED_TO_WP17D,Canonical overlay foundation,FOUNDATION_DEPENDENCY,pages/TrainingTrack.jsx,WP17B overlay/nav inventory,PENDING
OVERLAY-093,public_shared,,Drawer_surface,,overlay_or_supporting_nav,PUBLIC,STANDARDIZE,Drawer,WP17C_CANONICAL_OVERLAY,KEEP,N/A,STANDARDIZE_FOUNDATION,ALIGN_LABEL,N/A,TOKENIZE_ONLY,DEFERRED_TO_WP17D,Canonical overlay foundation,FOUNDATION_DEPENDENCY,components/HelpDrawer.jsx,WP17B overlay/nav inventory,PENDING
OVERLAY-094,public_shared,,Drawer_surface,,overlay_or_supporting_nav,PUBLIC,STANDARDIZE,Drawer,WP17C_CANONICAL_OVERLAY,KEEP,N/A,STANDARDIZE_FOUNDATION,ALIGN_LABEL,N/A,TOKENIZE_ONLY,DEFERRED_TO_WP17D,Canonical overlay foundation,FOUNDATION_DEPENDENCY,components/admin/MaintainxDefectCoverageSection.jsx,WP17B overlay/nav inventory,PENDING
OVERLAY-095,public_shared,,Drawer_surface,,overlay_or_supporting_nav,PUBLIC,STANDARDIZE,Drawer,WP17C_CANONICAL_OVERLAY,KEEP,N/A,STANDARDIZE_FOUNDATION,ALIGN_LABEL,N/A,TOKENIZE_ONLY,DEFERRED_TO_WP17D,Canonical overlay foundation,FOUNDATION_DEPENDENCY,components/dispatch/AssignmentDrawer.jsx,WP17B overlay/nav inventory,PENDING
OVERLAY-096,public_shared,,Drawer_surface,,overlay_or_supporting_nav,PUBLIC,STANDARDIZE,Drawer,WP17C_CANONICAL_OVERLAY,KEEP,N/A,STANDARDIZE_FOUNDATION,ALIGN_LABEL,N/A,TOKENIZE_ONLY,DEFERRED_TO_WP17D,Canonical overlay foundation,FOUNDATION_DEPENDENCY,components/iam/IamStandardCells.jsx,WP17B overlay/nav inventory,PENDING
OVERLAY-097,public_shared,,Drawer_surface,,overlay_or_supporting_nav,PUBLIC,STANDARDIZE,Drawer,WP17C_CANONICAL_OVERLAY,KEEP,N/A,STANDARDIZE_FOUNDATION,ALIGN_LABEL,N/A,TOKENIZE_ONLY,DEFERRED_TO_WP17D,Canonical overlay foundation,FOUNDATION_DEPENDENCY,components/iam/IamUserDetailDrawer.jsx,WP17B overlay/nav inventory,PENDING
OVERLAY-098,public_shared,,Drawer_surface,,overlay_or_supporting_nav,PUBLIC,STANDARDIZE,Drawer,WP17C_CANONICAL_OVERLAY,KEEP,N/A,STANDARDIZE_FOUNDATION,ALIGN_LABEL,N/A,TOKENIZE_ONLY,DEFERRED_TO_WP17D,Canonical overlay foundation,FOUNDATION_DEPENDENCY,components/ui/drawer.jsx,WP17B overlay/nav inventory,PENDING
OVERLAY-099,hr,,Drawer_surface,,overlay_or_supporting_nav,PUBLIC,STANDARDIZE,Drawer,WP17C_CANONICAL_OVERLAY,KEEP,N/A,STANDARDIZE_FOUNDATION,ALIGN_LABEL,N/A,TOKENIZE_ONLY,DEFERRED_TO_WP17D,Canonical overlay foundation,FOUNDATION_DEPENDENCY,pages/HrEmployees.jsx,WP17B overlay/nav inventory,PENDING
OVERLAY-100,hr,,Drawer_surface,,overlay_or_supporting_nav,PUBLIC,STANDARDIZE,Drawer,WP17C_CANONICAL_OVERLAY,KEEP,N/A,STANDARDIZE_FOUNDATION,ALIGN_LABEL,N/A,TOKENIZE_ONLY,DEFERRED_TO_WP17D,Canonical overlay foundation,FOUNDATION_DEPENDENCY,pages/HrFieldLeadershipUsers.jsx,WP17B overlay/nav inventory,PENDING
OVERLAY-101,public_shared,,Drawer_surface,,overlay_or_supporting_nav,PUBLIC,STANDARDIZE,Drawer,WP17C_CANONICAL_OVERLAY,KEEP,N/A,STANDARDIZE_FOUNDATION,ALIGN_LABEL,N/A,TOKENIZE_ONLY,DEFERRED_TO_WP17D,Canonical overlay foundation,FOUNDATION_DEPENDENCY,pages/NewEquipmentInspection.jsx,WP17B overlay/nav inventory,PENDING
OVERLAY-102,public_shared,,Drawer_surface,,overlay_or_supporting_nav,PUBLIC,STANDARDIZE,Drawer,WP17C_CANONICAL_OVERLAY,KEEP,N/A,STANDARDIZE_FOUNDATION,ALIGN_LABEL,N/A,TOKENIZE_ONLY,DEFERRED_TO_WP17D,Canonical overlay foundation,FOUNDATION_DEPENDENCY,pages/Tasks.jsx,WP17B overlay/nav inventory,PENDING
OVERLAY-103,admin,,Drawer_surface,,overlay_or_supporting_nav,PUBLIC,STANDARDIZE,Drawer,WP17C_CANONICAL_OVERLAY,KEEP,N/A,STANDARDIZE_FOUNDATION,ALIGN_LABEL,N/A,TOKENIZE_ONLY,DEFERRED_TO_WP17D,Canonical overlay foundation,FOUNDATION_DEPENDENCY,pages/admin/AdminPeople.jsx,WP17B overlay/nav inventory,PENDING
OVERLAY-104,public_shared,,Popover_surface,,overlay_or_supporting_nav,PUBLIC,STANDARDIZE,Popover,WP17C_CANONICAL_OVERLAY,KEEP,N/A,STANDARDIZE_FOUNDATION,ALIGN_LABEL,N/A,TOKENIZE_ONLY,DEFERRED_TO_WP17D,Canonical overlay foundation,FOUNDATION_DEPENDENCY,components/JobPicker.jsx,WP17B overlay/nav inventory,PENDING
OVERLAY-105,public_shared,,Popover_surface,,overlay_or_supporting_nav,PUBLIC,STANDARDIZE,Popover,WP17C_CANONICAL_OVERLAY,KEEP,N/A,STANDARDIZE_FOUNDATION,ALIGN_LABEL,N/A,TOKENIZE_ONLY,DEFERRED_TO_WP17D,Canonical overlay foundation,FOUNDATION_DEPENDENCY,components/TopicPicker.jsx,WP17B overlay/nav inventory,PENDING
OVERLAY-106,public_shared,,Popover_surface,,overlay_or_supporting_nav,PUBLIC,STANDARDIZE,Popover,WP17C_CANONICAL_OVERLAY,KEEP,N/A,STANDARDIZE_FOUNDATION,ALIGN_LABEL,N/A,TOKENIZE_ONLY,DEFERRED_TO_WP17D,Canonical overlay foundation,FOUNDATION_DEPENDENCY,components/daily-report-v3/UnitCombo.jsx,WP17B overlay/nav inventory,PENDING
OVERLAY-107,public_shared,,Popover_surface,,overlay_or_supporting_nav,PUBLIC,STANDARDIZE,Popover,WP17C_CANONICAL_OVERLAY,KEEP,N/A,STANDARDIZE_FOUNDATION,ALIGN_LABEL,N/A,TOKENIZE_ONLY,DEFERRED_TO_WP17D,Canonical overlay foundation,FOUNDATION_DEPENDENCY,components/team/JobTeamRosterPanel.jsx,WP17B overlay/nav inventory,PENDING
OVERLAY-108,public_shared,,Popover_surface,,overlay_or_supporting_nav,PUBLIC,STANDARDIZE,Popover,WP17C_CANONICAL_OVERLAY,KEEP,N/A,STANDARDIZE_FOUNDATION,ALIGN_LABEL,N/A,TOKENIZE_ONLY,DEFERRED_TO_WP17D,Canonical overlay foundation,FOUNDATION_DEPENDENCY,components/trench/EmployeePicker.jsx,WP17B overlay/nav inventory,PENDING
OVERLAY-109,public_shared,,Popover_surface,,overlay_or_supporting_nav,PUBLIC,STANDARDIZE,Popover,WP17C_CANONICAL_OVERLAY,KEEP,N/A,STANDARDIZE_FOUNDATION,ALIGN_LABEL,N/A,TOKENIZE_ONLY,DEFERRED_TO_WP17D,Canonical overlay foundation,FOUNDATION_DEPENDENCY,components/ui/HelpTip.jsx,WP17B overlay/nav inventory,PENDING
OVERLAY-110,public_shared,,Popover_surface,,overlay_or_supporting_nav,PUBLIC,STANDARDIZE,Popover,WP17C_CANONICAL_OVERLAY,KEEP,N/A,STANDARDIZE_FOUNDATION,ALIGN_LABEL,N/A,TOKENIZE_ONLY,DEFERRED_TO_WP17D,Canonical overlay foundation,FOUNDATION_DEPENDENCY,components/ui/popover.jsx,WP17B overlay/nav inventory,PENDING
OVERLAY-111,public_shared,,Popover_surface,,overlay_or_supporting_nav,PUBLIC,STANDARDIZE,Popover,WP17C_CANONICAL_OVERLAY,KEEP,N/A,STANDARDIZE_FOUNDATION,ALIGN_LABEL,N/A,TOKENIZE_ONLY,DEFERRED_TO_WP17D,Canonical overlay foundation,FOUNDATION_DEPENDENCY,design-system/PortalShell.jsx,WP17B overlay/nav inventory,PENDING
OVERLAY-112,public_shared,,Popover_surface,,overlay_or_supporting_nav,PUBLIC,STANDARDIZE,Popover,WP17C_CANONICAL_OVERLAY,KEEP,N/A,STANDARDIZE_FOUNDATION,ALIGN_LABEL,N/A,TOKENIZE_ONLY,DEFERRED_TO_WP17D,Canonical overlay foundation,FOUNDATION_DEPENDENCY,design-system/responsive.jsx,WP17B overlay/nav inventory,PENDING
OVERLAY-113,admin,,Tabs_surface,,overlay_or_supporting_nav,PUBLIC,STANDARDIZE,Tabs,WP17C_CANONICAL_OVERLAY,KEEP,N/A,STANDARDIZE_FOUNDATION,ALIGN_LABEL,N/A,TOKENIZE_ONLY,DEFERRED_TO_WP17D,Canonical overlay foundation,FOUNDATION_DEPENDENCY,components/AdminSafetyFormsPanel.jsx,WP17B overlay/nav inventory,PENDING
OVERLAY-114,public_shared,,Tabs_surface,,overlay_or_supporting_nav,PUBLIC,STANDARDIZE,Tabs,WP17C_CANONICAL_OVERLAY,KEEP,N/A,STANDARDIZE_FOUNDATION,ALIGN_LABEL,N/A,TOKENIZE_ONLY,DEFERRED_TO_WP17D,Canonical overlay foundation,FOUNDATION_DEPENDENCY,components/EquipmentTrendsPanel.jsx,WP17B overlay/nav inventory,PENDING
OVERLAY-115,public_shared,,Tabs_surface,,overlay_or_supporting_nav,PUBLIC,STANDARDIZE,Tabs,WP17C_CANONICAL_OVERLAY,KEEP,N/A,STANDARDIZE_FOUNDATION,ALIGN_LABEL,N/A,TOKENIZE_ONLY,DEFERRED_TO_WP17D,Canonical overlay foundation,FOUNDATION_DEPENDENCY,components/dispatch/command/CommunicationsTab.jsx,WP17B overlay/nav inventory,PENDING
OVERLAY-116,public_shared,,Tabs_surface,,overlay_or_supporting_nav,PUBLIC,STANDARDIZE,Tabs,WP17C_CANONICAL_OVERLAY,KEEP,N/A,STANDARDIZE_FOUNDATION,ALIGN_LABEL,N/A,TOKENIZE_ONLY,DEFERRED_TO_WP17D,Canonical overlay foundation,FOUNDATION_DEPENDENCY,components/ui/tabs.jsx,WP17B overlay/nav inventory,PENDING
OVERLAY-117,public_shared,,Tabs_surface,,overlay_or_supporting_nav,PUBLIC,STANDARDIZE,Tabs,WP17C_CANONICAL_OVERLAY,KEEP,N/A,STANDARDIZE_FOUNDATION,ALIGN_LABEL,N/A,TOKENIZE_ONLY,DEFERRED_TO_WP17D,Canonical overlay foundation,FOUNDATION_DEPENDENCY,lib/i18n.js,WP17B overlay/nav inventory,PENDING
OVERLAY-118,admin,,Tabs_surface,,overlay_or_supporting_nav,PUBLIC,STANDARDIZE,Tabs,WP17C_CANONICAL_OVERLAY,KEEP,N/A,STANDARDIZE_FOUNDATION,ALIGN_LABEL,N/A,TOKENIZE_ONLY,DEFERRED_TO_WP17D,Canonical overlay foundation,FOUNDATION_DEPENDENCY,pages/AdminGuide.jsx,WP17B overlay/nav inventory,PENDING
OVERLAY-119,dispatch,,Tabs_surface,,overlay_or_supporting_nav,PUBLIC,STANDARDIZE,Tabs,WP17C_CANONICAL_OVERLAY,KEEP,N/A,STANDARDIZE_FOUNDATION,ALIGN_LABEL,N/A,TOKENIZE_ONLY,DEFERRED_TO_WP17D,Canonical overlay foundation,FOUNDATION_DEPENDENCY,pages/DispatchCommandCenter.jsx,WP17B overlay/nav inventory,PENDING
OVERLAY-120,dispatch,,Tabs_surface,,overlay_or_supporting_nav,PUBLIC,STANDARDIZE,Tabs,WP17C_CANONICAL_OVERLAY,KEEP,N/A,STANDARDIZE_FOUNDATION,ALIGN_LABEL,N/A,TOKENIZE_ONLY,DEFERRED_TO_WP17D,Canonical overlay foundation,FOUNDATION_DEPENDENCY,pages/DispatchHub.jsx,WP17B overlay/nav inventory,PENDING
OVERLAY-121,public_shared,,Tabs_surface,,overlay_or_supporting_nav,PUBLIC,STANDARDIZE,Tabs,WP17C_CANONICAL_OVERLAY,KEEP,N/A,STANDARDIZE_FOUNDATION,ALIGN_LABEL,N/A,TOKENIZE_ONLY,DEFERRED_TO_WP17D,Canonical overlay foundation,FOUNDATION_DEPENDENCY,pages/EmployeeProfile.jsx,WP17B overlay/nav inventory,PENDING
OVERLAY-122,hr,,Tabs_surface,,overlay_or_supporting_nav,PUBLIC,STANDARDIZE,Tabs,WP17C_CANONICAL_OVERLAY,KEEP,N/A,STANDARDIZE_FOUNDATION,ALIGN_LABEL,N/A,TOKENIZE_ONLY,DEFERRED_TO_WP17D,Canonical overlay foundation,FOUNDATION_DEPENDENCY,pages/HrEmployeeAccountabilityTimeline.jsx,WP17B overlay/nav inventory,PENDING
OVERLAY-123,hr,,Tabs_surface,,overlay_or_supporting_nav,PUBLIC,STANDARDIZE,Tabs,WP17C_CANONICAL_OVERLAY,KEEP,N/A,STANDARDIZE_FOUNDATION,ALIGN_LABEL,N/A,TOKENIZE_ONLY,DEFERRED_TO_WP17D,Canonical overlay foundation,FOUNDATION_DEPENDENCY,pages/HrEmployees.jsx,WP17B overlay/nav inventory,PENDING
OVERLAY-124,hr,,Tabs_surface,,overlay_or_supporting_nav,PUBLIC,STANDARDIZE,Tabs,WP17C_CANONICAL_OVERLAY,KEEP,N/A,STANDARDIZE_FOUNDATION,ALIGN_LABEL,N/A,TOKENIZE_ONLY,DEFERRED_TO_WP17D,Canonical overlay foundation,FOUNDATION_DEPENDENCY,pages/HrSafetyRecords.jsx,WP17B overlay/nav inventory,PENDING
OVERLAY-125,public_shared,,Tabs_surface,,overlay_or_supporting_nav,PUBLIC,STANDARDIZE,Tabs,WP17C_CANONICAL_OVERLAY,KEEP,N/A,STANDARDIZE_FOUNDATION,ALIGN_LABEL,N/A,TOKENIZE_ONLY,DEFERRED_TO_WP17D,Canonical overlay foundation,FOUNDATION_DEPENDENCY,pages/PmCommandCenter.jsx,WP17B overlay/nav inventory,PENDING
OVERLAY-126,public_shared,,Tabs_surface,,overlay_or_supporting_nav,PUBLIC,STANDARDIZE,Tabs,WP17C_CANONICAL_OVERLAY,KEEP,N/A,STANDARDIZE_FOUNDATION,ALIGN_LABEL,N/A,TOKENIZE_ONLY,DEFERRED_TO_WP17D,Canonical overlay foundation,FOUNDATION_DEPENDENCY,pages/PmCrewCompliance.jsx,WP17B overlay/nav inventory,PENDING
OVERLAY-127,safety,,Tabs_surface,,overlay_or_supporting_nav,PUBLIC,STANDARDIZE,Tabs,WP17C_CANONICAL_OVERLAY,KEEP,N/A,STANDARDIZE_FOUNDATION,ALIGN_LABEL,N/A,TOKENIZE_ONLY,DEFERRED_TO_WP17D,Canonical overlay foundation,FOUNDATION_DEPENDENCY,pages/SafetyFormsRecords.jsx,WP17B overlay/nav inventory,PENDING
OVERLAY-128,public_shared,,Tabs_surface,,overlay_or_supporting_nav,PUBLIC,STANDARDIZE,Tabs,WP17C_CANONICAL_OVERLAY,KEEP,N/A,STANDARDIZE_FOUNDATION,ALIGN_LABEL,N/A,TOKENIZE_ONLY,DEFERRED_TO_WP17D,Canonical overlay foundation,FOUNDATION_DEPENDENCY,pages/Tasks.jsx,WP17B overlay/nav inventory,PENDING
OVERLAY-129,admin,,Tabs_surface,,overlay_or_supporting_nav,PUBLIC,STANDARDIZE,Tabs,WP17C_CANONICAL_OVERLAY,KEEP,N/A,STANDARDIZE_FOUNDATION,ALIGN_LABEL,N/A,TOKENIZE_ONLY,DEFERRED_TO_WP17D,Canonical overlay foundation,FOUNDATION_DEPENDENCY,pages/admin/AdminAssetAdmin.jsx,WP17B overlay/nav inventory,PENDING
OVERLAY-130,admin,,Tabs_surface,,overlay_or_supporting_nav,PUBLIC,STANDARDIZE,Tabs,WP17C_CANONICAL_OVERLAY,KEEP,N/A,STANDARDIZE_FOUNDATION,ALIGN_LABEL,N/A,TOKENIZE_ONLY,DEFERRED_TO_WP17D,Canonical overlay foundation,FOUNDATION_DEPENDENCY,pages/admin/AdminDispatch.jsx,WP17B overlay/nav inventory,PENDING
OVERLAY-131,admin,,Tabs_surface,,overlay_or_supporting_nav,PUBLIC,STANDARDIZE,Tabs,WP17C_CANONICAL_OVERLAY,KEEP,N/A,STANDARDIZE_FOUNDATION,ALIGN_LABEL,N/A,TOKENIZE_ONLY,DEFERRED_TO_WP17D,Canonical overlay foundation,FOUNDATION_DEPENDENCY,pages/admin/AdminIntegrationCenter.jsx,WP17B overlay/nav inventory,PENDING
OVERLAY-132,admin,,Tabs_surface,,overlay_or_supporting_nav,PUBLIC,STANDARDIZE,Tabs,WP17C_CANONICAL_OVERLAY,KEEP,N/A,STANDARDIZE_FOUNDATION,ALIGN_LABEL,N/A,TOKENIZE_ONLY,DEFERRED_TO_WP17D,Canonical overlay foundation,FOUNDATION_DEPENDENCY,pages/admin/AdminOperationalInventory.jsx,WP17B overlay/nav inventory,PENDING
OVERLAY-133,public_shared,,Tabs_surface,,overlay_or_supporting_nav,PUBLIC,STANDARDIZE,Tabs,WP17C_CANONICAL_OVERLAY,KEEP,N/A,STANDARDIZE_FOUNDATION,ALIGN_LABEL,N/A,TOKENIZE_ONLY,DEFERRED_TO_WP17D,Canonical overlay foundation,FOUNDATION_DEPENDENCY,pages/admin/AssetProfile.jsx,WP17B overlay/nav inventory,PENDING
OVERLAY-134,public_shared,,Tabs_surface,,overlay_or_supporting_nav,PUBLIC,STANDARDIZE,Tabs,WP17C_CANONICAL_OVERLAY,KEEP,N/A,STANDARDIZE_FOUNDATION,ALIGN_LABEL,N/A,TOKENIZE_ONLY,DEFERRED_TO_WP17D,Canonical overlay foundation,FOUNDATION_DEPENDENCY,pages/transportation/_lists.jsx,WP17B overlay/nav inventory,PENDING
OVERLAY-135,public_shared,,Tabs_surface,,overlay_or_supporting_nav,PUBLIC,STANDARDIZE,Tabs,WP17C_CANONICAL_OVERLAY,KEEP,N/A,STANDARDIZE_FOUNDATION,ALIGN_LABEL,N/A,TOKENIZE_ONLY,DEFERRED_TO_WP17D,Canonical overlay foundation,FOUNDATION_DEPENDENCY,pages/trench_safety/ExcavationOversight.jsx,WP17B overlay/nav inventory,PENDING
OVERLAY-136,public_shared,,Pagination_surface,,overlay_or_supporting_nav,PUBLIC,STANDARDIZE,Pagination,WP17C_CANONICAL_OVERLAY,KEEP,N/A,STANDARDIZE_FOUNDATION,ALIGN_LABEL,N/A,TOKENIZE_ONLY,DEFERRED_TO_WP17D,Canonical overlay foundation,FOUNDATION_DEPENDENCY,components/ui/pagination.jsx,WP17B overlay/nav inventory,PENDING
PDF-001,admin,,pdf_source_surface,,supporting_infrastructure,PUBLIC,STANDARDIZE,pdf_owner,WP17C_CANONICAL_PDF_EXPORT,KEEP,N/A,STANDARDIZE_FOUNDATION,ALIGN_LABEL,N/A,TOKENIZE_ONLY,N/A,WP17C foundation governance,FOUNDATION_DEPENDENCY,backend/pdf_render.py,WP17B locked PDF source count,PENDING
PDF-002,admin,,pdf_source_surface,,supporting_infrastructure,PUBLIC,STANDARDIZE,pdf_owner,WP17C_CANONICAL_PDF_EXPORT,KEEP,N/A,STANDARDIZE_FOUNDATION,ALIGN_LABEL,N/A,TOKENIZE_ONLY,N/A,WP17C foundation governance,FOUNDATION_DEPENDENCY,backend/export_pdf_fallback.py,WP17B locked PDF source count,PENDING
PDF-003,admin,,pdf_source_surface,,supporting_infrastructure,PUBLIC,STANDARDIZE,pdf_owner,WP17C_CANONICAL_PDF_EXPORT,KEEP,N/A,STANDARDIZE_FOUNDATION,ALIGN_LABEL,N/A,TOKENIZE_ONLY,N/A,WP17C foundation governance,FOUNDATION_DEPENDENCY,backend/field_leadership_pdf.py,WP17B locked PDF source count,PENDING
PDF-004,admin,,pdf_source_surface,,supporting_infrastructure,PUBLIC,STANDARDIZE,pdf_owner,WP17C_CANONICAL_PDF_EXPORT,KEEP,N/A,STANDARDIZE_FOUNDATION,ALIGN_LABEL,N/A,TOKENIZE_ONLY,N/A,WP17C foundation governance,FOUNDATION_DEPENDENCY,backend/hub_banners_pdf.py,WP17B locked PDF source count,PENDING
PDF-005,admin,,pdf_source_surface,,supporting_infrastructure,PUBLIC,STANDARDIZE,pdf_owner,WP17C_CANONICAL_PDF_EXPORT,KEEP,N/A,STANDARDIZE_FOUNDATION,ALIGN_LABEL,N/A,TOKENIZE_ONLY,N/A,WP17C foundation governance,FOUNDATION_DEPENDENCY,backend/pm_welcome_pdf.py,WP17B locked PDF source count,PENDING
PDF-006,admin,,pdf_source_surface,,supporting_infrastructure,PUBLIC,STANDARDIZE,pdf_owner,WP17C_CANONICAL_PDF_EXPORT,KEEP,N/A,STANDARDIZE_FOUNDATION,ALIGN_LABEL,N/A,TOKENIZE_ONLY,N/A,WP17C foundation governance,FOUNDATION_DEPENDENCY,backend/training_pdf.py,WP17B locked PDF source count,PENDING
PDF-007,admin,,pdf_source_surface,,supporting_infrastructure,PUBLIC,STANDARDIZE,pdf_owner,WP17C_CANONICAL_PDF_EXPORT,KEEP,N/A,STANDARDIZE_FOUNDATION,ALIGN_LABEL,N/A,TOKENIZE_ONLY,N/A,WP17C foundation governance,FOUNDATION_DEPENDENCY,backend/routes/dr_v2_pdf.py,WP17B locked PDF source count,PENDING
PDF-008,admin,,pdf_source_surface,,supporting_infrastructure,PUBLIC,STANDARDIZE,pdf_owner,WP17C_CANONICAL_PDF_EXPORT,KEEP,N/A,STANDARDIZE_FOUNDATION,ALIGN_LABEL,N/A,TOKENIZE_ONLY,N/A,WP17C foundation governance,FOUNDATION_DEPENDENCY,backend/routes/odr/pdf.py,WP17B locked PDF source count,PENDING
PDF-009,admin,,pdf_source_surface,,supporting_infrastructure,PUBLIC,STANDARDIZE,pdf_owner,WP17C_CANONICAL_PDF_EXPORT,KEEP,N/A,STANDARDIZE_FOUNDATION,ALIGN_LABEL,N/A,TOKENIZE_ONLY,N/A,WP17C foundation governance,FOUNDATION_DEPENDENCY,backend/routes/field_leadership.py,WP17B locked PDF source count,PENDING
PDF-010,admin,,pdf_source_surface,,supporting_infrastructure,PUBLIC,STANDARDIZE,pdf_owner,WP17C_CANONICAL_PDF_EXPORT,KEEP,N/A,STANDARDIZE_FOUNDATION,ALIGN_LABEL,N/A,TOKENIZE_ONLY,N/A,WP17C foundation governance,FOUNDATION_DEPENDENCY,backend/routes/master_history.py,WP17B locked PDF source count,PENDING
PDF-011,admin,,pdf_source_surface,,supporting_infrastructure,PUBLIC,STANDARDIZE,pdf_owner,WP17C_CANONICAL_PDF_EXPORT,KEEP,N/A,STANDARDIZE_FOUNDATION,ALIGN_LABEL,N/A,TOKENIZE_ONLY,N/A,WP17C foundation governance,FOUNDATION_DEPENDENCY,backend/routes/trench_safety/report_distribution.py,WP17B locked PDF source count,PENDING
PDF-012,admin,,pdf_source_surface,,supporting_infrastructure,PUBLIC,STANDARDIZE,pdf_owner,WP17C_CANONICAL_PDF_EXPORT,KEEP,N/A,STANDARDIZE_FOUNDATION,ALIGN_LABEL,N/A,TOKENIZE_ONLY,N/A,WP17C foundation governance,FOUNDATION_DEPENDENCY,backend/routes/trench_safety/reports.py,WP17B locked PDF source count,PENDING
PDF-013,admin,,pdf_source_surface,,supporting_infrastructure,PUBLIC,STANDARDIZE,pdf_owner,WP17C_CANONICAL_PDF_EXPORT,KEEP,N/A,STANDARDIZE_FOUNDATION,ALIGN_LABEL,N/A,TOKENIZE_ONLY,N/A,WP17C foundation governance,FOUNDATION_DEPENDENCY,backend/routes/trench_safety/report_export.py,WP17B locked PDF source count,PENDING
PDF-014,admin,,pdf_source_surface,,supporting_infrastructure,PUBLIC,STANDARDIZE,pdf_owner,WP17C_CANONICAL_PDF_EXPORT,KEEP,N/A,STANDARDIZE_FOUNDATION,ALIGN_LABEL,N/A,TOKENIZE_ONLY,N/A,WP17C foundation governance,FOUNDATION_DEPENDENCY,backend/incident_engine/report_render.py,WP17B locked PDF source count,PENDING
PDF-015,admin,,pdf_source_surface,,supporting_infrastructure,PUBLIC,STANDARDIZE,pdf_owner,WP17C_CANONICAL_PDF_EXPORT,KEEP,N/A,STANDARDIZE_FOUNDATION,ALIGN_LABEL,N/A,TOKENIZE_ONLY,N/A,WP17C foundation governance,FOUNDATION_DEPENDENCY,backend/incident_engine/executive_report_render.py,WP17B locked PDF source count,PENDING
EMAIL-001,admin,,email_template_surface,,supporting_infrastructure,PUBLIC,STANDARDIZE,email_owner,WP17C_CANONICAL_EMAIL_TEMPLATE,KEEP,N/A,STANDARDIZE_FOUNDATION,ALIGN_LABEL,N/A,TOKENIZE_ONLY,N/A,WP17C foundation governance,FOUNDATION_DEPENDENCY,backend/branded_portal_emails.py,WP17B locked email/template count,PENDING
EMAIL-002,admin,,email_template_surface,,supporting_infrastructure,PUBLIC,STANDARDIZE,email_owner,WP17C_CANONICAL_EMAIL_TEMPLATE,KEEP,N/A,STANDARDIZE_FOUNDATION,ALIGN_LABEL,N/A,TOKENIZE_ONLY,N/A,WP17C foundation governance,FOUNDATION_DEPENDENCY,backend/email_routing.py,WP17B locked email/template count,PENDING
EMAIL-003,admin,,email_template_surface,,supporting_infrastructure,PUBLIC,STANDARDIZE,email_owner,WP17C_CANONICAL_EMAIL_TEMPLATE,KEEP,N/A,STANDARDIZE_FOUNDATION,ALIGN_LABEL,N/A,TOKENIZE_ONLY,N/A,WP17C foundation governance,FOUNDATION_DEPENDENCY,backend/email_routing_v2.py,WP17B locked email/template count,PENDING
EMAIL-004,admin,,email_template_surface,,supporting_infrastructure,PUBLIC,STANDARDIZE,email_owner,WP17C_CANONICAL_EMAIL_TEMPLATE,KEEP,N/A,STANDARDIZE_FOUNDATION,ALIGN_LABEL,N/A,TOKENIZE_ONLY,N/A,WP17C foundation governance,FOUNDATION_DEPENDENCY,backend/lib/email_dispatch.py,WP17B locked email/template count,PENDING
EMAIL-005,admin,,email_template_surface,,supporting_infrastructure,PUBLIC,STANDARDIZE,email_owner,WP17C_CANONICAL_EMAIL_TEMPLATE,KEEP,N/A,STANDARDIZE_FOUNDATION,ALIGN_LABEL,N/A,TOKENIZE_ONLY,N/A,WP17C foundation governance,FOUNDATION_DEPENDENCY,backend/lib/email_audit_status.py,WP17B locked email/template count,PENDING
EMAIL-006,admin,,email_template_surface,,supporting_infrastructure,PUBLIC,STANDARDIZE,email_owner,WP17C_CANONICAL_EMAIL_TEMPLATE,KEEP,N/A,STANDARDIZE_FOUNDATION,ALIGN_LABEL,N/A,TOKENIZE_ONLY,N/A,WP17C foundation governance,FOUNDATION_DEPENDENCY,backend/lib/fsi_email_sender.py,WP17B locked email/template count,PENDING
EMAIL-007,admin,,email_template_surface,,supporting_infrastructure,PUBLIC,STANDARDIZE,email_owner,WP17C_CANONICAL_EMAIL_TEMPLATE,KEEP,N/A,STANDARDIZE_FOUNDATION,ALIGN_LABEL,N/A,TOKENIZE_ONLY,N/A,WP17C foundation governance,FOUNDATION_DEPENDENCY,backend/lib/operator_digest.py,WP17B locked email/template count,PENDING
EMAIL-008,admin,,email_template_surface,,supporting_infrastructure,PUBLIC,STANDARDIZE,email_owner,WP17C_CANONICAL_EMAIL_TEMPLATE,KEEP,N/A,STANDARDIZE_FOUNDATION,ALIGN_LABEL,N/A,TOKENIZE_ONLY,N/A,WP17C foundation governance,FOUNDATION_DEPENDENCY,backend/lib/transport_command_digest.py,WP17B locked email/template count,PENDING
EMAIL-009,admin,,email_template_surface,,supporting_infrastructure,PUBLIC,STANDARDIZE,email_owner,WP17C_CANONICAL_EMAIL_TEMPLATE,KEEP,N/A,STANDARDIZE_FOUNDATION,ALIGN_LABEL,N/A,TOKENIZE_ONLY,N/A,WP17C foundation governance,FOUNDATION_DEPENDENCY,backend/incident_engine/morning_digest.py,WP17B locked email/template count,PENDING
EMAIL-010,admin,,email_template_surface,,supporting_infrastructure,PUBLIC,STANDARDIZE,email_owner,WP17C_CANONICAL_EMAIL_TEMPLATE,KEEP,N/A,STANDARDIZE_FOUNDATION,ALIGN_LABEL,N/A,TOKENIZE_ONLY,N/A,WP17C foundation governance,FOUNDATION_DEPENDENCY,backend/po_digest.py,WP17B locked email/template count,PENDING
EMAIL-011,admin,,email_template_surface,,supporting_infrastructure,PUBLIC,STANDARDIZE,email_owner,WP17C_CANONICAL_EMAIL_TEMPLATE,KEEP,N/A,STANDARDIZE_FOUNDATION,ALIGN_LABEL,N/A,TOKENIZE_ONLY,N/A,WP17C foundation governance,FOUNDATION_DEPENDENCY,backend/routes/admin_digest_config.py,WP17B locked email/template count,PENDING
EMAIL-012,admin,,email_template_surface,,supporting_infrastructure,PUBLIC,STANDARDIZE,email_owner,WP17C_CANONICAL_EMAIL_TEMPLATE,KEEP,N/A,STANDARDIZE_FOUNDATION,ALIGN_LABEL,N/A,TOKENIZE_ONLY,N/A,WP17C foundation governance,FOUNDATION_DEPENDENCY,backend/routes/po_digest_admin.py,WP17B locked email/template count,PENDING
EMAIL-013,admin,,email_template_surface,,supporting_infrastructure,PUBLIC,STANDARDIZE,email_owner,WP17C_CANONICAL_EMAIL_TEMPLATE,KEEP,N/A,STANDARDIZE_FOUNDATION,ALIGN_LABEL,N/A,TOKENIZE_ONLY,N/A,WP17C foundation governance,FOUNDATION_DEPENDENCY,backend/routes/safety_portal/digest.py,WP17B locked email/template count,PENDING
EMAIL-014,admin,,email_template_surface,,supporting_infrastructure,PUBLIC,STANDARDIZE,email_owner,WP17C_CANONICAL_EMAIL_TEMPLATE,KEEP,N/A,STANDARDIZE_FOUNDATION,ALIGN_LABEL,N/A,TOKENIZE_ONLY,N/A,WP17C foundation governance,FOUNDATION_DEPENDENCY,backend/services/operations_control/email.py,WP17B locked email/template count,PENDING
NOTIFY-001,admin,,notification_surface,,supporting_infrastructure,PUBLIC,STANDARDIZE,notification_owner,WP17C_CANONICAL_NOTIFICATION_FOUNDATION,KEEP,N/A,STANDARDIZE_FOUNDATION,ALIGN_LABEL,N/A,TOKENIZE_ONLY,N/A,WP17C foundation governance,FOUNDATION_DEPENDENCY,backend/lib/notification_delivery.py,WP17B locked notification owner count,PENDING
NOTIFY-002,admin,,notification_surface,,supporting_infrastructure,PUBLIC,STANDARDIZE,notification_owner,WP17C_CANONICAL_NOTIFICATION_FOUNDATION,KEEP,N/A,STANDARDIZE_FOUNDATION,ALIGN_LABEL,N/A,TOKENIZE_ONLY,N/A,WP17C foundation governance,FOUNDATION_DEPENDENCY,backend/lib/preview_notification_certification.py,WP17B locked notification owner count,PENDING
NOTIFY-003,admin,,notification_surface,,supporting_infrastructure,PUBLIC,STANDARDIZE,notification_owner,WP17C_CANONICAL_NOTIFICATION_FOUNDATION,KEEP,N/A,STANDARDIZE_FOUNDATION,ALIGN_LABEL,N/A,TOKENIZE_ONLY,N/A,WP17C foundation governance,FOUNDATION_DEPENDENCY,backend/routes/notifications.py,WP17B locked notification owner count,PENDING
NOTIFY-004,admin,,notification_surface,,supporting_infrastructure,PUBLIC,STANDARDIZE,notification_owner,WP17C_CANONICAL_NOTIFICATION_FOUNDATION,KEEP,N/A,STANDARDIZE_FOUNDATION,ALIGN_LABEL,N/A,TOKENIZE_ONLY,N/A,WP17C foundation governance,FOUNDATION_DEPENDENCY,backend/routes/tasks_notifications.py,WP17B locked notification owner count,PENDING
NOTIFY-005,admin,,notification_surface,,supporting_infrastructure,PUBLIC,STANDARDIZE,notification_owner,WP17C_CANONICAL_NOTIFICATION_FOUNDATION,KEEP,N/A,STANDARDIZE_FOUNDATION,ALIGN_LABEL,N/A,TOKENIZE_ONLY,N/A,WP17C foundation governance,FOUNDATION_DEPENDENCY,backend/routes/trench_safety/notifications.py,WP17B locked notification owner count,PENDING
NOTIFY-006,admin,,notification_surface,,supporting_infrastructure,PUBLIC,STANDARDIZE,notification_owner,WP17C_CANONICAL_NOTIFICATION_FOUNDATION,KEEP,N/A,STANDARDIZE_FOUNDATION,ALIGN_LABEL,N/A,TOKENIZE_ONLY,N/A,WP17C foundation governance,FOUNDATION_DEPENDENCY,backend/routes/employee_requests.py,WP17B locked notification owner count,PENDING
NOTIFY-007,admin,,notification_surface,,supporting_infrastructure,PUBLIC,STANDARDIZE,notification_owner,WP17C_CANONICAL_NOTIFICATION_FOUNDATION,KEEP,N/A,STANDARDIZE_FOUNDATION,ALIGN_LABEL,N/A,TOKENIZE_ONLY,N/A,WP17C foundation governance,FOUNDATION_DEPENDENCY,backend/routes/scheduled_producers_d456.py,WP17B locked notification owner count,PENDING
NOTIFY-008,admin,,notification_surface,,supporting_infrastructure,PUBLIC,STANDARDIZE,notification_owner,WP17C_CANONICAL_NOTIFICATION_FOUNDATION,KEEP,N/A,STANDARDIZE_FOUNDATION,ALIGN_LABEL,N/A,TOKENIZE_ONLY,N/A,WP17C foundation governance,FOUNDATION_DEPENDENCY,frontend/src/components/NotificationBell.jsx,WP17B locked notification owner count,PENDING
COACH-001,training_guidance,,coaching_surface,,supporting_infrastructure,PUBLIC,STANDARDIZE,coaching_owner,WP17C_CANONICAL_COACHING_PATTERN,KEEP,N/A,STANDARDIZE_FOUNDATION,ALIGN_LABEL,N/A,TOKENIZE_ONLY,N/A,WP17C foundation governance,FOUNDATION_DEPENDENCY,backend/routes/guidance_routes.py,WP17B coaching standard · exact 11 findings,PENDING
COACH-002,training_guidance,,coaching_surface,,supporting_infrastructure,PUBLIC,STANDARDIZE,coaching_owner,WP17C_CANONICAL_COACHING_PATTERN,KEEP,N/A,STANDARDIZE_FOUNDATION,ALIGN_LABEL,N/A,TOKENIZE_ONLY,N/A,WP17C foundation governance,FOUNDATION_DEPENDENCY,backend/routes/odr/guidance_catalog.py,WP17B coaching standard · exact 11 findings,PENDING
COACH-003,training_guidance,,coaching_surface,,supporting_infrastructure,PUBLIC,STANDARDIZE,coaching_owner,WP17C_CANONICAL_COACHING_PATTERN,KEEP,N/A,STANDARDIZE_FOUNDATION,ALIGN_LABEL,N/A,TOKENIZE_ONLY,N/A,WP17C foundation governance,FOUNDATION_DEPENDENCY,backend/routes/odr/guidance_routes.py,WP17B coaching standard · exact 11 findings,PENDING
COACH-004,training_guidance,,coaching_surface,,supporting_infrastructure,PUBLIC,STANDARDIZE,coaching_owner,WP17C_CANONICAL_COACHING_PATTERN,KEEP,N/A,STANDARDIZE_FOUNDATION,ALIGN_LABEL,N/A,TOKENIZE_ONLY,N/A,WP17C foundation governance,FOUNDATION_DEPENDENCY,frontend/src/components/HelpDrawer.jsx,WP17B coaching standard · exact 11 findings,PENDING
COACH-005,training_guidance,,coaching_surface,,supporting_infrastructure,PUBLIC,STANDARDIZE,coaching_owner,WP17C_CANONICAL_COACHING_PATTERN,KEEP,N/A,STANDARDIZE_FOUNDATION,ALIGN_LABEL,N/A,TOKENIZE_ONLY,N/A,WP17C foundation governance,FOUNDATION_DEPENDENCY,frontend/src/components/HelpTip.jsx,WP17B coaching standard · exact 11 findings,PENDING
COACH-006,training_guidance,,coaching_surface,,supporting_infrastructure,PUBLIC,STANDARDIZE,coaching_owner,WP17C_CANONICAL_COACHING_PATTERN,KEEP,N/A,STANDARDIZE_FOUNDATION,ALIGN_LABEL,N/A,TOKENIZE_ONLY,N/A,WP17C foundation governance,FOUNDATION_DEPENDENCY,frontend/src/components/operational_intelligence/GuidanceCard.jsx,WP17B coaching standard · exact 11 findings,PENDING
COACH-007,training_guidance,,coaching_surface,,supporting_infrastructure,PUBLIC,STANDARDIZE,coaching_owner,WP17C_CANONICAL_COACHING_PATTERN,KEEP,N/A,STANDARDIZE_FOUNDATION,ALIGN_LABEL,N/A,TOKENIZE_ONLY,N/A,WP17C foundation governance,FOUNDATION_DEPENDENCY,frontend/src/components/operational_intelligence/guidanceMap.js,WP17B coaching standard · exact 11 findings,PENDING
COACH-008,training_guidance,,coaching_surface,,supporting_infrastructure,PUBLIC,STANDARDIZE,coaching_owner,WP17C_CANONICAL_COACHING_PATTERN,KEEP,N/A,STANDARDIZE_FOUNDATION,ALIGN_LABEL,N/A,TOKENIZE_ONLY,N/A,WP17C foundation governance,FOUNDATION_DEPENDENCY,frontend/src/components/ui/HelpTip.jsx,WP17B coaching standard · exact 11 findings,PENDING
COACH-009,training_guidance,,coaching_surface,,supporting_infrastructure,PUBLIC,STANDARDIZE,coaching_owner,WP17C_CANONICAL_COACHING_PATTERN,KEEP,N/A,STANDARDIZE_FOUNDATION,ALIGN_LABEL,N/A,TOKENIZE_ONLY,N/A,WP17C foundation governance,FOUNDATION_DEPENDENCY,frontend/src/components/ui/tooltip.jsx,WP17B coaching standard · exact 11 findings,PENDING
COACH-010,training_guidance,,coaching_surface,,supporting_infrastructure,PUBLIC,STANDARDIZE,coaching_owner,WP17C_CANONICAL_COACHING_PATTERN,KEEP,N/A,STANDARDIZE_FOUNDATION,ALIGN_LABEL,N/A,TOKENIZE_ONLY,N/A,WP17C foundation governance,FOUNDATION_DEPENDENCY,frontend/src/pages/admin/AdminGuidanceCoverage.jsx,WP17B coaching standard · exact 11 findings,PENDING
COACH-011,training_guidance,,coaching_surface,,supporting_infrastructure,PUBLIC,STANDARDIZE,coaching_owner,WP17C_CANONICAL_COACHING_PATTERN,KEEP,N/A,STANDARDIZE_FOUNDATION,ALIGN_LABEL,N/A,TOKENIZE_ONLY,N/A,WP17C foundation governance,FOUNDATION_DEPENDENCY,frontend/src/pages/guidance/OperationalGuidanceCenter.jsx,WP17B coaching standard · exact 11 findings,PENDING
WL-001,public_shared,,white_label_surface,,supporting_infrastructure,PUBLIC,KEEP_RUNTIME_OWNER,branding_owner,WP17C_CANONICAL_BRANDING_FOUNDATION,KEEP,N/A,STANDARDIZE_FOUNDATION,ALIGN_LABEL,N/A,KEEP_RUNTIME_OWNER,N/A,WP17C foundation governance,FOUNDATION_DEPENDENCY,backend/branded_portal_emails.py,WP17B white-label standard · exact 10 runtime owners,PENDING
WL-002,public_shared,,white_label_surface,,supporting_infrastructure,PUBLIC,KEEP_RUNTIME_OWNER,branding_owner,WP17C_CANONICAL_BRANDING_FOUNDATION,KEEP,N/A,STANDARDIZE_FOUNDATION,ALIGN_LABEL,N/A,KEEP_RUNTIME_OWNER,N/A,WP17C foundation governance,FOUNDATION_DEPENDENCY,backend/branding_resolver.py,WP17B white-label standard · exact 10 runtime owners,PENDING
WL-003,public_shared,,white_label_surface,,supporting_infrastructure,PUBLIC,KEEP_RUNTIME_OWNER,branding_owner,WP17C_CANONICAL_BRANDING_FOUNDATION,KEEP,N/A,STANDARDIZE_FOUNDATION,ALIGN_LABEL,N/A,KEEP_RUNTIME_OWNER,N/A,WP17C foundation governance,FOUNDATION_DEPENDENCY,backend/pdf_branding.py,WP17B white-label standard · exact 10 runtime owners,PENDING
WL-004,public_shared,,white_label_surface,,supporting_infrastructure,PUBLIC,KEEP_RUNTIME_OWNER,branding_owner,WP17C_CANONICAL_BRANDING_FOUNDATION,KEEP,N/A,STANDARDIZE_FOUNDATION,ALIGN_LABEL,N/A,KEEP_RUNTIME_OWNER,N/A,WP17C foundation governance,FOUNDATION_DEPENDENCY,backend/pdf_branding_rl.py,WP17B white-label standard · exact 10 runtime owners,PENDING
WL-005,public_shared,,white_label_surface,,supporting_infrastructure,PUBLIC,KEEP_RUNTIME_OWNER,branding_owner,WP17C_CANONICAL_BRANDING_FOUNDATION,KEEP,N/A,STANDARDIZE_FOUNDATION,ALIGN_LABEL,N/A,KEEP_RUNTIME_OWNER,N/A,WP17C foundation governance,FOUNDATION_DEPENDENCY,backend/scripts/generate_hub_logos.py,WP17B white-label standard · exact 10 runtime owners,PENDING
WL-006,public_shared,,white_label_surface,,supporting_infrastructure,PUBLIC,KEEP_RUNTIME_OWNER,branding_owner,WP17C_CANONICAL_BRANDING_FOUNDATION,KEEP,N/A,STANDARDIZE_FOUNDATION,ALIGN_LABEL,N/A,KEEP_RUNTIME_OWNER,N/A,WP17C foundation governance,FOUNDATION_DEPENDENCY,backend/scripts/rebuild_brand_assets.py,WP17B white-label standard · exact 10 runtime owners,PENDING
WL-007,public_shared,,white_label_surface,,supporting_infrastructure,PUBLIC,KEEP_RUNTIME_OWNER,branding_owner,WP17C_CANONICAL_BRANDING_FOUNDATION,KEEP,N/A,STANDARDIZE_FOUNDATION,ALIGN_LABEL,N/A,KEEP_RUNTIME_OWNER,N/A,WP17C foundation governance,FOUNDATION_DEPENDENCY,frontend/src/components/MasciLogo.jsx,WP17B white-label standard · exact 10 runtime owners,PENDING
WL-008,public_shared,,white_label_surface,,supporting_infrastructure,PUBLIC,KEEP_RUNTIME_OWNER,branding_owner,WP17C_CANONICAL_BRANDING_FOUNDATION,KEEP,N/A,STANDARDIZE_FOUNDATION,ALIGN_LABEL,N/A,KEEP_RUNTIME_OWNER,N/A,WP17C foundation governance,FOUNDATION_DEPENDENCY,frontend/src/components/TenantBrandingPanel.jsx,WP17B white-label standard · exact 10 runtime owners,PENDING
WL-009,public_shared,,white_label_surface,,supporting_infrastructure,PUBLIC,KEEP_RUNTIME_OWNER,branding_owner,WP17C_CANONICAL_BRANDING_FOUNDATION,KEEP,N/A,STANDARDIZE_FOUNDATION,ALIGN_LABEL,N/A,KEEP_RUNTIME_OWNER,N/A,WP17C foundation governance,FOUNDATION_DEPENDENCY,frontend/src/lib/BrandingProvider.jsx,WP17B white-label standard · exact 10 runtime owners,PENDING
WL-010,public_shared,,white_label_surface,,supporting_infrastructure,PUBLIC,KEEP_RUNTIME_OWNER,branding_owner,WP17C_CANONICAL_BRANDING_FOUNDATION,KEEP,N/A,STANDARDIZE_FOUNDATION,ALIGN_LABEL,N/A,KEEP_RUNTIME_OWNER,N/A,WP17C foundation governance,FOUNDATION_DEPENDENCY,frontend/src/lib/brandFilename.js,WP17B white-label standard · exact 10 runtime owners,PENDING
