status,path,class,package,runtime_impact,data_impact,permission_impact,rollback_impact,certification_evidence
M,.emergent/emergent.yml,configuration,Cross-release / infra,Release/deployment identity or config behavior,None or indirect,No known permission model change,Revert code + restart affected services,Documentation or legacy evidence
A,.emergent/summary.txt,configuration,Cross-release / infra,Release/deployment identity or config behavior,None or indirect,No known permission model change,Revert code + restart affected services,Documentation or legacy evidence
M,.gitignore,configuration,Cross-release / infra,Release/deployment identity or config behavior,None or indirect,No known permission model change,Revert code + restart affected services,Documentation or legacy evidence
D,.screenshots/WAVE5_SAFETY_CERTIFICATION_INSPECTION_REPORT.md,generated artifact,Cross-release / infra,No direct runtime impact,None or indirect,No known permission model change,Revert file only,Documentation or legacy evidence
D,.screenshots/acceptance_test_results.json,generated artifact,Cross-release / infra,No direct runtime impact,None or indirect,No known permission model change,Revert file only,Documentation or legacy evidence
D,.screenshots/audit_admin.png,generated artifact,Cross-release / infra,No direct runtime impact,None or indirect,Touches auth/role or admin visibility,Revert file only,Documentation or legacy evidence
D,.screenshots/audit_admin_diagnostics.png,generated artifact,Cross-release / infra,No direct runtime impact,None or indirect,Touches auth/role or admin visibility,Revert file only,Documentation or legacy evidence
D,.screenshots/audit_admin_governance.png,generated artifact,Cross-release / infra,No direct runtime impact,None or indirect,Touches auth/role or admin visibility,Revert file only,Documentation or legacy evidence
D,.screenshots/audit_admin_guide.png,generated artifact,Cross-release / infra,No direct runtime impact,None or indirect,Touches auth/role or admin visibility,Revert file only,Documentation or legacy evidence
D,.screenshots/audit_admin_maintenance.png,generated artifact,Cross-release / infra,No direct runtime impact,None or indirect,Touches auth/role or admin visibility,Revert file only,Documentation or legacy evidence
D,.screenshots/audit_admin_platform.png,generated artifact,Cross-release / infra,No direct runtime impact,None or indirect,Touches auth/role or admin visibility,Revert file only,Documentation or legacy evidence
D,.screenshots/audit_admin_storage.png,generated artifact,Cross-release / infra,No direct runtime impact,None or indirect,Touches auth/role or admin visibility,Revert file only,Documentation or legacy evidence
D,.screenshots/audit_daily_submit.png,generated artifact,Cross-release / infra,No direct runtime impact,None or indirect,No known permission model change,Revert file only,Documentation or legacy evidence
D,.screenshots/audit_dispatch_board.png,generated artifact,Cross-release / infra,No direct runtime impact,None or indirect,No known permission model change,Revert file only,Documentation or legacy evidence
D,.screenshots/audit_dispatch_command.png,generated artifact,Cross-release / infra,No direct runtime impact,None or indirect,No known permission model change,Revert file only,Documentation or legacy evidence
D,.screenshots/audit_dispatch_hub.png,generated artifact,Cross-release / infra,No direct runtime impact,None or indirect,No known permission model change,Revert file only,Documentation or legacy evidence
D,.screenshots/audit_dvir_submit.png,generated artifact,Cross-release / infra,No direct runtime impact,None or indirect,No known permission model change,Revert file only,Documentation or legacy evidence
D,.screenshots/audit_equip_issuance.png,generated artifact,Cross-release / infra,No direct runtime impact,None or indirect,No known permission model change,Revert file only,Documentation or legacy evidence
D,.screenshots/audit_equip_training.png,generated artifact,Cross-release / infra,No direct runtime impact,None or indirect,No known permission model change,Revert file only,Documentation or legacy evidence
D,.screenshots/audit_equipment_submit.png,generated artifact,Cross-release / infra,No direct runtime impact,None or indirect,No known permission model change,Revert file only,Documentation or legacy evidence
D,.screenshots/audit_guidance.png,generated artifact,Cross-release / infra,No direct runtime impact,None or indirect,No known permission model change,Revert file only,Documentation or legacy evidence
D,.screenshots/audit_hr_hub.png,generated artifact,Cross-release / infra,No direct runtime impact,None or indirect,No known permission model change,Revert file only,Documentation or legacy evidence
D,.screenshots/audit_hr_time_off.png,generated artifact,Cross-release / infra,No direct runtime impact,None or indirect,No known permission model change,Revert file only,Documentation or legacy evidence
D,.screenshots/audit_hr_time_verify.png,generated artifact,Cross-release / infra,No direct runtime impact,None or indirect,No known permission model change,Revert file only,Documentation or legacy evidence
D,.screenshots/audit_incidents_report.png,generated artifact,Cross-release / infra,No direct runtime impact,None or indirect,No known permission model change,Revert file only,Documentation or legacy evidence
D,.screenshots/audit_meetings_submit.png,generated artifact,Cross-release / infra,No direct runtime impact,None or indirect,No known permission model change,Revert file only,Documentation or legacy evidence
D,.screenshots/audit_pm_command.png,generated artifact,Cross-release / infra,No direct runtime impact,None or indirect,No known permission model change,Revert file only,Documentation or legacy evidence
D,.screenshots/audit_pm_hub.png,generated artifact,Cross-release / infra,No direct runtime impact,None or indirect,No known permission model change,Revert file only,Documentation or legacy evidence
D,.screenshots/audit_pm_schedule.png,generated artifact,Cross-release / infra,No direct runtime impact,None or indirect,No known permission model change,Revert file only,Documentation or legacy evidence
D,.screenshots/audit_safety_forms.png,generated artifact,Cross-release / infra,No direct runtime impact,None or indirect,No known permission model change,Revert file only,Documentation or legacy evidence
D,.screenshots/audit_safety_hub.png,generated artifact,Cross-release / infra,No direct runtime impact,None or indirect,No known permission model change,Revert file only,Documentation or legacy evidence
D,.screenshots/audit_safety_incidents.png,generated artifact,Cross-release / infra,No direct runtime impact,None or indirect,No known permission model change,Revert file only,Documentation or legacy evidence
D,.screenshots/audit_safety_inspect.png,generated artifact,Cross-release / infra,No direct runtime impact,None or indirect,No known permission model change,Revert file only,Documentation or legacy evidence
D,.screenshots/audit_safety_meetings.png,generated artifact,Cross-release / infra,No direct runtime impact,None or indirect,No known permission model change,Revert file only,Documentation or legacy evidence
D,.screenshots/audit_shop_asset.png,generated artifact,Cross-release / infra,No direct runtime impact,None or indirect,No known permission model change,Revert file only,Documentation or legacy evidence
D,.screenshots/audit_shop_hub.png,generated artifact,Cross-release / infra,No direct runtime impact,None or indirect,No known permission model change,Revert file only,Documentation or legacy evidence
D,.screenshots/audit_training.png,generated artifact,Cross-release / infra,No direct runtime impact,None or indirect,No known permission model change,Revert file only,Documentation or legacy evidence
D,.screenshots/gate_test_results.json,generated artifact,Cross-release / infra,No direct runtime impact,None or indirect,No known permission model change,Revert file only,Documentation or legacy evidence
D,.screenshots/gate_test_results_corrected.json,generated artifact,Cross-release / infra,No direct runtime impact,None or indirect,No known permission model change,Revert file only,Documentation or legacy evidence
D,.screenshots/incident_authorization_final.json,generated artifact,Cross-release / infra,No direct runtime impact,None or indirect,Touches auth/role or admin visibility,Revert file only,Documentation or legacy evidence
D,.screenshots/reg_001_forms_records_pass.png,generated artifact,Cross-release / infra,No direct runtime impact,None or indirect,No known permission model change,Revert file only,Documentation or legacy evidence
D,.screenshots/reg_002_incident_detail_pass.png,generated artifact,Cross-release / infra,No direct runtime impact,None or indirect,No known permission model change,Revert file only,Documentation or legacy evidence
D,.screenshots/reg_003_meeting_detail_pass.png,generated artifact,Cross-release / infra,No direct runtime impact,None or indirect,No known permission model change,Revert file only,Documentation or legacy evidence
D,.screenshots/reg_004_inspection_detail_pass.png,generated artifact,Cross-release / infra,No direct runtime impact,None or indirect,No known permission model change,Revert file only,Documentation or legacy evidence
D,.screenshots/second_frontend_cert_part2_results.json,generated artifact,Cross-release / infra,No direct runtime impact,None or indirect,No known permission model change,Revert file only,Documentation or legacy evidence
D,.screenshots/w5_004_equipment_issuance_pass.png,generated artifact,Cross-release / infra,No direct runtime impact,None or indirect,No known permission model change,Revert file only,Documentation or legacy evidence
D,.screenshots/w5_005_equipment_return_fail.png,generated artifact,Cross-release / infra,No direct runtime impact,None or indirect,No known permission model change,Revert file only,Documentation or legacy evidence
D,.screenshots/w5_007_equipment_training_pass.png,generated artifact,Cross-release / infra,No direct runtime impact,None or indirect,No known permission model change,Revert file only,Documentation or legacy evidence
D,.screenshots/w5_018_executive_summary_pass.png,generated artifact,WP18CX,No direct runtime impact,None or indirect,No known permission model change,Revert file only,WP18CX closeout docs + iterations 117-121
D,.screenshots/w5_019_executive_report_fail.png,generated artifact,WP18CX,No direct runtime impact,None or indirect,No known permission model change,Revert file only,WP18CX closeout docs + iterations 117-121
D,.screenshots/wp16_w2_006_admin_0s.jpeg,generated artifact,WP16,No direct runtime impact,None or indirect,Touches auth/role or admin visibility,Revert file only,Documentation or legacy evidence
D,.screenshots/wp16_w2_006_admin_10s.jpeg,generated artifact,WP16,No direct runtime impact,None or indirect,Touches auth/role or admin visibility,Revert file only,Documentation or legacy evidence
D,.screenshots/wp16_w2_006_admin_15s.jpeg,generated artifact,WP16,No direct runtime impact,None or indirect,Touches auth/role or admin visibility,Revert file only,Documentation or legacy evidence
D,.screenshots/wp16_w2_006_admin_5s.jpeg,generated artifact,WP16,No direct runtime impact,None or indirect,Touches auth/role or admin visibility,Revert file only,Documentation or legacy evidence
D,.screenshots/wp16_w2_007_shop_hub_legacy_initial.jpeg,generated artifact,WP16,No direct runtime impact,None or indirect,No known permission model change,Revert file only,Documentation or legacy evidence
D,.screenshots/wp16_w2_regression_admin_overview.jpeg,generated artifact,WP16,No direct runtime impact,None or indirect,Touches auth/role or admin visibility,Revert file only,Documentation or legacy evidence
D,.screenshots/wp16_w2_regression_hr.jpeg,generated artifact,WP16,No direct runtime impact,None or indirect,No known permission model change,Revert file only,Documentation or legacy evidence
D,.screenshots/wp16_w2_regression_pm_hub.jpeg,generated artifact,WP16,No direct runtime impact,None or indirect,No known permission model change,Revert file only,Documentation or legacy evidence
D,.screenshots/wp16_w2_regression_safety.jpeg,generated artifact,WP16,No direct runtime impact,None or indirect,No known permission model change,Revert file only,Documentation or legacy evidence
M,README.md,documentation-only,Cross-release / infra,No direct runtime impact,None or indirect,No known permission model change,Revert file only,Documentation or legacy evidence
A,ROADMAP.md,documentation-only,Cross-release / infra,No direct runtime impact,None or indirect,No known permission model change,Revert file only,Documentation or legacy evidence
M,WP16_WAVE5_SAFETY_INSPECTION_REPORT.md,documentation-only,WP16,No direct runtime impact,None or indirect,No known permission model change,Revert file only,Documentation or legacy evidence
M,WP16_WAVE6_BACKEND_INSPECTION_REPORT.md,documentation-only,WP16,No direct runtime impact,None or indirect,No known permission model change,Revert file only,Documentation or legacy evidence
A,WP17B_COACHING_STANDARD.md,documentation-only,WP17,No direct runtime impact,None or indirect,No known permission model change,Revert file only,WP17 closeout docs + UI regression evidence
A,WP17B_COMPONENT_AUDIT.md,documentation-only,WP17,No direct runtime impact,None or indirect,No known permission model change,Revert file only,WP17 closeout docs + UI regression evidence
A,WP17B_DASHBOARD_AUDIT.md,documentation-only,WP17,No direct runtime impact,None or indirect,No known permission model change,Revert file only,WP17 closeout docs + UI regression evidence
A,WP17B_DESIGN_SYSTEM_STANDARD.md,documentation-only,WP17,No direct runtime impact,None or indirect,No known permission model change,Revert file only,WP17 closeout docs + UI regression evidence
A,WP17B_EXECUTIVE_REPAIR_REGISTER.md,documentation-only,WP18CX,No direct runtime impact,None or indirect,No known permission model change,Revert file only,WP18CX closeout docs + iterations 117-121
A,WP17B_FORM_AUDIT.md,documentation-only,WP17,No direct runtime impact,None or indirect,No known permission model change,Revert file only,WP17 closeout docs + UI regression evidence
A,WP17B_ICON_AUDIT.md,documentation-only,WP17,No direct runtime impact,None or indirect,No known permission model change,Revert file only,WP17 closeout docs + UI regression evidence
A,WP17B_IMPLEMENTATION_ROADMAP.md,documentation-only,WP17,No direct runtime impact,None or indirect,No known permission model change,Revert file only,WP17 closeout docs + UI regression evidence
A,WP17B_INFORMATION_ARCHITECTURE.md,documentation-only,WP17,No direct runtime impact,None or indirect,No known permission model change,Revert file only,WP17 closeout docs + UI regression evidence
A,WP17B_NAVIGATION_AUDIT.md,documentation-only,WP17,No direct runtime impact,None or indirect,No known permission model change,Revert file only,WP17 closeout docs + UI regression evidence
A,WP17B_PLATFORM_MASTER_INVENTORY.md,documentation-only,WP17,No direct runtime impact,None or indirect,No known permission model change,Revert file only,WP17 closeout docs + UI regression evidence
A,WP17B_TERMINOLOGY_STANDARD.md,documentation-only,WP17,No direct runtime impact,None or indirect,No known permission model change,Revert file only,WP17 closeout docs + UI regression evidence
A,WP17B_WHITE_LABEL_STANDARD.md,documentation-only,WP17,No direct runtime impact,None or indirect,No known permission model change,Revert file only,WP17 closeout docs + UI regression evidence
A,WP17B_WORKFLOW_AUDIT.md,documentation-only,WP17,No direct runtime impact,None or indirect,No known permission model change,Revert file only,WP17 closeout docs + UI regression evidence
A,WP17C_CANONICAL_PAGE_ANATOMY.md,documentation-only,WP17,No direct runtime impact,None or indirect,No known permission model change,Revert file only,WP17 closeout docs + UI regression evidence
A,WP17C_CANONICAL_SHELL_STANDARD.md,documentation-only,WP17,No direct runtime impact,None or indirect,No known permission model change,Revert file only,WP17 closeout docs + UI regression evidence
A,WP17C_COMPONENT_FOUNDATION.md,documentation-only,WP17,No direct runtime impact,None or indirect,No known permission model change,Revert file only,WP17 closeout docs + UI regression evidence
A,WP17C_DESIGN_TOKEN_STANDARD.md,documentation-only,WP17,No direct runtime impact,None or indirect,No known permission model change,Revert file only,WP17 closeout docs + UI regression evidence
A,WP17C_EXECUTIVE_CLOSEOUT.md,documentation-only,WP18CX,No direct runtime impact,None or indirect,No known permission model change,Revert file only,WP18CX closeout docs + iterations 117-121
A,WP17C_FOUNDATION_REGRESSION_REPORT.md,documentation-only,WP17,No direct runtime impact,None or indirect,No known permission model change,Revert file only,WP17 closeout docs + UI regression evidence
A,WP17C_ICON_SYSTEM_STANDARD.md,documentation-only,WP17,No direct runtime impact,None or indirect,No known permission model change,Revert file only,WP17 closeout docs + UI regression evidence
A,WP17C_IMPLEMENTATION_LEDGER.csv,documentation-only,WP17,No direct runtime impact,None or indirect,No known permission model change,Revert file only,WP17 closeout docs + UI regression evidence
A,WP17C_INFORMATION_ARCHITECTURE_CANON.md,documentation-only,WP17,No direct runtime impact,None or indirect,No known permission model change,Revert file only,WP17 closeout docs + UI regression evidence
A,WP17C_NAVIGATION_CANON.md,documentation-only,WP17,No direct runtime impact,None or indirect,No known permission model change,Revert file only,WP17 closeout docs + UI regression evidence
A,WP17C_PORTAL_MISSION_AND_ENTRY_ARCHITECTURE.md,documentation-only,WP17,No direct runtime impact,None or indirect,No known permission model change,Revert file only,WP17 closeout docs + UI regression evidence
A,WP17C_REPRESENTATIVE_IMPLEMENTATION_REPORT.md,documentation-only,WP17,No direct runtime impact,None or indirect,No known permission model change,Revert file only,WP17 closeout docs + UI regression evidence
A,WP17D_ACTIVE_DEFECT_REGISTER.md,documentation-only,WP17,No direct runtime impact,None or indirect,No known permission model change,Revert file only,WP17 closeout docs + UI regression evidence
A,WP17D_COMPONENT_MIGRATION_REPORT.md,documentation-only,WP17,No direct runtime impact,None or indirect,No known permission model change,Revert file only,WP17 closeout docs + UI regression evidence
A,WP17D_EXECUTIVE_CLOSEOUT.md,documentation-only,WP18CX,No direct runtime impact,None or indirect,No known permission model change,Revert file only,WP18CX closeout docs + iterations 117-121
A,WP17D_FORM_CONVERGENCE_REPORT.md,documentation-only,WP17,No direct runtime impact,None or indirect,No known permission model change,Revert file only,WP17 closeout docs + UI regression evidence
A,WP17D_FUNCTIONAL_REGRESSION_REPORT.md,documentation-only,WP17,No direct runtime impact,None or indirect,No known permission model change,Revert file only,WP17 closeout docs + UI regression evidence
A,WP17D_GLASS_AND_GRID_IMPLEMENTATION_REPORT.md,documentation-only,WP17,No direct runtime impact,None or indirect,No known permission model change,Revert file only,WP17 closeout docs + UI regression evidence
A,WP17D_ICON_MIGRATION_REPORT.md,documentation-only,WP17,No direct runtime impact,None or indirect,No known permission model change,Revert file only,WP17 closeout docs + UI regression evidence
A,WP17D_NAVIGATION_CONVERGENCE_REPORT.md,documentation-only,WP17,No direct runtime impact,None or indirect,No known permission model change,Revert file only,WP17 closeout docs + UI regression evidence
A,WP17D_PLATFORM_CONVERGENCE_LEDGER.csv,documentation-only,WP17,No direct runtime impact,None or indirect,No known permission model change,Revert file only,WP17 closeout docs + UI regression evidence
A,WP17D_PORTAL_MIGRATION_RUNBOOK.md,documentation-only,WP17,No direct runtime impact,None or indirect,No known permission model change,Revert file only,WP17 closeout docs + UI regression evidence
A,WP17D_RESPONSIVE_CERTIFICATION.md,documentation-only,WP17,No direct runtime impact,None or indirect,No known permission model change,Revert file only,WP17 closeout docs + UI regression evidence
A,WP17D_TABLE_CONVERGENCE_REPORT.md,documentation-only,WP17,No direct runtime impact,None or indirect,No known permission model change,Revert file only,WP17 closeout docs + UI regression evidence
A,WP17D_WHITE_LABEL_VALIDATION.md,documentation-only,WP17,No direct runtime impact,None or indirect,No known permission model change,Revert file only,WP17 closeout docs + UI regression evidence
M,auth_investigation_test.py,test-only,Cross-release / infra,No direct runtime impact,None or indirect,Touches auth/role or admin visibility,Revert file only,Test evidence only
M,auth_session_consistency_results.json,documentation-only,Cross-release / infra,No direct runtime impact,None or indirect,Touches auth/role or admin visibility,Revert file only,Documentation or legacy evidence
M,auth_session_consistency_test.py,test-only,Cross-release / infra,No direct runtime impact,None or indirect,Touches auth/role or admin visibility,Revert file only,Test evidence only
M,auth_testing.md,documentation-only,Cross-release / infra,No direct runtime impact,None or indirect,Touches auth/role or admin visibility,Revert file only,Documentation or legacy evidence
M,backend/guidance/translations_es.py,generated artifact,Cross-release / infra,No direct runtime impact,None or indirect,No known permission model change,Revert file only,Documentation or legacy evidence
M,backend/lib/database_client_governance.py,backend,Cross-release / infra,API/runtime logic changes in deployed bundle,May read/write production Mongo depending on code path,No known permission model change,Revert code + restart affected services,Documentation or legacy evidence
M,backend/lib/notification_delivery.py,backend,WP18CY,API/runtime logic changes in deployed bundle,May read/write production Mongo depending on code path,No known permission model change,Revert code + restart affected services,WP18CY / WP18CY.2 / WP18CY.3 test reports and runtime evidence
M,backend/routes/admin_dr_delivery_forensics.py,backend,WP18CY,API/runtime logic changes in deployed bundle,May read/write production Mongo depending on code path,Touches auth/role or admin visibility,Revert code + restart affected services,WP18CY / WP18CY.2 / WP18CY.3 test reports and runtime evidence
M,backend/routes/admin_persistence_health.py,backend,Cross-release / infra,API/runtime logic changes in deployed bundle,May read/write production Mongo depending on code path,Touches auth/role or admin visibility,Revert code + restart affected services,Documentation or legacy evidence
M,backend/routes/daily_reports.py,backend,WP18CY,API/runtime logic changes in deployed bundle,Writes/reads production collections if executed,No known permission model change,Revert code + restart affected services,WP18CY / WP18CY.2 / WP18CY.3 test reports and runtime evidence
M,backend/routes/enterprise_governance.py,backend,Cross-release / infra,API/runtime logic changes in deployed bundle,Writes/reads production collections if executed,No known permission model change,Revert code + restart affected services,Documentation or legacy evidence
M,backend/routes/qaqc.py,backend,Cross-release / infra,API/runtime logic changes in deployed bundle,May read/write production Mongo depending on code path,No known permission model change,Revert code + restart affected services,Documentation or legacy evidence
M,backend/scripts/field_trial_runner.py,migration/backfill,Cross-release / infra,Operational script/backfill behavior if invoked,May read/write production Mongo depending on code path,No known permission model change,Forward-repair/review required before rollback if executed,Documentation or legacy evidence
M,backend/scripts/iter348_fl_bulk_create.py,migration/backfill,Cross-release / infra,Operational script/backfill behavior if invoked,May read/write production Mongo depending on code path,No known permission model change,Forward-repair/review required before rollback if executed,Documentation or legacy evidence
M,backend/server.py,backend,Cross-release / infra,API/runtime logic changes in deployed bundle,May read/write production Mongo depending on code path,No known permission model change,Revert code + restart affected services,Documentation or legacy evidence
M,backend/services/cost_codes/foundation.py,backend,Cross-release / infra,API/runtime logic changes in deployed bundle,Writes/reads production collections if executed,No known permission model change,Revert code + restart affected services,Documentation or legacy evidence
A,backend/services/enterprise_hierarchy_foundation.py,backend,WP18C1,API/runtime logic changes in deployed bundle,May read/write production Mongo depending on code path,No known permission model change,Revert code + restart affected services,WP18C1 closeout docs + matching backend tests
M,backend/services/operations_control/control_plane.py,backend,WP18CY,API/runtime logic changes in deployed bundle,May read/write production Mongo depending on code path,No known permission model change,Revert code + restart affected services,WP18CY / WP18CY.2 / WP18CY.3 test reports and runtime evidence
A,backend/services/project_budget_authority.py,backend,WP18C3,API/runtime logic changes in deployed bundle,Writes/reads production collections if executed,Touches auth/role or admin visibility,Revert code + restart affected services,WP18C3 closeout docs + matching backend tests
A,backend/services/project_controls_authority.py,backend,WP18C2,API/runtime logic changes in deployed bundle,Writes/reads production collections if executed,Touches auth/role or admin visibility,Revert code + restart affected services,WP18C2 closeout docs + matching backend tests
A,backend/services/project_operational_intelligence.py,backend,WP18C6,API/runtime logic changes in deployed bundle,May read/write production Mongo depending on code path,No known permission model change,Revert code + restart affected services,WP18C6 closeout docs + matching backend tests
A,backend/services/project_schedule_actuals_spine.py,backend,WP18C5,API/runtime logic changes in deployed bundle,Writes/reads production collections if executed,No known permission model change,Revert code + restart affected services,WP18C5 closeout docs + matching backend tests
A,backend/services/project_schedule_authority.py,backend,WP18C4,API/runtime logic changes in deployed bundle,Writes/reads production collections if executed,Touches auth/role or admin visibility,Revert code + restart affected services,WP18C4 closeout docs + matching backend tests
M,backend/tests/runtime_cert/phase56_notify_audit_proof.py,test-only,Cross-release / infra,No direct runtime impact,None or indirect,No known permission model change,Revert file only,Test evidence only
M,backend/tests/runtime_cert/phase9_safety_meeting_live_cert.py,test-only,Cross-release / infra,No direct runtime impact,None or indirect,No known permission model change,Revert file only,Test evidence only
M,backend/tests/runtime_cert/seed_runtime_cert_users.py,test-only,Cross-release / infra,No direct runtime impact,None or indirect,No known permission model change,Revert file only,Test evidence only
M,backend/tests/test_asset_spine_api_live.py,test-only,Cross-release / infra,No direct runtime impact,None or indirect,No known permission model change,Revert file only,Test evidence only
M,backend/tests/test_bcss_checkpoint5_comprehensive.py,test-only,Cross-release / infra,No direct runtime impact,None or indirect,No known permission model change,Revert file only,Test evidence only
M,backend/tests/test_bcss_s1_2_s1_3_verification.py,test-only,Cross-release / infra,No direct runtime impact,None or indirect,No known permission model change,Revert file only,Test evidence only
M,backend/tests/test_c2_15_16_server_side_logout.py,test-only,Cross-release / infra,No direct runtime impact,None or indirect,No known permission model change,Revert file only,Test evidence only
M,backend/tests/test_c2_deployment_governance.py,test-only,Cross-release / infra,No direct runtime impact,None or indirect,No known permission model change,Revert file only,Test evidence only
M,backend/tests/test_dcp1_driver_profile.py,test-only,Cross-release / infra,No direct runtime impact,None or indirect,No known permission model change,Revert file only,Test evidence only
M,backend/tests/test_dr03_gate5_e2e.py,test-only,Cross-release / infra,No direct runtime impact,None or indirect,No known permission model change,Revert file only,Test evidence only
M,backend/tests/test_dr_roi_001c_phase_c_e2e.py,test-only,Cross-release / infra,No direct runtime impact,None or indirect,No known permission model change,Revert file only,Test evidence only
M,backend/tests/test_dr_roi_001d_review.py,test-only,Cross-release / infra,No direct runtime impact,None or indirect,No known permission model change,Revert file only,Test evidence only
M,backend/tests/test_dsi1_dispatch_intelligence.py,test-only,Cross-release / infra,No direct runtime impact,None or indirect,No known permission model change,Revert file only,Test evidence only
M,backend/tests/test_family_3a_bounded.py,test-only,Cross-release / infra,No direct runtime impact,None or indirect,No known permission model change,Revert file only,Test evidence only
M,backend/tests/test_family_3b_bounded.py,test-only,Cross-release / infra,No direct runtime impact,None or indirect,No known permission model change,Revert file only,Test evidence only
M,backend/tests/test_hub_banners_iter65.py,test-only,Cross-release / infra,No direct runtime impact,None or indirect,No known permission model change,Revert file only,Test evidence only
M,backend/tests/test_inspections.py,test-only,Cross-release / infra,No direct runtime impact,None or indirect,No known permission model change,Revert file only,Test evidence only
M,backend/tests/test_integration_health_iter142.py,test-only,Cross-release / infra,No direct runtime impact,None or indirect,No known permission model change,Revert file only,Test evidence only
M,backend/tests/test_integrations_iter122.py,test-only,Cross-release / infra,No direct runtime impact,None or indirect,No known permission model change,Revert file only,Test evidence only
M,backend/tests/test_iter106_deployment_audit.py,test-only,Cross-release / infra,No direct runtime impact,None or indirect,No known permission model change,Revert file only,Test evidence only
M,backend/tests/test_iter132_final.py,test-only,Cross-release / infra,No direct runtime impact,None or indirect,No known permission model change,Revert file only,Test evidence only
M,backend/tests/test_iter133_predeploy.py,test-only,Cross-release / infra,No direct runtime impact,None or indirect,No known permission model change,Revert file only,Test evidence only
M,backend/tests/test_iter134_training_center.py,test-only,Cross-release / infra,No direct runtime impact,None or indirect,No known permission model change,Revert file only,Test evidence only
M,backend/tests/test_iter140_where_used.py,test-only,Cross-release / infra,No direct runtime impact,None or indirect,No known permission model change,Revert file only,Test evidence only
M,backend/tests/test_iter205_anon_browser_walkthrough.py,test-only,Cross-release / infra,No direct runtime impact,None or indirect,No known permission model change,Revert file only,Test evidence only
M,backend/tests/test_iter251_fleet_guidance_integration.py,test-only,Cross-release / infra,No direct runtime impact,None or indirect,No known permission model change,Revert file only,Test evidence only
M,backend/tests/test_iter251_phase3_fleet_visibility.py,test-only,Cross-release / infra,No direct runtime impact,None or indirect,No known permission model change,Revert file only,Test evidence only
M,backend/tests/test_iter251_phase4_repair_lifecycle.py,test-only,Cross-release / infra,No direct runtime impact,None or indirect,No known permission model change,Revert file only,Test evidence only
M,backend/tests/test_iter251_phase5_weekly_emergency.py,test-only,Cross-release / infra,No direct runtime impact,None or indirect,No known permission model change,Revert file only,Test evidence only
M,backend/tests/test_iter256_predeploy_readiness.py,test-only,Cross-release / infra,No direct runtime impact,None or indirect,No known permission model change,Revert file only,Test evidence only
M,backend/tests/test_iter273_api_http.py,test-only,Cross-release / infra,No direct runtime impact,None or indirect,No known permission model change,Revert file only,Test evidence only
M,backend/tests/test_iter306_banner_cleanup_invariant.py,test-only,Cross-release / infra,No direct runtime impact,None or indirect,No known permission model change,Revert file only,Test evidence only
M,backend/tests/test_iter312_driver_qualification_csv.py,test-only,Cross-release / infra,No direct runtime impact,None or indirect,No known permission model change,Revert file only,Test evidence only
M,backend/tests/test_iter323_safety_forms_extra_smoke.py,test-only,Cross-release / infra,No direct runtime impact,None or indirect,No known permission model change,Revert file only,Test evidence only
M,backend/tests/test_iter338_live_e2e.py,test-only,Cross-release / infra,No direct runtime impact,None or indirect,No known permission model change,Revert file only,Test evidence only
M,backend/tests/test_iter346b_login_shell_and_super_admin.py,test-only,Cross-release / infra,No direct runtime impact,None or indirect,Touches auth/role or admin visibility,Revert file only,Test evidence only
M,backend/tests/test_iter347_promo_asset_library.py,test-only,Cross-release / infra,No direct runtime impact,None or indirect,No known permission model change,Revert file only,Test evidence only
M,backend/tests/test_iter35_predeploy.py,test-only,Cross-release / infra,No direct runtime impact,None or indirect,No known permission model change,Revert file only,Test evidence only
M,backend/tests/test_iter55_admin_health_endpoints.py,test-only,Cross-release / infra,No direct runtime impact,None or indirect,Touches auth/role or admin visibility,Revert file only,Test evidence only
M,backend/tests/test_iter56_scheduler_truth_consistency.py,test-only,Cross-release / infra,No direct runtime impact,None or indirect,No known permission model change,Revert file only,Test evidence only
M,backend/tests/test_iter57_backup_health_consistency.py,test-only,Cross-release / infra,No direct runtime impact,None or indirect,No known permission model change,Revert file only,Test evidence only
M,backend/tests/test_iter58_backup_health_final_verification.py,test-only,Cross-release / infra,No direct runtime impact,None or indirect,No known permission model change,Revert file only,Test evidence only
M,backend/tests/test_iter94_audit.py,test-only,Cross-release / infra,No direct runtime impact,None or indirect,No known permission model change,Revert file only,Test evidence only
M,backend/tests/test_iteration_571_photo_intel_summary.py,test-only,Cross-release / infra,No direct runtime impact,None or indirect,No known permission model change,Revert file only,Test evidence only
M,backend/tests/test_iteration_63_oppc_foundation.py,test-only,Cross-release / infra,No direct runtime impact,None or indirect,No known permission model change,Revert file only,Test evidence only
M,backend/tests/test_job_photos.py,test-only,Cross-release / infra,No direct runtime impact,None or indirect,No known permission model change,Revert file only,Test evidence only
M,backend/tests/test_master_lists_export_iter34.py,test-only,Cross-release / infra,No direct runtime impact,None or indirect,No known permission model change,Revert file only,Test evidence only
M,backend/tests/test_mcc1_hr_access.py,test-only,Cross-release / infra,No direct runtime impact,None or indirect,No known permission model change,Revert file only,Test evidence only
M,backend/tests/test_mcc1_mapping_cleanup.py,test-only,Cross-release / infra,No direct runtime impact,None or indirect,No known permission model change,Revert file only,Test evidence only
M,backend/tests/test_oa1_cross_portal.py,test-only,Cross-release / infra,No direct runtime impact,None or indirect,No known permission model change,Revert file only,Test evidence only
M,backend/tests/test_oa1_operations_actions.py,test-only,Cross-release / infra,No direct runtime impact,None or indirect,No known permission model change,Revert file only,Test evidence only
M,backend/tests/test_ods_001_e2e_review.py,test-only,Cross-release / infra,No direct runtime impact,None or indirect,No known permission model change,Revert file only,Test evidence only
M,backend/tests/test_operations_map_masci_vocab.py,test-only,Cross-release / infra,No direct runtime impact,None or indirect,No known permission model change,Revert file only,Test evidence only
M,backend/tests/test_oppc_wp14f_case_management.py,test-only,Cross-release / infra,No direct runtime impact,None or indirect,No known permission model change,Revert file only,Test evidence only
M,backend/tests/test_ops8_bounded_repairs.py,test-only,Cross-release / infra,No direct runtime impact,None or indirect,No known permission model change,Revert file only,Test evidence only
M,backend/tests/test_ops8_combined_checkpoint_regression.py,test-only,Cross-release / infra,No direct runtime impact,None or indirect,No known permission model change,Revert file only,Test evidence only
M,backend/tests/test_ops8_forensic_audit.py,test-only,Cross-release / infra,No direct runtime impact,None or indirect,No known permission model change,Revert file only,Test evidence only
M,backend/tests/test_p0_admin_visibility_fix.py,test-only,Cross-release / infra,No direct runtime impact,None or indirect,Touches auth/role or admin visibility,Revert file only,Test evidence only
M,backend/tests/test_phase_g_live_curl.py,test-only,Cross-release / infra,No direct runtime impact,None or indirect,No known permission model change,Revert file only,Test evidence only
M,backend/tests/test_pm_portal_iter31.py,test-only,Cross-release / infra,No direct runtime impact,None or indirect,No known permission model change,Revert file only,Test evidence only
M,backend/tests/test_rc1_predeploy_cert_gate.py,test-only,Cross-release / infra,No direct runtime impact,None or indirect,No known permission model change,Revert file only,Test evidence only
M,backend/tests/test_rcv1_ai_scenarios.py,test-only,Cross-release / infra,No direct runtime impact,None or indirect,No known permission model change,Revert file only,Test evidence only
M,backend/tests/test_rcv1_final_gate.py,test-only,Cross-release / infra,No direct runtime impact,None or indirect,No known permission model change,Revert file only,Test evidence only
M,backend/tests/test_restore_certification_s1_1.py,test-only,Cross-release / infra,No direct runtime impact,None or indirect,No known permission model change,Revert file only,Test evidence only
M,backend/tests/test_s1_0_environment_authority_lineage.py,test-only,Cross-release / infra,No direct runtime impact,None or indirect,Touches auth/role or admin visibility,Revert file only,Test evidence only
M,backend/tests/test_s1_4_notification_delivery_certification.py,test-only,Cross-release / infra,No direct runtime impact,None or indirect,No known permission model change,Revert file only,Test evidence only
M,backend/tests/test_safety_portal_iter120.py,test-only,Cross-release / infra,No direct runtime impact,None or indirect,No known permission model change,Revert file only,Test evidence only
M,backend/tests/test_soft_delete_iter33.py,test-only,Cross-release / infra,No direct runtime impact,None or indirect,No known permission model change,Revert file only,Test evidence only
M,backend/tests/test_sprint_a.py,test-only,Cross-release / infra,No direct runtime impact,None or indirect,No known permission model change,Revert file only,Test evidence only
M,backend/tests/test_suppliers_employees_iter21.py,test-only,Cross-release / infra,No direct runtime impact,None or indirect,No known permission model change,Revert file only,Test evidence only
M,backend/tests/test_track14_disc_final_live.py,test-only,Cross-release / infra,No direct runtime impact,None or indirect,No known permission model change,Revert file only,Test evidence only
M,backend/tests/test_track14_overload_api_smoke.py,test-only,Cross-release / infra,No direct runtime impact,None or indirect,No known permission model change,Revert file only,Test evidence only
M,backend/tests/test_track14_stability_certification.py,test-only,Cross-release / infra,No direct runtime impact,None or indirect,No known permission model change,Revert file only,Test evidence only
M,backend/tests/test_track15_operational_reality.py,test-only,Cross-release / infra,No direct runtime impact,None or indirect,No known permission model change,Revert file only,Test evidence only
M,backend/tests/test_track_13_4a_dispatch_map_visual_guardrail.py,test-only,Cross-release / infra,No direct runtime impact,None or indirect,No known permission model change,Revert file only,Test evidence only
M,backend/tests/test_track_14_trust_suite_phase_api.py,test-only,Cross-release / infra,No direct runtime impact,None or indirect,No known permission model change,Revert file only,Test evidence only
M,backend/tests/test_track_15_46_friction_reduction.py,test-only,Cross-release / infra,No direct runtime impact,None or indirect,No known permission model change,Revert file only,Test evidence only
M,backend/tests/test_track_18_12c_live_api.py,test-only,Cross-release / infra,No direct runtime impact,None or indirect,No known permission model change,Revert file only,Test evidence only
M,backend/tests/test_track_19_00_transportation_driver_carrier_foundation.py,test-only,Cross-release / infra,No direct runtime impact,None or indirect,No known permission model change,Revert file only,Test evidence only
M,backend/tests/test_track_19_01_transportation_academy.py,test-only,Cross-release / infra,No direct runtime impact,None or indirect,No known permission model change,Revert file only,Test evidence only
M,backend/tests/test_track_19_02_transportation_fleet_projection.py,test-only,Cross-release / infra,No direct runtime impact,None or indirect,No known permission model change,Revert file only,Test evidence only
M,backend/tests/test_track_19_02a_fleet_adoption_hardening.py,test-only,Cross-release / infra,No direct runtime impact,None or indirect,No known permission model change,Revert file only,Test evidence only
M,backend/tests/test_track_19_03_hr_roster_source_of_truth.py,test-only,Cross-release / infra,No direct runtime impact,None or indirect,No known permission model change,Revert file only,Test evidence only
M,backend/tests/test_track_22_4c_mobile_responsiveness_sweep.py,test-only,Cross-release / infra,No direct runtime impact,None or indirect,No known permission model change,Revert file only,Test evidence only
M,backend/tests/test_track_23_10_c_live_integration.py,test-only,Cross-release / infra,No direct runtime impact,None or indirect,No known permission model change,Revert file only,Test evidence only
M,backend/tests/test_track_23_10_d_live_endpoints.py,test-only,Cross-release / infra,No direct runtime impact,None or indirect,No known permission model change,Revert file only,Test evidence only
M,backend/tests/test_track_23_1_live_api.py,test-only,Cross-release / infra,No direct runtime impact,None or indirect,No known permission model change,Revert file only,Test evidence only
M,backend/tests/test_track_23_3_v3_surfacing.py,test-only,Cross-release / infra,No direct runtime impact,None or indirect,No known permission model change,Revert file only,Test evidence only
M,backend/tests/test_track_24_1_hardening.py,test-only,Cross-release / infra,No direct runtime impact,None or indirect,No known permission model change,Revert file only,Test evidence only
M,backend/tests/test_track_24_3_api_e2e.py,test-only,Cross-release / infra,No direct runtime impact,None or indirect,No known permission model change,Revert file only,Test evidence only
M,backend/tests/test_track_25_02_phase_d_retest.py,test-only,Cross-release / infra,No direct runtime impact,None or indirect,No known permission model change,Revert file only,Test evidence only
M,backend/tests/test_track_25_sprint_7_8_trust_events.py,test-only,Cross-release / infra,No direct runtime impact,None or indirect,No known permission model change,Revert file only,Test evidence only
M,backend/tests/test_track_27_10_api_e2e.py,test-only,Cross-release / infra,No direct runtime impact,None or indirect,No known permission model change,Revert file only,Test evidence only
M,backend/tests/test_translate.py,test-only,Cross-release / infra,No direct runtime impact,None or indirect,No known permission model change,Revert file only,Test evidence only
M,backend/tests/test_wp16_wave4_hr_certification.py,test-only,WP16,No direct runtime impact,None or indirect,No known permission model change,Revert file only,Test evidence only
M,backend/tests/test_wp16a_final_certification.py,test-only,WP16,No direct runtime impact,None or indirect,No known permission model change,Revert file only,Test evidence only
M,backend/tests/test_wp17a_kpi_remediation_preview.py,test-only,WP17,No direct runtime impact,None or indirect,No known permission model change,Revert file only,Test evidence only
A,backend/tests/test_wp18c1_hierarchy_foundation.py,test-only,WP18C1,No direct runtime impact,None or indirect,No known permission model change,Revert file only,Test evidence only
A,backend/tests/test_wp18c2_project_controls.py,test-only,WP18C2,No direct runtime impact,None or indirect,No known permission model change,Revert file only,Test evidence only
A,backend/tests/test_wp18c2_project_controls_authority.py,test-only,WP18C2,No direct runtime impact,None or indirect,Touches auth/role or admin visibility,Revert file only,Test evidence only
A,backend/tests/test_wp18c3_budget_api.py,test-only,WP18C3,No direct runtime impact,None or indirect,No known permission model change,Revert file only,Test evidence only
A,backend/tests/test_wp18c3_project_budget_foundation.py,test-only,WP18C3,No direct runtime impact,None or indirect,No known permission model change,Revert file only,Test evidence only
A,backend/tests/test_wp18c4_schedule_api.py,test-only,WP18C4,No direct runtime impact,None or indirect,No known permission model change,Revert file only,Test evidence only
A,backend/tests/test_wp18c4_schedule_foundation.py,test-only,WP18C4,No direct runtime impact,None or indirect,No known permission model change,Revert file only,Test evidence only
A,backend/tests/test_wp18c5_schedule_actuals_api.py,test-only,WP18C5,No direct runtime impact,None or indirect,No known permission model change,Revert file only,Test evidence only
A,backend/tests/test_wp18c5_schedule_actuals_foundation.py,test-only,WP18C5,No direct runtime impact,None or indirect,No known permission model change,Revert file only,Test evidence only
A,backend/tests/test_wp18c6_operational_intelligence_api.py,test-only,WP18C6,No direct runtime impact,None or indirect,No known permission model change,Revert file only,Test evidence only
A,backend/tests/test_wp18c6_operational_intelligence_e2e.py,test-only,WP18C6,No direct runtime impact,None or indirect,No known permission model change,Revert file only,Test evidence only
A,backend/tests/test_wp18c6_operational_intelligence_foundation.py,test-only,WP18C6,No direct runtime impact,None or indirect,No known permission model change,Revert file only,Test evidence only
A,backend/tests/test_wp18cy_backup_indexes.py,test-only,WP18CY,No direct runtime impact,None or indirect,No known permission model change,Revert file only,Test evidence only
A,backend/tests/test_wp18cy_daily_report_email_transport.py,test-only,WP18CY,No direct runtime impact,None or indirect,No known permission model change,Revert file only,Test evidence only
A,backend/tests/test_wp18cy_dr_forensics_parity.py,test-only,WP18CY,No direct runtime impact,None or indirect,No known permission model change,Revert file only,Test evidence only
M,backend/tests/track_15_14a_backstop_proof.py,test-only,Cross-release / infra,No direct runtime impact,None or indirect,No known permission model change,Revert file only,Test evidence only
M,backend/tests/track_15_14c_predeploy_gate.py,test-only,Cross-release / infra,No direct runtime impact,None or indirect,No known permission model change,Revert file only,Test evidence only
M,backend_admin_operations_test.py,test-only,Cross-release / infra,No direct runtime impact,None or indirect,Touches auth/role or admin visibility,Revert file only,Test evidence only
M,backend_cert_defect_baseline.md,documentation-only,Cross-release / infra,No direct runtime impact,None or indirect,No known permission model change,Revert file only,Documentation or legacy evidence
M,backend_cert_sweep.py,generated artifact,Cross-release / infra,No direct runtime impact,None or indirect,No known permission model change,Revert file only,Documentation or legacy evidence
M,backend_cert_sweep_report.md,documentation-only,Cross-release / infra,No direct runtime impact,None or indirect,No known permission model change,Revert file only,Documentation or legacy evidence
M,backend_cert_sweep_results.json,documentation-only,Cross-release / infra,No direct runtime impact,None or indirect,No known permission model change,Revert file only,Documentation or legacy evidence
A,backend_documentation_regression_smoke.py,generated artifact,Cross-release / infra,No direct runtime impact,None or indirect,No known permission model change,Revert file only,Documentation or legacy evidence
A,backend_release_smoke_test.py,test-only,Cross-release / infra,No direct runtime impact,None or indirect,No known permission model change,Revert file only,Test evidence only
M,backend_test.py,test-only,Cross-release / infra,No direct runtime impact,None or indirect,No known permission model change,Revert file only,Test evidence only
M,backend_test_429_fix.py,generated artifact,Cross-release / infra,No direct runtime impact,None or indirect,No known permission model change,Revert file only,Documentation or legacy evidence
M,backend_test_bcss_d02.py,generated artifact,Cross-release / infra,No direct runtime impact,None or indirect,No known permission model change,Revert file only,Documentation or legacy evidence
M,backend_test_bcss_d02_results.json,documentation-only,Cross-release / infra,No direct runtime impact,None or indirect,No known permission model change,Revert file only,Documentation or legacy evidence
M,backend_test_daily_report_closeout.py,generated artifact,Cross-release / infra,No direct runtime impact,None or indirect,No known permission model change,Revert file only,Documentation or legacy evidence
M,backend_test_defensive_build_repair.py,generated artifact,Cross-release / infra,No direct runtime impact,None or indirect,No known permission model change,Revert file only,Documentation or legacy evidence
M,backend_test_dr03_canonicalization.py,generated artifact,Cross-release / infra,No direct runtime impact,None or indirect,No known permission model change,Revert file only,Documentation or legacy evidence
M,backend_test_dr03_containment.py,generated artifact,Cross-release / infra,No direct runtime impact,None or indirect,No known permission model change,Revert file only,Documentation or legacy evidence
M,backend_test_dr03_gate5.py,generated artifact,Cross-release / infra,No direct runtime impact,None or indirect,No known permission model change,Revert file only,Documentation or legacy evidence
M,backend_test_dr03_gate5_final.py,generated artifact,Cross-release / infra,No direct runtime impact,None or indirect,No known permission model change,Revert file only,Documentation or legacy evidence
M,backend_test_dr_closeout_repairs.py,generated artifact,Cross-release / infra,No direct runtime impact,None or indirect,No known permission model change,Revert file only,Documentation or legacy evidence
M,backend_test_live_ai_no_tenant_gate.py,generated artifact,Cross-release / infra,No direct runtime impact,None or indirect,No known permission model change,Revert file only,Documentation or legacy evidence
M,backend_test_photo_intelligence_repair.py,generated artifact,Cross-release / infra,No direct runtime impact,None or indirect,No known permission model change,Revert file only,Documentation or legacy evidence
M,backend_test_rel01_runtime.py,generated artifact,Cross-release / infra,No direct runtime impact,None or indirect,No known permission model change,Revert file only,Documentation or legacy evidence
M,backend_test_s1_4_verification.py,generated artifact,Cross-release / infra,No direct runtime impact,None or indirect,No known permission model change,Revert file only,Documentation or legacy evidence
M,backend_test_track_27_11c.py,generated artifact,Cross-release / infra,No direct runtime impact,None or indirect,No known permission model change,Revert file only,Documentation or legacy evidence
M,backend_test_wave3_family3c.py,generated artifact,Cross-release / infra,No direct runtime impact,None or indirect,No known permission model change,Revert file only,Documentation or legacy evidence
M,backend_test_wave6.py,generated artifact,Cross-release / infra,No direct runtime impact,None or indirect,No known permission model change,Revert file only,Documentation or legacy evidence
M,backend_test_wp15_governance.py,generated artifact,Cross-release / infra,No direct runtime impact,None or indirect,No known permission model change,Revert file only,Documentation or legacy evidence
M,backend_test_wp16_phase6.py,generated artifact,WP16,No direct runtime impact,None or indirect,No known permission model change,Revert file only,Documentation or legacy evidence
M,backend_test_wp16a.py,generated artifact,WP16,No direct runtime impact,None or indirect,No known permission model change,Revert file only,Documentation or legacy evidence
M,backend_test_wp16a_detailed.py,generated artifact,WP16,No direct runtime impact,None or indirect,No known permission model change,Revert file only,Documentation or legacy evidence
M,backend_test_wp16a_final.py,generated artifact,WP16,No direct runtime impact,None or indirect,No known permission model change,Revert file only,Documentation or legacy evidence
A,backend_test_wp17c.py,generated artifact,WP17,No direct runtime impact,None or indirect,No known permission model change,Revert file only,WP17 closeout docs + UI regression evidence
A,backend_test_wp17cd.py,generated artifact,WP17,No direct runtime impact,None or indirect,No known permission model change,Revert file only,WP17 closeout docs + UI regression evidence
A,backend_test_wp18c2.py,generated artifact,WP18C2,No direct runtime impact,None or indirect,No known permission model change,Revert file only,WP18C2 closeout docs + matching backend tests
A,backend_test_wp18c2_results.json,documentation-only,WP18C2,No direct runtime impact,None or indirect,No known permission model change,Revert file only,WP18C2 closeout docs + matching backend tests
A,backend_test_wp18c4.py,generated artifact,WP18C4,No direct runtime impact,None or indirect,No known permission model change,Revert file only,WP18C4 closeout docs + matching backend tests
A,backend_test_wp18c4_results.json,documentation-only,WP18C4,No direct runtime impact,None or indirect,No known permission model change,Revert file only,WP18C4 closeout docs + matching backend tests
A,backend_test_wp18c5.py,generated artifact,WP18C5,No direct runtime impact,None or indirect,No known permission model change,Revert file only,WP18C5 closeout docs + matching backend tests
A,backend_test_wp18c6.py,generated artifact,WP18C6,No direct runtime impact,None or indirect,No known permission model change,Revert file only,WP18C6 closeout docs + matching backend tests
A,backend_test_wp18c6_results.json,documentation-only,WP18C6,No direct runtime impact,None or indirect,No known permission model change,Revert file only,WP18C6 closeout docs + matching backend tests
M,backend_test_wp_oppc_14.py,generated artifact,Cross-release / infra,No direct runtime impact,None or indirect,No known permission model change,Revert file only,Documentation or legacy evidence
M,backend_test_wp_oppc_14f.py,generated artifact,Cross-release / infra,No direct runtime impact,None or indirect,No known permission model change,Revert file only,Documentation or legacy evidence
M,backup_recovery_hardening_test.py,test-only,Cross-release / infra,No direct runtime impact,None or indirect,No known permission model change,Revert file only,Test evidence only
M,batch1_final_backend_verification.py,generated artifact,Cross-release / infra,No direct runtime impact,None or indirect,No known permission model change,Revert file only,Documentation or legacy evidence
M,bcss_checkpoint3_smoke_test.py,test-only,Cross-release / infra,No direct runtime impact,None or indirect,No known permission model change,Revert file only,Test evidence only
M,bcss_d02_verification_summary.md,documentation-only,Cross-release / infra,No direct runtime impact,None or indirect,No known permission model change,Revert file only,Documentation or legacy evidence
M,bcss_release2_stability_results.json,documentation-only,Cross-release / infra,No direct runtime impact,None or indirect,No known permission model change,Revert file only,Documentation or legacy evidence
M,bcss_release2_stability_test.py,test-only,Cross-release / infra,No direct runtime impact,None or indirect,No known permission model change,Revert file only,Test evidence only
M,bcss_release2_stability_verification_report.md,documentation-only,Cross-release / infra,No direct runtime impact,None or indirect,No known permission model change,Revert file only,Documentation or legacy evidence
M,bcss_wave3_family2_occ_trust_events_phaseb_test.py,test-only,Cross-release / infra,No direct runtime impact,None or indirect,No known permission model change,Revert file only,Test evidence only
M,c2_blocker_followup_results.json,documentation-only,Cross-release / infra,No direct runtime impact,None or indirect,No known permission model change,Revert file only,Documentation or legacy evidence
M,c2_blocker_followup_test.py,test-only,Cross-release / infra,No direct runtime impact,None or indirect,No known permission model change,Revert file only,Test evidence only
M,c2_blocker_remediation_test.py,test-only,Cross-release / infra,No direct runtime impact,None or indirect,No known permission model change,Revert file only,Test evidence only
M,c2_blocker_remediation_test_results.json,documentation-only,Cross-release / infra,No direct runtime impact,None or indirect,No known permission model change,Revert file only,Documentation or legacy evidence
M,c2_deployment_version_visibility_report.md,documentation-only,Cross-release / infra,No direct runtime impact,None or indirect,No known permission model change,Revert file only,Documentation or legacy evidence
M,c2_final_authorization_backend_results.json,documentation-only,Cross-release / infra,No direct runtime impact,None or indirect,Touches auth/role or admin visibility,Revert file only,Documentation or legacy evidence
M,c2_final_authorization_backend_test.py,test-only,Cross-release / infra,No direct runtime impact,None or indirect,Touches auth/role or admin visibility,Revert file only,Test evidence only
M,c2_phase2_deep_investigation.py,generated artifact,Cross-release / infra,No direct runtime impact,None or indirect,No known permission model change,Revert file only,Documentation or legacy evidence
M,c2_phase2_final_report.md,documentation-only,Cross-release / infra,No direct runtime impact,None or indirect,No known permission model change,Revert file only,Documentation or legacy evidence
M,c2_phase2_readiness_test.py,test-only,Cross-release / infra,No direct runtime impact,None or indirect,No known permission model change,Revert file only,Test evidence only
M,checkpoint7_verification.py,generated artifact,Cross-release / infra,No direct runtime impact,None or indirect,No known permission model change,Revert file only,Documentation or legacy evidence
M,consolidated_final_ledger.json,documentation-only,Cross-release / infra,No direct runtime impact,None or indirect,No known permission model change,Revert file only,Documentation or legacy evidence
M,consolidated_final_ledger.md,documentation-only,Cross-release / infra,No direct runtime impact,None or indirect,No known permission model change,Revert file only,Documentation or legacy evidence
M,daily_report_ai_backend_test.py,test-only,Cross-release / infra,No direct runtime impact,None or indirect,No known permission model change,Revert file only,Test evidence only
M,daily_report_ai_backend_test_results.json,documentation-only,Cross-release / infra,No direct runtime impact,None or indirect,No known permission model change,Revert file only,Documentation or legacy evidence
M,daily_report_anonymous_public_api_test.py,test-only,Cross-release / infra,No direct runtime impact,None or indirect,No known permission model change,Revert file only,Test evidence only
M,daily_report_anonymous_public_api_test_results.json,documentation-only,Cross-release / infra,No direct runtime impact,None or indirect,No known permission model change,Revert file only,Documentation or legacy evidence
M,daily_report_anonymous_public_backend_cert.py,generated artifact,Cross-release / infra,No direct runtime impact,None or indirect,No known permission model change,Revert file only,Documentation or legacy evidence
M,daily_report_canonical_workflow_results.json,documentation-only,Cross-release / infra,No direct runtime impact,None or indirect,No known permission model change,Revert file only,Documentation or legacy evidence
M,daily_report_canonical_workflow_test.py,test-only,Cross-release / infra,No direct runtime impact,None or indirect,No known permission model change,Revert file only,Test evidence only
M,daily_report_certification_results.json,documentation-only,Cross-release / infra,No direct runtime impact,None or indirect,No known permission model change,Revert file only,Documentation or legacy evidence
M,daily_report_certification_summary.md,documentation-only,Cross-release / infra,No direct runtime impact,None or indirect,No known permission model change,Revert file only,Documentation or legacy evidence
M,daily_report_remaining_backend_cert.py,generated artifact,Cross-release / infra,No direct runtime impact,None or indirect,No known permission model change,Revert file only,Documentation or legacy evidence
M,daily_report_remaining_backend_cert_results.json,documentation-only,Cross-release / infra,No direct runtime impact,None or indirect,No known permission model change,Revert file only,Documentation or legacy evidence
M,design_guidelines.json,generated artifact,Cross-release / infra,No direct runtime impact,None or indirect,No known permission model change,Revert file only,Documentation or legacy evidence
M,dispatch_auth_verification.py,generated artifact,Cross-release / infra,No direct runtime impact,None or indirect,Touches auth/role or admin visibility,Revert file only,Documentation or legacy evidence
M,dispatch_auth_verification_results.json,documentation-only,Cross-release / infra,No direct runtime impact,None or indirect,Touches auth/role or admin visibility,Revert file only,Documentation or legacy evidence
M,docs/archive/testing-evidence/test_result.md,documentation-only,Cross-release / infra,No direct runtime impact,None or indirect,No known permission model change,Revert file only,Documentation or legacy evidence
M,docs/performance/performance_baseline.json,generated artifact,Cross-release / infra,No direct runtime impact,None or indirect,No known permission model change,Revert file only,Documentation or legacy evidence
M,family_3d1_test_results.json,documentation-only,Cross-release / infra,No direct runtime impact,None or indirect,No known permission model change,Revert file only,Documentation or legacy evidence
M,fl_auth_deep_dive.py,generated artifact,Cross-release / infra,No direct runtime impact,None or indirect,Touches auth/role or admin visibility,Revert file only,Documentation or legacy evidence
M,fl_portal_directory_auth_test.py,test-only,Cross-release / infra,No direct runtime impact,None or indirect,Touches auth/role or admin visibility,Revert file only,Test evidence only
M,frontend/src/app/admin/domainMapV3.js,frontend,Cross-release / infra,UI/route/operator experience changes in deployed bundle,No direct data write; affects submitted payloads and user flows,Touches auth/role or admin visibility,Revert code + restart affected services,Documentation or legacy evidence
M,frontend/src/app/routing/AppRoutes.jsx,frontend,Cross-release / infra,UI/route/operator experience changes in deployed bundle,No direct data write; affects submitted payloads and user flows,No known permission model change,Revert code + restart affected services,Documentation or legacy evidence
M,frontend/src/app/routing/legacyRedirects.js,frontend,Cross-release / infra,UI/route/operator experience changes in deployed bundle,No direct data write; affects submitted payloads and user flows,No known permission model change,Revert code + restart affected services,Documentation or legacy evidence
M,frontend/src/components/AdminAccessControlPanel.jsx,frontend,Cross-release / infra,UI/route/operator experience changes in deployed bundle,No direct data write; affects submitted payloads and user flows,Touches auth/role or admin visibility,Revert code + restart affected services,Documentation or legacy evidence
M,frontend/src/components/AdminEmailRoutingPanel.jsx,frontend,WP18CX,UI/route/operator experience changes in deployed bundle,No direct data write; affects submitted payloads and user flows,Touches auth/role or admin visibility,Revert code + restart affected services,WP18CX closeout docs + iterations 117-121
M,frontend/src/components/AdminGlobalSearch.jsx,frontend,Cross-release / infra,UI/route/operator experience changes in deployed bundle,No direct data write; affects submitted payloads and user flows,Touches auth/role or admin visibility,Revert code + restart affected services,Documentation or legacy evidence
M,frontend/src/components/AdminJobMasterPanel.jsx,frontend,Cross-release / infra,UI/route/operator experience changes in deployed bundle,No direct data write; affects submitted payloads and user flows,Touches auth/role or admin visibility,Revert code + restart affected services,Documentation or legacy evidence
M,frontend/src/components/AdminSafetyFormsPanel.jsx,frontend,Cross-release / infra,UI/route/operator experience changes in deployed bundle,No direct data write; affects submitted payloads and user flows,Touches auth/role or admin visibility,Revert code + restart affected services,Documentation or legacy evidence
M,frontend/src/components/AdminShell.jsx,frontend,WP17,UI/route/operator experience changes in deployed bundle,No direct data write; affects submitted payloads and user flows,Touches auth/role or admin visibility,Revert code + restart affected services,WP17 closeout docs + UI regression evidence
M,frontend/src/components/AdminUnifiedDirectoryPanel.jsx,frontend,Cross-release / infra,UI/route/operator experience changes in deployed bundle,No direct data write; affects submitted payloads and user flows,Touches auth/role or admin visibility,Revert code + restart affected services,Documentation or legacy evidence
A,frontend/src/components/AsyncSearchableSelect.jsx,frontend,Cross-release / infra,UI/route/operator experience changes in deployed bundle,No direct data write; affects submitted payloads and user flows,No known permission model change,Revert code + restart affected services,Documentation or legacy evidence
M,frontend/src/components/AutoEmailRoutingPanel.jsx,frontend,WP18CX,UI/route/operator experience changes in deployed bundle,No direct data write; affects submitted payloads and user flows,No known permission model change,Revert code + restart affected services,WP18CX closeout docs + iterations 117-121
M,frontend/src/components/BackLink.jsx,frontend,Cross-release / infra,UI/route/operator experience changes in deployed bundle,No direct data write; affects submitted payloads and user flows,No known permission model change,Revert code + restart affected services,Documentation or legacy evidence
M,frontend/src/components/CalculatorUsageCard.jsx,frontend,Cross-release / infra,UI/route/operator experience changes in deployed bundle,No direct data write; affects submitted payloads and user flows,No known permission model change,Revert code + restart affected services,Documentation or legacy evidence
A,frontend/src/components/CanonicalCard.jsx,frontend,Cross-release / infra,UI/route/operator experience changes in deployed bundle,No direct data write; affects submitted payloads and user flows,No known permission model change,Revert code + restart affected services,Documentation or legacy evidence
A,frontend/src/components/CanonicalHeader.jsx,frontend,Cross-release / infra,UI/route/operator experience changes in deployed bundle,No direct data write; affects submitted payloads and user flows,No known permission model change,Revert code + restart affected services,Documentation or legacy evidence
M,frontend/src/components/CanonicalInspectionSections.jsx,frontend,Cross-release / infra,UI/route/operator experience changes in deployed bundle,No direct data write; affects submitted payloads and user flows,No known permission model change,Revert code + restart affected services,Documentation or legacy evidence
M,frontend/src/components/ComplianceExportPanel.jsx,frontend,Cross-release / infra,UI/route/operator experience changes in deployed bundle,No direct data write; affects submitted payloads and user flows,No known permission model change,Revert code + restart affected services,Documentation or legacy evidence
M,frontend/src/components/DailyReportLifecyclePanel.jsx,frontend,Cross-release / infra,UI/route/operator experience changes in deployed bundle,No direct data write; affects submitted payloads and user flows,No known permission model change,Revert code + restart affected services,Documentation or legacy evidence
M,frontend/src/components/DrV2ApprovedReportsPanel.jsx,frontend,Cross-release / infra,UI/route/operator experience changes in deployed bundle,No direct data write; affects submitted payloads and user flows,No known permission model change,Revert code + restart affected services,Documentation or legacy evidence
M,frontend/src/components/EmailReportDialog.jsx,frontend,Cross-release / infra,UI/route/operator experience changes in deployed bundle,No direct data write; affects submitted payloads and user flows,No known permission model change,Revert code + restart affected services,Documentation or legacy evidence
M,frontend/src/components/EmailRoutingV2Panel.jsx,frontend,WP18CX,UI/route/operator experience changes in deployed bundle,No direct data write; affects submitted payloads and user flows,No known permission model change,Revert code + restart affected services,WP18CX closeout docs + iterations 117-121
M,frontend/src/components/EmployeeCombo.jsx,frontend,Cross-release / infra,UI/route/operator experience changes in deployed bundle,No direct data write; affects submitted payloads and user flows,No known permission model change,Revert code + restart affected services,Documentation or legacy evidence
M,frontend/src/components/EmptyState.jsx,frontend,Cross-release / infra,UI/route/operator experience changes in deployed bundle,No direct data write; affects submitted payloads and user flows,No known permission model change,Revert code + restart affected services,Documentation or legacy evidence
M,frontend/src/components/EnvBanner.jsx,frontend,Cross-release / infra,UI/route/operator experience changes in deployed bundle,No direct data write; affects submitted payloads and user flows,No known permission model change,Revert code + restart affected services,Documentation or legacy evidence
M,frontend/src/components/EquipmentCombo.jsx,frontend,Cross-release / infra,UI/route/operator experience changes in deployed bundle,No direct data write; affects submitted payloads and user flows,No known permission model change,Revert code + restart affected services,Documentation or legacy evidence
M,frontend/src/components/EquipmentMasterPanel.jsx,frontend,Cross-release / infra,UI/route/operator experience changes in deployed bundle,No direct data write; affects submitted payloads and user flows,No known permission model change,Revert code + restart affected services,Documentation or legacy evidence
M,frontend/src/components/ExpirationsSummary.jsx,frontend,Cross-release / infra,UI/route/operator experience changes in deployed bundle,No direct data write; affects submitted payloads and user flows,No known permission model change,Revert code + restart affected services,Documentation or legacy evidence
M,frontend/src/components/FlUserCombo.jsx,frontend,Cross-release / infra,UI/route/operator experience changes in deployed bundle,No direct data write; affects submitted payloads and user flows,No known permission model change,Revert code + restart affected services,Documentation or legacy evidence
M,frontend/src/components/ForgedOpsAttribution.jsx,frontend,Cross-release / infra,UI/route/operator experience changes in deployed bundle,No direct data write; affects submitted payloads and user flows,No known permission model change,Revert code + restart affected services,Documentation or legacy evidence
M,frontend/src/components/FormPasswordGate.jsx,frontend,Cross-release / infra,UI/route/operator experience changes in deployed bundle,No direct data write; affects submitted payloads and user flows,No known permission model change,Revert code + restart affected services,Documentation or legacy evidence
M,frontend/src/components/FormSection.jsx,frontend,Cross-release / infra,UI/route/operator experience changes in deployed bundle,No direct data write; affects submitted payloads and user flows,No known permission model change,Revert code + restart affected services,Documentation or legacy evidence
M,frontend/src/components/FormShell.jsx,frontend,WP17,UI/route/operator experience changes in deployed bundle,No direct data write; affects submitted payloads and user flows,No known permission model change,Revert code + restart affected services,WP17 closeout docs + UI regression evidence
M,frontend/src/components/GlobalSearch.jsx,frontend,Cross-release / infra,UI/route/operator experience changes in deployed bundle,No direct data write; affects submitted payloads and user flows,No known permission model change,Revert code + restart affected services,Documentation or legacy evidence
M,frontend/src/components/HelpTip.jsx,frontend,Cross-release / infra,UI/route/operator experience changes in deployed bundle,No direct data write; affects submitted payloads and user flows,No known permission model change,Revert code + restart affected services,Documentation or legacy evidence
M,frontend/src/components/HrPageShell.jsx,frontend,Cross-release / infra,UI/route/operator experience changes in deployed bundle,No direct data write; affects submitted payloads and user flows,No known permission model change,Revert code + restart affected services,Documentation or legacy evidence
M,frontend/src/components/JobFolderList.jsx,frontend,Cross-release / infra,UI/route/operator experience changes in deployed bundle,No direct data write; affects submitted payloads and user flows,No known permission model change,Revert code + restart affected services,Documentation or legacy evidence
M,frontend/src/components/JobPicker.jsx,frontend,Cross-release / infra,UI/route/operator experience changes in deployed bundle,No direct data write; affects submitted payloads and user flows,No known permission model change,Revert code + restart affected services,Documentation or legacy evidence
M,frontend/src/components/LangToggle.jsx,frontend,Cross-release / infra,UI/route/operator experience changes in deployed bundle,No direct data write; affects submitted payloads and user flows,No known permission model change,Revert code + restart affected services,Documentation or legacy evidence
M,frontend/src/components/MasciLogo.jsx,frontend,Cross-release / infra,UI/route/operator experience changes in deployed bundle,No direct data write; affects submitted payloads and user flows,No known permission model change,Revert code + restart affected services,Documentation or legacy evidence
M,frontend/src/components/MasterListPanel.jsx,frontend,Cross-release / infra,UI/route/operator experience changes in deployed bundle,No direct data write; affects submitted payloads and user flows,No known permission model change,Revert code + restart affected services,Documentation or legacy evidence
M,frontend/src/components/MasterLookupCombobox.jsx,frontend,Cross-release / infra,UI/route/operator experience changes in deployed bundle,No direct data write; affects submitted payloads and user flows,No known permission model change,Revert code + restart affected services,Documentation or legacy evidence
M,frontend/src/components/NotificationBell.jsx,frontend,Cross-release / infra,UI/route/operator experience changes in deployed bundle,No direct data write; affects submitted payloads and user flows,No known permission model change,Revert code + restart affected services,Documentation or legacy evidence
A,frontend/src/components/OperationalCoachingStrip.jsx,frontend,Cross-release / infra,UI/route/operator experience changes in deployed bundle,No direct data write; affects submitted payloads and user flows,No known permission model change,Revert code + restart affected services,Documentation or legacy evidence
M,frontend/src/components/PayrollVarianceLifecyclePanel.jsx,frontend,Cross-release / infra,UI/route/operator experience changes in deployed bundle,No direct data write; affects submitted payloads and user flows,No known permission model change,Revert code + restart affected services,Documentation or legacy evidence
M,frontend/src/components/PhotoZipDownload.jsx,frontend,Cross-release / infra,UI/route/operator experience changes in deployed bundle,No direct data write; affects submitted payloads and user flows,No known permission model change,Revert code + restart affected services,Documentation or legacy evidence
M,frontend/src/components/PlatformTrustDashboard.jsx,frontend,Cross-release / infra,UI/route/operator experience changes in deployed bundle,No direct data write; affects submitted payloads and user flows,No known permission model change,Revert code + restart affected services,Documentation or legacy evidence
M,frontend/src/components/PlatformTrustValidator.jsx,frontend,Cross-release / infra,UI/route/operator experience changes in deployed bundle,No direct data write; affects submitted payloads and user flows,No known permission model change,Revert code + restart affected services,Documentation or legacy evidence
M,frontend/src/components/PmShell.jsx,frontend,Cross-release / infra,UI/route/operator experience changes in deployed bundle,No direct data write; affects submitted payloads and user flows,No known permission model change,Revert code + restart affected services,Documentation or legacy evidence
M,frontend/src/components/PortalLoginShell.jsx,frontend,Cross-release / infra,UI/route/operator experience changes in deployed bundle,No direct data write; affects submitted payloads and user flows,Touches auth/role or admin visibility,Revert code + restart affected services,Documentation or legacy evidence
M,frontend/src/components/PortalSwitcher.jsx,frontend,Cross-release / infra,UI/route/operator experience changes in deployed bundle,No direct data write; affects submitted payloads and user flows,No known permission model change,Revert code + restart affected services,Documentation or legacy evidence
M,frontend/src/components/ProgressRail.jsx,frontend,Cross-release / infra,UI/route/operator experience changes in deployed bundle,No direct data write; affects submitted payloads and user flows,No known permission model change,Revert code + restart affected services,Documentation or legacy evidence
M,frontend/src/components/RestoreBackupPanel.jsx,frontend,Cross-release / infra,UI/route/operator experience changes in deployed bundle,No direct data write; affects submitted payloads and user flows,No known permission model change,Revert code + restart affected services,Documentation or legacy evidence
M,frontend/src/components/RoutingStatusPanel.jsx,frontend,Cross-release / infra,UI/route/operator experience changes in deployed bundle,No direct data write; affects submitted payloads and user flows,No known permission model change,Revert code + restart affected services,Documentation or legacy evidence
M,frontend/src/components/SafetyShell.jsx,frontend,Cross-release / infra,UI/route/operator experience changes in deployed bundle,No direct data write; affects submitted payloads and user flows,No known permission model change,Revert code + restart affected services,Documentation or legacy evidence
M,frontend/src/components/SearchableSelect.jsx,frontend,Cross-release / infra,UI/route/operator experience changes in deployed bundle,No direct data write; affects submitted payloads and user flows,No known permission model change,Revert code + restart affected services,Documentation or legacy evidence
A,frontend/src/components/SectionHeading.jsx,frontend,Cross-release / infra,UI/route/operator experience changes in deployed bundle,No direct data write; affects submitted payloads and user flows,No known permission model change,Revert code + restart affected services,Documentation or legacy evidence
M,frontend/src/components/SectionTile.jsx,frontend,Cross-release / infra,UI/route/operator experience changes in deployed bundle,No direct data write; affects submitted payloads and user flows,No known permission model change,Revert code + restart affected services,Documentation or legacy evidence
M,frontend/src/components/ShareFormDialog.jsx,frontend,Cross-release / infra,UI/route/operator experience changes in deployed bundle,No direct data write; affects submitted payloads and user flows,No known permission model change,Revert code + restart affected services,Documentation or legacy evidence
M,frontend/src/components/SignaturePad.jsx,frontend,Cross-release / infra,UI/route/operator experience changes in deployed bundle,No direct data write; affects submitted payloads and user flows,No known permission model change,Revert code + restart affected services,Documentation or legacy evidence
M,frontend/src/components/SmartUnitClassificationChip.jsx,frontend,Cross-release / infra,UI/route/operator experience changes in deployed bundle,No direct data write; affects submitted payloads and user flows,No known permission model change,Revert code + restart affected services,Documentation or legacy evidence
M,frontend/src/components/SubmitLangBadge.jsx,frontend,Cross-release / infra,UI/route/operator experience changes in deployed bundle,No direct data write; affects submitted payloads and user flows,No known permission model change,Revert code + restart affected services,Documentation or legacy evidence
M,frontend/src/components/SubmitReviewPanel.jsx,frontend,Cross-release / infra,UI/route/operator experience changes in deployed bundle,No direct data write; affects submitted payloads and user flows,No known permission model change,Revert code + restart affected services,Documentation or legacy evidence
M,frontend/src/components/TrenchBoxTabulatedLibrary.jsx,frontend,Cross-release / infra,UI/route/operator experience changes in deployed bundle,No direct data write; affects submitted payloads and user flows,No known permission model change,Revert code + restart affected services,Documentation or legacy evidence
M,frontend/src/components/admin/AdminBreadcrumb.jsx,frontend,Cross-release / infra,UI/route/operator experience changes in deployed bundle,No direct data write; affects submitted payloads and user flows,Touches auth/role or admin visibility,Revert code + restart affected services,Documentation or legacy evidence
M,frontend/src/components/admin/AdminRouteShell.jsx,frontend,Cross-release / infra,UI/route/operator experience changes in deployed bundle,No direct data write; affects submitted payloads and user flows,Touches auth/role or admin visibility,Revert code + restart affected services,Documentation or legacy evidence
M,frontend/src/components/admin/CommandPalette.jsx,frontend,Cross-release / infra,UI/route/operator experience changes in deployed bundle,No direct data write; affects submitted payloads and user flows,Touches auth/role or admin visibility,Revert code + restart affected services,Documentation or legacy evidence
M,frontend/src/components/admin/LastActivityLine.jsx,frontend,Cross-release / infra,UI/route/operator experience changes in deployed bundle,No direct data write; affects submitted payloads and user flows,Touches auth/role or admin visibility,Revert code + restart affected services,Documentation or legacy evidence
M,frontend/src/components/admin/LegacyAdminModernShell.jsx,frontend,Cross-release / infra,UI/route/operator experience changes in deployed bundle,No direct data write; affects submitted payloads and user flows,Touches auth/role or admin visibility,Revert code + restart affected services,Documentation or legacy evidence
M,frontend/src/components/admin/LegacyMovedBanner.jsx,frontend,Cross-release / infra,UI/route/operator experience changes in deployed bundle,No direct data write; affects submitted payloads and user flows,Touches auth/role or admin visibility,Revert code + restart affected services,Documentation or legacy evidence
M,frontend/src/components/admin/operational-health/OperationalHealthDashboardShell.jsx,frontend,Cross-release / infra,UI/route/operator experience changes in deployed bundle,No direct data write; affects submitted payloads and user flows,Touches auth/role or admin visibility,Revert code + restart affected services,Documentation or legacy evidence
M,frontend/src/components/admin/sidebar/SideNavV3.jsx,frontend,WP17,UI/route/operator experience changes in deployed bundle,No direct data write; affects submitted payloads and user flows,Touches auth/role or admin visibility,Revert code + restart affected services,WP17 closeout docs + UI regression evidence
M,frontend/src/components/admin/sidebar/domainMap.js,frontend,WP17,UI/route/operator experience changes in deployed bundle,No direct data write; affects submitted payloads and user flows,Touches auth/role or admin visibility,Revert code + restart affected services,WP17 closeout docs + UI regression evidence
M,frontend/src/components/admin/trust/DomainLandingShell.jsx,frontend,Cross-release / infra,UI/route/operator experience changes in deployed bundle,No direct data write; affects submitted payloads and user flows,Touches auth/role or admin visibility,Revert code + restart affected services,Documentation or legacy evidence
M,frontend/src/components/admin/trust/TrustPrimitives.jsx,frontend,Cross-release / infra,UI/route/operator experience changes in deployed bundle,No direct data write; affects submitted payloads and user flows,Touches auth/role or admin visibility,Revert code + restart affected services,Documentation or legacy evidence
M,frontend/src/components/daily-report-v3/CompetentPersonCombo.jsx,frontend,Cross-release / infra,UI/route/operator experience changes in deployed bundle,No direct data write; affects submitted payloads and user flows,No known permission model change,Revert code + restart affected services,Documentation or legacy evidence
M,frontend/src/components/daily-report-v3/DailyReportV3ExcavationSection.jsx,frontend,Cross-release / infra,UI/route/operator experience changes in deployed bundle,No direct data write; affects submitted payloads and user flows,No known permission model change,Revert code + restart affected services,Documentation or legacy evidence
M,frontend/src/components/daily-report-v3/SectionProjectConditions.jsx,frontend,Cross-release / infra,UI/route/operator experience changes in deployed bundle,No direct data write; affects submitted payloads and user flows,No known permission model change,Revert code + restart affected services,Documentation or legacy evidence
M,frontend/src/components/daily-report-v3/sections.jsx,frontend,Cross-release / infra,UI/route/operator experience changes in deployed bundle,No direct data write; affects submitted payloads and user flows,No known permission model change,Revert code + restart affected services,Documentation or legacy evidence
A,frontend/src/components/detail/DetailPageHero.jsx,frontend,Cross-release / infra,UI/route/operator experience changes in deployed bundle,No direct data write; affects submitted payloads and user flows,No known permission model change,Revert code + restart affected services,Documentation or legacy evidence
M,frontend/src/components/dispatch/DispatchDecisionChip.jsx,frontend,Cross-release / infra,UI/route/operator experience changes in deployed bundle,No direct data write; affects submitted payloads and user flows,No known permission model change,Revert code + restart affected services,Documentation or legacy evidence
M,frontend/src/components/dispatch/sidebar/DispatchSideNavV2.jsx,frontend,WP17,UI/route/operator experience changes in deployed bundle,No direct data write; affects submitted payloads and user flows,No known permission model change,Revert code + restart affected services,WP17 closeout docs + UI regression evidence
M,frontend/src/components/field_memory/FieldMemoryGlance.jsx,frontend,Cross-release / infra,UI/route/operator experience changes in deployed bundle,No direct data write; affects submitted payloads and user flows,No known permission model change,Revert code + restart affected services,Documentation or legacy evidence
A,frontend/src/components/header/HeaderIdentityContext.jsx,frontend,Cross-release / infra,UI/route/operator experience changes in deployed bundle,No direct data write; affects submitted payloads and user flows,No known permission model change,Revert code + restart affected services,Documentation or legacy evidence
M,frontend/src/components/hr/sidebar/HrSideNavV2.jsx,frontend,WP17,UI/route/operator experience changes in deployed bundle,No direct data write; affects submitted payloads and user flows,No known permission model change,Revert code + restart affected services,WP17 closeout docs + UI regression evidence
A,frontend/src/components/icons/AppIcon.jsx,frontend,Cross-release / infra,UI/route/operator experience changes in deployed bundle,No direct data write; affects submitted payloads and user flows,No known permission model change,Revert code + restart affected services,Documentation or legacy evidence
A,frontend/src/components/icons/semanticRegistry.js,frontend,Cross-release / infra,UI/route/operator experience changes in deployed bundle,No direct data write; affects submitted payloads and user flows,No known permission model change,Revert code + restart affected services,Documentation or legacy evidence
M,frontend/src/components/oa/CoachingPanel.jsx,frontend,Cross-release / infra,UI/route/operator experience changes in deployed bundle,No direct data write; affects submitted payloads and user flows,No known permission model change,Revert code + restart affected services,Documentation or legacy evidence
M,frontend/src/components/odr/OdrTrustBanner.jsx,frontend,Cross-release / infra,UI/route/operator experience changes in deployed bundle,No direct data write; affects submitted payloads and user flows,No known permission model change,Revert code + restart affected services,Documentation or legacy evidence
M,frontend/src/components/operational/OperationalTimelineSidecar.jsx,frontend,Cross-release / infra,UI/route/operator experience changes in deployed bundle,No direct data write; affects submitted payloads and user flows,No known permission model change,Revert code + restart affected services,Documentation or legacy evidence
A,frontend/src/components/operational_intelligence/GovernedMetricCard.jsx,frontend,WP18C6,UI/route/operator experience changes in deployed bundle,No direct data write; affects submitted payloads and user flows,No known permission model change,Revert code + restart affected services,WP18C6 closeout docs + matching backend tests
A,frontend/src/components/operational_intelligence/OperationalIntelligenceSnapshotWorkspace.jsx,frontend,WP18C6,UI/route/operator experience changes in deployed bundle,No direct data write; affects submitted payloads and user flows,No known permission model change,Revert code + restart affected services,WP18C6 closeout docs + matching backend tests
M,frontend/src/components/operational_intelligence/OperationalThreadPage.jsx,frontend,WP18C6,UI/route/operator experience changes in deployed bundle,No direct data write; affects submitted payloads and user flows,No known permission model change,Revert code + restart affected services,WP18C6 closeout docs + matching backend tests
A,frontend/src/components/operational_intelligence/ResourceTable.jsx,frontend,WP18C6,UI/route/operator experience changes in deployed bundle,No direct data write; affects submitted payloads and user flows,No known permission model change,Revert code + restart affected services,WP18C6 closeout docs + matching backend tests
A,frontend/src/components/operations/OperationsControlShell.jsx,frontend,Cross-release / infra,UI/route/operator experience changes in deployed bundle,No direct data write; affects submitted payloads and user flows,No known permission model change,Revert code + restart affected services,Documentation or legacy evidence
M,frontend/src/components/pm/PmJobsRead.jsx,frontend,Cross-release / infra,UI/route/operator experience changes in deployed bundle,No direct data write; affects submitted payloads and user flows,No known permission model change,Revert code + restart affected services,Documentation or legacy evidence
M,frontend/src/components/pm/command/PmProjectFirstHome.jsx,frontend,Cross-release / infra,UI/route/operator experience changes in deployed bundle,No direct data write; affects submitted payloads and user flows,No known permission model change,Revert code + restart affected services,Documentation or legacy evidence
M,frontend/src/components/pm/command/PmProjectSelector.jsx,frontend,Cross-release / infra,UI/route/operator experience changes in deployed bundle,No direct data write; affects submitted payloads and user flows,No known permission model change,Revert code + restart affected services,Documentation or legacy evidence
A,frontend/src/components/pm/schedule/ScheduleActualsWorkspace.jsx,frontend,Cross-release / infra,UI/route/operator experience changes in deployed bundle,No direct data write; affects submitted payloads and user flows,No known permission model change,Revert code + restart affected services,Documentation or legacy evidence
A,frontend/src/components/pm/schedule/ScheduleDailyWorkPlanPanel.jsx,frontend,Cross-release / infra,UI/route/operator experience changes in deployed bundle,No direct data write; affects submitted payloads and user flows,No known permission model change,Revert code + restart affected services,Documentation or legacy evidence
M,frontend/src/components/pm/sidebar/SideNavV2.jsx,frontend,WP17,UI/route/operator experience changes in deployed bundle,No direct data write; affects submitted payloads and user flows,No known permission model change,Revert code + restart affected services,WP17 closeout docs + UI regression evidence
M,frontend/src/components/pm/sidebar/domainMap.js,frontend,WP17,UI/route/operator experience changes in deployed bundle,No direct data write; affects submitted payloads and user flows,No known permission model change,Revert code + restart affected services,WP17 closeout docs + UI regression evidence
A,frontend/src/components/public/OperationalOutcomeFrame.jsx,frontend,Cross-release / infra,UI/route/operator experience changes in deployed bundle,No direct data write; affects submitted payloads and user flows,No known permission model change,Revert code + restart affected services,Documentation or legacy evidence
A,frontend/src/components/public/OperationalPageFrame.jsx,frontend,Cross-release / infra,UI/route/operator experience changes in deployed bundle,No direct data write; affects submitted payloads and user flows,No known permission model change,Revert code + restart affected services,Documentation or legacy evidence
A,frontend/src/components/public/OperationalPrintPageFrame.jsx,frontend,Cross-release / infra,UI/route/operator experience changes in deployed bundle,No direct data write; affects submitted payloads and user flows,No known permission model change,Revert code + restart affected services,Documentation or legacy evidence
A,frontend/src/components/public/OperationalStatusBadge.jsx,frontend,Cross-release / infra,UI/route/operator experience changes in deployed bundle,No direct data write; affects submitted payloads and user flows,No known permission model change,Revert code + restart affected services,Documentation or legacy evidence
M,frontend/src/components/safety/sidebar/SafetySideNavV2.jsx,frontend,WP17,UI/route/operator experience changes in deployed bundle,No direct data write; affects submitted payloads and user flows,No known permission model change,Revert code + restart affected services,WP17 closeout docs + UI regression evidence
M,frontend/src/components/shop/BackToShopLink.jsx,frontend,Cross-release / infra,UI/route/operator experience changes in deployed bundle,No direct data write; affects submitted payloads and user flows,No known permission model change,Revert code + restart affected services,Documentation or legacy evidence
M,frontend/src/components/team/JobTeamRosterPanel.jsx,frontend,Cross-release / infra,UI/route/operator experience changes in deployed bundle,No direct data write; affects submitted payloads and user flows,No known permission model change,Revert code + restart affected services,Documentation or legacy evidence
M,frontend/src/components/team/MyAssignedProjectsWidget.jsx,frontend,Cross-release / infra,UI/route/operator experience changes in deployed bundle,No direct data write; affects submitted payloads and user flows,No known permission model change,Revert code + restart affected services,Documentation or legacy evidence
M,frontend/src/components/transportation/TransportationOpsTopBar.jsx,frontend,Cross-release / infra,UI/route/operator experience changes in deployed bundle,No direct data write; affects submitted payloads and user flows,No known permission model change,Revert code + restart affected services,Documentation or legacy evidence
M,frontend/src/components/transportation/sidebar/TransportationSideNavV2.jsx,frontend,WP17,UI/route/operator experience changes in deployed bundle,No direct data write; affects submitted payloads and user flows,No known permission model change,Revert code + restart affected services,WP17 closeout docs + UI regression evidence
M,frontend/src/components/trench/OshaCoachingBlock.jsx,frontend,Cross-release / infra,UI/route/operator experience changes in deployed bundle,No direct data write; affects submitted payloads and user flows,No known permission model change,Revert code + restart affected services,Documentation or legacy evidence
M,frontend/src/components/trench/PublicTrenchHeader.jsx,frontend,Cross-release / infra,UI/route/operator experience changes in deployed bundle,No direct data write; affects submitted payloads and user flows,No known permission model change,Revert code + restart affected services,Documentation or legacy evidence
M,frontend/src/components/ui/PortalStates.jsx,frontend,Cross-release / infra,UI/route/operator experience changes in deployed bundle,No direct data write; affects submitted payloads and user flows,No known permission model change,Revert code + restart affected services,Documentation or legacy evidence
M,frontend/src/components/ui/button.jsx,frontend,Cross-release / infra,UI/route/operator experience changes in deployed bundle,No direct data write; affects submitted payloads and user flows,No known permission model change,Revert code + restart affected services,Documentation or legacy evidence
M,frontend/src/components/ui/card.jsx,frontend,Cross-release / infra,UI/route/operator experience changes in deployed bundle,No direct data write; affects submitted payloads and user flows,No known permission model change,Revert code + restart affected services,Documentation or legacy evidence
M,frontend/src/components/ui/checkbox.jsx,frontend,Cross-release / infra,UI/route/operator experience changes in deployed bundle,No direct data write; affects submitted payloads and user flows,No known permission model change,Revert code + restart affected services,Documentation or legacy evidence
M,frontend/src/components/ui/input.jsx,frontend,Cross-release / infra,UI/route/operator experience changes in deployed bundle,No direct data write; affects submitted payloads and user flows,No known permission model change,Revert code + restart affected services,Documentation or legacy evidence
M,frontend/src/components/ui/radio-group.jsx,frontend,Cross-release / infra,UI/route/operator experience changes in deployed bundle,No direct data write; affects submitted payloads and user flows,No known permission model change,Revert code + restart affected services,Documentation or legacy evidence
M,frontend/src/components/ui/select.jsx,frontend,Cross-release / infra,UI/route/operator experience changes in deployed bundle,No direct data write; affects submitted payloads and user flows,No known permission model change,Revert code + restart affected services,Documentation or legacy evidence
M,frontend/src/components/ui/switch.jsx,frontend,Cross-release / infra,UI/route/operator experience changes in deployed bundle,No direct data write; affects submitted payloads and user flows,No known permission model change,Revert code + restart affected services,Documentation or legacy evidence
M,frontend/src/components/ui/table.jsx,frontend,Cross-release / infra,UI/route/operator experience changes in deployed bundle,No direct data write; affects submitted payloads and user flows,No known permission model change,Revert code + restart affected services,Documentation or legacy evidence
M,frontend/src/components/ui/textarea.jsx,frontend,Cross-release / infra,UI/route/operator experience changes in deployed bundle,No direct data write; affects submitted payloads and user flows,No known permission model change,Revert code + restart affected services,Documentation or legacy evidence
M,frontend/src/design-system/ActionBar.jsx,frontend,WP17,UI/route/operator experience changes in deployed bundle,No direct data write; affects submitted payloads and user flows,No known permission model change,Revert code + restart affected services,WP17 closeout docs + UI regression evidence
M,frontend/src/design-system/Card.jsx,frontend,WP17,UI/route/operator experience changes in deployed bundle,No direct data write; affects submitted payloads and user flows,No known permission model change,Revert code + restart affected services,WP17 closeout docs + UI regression evidence
M,frontend/src/design-system/DataTable.jsx,frontend,WP17,UI/route/operator experience changes in deployed bundle,No direct data write; affects submitted payloads and user flows,No known permission model change,Revert code + restart affected services,WP17 closeout docs + UI regression evidence
M,frontend/src/design-system/MobileNavigation.jsx,frontend,WP17,UI/route/operator experience changes in deployed bundle,No direct data write; affects submitted payloads and user flows,No known permission model change,Revert code + restart affected services,WP17 closeout docs + UI regression evidence
M,frontend/src/design-system/PageHeader.jsx,frontend,WP17,UI/route/operator experience changes in deployed bundle,No direct data write; affects submitted payloads and user flows,No known permission model change,Revert code + restart affected services,WP17 closeout docs + UI regression evidence
M,frontend/src/design-system/PortalShell.jsx,frontend,WP17,UI/route/operator experience changes in deployed bundle,No direct data write; affects submitted payloads and user flows,No known permission model change,Revert code + restart affected services,WP17 closeout docs + UI regression evidence
M,frontend/src/design-system/PublicShell.jsx,frontend,WP17,UI/route/operator experience changes in deployed bundle,No direct data write; affects submitted payloads and user flows,No known permission model change,Revert code + restart affected services,WP17 closeout docs + UI regression evidence
M,frontend/src/design-system/index.js,frontend,WP17,UI/route/operator experience changes in deployed bundle,No direct data write; affects submitted payloads and user flows,No known permission model change,Revert code + restart affected services,WP17 closeout docs + UI regression evidence
A,frontend/src/design-system/wp17.css,frontend,WP17,UI/route/operator experience changes in deployed bundle,No direct data write; affects submitted payloads and user flows,No known permission model change,Revert code + restart affected services,WP17 closeout docs + UI regression evidence
M,frontend/src/index.css,frontend,WP17,UI/route/operator experience changes in deployed bundle,No direct data write; affects submitted payloads and user flows,No known permission model change,Revert code + restart affected services,WP17 closeout docs + UI regression evidence
M,frontend/src/lib/__tests__/portalAuthScoping.test.js,frontend,Cross-release / infra,UI/route/operator experience changes in deployed bundle,No direct data write; affects submitted payloads and user flows,Touches auth/role or admin visibility,Revert code + restart affected services,Documentation or legacy evidence
M,frontend/src/lib/authHeaders.js,frontend,Cross-release / infra,UI/route/operator experience changes in deployed bundle,No direct data write; affects submitted payloads and user flows,Touches auth/role or admin visibility,Revert code + restart affected services,Documentation or legacy evidence
M,frontend/src/lib/dailyReportSchema.js,frontend,Cross-release / infra,UI/route/operator experience changes in deployed bundle,No direct data write; affects submitted payloads and user flows,No known permission model change,Revert code + restart affected services,Documentation or legacy evidence
M,frontend/src/lib/enterpriseGovernanceApi.js,frontend,Cross-release / infra,UI/route/operator experience changes in deployed bundle,No direct data write; affects submitted payloads and user flows,No known permission model change,Revert code + restart affected services,Documentation or legacy evidence
A,frontend/src/lib/governedActions.js,frontend,Cross-release / infra,UI/route/operator experience changes in deployed bundle,No direct data write; affects submitted payloads and user flows,No known permission model change,Revert code + restart affected services,Documentation or legacy evidence
M,frontend/src/lib/i18n.js,frontend,Cross-release / infra,UI/route/operator experience changes in deployed bundle,No direct data write; affects submitted payloads and user flows,No known permission model change,Revert code + restart affected services,Documentation or legacy evidence
A,frontend/src/lib/operatorLanguage.js,frontend,WP18CX,UI/route/operator experience changes in deployed bundle,No direct data write; affects submitted payloads and user flows,No known permission model change,Revert code + restart affected services,WP18CX closeout docs + iterations 117-121
M,frontend/src/lib/platformTime.js,frontend,Cross-release / infra,UI/route/operator experience changes in deployed bundle,No direct data write; affects submitted payloads and user flows,No known permission model change,Revert code + restart affected services,Documentation or legacy evidence
M,frontend/src/lib/portalAuthScope.js,frontend,Cross-release / infra,UI/route/operator experience changes in deployed bundle,No direct data write; affects submitted payloads and user flows,Touches auth/role or admin visibility,Revert code + restart affected services,Documentation or legacy evidence
M,frontend/src/lib/portalContinuity.js,frontend,Cross-release / infra,UI/route/operator experience changes in deployed bundle,No direct data write; affects submitted payloads and user flows,No known permission model change,Revert code + restart affected services,Documentation or legacy evidence
A,frontend/src/lib/projectControlsApi.js,frontend,Cross-release / infra,UI/route/operator experience changes in deployed bundle,No direct data write; affects submitted payloads and user flows,No known permission model change,Revert code + restart affected services,Documentation or legacy evidence
M,frontend/src/lib/translateOnSubmit.js,frontend,Cross-release / infra,UI/route/operator experience changes in deployed bundle,No direct data write; affects submitted payloads and user flows,No known permission model change,Revert code + restart affected services,Documentation or legacy evidence
M,frontend/src/lib/usePageTitle.js,frontend,Cross-release / infra,UI/route/operator experience changes in deployed bundle,No direct data write; affects submitted payloads and user flows,No known permission model change,Revert code + restart affected services,Documentation or legacy evidence
M,frontend/src/pages/AdminAssetThread.jsx,frontend,Cross-release / infra,UI/route/operator experience changes in deployed bundle,No direct data write; affects submitted payloads and user flows,Touches auth/role or admin visibility,Revert code + restart affected services,Documentation or legacy evidence
M,frontend/src/pages/AdminDeployReadiness.jsx,frontend,Cross-release / infra,UI/route/operator experience changes in deployed bundle,No direct data write; affects submitted payloads and user flows,Touches auth/role or admin visibility,Revert code + restart affected services,Documentation or legacy evidence
M,frontend/src/pages/AdminGuide.jsx,frontend,Cross-release / infra,UI/route/operator experience changes in deployed bundle,No direct data write; affects submitted payloads and user flows,Touches auth/role or admin visibility,Revert code + restart affected services,Documentation or legacy evidence
M,frontend/src/pages/AdminLeadershipEquipment.jsx,frontend,Cross-release / infra,UI/route/operator experience changes in deployed bundle,No direct data write; affects submitted payloads and user flows,Touches auth/role or admin visibility,Revert code + restart affected services,Documentation or legacy evidence
M,frontend/src/pages/AdminLogin.jsx,frontend,Cross-release / infra,UI/route/operator experience changes in deployed bundle,No direct data write; affects submitted payloads and user flows,Touches auth/role or admin visibility,Revert code + restart affected services,Documentation or legacy evidence
M,frontend/src/pages/AdminSchedulerRuns.jsx,frontend,Cross-release / infra,UI/route/operator experience changes in deployed bundle,No direct data write; affects submitted payloads and user flows,Touches auth/role or admin visibility,Revert code + restart affected services,Documentation or legacy evidence
M,frontend/src/pages/AdminTerminations.jsx,frontend,Cross-release / infra,UI/route/operator experience changes in deployed bundle,No direct data write; affects submitted payloads and user flows,Touches auth/role or admin visibility,Revert code + restart affected services,Documentation or legacy evidence
M,frontend/src/pages/AllPostersPrint.jsx,frontend,Cross-release / infra,UI/route/operator experience changes in deployed bundle,No direct data write; affects submitted payloads and user flows,No known permission model change,Revert code + restart affected services,Documentation or legacy evidence
M,frontend/src/pages/CheatSheet.jsx,frontend,Cross-release / infra,UI/route/operator experience changes in deployed bundle,No direct data write; affects submitted payloads and user flows,No known permission model change,Revert code + restart affected services,Documentation or legacy evidence
M,frontend/src/pages/DailyReportsDashboard.jsx,frontend,Cross-release / infra,UI/route/operator experience changes in deployed bundle,No direct data write; affects submitted payloads and user flows,No known permission model change,Revert code + restart affected services,Documentation or legacy evidence
M,frontend/src/pages/DevHub.jsx,frontend,Cross-release / infra,UI/route/operator experience changes in deployed bundle,No direct data write; affects submitted payloads and user flows,No known permission model change,Revert code + restart affected services,Documentation or legacy evidence
M,frontend/src/pages/DevLogin.jsx,frontend,Cross-release / infra,UI/route/operator experience changes in deployed bundle,No direct data write; affects submitted payloads and user flows,Touches auth/role or admin visibility,Revert code + restart affected services,Documentation or legacy evidence
M,frontend/src/pages/DispatchChangePassword.jsx,frontend,Cross-release / infra,UI/route/operator experience changes in deployed bundle,No direct data write; affects submitted payloads and user flows,No known permission model change,Revert code + restart affected services,Documentation or legacy evidence
M,frontend/src/pages/DispatchDriverProfile.jsx,frontend,Cross-release / infra,UI/route/operator experience changes in deployed bundle,No direct data write; affects submitted payloads and user flows,No known permission model change,Revert code + restart affected services,Documentation or legacy evidence
M,frontend/src/pages/DispatchForgotPassword.jsx,frontend,Cross-release / infra,UI/route/operator experience changes in deployed bundle,No direct data write; affects submitted payloads and user flows,No known permission model change,Revert code + restart affected services,Documentation or legacy evidence
M,frontend/src/pages/DispatchHaulLedger.jsx,frontend,Cross-release / infra,UI/route/operator experience changes in deployed bundle,No direct data write; affects submitted payloads and user flows,No known permission model change,Revert code + restart affected services,Documentation or legacy evidence
M,frontend/src/pages/DispatchHub.jsx,frontend,Cross-release / infra,UI/route/operator experience changes in deployed bundle,No direct data write; affects submitted payloads and user flows,No known permission model change,Revert code + restart affected services,Documentation or legacy evidence
M,frontend/src/pages/DispatchHubV2.jsx,frontend,Cross-release / infra,UI/route/operator experience changes in deployed bundle,No direct data write; affects submitted payloads and user flows,No known permission model change,Revert code + restart affected services,Documentation or legacy evidence
M,frontend/src/pages/DispatchResetPassword.jsx,frontend,Cross-release / infra,UI/route/operator experience changes in deployed bundle,No direct data write; affects submitted payloads and user flows,No known permission model change,Revert code + restart affected services,Documentation or legacy evidence
M,frontend/src/pages/EquipmentDashboard.jsx,frontend,Cross-release / infra,UI/route/operator experience changes in deployed bundle,No direct data write; affects submitted payloads and user flows,No known permission model change,Revert code + restart affected services,Documentation or legacy evidence
M,frontend/src/pages/ExecutiveIntelligence.jsx,frontend,WP18CX,UI/route/operator experience changes in deployed bundle,No direct data write; affects submitted payloads and user flows,No known permission model change,Revert code + restart affected services,WP18CX closeout docs + iterations 117-121
M,frontend/src/pages/ExecutiveOperationalIntelligence.jsx,frontend,WP18CX,UI/route/operator experience changes in deployed bundle,No direct data write; affects submitted payloads and user flows,No known permission model change,Revert code + restart affected services,WP18CX closeout docs + iterations 117-121
M,frontend/src/pages/ExecutiveOverview.jsx,frontend,WP18CX,UI/route/operator experience changes in deployed bundle,No direct data write; affects submitted payloads and user flows,No known permission model change,Revert code + restart affected services,WP18CX closeout docs + iterations 117-121
M,frontend/src/pages/FieldLeadershipDriverQualification.jsx,frontend,Cross-release / infra,UI/route/operator experience changes in deployed bundle,No direct data write; affects submitted payloads and user flows,No known permission model change,Revert code + restart affected services,Documentation or legacy evidence
M,frontend/src/pages/FieldLeadershipFormPage.jsx,frontend,Cross-release / infra,UI/route/operator experience changes in deployed bundle,No direct data write; affects submitted payloads and user flows,No known permission model change,Revert code + restart affected services,Documentation or legacy evidence
M,frontend/src/pages/FieldLeadershipHub.jsx,frontend,Cross-release / infra,UI/route/operator experience changes in deployed bundle,No direct data write; affects submitted payloads and user flows,No known permission model change,Revert code + restart affected services,Documentation or legacy evidence
M,frontend/src/pages/FieldLeadershipPortalChangePassword.jsx,frontend,Cross-release / infra,UI/route/operator experience changes in deployed bundle,No direct data write; affects submitted payloads and user flows,No known permission model change,Revert code + restart affected services,Documentation or legacy evidence
M,frontend/src/pages/FieldLeadershipPortalDashboard.jsx,frontend,Cross-release / infra,UI/route/operator experience changes in deployed bundle,No direct data write; affects submitted payloads and user flows,No known permission model change,Revert code + restart affected services,Documentation or legacy evidence
M,frontend/src/pages/FieldLeadershipPortalLogin.jsx,frontend,Cross-release / infra,UI/route/operator experience changes in deployed bundle,No direct data write; affects submitted payloads and user flows,Touches auth/role or admin visibility,Revert code + restart affected services,Documentation or legacy evidence
M,frontend/src/pages/FieldLeadershipRecords.jsx,frontend,Cross-release / infra,UI/route/operator experience changes in deployed bundle,No direct data write; affects submitted payloads and user flows,No known permission model change,Revert code + restart affected services,Documentation or legacy evidence
M,frontend/src/pages/FieldLeadershipView.jsx,frontend,Cross-release / infra,UI/route/operator experience changes in deployed bundle,No direct data write; affects submitted payloads and user flows,No known permission model change,Revert code + restart affected services,Documentation or legacy evidence
M,frontend/src/pages/FieldSafetyCards.jsx,frontend,Cross-release / infra,UI/route/operator experience changes in deployed bundle,No direct data write; affects submitted payloads and user flows,No known permission model change,Revert code + restart affected services,Documentation or legacy evidence
M,frontend/src/pages/FieldSection.jsx,frontend,Cross-release / infra,UI/route/operator experience changes in deployed bundle,No direct data write; affects submitted payloads and user flows,No known permission model change,Revert code + restart affected services,Documentation or legacy evidence
M,frontend/src/pages/FleetDVIRConfirmation.jsx,frontend,Cross-release / infra,UI/route/operator experience changes in deployed bundle,No direct data write; affects submitted payloads and user flows,No known permission model change,Revert code + restart affected services,Documentation or legacy evidence
M,frontend/src/pages/FleetVisibility.jsx,frontend,Cross-release / infra,UI/route/operator experience changes in deployed bundle,No direct data write; affects submitted payloads and user flows,No known permission model change,Revert code + restart affected services,Documentation or legacy evidence
M,frontend/src/pages/HistoricalRecordsBatchDetail.jsx,frontend,Cross-release / infra,UI/route/operator experience changes in deployed bundle,No direct data write; affects submitted payloads and user flows,No known permission model change,Revert code + restart affected services,Documentation or legacy evidence
M,frontend/src/pages/HistoricalRecordsQueue.jsx,frontend,Cross-release / infra,UI/route/operator experience changes in deployed bundle,No direct data write; affects submitted payloads and user flows,No known permission model change,Revert code + restart affected services,Documentation or legacy evidence
M,frontend/src/pages/HrChangePassword.jsx,frontend,Cross-release / infra,UI/route/operator experience changes in deployed bundle,No direct data write; affects submitted payloads and user flows,No known permission model change,Revert code + restart affected services,Documentation or legacy evidence
M,frontend/src/pages/HrDailyReports.jsx,frontend,Cross-release / infra,UI/route/operator experience changes in deployed bundle,No direct data write; affects submitted payloads and user flows,No known permission model change,Revert code + restart affected services,Documentation or legacy evidence
M,frontend/src/pages/HrDriverQualificationDashboard.jsx,frontend,Cross-release / infra,UI/route/operator experience changes in deployed bundle,No direct data write; affects submitted payloads and user flows,No known permission model change,Revert code + restart affected services,Documentation or legacy evidence
M,frontend/src/pages/HrDriverQualificationImport.jsx,frontend,Cross-release / infra,UI/route/operator experience changes in deployed bundle,No direct data write; affects submitted payloads and user flows,No known permission model change,Revert code + restart affected services,Documentation or legacy evidence
M,frontend/src/pages/HrEmployeeRequestsQueue.jsx,frontend,Cross-release / infra,UI/route/operator experience changes in deployed bundle,No direct data write; affects submitted payloads and user flows,No known permission model change,Revert code + restart affected services,Documentation or legacy evidence
M,frontend/src/pages/HrFieldLeadership.jsx,frontend,Cross-release / infra,UI/route/operator experience changes in deployed bundle,No direct data write; affects submitted payloads and user flows,No known permission model change,Revert code + restart affected services,Documentation or legacy evidence
M,frontend/src/pages/HrFieldLeadershipUsers.jsx,frontend,Cross-release / infra,UI/route/operator experience changes in deployed bundle,No direct data write; affects submitted payloads and user flows,No known permission model change,Revert code + restart affected services,Documentation or legacy evidence
M,frontend/src/pages/HrHub.jsx,frontend,Cross-release / infra,UI/route/operator experience changes in deployed bundle,No direct data write; affects submitted payloads and user flows,No known permission model change,Revert code + restart affected services,Documentation or legacy evidence
M,frontend/src/pages/HrHubV2.jsx,frontend,Cross-release / infra,UI/route/operator experience changes in deployed bundle,No direct data write; affects submitted payloads and user flows,No known permission model change,Revert code + restart affected services,Documentation or legacy evidence
M,frontend/src/pages/HrPayrollVariance.jsx,frontend,Cross-release / infra,UI/route/operator experience changes in deployed bundle,No direct data write; affects submitted payloads and user flows,No known permission model change,Revert code + restart affected services,Documentation or legacy evidence
M,frontend/src/pages/HrResetPassword.jsx,frontend,Cross-release / infra,UI/route/operator experience changes in deployed bundle,No direct data write; affects submitted payloads and user flows,No known permission model change,Revert code + restart affected services,Documentation or legacy evidence
M,frontend/src/pages/HrSafetyRecords.jsx,frontend,Cross-release / infra,UI/route/operator experience changes in deployed bundle,No direct data write; affects submitted payloads and user flows,No known permission model change,Revert code + restart affected services,Documentation or legacy evidence
M,frontend/src/pages/HrTimeVerification.jsx,frontend,Cross-release / infra,UI/route/operator experience changes in deployed bundle,No direct data write; affects submitted payloads and user flows,No known permission model change,Revert code + restart affected services,Documentation or legacy evidence
M,frontend/src/pages/HrTrainingRecords.jsx,frontend,Cross-release / infra,UI/route/operator experience changes in deployed bundle,No direct data write; affects submitted payloads and user flows,No known permission model change,Revert code + restart affected services,Documentation or legacy evidence
M,frontend/src/pages/HrV2Preview.jsx,frontend,Cross-release / infra,UI/route/operator experience changes in deployed bundle,No direct data write; affects submitted payloads and user flows,No known permission model change,Revert code + restart affected services,Documentation or legacy evidence
M,frontend/src/pages/Hub.jsx,frontend,Cross-release / infra,UI/route/operator experience changes in deployed bundle,No direct data write; affects submitted payloads and user flows,No known permission model change,Revert code + restart affected services,Documentation or legacy evidence
M,frontend/src/pages/IncidentsDashboard.jsx,frontend,Cross-release / infra,UI/route/operator experience changes in deployed bundle,No direct data write; affects submitted payloads and user flows,No known permission model change,Revert code + restart affected services,Documentation or legacy evidence
M,frontend/src/pages/JhaPlansAdmin.jsx,frontend,Cross-release / infra,UI/route/operator experience changes in deployed bundle,No direct data write; affects submitted payloads and user flows,Touches auth/role or admin visibility,Revert code + restart affected services,Documentation or legacy evidence
M,frontend/src/pages/JhaPlansHub.jsx,frontend,Cross-release / infra,UI/route/operator experience changes in deployed bundle,No direct data write; affects submitted payloads and user flows,No known permission model change,Revert code + restart affected services,Documentation or legacy evidence
M,frontend/src/pages/JhaPlansPoster.jsx,frontend,Cross-release / infra,UI/route/operator experience changes in deployed bundle,No direct data write; affects submitted payloads and user flows,No known permission model change,Revert code + restart affected services,Documentation or legacy evidence
M,frontend/src/pages/JobPhotosLibrary.jsx,frontend,Cross-release / infra,UI/route/operator experience changes in deployed bundle,No direct data write; affects submitted payloads and user flows,No known permission model change,Revert code + restart affected services,Documentation or legacy evidence
M,frontend/src/pages/LeadershipHubV2.jsx,frontend,Cross-release / infra,UI/route/operator experience changes in deployed bundle,No direct data write; affects submitted payloads and user flows,No known permission model change,Revert code + restart affected services,Documentation or legacy evidence
D,frontend/src/pages/LeadershipLogin.jsx,frontend,Cross-release / infra,UI/route/operator experience changes in deployed bundle,No direct data write; affects submitted payloads and user flows,Touches auth/role or admin visibility,Revert code + restart affected services,Documentation or legacy evidence
M,frontend/src/pages/MaterialCalculators.jsx,frontend,Cross-release / infra,UI/route/operator experience changes in deployed bundle,No direct data write; affects submitted payloads and user flows,No known permission model change,Revert code + restart affected services,Documentation or legacy evidence
M,frontend/src/pages/MeetingsDashboard.jsx,frontend,Cross-release / infra,UI/route/operator experience changes in deployed bundle,No direct data write; affects submitted payloads and user flows,No known permission model change,Revert code + restart affected services,Documentation or legacy evidence
M,frontend/src/pages/NearMissKiosk.jsx,frontend,Cross-release / infra,UI/route/operator experience changes in deployed bundle,No direct data write; affects submitted payloads and user flows,No known permission model change,Revert code + restart affected services,Documentation or legacy evidence
M,frontend/src/pages/NewConstraint.jsx,frontend,Cross-release / infra,UI/route/operator experience changes in deployed bundle,No direct data write; affects submitted payloads and user flows,No known permission model change,Revert code + restart affected services,Documentation or legacy evidence
M,frontend/src/pages/NewDailyReportV3.jsx,frontend,Cross-release / infra,UI/route/operator experience changes in deployed bundle,No direct data write; affects submitted payloads and user flows,No known permission model change,Revert code + restart affected services,Documentation or legacy evidence
M,frontend/src/pages/NewEquipmentInspection.jsx,frontend,Cross-release / infra,UI/route/operator experience changes in deployed bundle,No direct data write; affects submitted payloads and user flows,No known permission model change,Revert code + restart affected services,Documentation or legacy evidence
M,frontend/src/pages/NewFleetDVIR.jsx,frontend,Cross-release / infra,UI/route/operator experience changes in deployed bundle,No direct data write; affects submitted payloads and user flows,No known permission model change,Revert code + restart affected services,Documentation or legacy evidence
M,frontend/src/pages/NewIncident.jsx,frontend,Cross-release / infra,UI/route/operator experience changes in deployed bundle,No direct data write; affects submitted payloads and user flows,No known permission model change,Revert code + restart affected services,Documentation or legacy evidence
M,frontend/src/pages/NewInspection.jsx,frontend,Cross-release / infra,UI/route/operator experience changes in deployed bundle,No direct data write; affects submitted payloads and user flows,No known permission model change,Revert code + restart affected services,Documentation or legacy evidence
M,frontend/src/pages/NewMeeting.jsx,frontend,Cross-release / infra,UI/route/operator experience changes in deployed bundle,No direct data write; affects submitted payloads and user flows,No known permission model change,Revert code + restart affected services,Documentation or legacy evidence
M,frontend/src/pages/NewQaqcInspection.jsx,frontend,Cross-release / infra,UI/route/operator experience changes in deployed bundle,No direct data write; affects submitted payloads and user flows,No known permission model change,Revert code + restart affected services,Documentation or legacy evidence
M,frontend/src/pages/NewSafetyEquipmentIssuance.jsx,frontend,Cross-release / infra,UI/route/operator experience changes in deployed bundle,No direct data write; affects submitted payloads and user flows,No known permission model change,Revert code + restart affected services,Documentation or legacy evidence
M,frontend/src/pages/NewSafetyEquipmentTraining.jsx,frontend,Cross-release / infra,UI/route/operator experience changes in deployed bundle,No direct data write; affects submitted payloads and user flows,No known permission model change,Revert code + restart affected services,Documentation or legacy evidence
M,frontend/src/pages/NotificationsDigest.jsx,frontend,WP18CX,UI/route/operator experience changes in deployed bundle,No direct data write; affects submitted payloads and user flows,No known permission model change,Revert code + restart affected services,WP18CX closeout docs + iterations 117-121
M,frontend/src/pages/OperationsControlCaseDetail.jsx,frontend,Cross-release / infra,UI/route/operator experience changes in deployed bundle,No direct data write; affects submitted payloads and user flows,No known permission model change,Revert code + restart affected services,Documentation or legacy evidence
M,frontend/src/pages/OperationsControlCases.jsx,frontend,Cross-release / infra,UI/route/operator experience changes in deployed bundle,No direct data write; affects submitted payloads and user flows,No known permission model change,Revert code + restart affected services,Documentation or legacy evidence
M,frontend/src/pages/OperationsControlCasesRoute.jsx,frontend,Cross-release / infra,UI/route/operator experience changes in deployed bundle,No direct data write; affects submitted payloads and user flows,No known permission model change,Revert code + restart affected services,Documentation or legacy evidence
M,frontend/src/pages/OperationsControlCenter.jsx,frontend,Cross-release / infra,UI/route/operator experience changes in deployed bundle,No direct data write; affects submitted payloads and user flows,No known permission model change,Revert code + restart affected services,Documentation or legacy evidence
M,frontend/src/pages/OpsTrainingCenter.jsx,frontend,Cross-release / infra,UI/route/operator experience changes in deployed bundle,No direct data write; affects submitted payloads and user flows,No known permission model change,Revert code + restart affected services,Documentation or legacy evidence
M,frontend/src/pages/PmChangePassword.jsx,frontend,Cross-release / infra,UI/route/operator experience changes in deployed bundle,No direct data write; affects submitted payloads and user flows,No known permission model change,Revert code + restart affected services,Documentation or legacy evidence
M,frontend/src/pages/PmCommandCenter.jsx,frontend,Cross-release / infra,UI/route/operator experience changes in deployed bundle,No direct data write; affects submitted payloads and user flows,No known permission model change,Revert code + restart affected services,Documentation or legacy evidence
M,frontend/src/pages/PmHubV2.jsx,frontend,Cross-release / infra,UI/route/operator experience changes in deployed bundle,No direct data write; affects submitted payloads and user flows,No known permission model change,Revert code + restart affected services,Documentation or legacy evidence
M,frontend/src/pages/PmMondayReviewWorkspace.jsx,frontend,Cross-release / infra,UI/route/operator experience changes in deployed bundle,No direct data write; affects submitted payloads and user flows,No known permission model change,Revert code + restart affected services,Documentation or legacy evidence
M,frontend/src/pages/PmOperationalIntelligence.jsx,frontend,Cross-release / infra,UI/route/operator experience changes in deployed bundle,No direct data write; affects submitted payloads and user flows,No known permission model change,Revert code + restart affected services,Documentation or legacy evidence
A,frontend/src/pages/PmProjectBudgetAuthority.jsx,frontend,WP18C3,UI/route/operator experience changes in deployed bundle,No direct data write; affects submitted payloads and user flows,Touches auth/role or admin visibility,Revert code + restart affected services,WP18C3 closeout docs + matching backend tests
A,frontend/src/pages/PmProjectControlsAuthority.jsx,frontend,Cross-release / infra,UI/route/operator experience changes in deployed bundle,No direct data write; affects submitted payloads and user flows,Touches auth/role or admin visibility,Revert code + restart affected services,Documentation or legacy evidence
M,frontend/src/pages/PmProjectDetail.jsx,frontend,Cross-release / infra,UI/route/operator experience changes in deployed bundle,No direct data write; affects submitted payloads and user flows,No known permission model change,Revert code + restart affected services,Documentation or legacy evidence
M,frontend/src/pages/PmProjectSchedule.jsx,frontend,WP18C4,UI/route/operator experience changes in deployed bundle,No direct data write; affects submitted payloads and user flows,No known permission model change,Revert code + restart affected services,WP18C4 closeout docs + matching backend tests
M,frontend/src/pages/PmProjectThread.jsx,frontend,Cross-release / infra,UI/route/operator experience changes in deployed bundle,No direct data write; affects submitted payloads and user flows,No known permission model change,Revert code + restart affected services,Documentation or legacy evidence
M,frontend/src/pages/PmQaqcList.jsx,frontend,Cross-release / infra,UI/route/operator experience changes in deployed bundle,No direct data write; affects submitted payloads and user flows,No known permission model change,Revert code + restart affected services,Documentation or legacy evidence
M,frontend/src/pages/PmResetPassword.jsx,frontend,Cross-release / infra,UI/route/operator experience changes in deployed bundle,No direct data write; affects submitted payloads and user flows,No known permission model change,Revert code + restart affected services,Documentation or legacy evidence
M,frontend/src/pages/PmV2Preview.jsx,frontend,Cross-release / infra,UI/route/operator experience changes in deployed bundle,No direct data write; affects submitted payloads and user flows,No known permission model change,Revert code + restart affected services,Documentation or legacy evidence
M,frontend/src/pages/QaqcSection.jsx,frontend,Cross-release / infra,UI/route/operator experience changes in deployed bundle,No direct data write; affects submitted payloads and user flows,No known permission model change,Revert code + restart affected services,Documentation or legacy evidence
M,frontend/src/pages/ReturnEquipment.jsx,frontend,Cross-release / infra,UI/route/operator experience changes in deployed bundle,No direct data write; affects submitted payloads and user flows,No known permission model change,Revert code + restart affected services,Documentation or legacy evidence
M,frontend/src/pages/Revise.jsx,frontend,Cross-release / infra,UI/route/operator experience changes in deployed bundle,No direct data write; affects submitted payloads and user flows,No known permission model change,Revert code + restart affected services,Documentation or legacy evidence
M,frontend/src/pages/SafetyChangePassword.jsx,frontend,Cross-release / infra,UI/route/operator experience changes in deployed bundle,No direct data write; affects submitted payloads and user flows,No known permission model change,Revert code + restart affected services,Documentation or legacy evidence
M,frontend/src/pages/SafetyForgotPassword.jsx,frontend,Cross-release / infra,UI/route/operator experience changes in deployed bundle,No direct data write; affects submitted payloads and user flows,No known permission model change,Revert code + restart affected services,Documentation or legacy evidence
M,frontend/src/pages/SafetyFormsLogin.jsx,frontend,Cross-release / infra,UI/route/operator experience changes in deployed bundle,No direct data write; affects submitted payloads and user flows,Touches auth/role or admin visibility,Revert code + restart affected services,Documentation or legacy evidence
M,frontend/src/pages/SafetyHubV2.jsx,frontend,Cross-release / infra,UI/route/operator experience changes in deployed bundle,No direct data write; affects submitted payloads and user flows,No known permission model change,Revert code + restart affected services,Documentation or legacy evidence
M,frontend/src/pages/SafetyResetPassword.jsx,frontend,Cross-release / infra,UI/route/operator experience changes in deployed bundle,No direct data write; affects submitted payloads and user flows,No known permission model change,Revert code + restart affected services,Documentation or legacy evidence
M,frontend/src/pages/SafetySection.jsx,frontend,Cross-release / infra,UI/route/operator experience changes in deployed bundle,No direct data write; affects submitted payloads and user flows,No known permission model change,Revert code + restart affected services,Documentation or legacy evidence
M,frontend/src/pages/ShopChangePassword.jsx,frontend,Cross-release / infra,UI/route/operator experience changes in deployed bundle,No direct data write; affects submitted payloads and user flows,No known permission model change,Revert code + restart affected services,Documentation or legacy evidence
M,frontend/src/pages/ShopHubV2.jsx,frontend,Cross-release / infra,UI/route/operator experience changes in deployed bundle,No direct data write; affects submitted payloads and user flows,No known permission model change,Revert code + restart affected services,Documentation or legacy evidence
M,frontend/src/pages/ShopLogin.jsx,frontend,Cross-release / infra,UI/route/operator experience changes in deployed bundle,No direct data write; affects submitted payloads and user flows,Touches auth/role or admin visibility,Revert code + restart affected services,Documentation or legacy evidence
M,frontend/src/pages/ShopResetPassword.jsx,frontend,Cross-release / infra,UI/route/operator experience changes in deployed bundle,No direct data write; affects submitted payloads and user flows,No known permission model change,Revert code + restart affected services,Documentation or legacy evidence
M,frontend/src/pages/SignIn.jsx,frontend,Cross-release / infra,UI/route/operator experience changes in deployed bundle,No direct data write; affects submitted payloads and user flows,No known permission model change,Revert code + restart affected services,Documentation or legacy evidence
M,frontend/src/pages/ThankYou.jsx,frontend,Cross-release / infra,UI/route/operator experience changes in deployed bundle,No direct data write; affects submitted payloads and user flows,No known permission model change,Revert code + restart affected services,Documentation or legacy evidence
M,frontend/src/pages/TrainingHub.jsx,frontend,Cross-release / infra,UI/route/operator experience changes in deployed bundle,No direct data write; affects submitted payloads and user flows,No known permission model change,Revert code + restart affected services,Documentation or legacy evidence
M,frontend/src/pages/TrainingQrPoster.jsx,frontend,Cross-release / infra,UI/route/operator experience changes in deployed bundle,No direct data write; affects submitted payloads and user flows,No known permission model change,Revert code + restart affected services,Documentation or legacy evidence
M,frontend/src/pages/TrenchBoxPoster.jsx,frontend,Cross-release / infra,UI/route/operator experience changes in deployed bundle,No direct data write; affects submitted payloads and user flows,No known permission model change,Revert code + restart affected services,Documentation or legacy evidence
M,frontend/src/pages/TrenchBoxesAdmin.jsx,frontend,Cross-release / infra,UI/route/operator experience changes in deployed bundle,No direct data write; affects submitted payloads and user flows,Touches auth/role or admin visibility,Revert code + restart affected services,Documentation or legacy evidence
M,frontend/src/pages/ViewDailyReport.jsx,frontend,Cross-release / infra,UI/route/operator experience changes in deployed bundle,No direct data write; affects submitted payloads and user flows,No known permission model change,Revert code + restart affected services,Documentation or legacy evidence
M,frontend/src/pages/ViewEquipmentInspection.jsx,frontend,Cross-release / infra,UI/route/operator experience changes in deployed bundle,No direct data write; affects submitted payloads and user flows,No known permission model change,Revert code + restart affected services,Documentation or legacy evidence
M,frontend/src/pages/ViewIncident.jsx,frontend,Cross-release / infra,UI/route/operator experience changes in deployed bundle,No direct data write; affects submitted payloads and user flows,No known permission model change,Revert code + restart affected services,Documentation or legacy evidence
M,frontend/src/pages/ViewInspection.jsx,frontend,Cross-release / infra,UI/route/operator experience changes in deployed bundle,No direct data write; affects submitted payloads and user flows,No known permission model change,Revert code + restart affected services,Documentation or legacy evidence
M,frontend/src/pages/ViewMeeting.jsx,frontend,Cross-release / infra,UI/route/operator experience changes in deployed bundle,No direct data write; affects submitted payloads and user flows,No known permission model change,Revert code + restart affected services,Documentation or legacy evidence
M,frontend/src/pages/ViewQaqcInspection.jsx,frontend,Cross-release / infra,UI/route/operator experience changes in deployed bundle,No direct data write; affects submitted payloads and user flows,No known permission model change,Revert code + restart affected services,Documentation or legacy evidence
M,frontend/src/pages/ViewSafetyForm.jsx,frontend,Cross-release / infra,UI/route/operator experience changes in deployed bundle,No direct data write; affects submitted payloads and user flows,No known permission model change,Revert code + restart affected services,Documentation or legacy evidence
M,frontend/src/pages/admin/AdminAIConfiguration.jsx,frontend,Cross-release / infra,UI/route/operator experience changes in deployed bundle,No direct data write; affects submitted payloads and user flows,Touches auth/role or admin visibility,Revert code + restart affected services,Documentation or legacy evidence
M,frontend/src/pages/admin/AdminAssetAdmin.jsx,frontend,Cross-release / infra,UI/route/operator experience changes in deployed bundle,No direct data write; affects submitted payloads and user flows,Touches auth/role or admin visibility,Revert code + restart affected services,Documentation or legacy evidence
M,frontend/src/pages/admin/AdminAuditLog.jsx,frontend,Cross-release / infra,UI/route/operator experience changes in deployed bundle,No direct data write; affects submitted payloads and user flows,Touches auth/role or admin visibility,Revert code + restart affected services,Documentation or legacy evidence
M,frontend/src/pages/admin/AdminDigestConfig.jsx,frontend,Cross-release / infra,UI/route/operator experience changes in deployed bundle,No direct data write; affects submitted payloads and user flows,Touches auth/role or admin visibility,Revert code + restart affected services,Documentation or legacy evidence
A,frontend/src/pages/admin/AdminGovernanceHierarchyFoundation.jsx,frontend,WP18C1,UI/route/operator experience changes in deployed bundle,No direct data write; affects submitted payloads and user flows,Touches auth/role or admin visibility,Revert code + restart affected services,WP18C1 closeout docs + matching backend tests
M,frontend/src/pages/admin/AdminGovernanceListPage.jsx,frontend,Cross-release / infra,UI/route/operator experience changes in deployed bundle,No direct data write; affects submitted payloads and user flows,Touches auth/role or admin visibility,Revert code + restart affected services,Documentation or legacy evidence
A,frontend/src/pages/admin/AdminGovernanceOperationalIntelligence.jsx,frontend,Cross-release / infra,UI/route/operator experience changes in deployed bundle,No direct data write; affects submitted payloads and user flows,Touches auth/role or admin visibility,Revert code + restart affected services,Documentation or legacy evidence
A,frontend/src/pages/admin/AdminGovernanceProjectBudgetAuthority.jsx,frontend,WP18C3,UI/route/operator experience changes in deployed bundle,No direct data write; affects submitted payloads and user flows,Touches auth/role or admin visibility,Revert code + restart affected services,WP18C3 closeout docs + matching backend tests
A,frontend/src/pages/admin/AdminGovernanceProjectControlsAuthority.jsx,frontend,Cross-release / infra,UI/route/operator experience changes in deployed bundle,No direct data write; affects submitted payloads and user flows,Touches auth/role or admin visibility,Revert code + restart affected services,Documentation or legacy evidence
A,frontend/src/pages/admin/AdminGovernanceProjectScheduleAuthority.jsx,frontend,WP18C4,UI/route/operator experience changes in deployed bundle,No direct data write; affects submitted payloads and user flows,Touches auth/role or admin visibility,Revert code + restart affected services,WP18C4 closeout docs + matching backend tests
M,frontend/src/pages/admin/AdminGovernanceSectionRoutes.jsx,frontend,Cross-release / infra,UI/route/operator experience changes in deployed bundle,No direct data write; affects submitted payloads and user flows,Touches auth/role or admin visibility,Revert code + restart affected services,Documentation or legacy evidence
M,frontend/src/pages/admin/AdminGovernanceTrust.jsx,frontend,Cross-release / infra,UI/route/operator experience changes in deployed bundle,No direct data write; affects submitted payloads and user flows,Touches auth/role or admin visibility,Revert code + restart affected services,Documentation or legacy evidence
M,frontend/src/pages/admin/AdminIntegrationCenter.jsx,frontend,Cross-release / infra,UI/route/operator experience changes in deployed bundle,No direct data write; affects submitted payloads and user flows,Touches auth/role or admin visibility,Revert code + restart affected services,Documentation or legacy evidence
M,frontend/src/pages/admin/AdminJobTeam.jsx,frontend,Cross-release / infra,UI/route/operator experience changes in deployed bundle,No direct data write; affects submitted payloads and user flows,Touches auth/role or admin visibility,Revert code + restart affected services,Documentation or legacy evidence
M,frontend/src/pages/admin/AdminMaintenance.jsx,frontend,Cross-release / infra,UI/route/operator experience changes in deployed bundle,No direct data write; affects submitted payloads and user flows,Touches auth/role or admin visibility,Revert code + restart affected services,Documentation or legacy evidence
M,frontend/src/pages/admin/AdminOS.jsx,frontend,Cross-release / infra,UI/route/operator experience changes in deployed bundle,No direct data write; affects submitted payloads and user flows,Touches auth/role or admin visibility,Revert code + restart affected services,Documentation or legacy evidence
M,frontend/src/pages/admin/AdminOperationalInventory.jsx,frontend,Cross-release / infra,UI/route/operator experience changes in deployed bundle,No direct data write; affects submitted payloads and user flows,Touches auth/role or admin visibility,Revert code + restart affected services,Documentation or legacy evidence
M,frontend/src/pages/admin/AdminPeople.jsx,frontend,Cross-release / infra,UI/route/operator experience changes in deployed bundle,No direct data write; affects submitted payloads and user flows,Touches auth/role or admin visibility,Revert code + restart affected services,Documentation or legacy evidence
M,frontend/src/pages/admin/AdminProfile.jsx,frontend,Cross-release / infra,UI/route/operator experience changes in deployed bundle,No direct data write; affects submitted payloads and user flows,Touches auth/role or admin visibility,Revert code + restart affected services,Documentation or legacy evidence
M,frontend/src/pages/admin/AdminRecovery.jsx,frontend,Cross-release / infra,UI/route/operator experience changes in deployed bundle,No direct data write; affects submitted payloads and user flows,Touches auth/role or admin visibility,Revert code + restart affected services,Documentation or legacy evidence
M,frontend/src/pages/admin/AdminRecoveryStream.jsx,frontend,Cross-release / infra,UI/route/operator experience changes in deployed bundle,No direct data write; affects submitted payloads and user flows,Touches auth/role or admin visibility,Revert code + restart affected services,Documentation or legacy evidence
M,frontend/src/pages/admin/AssetProfile.jsx,frontend,Cross-release / infra,UI/route/operator experience changes in deployed bundle,No direct data write; affects submitted payloads and user flows,Touches auth/role or admin visibility,Revert code + restart affected services,Documentation or legacy evidence
M,frontend/src/pages/admin/DeployRecovery.jsx,frontend,Cross-release / infra,UI/route/operator experience changes in deployed bundle,No direct data write; affects submitted payloads and user flows,Touches auth/role or admin visibility,Revert code + restart affected services,Documentation or legacy evidence
M,frontend/src/pages/admin/IntegrationTruth.jsx,frontend,Cross-release / infra,UI/route/operator experience changes in deployed bundle,No direct data write; affects submitted payloads and user flows,Touches auth/role or admin visibility,Revert code + restart affected services,Documentation or legacy evidence
A,frontend/src/pages/admin/Wp17dCertificationDashboard.jsx,frontend,WP17,UI/route/operator experience changes in deployed bundle,No direct data write; affects submitted payloads and user flows,Touches auth/role or admin visibility,Revert code + restart affected services,WP17 closeout docs + UI regression evidence
M,frontend/src/pages/daily-report-v2/sections/AISummarySection.jsx,frontend,Cross-release / infra,UI/route/operator experience changes in deployed bundle,No direct data write; affects submitted payloads and user flows,No known permission model change,Revert code + restart affected services,Documentation or legacy evidence
M,frontend/src/pages/driver/DriverMagicLanding.jsx,frontend,Cross-release / infra,UI/route/operator experience changes in deployed bundle,No direct data write; affects submitted payloads and user flows,No known permission model change,Revert code + restart affected services,Documentation or legacy evidence
M,frontend/src/pages/driver/DriverShift.jsx,frontend,Cross-release / infra,UI/route/operator experience changes in deployed bundle,No direct data write; affects submitted payloads and user flows,No known permission model change,Revert code + restart affected services,Documentation or legacy evidence
M,frontend/src/pages/driver/ShiftStart.jsx,frontend,Cross-release / infra,UI/route/operator experience changes in deployed bundle,No direct data write; affects submitted payloads and user flows,No known permission model change,Revert code + restart affected services,Documentation or legacy evidence
M,frontend/src/pages/guidance/OperationalGuidanceCenter.jsx,frontend,Cross-release / infra,UI/route/operator experience changes in deployed bundle,No direct data write; affects submitted payloads and user flows,No known permission model change,Revert code + restart affected services,Documentation or legacy evidence
M,frontend/src/pages/odr/OdrCenter.jsx,frontend,Cross-release / infra,UI/route/operator experience changes in deployed bundle,No direct data write; affects submitted payloads and user flows,No known permission model change,Revert code + restart affected services,Documentation or legacy evidence
M,frontend/src/pages/operational_records/OperationalRecords.jsx,frontend,Cross-release / infra,UI/route/operator experience changes in deployed bundle,No direct data write; affects submitted payloads and user flows,No known permission model change,Revert code + restart affected services,Documentation or legacy evidence
M,frontend/src/pages/operations_actions/OperationsActionNew.jsx,frontend,Cross-release / infra,UI/route/operator experience changes in deployed bundle,No direct data write; affects submitted payloads and user flows,No known permission model change,Revert code + restart affected services,Documentation or legacy evidence
M,frontend/src/pages/operations_actions/OperationsActions.jsx,frontend,Cross-release / infra,UI/route/operator experience changes in deployed bundle,No direct data write; affects submitted payloads and user flows,No known permission model change,Revert code + restart affected services,Documentation or legacy evidence
M,frontend/src/pages/pm/PmJobTeam.jsx,frontend,Cross-release / infra,UI/route/operator experience changes in deployed bundle,No direct data write; affects submitted payloads and user flows,No known permission model change,Revert code + restart affected services,Documentation or legacy evidence
M,frontend/src/pages/shop/FuelLubeVisitDetail.jsx,frontend,Cross-release / infra,UI/route/operator experience changes in deployed bundle,No direct data write; affects submitted payloads and user flows,No known permission model change,Revert code + restart affected services,Documentation or legacy evidence
M,frontend/src/pages/shop/FuelLubeVisitForm.jsx,frontend,Cross-release / infra,UI/route/operator experience changes in deployed bundle,No direct data write; affects submitted payloads and user flows,No known permission model change,Revert code + restart affected services,Documentation or legacy evidence
M,frontend/src/pages/shop/FuelLubeVisitRecords.jsx,frontend,Cross-release / infra,UI/route/operator experience changes in deployed bundle,No direct data write; affects submitted payloads and user flows,No known permission model change,Revert code + restart affected services,Documentation or legacy evidence
M,frontend/src/pages/shop/PmSchedules.jsx,frontend,Cross-release / infra,UI/route/operator experience changes in deployed bundle,No direct data write; affects submitted payloads and user flows,No known permission model change,Revert code + restart affected services,Documentation or legacy evidence
M,frontend/src/pages/shop/PmTemplates.jsx,frontend,Cross-release / infra,UI/route/operator experience changes in deployed bundle,No direct data write; affects submitted payloads and user flows,No known permission model change,Revert code + restart affected services,Documentation or legacy evidence
M,frontend/src/pages/shop/PmWorkOrders.jsx,frontend,Cross-release / infra,UI/route/operator experience changes in deployed bundle,No direct data write; affects submitted payloads and user flows,No known permission model change,Revert code + restart affected services,Documentation or legacy evidence
M,frontend/src/pages/shop/ServiceTruckReconciliationDetail.jsx,frontend,Cross-release / infra,UI/route/operator experience changes in deployed bundle,No direct data write; affects submitted payloads and user flows,No known permission model change,Revert code + restart affected services,Documentation or legacy evidence
M,frontend/src/pages/shop/ShopAssetCare.jsx,frontend,Cross-release / infra,UI/route/operator experience changes in deployed bundle,No direct data write; affects submitted payloads and user flows,No known permission model change,Revert code + restart affected services,Documentation or legacy evidence
M,frontend/src/pages/shop/ShopManagerQueue.jsx,frontend,Cross-release / infra,UI/route/operator experience changes in deployed bundle,No direct data write; affects submitted payloads and user flows,No known permission model change,Revert code + restart affected services,Documentation or legacy evidence
M,frontend/src/pages/shop/ShopMyAssignments.jsx,frontend,Cross-release / infra,UI/route/operator experience changes in deployed bundle,No direct data write; affects submitted payloads and user flows,No known permission model change,Revert code + restart affected services,Documentation or legacy evidence
M,frontend/src/pages/shop/ShopTrenchSafetyRepairs.jsx,frontend,Cross-release / infra,UI/route/operator experience changes in deployed bundle,No direct data write; affects submitted payloads and user flows,No known permission model change,Revert code + restart affected services,Documentation or legacy evidence
M,frontend/src/pages/shop/UnitHistoryLanding.jsx,frontend,Cross-release / infra,UI/route/operator experience changes in deployed bundle,No direct data write; affects submitted payloads and user flows,No known permission model change,Revert code + restart affected services,Documentation or legacy evidence
M,frontend/src/pages/shop/UnitHistoryTimeline.jsx,frontend,Cross-release / infra,UI/route/operator experience changes in deployed bundle,No direct data write; affects submitted payloads and user flows,No known permission model change,Revert code + restart affected services,Documentation or legacy evidence
M,frontend/src/pages/transportation/CertificateVerify.jsx,frontend,Cross-release / infra,UI/route/operator experience changes in deployed bundle,No direct data write; affects submitted payloads and user flows,No known permission model change,Revert code + restart affected services,Documentation or legacy evidence
M,frontend/src/pages/transportation/ExternalCarrierInvite.jsx,frontend,Cross-release / infra,UI/route/operator experience changes in deployed bundle,No direct data write; affects submitted payloads and user flows,No known permission model change,Revert code + restart affected services,Documentation or legacy evidence
M,frontend/src/pages/transportation/MissionControl.jsx,frontend,Cross-release / infra,UI/route/operator experience changes in deployed bundle,No direct data write; affects submitted payloads and user flows,No known permission model change,Revert code + restart affected services,Documentation or legacy evidence
M,frontend/src/pages/transportation/TransportationApp.jsx,frontend,Cross-release / infra,UI/route/operator experience changes in deployed bundle,No direct data write; affects submitted payloads and user flows,No known permission model change,Revert code + restart affected services,Documentation or legacy evidence
M,frontend/src/pages/transportation/TransportationSearch.jsx,frontend,Cross-release / infra,UI/route/operator experience changes in deployed bundle,No direct data write; affects submitted payloads and user flows,No known permission model change,Revert code + restart affected services,Documentation or legacy evidence
M,frontend/src/pages/transportation/TransportationWorkspaceShell.jsx,frontend,Cross-release / infra,UI/route/operator experience changes in deployed bundle,No direct data write; affects submitted payloads and user flows,No known permission model change,Revert code + restart affected services,Documentation or legacy evidence
M,frontend/src/pages/transportation/_lists.jsx,frontend,Cross-release / infra,UI/route/operator experience changes in deployed bundle,No direct data write; affects submitted payloads and user flows,No known permission model change,Revert code + restart affected services,Documentation or legacy evidence
M,frontend/src/pages/transportation/_shared.jsx,frontend,Cross-release / infra,UI/route/operator experience changes in deployed bundle,No direct data write; affects submitted payloads and user flows,No known permission model change,Revert code + restart affected services,Documentation or legacy evidence
M,frontend/src/pages/transportation/_views.jsx,frontend,Cross-release / infra,UI/route/operator experience changes in deployed bundle,No direct data write; affects submitted payloads and user flows,No known permission model change,Revert code + restart affected services,Documentation or legacy evidence
M,frontend/src/pages/trench_safety/PublicAssetLookup.jsx,frontend,Cross-release / infra,UI/route/operator experience changes in deployed bundle,No direct data write; affects submitted payloads and user flows,No known permission model change,Revert code + restart affected services,Documentation or legacy evidence
M,frontend/src/pages/trench_safety/PublicExcavationForm.jsx,frontend,Cross-release / infra,UI/route/operator experience changes in deployed bundle,No direct data write; affects submitted payloads and user flows,No known permission model change,Revert code + restart affected services,Documentation or legacy evidence
M,frontend/src/pages/trench_safety/PublicReportModal.jsx,frontend,Cross-release / infra,UI/route/operator experience changes in deployed bundle,No direct data write; affects submitted payloads and user flows,No known permission model change,Revert code + restart affected services,Documentation or legacy evidence
M,frontend/src/pages/trench_safety/PublicTrenchSafetyDashboard.jsx,frontend,Cross-release / infra,UI/route/operator experience changes in deployed bundle,No direct data write; affects submitted payloads and user flows,No known permission model change,Revert code + restart affected services,Documentation or legacy evidence
M,frontend/src/pages/trench_safety/PublicTrenchSafetyReferences.jsx,frontend,Cross-release / infra,UI/route/operator experience changes in deployed bundle,No direct data write; affects submitted payloads and user flows,No known permission model change,Revert code + restart affected services,Documentation or legacy evidence
M,frontend/src/pages/trench_safety/PublicTrenchSafetyReport.jsx,frontend,Cross-release / infra,UI/route/operator experience changes in deployed bundle,No direct data write; affects submitted payloads and user flows,No known permission model change,Revert code + restart affected services,Documentation or legacy evidence
M,frontend/src/pages/trench_safety/PublicTrenchSafetyTabulatedData.jsx,frontend,Cross-release / infra,UI/route/operator experience changes in deployed bundle,No direct data write; affects submitted payloads and user flows,No known permission model change,Revert code + restart affected services,Documentation or legacy evidence
M,frontend/src/pages/trench_safety/TrenchSafetyActions.jsx,frontend,Cross-release / infra,UI/route/operator experience changes in deployed bundle,No direct data write; affects submitted payloads and user flows,No known permission model change,Revert code + restart affected services,Documentation or legacy evidence
M,frontend/src/pages/trench_safety/TrenchSafetyAssetDetail.jsx,frontend,Cross-release / infra,UI/route/operator experience changes in deployed bundle,No direct data write; affects submitted payloads and user flows,No known permission model change,Revert code + restart affected services,Documentation or legacy evidence
M,frontend/src/pages/trench_safety/TrenchSafetyAssetsList.jsx,frontend,Cross-release / infra,UI/route/operator experience changes in deployed bundle,No direct data write; affects submitted payloads and user flows,No known permission model change,Revert code + restart affected services,Documentation or legacy evidence
M,frontend/src/pages/trench_safety/TrenchSafetyHub.jsx,frontend,Cross-release / infra,UI/route/operator experience changes in deployed bundle,No direct data write; affects submitted payloads and user flows,No known permission model change,Revert code + restart affected services,Documentation or legacy evidence
M,frontend/src/pages/trench_safety/TrenchSafetyOpsCenter.jsx,frontend,Cross-release / infra,UI/route/operator experience changes in deployed bundle,No direct data write; affects submitted payloads and user flows,No known permission model change,Revert code + restart affected services,Documentation or legacy evidence
M,frontend/src/pages/trench_safety/TrenchSafetyQrLanding.jsx,frontend,Cross-release / infra,UI/route/operator experience changes in deployed bundle,No direct data write; affects submitted payloads and user flows,No known permission model change,Revert code + restart affected services,Documentation or legacy evidence
M,frontend/src/pages/trench_safety/TrenchSafetyReportDistribution.jsx,frontend,Cross-release / infra,UI/route/operator experience changes in deployed bundle,No direct data write; affects submitted payloads and user flows,No known permission model change,Revert code + restart affected services,Documentation or legacy evidence
M,frontend/src/pages/trench_safety/TrenchSafetyReports.jsx,frontend,Cross-release / infra,UI/route/operator experience changes in deployed bundle,No direct data write; affects submitted payloads and user flows,No known permission model change,Revert code + restart affected services,Documentation or legacy evidence
M,frontend/src/pages/trench_safety/TrenchSafetyShell.jsx,frontend,Cross-release / infra,UI/route/operator experience changes in deployed bundle,No direct data write; affects submitted payloads and user flows,No known permission model change,Revert code + restart affected services,Documentation or legacy evidence
M,frontend/src/styles/tokens.css,frontend,WP17,UI/route/operator experience changes in deployed bundle,No direct data write; affects submitted payloads and user flows,No known permission model change,Revert code + restart affected services,WP17 closeout docs + UI regression evidence
M,frontend_cert_defect_baseline.md,documentation-only,Cross-release / infra,No direct runtime impact,None or indirect,No known permission model change,Revert file only,Documentation or legacy evidence
M,frontend_cert_sweep_results.json,documentation-only,Cross-release / infra,No direct runtime impact,None or indirect,No known permission model change,Revert file only,Documentation or legacy evidence
M,memory/BCSS_RELEASE1_PROGRAM1_CHECKPOINT2_FORMAL_ADOPTION.md,documentation-only,Cross-release / infra,No direct runtime impact,None or indirect,No known permission model change,Revert file only,Documentation or legacy evidence
M,memory/BCSS_RELEASE2_PROGRAM2_WAVE3_FAMILY1_OCC_HEALTH_AGGREGATOR_PHASEB_IMPLEMENTATION_RECORD.md,documentation-only,Cross-release / infra,No direct runtime impact,None or indirect,No known permission model change,Revert file only,Documentation or legacy evidence
M,memory/CHANGELOG.md,documentation-only,Cross-release / infra,No direct runtime impact,None or indirect,No known permission model change,Revert file only,Documentation or legacy evidence
A,memory/OPERATOR_BANNED_LANGUAGE_REGISTER.md,documentation-only,Cross-release / infra,No direct runtime impact,None or indirect,No known permission model change,Revert file only,Documentation or legacy evidence
M,memory/PLATFORM_SURVIVABILITY_EXECUTION_RAW.json,documentation-only,Cross-release / infra,No direct runtime impact,None or indirect,No known permission model change,Revert file only,Documentation or legacy evidence
M,memory/PRD.md,documentation-only,Cross-release / infra,No direct runtime impact,None or indirect,No known permission model change,Revert file only,Documentation or legacy evidence
M,memory/ROADMAP.md,documentation-only,Cross-release / infra,No direct runtime impact,None or indirect,No known permission model change,Revert file only,Documentation or legacy evidence
M,memory/WP16_LIVE_PUNCH_LIST.md,documentation-only,WP16,No direct runtime impact,None or indirect,No known permission model change,Revert file only,Documentation or legacy evidence
M,memory/WP16_WAVE2_7_GATE_INSPECTION.md,documentation-only,WP16,No direct runtime impact,None or indirect,No known permission model change,Revert file only,Documentation or legacy evidence
A,memory/WP17A_CERTIFICATION_REGISTER.md,documentation-only,WP17,No direct runtime impact,None or indirect,No known permission model change,Revert file only,WP17 closeout docs + UI regression evidence
M,memory/WP17A_EXECUTIVE_CLOSEOUT.md,documentation-only,WP18CX,No direct runtime impact,None or indirect,No known permission model change,Revert file only,WP18CX closeout docs + iterations 117-121
M,memory/WP17A_KPI_FORMULA_REGISTER.md,documentation-only,WP17,No direct runtime impact,None or indirect,No known permission model change,Revert file only,WP17 closeout docs + UI regression evidence
M,memory/WP17A_KPI_INVENTORY.md,documentation-only,WP17,No direct runtime impact,None or indirect,No known permission model change,Revert file only,WP17 closeout docs + UI regression evidence
M,memory/WP17A_KPI_REPAIR_SUMMARY.md,documentation-only,WP17,No direct runtime impact,None or indirect,No known permission model change,Revert file only,WP17 closeout docs + UI regression evidence
M,memory/WP17A_KPI_SOURCE_MAP.md,documentation-only,WP17,No direct runtime impact,None or indirect,No known permission model change,Revert file only,WP17 closeout docs + UI regression evidence
A,memory/WP17A_LIVE_PUNCH_LIST.md,documentation-only,WP17,No direct runtime impact,None or indirect,No known permission model change,Revert file only,WP17 closeout docs + UI regression evidence
A,memory/WP17A_POST_DEPLOYMENT_VALIDATION.md,documentation-only,WP17,No direct runtime impact,None or indirect,No known permission model change,Revert file only,WP17 closeout docs + UI regression evidence
M,memory/WP17A_PRE_DEPLOYMENT_CERTIFICATION.md,documentation-only,WP17,No direct runtime impact,None or indirect,No known permission model change,Revert file only,WP17 closeout docs + UI regression evidence
A,memory/WP17A_PRODUCTION_DEPLOYMENT_MANIFEST.md,documentation-only,WP17,No direct runtime impact,None or indirect,No known permission model change,Revert file only,WP17 closeout docs + UI regression evidence
A,memory/WP17A_PRODUCTION_DEPLOYMENT_REPORT.md,documentation-only,WP17,No direct runtime impact,None or indirect,No known permission model change,Revert file only,WP17 closeout docs + UI regression evidence
A,memory/WP17C_BEFORE_AFTER_EVIDENCE.md,documentation-only,WP17,No direct runtime impact,None or indirect,No known permission model change,Revert file only,WP17 closeout docs + UI regression evidence
A,memory/WP17C_CANONICAL_COMPONENT_OWNERSHIP_REGISTER.csv,documentation-only,WP17,No direct runtime impact,None or indirect,No known permission model change,Revert file only,WP17 closeout docs + UI regression evidence
A,memory/WP17C_CANONICAL_DESIGN_STANDARD.md,documentation-only,WP17,No direct runtime impact,None or indirect,No known permission model change,Revert file only,WP17 closeout docs + UI regression evidence
A,memory/WP17C_COMPONENT_CONSOLIDATION_REGISTER.csv,documentation-only,WP17,No direct runtime impact,None or indirect,No known permission model change,Revert file only,WP17 closeout docs + UI regression evidence
A,memory/WP17C_DESIGN_DRIFT_REGISTER.csv,documentation-only,WP17,No direct runtime impact,None or indirect,No known permission model change,Revert file only,WP17 closeout docs + UI regression evidence
A,memory/WP17C_DESIGN_TOKEN_REGISTER.json,documentation-only,WP17,No direct runtime impact,None or indirect,No known permission model change,Revert file only,WP17 closeout docs + UI regression evidence
A,memory/WP17C_EXECUTIVE_CLOSEOUT.md,documentation-only,WP18CX,No direct runtime impact,None or indirect,No known permission model change,Revert file only,WP18CX closeout docs + iterations 117-121
A,memory/WP17C_PLATFORM_VISUAL_CONSTITUTION.md,documentation-only,WP17,No direct runtime impact,None or indirect,No known permission model change,Revert file only,WP17 closeout docs + UI regression evidence
A,memory/WP17C_PLATFORM_VISUAL_INVENTORY.md,documentation-only,WP17,No direct runtime impact,None or indirect,No known permission model change,Revert file only,WP17 closeout docs + UI regression evidence
A,memory/WP17C_RESPONSIVE_CERTIFICATION_MATRIX.csv,documentation-only,WP17,No direct runtime impact,None or indirect,No known permission model change,Revert file only,WP17 closeout docs + UI regression evidence
A,memory/WP17C_ROUTE_STYLE_MATRIX.csv,documentation-only,WP17,No direct runtime impact,None or indirect,No known permission model change,Revert file only,WP17 closeout docs + UI regression evidence
A,memory/WP17C_VISUAL_EXCEPTION_REGISTER.md,documentation-only,WP17,No direct runtime impact,None or indirect,No known permission model change,Revert file only,WP17 closeout docs + UI regression evidence
A,memory/WP17C_WP17D_ZERO_LEGACY_SURVIVOR_BOARD.md,documentation-only,WP17,No direct runtime impact,None or indirect,No known permission model change,Revert file only,WP17 closeout docs + UI regression evidence
A,memory/WP17D_ANTI_DRIFT_RULES.md,documentation-only,WP17,No direct runtime impact,None or indirect,No known permission model change,Revert file only,WP17 closeout docs + UI regression evidence
A,memory/WP17D_AUTH_AND_DAILY_RECHECK_20260802.md,documentation-only,WP17,No direct runtime impact,None or indirect,Touches auth/role or admin visibility,Revert file only,WP17 closeout docs + UI regression evidence
A,memory/WP17D_CARD_VARIANT_REGISTER.md,documentation-only,WP17,No direct runtime impact,None or indirect,No known permission model change,Revert file only,WP17 closeout docs + UI regression evidence
A,memory/WP17D_DAILY_COACHING_CLOSURE_LEDGER.csv,documentation-only,WP17,No direct runtime impact,None or indirect,No known permission model change,Revert file only,WP17 closeout docs + UI regression evidence
A,memory/WP17D_DENOMINATOR_RECONCILIATION.csv,documentation-only,WP17,No direct runtime impact,None or indirect,No known permission model change,Revert file only,WP17 closeout docs + UI regression evidence
A,memory/WP17D_FIELD_CERTIFICATION_REGISTER.md,documentation-only,WP17,No direct runtime impact,None or indirect,No known permission model change,Revert file only,WP17 closeout docs + UI regression evidence
A,memory/WP17D_FINAL_BLOCKER_REGISTER.md,documentation-only,WP17,No direct runtime impact,None or indirect,No known permission model change,Revert file only,WP17 closeout docs + UI regression evidence
A,memory/WP17D_HOME_BRAND_AND_FIELD_WAVE_EVIDENCE.md,documentation-only,WP17,No direct runtime impact,None or indirect,No known permission model change,Revert file only,WP17 closeout docs + UI regression evidence
A,memory/WP17D_ICON_SYSTEM_AUDIT.md,documentation-only,WP17,No direct runtime impact,None or indirect,No known permission model change,Revert file only,WP17 closeout docs + UI regression evidence
A,memory/WP17D_PENDING_SURFACE_CLASSIFICATION.csv,documentation-only,WP17,No direct runtime impact,None or indirect,No known permission model change,Revert file only,WP17 closeout docs + UI regression evidence
A,memory/WP17D_PLATFORM_COVERAGE_DASHBOARD.md,documentation-only,WP17,No direct runtime impact,None or indirect,No known permission model change,Revert file only,WP17 closeout docs + UI regression evidence
A,memory/WP17D_PLATFORM_REACHABILITY_LEDGER.csv,documentation-only,WP17,No direct runtime impact,None or indirect,No known permission model change,Revert file only,WP17 closeout docs + UI regression evidence
A,memory/WP17D_PRIMITIVE_CERTIFICATION_LEDGER.md,documentation-only,WP17,No direct runtime impact,None or indirect,No known permission model change,Revert file only,WP17 closeout docs + UI regression evidence
A,memory/WP17D_PRIMITIVE_CONVERGENCE_INVENTORY.csv,documentation-only,WP17,No direct runtime impact,None or indirect,No known permission model change,Revert file only,WP17 closeout docs + UI regression evidence
A,memory/WP17D_PRIMITIVE_FAMILY_REGISTRY.csv,documentation-only,WP17,No direct runtime impact,None or indirect,No known permission model change,Revert file only,WP17 closeout docs + UI regression evidence
A,memory/WP17D_RUNTIME_FIRST_PASS_AUDIT.csv,documentation-only,WP17,No direct runtime impact,None or indirect,No known permission model change,Revert file only,WP17 closeout docs + UI regression evidence
A,memory/WP17D_SURVIVOR_REGISTER.md,documentation-only,WP17,No direct runtime impact,None or indirect,No known permission model change,Revert file only,WP17 closeout docs + UI regression evidence
A,memory/WP17D_TRANSPORTATION_404_RECON.md,documentation-only,WP17,No direct runtime impact,None or indirect,No known permission model change,Revert file only,WP17 closeout docs + UI regression evidence
A,memory/WP17F_ACCEPTED_RISK_REGISTER.md,documentation-only,WP17,No direct runtime impact,None or indirect,No known permission model change,Revert file only,WP17 closeout docs + UI regression evidence
A,memory/WP17F_PRODUCTION_PROMOTION_EVIDENCE.md,documentation-only,WP17,No direct runtime impact,None or indirect,No known permission model change,Revert file only,WP17 closeout docs + UI regression evidence
A,memory/WP17_EXECUTIVE_CLOSEOUT_AND_LOCK.md,documentation-only,WP18CX,No direct runtime impact,None or indirect,No known permission model change,Revert file only,WP18CX closeout docs + iterations 117-121
A,memory/WP17_HIDDEN_SURFACE_EXECUTIVE_REPORT.md,documentation-only,WP18CX,No direct runtime impact,None or indirect,No known permission model change,Revert file only,WP18CX closeout docs + iterations 117-121
A,memory/WP17_HIDDEN_SURFACE_FAMILY_SUMMARY.md,documentation-only,WP17,No direct runtime impact,None or indirect,No known permission model change,Revert file only,WP17 closeout docs + UI regression evidence
A,memory/WP17_HIDDEN_SURFACE_FORENSIC_REGISTER.csv,documentation-only,WP17,No direct runtime impact,None or indirect,No known permission model change,Revert file only,WP17 closeout docs + UI regression evidence
A,memory/WP17_ROUTE_GOVERNANCE_REGISTRY.csv,documentation-only,WP17,No direct runtime impact,None or indirect,No known permission model change,Revert file only,WP17 closeout docs + UI regression evidence
A,memory/WP18A_COST_CODE_FORENSIC_AUDIT.md,documentation-only,WP18A/WP18B architecture docs,No direct runtime impact,None or indirect,No known permission model change,Revert file only,Documentation or legacy evidence
A,memory/WP18A_DAILY_REPORT_PROJECT_CONTROLS_BINDING_AUDIT.md,documentation-only,WP18A/WP18B architecture docs,No direct runtime impact,None or indirect,No known permission model change,Revert file only,Documentation or legacy evidence
A,memory/WP18A_DATA_AND_TRUST_LINE_REGISTER.csv,documentation-only,WP18A/WP18B architecture docs,No direct runtime impact,None or indirect,No known permission model change,Revert file only,Documentation or legacy evidence
A,memory/WP18A_DUPLICATION_AND_REUSE_DECISION_REGISTER.csv,documentation-only,WP18A/WP18B architecture docs,No direct runtime impact,None or indirect,No known permission model change,Revert file only,Documentation or legacy evidence
A,memory/WP18A_ENGINE_AND_SERVICE_REGISTER.csv,documentation-only,WP18A/WP18B architecture docs,No direct runtime impact,None or indirect,No known permission model change,Revert file only,Documentation or legacy evidence
A,memory/WP18A_EXECUTIVE_AUDIT_REPORT.md,documentation-only,WP18CX,No direct runtime impact,None or indirect,No known permission model change,Revert file only,WP18CX closeout docs + iterations 117-121
A,memory/WP18A_EXECUTIVE_SYSTEM_ARCHITECTURE_MAP.md,documentation-only,WP18CX,No direct runtime impact,None or indirect,No known permission model change,Revert file only,WP18CX closeout docs + iterations 117-121
A,memory/WP18A_GAP_AND_DEPENDENCY_REGISTER.csv,documentation-only,WP18A/WP18B architecture docs,No direct runtime impact,None or indirect,No known permission model change,Revert file only,Documentation or legacy evidence
A,memory/WP18A_IMPORT_EXPORT_CAPABILITY_AUDIT.md,documentation-only,WP18A/WP18B architecture docs,No direct runtime impact,None or indirect,No known permission model change,Revert file only,Documentation or legacy evidence
A,memory/WP18A_LOOKAHEAD_AND_WEEKLY_RECONCILIATION_AUDIT.md,documentation-only,WP18C5,No direct runtime impact,None or indirect,No known permission model change,Revert file only,WP18C5 closeout docs + matching backend tests
A,memory/WP18A_MONDAY_RECAP_AND_INTELLIGENCE_AUDIT.md,documentation-only,WP18A/WP18B architecture docs,No direct runtime impact,None or indirect,No known permission model change,Revert file only,Documentation or legacy evidence
A,memory/WP18A_PLATFORM_CAPABILITY_REGISTER.csv,documentation-only,WP18A/WP18B architecture docs,No direct runtime impact,None or indirect,No known permission model change,Revert file only,Documentation or legacy evidence
A,memory/WP18A_PM_NAVIGATION_AND_ENTRY_PATH_AUDIT.md,documentation-only,WP18A/WP18B architecture docs,No direct runtime impact,None or indirect,No known permission model change,Revert file only,Documentation or legacy evidence
A,memory/WP18A_PROJECT_CONTROLS_EXISTING_STATE.md,documentation-only,WP18A/WP18B architecture docs,No direct runtime impact,None or indirect,No known permission model change,Revert file only,Documentation or legacy evidence
A,memory/WP18A_SCHEDULE_FORENSIC_AUDIT.md,documentation-only,WP18A/WP18B architecture docs,No direct runtime impact,None or indirect,No known permission model change,Revert file only,Documentation or legacy evidence
A,memory/WP18BR2_AUTHORITY_CONFLICT_REGISTER.md,documentation-only,WP18A/WP18B architecture docs,No direct runtime impact,None or indirect,Touches auth/role or admin visibility,Revert file only,Documentation or legacy evidence
A,memory/WP18BR2_BUDGET_HIERARCHY_CONSTITUTION.md,documentation-only,WP18C3,No direct runtime impact,None or indirect,No known permission model change,Revert file only,WP18C3 closeout docs + matching backend tests
A,memory/WP18BR2_CONSTITUTIONAL_RISK_REGISTER.md,documentation-only,WP18A/WP18B architecture docs,No direct runtime impact,None or indirect,No known permission model change,Revert file only,Documentation or legacy evidence
A,memory/WP18BR2_COST_CODE_CONSTITUTION.md,documentation-only,WP18A/WP18B architecture docs,No direct runtime impact,None or indirect,No known permission model change,Revert file only,Documentation or legacy evidence
A,memory/WP18BR2_EARNED_VALUE_CONSTITUTION.md,documentation-only,WP18A/WP18B architecture docs,No direct runtime impact,None or indirect,No known permission model change,Revert file only,Documentation or legacy evidence
A,memory/WP18BR2_EXECUTIVE_CONSTITUTIONAL_CHALLENGE.md,documentation-only,WP18CX,No direct runtime impact,None or indirect,No known permission model change,Revert file only,WP18CX closeout docs + iterations 117-121
A,memory/WP18BR2_EXECUTIVE_DECISION_REGISTER.csv,documentation-only,WP18CX,No direct runtime impact,None or indirect,No known permission model change,Revert file only,WP18CX closeout docs + iterations 117-121
A,memory/WP18BR2_EXECUTIVE_SIGNOFF.md,documentation-only,WP18CX,No direct runtime impact,None or indirect,No known permission model change,Revert file only,WP18CX closeout docs + iterations 117-121
A,memory/WP18BR2_IMPLEMENTATION_GATE.md,documentation-only,WP18A/WP18B architecture docs,No direct runtime impact,None or indirect,No known permission model change,Revert file only,Documentation or legacy evidence
A,memory/WP18BR2_OPERATOR_EXPERIENCE_CONSTITUTION.md,documentation-only,WP18A/WP18B architecture docs,No direct runtime impact,None or indirect,No known permission model change,Revert file only,Documentation or legacy evidence
A,memory/WP18BR2_PROJECT_CONTROLS_CONSTITUTION.md,documentation-only,WP18A/WP18B architecture docs,No direct runtime impact,None or indirect,No known permission model change,Revert file only,Documentation or legacy evidence
A,memory/WP18BR2_SCALE_VALIDATION.md,documentation-only,WP18A/WP18B architecture docs,No direct runtime impact,None or indirect,No known permission model change,Revert file only,Documentation or legacy evidence
A,memory/WP18BR2_SCHEDULE_CONSTITUTION.md,documentation-only,WP18A/WP18B architecture docs,No direct runtime impact,None or indirect,No known permission model change,Revert file only,Documentation or legacy evidence
A,memory/WP18BR2_TRUSTLINE_EXCEPTION_REGISTER.md,documentation-only,WP18A/WP18B architecture docs,No direct runtime impact,None or indirect,No known permission model change,Revert file only,Documentation or legacy evidence
A,memory/WP18BR3_BLOCKING_AMENDMENTS.md,documentation-only,WP18A/WP18B architecture docs,No direct runtime impact,None or indirect,No known permission model change,Revert file only,Documentation or legacy evidence
A,memory/WP18BR3_CROSS_SYSTEM_ARCHITECTURE_REGISTER.csv,documentation-only,WP18A/WP18B architecture docs,No direct runtime impact,None or indirect,No known permission model change,Revert file only,Documentation or legacy evidence
A,memory/WP18BR3_EXECUTIVE_DECISION_BOOK.md,documentation-only,WP18CX,No direct runtime impact,None or indirect,No known permission model change,Revert file only,WP18CX closeout docs + iterations 117-121
A,memory/WP18BR3_EXECUTIVE_OPERATOR_REVIEW.md,documentation-only,WP18CX,No direct runtime impact,None or indirect,No known permission model change,Revert file only,WP18CX closeout docs + iterations 117-121
A,memory/WP18BR3_FINANCIAL_CONSTITUTIONAL_REVIEW.md,documentation-only,WP18A/WP18B architecture docs,No direct runtime impact,None or indirect,No known permission model change,Revert file only,Documentation or legacy evidence
A,memory/WP18BR3_FIVE_YEAR_REVIEW.md,documentation-only,WP18A/WP18B architecture docs,No direct runtime impact,None or indirect,No known permission model change,Revert file only,Documentation or legacy evidence
A,memory/WP18BR3_IMPLEMENTATION_GATE.md,documentation-only,WP18A/WP18B architecture docs,No direct runtime impact,None or indirect,No known permission model change,Revert file only,Documentation or legacy evidence
A,memory/WP18BR3_INVESTMENT_PROTECTION_ANALYSIS.md,documentation-only,WP18A/WP18B architecture docs,No direct runtime impact,None or indirect,No known permission model change,Revert file only,Documentation or legacy evidence
A,memory/WP18BR3_MASTER_DECISION_MATRIX.csv,documentation-only,WP18A/WP18B architecture docs,No direct runtime impact,None or indirect,No known permission model change,Revert file only,Documentation or legacy evidence
A,memory/WP18BR3_OPERATIONAL_CONSTITUTIONAL_REVIEW.md,documentation-only,WP18A/WP18B architecture docs,No direct runtime impact,None or indirect,No known permission model change,Revert file only,Documentation or legacy evidence
A,memory/WP18BR3_PRESERVATION_REPORT.csv,documentation-only,WP18A/WP18B architecture docs,No direct runtime impact,None or indirect,No known permission model change,Revert file only,Documentation or legacy evidence
A,memory/WP18BR3_REBUILD_TEST_AND_ROI_MATRIX.csv,documentation-only,WP18A/WP18B architecture docs,No direct runtime impact,None or indirect,No known permission model change,Revert file only,Documentation or legacy evidence
A,memory/WP18BR_DECISION_RATIFICATION_MATRIX.csv,documentation-only,WP18A/WP18B architecture docs,No direct runtime impact,None or indirect,No known permission model change,Revert file only,Documentation or legacy evidence
A,memory/WP18BR_EXECUTIVE_RATIFICATION_REPORT.md,documentation-only,WP18CX,No direct runtime impact,None or indirect,No known permission model change,Revert file only,WP18CX closeout docs + iterations 117-121
A,memory/WP18BR_PROJECT_CONTROLS_CONSTITUTIONAL_RATIFICATION.md,documentation-only,WP18A/WP18B architecture docs,No direct runtime impact,None or indirect,No known permission model change,Revert file only,Documentation or legacy evidence
A,memory/WP18BR_SOURCE_OF_TRUTH_CHALLENGE_REGISTER.csv,documentation-only,WP18A/WP18B architecture docs,No direct runtime impact,None or indirect,No known permission model change,Revert file only,Documentation or legacy evidence
A,memory/WP18BR_TRUST_LINE_CHALLENGE_REGISTER.csv,documentation-only,WP18A/WP18B architecture docs,No direct runtime impact,None or indirect,No known permission model change,Revert file only,Documentation or legacy evidence
A,memory/WP18B_AUTHORITY_MATRIX.csv,documentation-only,WP18A/WP18B architecture docs,No direct runtime impact,None or indirect,Touches auth/role or admin visibility,Revert file only,Documentation or legacy evidence
A,memory/WP18B_CAPABILITY_AND_ENGINE_MAP.csv,documentation-only,WP18A/WP18B architecture docs,No direct runtime impact,None or indirect,No known permission model change,Revert file only,Documentation or legacy evidence
A,memory/WP18B_COST_CODE_AUTHORITY_AUDIT.md,documentation-only,WP18A/WP18B architecture docs,No direct runtime impact,None or indirect,Touches auth/role or admin visibility,Revert file only,Documentation or legacy evidence
A,memory/WP18B_DATA_FLOW_REGISTER.csv,documentation-only,WP18A/WP18B architecture docs,No direct runtime impact,None or indirect,No known permission model change,Revert file only,Documentation or legacy evidence
A,memory/WP18B_DUPLICATION_REGISTER.csv,documentation-only,WP18A/WP18B architecture docs,No direct runtime impact,None or indirect,No known permission model change,Revert file only,Documentation or legacy evidence
A,memory/WP18B_FINAL_EXECUTIVE_REPORT.md,documentation-only,WP18CX,No direct runtime impact,None or indirect,No known permission model change,Revert file only,WP18CX closeout docs + iterations 117-121
A,memory/WP18B_MASTER_EXECUTIVE_ARCHITECTURE_AUDIT.md,documentation-only,WP18CX,No direct runtime impact,None or indirect,No known permission model change,Revert file only,WP18CX closeout docs + iterations 117-121
A,memory/WP18B_OPERATOR_EXPERIENCE_AUDIT.md,documentation-only,WP18A/WP18B architecture docs,No direct runtime impact,None or indirect,No known permission model change,Revert file only,Documentation or legacy evidence
A,memory/WP18B_PROJECT_CONTROLS_READINESS_AUDIT.md,documentation-only,WP18A/WP18B architecture docs,No direct runtime impact,None or indirect,No known permission model change,Revert file only,Documentation or legacy evidence
A,memory/WP18B_RECOMMENDED_IMPLEMENTATION_SEQUENCE.md,documentation-only,WP18A/WP18B architecture docs,No direct runtime impact,None or indirect,No known permission model change,Revert file only,Documentation or legacy evidence
A,memory/WP18B_RISK_AND_DEPENDENCY_REGISTER.csv,documentation-only,WP18A/WP18B architecture docs,No direct runtime impact,None or indirect,No known permission model change,Revert file only,Documentation or legacy evidence
A,memory/WP18B_SCHEDULE_AUTHORITY_AUDIT.md,documentation-only,WP18A/WP18B architecture docs,No direct runtime impact,None or indirect,Touches auth/role or admin visibility,Revert file only,Documentation or legacy evidence
A,memory/WP18B_SOURCE_OF_TRUTH_MATRIX.csv,documentation-only,WP18A/WP18B architecture docs,No direct runtime impact,None or indirect,No known permission model change,Revert file only,Documentation or legacy evidence
A,memory/WP18B_TRUST_LINE_REGISTER.csv,documentation-only,WP18A/WP18B architecture docs,No direct runtime impact,None or indirect,No known permission model change,Revert file only,Documentation or legacy evidence
A,memory/WP18C1_API_AND_MODEL_EVIDENCE.md,documentation-only,WP18C1,No direct runtime impact,None or indirect,No known permission model change,Revert file only,WP18C1 closeout docs + matching backend tests
A,memory/WP18C1_EXECUTIVE_CLOSEOUT.md,documentation-only,WP18CX,No direct runtime impact,None or indirect,No known permission model change,Revert file only,WP18CX closeout docs + iterations 117-121
A,memory/WP18C1_HIERARCHY_BINDING_REGISTER.csv,documentation-only,WP18C1,No direct runtime impact,None or indirect,No known permission model change,Revert file only,WP18C1 closeout docs + matching backend tests
A,memory/WP18C1_IMPLEMENTATION_LEDGER.csv,documentation-only,WP18C1,No direct runtime impact,None or indirect,No known permission model change,Revert file only,WP18C1 closeout docs + matching backend tests
A,memory/WP18C1_MIGRATION_AND_BACKFILL_REPORT.md,documentation-only,WP18C1,No direct runtime impact,None or indirect,No known permission model change,Revert file only,WP18C1 closeout docs + matching backend tests
A,memory/WP18C1_OPERATOR_EXPERIENCE_EVIDENCE.md,documentation-only,WP18C1,No direct runtime impact,None or indirect,No known permission model change,Revert file only,WP18C1 closeout docs + matching backend tests
A,memory/WP18C1_PERMISSION_AND_SCOPE_EVIDENCE.md,documentation-only,WP18C1,No direct runtime impact,None or indirect,Touches auth/role or admin visibility,Revert file only,WP18C1 closeout docs + matching backend tests
A,memory/WP18C1_TEST_AND_CERTIFICATION_REPORT.md,documentation-only,WP18C1,No direct runtime impact,None or indirect,No known permission model change,Revert file only,WP18C1 closeout docs + matching backend tests
A,memory/WP18C2_AUTHORITY_OWNERSHIP_REGISTER.csv,documentation-only,WP18C2,No direct runtime impact,None or indirect,Touches auth/role or admin visibility,Revert file only,WP18C2 closeout docs + matching backend tests
A,memory/WP18C2_CREW_INTELLIGENCE_FOUNDATION.md,documentation-only,WP18C2,No direct runtime impact,None or indirect,No known permission model change,Revert file only,WP18C2 closeout docs + matching backend tests
A,memory/WP18C2_DAILY_REPORT_WORK_BLOCK_CONTRACT.md,documentation-only,WP18C2,No direct runtime impact,None or indirect,No known permission model change,Revert file only,WP18C2 closeout docs + matching backend tests
A,memory/WP18C2_EVENT_AND_DATA_CONTRACT_REGISTER.csv,documentation-only,WP18C2,No direct runtime impact,None or indirect,No known permission model change,Revert file only,WP18C2 closeout docs + matching backend tests
A,memory/WP18C2_EXECUTIVE_CLOSEOUT.md,documentation-only,WP18CX,No direct runtime impact,None or indirect,No known permission model change,Revert file only,WP18CX closeout docs + iterations 117-121
A,memory/WP18C2_MIGRATION_AND_COMPATIBILITY_REPORT.md,documentation-only,WP18C2,No direct runtime impact,None or indirect,No known permission model change,Revert file only,WP18C2 closeout docs + matching backend tests
A,memory/WP18C2_OBJECT_LIFECYCLE_REGISTER.csv,documentation-only,WP18C2,No direct runtime impact,None or indirect,No known permission model change,Revert file only,WP18C2 closeout docs + matching backend tests
A,memory/WP18C2_OPERATIONAL_WORK_LEDGER_CONTRACT.md,documentation-only,WP18C2,No direct runtime impact,None or indirect,No known permission model change,Revert file only,WP18C2 closeout docs + matching backend tests
A,memory/WP18C2_PM_PROJECT_AUTHORITY_EVIDENCE.md,documentation-only,WP18C2,No direct runtime impact,None or indirect,Touches auth/role or admin visibility,Revert file only,WP18C2 closeout docs + matching backend tests
A,memory/WP18C2_PROJECT_LIFECYCLE_AND_ARCHIVE_EVIDENCE.md,documentation-only,WP18C2,No direct runtime impact,None or indirect,No known permission model change,Revert file only,WP18C2 closeout docs + matching backend tests
A,memory/WP18C2_PROJECT_PAY_ITEM_AND_WORK_TYPE_MODEL.md,documentation-only,WP18C2,No direct runtime impact,None or indirect,No known permission model change,Revert file only,WP18C2 closeout docs + matching backend tests
A,memory/WP18C2_TEST_AND_CERTIFICATION_REPORT.md,documentation-only,WP18C2,No direct runtime impact,None or indirect,No known permission model change,Revert file only,WP18C2 closeout docs + matching backend tests
A,memory/WP18C2_WP17_INHERITANCE_CERTIFICATION.md,documentation-only,WP18C2,No direct runtime impact,None or indirect,No known permission model change,Revert file only,WP18C2 closeout docs + matching backend tests
A,memory/WP18C3_BUDGET_AUTHORITY_REGISTER.csv,documentation-only,WP18C3,No direct runtime impact,None or indirect,Touches auth/role or admin visibility,Revert file only,WP18C3 closeout docs + matching backend tests
A,memory/WP18C3_BUDGET_LINE_MODEL.md,documentation-only,WP18C3,No direct runtime impact,None or indirect,No known permission model change,Revert file only,WP18C3 closeout docs + matching backend tests
A,memory/WP18C3_BUDGET_VERSION_REGISTER.csv,documentation-only,WP18C3,No direct runtime impact,None or indirect,No known permission model change,Revert file only,WP18C3 closeout docs + matching backend tests
A,memory/WP18C3_COMMITMENT_AND_ACTUAL_COST_FOUNDATION.md,documentation-only,WP18C3,No direct runtime impact,None or indirect,No known permission model change,Revert file only,WP18C3 closeout docs + matching backend tests
A,memory/WP18C3_EXECUTIVE_CLOSEOUT.md,documentation-only,WP18CX,No direct runtime impact,None or indirect,No known permission model change,Revert file only,WP18CX closeout docs + iterations 117-121
A,memory/WP18C3_FINANCIAL_TRUST_LINE_EVIDENCE.md,documentation-only,WP18C3,No direct runtime impact,None or indirect,No known permission model change,Revert file only,WP18C3 closeout docs + matching backend tests
A,memory/WP18C3_IMPORT_EXPORT_DISTRIBUTION_REGISTER.csv,documentation-only,WP18C3,No direct runtime impact,None or indirect,No known permission model change,Revert file only,WP18C3 closeout docs + matching backend tests
A,memory/WP18C3_MAPPING_SUGGESTION_AND_APPROVAL_EVIDENCE.md,documentation-only,WP18C3,No direct runtime impact,None or indirect,No known permission model change,Revert file only,WP18C3 closeout docs + matching backend tests
A,memory/WP18C3_MIGRATION_AND_BACKFILL_REPORT.md,documentation-only,WP18C3,No direct runtime impact,None or indirect,No known permission model change,Revert file only,WP18C3 closeout docs + matching backend tests
A,memory/WP18C3_PERMISSION_AND_APPROVAL_EVIDENCE.md,documentation-only,WP18C3,No direct runtime impact,None or indirect,No known permission model change,Revert file only,WP18C3 closeout docs + matching backend tests
A,memory/WP18C3_PROJECT_PAY_ITEM_IMPORT_EVIDENCE.md,documentation-only,WP18C3,No direct runtime impact,None or indirect,No known permission model change,Revert file only,WP18C3 closeout docs + matching backend tests
A,memory/WP18C3_TEST_AND_CERTIFICATION_REPORT.md,documentation-only,WP18C3,No direct runtime impact,None or indirect,No known permission model change,Revert file only,WP18C3 closeout docs + matching backend tests
A,memory/WP18C3_WP17_INHERITANCE_CERTIFICATION.md,documentation-only,WP18C3,No direct runtime impact,None or indirect,No known permission model change,Revert file only,WP18C3 closeout docs + matching backend tests
A,memory/WP18C4_EXECUTIVE_CLOSEOUT.md,documentation-only,WP18CX,No direct runtime impact,None or indirect,No known permission model change,Revert file only,WP18CX closeout docs + iterations 117-121
A,memory/WP18C4_IMPORT_AND_ACTIVATION_EVIDENCE.md,documentation-only,WP18C4,No direct runtime impact,None or indirect,No known permission model change,Revert file only,WP18C4 closeout docs + matching backend tests
A,memory/WP18C4_PROJECT_SCHEDULE_AUTHORITY.md,documentation-only,WP18C4,No direct runtime impact,None or indirect,Touches auth/role or admin visibility,Revert file only,WP18C4 closeout docs + matching backend tests
A,memory/WP18C4_TEST_AND_CERTIFICATION_REPORT.md,documentation-only,WP18C4,No direct runtime impact,None or indirect,No known permission model change,Revert file only,WP18C4 closeout docs + matching backend tests
A,memory/WP18C4_WP17_INHERITANCE_CERTIFICATION.md,documentation-only,WP18C4,No direct runtime impact,None or indirect,No known permission model change,Revert file only,WP18C4 closeout docs + matching backend tests
A,memory/WP18C5_BASELINE_CURRENT_FORECAST_CONTRACT.md,documentation-only,WP18C5,No direct runtime impact,None or indirect,No known permission model change,Revert file only,WP18C5 closeout docs + matching backend tests
A,memory/WP18C5_CONSTRAINT_AUTHORITY_EVIDENCE.md,documentation-only,WP18C5,No direct runtime impact,None or indirect,Touches auth/role or admin visibility,Revert file only,WP18C5 closeout docs + matching backend tests
A,memory/WP18C5_DAILY_REPORT_ACTUALS_INTEGRATION.md,documentation-only,WP18C5,No direct runtime impact,None or indirect,No known permission model change,Revert file only,WP18C5 closeout docs + matching backend tests
A,memory/WP18C5_DAILY_WORK_PLAN_MODEL.md,documentation-only,WP18C5,No direct runtime impact,None or indirect,No known permission model change,Revert file only,WP18C5 closeout docs + matching backend tests
A,memory/WP18C5_EXECUTIVE_CLOSEOUT.md,documentation-only,WP18CX,No direct runtime impact,None or indirect,No known permission model change,Revert file only,WP18CX closeout docs + iterations 117-121
A,memory/WP18C5_IMPORT_EXPORT_DISTRIBUTION_REGISTER.csv,documentation-only,WP18C5,No direct runtime impact,None or indirect,No known permission model change,Revert file only,WP18C5 closeout docs + matching backend tests
A,memory/WP18C5_LOOKAHEAD_OPERATING_MODEL.md,documentation-only,WP18C5,No direct runtime impact,None or indirect,No known permission model change,Revert file only,WP18C5 closeout docs + matching backend tests
A,memory/WP18C5_MATERIAL_TRANSACTION_MODEL.md,documentation-only,WP18C5,No direct runtime impact,None or indirect,No known permission model change,Revert file only,WP18C5 closeout docs + matching backend tests
A,memory/WP18C5_MIGRATION_AND_BACKFILL_REPORT.md,documentation-only,WP18C5,No direct runtime impact,None or indirect,No known permission model change,Revert file only,WP18C5 closeout docs + matching backend tests
A,memory/WP18C5_PERMISSION_AND_ROLE_EVIDENCE.md,documentation-only,WP18C5,No direct runtime impact,None or indirect,No known permission model change,Revert file only,WP18C5 closeout docs + matching backend tests
A,memory/WP18C5_RESOURCE_ALLOCATION_MODEL.md,documentation-only,WP18C5,No direct runtime impact,None or indirect,No known permission model change,Revert file only,WP18C5 closeout docs + matching backend tests
A,memory/WP18C5_SCHEDULE_ACTUALS_REVIEW_EVIDENCE.md,documentation-only,WP18C5,No direct runtime impact,None or indirect,No known permission model change,Revert file only,WP18C5 closeout docs + matching backend tests
A,memory/WP18C5_SCHEDULE_AUTHORITY_REGISTER.csv,documentation-only,WP18C5,No direct runtime impact,None or indirect,Touches auth/role or admin visibility,Revert file only,WP18C5 closeout docs + matching backend tests
A,memory/WP18C5_TEST_AND_CERTIFICATION_REPORT.md,documentation-only,WP18C5,No direct runtime impact,None or indirect,No known permission model change,Revert file only,WP18C5 closeout docs + matching backend tests
A,memory/WP18C5_VENDOR_SUBCONTRACTOR_EXECUTION_MODEL.md,documentation-only,WP18C5,No direct runtime impact,None or indirect,No known permission model change,Revert file only,WP18C5 closeout docs + matching backend tests
A,memory/WP18C5_WP17_INHERITANCE_CERTIFICATION.md,documentation-only,WP18C5,No direct runtime impact,None or indirect,No known permission model change,Revert file only,WP18C5 closeout docs + matching backend tests
A,memory/WP18CX5_AI_RUNTIME_REPORT.md,documentation-only,WP18CX,No direct runtime impact,None or indirect,No known permission model change,Revert file only,WP18CX closeout docs + iterations 117-121
A,memory/WP18CX5_EMAIL_RUNTIME_REPORT.md,documentation-only,WP18CX,No direct runtime impact,None or indirect,No known permission model change,Revert file only,WP18CX closeout docs + iterations 117-121
A,memory/WP18CX5_EXECUTIVE_CLOSEOUT.md,documentation-only,WP18CX,No direct runtime impact,None or indirect,No known permission model change,Revert file only,WP18CX closeout docs + iterations 117-121
A,memory/WP18CX5_EXECUTIVE_GO_GATE.md,documentation-only,WP18CX,No direct runtime impact,None or indirect,No known permission model change,Revert file only,WP18CX closeout docs + iterations 117-121
A,memory/WP18CX5_EXPORT_RUNTIME_REPORT.md,documentation-only,WP18CX,No direct runtime impact,None or indirect,No known permission model change,Revert file only,WP18CX closeout docs + iterations 117-121
A,memory/WP18CX5_FINAL_BLOCKER_REGISTER.md,documentation-only,WP18CX,No direct runtime impact,None or indirect,No known permission model change,Revert file only,WP18CX closeout docs + iterations 117-121
A,memory/WP18CX5_PDF_RUNTIME_REPORT.md,documentation-only,WP18CX,No direct runtime impact,None or indirect,No known permission model change,Revert file only,WP18CX closeout docs + iterations 117-121
A,memory/WP18CX5_PRODUCTION_MODULE_MATRIX.csv,documentation-only,WP18CX,No direct runtime impact,None or indirect,No known permission model change,Revert file only,WP18CX closeout docs + iterations 117-121
A,memory/WP18CX5_PRODUCTION_SCOPE.md,documentation-only,WP18CX,No direct runtime impact,None or indirect,Touches auth/role or admin visibility,Revert file only,WP18CX closeout docs + iterations 117-121
A,memory/WP18CX5_RELEASE1_RUNTIME_CERTIFICATION.md,documentation-only,WP18CX,No direct runtime impact,None or indirect,No known permission model change,Revert file only,WP18CX closeout docs + iterations 117-121
A,memory/WP18CX5_ROLE_CERTIFICATION.md,documentation-only,WP18CX,No direct runtime impact,None or indirect,No known permission model change,Revert file only,WP18CX closeout docs + iterations 117-121
A,memory/WP18CX_ACCESSIBILITY_CERTIFICATION.md,documentation-only,WP18CX,No direct runtime impact,None or indirect,No known permission model change,Revert file only,WP18CX closeout docs + iterations 117-121
A,memory/WP18CX_CERTIFICATION_MATRIX.csv,documentation-only,WP18CX,No direct runtime impact,None or indirect,No known permission model change,Revert file only,WP18CX closeout docs + iterations 117-121
A,memory/WP18CX_COACHING_AND_DECISION_SUPPORT_STANDARD.md,documentation-only,WP18CX,No direct runtime impact,None or indirect,No known permission model change,Revert file only,WP18CX closeout docs + iterations 117-121
A,memory/WP18CX_CONSTITUTIONAL_COMPLIANCE_REPORT.md,documentation-only,WP18CX,No direct runtime impact,None or indirect,No known permission model change,Revert file only,WP18CX closeout docs + iterations 117-121
A,memory/WP18CX_CONSTRUCTION_TERMINOLOGY_STANDARD.md,documentation-only,WP18CX,No direct runtime impact,None or indirect,No known permission model change,Revert file only,WP18CX closeout docs + iterations 117-121
A,memory/WP18CX_DECISION_SUPPORT_CERTIFICATION.md,documentation-only,WP18CX,No direct runtime impact,None or indirect,No known permission model change,Revert file only,WP18CX closeout docs + iterations 117-121
A,memory/WP18CX_DUPLICATE_ENTRY_REDUCTION_REPORT.md,documentation-only,WP18CX,No direct runtime impact,None or indirect,No known permission model change,Revert file only,WP18CX closeout docs + iterations 117-121
A,memory/WP18CX_EN_ES_CONSISTENCY_REPORT.md,documentation-only,WP18CX,No direct runtime impact,None or indirect,No known permission model change,Revert file only,WP18CX closeout docs + iterations 117-121
A,memory/WP18CX_EXECUTIVE_CLOSEOUT.md,documentation-only,WP18CX,No direct runtime impact,None or indirect,No known permission model change,Revert file only,WP18CX closeout docs + iterations 117-121
A,memory/WP18CX_EXECUTIVE_DECISION_BOOK.md,documentation-only,WP18CX,No direct runtime impact,None or indirect,No known permission model change,Revert file only,WP18CX closeout docs + iterations 117-121
A,memory/WP18CX_EXECUTIVE_FINAL_GO_GATE.md,documentation-only,WP18CX,No direct runtime impact,None or indirect,No known permission model change,Revert file only,WP18CX closeout docs + iterations 117-121
A,memory/WP18CX_EXECUTIVE_LANGUAGE_STANDARD.md,documentation-only,WP18CX,No direct runtime impact,None or indirect,No known permission model change,Revert file only,WP18CX closeout docs + iterations 117-121
A,memory/WP18CX_EXECUTIVE_OPERATOR_EXPERIENCE_REGRESSION_CHECKLIST.md,documentation-only,WP18CX,No direct runtime impact,None or indirect,No known permission model change,Revert file only,WP18CX closeout docs + iterations 117-121
A,memory/WP18CX_EXECUTIVE_OPERATOR_LANGUAGE_DICTIONARY.md,documentation-only,WP18CX,No direct runtime impact,None or indirect,No known permission model change,Revert file only,WP18CX closeout docs + iterations 117-121
A,memory/WP18CX_FIVE_SECOND_CERTIFICATION.md,documentation-only,WP18CX,No direct runtime impact,None or indirect,No known permission model change,Revert file only,WP18CX closeout docs + iterations 117-121
A,memory/WP18CX_GO_NO_GO_REPORT.md,documentation-only,WP18CX,No direct runtime impact,None or indirect,No known permission model change,Revert file only,WP18CX closeout docs + iterations 117-121
A,memory/WP18CX_INTEGRITY_REPORT.md,documentation-only,WP18CX,No direct runtime impact,None or indirect,No known permission model change,Revert file only,WP18CX closeout docs + iterations 117-121
A,memory/WP18CX_MOBILE_ACCESSIBILITY_AND_CHANNEL_AUDIT.md,documentation-only,WP18CX,No direct runtime impact,None or indirect,No known permission model change,Revert file only,WP18CX closeout docs + iterations 117-121
A,memory/WP18CX_MOBILE_FIELD_CERTIFICATION.md,documentation-only,WP18CX,No direct runtime impact,None or indirect,No known permission model change,Revert file only,WP18CX closeout docs + iterations 117-121
A,memory/WP18CX_NAVIGATION_AND_WORKFLOW_STANDARD.md,documentation-only,WP18CX,No direct runtime impact,None or indirect,No known permission model change,Revert file only,WP18CX closeout docs + iterations 117-121
A,memory/WP18CX_OPERATOR_DECISION_QUALITY_REPORT.md,documentation-only,WP18CX,No direct runtime impact,None or indirect,No known permission model change,Revert file only,WP18CX closeout docs + iterations 117-121
A,memory/WP18CX_OPERATOR_EXPERIENCE_AUDIT.md,documentation-only,WP18CX,No direct runtime impact,None or indirect,No known permission model change,Revert file only,WP18CX closeout docs + iterations 117-121
A,memory/WP18CX_OPERATOR_LANGUAGE_REGRESSION_REPORT.md,documentation-only,WP18CX,No direct runtime impact,None or indirect,No known permission model change,Revert file only,WP18CX closeout docs + iterations 117-121
A,memory/WP18CX_PDF_EMAIL_EXPORT_AI_LANGUAGE_AUDIT.md,documentation-only,WP18CX,No direct runtime impact,None or indirect,No known permission model change,Revert file only,WP18CX closeout docs + iterations 117-121
A,memory/WP18CX_ROLE_CERTIFICATION_MATRIX.md,documentation-only,WP18CX,No direct runtime impact,None or indirect,No known permission model change,Revert file only,WP18CX closeout docs + iterations 117-121
A,memory/WP18CX_ROLE_EXPERIENCE_CERTIFICATION.md,documentation-only,WP18CX,No direct runtime impact,None or indirect,No known permission model change,Revert file only,WP18CX closeout docs + iterations 117-121
A,memory/WP18CX_RUNTIME_COMMUNICATION_CERTIFICATION.md,documentation-only,WP18CX,No direct runtime impact,None or indirect,No known permission model change,Revert file only,WP18CX closeout docs + iterations 117-121
A,memory/WP18CY2_COMPLETE_R2_FAILURE_FORENSICS.md,documentation-only,WP18CY,No direct runtime impact,None or indirect,No known permission model change,Revert file only,WP18CY / WP18CY.2 / WP18CY.3 test reports and runtime evidence
A,memory/WP18CY2_COMPLETE_R2_REPAIR_AND_RESTORE_PROOF.md,documentation-only,WP18CY,No direct runtime impact,None or indirect,No known permission model change,Revert file only,WP18CY / WP18CY.2 / WP18CY.3 test reports and runtime evidence
A,memory/WP18CY2_DAILY_REPORT_PRODUCTION_PROOF.md,documentation-only,WP18CY,No direct runtime impact,None or indirect,No known permission model change,Revert file only,WP18CY / WP18CY.2 / WP18CY.3 test reports and runtime evidence
A,memory/WP18CY2_FINAL_EXECUTIVE_GATE.md,documentation-only,WP18CY,No direct runtime impact,None or indirect,No known permission model change,Revert file only,WP18CY / WP18CY.2 / WP18CY.3 test reports and runtime evidence
A,memory/WP18CY2_FINAL_REGRESSION_REPORT.md,documentation-only,WP18CY,No direct runtime impact,None or indirect,No known permission model change,Revert file only,WP18CY / WP18CY.2 / WP18CY.3 test reports and runtime evidence
A,memory/WP18CY2_PRODUCTION_ACCESS_AND_TRUTH_REPORT.md,documentation-only,WP18CY,No direct runtime impact,None or indirect,No known permission model change,Revert file only,WP18CY / WP18CY.2 / WP18CY.3 test reports and runtime evidence
A,memory/WP18CY2_PRODUCTION_ATLAS_QUERY_FORENSICS.csv,documentation-only,WP18CY,No direct runtime impact,None or indirect,No known permission model change,Revert file only,WP18CY / WP18CY.2 / WP18CY.3 test reports and runtime evidence
A,memory/WP18CY2_PRODUCTION_EMAIL_CERTIFICATION.csv,documentation-only,WP18CY,No direct runtime impact,None or indirect,No known permission model change,Revert file only,WP18CY / WP18CY.2 / WP18CY.3 test reports and runtime evidence
A,memory/WP18CY2_PRODUCTION_QUERY_REPAIR_EVIDENCE.md,documentation-only,WP18CY,No direct runtime impact,None or indirect,No known permission model change,Revert file only,WP18CY / WP18CY.2 / WP18CY.3 test reports and runtime evidence
A,memory/WP18CY3_ATLAS_OFFENDER_AND_REPAIR_EVIDENCE.md,documentation-only,WP18CY,No direct runtime impact,None or indirect,No known permission model change,Revert file only,WP18CY / WP18CY.2 / WP18CY.3 test reports and runtime evidence
A,memory/WP18CY3_CHANGE_WITHOUT_DEPLOYMENT_ROOT_CAUSE.md,documentation-only,WP18CY,No direct runtime impact,None or indirect,No known permission model change,Revert file only,WP18CY / WP18CY.2 / WP18CY.3 test reports and runtime evidence
A,memory/WP18CY3_DAILY_REPORT_SUBMIT_AND_DELIVERY_PROOF.md,documentation-only,WP18CY,No direct runtime impact,None or indirect,No known permission model change,Revert file only,WP18CY / WP18CY.2 / WP18CY.3 test reports and runtime evidence
A,memory/WP18CY3_FINAL_EXECUTIVE_GATE.md,documentation-only,WP18CY,No direct runtime impact,None or indirect,No known permission model change,Revert file only,WP18CY / WP18CY.2 / WP18CY.3 test reports and runtime evidence
A,memory/WP18CY3_FINAL_RELEASE1_REGRESSION_REGISTER.csv,documentation-only,WP18CY,No direct runtime impact,None or indirect,No known permission model change,Revert file only,WP18CY / WP18CY.2 / WP18CY.3 test reports and runtime evidence
A,memory/WP18CY3_NOTIFICATION_FAILURE_AND_RETRY_EVIDENCE.md,documentation-only,WP18CY,No direct runtime impact,None or indirect,No known permission model change,Revert file only,WP18CY / WP18CY.2 / WP18CY.3 test reports and runtime evidence
A,memory/WP18CY3_NOTIFICATION_TRUST_SPINE_CERTIFICATION.csv,documentation-only,WP18CY,No direct runtime impact,None or indirect,No known permission model change,Revert file only,WP18CY / WP18CY.2 / WP18CY.3 test reports and runtime evidence
A,memory/WP18CY3_PRODUCTION_DEPLOYMENT_AND_ROLLBACK_EVIDENCE.md,documentation-only,WP18CY,No direct runtime impact,None or indirect,No known permission model change,Revert file only,WP18CY / WP18CY.2 / WP18CY.3 test reports and runtime evidence
A,memory/WP18CY3_PRODUCTION_INDEX_PARITY.csv,documentation-only,WP18CY,No direct runtime impact,None or indirect,No known permission model change,Revert file only,WP18CY / WP18CY.2 / WP18CY.3 test reports and runtime evidence
A,memory/WP18CY3_PRODUCTION_RESTORE_DRILL_PROOF.md,documentation-only,WP18CY,No direct runtime impact,None or indirect,No known permission model change,Revert file only,WP18CY / WP18CY.2 / WP18CY.3 test reports and runtime evidence
A,memory/WP18CY3_RUNTIME_PARITY_MATRIX.csv,documentation-only,WP18CY,No direct runtime impact,None or indirect,No known permission model change,Revert file only,WP18CY / WP18CY.2 / WP18CY.3 test reports and runtime evidence
A,memory/WP18CY_AI_SUMMARY_FAILURE_ISOLATION.md,documentation-only,WP18CY,No direct runtime impact,None or indirect,No known permission model change,Revert file only,WP18CY / WP18CY.2 / WP18CY.3 test reports and runtime evidence
A,memory/WP18CY_BACKUP_POLICY_AND_FRESHNESS_CONTRACT.md,documentation-only,WP18CY,No direct runtime impact,None or indirect,No known permission model change,Revert file only,WP18CY / WP18CY.2 / WP18CY.3 test reports and runtime evidence
A,memory/WP18CY_BACKUP_RESTORE_EVIDENCE.md,documentation-only,WP18CY,No direct runtime impact,None or indirect,No known permission model change,Revert file only,WP18CY / WP18CY.2 / WP18CY.3 test reports and runtime evidence
A,memory/WP18CY_BACKUP_ROOT_CAUSE_REPORT.md,documentation-only,WP18CY,No direct runtime impact,None or indirect,No known permission model change,Revert file only,WP18CY / WP18CY.2 / WP18CY.3 test reports and runtime evidence
A,memory/WP18CY_CONNECTION_AND_BACKGROUND_JOB_REPORT.md,documentation-only,WP18CY,No direct runtime impact,None or indirect,No known permission model change,Revert file only,WP18CY / WP18CY.2 / WP18CY.3 test reports and runtime evidence
A,memory/WP18CY_DAILY_REPORT_EMAIL_ROOT_CAUSE.md,documentation-only,WP18CY,No direct runtime impact,None or indirect,No known permission model change,Revert file only,WP18CY / WP18CY.2 / WP18CY.3 test reports and runtime evidence
A,memory/WP18CY_EMAIL_FAMILY_INVENTORY.csv,documentation-only,WP18CY,No direct runtime impact,None or indirect,No known permission model change,Revert file only,WP18CY / WP18CY.2 / WP18CY.3 test reports and runtime evidence
A,memory/WP18CY_EMAIL_RUNTIME_CERTIFICATION.md,documentation-only,WP18CY,No direct runtime impact,None or indirect,No known permission model change,Revert file only,WP18CY / WP18CY.2 / WP18CY.3 test reports and runtime evidence
A,memory/WP18CY_EXECUTIVE_CLOSEOUT.md,documentation-only,WP18CY,No direct runtime impact,None or indirect,No known permission model change,Revert file only,WP18CY / WP18CY.2 / WP18CY.3 test reports and runtime evidence
A,memory/WP18CY_EXECUTIVE_DECISION_BOOK.md,documentation-only,WP18CY,No direct runtime impact,None or indirect,No known permission model change,Revert file only,WP18CY / WP18CY.2 / WP18CY.3 test reports and runtime evidence
A,memory/WP18CY_EXECUTIVE_GO_NO_GO.md,documentation-only,WP18CY,No direct runtime impact,None or indirect,No known permission model change,Revert file only,WP18CY / WP18CY.2 / WP18CY.3 test reports and runtime evidence
A,memory/WP18CY_INDEX_AND_QUERY_CHANGE_REGISTER.csv,documentation-only,WP18CY,No direct runtime impact,None or indirect,No known permission model change,Revert file only,WP18CY / WP18CY.2 / WP18CY.3 test reports and runtime evidence
A,memory/WP18CY_LIVE_REGRESSION_REGISTER.csv,documentation-only,WP18CY,No direct runtime impact,None or indirect,No known permission model change,Revert file only,WP18CY / WP18CY.2 / WP18CY.3 test reports and runtime evidence
A,memory/WP18CY_MONGODB_EXPLAIN_PLAN_EVIDENCE.md,documentation-only,WP18CY,No direct runtime impact,None or indirect,No known permission model change,Revert file only,WP18CY / WP18CY.2 / WP18CY.3 test reports and runtime evidence
A,memory/WP18CY_MONGODB_QUERY_INVENTORY.csv,documentation-only,WP18CY,No direct runtime impact,None or indirect,No known permission model change,Revert file only,WP18CY / WP18CY.2 / WP18CY.3 test reports and runtime evidence
A,memory/WP18CY_OBSERVABILITY_AND_ALERT_REPORT.md,documentation-only,WP18CY,No direct runtime impact,None or indirect,No known permission model change,Revert file only,WP18CY / WP18CY.2 / WP18CY.3 test reports and runtime evidence
A,memory/WP18CY_PDF_ATTACHMENT_PIPELINE_REPORT.md,documentation-only,WP18CY,No direct runtime impact,None or indirect,No known permission model change,Revert file only,WP18CY / WP18CY.2 / WP18CY.3 test reports and runtime evidence
A,memory/WP18CY_PRODUCTION_PREVIEW_DRIFT_REPORT.md,documentation-only,WP18CY,No direct runtime impact,None or indirect,No known permission model change,Revert file only,WP18CY / WP18CY.2 / WP18CY.3 test reports and runtime evidence
A,memory/WP18CY_PRODUCTION_TRUTH_BASELINE.md,documentation-only,WP18CY,No direct runtime impact,None or indirect,No known permission model change,Revert file only,WP18CY / WP18CY.2 / WP18CY.3 test reports and runtime evidence
A,memory/WP18CY_SECURITY_AND_DATA_PROTECTION_EVIDENCE.md,documentation-only,WP18CY,No direct runtime impact,None or indirect,No known permission model change,Revert file only,WP18CY / WP18CY.2 / WP18CY.3 test reports and runtime evidence
A,memory/WP18CY_TEST_AND_CERTIFICATION_REPORT.md,documentation-only,WP18CY,No direct runtime impact,None or indirect,No known permission model change,Revert file only,WP18CY / WP18CY.2 / WP18CY.3 test reports and runtime evidence
A,memory/WP18_ECAP_ACCEPTANCE_AND_CERTIFICATION_MATRIX.csv,documentation-only,Cross-release / infra,No direct runtime impact,None or indirect,No known permission model change,Revert file only,Documentation or legacy evidence
A,memory/WP18_ECAP_AI_AUTOMATION_AUTHORITY_CONSTITUTION.md,documentation-only,Cross-release / infra,No direct runtime impact,None or indirect,Touches auth/role or admin visibility,Revert file only,Documentation or legacy evidence
A,memory/WP18_ECAP_AMENDMENT_ACCEPTANCE_REGISTER.md,documentation-only,Cross-release / infra,No direct runtime impact,None or indirect,No known permission model change,Revert file only,Documentation or legacy evidence
A,memory/WP18_ECAP_AUTHORITY_AND_SOURCE_OF_TRUTH_MAP.md,documentation-only,Cross-release / infra,No direct runtime impact,None or indirect,Touches auth/role or admin visibility,Revert file only,Documentation or legacy evidence
A,memory/WP18_ECAP_BUDGET_HIERARCHY_CONSTITUTION.md,documentation-only,WP18C3,No direct runtime impact,None or indirect,No known permission model change,Revert file only,WP18C3 closeout docs + matching backend tests
A,memory/WP18_ECAP_CAPABILITY_DISPOSITION_MATRIX.csv,documentation-only,Cross-release / infra,No direct runtime impact,None or indirect,No known permission model change,Revert file only,Documentation or legacy evidence
A,memory/WP18_ECAP_COMPATIBILITY_AND_TRANSITION_PLAN.md,documentation-only,Cross-release / infra,No direct runtime impact,None or indirect,No known permission model change,Revert file only,Documentation or legacy evidence
A,memory/WP18_ECAP_CONTRADICTION_AND_CONFLICT_REGISTER.md,documentation-only,Cross-release / infra,No direct runtime impact,None or indirect,No known permission model change,Revert file only,Documentation or legacy evidence
A,memory/WP18_ECAP_COST_CODE_AND_COST_TRUST_ARCHITECTURE.md,documentation-only,Cross-release / infra,No direct runtime impact,None or indirect,No known permission model change,Revert file only,Documentation or legacy evidence
A,memory/WP18_ECAP_CROSS_SYSTEM_INTERACTION_MAP.md,documentation-only,Cross-release / infra,No direct runtime impact,None or indirect,No known permission model change,Revert file only,Documentation or legacy evidence
A,memory/WP18_ECAP_DATA_OWNERSHIP_AND_STEWARDSHIP_MATRIX.csv,documentation-only,Cross-release / infra,No direct runtime impact,None or indirect,No known permission model change,Revert file only,Documentation or legacy evidence
A,memory/WP18_ECAP_DEPENDENCY_AND_CRITICAL_PATH_REGISTER.csv,documentation-only,Cross-release / infra,No direct runtime impact,None or indirect,No known permission model change,Revert file only,Documentation or legacy evidence
A,memory/WP18_ECAP_DOCUMENT_INTEGRITY_REPORT.md,documentation-only,Cross-release / infra,No direct runtime impact,None or indirect,No known permission model change,Revert file only,Documentation or legacy evidence
A,memory/WP18_ECAP_EARNED_VALUE_ENGINE_BLUEPRINT.md,documentation-only,Cross-release / infra,No direct runtime impact,None or indirect,No known permission model change,Revert file only,Documentation or legacy evidence
A,memory/WP18_ECAP_ENTERPRISE_HIERARCHY_CONSTITUTION.md,documentation-only,WP18C1,No direct runtime impact,None or indirect,No known permission model change,Revert file only,WP18C1 closeout docs + matching backend tests
A,memory/WP18_ECAP_EN_ES_CONTENT_IMPACT.md,documentation-only,Cross-release / infra,No direct runtime impact,None or indirect,No known permission model change,Revert file only,Documentation or legacy evidence
A,memory/WP18_ECAP_EVENT_AND_DATA_FLOW_REGISTER.csv,documentation-only,Cross-release / infra,No direct runtime impact,None or indirect,No known permission model change,Revert file only,Documentation or legacy evidence
A,memory/WP18_ECAP_EVIDENCE_INDEX.csv,documentation-only,Cross-release / infra,No direct runtime impact,None or indirect,No known permission model change,Revert file only,Documentation or legacy evidence
A,memory/WP18_ECAP_EXECUTIVE_DECISION_BOOK.md,documentation-only,WP18CX,No direct runtime impact,None or indirect,No known permission model change,Revert file only,WP18CX closeout docs + iterations 117-121
A,memory/WP18_ECAP_EXECUTIVE_FINANCIAL_KPI_DICTIONARY.csv,documentation-only,WP18CX,No direct runtime impact,None or indirect,No known permission model change,Revert file only,WP18CX closeout docs + iterations 117-121
A,memory/WP18_ECAP_EXECUTIVE_GO_NO_GO.md,documentation-only,WP18CX,No direct runtime impact,None or indirect,No known permission model change,Revert file only,WP18CX closeout docs + iterations 117-121
A,memory/WP18_ECAP_EXECUTIVE_REPORTING_HIERARCHY.md,documentation-only,WP18CX,No direct runtime impact,None or indirect,No known permission model change,Revert file only,WP18CX closeout docs + iterations 117-121
A,memory/WP18_ECAP_FINAL_EXECUTIVE_AUTHORIZATION.md,documentation-only,WP18CX,No direct runtime impact,None or indirect,Touches auth/role or admin visibility,Revert file only,WP18CX closeout docs + iterations 117-121
A,memory/WP18_ECAP_FORECASTING_COMMITMENT_ACTUALS_MODEL.md,documentation-only,Cross-release / infra,No direct runtime impact,None or indirect,No known permission model change,Revert file only,Documentation or legacy evidence
A,memory/WP18_ECAP_FUTURE_PHASE_BOUNDARY.md,documentation-only,Cross-release / infra,No direct runtime impact,None or indirect,No known permission model change,Revert file only,Documentation or legacy evidence
A,memory/WP18_ECAP_IMPLEMENTATION_RISK_REGISTER.csv,documentation-only,Cross-release / infra,No direct runtime impact,None or indirect,No known permission model change,Revert file only,Documentation or legacy evidence
A,memory/WP18_ECAP_IMPLEMENTATION_SEQUENCE.md,documentation-only,Cross-release / infra,No direct runtime impact,None or indirect,No known permission model change,Revert file only,Documentation or legacy evidence
A,memory/WP18_ECAP_INTEGRATION_AUTHORITY_REGISTER.csv,documentation-only,Cross-release / infra,No direct runtime impact,None or indirect,Touches auth/role or admin visibility,Revert file only,Documentation or legacy evidence
A,memory/WP18_ECAP_MIGRATION_AND_BACKFILL_STRATEGY.md,documentation-only,Cross-release / infra,No direct runtime impact,None or indirect,No known permission model change,Revert file only,Documentation or legacy evidence
A,memory/WP18_ECAP_NAVIGATION_AND_ENTRY_IMPACT.md,documentation-only,Cross-release / infra,No direct runtime impact,None or indirect,No known permission model change,Revert file only,Documentation or legacy evidence
A,memory/WP18_ECAP_NOTIFICATION_APPROVAL_ESCALATION_MODEL.md,documentation-only,Cross-release / infra,No direct runtime impact,None or indirect,No known permission model change,Revert file only,Documentation or legacy evidence
A,memory/WP18_ECAP_NO_REBUILD_REGISTER.md,documentation-only,Cross-release / infra,No direct runtime impact,None or indirect,No known permission model change,Revert file only,Documentation or legacy evidence
A,memory/WP18_ECAP_OPERATOR_IMPACT_MATRIX.csv,documentation-only,Cross-release / infra,No direct runtime impact,None or indirect,No known permission model change,Revert file only,Documentation or legacy evidence
A,memory/WP18_ECAP_PLATFORM_PRESERVATION_MAP.md,documentation-only,Cross-release / infra,No direct runtime impact,None or indirect,No known permission model change,Revert file only,Documentation or legacy evidence
A,memory/WP18_ECAP_PRODUCTION_QUANTITY_PRODUCTIVITY_MODEL.md,documentation-only,Cross-release / infra,No direct runtime impact,None or indirect,No known permission model change,Revert file only,Documentation or legacy evidence
A,memory/WP18_ECAP_PROJECT_CONTROLS_OPERATING_MODEL.md,documentation-only,Cross-release / infra,No direct runtime impact,None or indirect,No known permission model change,Revert file only,Documentation or legacy evidence
A,memory/WP18_ECAP_REPORT_PDF_EMAIL_IMPACT.md,documentation-only,Cross-release / infra,No direct runtime impact,None or indirect,No known permission model change,Revert file only,Documentation or legacy evidence
A,memory/WP18_ECAP_RETIREMENT_AND_DEPRECATION_REGISTER.md,documentation-only,Cross-release / infra,No direct runtime impact,None or indirect,No known permission model change,Revert file only,Documentation or legacy evidence
A,memory/WP18_ECAP_REUSE_EXTENSION_CONSOLIDATION_REGISTER.csv,documentation-only,Cross-release / infra,No direct runtime impact,None or indirect,No known permission model change,Revert file only,Documentation or legacy evidence
A,memory/WP18_ECAP_ROLE_BASED_OPERATING_EXPERIENCE.md,documentation-only,Cross-release / infra,No direct runtime impact,None or indirect,No known permission model change,Revert file only,Documentation or legacy evidence
A,memory/WP18_ECAP_ROLE_DECISION_AUTHORITY_MATRIX.csv,documentation-only,Cross-release / infra,No direct runtime impact,None or indirect,Touches auth/role or admin visibility,Revert file only,Documentation or legacy evidence
A,memory/WP18_ECAP_SCHEDULE_LOOKAHEAD_ACTUALS_ARCHITECTURE.md,documentation-only,WP18C5,No direct runtime impact,None or indirect,No known permission model change,Revert file only,WP18C5 closeout docs + matching backend tests
A,memory/WP18_ECAP_UNRESOLVED_DECISIONS_REGISTER.md,documentation-only,Cross-release / infra,No direct runtime impact,None or indirect,No known permission model change,Revert file only,Documentation or legacy evidence
A,memory/WP18_ECAP_WP18C_IMPLEMENTATION_CONTRACT.md,documentation-only,Cross-release / infra,No direct runtime impact,None or indirect,No known permission model change,Revert file only,Documentation or legacy evidence
A,memory/WP18_ECAP_WP18C_WORK_PACKAGE_MAP.md,documentation-only,Cross-release / infra,No direct runtime impact,None or indirect,No known permission model change,Revert file only,Documentation or legacy evidence
A,memory/WP18_OPERATIONAL_DECISION_ENGINE_BACKWARD_COMPATIBILITY_AND_GAP_REPORT.md,documentation-only,Cross-release / infra,No direct runtime impact,None or indirect,No known permission model change,Revert file only,Documentation or legacy evidence
A,memory/WP18_OPERATIONAL_DECISION_ENGINE_CONSTITUTION.md,documentation-only,Cross-release / infra,No direct runtime impact,None or indirect,No known permission model change,Revert file only,Documentation or legacy evidence
A,memory/WP18_OPERATIONAL_DECISION_ENGINE_INTEGRITY_REPORT.md,documentation-only,Cross-release / infra,No direct runtime impact,None or indirect,No known permission model change,Revert file only,Documentation or legacy evidence
A,memory/WP18_OPERATIONAL_INTELLIGENCE_BACKWARD_COMPATIBILITY_AND_GAP_REPORT.md,documentation-only,WP18C6,No direct runtime impact,None or indirect,No known permission model change,Revert file only,WP18C6 closeout docs + matching backend tests
A,memory/WP18_OPERATIONAL_INTELLIGENCE_CONSTITUTION.md,documentation-only,WP18C6,No direct runtime impact,None or indirect,No known permission model change,Revert file only,WP18C6 closeout docs + matching backend tests
A,memory/WP18_OPERATIONAL_INTELLIGENCE_INHERITANCE_STANDARD.md,documentation-only,WP18C6,No direct runtime impact,None or indirect,No known permission model change,Revert file only,WP18C6 closeout docs + matching backend tests
A,memory/WP18_OPERATIONAL_INTELLIGENCE_INTEGRITY_REPORT.md,documentation-only,WP18C6,No direct runtime impact,None or indirect,No known permission model change,Revert file only,WP18C6 closeout docs + matching backend tests
M,occ_health_test.py,test-only,Cross-release / infra,No direct runtime impact,None or indirect,No known permission model change,Revert file only,Test evidence only
M,ops8_auth_policy_backend_regression.py,generated artifact,Cross-release / infra,No direct runtime impact,None or indirect,Touches auth/role or admin visibility,Revert file only,Documentation or legacy evidence
M,ops8_auth_policy_backend_regression_report.md,documentation-only,Cross-release / infra,No direct runtime impact,None or indirect,Touches auth/role or admin visibility,Revert file only,Documentation or legacy evidence
M,ops8_auth_policy_verification_report.md,documentation-only,Cross-release / infra,No direct runtime impact,None or indirect,Touches auth/role or admin visibility,Revert file only,Documentation or legacy evidence
M,ops8_focused_backend_cert.py,generated artifact,Cross-release / infra,No direct runtime impact,None or indirect,No known permission model change,Revert file only,Documentation or legacy evidence
M,ops8_focused_backend_cert_part2.py,generated artifact,Cross-release / infra,No direct runtime impact,None or indirect,No known permission model change,Revert file only,Documentation or legacy evidence
M,ops8_focused_backend_cert_part2_results.json,documentation-only,Cross-release / infra,No direct runtime impact,None or indirect,No known permission model change,Revert file only,Documentation or legacy evidence
M,ops8_focused_backend_cert_results.json,documentation-only,Cross-release / infra,No direct runtime impact,None or indirect,No known permission model change,Revert file only,Documentation or legacy evidence
M,ops8_focused_backend_cert_summary.md,documentation-only,Cross-release / infra,No direct runtime impact,None or indirect,No known permission model change,Revert file only,Documentation or legacy evidence
M,ops8_phase2_3_4_backend_cert.py,generated artifact,Cross-release / infra,No direct runtime impact,None or indirect,No known permission model change,Revert file only,Documentation or legacy evidence
A,pm_family_test.py,test-only,Cross-release / infra,No direct runtime impact,None or indirect,No known permission model change,Revert file only,Test evidence only
M,pm_shop_authorization_policy_backend_results.json,documentation-only,Cross-release / infra,No direct runtime impact,None or indirect,Touches auth/role or admin visibility,Revert file only,Documentation or legacy evidence
M,pm_shop_authorization_policy_backend_test.py,test-only,Cross-release / infra,No direct runtime impact,None or indirect,Touches auth/role or admin visibility,Revert file only,Test evidence only
M,s1_4_verification_results.json,documentation-only,Cross-release / infra,No direct runtime impact,None or indirect,No known permission model change,Revert file only,Documentation or legacy evidence
M,safety_endpoint_test.py,test-only,Cross-release / infra,No direct runtime impact,None or indirect,No known permission model change,Revert file only,Test evidence only
M,scripts/cross_device_check.py,generated artifact,Cross-release / infra,No direct runtime impact,None or indirect,No known permission model change,Revert file only,Documentation or legacy evidence
M,scripts/measure_visual_loudness.py,generated artifact,Cross-release / infra,No direct runtime impact,None or indirect,No known permission model change,Revert file only,Documentation or legacy evidence
M,scripts/smoke_pm_routes.py,generated artifact,Cross-release / infra,No direct runtime impact,None or indirect,No known permission model change,Revert file only,Documentation or legacy evidence
M,scripts/verify_env_identity.sh,generated artifact,Cross-release / infra,No direct runtime impact,None or indirect,No known permission model change,Revert file only,Documentation or legacy evidence
A,scripts/wp17_hidden_surface_forensics.py,generated artifact,WP17,No direct runtime impact,None or indirect,No known permission model change,Revert file only,WP17 closeout docs + UI regression evidence
A,scripts/wp17_route_governance_guard.py,generated artifact,WP17,No direct runtime impact,None or indirect,No known permission model change,Revert file only,WP17 closeout docs + UI regression evidence
A,scripts/wp17d_constitution_guard.py,generated artifact,WP17,No direct runtime impact,None or indirect,No known permission model change,Revert file only,WP17 closeout docs + UI regression evidence
M,second_frontend_cert_sweep_report.md,documentation-only,Cross-release / infra,No direct runtime impact,None or indirect,No known permission model change,Revert file only,Documentation or legacy evidence
D,test_artifacts/daily_report_fixtures/docs/bad.exe,generated artifact,Cross-release / infra,No direct runtime impact,None or indirect,No known permission model change,Revert file only,Documentation or legacy evidence
D,test_artifacts/daily_report_fixtures/docs/corrupted.pdf,generated artifact,Cross-release / infra,No direct runtime impact,None or indirect,No known permission model change,Revert file only,Documentation or legacy evidence
D,test_artifacts/daily_report_fixtures/docs/daily_ticket.pdf,generated artifact,Cross-release / infra,No direct runtime impact,None or indirect,No known permission model change,Revert file only,Documentation or legacy evidence
D,test_artifacts/daily_report_fixtures/docs/notes with spaces & punctuation!.txt,generated artifact,Cross-release / infra,No direct runtime impact,None or indirect,No known permission model change,Revert file only,Documentation or legacy evidence
D,test_artifacts/daily_report_fixtures/docs/oversized.txt,generated artifact,Cross-release / infra,No direct runtime impact,None or indirect,No known permission model change,Revert file only,Documentation or legacy evidence
D,test_artifacts/daily_report_fixtures/generated_report.pdf,generated artifact,Cross-release / infra,No direct runtime impact,None or indirect,No known permission model change,Revert file only,Documentation or legacy evidence
D,test_artifacts/daily_report_fixtures/images/corrupted.jpg,generated artifact,Cross-release / infra,No direct runtime impact,None or indirect,No known permission model change,Revert file only,Documentation or legacy evidence
D,test_artifacts/daily_report_fixtures/images/duplicate.jpg,generated artifact,Cross-release / infra,No direct runtime impact,None or indirect,No known permission model change,Revert file only,Documentation or legacy evidence
D,test_artifacts/daily_report_fixtures/images/large.jpg,generated artifact,Cross-release / infra,No direct runtime impact,None or indirect,No known permission model change,Revert file only,Documentation or legacy evidence
D,test_artifacts/daily_report_fixtures/images/non_construction.png,generated artifact,Cross-release / infra,No direct runtime impact,None or indirect,No known permission model change,Revert file only,Documentation or legacy evidence
D,test_artifacts/daily_report_fixtures/images/phone_construction.jpg,generated artifact,Cross-release / infra,No direct runtime impact,None or indirect,No known permission model change,Revert file only,Documentation or legacy evidence
D,test_artifacts/daily_report_fixtures/images/small.jpg,generated artifact,Cross-release / infra,No direct runtime impact,None or indirect,No known permission model change,Revert file only,Documentation or legacy evidence
D,test_artifacts/daily_report_fixtures/rcv1/audio/tone.wav,generated artifact,Cross-release / infra,No direct runtime impact,None or indirect,No known permission model change,Revert file only,Documentation or legacy evidence
D,test_artifacts/daily_report_fixtures/rcv1/images/inlet_structure.jpg,generated artifact,Cross-release / infra,No direct runtime impact,None or indirect,No known permission model change,Revert file only,Documentation or legacy evidence
D,test_artifacts/daily_report_fixtures/rcv1/images/irrelevant_whiteboard.png,generated artifact,Cross-release / infra,No direct runtime impact,None or indirect,No known permission model change,Revert file only,Documentation or legacy evidence
D,test_artifacts/daily_report_fixtures/rcv1/images/paving_operation.jpg,generated artifact,Cross-release / infra,No direct runtime impact,None or indirect,No known permission model change,Revert file only,Documentation or legacy evidence
D,test_artifacts/daily_report_fixtures/rcv1/images/trench_utility.jpg,generated artifact,Cross-release / infra,No direct runtime impact,None or indirect,No known permission model change,Revert file only,Documentation or legacy evidence
D,test_artifacts/daily_report_fixtures/rcv1/real_images/caterpillar.jpg,generated artifact,Cross-release / infra,No direct runtime impact,None or indirect,No known permission model change,Revert file only,Documentation or legacy evidence
D,test_artifacts/daily_report_fixtures/rcv1/real_images/crew_excavator.jpg,generated artifact,Cross-release / infra,No direct runtime impact,None or indirect,No known permission model change,Revert file only,Documentation or legacy evidence
D,test_artifacts/daily_report_fixtures/rcv1/real_images/drainage_pipe.jpeg,generated artifact,Cross-release / infra,No direct runtime impact,None or indirect,No known permission model change,Revert file only,Documentation or legacy evidence
D,test_artifacts/daily_report_fixtures/rcv1/real_images/trench_pipes.jpeg,generated artifact,Cross-release / infra,No direct runtime impact,None or indirect,No known permission model change,Revert file only,Documentation or legacy evidence
D,test_artifacts/daily_report_fixtures/rcv1/real_images/worker_street.jpg,generated artifact,Cross-release / infra,No direct runtime impact,None or indirect,No known permission model change,Revert file only,Documentation or legacy evidence
M,test_result.md,documentation-only,Cross-release / infra,No direct runtime impact,None or indirect,No known permission model change,Revert file only,Documentation or legacy evidence
M,test_result_checkpoint6.txt,generated artifact,Cross-release / infra,No direct runtime impact,None or indirect,No known permission model change,Revert file only,Documentation or legacy evidence
M,tests/debug_track_24_6.py,generated artifact,Cross-release / infra,No direct runtime impact,None or indirect,No known permission model change,Revert file only,Documentation or legacy evidence
M,tests/post_deploy/track_15_60_stress_test.py,test-only,Cross-release / infra,No direct runtime impact,None or indirect,No known permission model change,Revert file only,Test evidence only
M,tests/post_deploy/track_15_62_session_a_verify.py,generated artifact,Cross-release / infra,No direct runtime impact,None or indirect,No known permission model change,Revert file only,Documentation or legacy evidence
M,tests/post_deploy/track_15_62_session_b_verify.py,generated artifact,Cross-release / infra,No direct runtime impact,None or indirect,No known permission model change,Revert file only,Documentation or legacy evidence
M,tests/post_deploy/track_15_63_reproduction.py,generated artifact,Cross-release / infra,No direct runtime impact,None or indirect,No known permission model change,Revert file only,Documentation or legacy evidence
M,tests/track14_s2a_field_cert.py,generated artifact,Cross-release / infra,No direct runtime impact,None or indirect,No known permission model change,Revert file only,Documentation or legacy evidence
M,tests/track_24_6_mobile_touch_test.py,test-only,Cross-release / infra,No direct runtime impact,None or indirect,No known permission model change,Revert file only,Test evidence only
M,tests/track_24_6_touch_test.py,test-only,Cross-release / infra,No direct runtime impact,None or indirect,No known permission model change,Revert file only,Test evidence only
M,tests/track_26_03_device_pilot.py,generated artifact,Cross-release / infra,No direct runtime impact,None or indirect,No known permission model change,Revert file only,Documentation or legacy evidence
M,tests/track_26_03_downstream.py,generated artifact,Cross-release / infra,No direct runtime impact,None or indirect,No known permission model change,Revert file only,Documentation or legacy evidence
D,walkthroughs/README.md,documentation-only,Cross-release / infra,No direct runtime impact,None or indirect,No known permission model change,Revert file only,Documentation or legacy evidence
D,walkthroughs/_runner.py,generated artifact,Cross-release / infra,No direct runtime impact,None or indirect,No known permission model change,Revert file only,Documentation or legacy evidence
D,walkthroughs/aggregate_findings.py,generated artifact,Cross-release / infra,No direct runtime impact,None or indirect,No known permission model change,Revert file only,Documentation or legacy evidence
D,walkthroughs/dispatcher.py,generated artifact,Cross-release / infra,No direct runtime impact,None or indirect,No known permission model change,Revert file only,Documentation or legacy evidence
D,walkthroughs/foreman.py,generated artifact,Cross-release / infra,No direct runtime impact,None or indirect,No known permission model change,Revert file only,Documentation or legacy evidence
D,walkthroughs/foreman_architecture_brief.md,documentation-only,Cross-release / infra,No direct runtime impact,None or indirect,No known permission model change,Revert file only,Documentation or legacy evidence
D,walkthroughs/hr.py,generated artifact,Cross-release / infra,No direct runtime impact,None or indirect,No known permission model change,Revert file only,Documentation or legacy evidence
D,walkthroughs/iter235_stabilization_refinement_brief.md,documentation-only,Cross-release / infra,No direct runtime impact,None or indirect,No known permission model change,Revert file only,Documentation or legacy evidence
D,walkthroughs/laborer.py,generated artifact,Cross-release / infra,No direct runtime impact,None or indirect,No known permission model change,Revert file only,Documentation or legacy evidence
D,walkthroughs/operator.py,generated artifact,Cross-release / infra,No direct runtime impact,None or indirect,No known permission model change,Revert file only,Documentation or legacy evidence
D,walkthroughs/pm.py,generated artifact,Cross-release / infra,No direct runtime impact,None or indirect,No known permission model change,Revert file only,Documentation or legacy evidence
D,walkthroughs/pre_deploy_verification.md,documentation-only,Cross-release / infra,No direct runtime impact,None or indirect,No known permission model change,Revert file only,Documentation or legacy evidence
D,walkthroughs/safety.py,generated artifact,Cross-release / infra,No direct runtime impact,None or indirect,No known permission model change,Revert file only,Documentation or legacy evidence
D,walkthroughs/superintendent.py,generated artifact,Cross-release / infra,No direct runtime impact,None or indirect,No known permission model change,Revert file only,Documentation or legacy evidence
D,walkthroughs/walkthrough_pass.md,documentation-only,Cross-release / infra,No direct runtime impact,None or indirect,No known permission model change,Revert file only,Documentation or legacy evidence
M,wave3_family3b_backend_regression.py,generated artifact,Cross-release / infra,No direct runtime impact,None or indirect,No known permission model change,Revert file only,Documentation or legacy evidence
M,wave5_additional_tests.py,generated artifact,Cross-release / infra,No direct runtime impact,None or indirect,No known permission model change,Revert file only,Documentation or legacy evidence
M,wave5_safety_inspection.py,generated artifact,Cross-release / infra,No direct runtime impact,None or indirect,No known permission model change,Revert file only,Documentation or legacy evidence
M,wave5_safety_inspection_output.txt,generated artifact,Cross-release / infra,No direct runtime impact,None or indirect,No known permission model change,Revert file only,Documentation or legacy evidence
M,wave6_backend_test.py,test-only,Cross-release / infra,No direct runtime impact,None or indirect,No known permission model change,Revert file only,Test evidence only
M,wp11_wp12_wp13_summary.md,documentation-only,Cross-release / infra,No direct runtime impact,None or indirect,No known permission model change,Revert file only,Documentation or legacy evidence
M,wp15_final_backend_verification.py,generated artifact,Cross-release / infra,No direct runtime impact,None or indirect,No known permission model change,Revert file only,Documentation or legacy evidence
M,wp15_final_backend_verification_results_20260729_124935.json,documentation-only,Cross-release / infra,No direct runtime impact,None or indirect,No known permission model change,Revert file only,Documentation or legacy evidence
M,wp15_final_backend_verification_results_20260729_125007.json,documentation-only,Cross-release / infra,No direct runtime impact,None or indirect,No known permission model change,Revert file only,Documentation or legacy evidence
M,wp15_governance_backend_test.py,test-only,Cross-release / infra,No direct runtime impact,None or indirect,No known permission model change,Revert file only,Test evidence only
A,wp17c_generate_ledger.py,generated artifact,WP17,No direct runtime impact,None or indirect,No known permission model change,Revert file only,WP17 closeout docs + UI regression evidence
A,wp17d_batch_verification_results.md,documentation-only,WP17,No direct runtime impact,None or indirect,No known permission model change,Revert file only,WP17 closeout docs + UI regression evidence
A,wp17d_generate_ledger.py,generated artifact,WP17,No direct runtime impact,None or indirect,No known permission model change,Revert file only,WP17 closeout docs + UI regression evidence
M,wp_oppc_14_backend_test_results.json,documentation-only,Cross-release / infra,No direct runtime impact,None or indirect,No known permission model change,Revert file only,Documentation or legacy evidence
M,wp_oppc_14f_backend_test_results.json,documentation-only,Cross-release / infra,No direct runtime impact,None or indirect,No known permission model change,Revert file only,Documentation or legacy evidence
