inventory_item_id,inventory_item_type,planned_wave,route_or_item,portal,module,source_component_or_file,current_status,functional,visual,responsive,operational,human_readability,data_truth,evidence,open_issues,executive_approval,locked,status_notes
WP16-ROUTE-018,route_screen,Wave 3 — Admin,/admin/qaqc,Admin,Qaqc,frontend/src/pages/AdminQaqcList.jsx,BLOCKED_PRIOR_EVIDENCE,BLOCKED,NOT_YET_EXERCISED,NOT_YET_EXERCISED,NOT_YET_EXERCISED,NOT_YET_EXERCISED,NOT_YET_EXERCISED,See WP16_ROUTE_EXERCISE_REGISTER.md for prior evidence.,,NO,NO,Imported from prior route register classification: BLOCKED_API_FAILURE. Admin QAQC shell rendered but `/api/qaqc-inspections` returned 401.
WP16-ROUTE-019,route_screen,Wave 3 — Admin,/admin/transportation/*,Admin,Transportation,frontend/src/pages/AdminTransportation.jsx,PRIOR_EVIDENCE_EXISTS_REVERIFY_REQUIRED,PRIOR_EVIDENCE_EXISTS_REVERIFY_REQUIRED,PRIOR_EVIDENCE_EXISTS_REVERIFY_REQUIRED,PRIOR_EVIDENCE_EXISTS_REVERIFY_REQUIRED,PRIOR_EVIDENCE_EXISTS_REVERIFY_REQUIRED,PRIOR_EVIDENCE_EXISTS_REVERIFY_REQUIRED,PRIOR_EVIDENCE_EXISTS_REVERIFY_REQUIRED,See WP16_ROUTE_EXERCISE_REGISTER.md for prior evidence.,,NO,NO,Imported from prior route register classification: FULLY_EXERCISED. Admin route `/admin/transportation/*` captured under authenticated admin session.
WP16-ROUTE-021,route_screen,Wave 3 — Admin,/admin/photos,Admin,Photos,frontend/src/pages/JobPhotosLibrary.jsx,PRIOR_EVIDENCE_EXISTS_REVERIFY_REQUIRED,PRIOR_EVIDENCE_EXISTS_REVERIFY_REQUIRED,PRIOR_EVIDENCE_EXISTS_REVERIFY_REQUIRED,PRIOR_EVIDENCE_EXISTS_REVERIFY_REQUIRED,PRIOR_EVIDENCE_EXISTS_REVERIFY_REQUIRED,PRIOR_EVIDENCE_EXISTS_REVERIFY_REQUIRED,PRIOR_EVIDENCE_EXISTS_REVERIFY_REQUIRED,See WP16_ROUTE_EXERCISE_REGISTER.md for prior evidence.,,NO,NO,Imported from prior route register classification: FULLY_EXERCISED. Admin route `/admin/photos` captured under authenticated admin session.
WP16-ROUTE-082,route_screen,Wave 3 — Admin,/admin/trench-safety/excavations,Admin,Trench Safety,frontend/src/pages/trench_safety/ExcavationOversight.jsx,BLOCKED_PRIOR_EVIDENCE,BLOCKED,NOT_YET_EXERCISED,NOT_YET_EXERCISED,NOT_YET_EXERCISED,NOT_YET_EXERCISED,NOT_YET_EXERCISED,See WP16_ROUTE_EXERCISE_REGISTER.md for prior evidence.,,NO,NO,Imported from prior route register classification: BLOCKED_API_FAILURE. Admin trench excavations rendered but trench oversight endpoints returned 401.
WP16-ROUTE-090,route_screen,Wave 1 — Public Pages & Authentication,/admin/login,Admin,Login,frontend/src/pages/AdminLogin.jsx,INSPECTED_DEFECT_OPEN,DEFECT_OPEN,INSPECTED_NO_DEFECT_OBSERVED,INSPECTED_NO_DEFECT_OBSERVED,DEFECT_OPEN,INSPECTED_NO_DEFECT_OBSERVED,INSPECTED_NO_DEFECT_OBSERVED,Playwright 2026-07-30 route smoke: RESULT::route_/admin/login::PASS. Code review: frontend/src/pages/AdminLogin.jsx:96-113 and AppRoutes contains no /admin/hub route.,WP16-W1-008,NO,NO,"Wave 1 inspection found a latent redirect defect. AdminLogin still targets /admin/hub when an existing admin token is detected, but that route is not present in AppRoutes. Live page load was otherwise clean. Not certified; repair deferred."
WP16-ROUTE-091,route_screen,Wave 2 — Homepage / Dashboard,/admin,Admin,Admin,frontend/src/pages/admin/AdminOS.jsx,PRIOR_EVIDENCE_EXISTS_REVERIFY_REQUIRED,PRIOR_EVIDENCE_EXISTS_REVERIFY_REQUIRED,PRIOR_EVIDENCE_EXISTS_REVERIFY_REQUIRED,PRIOR_EVIDENCE_EXISTS_REVERIFY_REQUIRED,PRIOR_EVIDENCE_EXISTS_REVERIFY_REQUIRED,PRIOR_EVIDENCE_EXISTS_REVERIFY_REQUIRED,PRIOR_EVIDENCE_EXISTS_REVERIFY_REQUIRED,See WP16_ROUTE_EXERCISE_REGISTER.md for prior evidence.,,NO,NO,Imported from prior route register classification: FULLY_EXERCISED. Admin route `/admin` captured under authenticated admin session. Phase 4 interaction evidence: command palette opened.
WP16-ROUTE-092,redirect_route,Wave 2 — Homepage / Dashboard,/admin/hub_v1,Admin,HUB V1,Navigate,REDIRECT_BEHAVIOR_PENDING,PENDING_REDIRECT_CHECK,PENDING_REDIRECT_CHECK,PENDING_REDIRECT_CHECK,PENDING_REDIRECT_CHECK,PENDING_REDIRECT_CHECK,NOT_APPLICABLE,See WP16_ROUTE_EXERCISE_REGISTER.md for prior evidence.,,NO,NO,Imported from prior route register classification: REDIRECT_ONLY. Redirect target: /admin
WP16-ROUTE-093,redirect_route,Wave 2 — Homepage / Dashboard,/admin/hub_v2,Admin,HUB V2,Navigate,REDIRECT_BEHAVIOR_PENDING,PENDING_REDIRECT_CHECK,PENDING_REDIRECT_CHECK,PENDING_REDIRECT_CHECK,PENDING_REDIRECT_CHECK,PENDING_REDIRECT_CHECK,NOT_APPLICABLE,See WP16_ROUTE_EXERCISE_REGISTER.md for prior evidence.,,NO,NO,Imported from prior route register classification: REDIRECT_ONLY. Redirect target: /admin
WP16-ROUTE-094,route_screen,Wave 2 — Homepage / Dashboard,/admin/executive-overview,Admin,Executive Overview,frontend/src/pages/ExecutiveOverview.jsx,PRIOR_EVIDENCE_EXISTS_REVERIFY_REQUIRED,PRIOR_EVIDENCE_EXISTS_REVERIFY_REQUIRED,PRIOR_EVIDENCE_EXISTS_REVERIFY_REQUIRED,PRIOR_EVIDENCE_EXISTS_REVERIFY_REQUIRED,PRIOR_EVIDENCE_EXISTS_REVERIFY_REQUIRED,PRIOR_EVIDENCE_EXISTS_REVERIFY_REQUIRED,PRIOR_EVIDENCE_EXISTS_REVERIFY_REQUIRED,See WP16_ROUTE_EXERCISE_REGISTER.md for prior evidence.,,NO,NO,"Imported from prior route register classification: FULLY_EXERCISED. Canonical executive overview captured, including refreshed KPI state."
WP16-ROUTE-095,route_screen,Wave 3 — Admin,/admin/executive-intelligence,Admin,Executive Intelligence,frontend/src/pages/ExecutiveIntelligence.jsx,PRIOR_EVIDENCE_EXISTS_REVERIFY_REQUIRED,PRIOR_EVIDENCE_EXISTS_REVERIFY_REQUIRED,PRIOR_EVIDENCE_EXISTS_REVERIFY_REQUIRED,PRIOR_EVIDENCE_EXISTS_REVERIFY_REQUIRED,PRIOR_EVIDENCE_EXISTS_REVERIFY_REQUIRED,PRIOR_EVIDENCE_EXISTS_REVERIFY_REQUIRED,PRIOR_EVIDENCE_EXISTS_REVERIFY_REQUIRED,See WP16_ROUTE_EXERCISE_REGISTER.md for prior evidence.,,NO,NO,"Imported from prior route register classification: FULLY_EXERCISED. Executive intelligence route captured across top, middle, and lower sections."
WP16-ROUTE-096,route_screen,Wave 3 — Admin,/admin/material-ledger-quality,Admin,Material Ledger Quality,frontend/src/pages/AdminMaterialLedgerQuality.jsx,PRIOR_EVIDENCE_EXISTS_REVERIFY_REQUIRED,PRIOR_EVIDENCE_EXISTS_REVERIFY_REQUIRED,PRIOR_EVIDENCE_EXISTS_REVERIFY_REQUIRED,PRIOR_EVIDENCE_EXISTS_REVERIFY_REQUIRED,PRIOR_EVIDENCE_EXISTS_REVERIFY_REQUIRED,PRIOR_EVIDENCE_EXISTS_REVERIFY_REQUIRED,PRIOR_EVIDENCE_EXISTS_REVERIFY_REQUIRED,See WP16_ROUTE_EXERCISE_REGISTER.md for prior evidence.,,NO,NO,Imported from prior route register classification: FULLY_EXERCISED. Admin route `/admin/material-ledger-quality` captured under authenticated admin session.
WP16-ROUTE-097,route_screen,Wave 3 — Admin,/admin/people,Admin,People,frontend/src/pages/admin/AdminPeople.jsx,PRIOR_EVIDENCE_EXISTS_REVERIFY_REQUIRED,PRIOR_EVIDENCE_EXISTS_REVERIFY_REQUIRED,PRIOR_EVIDENCE_EXISTS_REVERIFY_REQUIRED,PRIOR_EVIDENCE_EXISTS_REVERIFY_REQUIRED,PRIOR_EVIDENCE_EXISTS_REVERIFY_REQUIRED,PRIOR_EVIDENCE_EXISTS_REVERIFY_REQUIRED,PRIOR_EVIDENCE_EXISTS_REVERIFY_REQUIRED,See WP16_ROUTE_EXERCISE_REGISTER.md for prior evidence.,,NO,NO,Imported from prior route register classification: FULLY_EXERCISED. Admin route `/admin/people` captured under authenticated admin session.
WP16-ROUTE-098,route_screen,Wave 3 — Admin,/admin/mfa,Admin,MFA,frontend/src/pages/admin/AdminMfa.jsx,PRIOR_EVIDENCE_EXISTS_REVERIFY_REQUIRED,PRIOR_EVIDENCE_EXISTS_REVERIFY_REQUIRED,PRIOR_EVIDENCE_EXISTS_REVERIFY_REQUIRED,PRIOR_EVIDENCE_EXISTS_REVERIFY_REQUIRED,PRIOR_EVIDENCE_EXISTS_REVERIFY_REQUIRED,PRIOR_EVIDENCE_EXISTS_REVERIFY_REQUIRED,PRIOR_EVIDENCE_EXISTS_REVERIFY_REQUIRED,See WP16_ROUTE_EXERCISE_REGISTER.md for prior evidence.,,NO,NO,Imported from prior route register classification: FULLY_EXERCISED. Admin route `/admin/mfa` captured under authenticated admin session.
WP16-ROUTE-099,route_screen,Wave 3 — Admin,/admin/promo-assets,Admin,Promo Assets,frontend/src/pages/admin/AdminPromoAssets.jsx,PRIOR_EVIDENCE_EXISTS_REVERIFY_REQUIRED,PRIOR_EVIDENCE_EXISTS_REVERIFY_REQUIRED,PRIOR_EVIDENCE_EXISTS_REVERIFY_REQUIRED,PRIOR_EVIDENCE_EXISTS_REVERIFY_REQUIRED,PRIOR_EVIDENCE_EXISTS_REVERIFY_REQUIRED,PRIOR_EVIDENCE_EXISTS_REVERIFY_REQUIRED,PRIOR_EVIDENCE_EXISTS_REVERIFY_REQUIRED,See WP16_ROUTE_EXERCISE_REGISTER.md for prior evidence.,,NO,NO,Imported from prior route register classification: FULLY_EXERCISED. Admin route `/admin/promo-assets` captured under authenticated admin session. Phase 4 interaction evidence: upload dialog opened.
WP16-ROUTE-100,route_screen,Wave 3 — Admin,/admin/jobs,Admin,Jobs,frontend/src/pages/admin/AdminJobs.jsx,PRIOR_EVIDENCE_EXISTS_REVERIFY_REQUIRED,PRIOR_EVIDENCE_EXISTS_REVERIFY_REQUIRED,PRIOR_EVIDENCE_EXISTS_REVERIFY_REQUIRED,PRIOR_EVIDENCE_EXISTS_REVERIFY_REQUIRED,PRIOR_EVIDENCE_EXISTS_REVERIFY_REQUIRED,PRIOR_EVIDENCE_EXISTS_REVERIFY_REQUIRED,PRIOR_EVIDENCE_EXISTS_REVERIFY_REQUIRED,See WP16_ROUTE_EXERCISE_REGISTER.md for prior evidence.,,NO,NO,Imported from prior route register classification: FULLY_EXERCISED. Admin route `/admin/jobs` captured under authenticated admin session.
WP16-ROUTE-101,route_screen,Wave 3 — Admin,/admin/cost-registry,Admin,Cost Registry,frontend/src/pages/admin/AdminCostRegistry.jsx,PRIOR_EVIDENCE_EXISTS_REVERIFY_REQUIRED,PRIOR_EVIDENCE_EXISTS_REVERIFY_REQUIRED,PRIOR_EVIDENCE_EXISTS_REVERIFY_REQUIRED,PRIOR_EVIDENCE_EXISTS_REVERIFY_REQUIRED,PRIOR_EVIDENCE_EXISTS_REVERIFY_REQUIRED,PRIOR_EVIDENCE_EXISTS_REVERIFY_REQUIRED,PRIOR_EVIDENCE_EXISTS_REVERIFY_REQUIRED,See WP16_ROUTE_EXERCISE_REGISTER.md for prior evidence.,,NO,NO,Imported from prior route register classification: FULLY_EXERCISED. Admin route `/admin/cost-registry` captured under authenticated admin session.
WP16-ROUTE-102,detail_screen,Wave 3 — Admin,/admin/jobs/:projectNumber/team,Admin,Jobs,frontend/src/pages/admin/AdminJobTeam.jsx,NOT_YET_EXERCISED,NOT_YET_EXERCISED,NOT_YET_EXERCISED,NOT_YET_EXERCISED,NOT_YET_EXERCISED,NOT_YET_EXERCISED,NOT_YET_EXERCISED,,,NO,NO,Imported from prior route register classification: NOT_YET_EXERCISED. —
WP16-ROUTE-103,route_screen,Wave 3 — Admin,/admin/project-staffing,Admin,Project Staffing,frontend/src/pages/admin/AdminProjectStaffing.jsx,NOT_YET_EXERCISED,NOT_YET_EXERCISED,NOT_YET_EXERCISED,NOT_YET_EXERCISED,NOT_YET_EXERCISED,NOT_YET_EXERCISED,NOT_YET_EXERCISED,,,NO,NO,Imported from prior route register classification: NOT_YET_EXERCISED. —
WP16-ROUTE-104,route_screen,Wave 3 — Admin,/admin/geofence-reconciliation,Admin,Geofence Reconciliation,frontend/src/pages/admin/AdminGeofenceReconciliation.jsx,NOT_YET_EXERCISED,NOT_YET_EXERCISED,NOT_YET_EXERCISED,NOT_YET_EXERCISED,NOT_YET_EXERCISED,NOT_YET_EXERCISED,NOT_YET_EXERCISED,,,NO,NO,Imported from prior route register classification: NOT_YET_EXERCISED. —
WP16-ROUTE-105,route_screen,Wave 2 — Homepage / Dashboard,/admin/operations-dashboard,Admin,Operations Dashboard,frontend/src/pages/admin/AdminOperationsDashboard.jsx,NOT_YET_EXERCISED,NOT_YET_EXERCISED,NOT_YET_EXERCISED,NOT_YET_EXERCISED,NOT_YET_EXERCISED,NOT_YET_EXERCISED,NOT_YET_EXERCISED,,,NO,NO,Imported from prior route register classification: NOT_YET_EXERCISED. —
WP16-ROUTE-106,route_screen,Wave 3 — Admin,/admin/operations-control,Admin,Operations Control,frontend/src/pages/OperationsControlCenter.jsx,NOT_YET_EXERCISED,NOT_YET_EXERCISED,NOT_YET_EXERCISED,NOT_YET_EXERCISED,NOT_YET_EXERCISED,NOT_YET_EXERCISED,NOT_YET_EXERCISED,,,NO,NO,Imported from prior route register classification: NOT_YET_EXERCISED. —
WP16-ROUTE-107,detail_screen,Wave 3 — Admin,/admin/operations-control/cases/:caseId,Admin,Operations Control,frontend/src/pages/OperationsControlCaseDetail.jsx,NOT_YET_EXERCISED,NOT_YET_EXERCISED,NOT_YET_EXERCISED,NOT_YET_EXERCISED,NOT_YET_EXERCISED,NOT_YET_EXERCISED,NOT_YET_EXERCISED,,,NO,NO,Imported from prior route register classification: NOT_YET_EXERCISED. —
WP16-ROUTE-108,route_screen,Wave 9 — Jobs & Field Operations,/operations-control/cases,Admin,Cases,frontend/src/pages/OperationsControlCasesRoute.jsx,NOT_YET_EXERCISED,NOT_YET_EXERCISED,NOT_YET_EXERCISED,NOT_YET_EXERCISED,NOT_YET_EXERCISED,NOT_YET_EXERCISED,NOT_YET_EXERCISED,,,NO,NO,Imported from prior route register classification: NOT_YET_EXERCISED. —
WP16-ROUTE-109,detail_screen,Wave 9 — Jobs & Field Operations,/operations-control/cases/:caseId,Admin,Cases,frontend/src/pages/OperationsControlCaseDetail.jsx,NOT_YET_EXERCISED,NOT_YET_EXERCISED,NOT_YET_EXERCISED,NOT_YET_EXERCISED,NOT_YET_EXERCISED,NOT_YET_EXERCISED,NOT_YET_EXERCISED,,,NO,NO,Imported from prior route register classification: NOT_YET_EXERCISED. —
WP16-ROUTE-110,route_screen,Wave 3 — Admin,/admin/asset-mapping,Admin,Asset Mapping,frontend/src/pages/admin/AdminAssetMapping.jsx,NOT_YET_EXERCISED,NOT_YET_EXERCISED,NOT_YET_EXERCISED,NOT_YET_EXERCISED,NOT_YET_EXERCISED,NOT_YET_EXERCISED,NOT_YET_EXERCISED,,,NO,NO,Imported from prior route register classification: NOT_YET_EXERCISED. —
WP16-ROUTE-111,route_screen,Wave 3 — Admin,/admin/asset-spine,Admin,Asset Spine,frontend/src/pages/admin/AdminAssetSpineHealth.jsx,NOT_YET_EXERCISED,NOT_YET_EXERCISED,NOT_YET_EXERCISED,NOT_YET_EXERCISED,NOT_YET_EXERCISED,NOT_YET_EXERCISED,NOT_YET_EXERCISED,,,NO,NO,Imported from prior route register classification: NOT_YET_EXERCISED. —
WP16-ROUTE-112,route_screen,Wave 3 — Admin,/admin/equipment,Admin,Equipment,frontend/src/pages/admin/AdminEquipment.jsx,BLOCKED_PRIOR_EVIDENCE,BLOCKED,NOT_YET_EXERCISED,NOT_YET_EXERCISED,NOT_YET_EXERCISED,NOT_YET_EXERCISED,NOT_YET_EXERCISED,See WP16_ROUTE_EXERCISE_REGISTER.md for prior evidence.,,NO,NO,Imported from prior route register classification: BLOCKED_API_FAILURE. Admin equipment board rendered but equipment-status endpoints returned 401.
WP16-ROUTE-113,route_screen,Wave 3 — Admin,/admin/email,Admin,Email,frontend/src/pages/admin/AdminEmail.jsx,NOT_YET_EXERCISED,NOT_YET_EXERCISED,NOT_YET_EXERCISED,NOT_YET_EXERCISED,NOT_YET_EXERCISED,NOT_YET_EXERCISED,NOT_YET_EXERCISED,,,NO,NO,Imported from prior route register classification: NOT_YET_EXERCISED. —
WP16-ROUTE-114,route_screen,Wave 3 — Admin,/admin/training,Admin,Training,frontend/src/pages/admin/AdminTraining.jsx,NOT_YET_EXERCISED,NOT_YET_EXERCISED,NOT_YET_EXERCISED,NOT_YET_EXERCISED,NOT_YET_EXERCISED,NOT_YET_EXERCISED,NOT_YET_EXERCISED,,,NO,NO,Imported from prior route register classification: NOT_YET_EXERCISED. —
WP16-ROUTE-115,route_screen,Wave 3 — Admin,/admin/compliance,Admin,Compliance,frontend/src/pages/admin/AdminCompliance.jsx,NOT_YET_EXERCISED,NOT_YET_EXERCISED,NOT_YET_EXERCISED,NOT_YET_EXERCISED,NOT_YET_EXERCISED,NOT_YET_EXERCISED,NOT_YET_EXERCISED,,,NO,NO,Imported from prior route register classification: NOT_YET_EXERCISED. —
WP16-ROUTE-116,route_screen,Wave 3 — Admin,/admin/system,Admin,System,frontend/src/pages/admin/AdminSystem.jsx,NOT_YET_EXERCISED,NOT_YET_EXERCISED,NOT_YET_EXERCISED,NOT_YET_EXERCISED,NOT_YET_EXERCISED,NOT_YET_EXERCISED,NOT_YET_EXERCISED,,,NO,NO,Imported from prior route register classification: NOT_YET_EXERCISED. —
WP16-ROUTE-117,route_screen,Wave 3 — Admin,/admin/ai-configuration,Admin,AI Configuration,frontend/src/pages/admin/AdminAIConfiguration.jsx,NOT_YET_EXERCISED,NOT_YET_EXERCISED,NOT_YET_EXERCISED,NOT_YET_EXERCISED,NOT_YET_EXERCISED,NOT_YET_EXERCISED,NOT_YET_EXERCISED,,,NO,NO,Imported from prior route register classification: NOT_YET_EXERCISED. —
WP16-ROUTE-118,route_screen,Wave 3 — Admin,/admin/integration-truth,Admin,Integration Truth,frontend/src/pages/admin/IntegrationTruth.jsx,NOT_YET_EXERCISED,NOT_YET_EXERCISED,NOT_YET_EXERCISED,NOT_YET_EXERCISED,NOT_YET_EXERCISED,NOT_YET_EXERCISED,NOT_YET_EXERCISED,,,NO,NO,Imported from prior route register classification: NOT_YET_EXERCISED. —
WP16-ROUTE-119,route_screen,Wave 3 — Admin,/admin/preview-validation-identities,Admin,Preview Validation Identities,frontend/src/pages/admin/PreviewValidationIdentities.jsx,NOT_YET_EXERCISED,NOT_YET_EXERCISED,NOT_YET_EXERCISED,NOT_YET_EXERCISED,NOT_YET_EXERCISED,NOT_YET_EXERCISED,NOT_YET_EXERCISED,,,NO,NO,Imported from prior route register classification: NOT_YET_EXERCISED. —
WP16-ROUTE-120,route_screen,Wave 3 — Admin,/admin/recovery,Admin,Recovery,frontend/src/pages/admin/AdminRecovery.jsx,NOT_YET_EXERCISED,NOT_YET_EXERCISED,NOT_YET_EXERCISED,NOT_YET_EXERCISED,NOT_YET_EXERCISED,NOT_YET_EXERCISED,NOT_YET_EXERCISED,,,NO,NO,Imported from prior route register classification: NOT_YET_EXERCISED. —
WP16-ROUTE-121,route_screen,Wave 3 — Admin,/admin/storage-recovery,Admin,Storage Recovery,frontend/src/pages/admin/AdminStorageRecovery.jsx,NOT_YET_EXERCISED,NOT_YET_EXERCISED,NOT_YET_EXERCISED,NOT_YET_EXERCISED,NOT_YET_EXERCISED,NOT_YET_EXERCISED,NOT_YET_EXERCISED,,,NO,NO,Imported from prior route register classification: NOT_YET_EXERCISED. —
WP16-ROUTE-122,route_screen,Wave 3 — Admin,/admin/ai-operations,Admin,AI Operations,frontend/src/pages/admin/AdminAiOperations.jsx,NOT_YET_EXERCISED,NOT_YET_EXERCISED,NOT_YET_EXERCISED,NOT_YET_EXERCISED,NOT_YET_EXERCISED,NOT_YET_EXERCISED,NOT_YET_EXERCISED,,,NO,NO,Imported from prior route register classification: NOT_YET_EXERCISED. —
WP16-ROUTE-123,route_screen,Wave 3 — Admin,/admin/communications,Admin,Communications,frontend/src/pages/admin/AdminCommunications.jsx,NOT_YET_EXERCISED,NOT_YET_EXERCISED,NOT_YET_EXERCISED,NOT_YET_EXERCISED,NOT_YET_EXERCISED,NOT_YET_EXERCISED,NOT_YET_EXERCISED,,,NO,NO,Imported from prior route register classification: NOT_YET_EXERCISED. —
WP16-ROUTE-124,route_screen,Wave 3 — Admin,/admin/identity-security,Admin,Identity Security,frontend/src/pages/admin/AdminIdentitySecurity.jsx,NOT_YET_EXERCISED,NOT_YET_EXERCISED,NOT_YET_EXERCISED,NOT_YET_EXERCISED,NOT_YET_EXERCISED,NOT_YET_EXERCISED,NOT_YET_EXERCISED,,,NO,NO,Imported from prior route register classification: NOT_YET_EXERCISED. —
WP16-ROUTE-125,route_screen,Wave 3 — Admin,/admin/trust-spine,Admin,Trust Spine,frontend/src/components/PlatformTrustDashboard.jsx,NOT_YET_EXERCISED,NOT_YET_EXERCISED,NOT_YET_EXERCISED,NOT_YET_EXERCISED,NOT_YET_EXERCISED,NOT_YET_EXERCISED,NOT_YET_EXERCISED,,,NO,NO,Imported from prior route register classification: NOT_YET_EXERCISED. —
WP16-ROUTE-126,route_screen,Wave 3 — Admin,/admin/governance-trust,Admin,Governance Trust,frontend/src/pages/admin/AdminGovernanceTrust.jsx,NOT_YET_EXERCISED,NOT_YET_EXERCISED,NOT_YET_EXERCISED,NOT_YET_EXERCISED,NOT_YET_EXERCISED,NOT_YET_EXERCISED,NOT_YET_EXERCISED,,,NO,NO,Imported from prior route register classification: NOT_YET_EXERCISED. —
WP16-ROUTE-127,route_screen,Wave 3 — Admin,/admin/platform-configuration,Admin,Platform Configuration,frontend/src/pages/admin/AdminPlatformConfiguration.jsx,NOT_YET_EXERCISED,NOT_YET_EXERCISED,NOT_YET_EXERCISED,NOT_YET_EXERCISED,NOT_YET_EXERCISED,NOT_YET_EXERCISED,NOT_YET_EXERCISED,,,NO,NO,Imported from prior route register classification: NOT_YET_EXERCISED. —
WP16-ROUTE-128,route_screen,Wave 3 — Admin,/admin/diagnostics,Admin,Diagnostics,frontend/src/pages/admin/AdminDiagnostics.jsx,NOT_YET_EXERCISED,NOT_YET_EXERCISED,NOT_YET_EXERCISED,NOT_YET_EXERCISED,NOT_YET_EXERCISED,NOT_YET_EXERCISED,NOT_YET_EXERCISED,,,NO,NO,Imported from prior route register classification: NOT_YET_EXERCISED. —
WP16-ROUTE-129,route_screen,Wave 3 — Admin,/admin/maintenance,Admin,Maintenance,frontend/src/pages/admin/AdminMaintenance.jsx,NOT_YET_EXERCISED,NOT_YET_EXERCISED,NOT_YET_EXERCISED,NOT_YET_EXERCISED,NOT_YET_EXERCISED,NOT_YET_EXERCISED,NOT_YET_EXERCISED,,,NO,NO,Imported from prior route register classification: NOT_YET_EXERCISED. —
WP16-ROUTE-130,route_screen,Wave 2 — Homepage / Dashboard,/admin/platform-overview,Admin,Platform Overview,frontend/src/pages/admin/AdminPlatformOverview.jsx,NOT_YET_EXERCISED,NOT_YET_EXERCISED,NOT_YET_EXERCISED,NOT_YET_EXERCISED,NOT_YET_EXERCISED,NOT_YET_EXERCISED,NOT_YET_EXERCISED,,,NO,NO,Imported from prior route register classification: NOT_YET_EXERCISED. —
WP16-ROUTE-131,route_screen,Wave 3 — Admin,/admin/recovery-stream,Admin,Recovery Stream,frontend/src/pages/admin/AdminRecoveryStream.jsx,NOT_YET_EXERCISED,NOT_YET_EXERCISED,NOT_YET_EXERCISED,NOT_YET_EXERCISED,NOT_YET_EXERCISED,NOT_YET_EXERCISED,NOT_YET_EXERCISED,,,NO,NO,Imported from prior route register classification: NOT_YET_EXERCISED. —
WP16-ROUTE-132,route_screen,Wave 3 — Admin,/admin/jha-acknowledgements,Admin,JHA Acknowledgements,frontend/src/pages/admin/AdminJhaAcknowledgements.jsx,NOT_YET_EXERCISED,NOT_YET_EXERCISED,NOT_YET_EXERCISED,NOT_YET_EXERCISED,NOT_YET_EXERCISED,NOT_YET_EXERCISED,NOT_YET_EXERCISED,,,NO,NO,Imported from prior route register classification: NOT_YET_EXERCISED. —
WP16-ROUTE-133,route_screen,Wave 3 — Admin,/admin/command-center,Admin,Command Center,frontend/src/pages/admin/AdminCommandCenter.jsx,NOT_YET_EXERCISED,NOT_YET_EXERCISED,NOT_YET_EXERCISED,NOT_YET_EXERCISED,NOT_YET_EXERCISED,NOT_YET_EXERCISED,NOT_YET_EXERCISED,,,NO,NO,Imported from prior route register classification: NOT_YET_EXERCISED. —
WP16-ROUTE-134,route_screen,Wave 3 — Admin,/admin/database,Admin,Database,frontend/src/pages/admin/AdminDatabase.jsx,NOT_YET_EXERCISED,NOT_YET_EXERCISED,NOT_YET_EXERCISED,NOT_YET_EXERCISED,NOT_YET_EXERCISED,NOT_YET_EXERCISED,NOT_YET_EXERCISED,,,NO,NO,Imported from prior route register classification: NOT_YET_EXERCISED. —
WP16-ROUTE-135,route_screen,Wave 3 — Admin,/admin/integrations,Admin,Integrations,frontend/src/pages/admin/AdminIntegrationCenter.jsx,NOT_YET_EXERCISED,NOT_YET_EXERCISED,NOT_YET_EXERCISED,NOT_YET_EXERCISED,NOT_YET_EXERCISED,NOT_YET_EXERCISED,NOT_YET_EXERCISED,,,NO,NO,Imported from prior route register classification: NOT_YET_EXERCISED. —
WP16-ROUTE-136,route_screen,Wave 3 — Admin,/admin/dispatch,Admin,Dispatch,frontend/src/pages/admin/AdminDispatch.jsx,PRIOR_EVIDENCE_EXISTS_REVERIFY_REQUIRED,PRIOR_EVIDENCE_EXISTS_REVERIFY_REQUIRED,PRIOR_EVIDENCE_EXISTS_REVERIFY_REQUIRED,PRIOR_EVIDENCE_EXISTS_REVERIFY_REQUIRED,PRIOR_EVIDENCE_EXISTS_REVERIFY_REQUIRED,PRIOR_EVIDENCE_EXISTS_REVERIFY_REQUIRED,PRIOR_EVIDENCE_EXISTS_REVERIFY_REQUIRED,See WP16_ROUTE_EXERCISE_REGISTER.md for prior evidence.,,NO,NO,Imported from prior route register classification: FULLY_EXERCISED. Admin route `/admin/dispatch` captured under authenticated admin session. Phase 4 interaction evidence: transfer and hold dialogs captured.
WP16-ROUTE-137,route_screen,Wave 3 — Admin,/admin/dls/shift-qr,Admin,DLS,frontend/src/pages/admin/AdminDlsShiftQR.jsx,NOT_YET_EXERCISED,NOT_YET_EXERCISED,NOT_YET_EXERCISED,NOT_YET_EXERCISED,NOT_YET_EXERCISED,NOT_YET_EXERCISED,NOT_YET_EXERCISED,,,NO,NO,Imported from prior route register classification: NOT_YET_EXERCISED. —
WP16-ROUTE-138,route_screen,Wave 3 — Admin,/admin/dls/day-1-debrief,Admin,DLS,frontend/src/pages/admin/AdminDlsDay1Debrief.jsx,NOT_YET_EXERCISED,NOT_YET_EXERCISED,NOT_YET_EXERCISED,NOT_YET_EXERCISED,NOT_YET_EXERCISED,NOT_YET_EXERCISED,NOT_YET_EXERCISED,,,NO,NO,Imported from prior route register classification: NOT_YET_EXERCISED. —
WP16-ROUTE-139,route_screen,Wave 3 — Admin,/admin/dls/week-1-debrief,Admin,DLS,frontend/src/pages/admin/AdminDlsDay1Debrief.jsx,NOT_YET_EXERCISED,NOT_YET_EXERCISED,NOT_YET_EXERCISED,NOT_YET_EXERCISED,NOT_YET_EXERCISED,NOT_YET_EXERCISED,NOT_YET_EXERCISED,,,NO,NO,Imported from prior route register classification: NOT_YET_EXERCISED. —
WP16-ROUTE-140,route_screen,Wave 3 — Admin,/admin/profile,Admin,Profile,frontend/src/pages/admin/AdminProfile.jsx,NOT_YET_EXERCISED,NOT_YET_EXERCISED,NOT_YET_EXERCISED,NOT_YET_EXERCISED,NOT_YET_EXERCISED,NOT_YET_EXERCISED,NOT_YET_EXERCISED,,,NO,NO,Imported from prior route register classification: NOT_YET_EXERCISED. —
WP16-ROUTE-141,route_screen,Wave 3 — Admin,/admin/operations-events,Admin,Operations Events,frontend/src/pages/admin/AdminOperationsEvents.jsx,NOT_YET_EXERCISED,NOT_YET_EXERCISED,NOT_YET_EXERCISED,NOT_YET_EXERCISED,NOT_YET_EXERCISED,NOT_YET_EXERCISED,NOT_YET_EXERCISED,,,NO,NO,Imported from prior route register classification: NOT_YET_EXERCISED. —
WP16-ROUTE-142,route_screen,Wave 3 — Admin,/admin/digest-config,Admin,Digest Config,frontend/src/pages/admin/AdminDigestConfig.jsx,NOT_YET_EXERCISED,NOT_YET_EXERCISED,NOT_YET_EXERCISED,NOT_YET_EXERCISED,NOT_YET_EXERCISED,NOT_YET_EXERCISED,NOT_YET_EXERCISED,,,NO,NO,Imported from prior route register classification: NOT_YET_EXERCISED. —
WP16-ROUTE-143,route_screen,Wave 3 — Admin,/admin/operational-intelligence,Admin,Operational Intelligence,frontend/src/pages/admin/AdminOperationalIntelligence.jsx,PRIOR_EVIDENCE_EXISTS_REVERIFY_REQUIRED,PRIOR_EVIDENCE_EXISTS_REVERIFY_REQUIRED,PRIOR_EVIDENCE_EXISTS_REVERIFY_REQUIRED,PRIOR_EVIDENCE_EXISTS_REVERIFY_REQUIRED,PRIOR_EVIDENCE_EXISTS_REVERIFY_REQUIRED,PRIOR_EVIDENCE_EXISTS_REVERIFY_REQUIRED,PRIOR_EVIDENCE_EXISTS_REVERIFY_REQUIRED,See WP16_ROUTE_EXERCISE_REGISTER.md for prior evidence.,,NO,NO,Imported from prior route register classification: FULLY_EXERCISED. Admin route `/admin/operational-intelligence` captured under authenticated admin session.
WP16-ROUTE-144,route_screen,Wave 3 — Admin,/admin/operational-intelligence/recipients,Admin,Operational Intelligence,frontend/src/pages/admin/AdminOperationalIntelligenceRecipients.jsx,NOT_YET_EXERCISED,NOT_YET_EXERCISED,NOT_YET_EXERCISED,NOT_YET_EXERCISED,NOT_YET_EXERCISED,NOT_YET_EXERCISED,NOT_YET_EXERCISED,,,NO,NO,Imported from prior route register classification: NOT_YET_EXERCISED. —
WP16-ROUTE-145,route_screen,Wave 3 — Admin,/admin/system-health,Admin,System Health,frontend/src/pages/admin/SystemHealth.jsx,NOT_YET_EXERCISED,NOT_YET_EXERCISED,NOT_YET_EXERCISED,NOT_YET_EXERCISED,NOT_YET_EXERCISED,NOT_YET_EXERCISED,NOT_YET_EXERCISED,,,NO,NO,Imported from prior route register classification: NOT_YET_EXERCISED. —
WP16-ROUTE-146,route_screen,Wave 3 — Admin,/admin/audit-log,Admin,Audit LOG,frontend/src/pages/admin/AdminAuditLog.jsx,NOT_YET_EXERCISED,NOT_YET_EXERCISED,NOT_YET_EXERCISED,NOT_YET_EXERCISED,NOT_YET_EXERCISED,NOT_YET_EXERCISED,NOT_YET_EXERCISED,,,NO,NO,Imported from prior route register classification: NOT_YET_EXERCISED. —
WP16-ROUTE-147,route_screen,Wave 3 — Admin,/admin/scheduler-runs,Admin,Scheduler Runs,frontend/src/pages/AdminSchedulerRuns.jsx,NOT_YET_EXERCISED,NOT_YET_EXERCISED,NOT_YET_EXERCISED,NOT_YET_EXERCISED,NOT_YET_EXERCISED,NOT_YET_EXERCISED,NOT_YET_EXERCISED,,,NO,NO,Imported from prior route register classification: NOT_YET_EXERCISED. —
WP16-ROUTE-148,route_screen,Wave 3 — Admin,/admin/legacy-imports,Admin,Legacy Imports,frontend/src/pages/AdminLegacyImports.jsx,NOT_YET_EXERCISED,NOT_YET_EXERCISED,NOT_YET_EXERCISED,NOT_YET_EXERCISED,NOT_YET_EXERCISED,NOT_YET_EXERCISED,NOT_YET_EXERCISED,,,NO,NO,Imported from prior route register classification: NOT_YET_EXERCISED. —
WP16-ROUTE-149,route_screen,Wave 3 — Admin,/admin/sessions,Admin,Sessions,frontend/src/pages/admin/AdminSessions.jsx,NOT_YET_EXERCISED,NOT_YET_EXERCISED,NOT_YET_EXERCISED,NOT_YET_EXERCISED,NOT_YET_EXERCISED,NOT_YET_EXERCISED,NOT_YET_EXERCISED,,,NO,NO,Imported from prior route register classification: NOT_YET_EXERCISED. —
WP16-ROUTE-150,route_screen,Wave 3 — Admin,/admin/guidance-coverage,Admin,Guidance Coverage,frontend/src/pages/admin/AdminGuidanceCoverage.jsx,NOT_YET_EXERCISED,NOT_YET_EXERCISED,NOT_YET_EXERCISED,NOT_YET_EXERCISED,NOT_YET_EXERCISED,NOT_YET_EXERCISED,NOT_YET_EXERCISED,,,NO,NO,Imported from prior route register classification: NOT_YET_EXERCISED. —
WP16-ROUTE-151,route_screen,Wave 3 — Admin,/admin/operational-inventory,Admin,Operational Inventory,frontend/src/pages/admin/AdminOperationalInventory.jsx,NOT_YET_EXERCISED,NOT_YET_EXERCISED,NOT_YET_EXERCISED,NOT_YET_EXERCISED,NOT_YET_EXERCISED,NOT_YET_EXERCISED,NOT_YET_EXERCISED,,,NO,NO,Imported from prior route register classification: NOT_YET_EXERCISED. —
WP16-ROUTE-153,route_screen,Wave 3 — Admin,/admin/governance,Admin,Governance,frontend/src/pages/admin/AdminGovernanceOperatingSystem.jsx,PRIOR_EVIDENCE_EXISTS_REVERIFY_REQUIRED,PRIOR_EVIDENCE_EXISTS_REVERIFY_REQUIRED,PRIOR_EVIDENCE_EXISTS_REVERIFY_REQUIRED,PRIOR_EVIDENCE_EXISTS_REVERIFY_REQUIRED,PRIOR_EVIDENCE_EXISTS_REVERIFY_REQUIRED,PRIOR_EVIDENCE_EXISTS_REVERIFY_REQUIRED,PRIOR_EVIDENCE_EXISTS_REVERIFY_REQUIRED,See WP16_ROUTE_EXERCISE_REGISTER.md for prior evidence.,,NO,NO,Imported from prior route register classification: FULLY_EXERCISED. —
WP16-ROUTE-154,route_screen,Wave 3 — Admin,/admin/governance/overview,Admin,Governance,frontend/src/pages/admin/AdminGovernanceOperatingSystem.jsx,NOT_YET_EXERCISED,NOT_YET_EXERCISED,NOT_YET_EXERCISED,NOT_YET_EXERCISED,NOT_YET_EXERCISED,NOT_YET_EXERCISED,NOT_YET_EXERCISED,,,NO,NO,Imported from prior route register classification: NOT_YET_EXERCISED. —
WP16-ROUTE-155,route_screen,Wave 3 — Admin,/admin/governance/organization,Admin,Governance,frontend/src/pages/admin/AdminGovernanceSectionRoutes.jsx#AdminGovernanceOrganizationPage,NOT_YET_EXERCISED,NOT_YET_EXERCISED,NOT_YET_EXERCISED,NOT_YET_EXERCISED,NOT_YET_EXERCISED,NOT_YET_EXERCISED,NOT_YET_EXERCISED,,,NO,NO,Imported from prior route register classification: NOT_YET_EXERCISED. —
WP16-ROUTE-156,route_screen,Wave 3 — Admin,/admin/governance/identities,Admin,Governance,frontend/src/pages/admin/AdminGovernanceSectionRoutes.jsx#AdminGovernanceIdentitiesPage,NOT_YET_EXERCISED,NOT_YET_EXERCISED,NOT_YET_EXERCISED,NOT_YET_EXERCISED,NOT_YET_EXERCISED,NOT_YET_EXERCISED,NOT_YET_EXERCISED,,,NO,NO,Imported from prior route register classification: NOT_YET_EXERCISED. —
WP16-ROUTE-157,route_screen,Wave 3 — Admin,/admin/governance/roles,Admin,Governance,frontend/src/pages/admin/AdminGovernanceSectionRoutes.jsx#AdminGovernanceRolesPage,NOT_YET_EXERCISED,NOT_YET_EXERCISED,NOT_YET_EXERCISED,NOT_YET_EXERCISED,NOT_YET_EXERCISED,NOT_YET_EXERCISED,NOT_YET_EXERCISED,,,NO,NO,Imported from prior route register classification: NOT_YET_EXERCISED. —
WP16-ROUTE-158,route_screen,Wave 3 — Admin,/admin/governance/permissions,Admin,Governance,frontend/src/pages/admin/AdminGovernanceSectionRoutes.jsx#AdminGovernancePermissionsPage,NOT_YET_EXERCISED,NOT_YET_EXERCISED,NOT_YET_EXERCISED,NOT_YET_EXERCISED,NOT_YET_EXERCISED,NOT_YET_EXERCISED,NOT_YET_EXERCISED,,,NO,NO,Imported from prior route register classification: NOT_YET_EXERCISED. —
WP16-ROUTE-159,route_screen,Wave 3 — Admin,/admin/governance/policies,Admin,Governance,frontend/src/pages/admin/AdminGovernanceSectionRoutes.jsx#AdminGovernancePoliciesPage,NOT_YET_EXERCISED,NOT_YET_EXERCISED,NOT_YET_EXERCISED,NOT_YET_EXERCISED,NOT_YET_EXERCISED,NOT_YET_EXERCISED,NOT_YET_EXERCISED,,,NO,NO,Imported from prior route register classification: NOT_YET_EXERCISED. —
WP16-ROUTE-160,route_screen,Wave 3 — Admin,/admin/governance/approval-flows,Admin,Governance,frontend/src/pages/admin/AdminGovernanceSectionRoutes.jsx#AdminGovernanceApprovalFlowsPage,NOT_YET_EXERCISED,NOT_YET_EXERCISED,NOT_YET_EXERCISED,NOT_YET_EXERCISED,NOT_YET_EXERCISED,NOT_YET_EXERCISED,NOT_YET_EXERCISED,,,NO,NO,Imported from prior route register classification: NOT_YET_EXERCISED. —
WP16-ROUTE-161,route_screen,Wave 3 — Admin,/admin/governance/delegations,Admin,Governance,frontend/src/pages/admin/AdminGovernanceSectionRoutes.jsx#AdminGovernanceDelegationsPage,NOT_YET_EXERCISED,NOT_YET_EXERCISED,NOT_YET_EXERCISED,NOT_YET_EXERCISED,NOT_YET_EXERCISED,NOT_YET_EXERCISED,NOT_YET_EXERCISED,,,NO,NO,Imported from prior route register classification: NOT_YET_EXERCISED. —
WP16-ROUTE-162,route_screen,Wave 3 — Admin,/admin/governance/separation-of-duties,Admin,Governance,frontend/src/pages/admin/AdminGovernanceSectionRoutes.jsx#AdminGovernanceSodPage,NOT_YET_EXERCISED,NOT_YET_EXERCISED,NOT_YET_EXERCISED,NOT_YET_EXERCISED,NOT_YET_EXERCISED,NOT_YET_EXERCISED,NOT_YET_EXERCISED,,,NO,NO,Imported from prior route register classification: NOT_YET_EXERCISED. —
WP16-ROUTE-163,route_screen,Wave 3 — Admin,/admin/governance/authority,Admin,Governance,frontend/src/pages/admin/AdminGovernanceSectionRoutes.jsx#AdminGovernanceAuthorityPage,NOT_YET_EXERCISED,NOT_YET_EXERCISED,NOT_YET_EXERCISED,NOT_YET_EXERCISED,NOT_YET_EXERCISED,NOT_YET_EXERCISED,NOT_YET_EXERCISED,,,NO,NO,Imported from prior route register classification: NOT_YET_EXERCISED. —
WP16-ROUTE-164,route_screen,Wave 3 — Admin,/admin/governance/emergency-overrides,Admin,Governance,frontend/src/pages/admin/AdminGovernanceSectionRoutes.jsx#AdminGovernanceOverridesPage,NOT_YET_EXERCISED,NOT_YET_EXERCISED,NOT_YET_EXERCISED,NOT_YET_EXERCISED,NOT_YET_EXERCISED,NOT_YET_EXERCISED,NOT_YET_EXERCISED,,,NO,NO,Imported from prior route register classification: NOT_YET_EXERCISED. —
WP16-ROUTE-165,route_screen,Wave 3 — Admin,/admin/governance/decisions,Admin,Governance,frontend/src/pages/admin/AdminGovernanceSectionRoutes.jsx#AdminGovernanceDecisionsPage,NOT_YET_EXERCISED,NOT_YET_EXERCISED,NOT_YET_EXERCISED,NOT_YET_EXERCISED,NOT_YET_EXERCISED,NOT_YET_EXERCISED,NOT_YET_EXERCISED,,,NO,NO,Imported from prior route register classification: NOT_YET_EXERCISED. —
WP16-ROUTE-166,route_screen,Wave 3 — Admin,/admin/governance/audit,Admin,Governance,frontend/src/pages/admin/AdminGovernanceSectionRoutes.jsx#AdminGovernanceAuditPage,NOT_YET_EXERCISED,NOT_YET_EXERCISED,NOT_YET_EXERCISED,NOT_YET_EXERCISED,NOT_YET_EXERCISED,NOT_YET_EXERCISED,NOT_YET_EXERCISED,,,NO,NO,Imported from prior route register classification: NOT_YET_EXERCISED. —
WP16-ROUTE-167,route_screen,Wave 3 — Admin,/admin/governance/registry,Admin,Governance,frontend/src/pages/admin/AdminGovernanceRegistryPage.jsx,NOT_YET_EXERCISED,NOT_YET_EXERCISED,NOT_YET_EXERCISED,NOT_YET_EXERCISED,NOT_YET_EXERCISED,NOT_YET_EXERCISED,NOT_YET_EXERCISED,,,NO,NO,Imported from prior route register classification: NOT_YET_EXERCISED. —
WP16-ROUTE-168,route_screen,Wave 3 — Admin,/admin/governance/versions,Admin,Governance,frontend/src/pages/admin/AdminGovernanceSectionRoutes.jsx#AdminGovernanceVersionsPage,NOT_YET_EXERCISED,NOT_YET_EXERCISED,NOT_YET_EXERCISED,NOT_YET_EXERCISED,NOT_YET_EXERCISED,NOT_YET_EXERCISED,NOT_YET_EXERCISED,,,NO,NO,Imported from prior route register classification: NOT_YET_EXERCISED. —
WP16-ROUTE-169,route_screen,Wave 3 — Admin,/admin/governance/health,Admin,Governance,frontend/src/pages/admin/AdminGovernanceSectionRoutes.jsx#AdminGovernanceHealthPage,NOT_YET_EXERCISED,NOT_YET_EXERCISED,NOT_YET_EXERCISED,NOT_YET_EXERCISED,NOT_YET_EXERCISED,NOT_YET_EXERCISED,NOT_YET_EXERCISED,,,NO,NO,Imported from prior route register classification: NOT_YET_EXERCISED. —
WP16-ROUTE-170,route_screen,Wave 3 — Admin,/admin/governance/legacy-health,Admin,Governance,frontend/src/pages/admin/AdminGovernance.jsx,NOT_YET_EXERCISED,NOT_YET_EXERCISED,NOT_YET_EXERCISED,NOT_YET_EXERCISED,NOT_YET_EXERCISED,NOT_YET_EXERCISED,NOT_YET_EXERCISED,,,NO,NO,Imported from prior route register classification: NOT_YET_EXERCISED. —
WP16-ROUTE-171,route_screen,Wave 3 — Admin,/admin/project-identity,Admin,Project Identity,frontend/src/pages/admin/AdminProjectIdentityGovernance.jsx,NOT_YET_EXERCISED,NOT_YET_EXERCISED,NOT_YET_EXERCISED,NOT_YET_EXERCISED,NOT_YET_EXERCISED,NOT_YET_EXERCISED,NOT_YET_EXERCISED,,,NO,NO,Imported from prior route register classification: NOT_YET_EXERCISED. —
WP16-ROUTE-172,route_screen,Wave 3 — Admin,/admin/governance/self-protection,Admin,Governance,frontend/src/pages/admin/SelfProtection.jsx,NOT_YET_EXERCISED,NOT_YET_EXERCISED,NOT_YET_EXERCISED,NOT_YET_EXERCISED,NOT_YET_EXERCISED,NOT_YET_EXERCISED,NOT_YET_EXERCISED,,,NO,NO,Imported from prior route register classification: NOT_YET_EXERCISED. —
WP16-ROUTE-173,route_screen,Wave 3 — Admin,/admin/compliance-findings,Admin,Compliance Findings,frontend/src/pages/admin/AdminComplianceFindings.jsx,NOT_YET_EXERCISED,NOT_YET_EXERCISED,NOT_YET_EXERCISED,NOT_YET_EXERCISED,NOT_YET_EXERCISED,NOT_YET_EXERCISED,NOT_YET_EXERCISED,,,NO,NO,Imported from prior route register classification: NOT_YET_EXERCISED. —
WP16-ROUTE-174,route_screen,Wave 3 — Admin,/admin/operational-language,Admin,Operational Language,frontend/src/pages/admin/AdminOperationalLanguage.jsx,NOT_YET_EXERCISED,NOT_YET_EXERCISED,NOT_YET_EXERCISED,NOT_YET_EXERCISED,NOT_YET_EXERCISED,NOT_YET_EXERCISED,NOT_YET_EXERCISED,,,NO,NO,Imported from prior route register classification: NOT_YET_EXERCISED. —
WP16-ROUTE-178,route_screen,Wave 3 — Admin,/admin/deploy-recovery,Admin,Deploy Recovery,frontend/src/pages/admin/DeployRecovery.jsx,NOT_YET_EXERCISED,NOT_YET_EXERCISED,NOT_YET_EXERCISED,NOT_YET_EXERCISED,NOT_YET_EXERCISED,NOT_YET_EXERCISED,NOT_YET_EXERCISED,,,NO,NO,Imported from prior route register classification: NOT_YET_EXERCISED. —
WP16-ROUTE-179,detail_screen,Wave 3 — Admin,/admin/assets/:assetId,Admin,Assets,frontend/src/pages/admin/AssetProfile.jsx,NOT_YET_EXERCISED,NOT_YET_EXERCISED,NOT_YET_EXERCISED,NOT_YET_EXERCISED,NOT_YET_EXERCISED,NOT_YET_EXERCISED,NOT_YET_EXERCISED,,,NO,NO,Imported from prior route register classification: NOT_YET_EXERCISED. —
WP16-ROUTE-180,route_screen,Wave 3 — Admin,/admin/asset-admin,Admin,Asset Admin,frontend/src/pages/admin/AdminAssetAdmin.jsx,NOT_YET_EXERCISED,NOT_YET_EXERCISED,NOT_YET_EXERCISED,NOT_YET_EXERCISED,NOT_YET_EXERCISED,NOT_YET_EXERCISED,NOT_YET_EXERCISED,,,NO,NO,Imported from prior route register classification: NOT_YET_EXERCISED. —
WP16-ROUTE-181,detail_screen,Wave 3 — Admin,/admin/driver-intel/:driverKey,Admin,Driver Intel,frontend/src/pages/admin/AdminDriverIntel.jsx,NOT_YET_EXERCISED,NOT_YET_EXERCISED,NOT_YET_EXERCISED,NOT_YET_EXERCISED,NOT_YET_EXERCISED,NOT_YET_EXERCISED,NOT_YET_EXERCISED,,,NO,NO,Imported from prior route register classification: NOT_YET_EXERCISED. —
WP16-ROUTE-182,detail_screen,Wave 3 — Admin,/admin/equipment/:id/history,Admin,Equipment,frontend/src/pages/admin/AdminMasterHistory.jsx,NOT_YET_EXERCISED,NOT_YET_EXERCISED,NOT_YET_EXERCISED,NOT_YET_EXERCISED,NOT_YET_EXERCISED,NOT_YET_EXERCISED,NOT_YET_EXERCISED,,,NO,NO,Imported from prior route register classification: NOT_YET_EXERCISED. —
WP16-ROUTE-183,detail_screen,Wave 3 — Admin,/admin/employees/:id/history,Admin,Employees,frontend/src/pages/admin/AdminMasterHistory.jsx,NOT_YET_EXERCISED,NOT_YET_EXERCISED,NOT_YET_EXERCISED,NOT_YET_EXERCISED,NOT_YET_EXERCISED,NOT_YET_EXERCISED,NOT_YET_EXERCISED,,,NO,NO,Imported from prior route register classification: NOT_YET_EXERCISED. —
WP16-ROUTE-184,route_screen,Wave 3 — Admin,/admin/analytics,Admin,Analytics,frontend/src/pages/admin/AdminAnalytics.jsx,NOT_YET_EXERCISED,NOT_YET_EXERCISED,NOT_YET_EXERCISED,NOT_YET_EXERCISED,NOT_YET_EXERCISED,NOT_YET_EXERCISED,NOT_YET_EXERCISED,,,NO,NO,Imported from prior route register classification: NOT_YET_EXERCISED. —
WP16-ROUTE-185,route_screen,Wave 3 — Admin,/admin/leadership-equipment,Admin,Leadership Equipment,frontend/src/pages/AdminLeadershipEquipment.jsx,NOT_YET_EXERCISED,NOT_YET_EXERCISED,NOT_YET_EXERCISED,NOT_YET_EXERCISED,NOT_YET_EXERCISED,NOT_YET_EXERCISED,NOT_YET_EXERCISED,,,NO,NO,Imported from prior route register classification: NOT_YET_EXERCISED. —
WP16-ROUTE-186,route_screen,Wave 3 — Admin,/admin/terminations,Admin,Terminations,frontend/src/pages/AdminTerminations.jsx,NOT_YET_EXERCISED,NOT_YET_EXERCISED,NOT_YET_EXERCISED,NOT_YET_EXERCISED,NOT_YET_EXERCISED,NOT_YET_EXERCISED,NOT_YET_EXERCISED,,,NO,NO,Imported from prior route register classification: NOT_YET_EXERCISED. —
WP16-ROUTE-187,route_screen,Wave 3 — Admin,/admin/guide,Admin,Guide,frontend/src/pages/AdminGuide.jsx,NOT_YET_EXERCISED,NOT_YET_EXERCISED,NOT_YET_EXERCISED,NOT_YET_EXERCISED,NOT_YET_EXERCISED,NOT_YET_EXERCISED,NOT_YET_EXERCISED,,,NO,NO,Imported from prior route register classification: NOT_YET_EXERCISED. —
WP16-ROUTE-188,route_screen,Wave 3 — Admin,/admin/pnl,Admin,PNL,frontend/src/pages/ProjectPnlPage.jsx,NOT_YET_EXERCISED,NOT_YET_EXERCISED,NOT_YET_EXERCISED,NOT_YET_EXERCISED,NOT_YET_EXERCISED,NOT_YET_EXERCISED,NOT_YET_EXERCISED,,,NO,NO,Imported from prior route register classification: NOT_YET_EXERCISED. —
WP16-ROUTE-189,route_screen,Wave 3 — Admin,/admin/inspections,Admin,Inspections,frontend/src/pages/Dashboard.jsx,NOT_YET_EXERCISED,NOT_YET_EXERCISED,NOT_YET_EXERCISED,NOT_YET_EXERCISED,NOT_YET_EXERCISED,NOT_YET_EXERCISED,NOT_YET_EXERCISED,,,NO,NO,Imported from prior route register classification: NOT_YET_EXERCISED. —
WP16-ROUTE-190,detail_screen,Wave 3 — Admin,/admin/inspections/:id,Admin,Inspections,frontend/src/pages/ViewInspection.jsx,NOT_YET_EXERCISED,NOT_YET_EXERCISED,NOT_YET_EXERCISED,NOT_YET_EXERCISED,NOT_YET_EXERCISED,NOT_YET_EXERCISED,NOT_YET_EXERCISED,,,NO,NO,Imported from prior route register classification: NOT_YET_EXERCISED. —
WP16-ROUTE-191,route_screen,Wave 3 — Admin,/admin/meetings,Admin,Meetings,frontend/src/pages/MeetingsDashboard.jsx,BLOCKED_PRIOR_EVIDENCE,BLOCKED,NOT_YET_EXERCISED,NOT_YET_EXERCISED,NOT_YET_EXERCISED,NOT_YET_EXERCISED,NOT_YET_EXERCISED,See WP16_ROUTE_EXERCISE_REGISTER.md for prior evidence.,,NO,NO,Imported from prior route register classification: BLOCKED_API_FAILURE. Admin meetings route rendered but `/api/meetings` returned 401.
WP16-ROUTE-192,detail_screen,Wave 3 — Admin,/admin/meetings/:id,Admin,Meetings,frontend/src/pages/ViewMeeting.jsx,NOT_YET_EXERCISED,NOT_YET_EXERCISED,NOT_YET_EXERCISED,NOT_YET_EXERCISED,NOT_YET_EXERCISED,NOT_YET_EXERCISED,NOT_YET_EXERCISED,,,NO,NO,Imported from prior route register classification: NOT_YET_EXERCISED. —
WP16-ROUTE-193,route_screen,Wave 3 — Admin,/admin/jha-plans,Admin,JHA Plans,frontend/src/pages/JhaPlansAdmin.jsx,NOT_YET_EXERCISED,NOT_YET_EXERCISED,NOT_YET_EXERCISED,NOT_YET_EXERCISED,NOT_YET_EXERCISED,NOT_YET_EXERCISED,NOT_YET_EXERCISED,,,NO,NO,Imported from prior route register classification: NOT_YET_EXERCISED. —
WP16-ROUTE-194,redirect_route,Wave 3 — Admin,/admin/jha,Admin,JHA,Navigate,REDIRECT_BEHAVIOR_PENDING,PENDING_REDIRECT_CHECK,PENDING_REDIRECT_CHECK,PENDING_REDIRECT_CHECK,PENDING_REDIRECT_CHECK,PENDING_REDIRECT_CHECK,NOT_APPLICABLE,See WP16_ROUTE_EXERCISE_REGISTER.md for prior evidence.,,NO,NO,Imported from prior route register classification: REDIRECT_ONLY. Redirect target: /admin/jha-plans
WP16-ROUTE-195,redirect_route,Wave 3 — Admin,/admin/jha/:id,Admin,JHA,Navigate,REDIRECT_BEHAVIOR_PENDING,PENDING_REDIRECT_CHECK,PENDING_REDIRECT_CHECK,PENDING_REDIRECT_CHECK,PENDING_REDIRECT_CHECK,PENDING_REDIRECT_CHECK,NOT_APPLICABLE,See WP16_ROUTE_EXERCISE_REGISTER.md for prior evidence.,,NO,NO,Imported from prior route register classification: REDIRECT_ONLY. Redirect target: /admin/jha-plans
WP16-ROUTE-196,route_screen,Wave 3 — Admin,/admin/trench-boxes,Admin,Trench Boxes,frontend/src/pages/TrenchBoxesAdmin.jsx,NOT_YET_EXERCISED,NOT_YET_EXERCISED,NOT_YET_EXERCISED,NOT_YET_EXERCISED,NOT_YET_EXERCISED,NOT_YET_EXERCISED,NOT_YET_EXERCISED,,,NO,NO,Imported from prior route register classification: NOT_YET_EXERCISED. —
WP16-ROUTE-197,route_screen,Wave 3 — Admin,/admin/trench-boxes/poster,Admin,Trench Boxes,frontend/src/pages/TrenchBoxPoster.jsx,NOT_YET_EXERCISED,NOT_YET_EXERCISED,NOT_YET_EXERCISED,NOT_YET_EXERCISED,NOT_YET_EXERCISED,NOT_YET_EXERCISED,NOT_YET_EXERCISED,,,NO,NO,Imported from prior route register classification: NOT_YET_EXERCISED. —
WP16-ROUTE-198,route_screen,Wave 3 — Admin,/admin/trench-safety,Admin,Trench Safety,frontend/src/pages/trench_safety/TrenchSafetyHub.jsx,NOT_YET_EXERCISED,NOT_YET_EXERCISED,NOT_YET_EXERCISED,NOT_YET_EXERCISED,NOT_YET_EXERCISED,NOT_YET_EXERCISED,NOT_YET_EXERCISED,,,NO,NO,Imported from prior route register classification: NOT_YET_EXERCISED. —
WP16-ROUTE-199,route_screen,Wave 3 — Admin,/admin/trench-safety/assets,Admin,Trench Safety,frontend/src/pages/trench_safety/TrenchSafetyAssetsList.jsx,NOT_YET_EXERCISED,NOT_YET_EXERCISED,NOT_YET_EXERCISED,NOT_YET_EXERCISED,NOT_YET_EXERCISED,NOT_YET_EXERCISED,NOT_YET_EXERCISED,,,NO,NO,Imported from prior route register classification: NOT_YET_EXERCISED. —
WP16-ROUTE-200,detail_screen,Wave 3 — Admin,/admin/trench-safety/assets/:assetId,Admin,Trench Safety,frontend/src/pages/trench_safety/TrenchSafetyAssetDetail.jsx,NOT_YET_EXERCISED,NOT_YET_EXERCISED,NOT_YET_EXERCISED,NOT_YET_EXERCISED,NOT_YET_EXERCISED,NOT_YET_EXERCISED,NOT_YET_EXERCISED,,,NO,NO,Imported from prior route register classification: NOT_YET_EXERCISED. —
WP16-ROUTE-201,route_screen,Wave 3 — Admin,/admin/trench-safety/tabulated-data,Admin,Trench Safety,frontend/src/pages/trench_safety/TrenchSafetyTabulatedData.jsx,NOT_YET_EXERCISED,NOT_YET_EXERCISED,NOT_YET_EXERCISED,NOT_YET_EXERCISED,NOT_YET_EXERCISED,NOT_YET_EXERCISED,NOT_YET_EXERCISED,,,NO,NO,Imported from prior route register classification: NOT_YET_EXERCISED. —
WP16-ROUTE-202,route_screen,Wave 3 — Admin,/admin/trench-safety/reports,Admin,Trench Safety,frontend/src/pages/trench_safety/TrenchSafetyReports.jsx,NOT_YET_EXERCISED,NOT_YET_EXERCISED,NOT_YET_EXERCISED,NOT_YET_EXERCISED,NOT_YET_EXERCISED,NOT_YET_EXERCISED,NOT_YET_EXERCISED,,,NO,NO,Imported from prior route register classification: NOT_YET_EXERCISED. —
WP16-ROUTE-203,route_screen,Wave 3 — Admin,/admin/trench-safety/repair-review,Admin,Trench Safety,frontend/src/pages/trench_safety/TrenchSafetyRepairReviewPage.jsx,NOT_YET_EXERCISED,NOT_YET_EXERCISED,NOT_YET_EXERCISED,NOT_YET_EXERCISED,NOT_YET_EXERCISED,NOT_YET_EXERCISED,NOT_YET_EXERCISED,,,NO,NO,Imported from prior route register classification: NOT_YET_EXERCISED. —
WP16-ROUTE-204,route_screen,Wave 3 — Admin,/admin/trench-safety/field-reports,Admin,Trench Safety,frontend/src/pages/trench_safety/TrenchSafetyFieldReportsPage.jsx,NOT_YET_EXERCISED,NOT_YET_EXERCISED,NOT_YET_EXERCISED,NOT_YET_EXERCISED,NOT_YET_EXERCISED,NOT_YET_EXERCISED,NOT_YET_EXERCISED,,,NO,NO,Imported from prior route register classification: NOT_YET_EXERCISED. —
WP16-ROUTE-205,route_screen,Wave 3 — Admin,/admin/jha-plans/poster,Admin,JHA Plans,frontend/src/pages/JhaPlansPoster.jsx,NOT_YET_EXERCISED,NOT_YET_EXERCISED,NOT_YET_EXERCISED,NOT_YET_EXERCISED,NOT_YET_EXERCISED,NOT_YET_EXERCISED,NOT_YET_EXERCISED,,,NO,NO,Imported from prior route register classification: NOT_YET_EXERCISED. —
WP16-ROUTE-206,route_screen,Wave 3 — Admin,/admin/posters/print-all,Admin,Posters,frontend/src/pages/AllPostersPrint.jsx,NOT_YET_EXERCISED,NOT_YET_EXERCISED,NOT_YET_EXERCISED,NOT_YET_EXERCISED,NOT_YET_EXERCISED,NOT_YET_EXERCISED,NOT_YET_EXERCISED,,,NO,NO,Imported from prior route register classification: NOT_YET_EXERCISED. —
WP16-ROUTE-207,route_screen,Wave 3 — Admin,/admin/incidents,Admin,Incidents,frontend/src/pages/IncidentsDashboard.jsx,PRIOR_EVIDENCE_EXISTS_REVERIFY_REQUIRED,PRIOR_EVIDENCE_EXISTS_REVERIFY_REQUIRED,PRIOR_EVIDENCE_EXISTS_REVERIFY_REQUIRED,PRIOR_EVIDENCE_EXISTS_REVERIFY_REQUIRED,PRIOR_EVIDENCE_EXISTS_REVERIFY_REQUIRED,PRIOR_EVIDENCE_EXISTS_REVERIFY_REQUIRED,PRIOR_EVIDENCE_EXISTS_REVERIFY_REQUIRED,See WP16_ROUTE_EXERCISE_REGISTER.md for prior evidence.,,NO,NO,Imported from prior route register classification: FULLY_EXERCISED. Admin route `/admin/incidents` captured under authenticated admin session.
WP16-ROUTE-208,detail_screen,Wave 3 — Admin,/admin/incidents/:id,Admin,Incidents,frontend/src/pages/ViewIncident.jsx,NOT_YET_EXERCISED,NOT_YET_EXERCISED,NOT_YET_EXERCISED,NOT_YET_EXERCISED,NOT_YET_EXERCISED,NOT_YET_EXERCISED,NOT_YET_EXERCISED,,,NO,NO,Imported from prior route register classification: NOT_YET_EXERCISED. —
WP16-ROUTE-209,route_screen,Wave 3 — Admin,/admin/daily,Admin,Daily,frontend/src/pages/DailyReportsDashboard.jsx,PRIOR_EVIDENCE_EXISTS_REVERIFY_REQUIRED,PRIOR_EVIDENCE_EXISTS_REVERIFY_REQUIRED,PRIOR_EVIDENCE_EXISTS_REVERIFY_REQUIRED,PRIOR_EVIDENCE_EXISTS_REVERIFY_REQUIRED,PRIOR_EVIDENCE_EXISTS_REVERIFY_REQUIRED,PRIOR_EVIDENCE_EXISTS_REVERIFY_REQUIRED,PRIOR_EVIDENCE_EXISTS_REVERIFY_REQUIRED,See WP16_ROUTE_EXERCISE_REGISTER.md for prior evidence.,,NO,NO,Imported from prior route register classification: FULLY_EXERCISED. Admin route `/admin/daily` captured under authenticated admin session.
WP16-ROUTE-210,detail_screen,Wave 3 — Admin,/admin/daily/:id,Admin,Daily,frontend/src/pages/ViewDailyReport.jsx,NOT_YET_EXERCISED,NOT_YET_EXERCISED,NOT_YET_EXERCISED,NOT_YET_EXERCISED,NOT_YET_EXERCISED,NOT_YET_EXERCISED,NOT_YET_EXERCISED,,,NO,NO,Imported from prior route register classification: NOT_YET_EXERCISED. —
WP16-ROUTE-211,route_screen,Wave 3 — Admin,/admin/equipment-inspections,Admin,Equipment Inspections,frontend/src/pages/EquipmentDashboard.jsx,NOT_YET_EXERCISED,NOT_YET_EXERCISED,NOT_YET_EXERCISED,NOT_YET_EXERCISED,NOT_YET_EXERCISED,NOT_YET_EXERCISED,NOT_YET_EXERCISED,,,NO,NO,Imported from prior route register classification: NOT_YET_EXERCISED. —
WP16-ROUTE-212,detail_screen,Wave 3 — Admin,/admin/equipment/:id,Admin,Equipment,frontend/src/pages/ViewEquipmentInspection.jsx,NOT_YET_EXERCISED,NOT_YET_EXERCISED,NOT_YET_EXERCISED,NOT_YET_EXERCISED,NOT_YET_EXERCISED,NOT_YET_EXERCISED,NOT_YET_EXERCISED,,,NO,NO,Imported from prior route register classification: NOT_YET_EXERCISED. —
WP16-ROUTE-213,detail_screen,Wave 3 — Admin,/admin/qaqc/:id,Admin,Qaqc,frontend/src/pages/ViewQaqcInspection.jsx,NOT_YET_EXERCISED,NOT_YET_EXERCISED,NOT_YET_EXERCISED,NOT_YET_EXERCISED,NOT_YET_EXERCISED,NOT_YET_EXERCISED,NOT_YET_EXERCISED,,,NO,NO,Imported from prior route register classification: NOT_YET_EXERCISED. —
WP16-ROUTE-214,detail_screen,Wave 3 — Admin,/admin/leadership/records/:id,Admin,Leadership,frontend/src/pages/FieldLeadershipView.jsx,NOT_YET_EXERCISED,NOT_YET_EXERCISED,NOT_YET_EXERCISED,NOT_YET_EXERCISED,NOT_YET_EXERCISED,NOT_YET_EXERCISED,NOT_YET_EXERCISED,,,NO,NO,Imported from prior route register classification: NOT_YET_EXERCISED. —
WP16-ROUTE-215,detail_screen,Wave 3 — Admin,/admin/safety/issuance/:id,Admin,Safety,frontend/src/pages/ViewSafetyForm.jsx,NOT_YET_EXERCISED,NOT_YET_EXERCISED,NOT_YET_EXERCISED,NOT_YET_EXERCISED,NOT_YET_EXERCISED,NOT_YET_EXERCISED,NOT_YET_EXERCISED,,,NO,NO,Imported from prior route register classification: NOT_YET_EXERCISED. —
WP16-ROUTE-216,detail_screen,Wave 3 — Admin,/admin/safety/training/:id,Admin,Safety,frontend/src/pages/ViewSafetyForm.jsx,NOT_YET_EXERCISED,NOT_YET_EXERCISED,NOT_YET_EXERCISED,NOT_YET_EXERCISED,NOT_YET_EXERCISED,NOT_YET_EXERCISED,NOT_YET_EXERCISED,,,NO,NO,Imported from prior route register classification: NOT_YET_EXERCISED. —
WP16-ROUTE-238,route_screen,Wave 3 — Admin,/admin/executive-operational-intelligence,Admin,Executive Operational Intelligence,frontend/src/pages/ExecutiveOperationalIntelligence.jsx,PRIOR_EVIDENCE_EXISTS_REVERIFY_REQUIRED,PRIOR_EVIDENCE_EXISTS_REVERIFY_REQUIRED,PRIOR_EVIDENCE_EXISTS_REVERIFY_REQUIRED,PRIOR_EVIDENCE_EXISTS_REVERIFY_REQUIRED,PRIOR_EVIDENCE_EXISTS_REVERIFY_REQUIRED,PRIOR_EVIDENCE_EXISTS_REVERIFY_REQUIRED,PRIOR_EVIDENCE_EXISTS_REVERIFY_REQUIRED,See WP16_ROUTE_EXERCISE_REGISTER.md for prior evidence.,,NO,NO,"Imported from prior route register classification: FULLY_EXERCISED. Executive operational intelligence route captured across top, mid, and briefing sections."
WP16-ROUTE-244,detail_screen,Wave 3 — Admin,/admin/vendors/:vendorId/thread,Admin,Vendors,frontend/src/pages/AdminVendorThread.jsx,NOT_YET_EXERCISED,NOT_YET_EXERCISED,NOT_YET_EXERCISED,NOT_YET_EXERCISED,NOT_YET_EXERCISED,NOT_YET_EXERCISED,NOT_YET_EXERCISED,,,NO,NO,Imported from prior route register classification: NOT_YET_EXERCISED. —
WP16-ROUTE-245,detail_screen,Wave 3 — Admin,/admin/assets/:assetRef/thread,Admin,Assets,frontend/src/pages/AdminAssetThread.jsx,NOT_YET_EXERCISED,NOT_YET_EXERCISED,NOT_YET_EXERCISED,NOT_YET_EXERCISED,NOT_YET_EXERCISED,NOT_YET_EXERCISED,NOT_YET_EXERCISED,,,NO,NO,Imported from prior route register classification: NOT_YET_EXERCISED. —
WP16-ROUTE-370,route_screen,Wave 3 — Admin,/admin/training-videos,Admin,Training Videos,frontend/src/pages/AdminTrainingVideos.jsx,NOT_YET_EXERCISED,NOT_YET_EXERCISED,NOT_YET_EXERCISED,NOT_YET_EXERCISED,NOT_YET_EXERCISED,NOT_YET_EXERCISED,NOT_YET_EXERCISED,,,NO,NO,Imported from prior route register classification: NOT_YET_EXERCISED. —
WP16-ROUTE-371,route_screen,Wave 3 — Admin,/admin/deploy-readiness,Admin,Deploy Readiness,frontend/src/pages/AdminDeployReadiness.jsx,NOT_YET_EXERCISED,NOT_YET_EXERCISED,NOT_YET_EXERCISED,NOT_YET_EXERCISED,NOT_YET_EXERCISED,NOT_YET_EXERCISED,NOT_YET_EXERCISED,,,NO,NO,Imported from prior route register classification: NOT_YET_EXERCISED. —
WP16-ROUTE-386,redirect_route,Wave 3 — Admin,/admin/daily-reports,Admin,Daily Reports,Navigate,REDIRECT_BEHAVIOR_PENDING,PENDING_REDIRECT_CHECK,PENDING_REDIRECT_CHECK,PENDING_REDIRECT_CHECK,PENDING_REDIRECT_CHECK,PENDING_REDIRECT_CHECK,NOT_APPLICABLE,See WP16_ROUTE_EXERCISE_REGISTER.md for prior evidence.,,NO,NO,Imported from prior route register classification: REDIRECT_ONLY. Redirect target: /admin/daily
WP16-ROUTE-387,redirect_route,Wave 3 — Admin,/admin/trench-safety-assets,Admin,Trench Safety Assets,Navigate,REDIRECT_BEHAVIOR_PENDING,PENDING_REDIRECT_CHECK,PENDING_REDIRECT_CHECK,PENDING_REDIRECT_CHECK,PENDING_REDIRECT_CHECK,PENDING_REDIRECT_CHECK,NOT_APPLICABLE,See WP16_ROUTE_EXERCISE_REGISTER.md for prior evidence.,,NO,NO,Imported from prior route register classification: REDIRECT_ONLY. Redirect target: /safety/trench-safety/assets
WP16-ROUTE-406,redirect_route,Wave 3 — Admin,/admin/audit,Admin,Audit,Navigate,REDIRECT_BEHAVIOR_PENDING,PENDING_REDIRECT_CHECK,PENDING_REDIRECT_CHECK,PENDING_REDIRECT_CHECK,PENDING_REDIRECT_CHECK,PENDING_REDIRECT_CHECK,NOT_APPLICABLE,See WP16_ROUTE_EXERCISE_REGISTER.md for prior evidence.,,NO,NO,Imported from prior route register classification: REDIRECT_ONLY. Redirect target: /admin/audit-log
WP16-ROUTE-407,redirect_route,Wave 3 — Admin,/admin/health,Admin,Health,Navigate,REDIRECT_BEHAVIOR_PENDING,PENDING_REDIRECT_CHECK,PENDING_REDIRECT_CHECK,PENDING_REDIRECT_CHECK,PENDING_REDIRECT_CHECK,PENDING_REDIRECT_CHECK,NOT_APPLICABLE,See WP16_ROUTE_EXERCISE_REGISTER.md for prior evidence.,,NO,NO,Imported from prior route register classification: REDIRECT_ONLY. Redirect target: /admin/system-health
WP16-ROUTE-434,redirect_route,Wave 3 — Admin,/admin/ods-intelligence,Admin,ODS Intelligence,Navigate,REDIRECT_BEHAVIOR_PENDING,PENDING_REDIRECT_CHECK,PENDING_REDIRECT_CHECK,PENDING_REDIRECT_CHECK,PENDING_REDIRECT_CHECK,PENDING_REDIRECT_CHECK,NOT_APPLICABLE,See WP16_ROUTE_EXERCISE_REGISTER.md for prior evidence.,,NO,NO,Imported from prior route register classification: REDIRECT_ONLY. Redirect target: /admin/operational-intelligence
WP16-ROUTE-436,redirect_route,Wave 3 — Admin,/admin/occ,Admin,OCC,Navigate,REDIRECT_BEHAVIOR_PENDING,PENDING_REDIRECT_CHECK,PENDING_REDIRECT_CHECK,PENDING_REDIRECT_CHECK,PENDING_REDIRECT_CHECK,PENDING_REDIRECT_CHECK,NOT_APPLICABLE,See WP16_ROUTE_EXERCISE_REGISTER.md for prior evidence.,,NO,NO,Imported from prior route register classification: REDIRECT_ONLY. Redirect target: /admin/operations-control
WP16-ROUTE-439,redirect_route,Wave 3 — Admin,/admin/executive,Admin,Executive,Navigate,REDIRECT_BEHAVIOR_PENDING,PENDING_REDIRECT_CHECK,PENDING_REDIRECT_CHECK,PENDING_REDIRECT_CHECK,PENDING_REDIRECT_CHECK,PENDING_REDIRECT_CHECK,NOT_APPLICABLE,See WP16_ROUTE_EXERCISE_REGISTER.md for prior evidence.,,NO,NO,Imported from prior route register classification: REDIRECT_ONLY. Redirect target: /admin/executive-overview
WP16-ROUTE-441,redirect_route,Wave 3 — Admin,/admin/ai,Admin,AI,Navigate,REDIRECT_BEHAVIOR_PENDING,PENDING_REDIRECT_CHECK,PENDING_REDIRECT_CHECK,PENDING_REDIRECT_CHECK,PENDING_REDIRECT_CHECK,PENDING_REDIRECT_CHECK,NOT_APPLICABLE,See WP16_ROUTE_EXERCISE_REGISTER.md for prior evidence.,,NO,NO,Imported from prior route register classification: REDIRECT_ONLY. Redirect target: /admin/ai-operations
WP16-ROUTE-442,redirect_route,Wave 3 — Admin,/admin/storage,Admin,Storage,Navigate,REDIRECT_BEHAVIOR_PENDING,PENDING_REDIRECT_CHECK,PENDING_REDIRECT_CHECK,PENDING_REDIRECT_CHECK,PENDING_REDIRECT_CHECK,PENDING_REDIRECT_CHECK,NOT_APPLICABLE,See WP16_ROUTE_EXERCISE_REGISTER.md for prior evidence.,,NO,NO,Imported from prior route register classification: REDIRECT_ONLY. Redirect target: /admin/storage-recovery
WP16-ROUTE-217,route_screen,Wave 1 — Public Pages & Authentication,/pm/login,PM,Login,frontend/src/pages/PmLogin.jsx,INSPECTED_NO_DEFECT_OBSERVED_NOT_CERTIFIED,INSPECTED_NO_DEFECT_OBSERVED,INSPECTED_NO_DEFECT_OBSERVED,INSPECTED_NO_DEFECT_OBSERVED,INSPECTED_NO_DEFECT_OBSERVED,INSPECTED_NO_DEFECT_OBSERVED,INSPECTED_NO_DEFECT_OBSERVED,Playwright 2026-07-30 route smoke: RESULT::route_/pm/login::PASS. Curl 2026-07-30: POST /api/pm/login returned 200.,,NO,NO,Wave 1 inspection complete. PM login rendered and authenticated successfully in preview. Forgot-password dialog inventoried. No defect opened on this surface during inspection.
WP16-ROUTE-218,detail_screen,Wave 1 — Public Pages & Authentication,/pm/reset/:token,PM,Reset,frontend/src/pages/PmResetPassword.jsx,INSPECTED_FORM_LOAD_ONLY_NOT_CERTIFIED,PARTIAL_EVIDENCE,INSPECTED_NO_DEFECT_OBSERVED,INSPECTED_NO_DEFECT_OBSERVED,PARTIAL_EVIDENCE,INSPECTED_NO_DEFECT_OBSERVED,INSPECTED_NO_DEFECT_OBSERVED,Playwright 2026-07-30 route smoke: RESULT::route_/pm/reset/test-token::PASS. Code review: frontend/src/pages/PmResetPassword.jsx.,,NO,NO,"Wave 1 inspection completed to form-render level only. Reset screen loaded cleanly with a placeholder token, but no live reset token was exercised in this pass. No defect opened from the inspected surface state."
WP16-ROUTE-219,route_screen,Wave 1 — Public Pages & Authentication,/pm/change-password,PM,Change Password,frontend/src/pages/PmChangePassword.jsx,INSPECTED_NO_DEFECT_OBSERVED_NOT_CERTIFIED,INSPECTED_AUTHENTICATED_FORM_VERIFIED,INSPECTED_NO_DEFECT_OBSERVED,INSPECTED_NO_DEFECT_OBSERVED,INSPECTED_AUTHENTICATED_FORM_VERIFIED,INSPECTED_NO_DEFECT_OBSERVED,INSPECTED_NO_DEFECT_OBSERVED,Playwright 2026-07-30: RESULT::pm_change_password::PASS. Code review: frontend/src/pages/PmChangePassword.jsx.,,NO,NO,Wave 1 inspection complete. PM authenticated change-password route rendered in the canonical auth shell and passed focused preview verification. No defect opened during this inspection.
WP16-ROUTE-220,route_screen,Wave 2 — Homepage / Dashboard,/pm,PM,PM,frontend/src/pages/PmHomeRedirect.jsx,PRIOR_EVIDENCE_EXISTS_REVERIFY_REQUIRED,PRIOR_EVIDENCE_EXISTS_REVERIFY_REQUIRED,PRIOR_EVIDENCE_EXISTS_REVERIFY_REQUIRED,PRIOR_EVIDENCE_EXISTS_REVERIFY_REQUIRED,PRIOR_EVIDENCE_EXISTS_REVERIFY_REQUIRED,PRIOR_EVIDENCE_EXISTS_REVERIFY_REQUIRED,PRIOR_EVIDENCE_EXISTS_REVERIFY_REQUIRED,See WP16_ROUTE_EXERCISE_REGISTER.md for prior evidence.,,NO,NO,Imported from prior route register classification: FULLY_EXERCISED. PM route `/pm` captured with authenticated PM session.
WP16-ROUTE-221,route_screen,Wave 2 — Homepage / Dashboard,/pm/hub,PM,HUB,frontend/src/pages/PmHubV2.jsx,PRIOR_EVIDENCE_EXISTS_REVERIFY_REQUIRED,PRIOR_EVIDENCE_EXISTS_REVERIFY_REQUIRED,PRIOR_EVIDENCE_EXISTS_REVERIFY_REQUIRED,PRIOR_EVIDENCE_EXISTS_REVERIFY_REQUIRED,PRIOR_EVIDENCE_EXISTS_REVERIFY_REQUIRED,PRIOR_EVIDENCE_EXISTS_REVERIFY_REQUIRED,PRIOR_EVIDENCE_EXISTS_REVERIFY_REQUIRED,See WP16_ROUTE_EXERCISE_REGISTER.md for prior evidence.,,NO,NO,Imported from prior route register classification: FULLY_EXERCISED. PM route `/pm/hub` captured with authenticated PM session.
WP16-ROUTE-222,route_screen,Wave 2 — Homepage / Dashboard,/pm/hub_legacy,PM,HUB Legacy,frontend/src/pages/PmHub.jsx,PRIOR_EVIDENCE_EXISTS_REVERIFY_REQUIRED,PRIOR_EVIDENCE_EXISTS_REVERIFY_REQUIRED,PRIOR_EVIDENCE_EXISTS_REVERIFY_REQUIRED,PRIOR_EVIDENCE_EXISTS_REVERIFY_REQUIRED,PRIOR_EVIDENCE_EXISTS_REVERIFY_REQUIRED,PRIOR_EVIDENCE_EXISTS_REVERIFY_REQUIRED,PRIOR_EVIDENCE_EXISTS_REVERIFY_REQUIRED,See WP16_ROUTE_EXERCISE_REGISTER.md for prior evidence.,,NO,NO,Imported from prior route register classification: FULLY_EXERCISED. PM route `/pm/hub_legacy` captured with authenticated PM session.
WP16-ROUTE-223,route_screen,Wave 2 — Homepage / Dashboard,/pm/hub_v2,PM,HUB V2,frontend/src/pages/PmHubV2.jsx,PRIOR_EVIDENCE_EXISTS_REVERIFY_REQUIRED,PRIOR_EVIDENCE_EXISTS_REVERIFY_REQUIRED,PRIOR_EVIDENCE_EXISTS_REVERIFY_REQUIRED,PRIOR_EVIDENCE_EXISTS_REVERIFY_REQUIRED,PRIOR_EVIDENCE_EXISTS_REVERIFY_REQUIRED,PRIOR_EVIDENCE_EXISTS_REVERIFY_REQUIRED,PRIOR_EVIDENCE_EXISTS_REVERIFY_REQUIRED,See WP16_ROUTE_EXERCISE_REGISTER.md for prior evidence.,,NO,NO,Imported from prior route register classification: FULLY_EXERCISED. PM route `/pm/hub_v2` captured with authenticated PM session.
WP16-ROUTE-224,route_screen,Wave 5 — Project Management,/pm/holds,PM,Holds,frontend/src/pages/PmHoldsV2.jsx,PRIOR_EVIDENCE_EXISTS_REVERIFY_REQUIRED,PRIOR_EVIDENCE_EXISTS_REVERIFY_REQUIRED,PRIOR_EVIDENCE_EXISTS_REVERIFY_REQUIRED,PRIOR_EVIDENCE_EXISTS_REVERIFY_REQUIRED,PRIOR_EVIDENCE_EXISTS_REVERIFY_REQUIRED,PRIOR_EVIDENCE_EXISTS_REVERIFY_REQUIRED,PRIOR_EVIDENCE_EXISTS_REVERIFY_REQUIRED,See WP16_ROUTE_EXERCISE_REGISTER.md for prior evidence.,,NO,NO,Imported from prior route register classification: FULLY_EXERCISED. PM route `/pm/holds` captured with authenticated PM session.
WP16-ROUTE-225,route_screen,Wave 5 — Project Management,/pm/due-today,PM,DUE Today,frontend/src/pages/PmDueTodayV2.jsx,NOT_YET_EXERCISED,NOT_YET_EXERCISED,NOT_YET_EXERCISED,NOT_YET_EXERCISED,NOT_YET_EXERCISED,NOT_YET_EXERCISED,NOT_YET_EXERCISED,,,NO,NO,Imported from prior route register classification: NOT_YET_EXERCISED. —
WP16-ROUTE-226,route_screen,Wave 5 — Project Management,/pm/crew-compliance,PM,Crew Compliance,frontend/src/pages/PmCrewCompliance.jsx,NOT_YET_EXERCISED,NOT_YET_EXERCISED,NOT_YET_EXERCISED,NOT_YET_EXERCISED,NOT_YET_EXERCISED,NOT_YET_EXERCISED,NOT_YET_EXERCISED,,,NO,NO,Imported from prior route register classification: NOT_YET_EXERCISED. —
WP16-ROUTE-227,route_screen,Wave 5 — Project Management,/pm/jobs,PM,Jobs,frontend/src/pages/pm/PmSections.jsx#PmJobs,PRIOR_EVIDENCE_EXISTS_REVERIFY_REQUIRED,PRIOR_EVIDENCE_EXISTS_REVERIFY_REQUIRED,PRIOR_EVIDENCE_EXISTS_REVERIFY_REQUIRED,PRIOR_EVIDENCE_EXISTS_REVERIFY_REQUIRED,PRIOR_EVIDENCE_EXISTS_REVERIFY_REQUIRED,PRIOR_EVIDENCE_EXISTS_REVERIFY_REQUIRED,PRIOR_EVIDENCE_EXISTS_REVERIFY_REQUIRED,See WP16_ROUTE_EXERCISE_REGISTER.md for prior evidence.,,NO,NO,Imported from prior route register classification: FULLY_EXERCISED. PM route `/pm/jobs` captured with authenticated PM session.
WP16-ROUTE-228,detail_screen,Wave 5 — Project Management,/pm/job/:projectNumber/team,PM,JOB,frontend/src/pages/pm/PmJobTeam.jsx,PRIOR_EVIDENCE_EXISTS_REVERIFY_REQUIRED,PRIOR_EVIDENCE_EXISTS_REVERIFY_REQUIRED,PRIOR_EVIDENCE_EXISTS_REVERIFY_REQUIRED,PRIOR_EVIDENCE_EXISTS_REVERIFY_REQUIRED,PRIOR_EVIDENCE_EXISTS_REVERIFY_REQUIRED,PRIOR_EVIDENCE_EXISTS_REVERIFY_REQUIRED,PRIOR_EVIDENCE_EXISTS_REVERIFY_REQUIRED,See WP16_ROUTE_EXERCISE_REGISTER.md for prior evidence.,,NO,NO,Imported from prior route register classification: FULLY_EXERCISED. PM job team detail captured with seeded project 24-06.
WP16-ROUTE-229,route_screen,Wave 5 — Project Management,/pm/project-staffing,PM,Project Staffing,frontend/src/pages/pm/PmProjectStaffing.jsx,PRIOR_EVIDENCE_EXISTS_REVERIFY_REQUIRED,PRIOR_EVIDENCE_EXISTS_REVERIFY_REQUIRED,PRIOR_EVIDENCE_EXISTS_REVERIFY_REQUIRED,PRIOR_EVIDENCE_EXISTS_REVERIFY_REQUIRED,PRIOR_EVIDENCE_EXISTS_REVERIFY_REQUIRED,PRIOR_EVIDENCE_EXISTS_REVERIFY_REQUIRED,PRIOR_EVIDENCE_EXISTS_REVERIFY_REQUIRED,See WP16_ROUTE_EXERCISE_REGISTER.md for prior evidence.,,NO,NO,Imported from prior route register classification: FULLY_EXERCISED. PM route `/pm/project-staffing` captured with authenticated PM session.
WP16-ROUTE-230,route_screen,Wave 5 — Project Management,/pm/project-schedule,PM,Project Schedule,frontend/src/pages/PmProjectSchedule.jsx,PRIOR_EVIDENCE_EXISTS_REVERIFY_REQUIRED,PRIOR_EVIDENCE_EXISTS_REVERIFY_REQUIRED,PRIOR_EVIDENCE_EXISTS_REVERIFY_REQUIRED,PRIOR_EVIDENCE_EXISTS_REVERIFY_REQUIRED,PRIOR_EVIDENCE_EXISTS_REVERIFY_REQUIRED,PRIOR_EVIDENCE_EXISTS_REVERIFY_REQUIRED,PRIOR_EVIDENCE_EXISTS_REVERIFY_REQUIRED,See WP16_ROUTE_EXERCISE_REGISTER.md for prior evidence.,,NO,NO,Imported from prior route register classification: FULLY_EXERCISED. PM route `/pm/project-schedule` captured with authenticated PM session.
WP16-ROUTE-231,route_screen,Wave 5 — Project Management,/pm/monday-review,PM,Monday Review,frontend/src/pages/PmMondayReviewWorkspace.jsx,NOT_YET_EXERCISED,NOT_YET_EXERCISED,NOT_YET_EXERCISED,NOT_YET_EXERCISED,NOT_YET_EXERCISED,NOT_YET_EXERCISED,NOT_YET_EXERCISED,,,NO,NO,Imported from prior route register classification: NOT_YET_EXERCISED. —
WP16-ROUTE-232,detail_screen,Wave 5 — Project Management,/pm/projects/:projectNumber,PM,Projects,frontend/src/pages/PmProjectRedirect.jsx,PRIOR_EVIDENCE_EXISTS_REVERIFY_REQUIRED,PRIOR_EVIDENCE_EXISTS_REVERIFY_REQUIRED,PRIOR_EVIDENCE_EXISTS_REVERIFY_REQUIRED,PRIOR_EVIDENCE_EXISTS_REVERIFY_REQUIRED,PRIOR_EVIDENCE_EXISTS_REVERIFY_REQUIRED,PRIOR_EVIDENCE_EXISTS_REVERIFY_REQUIRED,PRIOR_EVIDENCE_EXISTS_REVERIFY_REQUIRED,See WP16_ROUTE_EXERCISE_REGISTER.md for prior evidence.,,NO,NO,Imported from prior route register classification: FULLY_EXERCISED. PM route `/pm/projects/:projectNumber` captured with authenticated PM session.
WP16-ROUTE-233,detail_screen,Wave 5 — Project Management,/pm/projects-legacy/:projectNumber,PM,Projects Legacy,frontend/src/pages/PmProjectDetail.jsx,NOT_YET_EXERCISED,NOT_YET_EXERCISED,NOT_YET_EXERCISED,NOT_YET_EXERCISED,NOT_YET_EXERCISED,NOT_YET_EXERCISED,NOT_YET_EXERCISED,,,NO,NO,Imported from prior route register classification: NOT_YET_EXERCISED. —
WP16-ROUTE-234,detail_screen,Wave 5 — Project Management,/pm/project/:projectNumber,PM,Project,frontend/src/pages/PmProjectDetail.jsx,PRIOR_EVIDENCE_EXISTS_REVERIFY_REQUIRED,PRIOR_EVIDENCE_EXISTS_REVERIFY_REQUIRED,PRIOR_EVIDENCE_EXISTS_REVERIFY_REQUIRED,PRIOR_EVIDENCE_EXISTS_REVERIFY_REQUIRED,PRIOR_EVIDENCE_EXISTS_REVERIFY_REQUIRED,PRIOR_EVIDENCE_EXISTS_REVERIFY_REQUIRED,PRIOR_EVIDENCE_EXISTS_REVERIFY_REQUIRED,See WP16_ROUTE_EXERCISE_REGISTER.md for prior evidence.,,NO,NO,Imported from prior route register classification: FULLY_EXERCISED. PM route `/pm/project/:projectNumber` captured with authenticated PM session.
WP16-ROUTE-235,detail_screen,Wave 5 — Project Management,/pm/project/:projectNumber/thread,PM,Project,frontend/src/pages/PmProjectThread.jsx,PRIOR_EVIDENCE_EXISTS_REVERIFY_REQUIRED,PRIOR_EVIDENCE_EXISTS_REVERIFY_REQUIRED,PRIOR_EVIDENCE_EXISTS_REVERIFY_REQUIRED,PRIOR_EVIDENCE_EXISTS_REVERIFY_REQUIRED,PRIOR_EVIDENCE_EXISTS_REVERIFY_REQUIRED,PRIOR_EVIDENCE_EXISTS_REVERIFY_REQUIRED,PRIOR_EVIDENCE_EXISTS_REVERIFY_REQUIRED,See WP16_ROUTE_EXERCISE_REGISTER.md for prior evidence.,,NO,NO,Imported from prior route register classification: FULLY_EXERCISED. PM route `/pm/project/:projectNumber/thread` captured with authenticated PM session.
WP16-ROUTE-236,route_screen,Wave 5 — Project Management,/pm/command-center,PM,Command Center,frontend/src/pages/PmCommandCenter.jsx,PRIOR_EVIDENCE_EXISTS_REVERIFY_REQUIRED,PRIOR_EVIDENCE_EXISTS_REVERIFY_REQUIRED,PRIOR_EVIDENCE_EXISTS_REVERIFY_REQUIRED,PRIOR_EVIDENCE_EXISTS_REVERIFY_REQUIRED,PRIOR_EVIDENCE_EXISTS_REVERIFY_REQUIRED,PRIOR_EVIDENCE_EXISTS_REVERIFY_REQUIRED,PRIOR_EVIDENCE_EXISTS_REVERIFY_REQUIRED,See WP16_ROUTE_EXERCISE_REGISTER.md for prior evidence.,,NO,NO,Imported from prior route register classification: FULLY_EXERCISED. PM route `/pm/command-center` captured with authenticated PM session.
WP16-ROUTE-240,route_screen,Wave 5 — Project Management,/pm/field-leadership,PM,Field Leadership,frontend/src/pages/PmFieldLeadership.jsx,PRIOR_EVIDENCE_EXISTS_REVERIFY_REQUIRED,PRIOR_EVIDENCE_EXISTS_REVERIFY_REQUIRED,PRIOR_EVIDENCE_EXISTS_REVERIFY_REQUIRED,PRIOR_EVIDENCE_EXISTS_REVERIFY_REQUIRED,PRIOR_EVIDENCE_EXISTS_REVERIFY_REQUIRED,PRIOR_EVIDENCE_EXISTS_REVERIFY_REQUIRED,PRIOR_EVIDENCE_EXISTS_REVERIFY_REQUIRED,See WP16_ROUTE_EXERCISE_REGISTER.md for prior evidence.,,NO,NO,Imported from prior route register classification: FULLY_EXERCISED. PM route `/pm/field-leadership` captured with authenticated PM session.
WP16-ROUTE-241,route_screen,Wave 5 — Project Management,/pm/fleet,PM,Fleet,frontend/src/pages/pm/PmSections.jsx#PmFleet,PRIOR_EVIDENCE_EXISTS_REVERIFY_REQUIRED,PRIOR_EVIDENCE_EXISTS_REVERIFY_REQUIRED,PRIOR_EVIDENCE_EXISTS_REVERIFY_REQUIRED,PRIOR_EVIDENCE_EXISTS_REVERIFY_REQUIRED,PRIOR_EVIDENCE_EXISTS_REVERIFY_REQUIRED,PRIOR_EVIDENCE_EXISTS_REVERIFY_REQUIRED,PRIOR_EVIDENCE_EXISTS_REVERIFY_REQUIRED,See WP16_ROUTE_EXERCISE_REGISTER.md for prior evidence.,,NO,NO,Imported from prior route register classification: FULLY_EXERCISED. PM route `/pm/fleet` captured with authenticated PM session.
WP16-ROUTE-242,route_screen,Wave 5 — Project Management,/pm/people,PM,People,frontend/src/pages/pm/PmSections.jsx#PmPeople,PRIOR_EVIDENCE_EXISTS_REVERIFY_REQUIRED,PRIOR_EVIDENCE_EXISTS_REVERIFY_REQUIRED,PRIOR_EVIDENCE_EXISTS_REVERIFY_REQUIRED,PRIOR_EVIDENCE_EXISTS_REVERIFY_REQUIRED,PRIOR_EVIDENCE_EXISTS_REVERIFY_REQUIRED,PRIOR_EVIDENCE_EXISTS_REVERIFY_REQUIRED,PRIOR_EVIDENCE_EXISTS_REVERIFY_REQUIRED,See WP16_ROUTE_EXERCISE_REGISTER.md for prior evidence.,,NO,NO,Imported from prior route register classification: FULLY_EXERCISED. PM route `/pm/people` captured with authenticated PM session.
WP16-ROUTE-243,route_screen,Wave 5 — Project Management,/pm/suppliers,PM,Suppliers,frontend/src/pages/pm/PmSections.jsx#PmSuppliers,PRIOR_EVIDENCE_EXISTS_REVERIFY_REQUIRED,PRIOR_EVIDENCE_EXISTS_REVERIFY_REQUIRED,PRIOR_EVIDENCE_EXISTS_REVERIFY_REQUIRED,PRIOR_EVIDENCE_EXISTS_REVERIFY_REQUIRED,PRIOR_EVIDENCE_EXISTS_REVERIFY_REQUIRED,PRIOR_EVIDENCE_EXISTS_REVERIFY_REQUIRED,PRIOR_EVIDENCE_EXISTS_REVERIFY_REQUIRED,See WP16_ROUTE_EXERCISE_REGISTER.md for prior evidence.,,NO,NO,Imported from prior route register classification: FULLY_EXERCISED. PM route `/pm/suppliers` captured with authenticated PM session.
WP16-ROUTE-246,route_screen,Wave 5 — Project Management,/pm/posters,PM,Posters,frontend/src/pages/pm/PmSections.jsx#PmPosters,NOT_YET_EXERCISED,NOT_YET_EXERCISED,NOT_YET_EXERCISED,NOT_YET_EXERCISED,NOT_YET_EXERCISED,NOT_YET_EXERCISED,NOT_YET_EXERCISED,,,NO,NO,Imported from prior route register classification: NOT_YET_EXERCISED. —
WP16-ROUTE-247,route_screen,Wave 5 — Project Management,/pm/qaqc,PM,Qaqc,frontend/src/pages/PmQaqcList.jsx,NOT_YET_EXERCISED,NOT_YET_EXERCISED,NOT_YET_EXERCISED,NOT_YET_EXERCISED,NOT_YET_EXERCISED,NOT_YET_EXERCISED,NOT_YET_EXERCISED,,,NO,NO,Imported from prior route register classification: NOT_YET_EXERCISED. —
WP16-ROUTE-248,route_screen,Wave 5 — Project Management,/pm/photos,PM,Photos,frontend/src/pages/JobPhotosLibrary.jsx,NOT_YET_EXERCISED,NOT_YET_EXERCISED,NOT_YET_EXERCISED,NOT_YET_EXERCISED,NOT_YET_EXERCISED,NOT_YET_EXERCISED,NOT_YET_EXERCISED,,,NO,NO,Imported from prior route register classification: NOT_YET_EXERCISED. —
WP16-ROUTE-249,route_screen,Wave 5 — Project Management,/pm/daily,PM,Daily,frontend/src/pages/DailyReportsDashboard.jsx,NOT_YET_EXERCISED,NOT_YET_EXERCISED,NOT_YET_EXERCISED,NOT_YET_EXERCISED,NOT_YET_EXERCISED,NOT_YET_EXERCISED,NOT_YET_EXERCISED,,,NO,NO,Imported from prior route register classification: NOT_YET_EXERCISED. —
WP16-ROUTE-250,detail_screen,Wave 5 — Project Management,/pm/daily/:id,PM,Daily,frontend/src/pages/ViewDailyReport.jsx,NOT_YET_EXERCISED,NOT_YET_EXERCISED,NOT_YET_EXERCISED,NOT_YET_EXERCISED,NOT_YET_EXERCISED,NOT_YET_EXERCISED,NOT_YET_EXERCISED,,,NO,NO,Imported from prior route register classification: NOT_YET_EXERCISED. —
WP16-ROUTE-251,route_screen,Wave 5 — Project Management,/pm/incidents,PM,Incidents,frontend/src/pages/IncidentsDashboard.jsx,NOT_YET_EXERCISED,NOT_YET_EXERCISED,NOT_YET_EXERCISED,NOT_YET_EXERCISED,NOT_YET_EXERCISED,NOT_YET_EXERCISED,NOT_YET_EXERCISED,,,NO,NO,Imported from prior route register classification: NOT_YET_EXERCISED. —
WP16-ROUTE-252,detail_screen,Wave 5 — Project Management,/pm/incidents/:id,PM,Incidents,frontend/src/pages/ViewIncident.jsx,NOT_YET_EXERCISED,NOT_YET_EXERCISED,NOT_YET_EXERCISED,NOT_YET_EXERCISED,NOT_YET_EXERCISED,NOT_YET_EXERCISED,NOT_YET_EXERCISED,,,NO,NO,Imported from prior route register classification: NOT_YET_EXERCISED. —
WP16-ROUTE-253,route_screen,Wave 5 — Project Management,/pm/meetings,PM,Meetings,frontend/src/pages/MeetingsDashboard.jsx,NOT_YET_EXERCISED,NOT_YET_EXERCISED,NOT_YET_EXERCISED,NOT_YET_EXERCISED,NOT_YET_EXERCISED,NOT_YET_EXERCISED,NOT_YET_EXERCISED,,,NO,NO,Imported from prior route register classification: NOT_YET_EXERCISED. —
WP16-ROUTE-254,detail_screen,Wave 5 — Project Management,/pm/meetings/:id,PM,Meetings,frontend/src/pages/ViewMeeting.jsx,NOT_YET_EXERCISED,NOT_YET_EXERCISED,NOT_YET_EXERCISED,NOT_YET_EXERCISED,NOT_YET_EXERCISED,NOT_YET_EXERCISED,NOT_YET_EXERCISED,,,NO,NO,Imported from prior route register classification: NOT_YET_EXERCISED. —
WP16-ROUTE-255,route_screen,Wave 5 — Project Management,/pm/inspections,PM,Inspections,frontend/src/pages/Dashboard.jsx,NOT_YET_EXERCISED,NOT_YET_EXERCISED,NOT_YET_EXERCISED,NOT_YET_EXERCISED,NOT_YET_EXERCISED,NOT_YET_EXERCISED,NOT_YET_EXERCISED,,,NO,NO,Imported from prior route register classification: NOT_YET_EXERCISED. —
WP16-ROUTE-256,detail_screen,Wave 5 — Project Management,/pm/inspections/:id,PM,Inspections,frontend/src/pages/ViewInspection.jsx,NOT_YET_EXERCISED,NOT_YET_EXERCISED,NOT_YET_EXERCISED,NOT_YET_EXERCISED,NOT_YET_EXERCISED,NOT_YET_EXERCISED,NOT_YET_EXERCISED,,,NO,NO,Imported from prior route register classification: NOT_YET_EXERCISED. —
WP16-ROUTE-257,route_screen,Wave 5 — Project Management,/pm/jha-plans,PM,JHA Plans,frontend/src/pages/JhaPlansAdmin.jsx,NOT_YET_EXERCISED,NOT_YET_EXERCISED,NOT_YET_EXERCISED,NOT_YET_EXERCISED,NOT_YET_EXERCISED,NOT_YET_EXERCISED,NOT_YET_EXERCISED,,,NO,NO,Imported from prior route register classification: NOT_YET_EXERCISED. —
WP16-ROUTE-258,route_screen,Wave 5 — Project Management,/pm/trench-boxes,PM,Trench Boxes,frontend/src/pages/TrenchBoxesAdmin.jsx,NOT_YET_EXERCISED,NOT_YET_EXERCISED,NOT_YET_EXERCISED,NOT_YET_EXERCISED,NOT_YET_EXERCISED,NOT_YET_EXERCISED,NOT_YET_EXERCISED,,,NO,NO,Imported from prior route register classification: NOT_YET_EXERCISED. —
WP16-ROUTE-259,route_screen,Wave 5 — Project Management,/pm/equipment,PM,Equipment,frontend/src/pages/EquipmentDashboard.jsx,NOT_YET_EXERCISED,NOT_YET_EXERCISED,NOT_YET_EXERCISED,NOT_YET_EXERCISED,NOT_YET_EXERCISED,NOT_YET_EXERCISED,NOT_YET_EXERCISED,,,NO,NO,Imported from prior route register classification: NOT_YET_EXERCISED. —
WP16-ROUTE-260,detail_screen,Wave 5 — Project Management,/pm/equipment/:id,PM,Equipment,frontend/src/pages/ViewEquipmentInspection.jsx,NOT_YET_EXERCISED,NOT_YET_EXERCISED,NOT_YET_EXERCISED,NOT_YET_EXERCISED,NOT_YET_EXERCISED,NOT_YET_EXERCISED,NOT_YET_EXERCISED,,,NO,NO,Imported from prior route register classification: NOT_YET_EXERCISED. —
WP16-ROUTE-261,route_screen,Wave 5 — Project Management,/pm/trench-safety,PM,Trench Safety,frontend/src/pages/trench_safety/TrenchSafetyHub.jsx,NOT_YET_EXERCISED,NOT_YET_EXERCISED,NOT_YET_EXERCISED,NOT_YET_EXERCISED,NOT_YET_EXERCISED,NOT_YET_EXERCISED,NOT_YET_EXERCISED,,,NO,NO,Imported from prior route register classification: NOT_YET_EXERCISED. —
WP16-ROUTE-262,route_screen,Wave 5 — Project Management,/pm/trench-safety/assets,PM,Trench Safety,frontend/src/pages/trench_safety/TrenchSafetyAssetsList.jsx,NOT_YET_EXERCISED,NOT_YET_EXERCISED,NOT_YET_EXERCISED,NOT_YET_EXERCISED,NOT_YET_EXERCISED,NOT_YET_EXERCISED,NOT_YET_EXERCISED,,,NO,NO,Imported from prior route register classification: NOT_YET_EXERCISED. —
WP16-ROUTE-263,detail_screen,Wave 5 — Project Management,/pm/trench-safety/assets/:assetId,PM,Trench Safety,frontend/src/pages/trench_safety/TrenchSafetyAssetDetail.jsx,NOT_YET_EXERCISED,NOT_YET_EXERCISED,NOT_YET_EXERCISED,NOT_YET_EXERCISED,NOT_YET_EXERCISED,NOT_YET_EXERCISED,NOT_YET_EXERCISED,,,NO,NO,Imported from prior route register classification: NOT_YET_EXERCISED. —
WP16-ROUTE-264,route_screen,Wave 5 — Project Management,/pm/trench-safety/tabulated-data,PM,Trench Safety,frontend/src/pages/trench_safety/TrenchSafetyTabulatedData.jsx,NOT_YET_EXERCISED,NOT_YET_EXERCISED,NOT_YET_EXERCISED,NOT_YET_EXERCISED,NOT_YET_EXERCISED,NOT_YET_EXERCISED,NOT_YET_EXERCISED,,,NO,NO,Imported from prior route register classification: NOT_YET_EXERCISED. —
WP16-ROUTE-265,route_screen,Wave 5 — Project Management,/pm/trench-safety/reports,PM,Trench Safety,frontend/src/pages/trench_safety/TrenchSafetyReports.jsx,NOT_YET_EXERCISED,NOT_YET_EXERCISED,NOT_YET_EXERCISED,NOT_YET_EXERCISED,NOT_YET_EXERCISED,NOT_YET_EXERCISED,NOT_YET_EXERCISED,,,NO,NO,Imported from prior route register classification: NOT_YET_EXERCISED. —
WP16-ROUTE-266,route_screen,Wave 5 — Project Management,/pm/trench-safety/excavations,PM,Trench Safety,frontend/src/pages/trench_safety/ExcavationOversight.jsx,NOT_YET_EXERCISED,NOT_YET_EXERCISED,NOT_YET_EXERCISED,NOT_YET_EXERCISED,NOT_YET_EXERCISED,NOT_YET_EXERCISED,NOT_YET_EXERCISED,,,NO,NO,Imported from prior route register classification: NOT_YET_EXERCISED. —
WP16-ROUTE-414,route_screen,Wave 5 — Project Management,/pm/odr,PM,ODR,frontend/src/pages/odr/OdrPmPanel.jsx,NOT_YET_EXERCISED,NOT_YET_EXERCISED,NOT_YET_EXERCISED,NOT_YET_EXERCISED,NOT_YET_EXERCISED,NOT_YET_EXERCISED,NOT_YET_EXERCISED,,,NO,NO,Imported from prior route register classification: NOT_YET_EXERCISED. —
WP16-ROUTE-433,route_screen,Wave 5 — Project Management,/pm/operational-intelligence,PM,Operational Intelligence,frontend/src/pages/PmOperationalIntelligence.jsx,PRIOR_EVIDENCE_EXISTS_REVERIFY_REQUIRED,PRIOR_EVIDENCE_EXISTS_REVERIFY_REQUIRED,PRIOR_EVIDENCE_EXISTS_REVERIFY_REQUIRED,PRIOR_EVIDENCE_EXISTS_REVERIFY_REQUIRED,PRIOR_EVIDENCE_EXISTS_REVERIFY_REQUIRED,PRIOR_EVIDENCE_EXISTS_REVERIFY_REQUIRED,PRIOR_EVIDENCE_EXISTS_REVERIFY_REQUIRED,See WP16_ROUTE_EXERCISE_REGISTER.md for prior evidence.,,NO,NO,Imported from prior route register classification: FULLY_EXERCISED. PM route `/pm/operational-intelligence` captured with authenticated PM session.
WP16-ROUTE-294,route_screen,Wave 1 — Public Pages & Authentication,/hr/login,HR,Login,frontend/src/pages/HrLogin.jsx,INSPECTED_NO_DEFECT_OBSERVED_NOT_CERTIFIED,INSPECTED_NO_DEFECT_OBSERVED,INSPECTED_NO_DEFECT_OBSERVED,INSPECTED_NO_DEFECT_OBSERVED,INSPECTED_NO_DEFECT_OBSERVED,INSPECTED_NO_DEFECT_OBSERVED,INSPECTED_NO_DEFECT_OBSERVED,Playwright 2026-07-30 route smoke: RESULT::route_/hr/login::PASS. Curl 2026-07-30: POST /api/hr/login returned 200.,,NO,NO,Wave 1 inspection complete. HR login rendered and authenticated successfully in preview. Inline forgot-password dialog inventoried. No defect opened on this surface during inspection.
WP16-ROUTE-499,redirect_route,Wave 1 — Public Pages & Authentication,/hr/forgot,HR,Forgot Password Redirect,frontend/src/pages/HrForgotPassword.jsx,INSPECTED_REDIRECT_ROUTE_REGISTER_GAP_OPEN,REDIRECT_ONLY_CODE_REVIEW,NOT_APPLICABLE_REDIRECT_ONLY,NOT_APPLICABLE_REDIRECT_ONLY,REDIRECT_ONLY_CODE_REVIEW,NOT_APPLICABLE_REDIRECT_ONLY,DEFECT_OPEN,Code review: AppRoutes includes /hr/forgot and frontend/src/pages/HrForgotPassword.jsx redirects to /hr/login. The route was missing from the Wave 1 certification register prior to this inspection.,WP16-W1-009,NO,NO,Active Wave 1 redirect route discovered during inspection and added to the register baseline. Runtime behavior is a legacy redirect backstop to /hr/login; the control defect is the prior omission from the authoritative register.
WP16-ROUTE-297,route_screen,Wave 4 — HR,/hr/forgot,HR,Forgot,frontend/src/pages/HrForgotPassword.jsx,INSPECTED_REDIRECT_ROUTE_REGISTER_GAP_OPEN,REDIRECT_ONLY_CODE_REVIEW,NOT_APPLICABLE_REDIRECT_ONLY,NOT_APPLICABLE_REDIRECT_ONLY,REDIRECT_ONLY_CODE_REVIEW,NOT_APPLICABLE_REDIRECT_ONLY,DEFECT_OPEN,Code review: AppRoutes includes /hr/forgot and frontend/src/pages/HrForgotPassword.jsx redirects to /hr/login. The route was missing from the Wave 1 certification register prior to this inspection.,WP16-W1-009,NO,NO,Active Wave 1 redirect route discovered during inspection and added to the register baseline. Runtime behavior is a legacy redirect backstop to /hr/login; the control defect is the prior omission from the authoritative register.
WP16-ROUTE-298,detail_screen,Wave 1 — Public Pages & Authentication,/hr/reset/:token,HR,Reset,frontend/src/pages/HrResetPassword.jsx,INSPECTED_FORM_LOAD_ONLY_NOT_CERTIFIED,PARTIAL_EVIDENCE,INSPECTED_NO_DEFECT_OBSERVED,INSPECTED_NO_DEFECT_OBSERVED,PARTIAL_EVIDENCE,INSPECTED_NO_DEFECT_OBSERVED,INSPECTED_NO_DEFECT_OBSERVED,Playwright 2026-07-30 route smoke: RESULT::route_/hr/reset/test-token::PASS. Code review: frontend/src/pages/HrResetPassword.jsx.,,NO,NO,"Wave 1 inspection completed to form-render level only. Reset screen loaded cleanly with a placeholder token, but no live reset token was exercised in this pass. No defect opened from the inspected surface state."
WP16-ROUTE-299,route_screen,Wave 1 — Public Pages & Authentication,/hr/change-password,HR,Change Password,frontend/src/pages/HrChangePassword.jsx,INSPECTED_NO_DEFECT_OBSERVED_NOT_CERTIFIED,INSPECTED_AUTHENTICATED_FORM_VERIFIED,INSPECTED_NO_DEFECT_OBSERVED,INSPECTED_NO_DEFECT_OBSERVED,INSPECTED_AUTHENTICATED_FORM_VERIFIED,INSPECTED_NO_DEFECT_OBSERVED,INSPECTED_NO_DEFECT_OBSERVED,Playwright 2026-07-30: RESULT::hr_change_password::PASS. Code review: frontend/src/pages/HrChangePassword.jsx.,,NO,NO,Wave 1 inspection complete. HR authenticated change-password route rendered in the canonical auth shell and passed focused preview verification. No defect opened during this inspection.
WP16-ROUTE-300,route_screen,Wave 2 — Homepage / Dashboard,/hr,HR,HR,frontend/src/pages/HrHubV2.jsx,BLOCKED_PRIOR_EVIDENCE,BLOCKED,NOT_YET_EXERCISED,NOT_YET_EXERCISED,NOT_YET_EXERCISED,NOT_YET_EXERCISED,NOT_YET_EXERCISED,See WP16_ROUTE_EXERCISE_REGISTER.md for prior evidence.,,NO,NO,Imported from prior route register classification: BLOCKED_API_FAILURE. HR home rendered with the accepted employee-completeness 403 defect.
WP16-ROUTE-301,route_screen,Wave 2 — Homepage / Dashboard,/hr/hub_legacy,HR,HUB Legacy,frontend/src/pages/HrHub.jsx,PRIOR_EVIDENCE_EXISTS_REVERIFY_REQUIRED,PRIOR_EVIDENCE_EXISTS_REVERIFY_REQUIRED,PRIOR_EVIDENCE_EXISTS_REVERIFY_REQUIRED,PRIOR_EVIDENCE_EXISTS_REVERIFY_REQUIRED,PRIOR_EVIDENCE_EXISTS_REVERIFY_REQUIRED,PRIOR_EVIDENCE_EXISTS_REVERIFY_REQUIRED,PRIOR_EVIDENCE_EXISTS_REVERIFY_REQUIRED,See WP16_ROUTE_EXERCISE_REGISTER.md for prior evidence.,,NO,NO,Imported from prior route register classification: FULLY_EXERCISED. HR route `/hr/hub_legacy` captured under authenticated HR session.
WP16-ROUTE-302,route_screen,Wave 2 — Homepage / Dashboard,/hr/hub_v2,HR,HUB V2,frontend/src/pages/HrHubV2.jsx,PRIOR_EVIDENCE_EXISTS_REVERIFY_REQUIRED,PRIOR_EVIDENCE_EXISTS_REVERIFY_REQUIRED,PRIOR_EVIDENCE_EXISTS_REVERIFY_REQUIRED,PRIOR_EVIDENCE_EXISTS_REVERIFY_REQUIRED,PRIOR_EVIDENCE_EXISTS_REVERIFY_REQUIRED,PRIOR_EVIDENCE_EXISTS_REVERIFY_REQUIRED,PRIOR_EVIDENCE_EXISTS_REVERIFY_REQUIRED,See WP16_ROUTE_EXERCISE_REGISTER.md for prior evidence.,,NO,NO,Imported from prior route register classification: FULLY_EXERCISED. HR route `/hr/hub_v2` captured under authenticated HR session.
WP16-ROUTE-303,route_screen,Wave 4 — HR,/hr/field-leadership,HR,Field Leadership,frontend/src/pages/HrFieldLeadership.jsx,PRIOR_EVIDENCE_EXISTS_REVERIFY_REQUIRED,PRIOR_EVIDENCE_EXISTS_REVERIFY_REQUIRED,PRIOR_EVIDENCE_EXISTS_REVERIFY_REQUIRED,PRIOR_EVIDENCE_EXISTS_REVERIFY_REQUIRED,PRIOR_EVIDENCE_EXISTS_REVERIFY_REQUIRED,PRIOR_EVIDENCE_EXISTS_REVERIFY_REQUIRED,PRIOR_EVIDENCE_EXISTS_REVERIFY_REQUIRED,See WP16_ROUTE_EXERCISE_REGISTER.md for prior evidence.,,NO,NO,Imported from prior route register classification: FULLY_EXERCISED. HR route `/hr/field-leadership` captured under authenticated HR session.
WP16-ROUTE-304,route_screen,Wave 4 — HR,/hr/field-leadership-users,HR,Field Leadership Users,frontend/src/pages/HrFieldLeadershipUsers.jsx,BLOCKED_PRIOR_EVIDENCE,BLOCKED,NOT_YET_EXERCISED,NOT_YET_EXERCISED,NOT_YET_EXERCISED,NOT_YET_EXERCISED,NOT_YET_EXERCISED,See WP16_ROUTE_EXERCISE_REGISTER.md for prior evidence.,,NO,NO,Imported from prior route register classification: BLOCKED_API_FAILURE. HR field leadership users rendered with 401-backed degradation.
WP16-ROUTE-305,route_screen,Wave 4 — HR,/hr/employee-accountability,HR,Employee Accountability,frontend/src/pages/HrEmployeeAccountability.jsx,BLOCKED_PRIOR_EVIDENCE,BLOCKED,NOT_YET_EXERCISED,NOT_YET_EXERCISED,NOT_YET_EXERCISED,NOT_YET_EXERCISED,NOT_YET_EXERCISED,See WP16_ROUTE_EXERCISE_REGISTER.md for prior evidence.,,NO,NO,Imported from prior route register classification: BLOCKED_API_FAILURE. HR employee accountability rendered with employee-request / time-off endpoint failures.
WP16-ROUTE-306,route_screen,Wave 4 — HR,/hr/time-verification,HR,Time Verification,frontend/src/pages/HrTimeVerification.jsx,PRIOR_EVIDENCE_EXISTS_REVERIFY_REQUIRED,PRIOR_EVIDENCE_EXISTS_REVERIFY_REQUIRED,PRIOR_EVIDENCE_EXISTS_REVERIFY_REQUIRED,PRIOR_EVIDENCE_EXISTS_REVERIFY_REQUIRED,PRIOR_EVIDENCE_EXISTS_REVERIFY_REQUIRED,PRIOR_EVIDENCE_EXISTS_REVERIFY_REQUIRED,PRIOR_EVIDENCE_EXISTS_REVERIFY_REQUIRED,See WP16_ROUTE_EXERCISE_REGISTER.md for prior evidence.,,NO,NO,Imported from prior route register classification: FULLY_EXERCISED. HR route `/hr/time-verification` captured under authenticated HR session.
WP16-ROUTE-307,route_screen,Wave 4 — HR,/hr/time-off,HR,Time OFF,frontend/src/pages/HrTimeOff.jsx,BLOCKED_PRIOR_EVIDENCE,BLOCKED,NOT_YET_EXERCISED,NOT_YET_EXERCISED,NOT_YET_EXERCISED,NOT_YET_EXERCISED,NOT_YET_EXERCISED,See WP16_ROUTE_EXERCISE_REGISTER.md for prior evidence.,,NO,NO,Imported from prior route register classification: BLOCKED_API_FAILURE. HR time-off route rendered with 404/405-backed degradation.
WP16-ROUTE-308,route_screen,Wave 4 — HR,/hr/payroll-variance,HR,Payroll Variance,frontend/src/pages/HrPayrollVariance.jsx,PRIOR_EVIDENCE_EXISTS_REVERIFY_REQUIRED,PRIOR_EVIDENCE_EXISTS_REVERIFY_REQUIRED,PRIOR_EVIDENCE_EXISTS_REVERIFY_REQUIRED,PRIOR_EVIDENCE_EXISTS_REVERIFY_REQUIRED,PRIOR_EVIDENCE_EXISTS_REVERIFY_REQUIRED,PRIOR_EVIDENCE_EXISTS_REVERIFY_REQUIRED,PRIOR_EVIDENCE_EXISTS_REVERIFY_REQUIRED,See WP16_ROUTE_EXERCISE_REGISTER.md for prior evidence.,,NO,NO,Imported from prior route register classification: FULLY_EXERCISED. HR route `/hr/payroll-variance` captured under authenticated HR session.
WP16-ROUTE-309,route_screen,Wave 4 — HR,/hr/training-records,HR,Training Records,frontend/src/pages/HrTrainingRecords.jsx,PRIOR_EVIDENCE_EXISTS_REVERIFY_REQUIRED,PRIOR_EVIDENCE_EXISTS_REVERIFY_REQUIRED,PRIOR_EVIDENCE_EXISTS_REVERIFY_REQUIRED,PRIOR_EVIDENCE_EXISTS_REVERIFY_REQUIRED,PRIOR_EVIDENCE_EXISTS_REVERIFY_REQUIRED,PRIOR_EVIDENCE_EXISTS_REVERIFY_REQUIRED,PRIOR_EVIDENCE_EXISTS_REVERIFY_REQUIRED,See WP16_ROUTE_EXERCISE_REGISTER.md for prior evidence.,,NO,NO,Imported from prior route register classification: FULLY_EXERCISED. HR route `/hr/training-records` captured under authenticated HR session.
WP16-ROUTE-310,route_screen,Wave 4 — HR,/hr/qualifications,HR,Qualifications,frontend/src/pages/EmployeeLifecycleQualifications.jsx,PRIOR_EVIDENCE_EXISTS_REVERIFY_REQUIRED,PRIOR_EVIDENCE_EXISTS_REVERIFY_REQUIRED,PRIOR_EVIDENCE_EXISTS_REVERIFY_REQUIRED,PRIOR_EVIDENCE_EXISTS_REVERIFY_REQUIRED,PRIOR_EVIDENCE_EXISTS_REVERIFY_REQUIRED,PRIOR_EVIDENCE_EXISTS_REVERIFY_REQUIRED,PRIOR_EVIDENCE_EXISTS_REVERIFY_REQUIRED,See WP16_ROUTE_EXERCISE_REGISTER.md for prior evidence.,,NO,NO,Imported from prior route register classification: FULLY_EXERCISED. HR route `/hr/qualifications` captured under authenticated HR session.
WP16-ROUTE-311,route_screen,Wave 4 — HR,/hr/driver-qualification,HR,Driver Qualification,frontend/src/pages/HrDriverQualificationDashboard.jsx,BLOCKED_PRIOR_EVIDENCE,BLOCKED,NOT_YET_EXERCISED,NOT_YET_EXERCISED,NOT_YET_EXERCISED,NOT_YET_EXERCISED,NOT_YET_EXERCISED,See WP16_ROUTE_EXERCISE_REGISTER.md for prior evidence.,,NO,NO,Imported from prior route register classification: BLOCKED_API_FAILURE. HR driver qualification rendered with dashboard 403 degradation.
WP16-ROUTE-312,route_screen,Wave 4 — HR,/hr/driver-qualification/import,HR,Driver Qualification,frontend/src/pages/HrDriverQualificationImport.jsx,BLOCKED_PRIOR_EVIDENCE,BLOCKED,NOT_YET_EXERCISED,NOT_YET_EXERCISED,NOT_YET_EXERCISED,NOT_YET_EXERCISED,NOT_YET_EXERCISED,See WP16_ROUTE_EXERCISE_REGISTER.md for prior evidence.,,NO,NO,Imported from prior route register classification: BLOCKED_API_FAILURE. HR DQ import rendered with audit 403 degradation.
WP16-ROUTE-313,route_screen,Wave 4 — HR,/hr/daily-reports,HR,Daily Reports,frontend/src/pages/HrDailyReports.jsx,PRIOR_EVIDENCE_EXISTS_REVERIFY_REQUIRED,PRIOR_EVIDENCE_EXISTS_REVERIFY_REQUIRED,PRIOR_EVIDENCE_EXISTS_REVERIFY_REQUIRED,PRIOR_EVIDENCE_EXISTS_REVERIFY_REQUIRED,PRIOR_EVIDENCE_EXISTS_REVERIFY_REQUIRED,PRIOR_EVIDENCE_EXISTS_REVERIFY_REQUIRED,PRIOR_EVIDENCE_EXISTS_REVERIFY_REQUIRED,See WP16_ROUTE_EXERCISE_REGISTER.md for prior evidence.,,NO,NO,Imported from prior route register classification: FULLY_EXERCISED. HR route `/hr/daily-reports` captured under authenticated HR session.
WP16-ROUTE-314,detail_screen,Wave 4 — HR,/hr/daily-reports/:id,HR,Daily Reports,frontend/src/pages/ViewDailyReport.jsx,NOT_YET_EXERCISED,NOT_YET_EXERCISED,NOT_YET_EXERCISED,NOT_YET_EXERCISED,NOT_YET_EXERCISED,NOT_YET_EXERCISED,NOT_YET_EXERCISED,,,NO,NO,Imported from prior route register classification: NOT_YET_EXERCISED. —
WP16-ROUTE-315,route_screen,Wave 4 — HR,/hr/motive-drivers,HR,Motive Drivers,frontend/src/pages/HrMotiveDrivers.jsx,BLOCKED_PRIOR_EVIDENCE,BLOCKED,NOT_YET_EXERCISED,NOT_YET_EXERCISED,NOT_YET_EXERCISED,NOT_YET_EXERCISED,NOT_YET_EXERCISED,See WP16_ROUTE_EXERCISE_REGISTER.md for prior evidence.,,NO,NO,Imported from prior route register classification: BLOCKED_API_FAILURE. HR motive drivers rendered with cleanup endpoint 401 degradation.
WP16-ROUTE-316,detail_screen,Wave 4 — HR,/hr/driver/:driverKey,HR,Driver,frontend/src/pages/HrDriverProfile.jsx,NOT_YET_EXERCISED,NOT_YET_EXERCISED,NOT_YET_EXERCISED,NOT_YET_EXERCISED,NOT_YET_EXERCISED,NOT_YET_EXERCISED,NOT_YET_EXERCISED,,,NO,NO,Imported from prior route register classification: NOT_YET_EXERCISED. —
WP16-ROUTE-349,route_screen,Wave 4 — HR,/hr/safety-records,HR,Safety Records,frontend/src/pages/HrSafetyRecords.jsx,PRIOR_EVIDENCE_EXISTS_REVERIFY_REQUIRED,PRIOR_EVIDENCE_EXISTS_REVERIFY_REQUIRED,PRIOR_EVIDENCE_EXISTS_REVERIFY_REQUIRED,PRIOR_EVIDENCE_EXISTS_REVERIFY_REQUIRED,PRIOR_EVIDENCE_EXISTS_REVERIFY_REQUIRED,PRIOR_EVIDENCE_EXISTS_REVERIFY_REQUIRED,PRIOR_EVIDENCE_EXISTS_REVERIFY_REQUIRED,See WP16_ROUTE_EXERCISE_REGISTER.md for prior evidence.,,NO,NO,Imported from prior route register classification: FULLY_EXERCISED. HR route `/hr/safety-records` captured under authenticated HR session. Phase 4 interaction evidence: add-training inline form captured.
WP16-ROUTE-392,route_screen,Wave 4 — HR,/hr/employees,HR,Employees,frontend/src/pages/HrEmployees.jsx,BLOCKED_PRIOR_EVIDENCE,BLOCKED,NOT_YET_EXERCISED,NOT_YET_EXERCISED,NOT_YET_EXERCISED,NOT_YET_EXERCISED,NOT_YET_EXERCISED,See WP16_ROUTE_EXERCISE_REGISTER.md for prior evidence.,,NO,NO,Imported from prior route register classification: BLOCKED_API_FAILURE. 403 responses observed from /api/hr/employees/facets and /api/hr/employees?bucket=active Phase 4 interaction evidence: bucket filter and add dialog state captured.
WP16-ROUTE-393,route_screen,Wave 4 — HR,/hr/employee-requests,HR,Employee Requests,frontend/src/pages/HrEmployeeRequestsQueue.jsx,BLOCKED_PRIOR_EVIDENCE,BLOCKED,NOT_YET_EXERCISED,NOT_YET_EXERCISED,NOT_YET_EXERCISED,NOT_YET_EXERCISED,NOT_YET_EXERCISED,See WP16_ROUTE_EXERCISE_REGISTER.md for prior evidence.,,NO,NO,Imported from prior route register classification: BLOCKED_API_FAILURE. HR employee requests rendered with 405-backed degradation.
WP16-ROUTE-394,detail_screen,Wave 4 — HR,/hr/employees/:id/accountability,HR,Employees,frontend/src/pages/HrEmployeeAccountabilityTimeline.jsx,NOT_YET_EXERCISED,NOT_YET_EXERCISED,NOT_YET_EXERCISED,NOT_YET_EXERCISED,NOT_YET_EXERCISED,NOT_YET_EXERCISED,NOT_YET_EXERCISED,,,NO,NO,Imported from prior route register classification: NOT_YET_EXERCISED. —
WP16-ROUTE-395,detail_screen,Wave 4 — HR,/hr/employees/:id/thread,HR,Employees,frontend/src/pages/HrEmployeeThread.jsx,NOT_YET_EXERCISED,NOT_YET_EXERCISED,NOT_YET_EXERCISED,NOT_YET_EXERCISED,NOT_YET_EXERCISED,NOT_YET_EXERCISED,NOT_YET_EXERCISED,,,NO,NO,Imported from prior route register classification: NOT_YET_EXERCISED. —
WP16-ROUTE-396,detail_screen,Wave 4 — HR,/hr/employees/:empId/profile,HR,Employees,frontend/src/pages/EmployeeProfile.jsx,NOT_YET_EXERCISED,NOT_YET_EXERCISED,NOT_YET_EXERCISED,NOT_YET_EXERCISED,NOT_YET_EXERCISED,NOT_YET_EXERCISED,NOT_YET_EXERCISED,,,NO,NO,Imported from prior route register classification: NOT_YET_EXERCISED. —
WP16-ROUTE-397,route_screen,Wave 4 — HR,/hr/historical-records/intake,HR,Historical Records,frontend/src/pages/HistoricalRecordsIntake.jsx,NOT_YET_EXERCISED,NOT_YET_EXERCISED,NOT_YET_EXERCISED,NOT_YET_EXERCISED,NOT_YET_EXERCISED,NOT_YET_EXERCISED,NOT_YET_EXERCISED,See WP16_ROUTE_EXERCISE_REGISTER.md for prior evidence.,,NO,NO,Imported from prior route register classification: BLOCKED_RUNTIME_FAILURE. HR historical intake hit a 500 on employee-record vocabulary.
WP16-ROUTE-398,route_screen,Wave 4 — HR,/hr/historical-records/queue,HR,Historical Records,frontend/src/pages/HistoricalRecordsQueue.jsx,NOT_YET_EXERCISED,NOT_YET_EXERCISED,NOT_YET_EXERCISED,NOT_YET_EXERCISED,NOT_YET_EXERCISED,NOT_YET_EXERCISED,NOT_YET_EXERCISED,,,NO,NO,Imported from prior route register classification: NOT_YET_EXERCISED. —
WP16-ROUTE-399,route_screen,Wave 4 — HR,/hr/historical-records/batches,HR,Historical Records,frontend/src/pages/HistoricalRecordsBatches.jsx,NOT_YET_EXERCISED,NOT_YET_EXERCISED,NOT_YET_EXERCISED,NOT_YET_EXERCISED,NOT_YET_EXERCISED,NOT_YET_EXERCISED,NOT_YET_EXERCISED,,,NO,NO,Imported from prior route register classification: NOT_YET_EXERCISED. —
WP16-ROUTE-400,detail_screen,Wave 4 — HR,/hr/historical-records/batches/:batchId,HR,Historical Records,frontend/src/pages/HistoricalRecordsBatchDetail.jsx,NOT_YET_EXERCISED,NOT_YET_EXERCISED,NOT_YET_EXERCISED,NOT_YET_EXERCISED,NOT_YET_EXERCISED,NOT_YET_EXERCISED,NOT_YET_EXERCISED,,,NO,NO,Imported from prior route register classification: NOT_YET_EXERCISED. —
WP16-ROUTE-401,route_screen,Wave 4 — HR,/hr/incidents,HR,Incidents,frontend/src/pages/HrIncidents.jsx,NOT_YET_EXERCISED,NOT_YET_EXERCISED,NOT_YET_EXERCISED,NOT_YET_EXERCISED,NOT_YET_EXERCISED,NOT_YET_EXERCISED,NOT_YET_EXERCISED,,,NO,NO,Imported from prior route register classification: NOT_YET_EXERCISED. —
WP16-ROUTE-004,route_screen,Wave 1 — Public Pages & Authentication,/safety/forms/login,Safety,Forms,frontend/src/pages/SafetyFormsLogin.jsx,INSPECTED_DEFECT_OPEN,DEFECT_OPEN,INSPECTED_NO_DEFECT_OBSERVED,INSPECTED_NO_DEFECT_OBSERVED,DEFECT_OPEN,INSPECTED_NO_DEFECT_OBSERVED,INSPECTED_NO_DEFECT_OBSERVED,Playwright 2026-07-30: RESULT::safety_forms_remember_me_persistence::FAIL (token_after_load=<cleared>). Code review: frontend/src/pages/SafetyFormsLogin.jsx:24-26.,WP16-W1-003,NO,NO,"Wave 1 inspection found a remember-me defect. Safety Forms login clears its own token on mount, defeating the remembered session behavior advertised on the page. Not certified; repair deferred."
WP16-ROUTE-005,route_screen,Wave 6 — Safety,/safety/forms,Safety,Forms,frontend/src/pages/SafetyFormsHub.jsx,NOT_YET_EXERCISED,NOT_YET_EXERCISED,NOT_YET_EXERCISED,NOT_YET_EXERCISED,NOT_YET_EXERCISED,NOT_YET_EXERCISED,NOT_YET_EXERCISED,See WP16_ROUTE_EXERCISE_REGISTER.md for prior evidence.,,NO,NO,Imported from prior route register classification: BLOCKED_AUTHENTICATION. Safety forms root redirected to elevated sign-in gate.
WP16-ROUTE-006,route_screen,Wave 6 — Safety,/safety/forms/equipment-issuance/new,Safety,Forms,frontend/src/pages/NewSafetyEquipmentIssuance.jsx,NOT_YET_EXERCISED,NOT_YET_EXERCISED,NOT_YET_EXERCISED,NOT_YET_EXERCISED,NOT_YET_EXERCISED,NOT_YET_EXERCISED,NOT_YET_EXERCISED,See WP16_ROUTE_EXERCISE_REGISTER.md for prior evidence.,,NO,NO,Imported from prior route register classification: BLOCKED_AUTHENTICATION. Equipment issuance form requires elevated safety-forms sign-in.
WP16-ROUTE-007,detail_screen,Wave 6 — Safety,/safety/forms/equipment-issuance/:id,Safety,Forms,frontend/src/pages/ViewSafetyForm.jsx,NOT_YET_EXERCISED,NOT_YET_EXERCISED,NOT_YET_EXERCISED,NOT_YET_EXERCISED,NOT_YET_EXERCISED,NOT_YET_EXERCISED,NOT_YET_EXERCISED,,,NO,NO,Imported from prior route register classification: NOT_YET_EXERCISED. —
WP16-ROUTE-008,detail_screen,Wave 6 — Safety,/safety/forms/equipment-issuance/:id/return,Safety,Forms,frontend/src/pages/ReturnEquipment.jsx,NOT_YET_EXERCISED,NOT_YET_EXERCISED,NOT_YET_EXERCISED,NOT_YET_EXERCISED,NOT_YET_EXERCISED,NOT_YET_EXERCISED,NOT_YET_EXERCISED,,,NO,NO,Imported from prior route register classification: NOT_YET_EXERCISED. —
WP16-ROUTE-009,route_screen,Wave 6 — Safety,/safety/forms/equipment-training/new,Safety,Forms,frontend/src/pages/NewSafetyEquipmentTraining.jsx,NOT_YET_EXERCISED,NOT_YET_EXERCISED,NOT_YET_EXERCISED,NOT_YET_EXERCISED,NOT_YET_EXERCISED,NOT_YET_EXERCISED,NOT_YET_EXERCISED,See WP16_ROUTE_EXERCISE_REGISTER.md for prior evidence.,,NO,NO,Imported from prior route register classification: BLOCKED_AUTHENTICATION. Equipment training form requires elevated safety-forms sign-in.
WP16-ROUTE-010,detail_screen,Wave 6 — Safety,/safety/forms/equipment-training/:id,Safety,Forms,frontend/src/pages/ViewSafetyForm.jsx,NOT_YET_EXERCISED,NOT_YET_EXERCISED,NOT_YET_EXERCISED,NOT_YET_EXERCISED,NOT_YET_EXERCISED,NOT_YET_EXERCISED,NOT_YET_EXERCISED,,,NO,NO,Imported from prior route register classification: NOT_YET_EXERCISED. —
WP16-ROUTE-011,route_screen,Wave 6 — Safety,/safety/cards,Safety,Cards,frontend/src/pages/FieldSafetyCards.jsx,PRIOR_EVIDENCE_EXISTS_REVERIFY_REQUIRED,PRIOR_EVIDENCE_EXISTS_REVERIFY_REQUIRED,PRIOR_EVIDENCE_EXISTS_REVERIFY_REQUIRED,PRIOR_EVIDENCE_EXISTS_REVERIFY_REQUIRED,PRIOR_EVIDENCE_EXISTS_REVERIFY_REQUIRED,PRIOR_EVIDENCE_EXISTS_REVERIFY_REQUIRED,PRIOR_EVIDENCE_EXISTS_REVERIFY_REQUIRED,See WP16_ROUTE_EXERCISE_REGISTER.md for prior evidence.,,NO,NO,Imported from prior route register classification: FULLY_EXERCISED. Safety cards dashboard captured.
WP16-ROUTE-030,route_screen,Wave 6 — Safety,/safety/inspections/new,Safety,Inspections,frontend/src/pages/NewInspection.jsx,NOT_YET_EXERCISED,NOT_YET_EXERCISED,NOT_YET_EXERCISED,NOT_YET_EXERCISED,NOT_YET_EXERCISED,NOT_YET_EXERCISED,NOT_YET_EXERCISED,See WP16_ROUTE_EXERCISE_REGISTER.md for prior evidence.,,NO,NO,Imported from prior route register classification: BLOCKED_AUTHENTICATION. Safety inspections NEW route redirected to sign-in gate.
WP16-ROUTE-052,detail_screen,Wave 6 — Safety,/safety/cases/:caseId,Safety,Cases,frontend/src/pages/SafetyCaseWorkspace.jsx,NOT_YET_EXERCISED,NOT_YET_EXERCISED,NOT_YET_EXERCISED,NOT_YET_EXERCISED,NOT_YET_EXERCISED,NOT_YET_EXERCISED,NOT_YET_EXERCISED,,,NO,NO,Imported from prior route register classification: NOT_YET_EXERCISED. —
WP16-ROUTE-053,detail_screen,Wave 6 — Safety,/safety/incidents/:caseId/thread,Safety,Incidents,frontend/src/pages/SafetyIncidentThread.jsx,NOT_YET_EXERCISED,NOT_YET_EXERCISED,NOT_YET_EXERCISED,NOT_YET_EXERCISED,NOT_YET_EXERCISED,NOT_YET_EXERCISED,NOT_YET_EXERCISED,,,NO,NO,Imported from prior route register classification: NOT_YET_EXERCISED. —
WP16-ROUTE-054,route_screen,Wave 6 — Safety,/safety/executive-intelligence,Safety,Executive Intelligence,frontend/src/pages/ExecutiveIntelligence.jsx,PRIOR_EVIDENCE_EXISTS_REVERIFY_REQUIRED,PRIOR_EVIDENCE_EXISTS_REVERIFY_REQUIRED,PRIOR_EVIDENCE_EXISTS_REVERIFY_REQUIRED,PRIOR_EVIDENCE_EXISTS_REVERIFY_REQUIRED,PRIOR_EVIDENCE_EXISTS_REVERIFY_REQUIRED,PRIOR_EVIDENCE_EXISTS_REVERIFY_REQUIRED,PRIOR_EVIDENCE_EXISTS_REVERIFY_REQUIRED,See WP16_ROUTE_EXERCISE_REGISTER.md for prior evidence.,,NO,NO,Imported from prior route register classification: FULLY_EXERCISED. Safety executive intelligence page rendered.
WP16-ROUTE-055,detail_screen,Wave 6 — Safety,/safety/cases/:caseId/reports/:reportType,Safety,Cases,frontend/src/pages/IncidentReportViewer.jsx,NOT_YET_EXERCISED,NOT_YET_EXERCISED,NOT_YET_EXERCISED,NOT_YET_EXERCISED,NOT_YET_EXERCISED,NOT_YET_EXERCISED,NOT_YET_EXERCISED,,,NO,NO,Imported from prior route register classification: NOT_YET_EXERCISED. —
WP16-ROUTE-056,detail_screen,Wave 6 — Safety,/safety/cases/:caseId/executive-report,Safety,Cases,frontend/src/pages/ExecutiveCaseReport.jsx,NOT_YET_EXERCISED,NOT_YET_EXERCISED,NOT_YET_EXERCISED,NOT_YET_EXERCISED,NOT_YET_EXERCISED,NOT_YET_EXERCISED,NOT_YET_EXERCISED,,,NO,NO,Imported from prior route register classification: NOT_YET_EXERCISED. —
WP16-ROUTE-074,redirect_route,Wave 6 — Safety,/safety/jha,Safety,JHA,Navigate,REDIRECT_BEHAVIOR_PENDING,PENDING_REDIRECT_CHECK,PENDING_REDIRECT_CHECK,PENDING_REDIRECT_CHECK,PENDING_REDIRECT_CHECK,PENDING_REDIRECT_CHECK,NOT_APPLICABLE,See WP16_ROUTE_EXERCISE_REGISTER.md for prior evidence.,,NO,NO,Imported from prior route register classification: REDIRECT_ONLY. Redirect target: /jha
WP16-ROUTE-075,redirect_route,Wave 6 — Safety,/safety/trench-boxes,Safety,Trench Boxes,Navigate,REDIRECT_BEHAVIOR_PENDING,PENDING_REDIRECT_CHECK,PENDING_REDIRECT_CHECK,PENDING_REDIRECT_CHECK,PENDING_REDIRECT_CHECK,PENDING_REDIRECT_CHECK,NOT_APPLICABLE,See WP16_ROUTE_EXERCISE_REGISTER.md for prior evidence.,,NO,NO,Imported from prior route register classification: REDIRECT_ONLY. Redirect target: /trench-boxes
WP16-ROUTE-076,route_screen,Wave 6 — Safety,/safety/trench-safety,Safety,Trench Safety,frontend/src/pages/trench_safety/TrenchSafetyHub.jsx,NOT_YET_EXERCISED,NOT_YET_EXERCISED,NOT_YET_EXERCISED,NOT_YET_EXERCISED,NOT_YET_EXERCISED,NOT_YET_EXERCISED,NOT_YET_EXERCISED,See WP16_ROUTE_EXERCISE_REGISTER.md for prior evidence.,,NO,NO,Imported from prior route register classification: BLOCKED_AUTHENTICATION. Safety trench dashboard redirected to sign-in gate.
WP16-ROUTE-077,route_screen,Wave 6 — Safety,/safety/trench-safety/assets,Safety,Trench Safety,frontend/src/pages/trench_safety/TrenchSafetyAssetsList.jsx,NOT_YET_EXERCISED,NOT_YET_EXERCISED,NOT_YET_EXERCISED,NOT_YET_EXERCISED,NOT_YET_EXERCISED,NOT_YET_EXERCISED,NOT_YET_EXERCISED,See WP16_ROUTE_EXERCISE_REGISTER.md for prior evidence.,,NO,NO,Imported from prior route register classification: BLOCKED_AUTHENTICATION. Safety trench assets redirected to sign-in gate.
WP16-ROUTE-078,detail_screen,Wave 6 — Safety,/safety/trench-safety/assets/:assetId,Safety,Trench Safety,frontend/src/pages/trench_safety/TrenchSafetyAssetDetail.jsx,NOT_YET_EXERCISED,NOT_YET_EXERCISED,NOT_YET_EXERCISED,NOT_YET_EXERCISED,NOT_YET_EXERCISED,NOT_YET_EXERCISED,NOT_YET_EXERCISED,,,NO,NO,Imported from prior route register classification: NOT_YET_EXERCISED. —
WP16-ROUTE-079,route_screen,Wave 6 — Safety,/safety/trench-safety/tabulated-data,Safety,Trench Safety,frontend/src/pages/trench_safety/TrenchSafetyTabulatedData.jsx,NOT_YET_EXERCISED,NOT_YET_EXERCISED,NOT_YET_EXERCISED,NOT_YET_EXERCISED,NOT_YET_EXERCISED,NOT_YET_EXERCISED,NOT_YET_EXERCISED,See WP16_ROUTE_EXERCISE_REGISTER.md for prior evidence.,,NO,NO,Imported from prior route register classification: BLOCKED_AUTHENTICATION. Safety trench tabulated data redirected to sign-in gate.
WP16-ROUTE-080,route_screen,Wave 6 — Safety,/safety/trench-safety/reports,Safety,Trench Safety,frontend/src/pages/trench_safety/TrenchSafetyReports.jsx,NOT_YET_EXERCISED,NOT_YET_EXERCISED,NOT_YET_EXERCISED,NOT_YET_EXERCISED,NOT_YET_EXERCISED,NOT_YET_EXERCISED,NOT_YET_EXERCISED,See WP16_ROUTE_EXERCISE_REGISTER.md for prior evidence.,,NO,NO,Imported from prior route register classification: BLOCKED_AUTHENTICATION. Safety trench reports redirected to sign-in gate.
WP16-ROUTE-081,route_screen,Wave 6 — Safety,/safety/trench-safety/excavations,Safety,Trench Safety,frontend/src/pages/trench_safety/ExcavationOversight.jsx,NOT_YET_EXERCISED,NOT_YET_EXERCISED,NOT_YET_EXERCISED,NOT_YET_EXERCISED,NOT_YET_EXERCISED,NOT_YET_EXERCISED,NOT_YET_EXERCISED,See WP16_ROUTE_EXERCISE_REGISTER.md for prior evidence.,,NO,NO,Imported from prior route register classification: BLOCKED_AUTHENTICATION. Safety trench excavations redirected to sign-in gate.
WP16-ROUTE-084,route_screen,Wave 6 — Safety,/safety/trench-safety/repair-review,Safety,Trench Safety,frontend/src/pages/trench_safety/TrenchSafetyRepairReviewPage.jsx,NOT_YET_EXERCISED,NOT_YET_EXERCISED,NOT_YET_EXERCISED,NOT_YET_EXERCISED,NOT_YET_EXERCISED,NOT_YET_EXERCISED,NOT_YET_EXERCISED,See WP16_ROUTE_EXERCISE_REGISTER.md for prior evidence.,,NO,NO,Imported from prior route register classification: BLOCKED_AUTHENTICATION. Safety repair-review redirected to sign-in gate.
WP16-ROUTE-085,route_screen,Wave 6 — Safety,/safety/trench-safety/field-reports,Safety,Trench Safety,frontend/src/pages/trench_safety/TrenchSafetyFieldReportsPage.jsx,NOT_YET_EXERCISED,NOT_YET_EXERCISED,NOT_YET_EXERCISED,NOT_YET_EXERCISED,NOT_YET_EXERCISED,NOT_YET_EXERCISED,NOT_YET_EXERCISED,See WP16_ROUTE_EXERCISE_REGISTER.md for prior evidence.,,NO,NO,Imported from prior route register classification: BLOCKED_AUTHENTICATION. Safety field reports redirected to sign-in gate.
WP16-ROUTE-086,redirect_route,Wave 6 — Safety,/safety-portal/trench-safety,Safety,Trench Safety,Navigate,REDIRECT_BEHAVIOR_PENDING,PENDING_REDIRECT_CHECK,PENDING_REDIRECT_CHECK,PENDING_REDIRECT_CHECK,PENDING_REDIRECT_CHECK,PENDING_REDIRECT_CHECK,NOT_APPLICABLE,See WP16_ROUTE_EXERCISE_REGISTER.md for prior evidence.,,NO,NO,Imported from prior route register classification: REDIRECT_ONLY. Redirect target: /safety/trench-safety
WP16-ROUTE-087,redirect_route,Wave 6 — Safety,/safety-portal/trench-safety/assets,Safety,Trench Safety,Navigate,REDIRECT_BEHAVIOR_PENDING,PENDING_REDIRECT_CHECK,PENDING_REDIRECT_CHECK,PENDING_REDIRECT_CHECK,PENDING_REDIRECT_CHECK,PENDING_REDIRECT_CHECK,NOT_APPLICABLE,See WP16_ROUTE_EXERCISE_REGISTER.md for prior evidence.,,NO,NO,Imported from prior route register classification: REDIRECT_ONLY. Redirect target: /safety/trench-safety/assets
WP16-ROUTE-088,redirect_route,Wave 6 — Safety,/safety-portal/trench-safety/tabulated-data,Safety,Trench Safety,Navigate,REDIRECT_BEHAVIOR_PENDING,PENDING_REDIRECT_CHECK,PENDING_REDIRECT_CHECK,PENDING_REDIRECT_CHECK,PENDING_REDIRECT_CHECK,PENDING_REDIRECT_CHECK,NOT_APPLICABLE,See WP16_ROUTE_EXERCISE_REGISTER.md for prior evidence.,,NO,NO,Imported from prior route register classification: REDIRECT_ONLY. Redirect target: /safety/trench-safety/tabulated-data
WP16-ROUTE-323,route_screen,Wave 1 — Public Pages & Authentication,/safety-portal/login,Safety,Login,frontend/src/pages/SafetyLogin.jsx,INSPECTED_NO_DEFECT_OBSERVED_NOT_CERTIFIED,INSPECTED_NO_DEFECT_OBSERVED,INSPECTED_NO_DEFECT_OBSERVED,INSPECTED_NO_DEFECT_OBSERVED,INSPECTED_NO_DEFECT_OBSERVED,INSPECTED_NO_DEFECT_OBSERVED,INSPECTED_NO_DEFECT_OBSERVED,Playwright 2026-07-30 route smoke: RESULT::route_/safety-portal/login::PASS. Curl 2026-07-30: POST /api/safety/login returned 200.,,NO,NO,Wave 1 inspection complete. Safety Operations login rendered and authenticated successfully in preview. No defect opened on this surface during inspection.
WP16-ROUTE-324,route_screen,Wave 1 — Public Pages & Authentication,/safety-portal/forgot-password,Safety,Forgot Password,frontend/src/pages/SafetyForgotPassword.jsx,INSPECTED_DEFECT_OPEN,INSPECTED_NO_DEFECT_OBSERVED,INSPECTED_NO_DEFECT_OBSERVED,INSPECTED_NO_DEFECT_OBSERVED,DEFECT_OPEN,INSPECTED_NO_DEFECT_OBSERVED,DEFECT_OPEN,Playwright 2026-07-30: RESULT::safety_forgot_dev_token_leak::FAIL. Curl 2026-07-30: POST /api/safety/forgot-password returned token_for_dev. Backend source: backend/routes/safety_portal/auth_users.py:256.,WP16-W1-004,NO,NO,Wave 1 inspection found preview-token exposure on the operator-facing forgot-password page. The page displays backend token_for_dev output in the user workflow. Not certified; repair deferred.
WP16-ROUTE-325,detail_screen,Wave 1 — Public Pages & Authentication,/safety-portal/reset/:token,Safety,Reset,frontend/src/pages/SafetyResetPassword.jsx,INSPECTED_FORM_LOAD_ONLY_NOT_CERTIFIED,PARTIAL_EVIDENCE,INSPECTED_NO_DEFECT_OBSERVED,INSPECTED_NO_DEFECT_OBSERVED,PARTIAL_EVIDENCE,INSPECTED_NO_DEFECT_OBSERVED,INSPECTED_NO_DEFECT_OBSERVED,Playwright 2026-07-30 route smoke: RESULT::route_/safety-portal/reset/test-token::PASS. Code review: frontend/src/pages/SafetyResetPassword.jsx.,,NO,NO,"Wave 1 inspection completed to form-render level only. Reset screen loaded cleanly with a placeholder token, but no live reset token was exercised in this pass. No defect opened from the inspected surface state."
WP16-ROUTE-326,route_screen,Wave 1 — Public Pages & Authentication,/safety-portal/change-password,Safety,Change Password,frontend/src/pages/SafetyChangePassword.jsx,INSPECTED_NO_DEFECT_OBSERVED_NOT_CERTIFIED,INSPECTED_AUTHENTICATED_FORM_VERIFIED,INSPECTED_NO_DEFECT_OBSERVED,INSPECTED_NO_DEFECT_OBSERVED,INSPECTED_AUTHENTICATED_FORM_VERIFIED,INSPECTED_NO_DEFECT_OBSERVED,INSPECTED_NO_DEFECT_OBSERVED,Playwright 2026-07-30: RESULT::safety_change_password::PASS. Code review: frontend/src/pages/SafetyChangePassword.jsx.,,NO,NO,Wave 1 inspection complete. Safety authenticated change-password route rendered in the canonical auth shell and passed focused preview verification. No defect opened during this inspection.
WP16-ROUTE-327,route_screen,Wave 2 — Homepage / Dashboard,/safety-portal,Safety,Safety Portal,frontend/src/pages/SafetyHubV2.jsx,PRIOR_EVIDENCE_EXISTS_REVERIFY_REQUIRED,PRIOR_EVIDENCE_EXISTS_REVERIFY_REQUIRED,PRIOR_EVIDENCE_EXISTS_REVERIFY_REQUIRED,PRIOR_EVIDENCE_EXISTS_REVERIFY_REQUIRED,PRIOR_EVIDENCE_EXISTS_REVERIFY_REQUIRED,PRIOR_EVIDENCE_EXISTS_REVERIFY_REQUIRED,PRIOR_EVIDENCE_EXISTS_REVERIFY_REQUIRED,See WP16_ROUTE_EXERCISE_REGISTER.md for prior evidence.,,NO,NO,Imported from prior route register classification: FULLY_EXERCISED. —
WP16-ROUTE-328,route_screen,Wave 2 — Homepage / Dashboard,/safety-portal/hub_legacy,Safety,HUB Legacy,frontend/src/pages/SafetyHub.jsx,NOT_YET_EXERCISED,NOT_YET_EXERCISED,NOT_YET_EXERCISED,NOT_YET_EXERCISED,NOT_YET_EXERCISED,NOT_YET_EXERCISED,NOT_YET_EXERCISED,,,NO,NO,Imported from prior route register classification: NOT_YET_EXERCISED. —
WP16-ROUTE-329,route_screen,Wave 2 — Homepage / Dashboard,/safety-portal/hub_v2,Safety,HUB V2,frontend/src/pages/SafetyHubV2.jsx,NOT_YET_EXERCISED,NOT_YET_EXERCISED,NOT_YET_EXERCISED,NOT_YET_EXERCISED,NOT_YET_EXERCISED,NOT_YET_EXERCISED,NOT_YET_EXERCISED,,,NO,NO,Imported from prior route register classification: NOT_YET_EXERCISED. —
WP16-ROUTE-330,route_screen,Wave 6 — Safety,/safety-portal/fleet,Safety,Fleet,frontend/src/pages/FleetVisibility.jsx,NOT_YET_EXERCISED,NOT_YET_EXERCISED,NOT_YET_EXERCISED,NOT_YET_EXERCISED,NOT_YET_EXERCISED,NOT_YET_EXERCISED,NOT_YET_EXERCISED,,,NO,NO,Imported from prior route register classification: NOT_YET_EXERCISED. —
WP16-ROUTE-331,route_screen,Wave 6 — Safety,/safety-portal/corrective-actions,Safety,Corrective Actions,frontend/src/pages/SafetyCorrectiveActions.jsx,NOT_YET_EXERCISED,NOT_YET_EXERCISED,NOT_YET_EXERCISED,NOT_YET_EXERCISED,NOT_YET_EXERCISED,NOT_YET_EXERCISED,NOT_YET_EXERCISED,,,NO,NO,Imported from prior route register classification: NOT_YET_EXERCISED. —
WP16-ROUTE-332,route_screen,Wave 6 — Safety,/safety-portal/fire-extinguishers,Safety,Fire Extinguishers,frontend/src/pages/SafetyFireExtinguishers.jsx,NOT_YET_EXERCISED,NOT_YET_EXERCISED,NOT_YET_EXERCISED,NOT_YET_EXERCISED,NOT_YET_EXERCISED,NOT_YET_EXERCISED,NOT_YET_EXERCISED,,,NO,NO,Imported from prior route register classification: NOT_YET_EXERCISED. —
WP16-ROUTE-333,route_screen,Wave 6 — Safety,/safety-portal/fire-extinguishers/import,Safety,Fire Extinguishers,frontend/src/pages/SafetyFireExtImport.jsx,NOT_YET_EXERCISED,NOT_YET_EXERCISED,NOT_YET_EXERCISED,NOT_YET_EXERCISED,NOT_YET_EXERCISED,NOT_YET_EXERCISED,NOT_YET_EXERCISED,,,NO,NO,Imported from prior route register classification: NOT_YET_EXERCISED. —
WP16-ROUTE-334,route_screen,Wave 6 — Safety,/safety-portal/documents,Safety,Documents,frontend/src/pages/SafetyDocuments.jsx,NOT_YET_EXERCISED,NOT_YET_EXERCISED,NOT_YET_EXERCISED,NOT_YET_EXERCISED,NOT_YET_EXERCISED,NOT_YET_EXERCISED,NOT_YET_EXERCISED,,,NO,NO,Imported from prior route register classification: NOT_YET_EXERCISED. —
WP16-ROUTE-335,route_screen,Wave 6 — Safety,/safety-portal/training,Safety,Training,frontend/src/pages/SafetyTrainingRecords.jsx,NOT_YET_EXERCISED,NOT_YET_EXERCISED,NOT_YET_EXERCISED,NOT_YET_EXERCISED,NOT_YET_EXERCISED,NOT_YET_EXERCISED,NOT_YET_EXERCISED,,,NO,NO,Imported from prior route register classification: NOT_YET_EXERCISED. —
WP16-ROUTE-336,route_screen,Wave 6 — Safety,/safety-portal/incidents,Safety,Incidents,frontend/src/pages/SafetyIncidents.jsx,NOT_YET_EXERCISED,NOT_YET_EXERCISED,NOT_YET_EXERCISED,NOT_YET_EXERCISED,NOT_YET_EXERCISED,NOT_YET_EXERCISED,NOT_YET_EXERCISED,,,NO,NO,Imported from prior route register classification: NOT_YET_EXERCISED. —
WP16-ROUTE-337,detail_screen,Wave 6 — Safety,/safety-portal/incidents/:id,Safety,Incidents,frontend/src/pages/ViewIncident.jsx,NOT_YET_EXERCISED,NOT_YET_EXERCISED,NOT_YET_EXERCISED,NOT_YET_EXERCISED,NOT_YET_EXERCISED,NOT_YET_EXERCISED,NOT_YET_EXERCISED,,,NO,NO,Imported from prior route register classification: NOT_YET_EXERCISED. —
WP16-ROUTE-338,detail_screen,Wave 6 — Safety,/safety-portal/meetings/:id,Safety,Meetings,frontend/src/pages/ViewMeeting.jsx,NOT_YET_EXERCISED,NOT_YET_EXERCISED,NOT_YET_EXERCISED,NOT_YET_EXERCISED,NOT_YET_EXERCISED,NOT_YET_EXERCISED,NOT_YET_EXERCISED,,,NO,NO,Imported from prior route register classification: NOT_YET_EXERCISED. —
WP16-ROUTE-339,route_screen,Wave 6 — Safety,/safety-portal/audits,Safety,Audits,frontend/src/pages/SafetyAudits.jsx,NOT_YET_EXERCISED,NOT_YET_EXERCISED,NOT_YET_EXERCISED,NOT_YET_EXERCISED,NOT_YET_EXERCISED,NOT_YET_EXERCISED,NOT_YET_EXERCISED,,,NO,NO,Imported from prior route register classification: NOT_YET_EXERCISED. —
WP16-ROUTE-340,route_screen,Wave 6 — Safety,/safety-portal/forms-records,Safety,Forms Records,frontend/src/pages/SafetyFormsRecords.jsx,NOT_YET_EXERCISED,NOT_YET_EXERCISED,NOT_YET_EXERCISED,NOT_YET_EXERCISED,NOT_YET_EXERCISED,NOT_YET_EXERCISED,NOT_YET_EXERCISED,,,NO,NO,Imported from prior route register classification: NOT_YET_EXERCISED. —
WP16-ROUTE-341,route_screen,Wave 6 — Safety,/safety-portal/reports,Safety,Reports,frontend/src/pages/SafetyReports.jsx,NOT_YET_EXERCISED,NOT_YET_EXERCISED,NOT_YET_EXERCISED,NOT_YET_EXERCISED,NOT_YET_EXERCISED,NOT_YET_EXERCISED,NOT_YET_EXERCISED,,,NO,NO,Imported from prior route register classification: NOT_YET_EXERCISED. —
WP16-ROUTE-342,route_screen,Wave 6 — Safety,/safety-portal/library,Safety,Library,frontend/src/pages/SafetyTopicLibrary.jsx,NOT_YET_EXERCISED,NOT_YET_EXERCISED,NOT_YET_EXERCISED,NOT_YET_EXERCISED,NOT_YET_EXERCISED,NOT_YET_EXERCISED,NOT_YET_EXERCISED,,,NO,NO,Imported from prior route register classification: NOT_YET_EXERCISED. —
WP16-ROUTE-343,route_screen,Wave 6 — Safety,/safety-portal/employees,Safety,Employees,frontend/src/pages/SafetyEmployeeProfiles.jsx,NOT_YET_EXERCISED,NOT_YET_EXERCISED,NOT_YET_EXERCISED,NOT_YET_EXERCISED,NOT_YET_EXERCISED,NOT_YET_EXERCISED,NOT_YET_EXERCISED,,,NO,NO,Imported from prior route register classification: NOT_YET_EXERCISED. —
WP16-ROUTE-344,route_screen,Wave 6 — Safety,/safety-portal/digest,Safety,Digest,frontend/src/pages/SafetyDigest.jsx,NOT_YET_EXERCISED,NOT_YET_EXERCISED,NOT_YET_EXERCISED,NOT_YET_EXERCISED,NOT_YET_EXERCISED,NOT_YET_EXERCISED,NOT_YET_EXERCISED,,,NO,NO,Imported from prior route register classification: NOT_YET_EXERCISED. —
WP16-ROUTE-345,route_screen,Wave 6 — Safety,/safety-portal/inspections,Safety,Inspections,frontend/src/pages/Dashboard.jsx,NOT_YET_EXERCISED,NOT_YET_EXERCISED,NOT_YET_EXERCISED,NOT_YET_EXERCISED,NOT_YET_EXERCISED,NOT_YET_EXERCISED,NOT_YET_EXERCISED,,,NO,NO,Imported from prior route register classification: NOT_YET_EXERCISED. —
WP16-ROUTE-346,detail_screen,Wave 6 — Safety,/safety-portal/inspections/:id,Safety,Inspections,frontend/src/pages/ViewInspection.jsx,NOT_YET_EXERCISED,NOT_YET_EXERCISED,NOT_YET_EXERCISED,NOT_YET_EXERCISED,NOT_YET_EXERCISED,NOT_YET_EXERCISED,NOT_YET_EXERCISED,,,NO,NO,Imported from prior route register classification: NOT_YET_EXERCISED. —
WP16-ROUTE-347,route_screen,Wave 6 — Safety,/safety-portal/jha-plans,Safety,JHA Plans,frontend/src/pages/JhaPlansAdmin.jsx,NOT_YET_EXERCISED,NOT_YET_EXERCISED,NOT_YET_EXERCISED,NOT_YET_EXERCISED,NOT_YET_EXERCISED,NOT_YET_EXERCISED,NOT_YET_EXERCISED,,,NO,NO,Imported from prior route register classification: NOT_YET_EXERCISED. —
WP16-ROUTE-348,detail_screen,Wave 6 — Safety,/safety-portal/driver/:driverKey,Safety,Driver,frontend/src/pages/SafetyDriverProfile.jsx,NOT_YET_EXERCISED,NOT_YET_EXERCISED,NOT_YET_EXERCISED,NOT_YET_EXERCISED,NOT_YET_EXERCISED,NOT_YET_EXERCISED,NOT_YET_EXERCISED,,,NO,NO,Imported from prior route register classification: NOT_YET_EXERCISED. —
WP16-ROUTE-385,route_screen,Wave 6 — Safety,/safety-portal/meetings,Safety,Meetings,frontend/src/pages/MeetingsDashboard.jsx,NOT_YET_EXERCISED,NOT_YET_EXERCISED,NOT_YET_EXERCISED,NOT_YET_EXERCISED,NOT_YET_EXERCISED,NOT_YET_EXERCISED,NOT_YET_EXERCISED,,,NO,NO,Imported from prior route register classification: NOT_YET_EXERCISED. —
WP16-ROUTE-350,route_screen,Wave 1 — Public Pages & Authentication,/dispatch-portal/login,Dispatch,Login,frontend/src/pages/DispatchLogin.jsx,INSPECTED_NO_DEFECT_OBSERVED_NOT_CERTIFIED,INSPECTED_NO_DEFECT_OBSERVED,INSPECTED_NO_DEFECT_OBSERVED,INSPECTED_NO_DEFECT_OBSERVED,INSPECTED_NO_DEFECT_OBSERVED,INSPECTED_NO_DEFECT_OBSERVED,INSPECTED_NO_DEFECT_OBSERVED,Playwright 2026-07-30 route smoke: RESULT::route_/dispatch-portal/login::PASS. Curl 2026-07-30: POST /api/dispatch/login returned 200.,,NO,NO,Wave 1 inspection complete. Dispatch login rendered and authenticated successfully in preview. No defect opened on this surface during inspection.
WP16-ROUTE-352,route_screen,Wave 1 — Public Pages & Authentication,/dispatch-portal/forgot-password,Dispatch,Forgot Password,frontend/src/pages/DispatchForgotPassword.jsx,INSPECTED_DEFECT_OPEN,INSPECTED_NO_DEFECT_OBSERVED,INSPECTED_NO_DEFECT_OBSERVED,INSPECTED_NO_DEFECT_OBSERVED,DEFECT_OPEN,INSPECTED_NO_DEFECT_OBSERVED,DEFECT_OPEN,Playwright 2026-07-30: RESULT::dispatch_forgot_dev_token_leak::FAIL. Curl 2026-07-30: POST /api/dispatch/forgot-password returned token_for_dev. Backend source: backend/routes/dispatch_portal_auth.py:346.,WP16-W1-005,NO,NO,Wave 1 inspection found preview-token exposure on the operator-facing Dispatch forgot-password page. The page displays backend token_for_dev output in the user workflow. Not certified; repair deferred.
WP16-ROUTE-353,detail_screen,Wave 1 — Public Pages & Authentication,/dispatch-portal/reset/:token,Dispatch,Reset,frontend/src/pages/DispatchResetPassword.jsx,INSPECTED_FORM_LOAD_ONLY_NOT_CERTIFIED,PARTIAL_EVIDENCE,INSPECTED_NO_DEFECT_OBSERVED,INSPECTED_NO_DEFECT_OBSERVED,PARTIAL_EVIDENCE,INSPECTED_NO_DEFECT_OBSERVED,INSPECTED_NO_DEFECT_OBSERVED,Playwright 2026-07-30 route smoke: RESULT::route_/dispatch-portal/reset/test-token::PASS. Code review: frontend/src/pages/DispatchResetPassword.jsx.,,NO,NO,"Wave 1 inspection completed to form-render level only. Reset screen loaded cleanly with a placeholder token, but no live reset token was exercised in this pass. No defect opened from the inspected surface state."
WP16-ROUTE-354,route_screen,Wave 1 — Public Pages & Authentication,/dispatch-portal/change-password,Dispatch,Change Password,frontend/src/pages/DispatchChangePassword.jsx,INSPECTED_NO_DEFECT_OBSERVED_NOT_CERTIFIED,INSPECTED_AUTHENTICATED_FORM_VERIFIED,INSPECTED_NO_DEFECT_OBSERVED,INSPECTED_NO_DEFECT_OBSERVED,INSPECTED_AUTHENTICATED_FORM_VERIFIED,INSPECTED_NO_DEFECT_OBSERVED,INSPECTED_NO_DEFECT_OBSERVED,Playwright 2026-07-30: RESULT::dispatch_change_password::PASS. Code review: frontend/src/pages/DispatchChangePassword.jsx.,,NO,NO,Wave 1 inspection complete. Dispatch authenticated change-password route rendered in the canonical auth shell and passed focused preview verification. No defect opened during this inspection.
WP16-ROUTE-355,route_screen,Wave 2 — Homepage / Dashboard,/dispatch-portal,Dispatch,Dispatch Portal,frontend/src/pages/DispatchHub.jsx,BLOCKED_PRIOR_EVIDENCE,BLOCKED,NOT_YET_EXERCISED,NOT_YET_EXERCISED,NOT_YET_EXERCISED,NOT_YET_EXERCISED,NOT_YET_EXERCISED,See WP16_ROUTE_EXERCISE_REGISTER.md for prior evidence.,,NO,NO,Imported from prior route register classification: BLOCKED_API_FAILURE. Dispatch home rendered with accepted MaintainX 401 degradation.
WP16-ROUTE-356,route_screen,Wave 2 — Homepage / Dashboard,/dispatch-portal/hub_legacy,Dispatch,HUB Legacy,frontend/src/pages/DispatchHub.jsx,PRIOR_EVIDENCE_EXISTS_REVERIFY_REQUIRED,PRIOR_EVIDENCE_EXISTS_REVERIFY_REQUIRED,PRIOR_EVIDENCE_EXISTS_REVERIFY_REQUIRED,PRIOR_EVIDENCE_EXISTS_REVERIFY_REQUIRED,PRIOR_EVIDENCE_EXISTS_REVERIFY_REQUIRED,PRIOR_EVIDENCE_EXISTS_REVERIFY_REQUIRED,PRIOR_EVIDENCE_EXISTS_REVERIFY_REQUIRED,See WP16_ROUTE_EXERCISE_REGISTER.md for prior evidence.,,NO,NO,Imported from prior route register classification: FULLY_EXERCISED. Dispatch route `/dispatch-portal/hub_legacy` captured.
WP16-ROUTE-357,route_screen,Wave 2 — Homepage / Dashboard,/dispatch-portal/hub_v2,Dispatch,HUB V2,frontend/src/pages/DispatchHubV2.jsx,PRIOR_EVIDENCE_EXISTS_REVERIFY_REQUIRED,PRIOR_EVIDENCE_EXISTS_REVERIFY_REQUIRED,PRIOR_EVIDENCE_EXISTS_REVERIFY_REQUIRED,PRIOR_EVIDENCE_EXISTS_REVERIFY_REQUIRED,PRIOR_EVIDENCE_EXISTS_REVERIFY_REQUIRED,PRIOR_EVIDENCE_EXISTS_REVERIFY_REQUIRED,PRIOR_EVIDENCE_EXISTS_REVERIFY_REQUIRED,See WP16_ROUTE_EXERCISE_REGISTER.md for prior evidence.,,NO,NO,Imported from prior route register classification: FULLY_EXERCISED. Dispatch route `/dispatch-portal/hub_v2` captured.
WP16-ROUTE-358,route_screen,Wave 7 — Dispatch & Transportation,/dispatch-portal/board,Dispatch,Board,frontend/src/pages/DispatchBoard.jsx,PRIOR_EVIDENCE_EXISTS_REVERIFY_REQUIRED,PRIOR_EVIDENCE_EXISTS_REVERIFY_REQUIRED,PRIOR_EVIDENCE_EXISTS_REVERIFY_REQUIRED,PRIOR_EVIDENCE_EXISTS_REVERIFY_REQUIRED,PRIOR_EVIDENCE_EXISTS_REVERIFY_REQUIRED,PRIOR_EVIDENCE_EXISTS_REVERIFY_REQUIRED,PRIOR_EVIDENCE_EXISTS_REVERIFY_REQUIRED,See WP16_ROUTE_EXERCISE_REGISTER.md for prior evidence.,,NO,NO,Imported from prior route register classification: FULLY_EXERCISED. Dispatch route `/dispatch-portal/board` captured. Phase 4 interaction evidence: export strip / download controls visible.
WP16-ROUTE-359,route_screen,Wave 7 — Dispatch & Transportation,/dispatch-portal/command,Dispatch,Command,frontend/src/pages/DispatchCommandCenter.jsx,PRIOR_EVIDENCE_EXISTS_REVERIFY_REQUIRED,PRIOR_EVIDENCE_EXISTS_REVERIFY_REQUIRED,PRIOR_EVIDENCE_EXISTS_REVERIFY_REQUIRED,PRIOR_EVIDENCE_EXISTS_REVERIFY_REQUIRED,PRIOR_EVIDENCE_EXISTS_REVERIFY_REQUIRED,PRIOR_EVIDENCE_EXISTS_REVERIFY_REQUIRED,PRIOR_EVIDENCE_EXISTS_REVERIFY_REQUIRED,See WP16_ROUTE_EXERCISE_REGISTER.md for prior evidence.,,NO,NO,Imported from prior route register classification: FULLY_EXERCISED. Dispatch route `/dispatch-portal/command` captured.
WP16-ROUTE-360,route_screen,Wave 7 — Dispatch & Transportation,/dispatch-portal/fleet,Dispatch,Fleet,frontend/src/pages/FleetVisibility.jsx,BLOCKED_PRIOR_EVIDENCE,BLOCKED,NOT_YET_EXERCISED,NOT_YET_EXERCISED,NOT_YET_EXERCISED,NOT_YET_EXERCISED,NOT_YET_EXERCISED,See WP16_ROUTE_EXERCISE_REGISTER.md for prior evidence.,,NO,NO,Imported from prior route register classification: BLOCKED_API_FAILURE. Dispatch fleet rendered with fleet-GPS intelligence 401 degradation.
WP16-ROUTE-361,route_screen,Wave 7 — Dispatch & Transportation,/dispatch-portal/map,Dispatch,MAP,frontend/src/pages/DispatchOperationsMapPage.jsx,PRIOR_EVIDENCE_EXISTS_REVERIFY_REQUIRED,PRIOR_EVIDENCE_EXISTS_REVERIFY_REQUIRED,PRIOR_EVIDENCE_EXISTS_REVERIFY_REQUIRED,PRIOR_EVIDENCE_EXISTS_REVERIFY_REQUIRED,PRIOR_EVIDENCE_EXISTS_REVERIFY_REQUIRED,PRIOR_EVIDENCE_EXISTS_REVERIFY_REQUIRED,PRIOR_EVIDENCE_EXISTS_REVERIFY_REQUIRED,See WP16_ROUTE_EXERCISE_REGISTER.md for prior evidence.,,NO,NO,Imported from prior route register classification: FULLY_EXERCISED. Dispatch route `/dispatch-portal/map` captured.
WP16-ROUTE-362,route_screen,Wave 7 — Dispatch & Transportation,/dispatch-portal/haul-ledger,Dispatch,Haul Ledger,frontend/src/pages/DispatchHaulLedger.jsx,PRIOR_EVIDENCE_EXISTS_REVERIFY_REQUIRED,PRIOR_EVIDENCE_EXISTS_REVERIFY_REQUIRED,PRIOR_EVIDENCE_EXISTS_REVERIFY_REQUIRED,PRIOR_EVIDENCE_EXISTS_REVERIFY_REQUIRED,PRIOR_EVIDENCE_EXISTS_REVERIFY_REQUIRED,PRIOR_EVIDENCE_EXISTS_REVERIFY_REQUIRED,PRIOR_EVIDENCE_EXISTS_REVERIFY_REQUIRED,See WP16_ROUTE_EXERCISE_REGISTER.md for prior evidence.,,NO,NO,Imported from prior route register classification: FULLY_EXERCISED. Dispatch route `/dispatch-portal/haul-ledger` captured.
WP16-ROUTE-363,route_screen,Wave 7 — Dispatch & Transportation,/dispatch-portal/driver-qualification,Dispatch,Driver Qualification,frontend/src/pages/DispatchDriverQualification.jsx,PRIOR_EVIDENCE_EXISTS_REVERIFY_REQUIRED,PRIOR_EVIDENCE_EXISTS_REVERIFY_REQUIRED,PRIOR_EVIDENCE_EXISTS_REVERIFY_REQUIRED,PRIOR_EVIDENCE_EXISTS_REVERIFY_REQUIRED,PRIOR_EVIDENCE_EXISTS_REVERIFY_REQUIRED,PRIOR_EVIDENCE_EXISTS_REVERIFY_REQUIRED,PRIOR_EVIDENCE_EXISTS_REVERIFY_REQUIRED,See WP16_ROUTE_EXERCISE_REGISTER.md for prior evidence.,,NO,NO,Imported from prior route register classification: FULLY_EXERCISED. Dispatch route `/dispatch-portal/driver-qualification` captured.
WP16-ROUTE-364,detail_screen,Wave 7 — Dispatch & Transportation,/dispatch-portal/driver/:driverKey,Dispatch,Driver,frontend/src/pages/DispatchDriverProfile.jsx,NOT_YET_EXERCISED,NOT_YET_EXERCISED,NOT_YET_EXERCISED,NOT_YET_EXERCISED,NOT_YET_EXERCISED,NOT_YET_EXERCISED,NOT_YET_EXERCISED,See WP16_ROUTE_EXERCISE_REGISTER.md for prior evidence.,,NO,NO,Imported from prior route register classification: BLOCKED_MISSING_DATA. Driver command profile rendered driver-not-found state for placeholder key.
WP16-ROUTE-267,route_screen,Wave 1 — Public Pages & Authentication,/shop/login,Shop,Login,frontend/src/pages/ShopLogin.jsx,INSPECTED_NO_DEFECT_OBSERVED_NOT_CERTIFIED,INSPECTED_NO_DEFECT_OBSERVED,INSPECTED_NO_DEFECT_OBSERVED,INSPECTED_NO_DEFECT_OBSERVED,INSPECTED_NO_DEFECT_OBSERVED,INSPECTED_NO_DEFECT_OBSERVED,INSPECTED_NO_DEFECT_OBSERVED,Playwright 2026-07-30 route smoke: RESULT::route_/shop/login::PASS. Curl 2026-07-30: POST /api/shop/login returned 200.,,NO,NO,Wave 1 inspection complete. Shop login rendered and authenticated successfully in preview. Inline forgot-password dialog inventoried. No defect opened on this surface during inspection.
WP16-ROUTE-268,detail_screen,Wave 1 — Public Pages & Authentication,/shop/reset/:token,Shop,Reset,frontend/src/pages/ShopResetPassword.jsx,INSPECTED_FORM_LOAD_ONLY_NOT_CERTIFIED,PARTIAL_EVIDENCE,INSPECTED_NO_DEFECT_OBSERVED,INSPECTED_NO_DEFECT_OBSERVED,PARTIAL_EVIDENCE,INSPECTED_NO_DEFECT_OBSERVED,INSPECTED_NO_DEFECT_OBSERVED,Playwright 2026-07-30 route smoke: RESULT::route_/shop/reset/test-token::PASS. Code review: frontend/src/pages/ShopResetPassword.jsx.,,NO,NO,"Wave 1 inspection completed to form-render level only. Reset screen loaded cleanly with a placeholder token, but no live reset token was exercised in this pass. No defect opened from the inspected surface state."
WP16-ROUTE-269,route_screen,Wave 1 — Public Pages & Authentication,/shop/change-password,Shop,Change Password,frontend/src/pages/ShopChangePassword.jsx,INSPECTED_NO_DEFECT_OBSERVED_NOT_CERTIFIED,INSPECTED_AUTHENTICATED_FORM_VERIFIED,INSPECTED_NO_DEFECT_OBSERVED,INSPECTED_NO_DEFECT_OBSERVED,INSPECTED_AUTHENTICATED_FORM_VERIFIED,INSPECTED_NO_DEFECT_OBSERVED,INSPECTED_NO_DEFECT_OBSERVED,Playwright 2026-07-30: RESULT::shop_change_password::PASS. Code review: frontend/src/pages/ShopChangePassword.jsx.,,NO,NO,Wave 1 inspection complete. Shop authenticated change-password route rendered in the canonical auth shell and passed focused preview verification. No defect opened during this inspection.
WP16-ROUTE-270,route_screen,Wave 2 — Homepage / Dashboard,/shop,Shop,Shop,frontend/src/pages/ShopHubV2.jsx,PRIOR_EVIDENCE_EXISTS_REVERIFY_REQUIRED,PRIOR_EVIDENCE_EXISTS_REVERIFY_REQUIRED,PRIOR_EVIDENCE_EXISTS_REVERIFY_REQUIRED,PRIOR_EVIDENCE_EXISTS_REVERIFY_REQUIRED,PRIOR_EVIDENCE_EXISTS_REVERIFY_REQUIRED,PRIOR_EVIDENCE_EXISTS_REVERIFY_REQUIRED,PRIOR_EVIDENCE_EXISTS_REVERIFY_REQUIRED,See WP16_ROUTE_EXERCISE_REGISTER.md for prior evidence.,,NO,NO,Imported from prior route register classification: FULLY_EXERCISED. Shop route `/shop` captured with authenticated shop session.
WP16-ROUTE-271,route_screen,Wave 2 — Homepage / Dashboard,/shop/hub_legacy,Shop,HUB Legacy,frontend/src/pages/ShopHub.jsx,PRIOR_EVIDENCE_EXISTS_REVERIFY_REQUIRED,PRIOR_EVIDENCE_EXISTS_REVERIFY_REQUIRED,PRIOR_EVIDENCE_EXISTS_REVERIFY_REQUIRED,PRIOR_EVIDENCE_EXISTS_REVERIFY_REQUIRED,PRIOR_EVIDENCE_EXISTS_REVERIFY_REQUIRED,PRIOR_EVIDENCE_EXISTS_REVERIFY_REQUIRED,PRIOR_EVIDENCE_EXISTS_REVERIFY_REQUIRED,See WP16_ROUTE_EXERCISE_REGISTER.md for prior evidence.,,NO,NO,Imported from prior route register classification: FULLY_EXERCISED. Shop route `/shop/hub_legacy` captured with authenticated shop session.
WP16-ROUTE-272,route_screen,Wave 2 — Homepage / Dashboard,/shop/hub_v2,Shop,HUB V2,frontend/src/pages/ShopHubV2.jsx,PRIOR_EVIDENCE_EXISTS_REVERIFY_REQUIRED,PRIOR_EVIDENCE_EXISTS_REVERIFY_REQUIRED,PRIOR_EVIDENCE_EXISTS_REVERIFY_REQUIRED,PRIOR_EVIDENCE_EXISTS_REVERIFY_REQUIRED,PRIOR_EVIDENCE_EXISTS_REVERIFY_REQUIRED,PRIOR_EVIDENCE_EXISTS_REVERIFY_REQUIRED,PRIOR_EVIDENCE_EXISTS_REVERIFY_REQUIRED,See WP16_ROUTE_EXERCISE_REGISTER.md for prior evidence.,,NO,NO,Imported from prior route register classification: FULLY_EXERCISED. Shop route `/shop/hub_v2` captured with authenticated shop session.
WP16-ROUTE-273,route_screen,Wave 8 — Shop & Equipment,/shop/asset-care,Shop,Asset Care,frontend/src/pages/shop/ShopAssetCare.jsx,BLOCKED_PRIOR_EVIDENCE,BLOCKED,NOT_YET_EXERCISED,NOT_YET_EXERCISED,NOT_YET_EXERCISED,NOT_YET_EXERCISED,NOT_YET_EXERCISED,See WP16_ROUTE_EXERCISE_REGISTER.md for prior evidence.,,NO,NO,Imported from prior route register classification: BLOCKED_API_FAILURE. Shop asset-care shell rendered but backing endpoints returned 401.
WP16-ROUTE-274,route_screen,Wave 8 — Shop & Equipment,/shop/manager/queue,Shop,Manager,frontend/src/pages/shop/ShopManagerQueue.jsx,NOT_YET_EXERCISED,NOT_YET_EXERCISED,NOT_YET_EXERCISED,NOT_YET_EXERCISED,NOT_YET_EXERCISED,NOT_YET_EXERCISED,NOT_YET_EXERCISED,See WP16_ROUTE_EXERCISE_REGISTER.md for prior evidence.,,NO,NO,Imported from prior route register classification: BLOCKED_AUTHORIZATION. Shop manager queue returned 403 for the seeded shop user. Phase 4 interaction evidence: authorization-blocked state captured.
WP16-ROUTE-275,route_screen,Wave 8 — Shop & Equipment,/shop/me,Shop,ME,frontend/src/pages/shop/ShopMyAssignments.jsx,PRIOR_EVIDENCE_EXISTS_REVERIFY_REQUIRED,PRIOR_EVIDENCE_EXISTS_REVERIFY_REQUIRED,PRIOR_EVIDENCE_EXISTS_REVERIFY_REQUIRED,PRIOR_EVIDENCE_EXISTS_REVERIFY_REQUIRED,PRIOR_EVIDENCE_EXISTS_REVERIFY_REQUIRED,PRIOR_EVIDENCE_EXISTS_REVERIFY_REQUIRED,PRIOR_EVIDENCE_EXISTS_REVERIFY_REQUIRED,See WP16_ROUTE_EXERCISE_REGISTER.md for prior evidence.,,NO,NO,Imported from prior route register classification: FULLY_EXERCISED. Shop route `/shop/me` captured with authenticated shop session.
WP16-ROUTE-276,route_screen,Wave 8 — Shop & Equipment,/shop/units/history,Shop,Units,frontend/src/pages/shop/UnitHistoryLanding.jsx,PRIOR_EVIDENCE_EXISTS_REVERIFY_REQUIRED,PRIOR_EVIDENCE_EXISTS_REVERIFY_REQUIRED,PRIOR_EVIDENCE_EXISTS_REVERIFY_REQUIRED,PRIOR_EVIDENCE_EXISTS_REVERIFY_REQUIRED,PRIOR_EVIDENCE_EXISTS_REVERIFY_REQUIRED,PRIOR_EVIDENCE_EXISTS_REVERIFY_REQUIRED,PRIOR_EVIDENCE_EXISTS_REVERIFY_REQUIRED,See WP16_ROUTE_EXERCISE_REGISTER.md for prior evidence.,,NO,NO,Imported from prior route register classification: FULLY_EXERCISED. Shop route `/shop/units/history` captured with authenticated shop session.
WP16-ROUTE-277,detail_screen,Wave 8 — Shop & Equipment,/shop/units/:unitNumber/history,Shop,Units,frontend/src/pages/shop/UnitHistoryTimeline.jsx,NOT_YET_EXERCISED,NOT_YET_EXERCISED,NOT_YET_EXERCISED,NOT_YET_EXERCISED,NOT_YET_EXERCISED,NOT_YET_EXERCISED,NOT_YET_EXERCISED,,,NO,NO,Imported from prior route register classification: NOT_YET_EXERCISED. —
WP16-ROUTE-278,route_screen,Wave 8 — Shop & Equipment,/shop/fuel-lube/new,Shop,Fuel Lube,frontend/src/pages/shop/FuelLubeVisitForm.jsx,PRIOR_EVIDENCE_EXISTS_REVERIFY_REQUIRED,PRIOR_EVIDENCE_EXISTS_REVERIFY_REQUIRED,PRIOR_EVIDENCE_EXISTS_REVERIFY_REQUIRED,PRIOR_EVIDENCE_EXISTS_REVERIFY_REQUIRED,PRIOR_EVIDENCE_EXISTS_REVERIFY_REQUIRED,PRIOR_EVIDENCE_EXISTS_REVERIFY_REQUIRED,PRIOR_EVIDENCE_EXISTS_REVERIFY_REQUIRED,See WP16_ROUTE_EXERCISE_REGISTER.md for prior evidence.,,NO,NO,Imported from prior route register classification: FULLY_EXERCISED. Shop route `/shop/fuel-lube/new` captured with authenticated shop session.
WP16-ROUTE-279,route_screen,Wave 8 — Shop & Equipment,/shop/fuel-lube,Shop,Fuel Lube,frontend/src/pages/shop/FuelLubeVisitRecords.jsx,PRIOR_EVIDENCE_EXISTS_REVERIFY_REQUIRED,PRIOR_EVIDENCE_EXISTS_REVERIFY_REQUIRED,PRIOR_EVIDENCE_EXISTS_REVERIFY_REQUIRED,PRIOR_EVIDENCE_EXISTS_REVERIFY_REQUIRED,PRIOR_EVIDENCE_EXISTS_REVERIFY_REQUIRED,PRIOR_EVIDENCE_EXISTS_REVERIFY_REQUIRED,PRIOR_EVIDENCE_EXISTS_REVERIFY_REQUIRED,See WP16_ROUTE_EXERCISE_REGISTER.md for prior evidence.,,NO,NO,Imported from prior route register classification: FULLY_EXERCISED. Shop route `/shop/fuel-lube` captured with authenticated shop session. Phase 4 interaction evidence: filtered-empty state captured.
WP16-ROUTE-280,detail_screen,Wave 8 — Shop & Equipment,/shop/fuel-lube/:visitId,Shop,Fuel Lube,frontend/src/pages/shop/FuelLubeVisitDetail.jsx,NOT_YET_EXERCISED,NOT_YET_EXERCISED,NOT_YET_EXERCISED,NOT_YET_EXERCISED,NOT_YET_EXERCISED,NOT_YET_EXERCISED,NOT_YET_EXERCISED,,,NO,NO,Imported from prior route register classification: NOT_YET_EXERCISED. —
WP16-ROUTE-281,route_screen,Wave 8 — Shop & Equipment,/shop/service-truck-reconciliation/new,Shop,Service Truck Reconciliation,frontend/src/pages/shop/ServiceTruckReconciliationForm.jsx,PRIOR_EVIDENCE_EXISTS_REVERIFY_REQUIRED,PRIOR_EVIDENCE_EXISTS_REVERIFY_REQUIRED,PRIOR_EVIDENCE_EXISTS_REVERIFY_REQUIRED,PRIOR_EVIDENCE_EXISTS_REVERIFY_REQUIRED,PRIOR_EVIDENCE_EXISTS_REVERIFY_REQUIRED,PRIOR_EVIDENCE_EXISTS_REVERIFY_REQUIRED,PRIOR_EVIDENCE_EXISTS_REVERIFY_REQUIRED,See WP16_ROUTE_EXERCISE_REGISTER.md for prior evidence.,,NO,NO,Imported from prior route register classification: FULLY_EXERCISED. Shop route `/shop/service-truck-reconciliation/new` captured with authenticated shop session.
WP16-ROUTE-282,route_screen,Wave 8 — Shop & Equipment,/shop/service-truck-reconciliation,Shop,Service Truck Reconciliation,frontend/src/pages/shop/ServiceTruckReconciliationRecords.jsx,PRIOR_EVIDENCE_EXISTS_REVERIFY_REQUIRED,PRIOR_EVIDENCE_EXISTS_REVERIFY_REQUIRED,PRIOR_EVIDENCE_EXISTS_REVERIFY_REQUIRED,PRIOR_EVIDENCE_EXISTS_REVERIFY_REQUIRED,PRIOR_EVIDENCE_EXISTS_REVERIFY_REQUIRED,PRIOR_EVIDENCE_EXISTS_REVERIFY_REQUIRED,PRIOR_EVIDENCE_EXISTS_REVERIFY_REQUIRED,See WP16_ROUTE_EXERCISE_REGISTER.md for prior evidence.,,NO,NO,Imported from prior route register classification: FULLY_EXERCISED. Shop route `/shop/service-truck-reconciliation` captured with authenticated shop session.
WP16-ROUTE-283,detail_screen,Wave 8 — Shop & Equipment,/shop/service-truck-reconciliation/:recId,Shop,Service Truck Reconciliation,frontend/src/pages/shop/ServiceTruckReconciliationDetail.jsx,NOT_YET_EXERCISED,NOT_YET_EXERCISED,NOT_YET_EXERCISED,NOT_YET_EXERCISED,NOT_YET_EXERCISED,NOT_YET_EXERCISED,NOT_YET_EXERCISED,,,NO,NO,Imported from prior route register classification: NOT_YET_EXERCISED. —
WP16-ROUTE-284,route_screen,Wave 8 — Shop & Equipment,/shop/pm,Shop,PM,frontend/src/pages/shop/PmDashboard.jsx,PRIOR_EVIDENCE_EXISTS_REVERIFY_REQUIRED,PRIOR_EVIDENCE_EXISTS_REVERIFY_REQUIRED,PRIOR_EVIDENCE_EXISTS_REVERIFY_REQUIRED,PRIOR_EVIDENCE_EXISTS_REVERIFY_REQUIRED,PRIOR_EVIDENCE_EXISTS_REVERIFY_REQUIRED,PRIOR_EVIDENCE_EXISTS_REVERIFY_REQUIRED,PRIOR_EVIDENCE_EXISTS_REVERIFY_REQUIRED,See WP16_ROUTE_EXERCISE_REGISTER.md for prior evidence.,,NO,NO,Imported from prior route register classification: FULLY_EXERCISED. Shop route `/shop/pm` captured with authenticated shop session.
WP16-ROUTE-285,route_screen,Wave 8 — Shop & Equipment,/shop/pm/templates,Shop,PM,frontend/src/pages/shop/PmTemplates.jsx,PRIOR_EVIDENCE_EXISTS_REVERIFY_REQUIRED,PRIOR_EVIDENCE_EXISTS_REVERIFY_REQUIRED,PRIOR_EVIDENCE_EXISTS_REVERIFY_REQUIRED,PRIOR_EVIDENCE_EXISTS_REVERIFY_REQUIRED,PRIOR_EVIDENCE_EXISTS_REVERIFY_REQUIRED,PRIOR_EVIDENCE_EXISTS_REVERIFY_REQUIRED,PRIOR_EVIDENCE_EXISTS_REVERIFY_REQUIRED,See WP16_ROUTE_EXERCISE_REGISTER.md for prior evidence.,,NO,NO,Imported from prior route register classification: FULLY_EXERCISED. Shop route `/shop/pm/templates` captured with authenticated shop session.
WP16-ROUTE-286,route_screen,Wave 8 — Shop & Equipment,/shop/pm/schedules,Shop,PM,frontend/src/pages/shop/PmSchedules.jsx,PRIOR_EVIDENCE_EXISTS_REVERIFY_REQUIRED,PRIOR_EVIDENCE_EXISTS_REVERIFY_REQUIRED,PRIOR_EVIDENCE_EXISTS_REVERIFY_REQUIRED,PRIOR_EVIDENCE_EXISTS_REVERIFY_REQUIRED,PRIOR_EVIDENCE_EXISTS_REVERIFY_REQUIRED,PRIOR_EVIDENCE_EXISTS_REVERIFY_REQUIRED,PRIOR_EVIDENCE_EXISTS_REVERIFY_REQUIRED,See WP16_ROUTE_EXERCISE_REGISTER.md for prior evidence.,,NO,NO,Imported from prior route register classification: FULLY_EXERCISED. Shop route `/shop/pm/schedules` captured with authenticated shop session.
WP16-ROUTE-287,route_screen,Wave 8 — Shop & Equipment,/shop/pm/work-orders,Shop,PM,frontend/src/pages/shop/PmWorkOrders.jsx,PRIOR_EVIDENCE_EXISTS_REVERIFY_REQUIRED,PRIOR_EVIDENCE_EXISTS_REVERIFY_REQUIRED,PRIOR_EVIDENCE_EXISTS_REVERIFY_REQUIRED,PRIOR_EVIDENCE_EXISTS_REVERIFY_REQUIRED,PRIOR_EVIDENCE_EXISTS_REVERIFY_REQUIRED,PRIOR_EVIDENCE_EXISTS_REVERIFY_REQUIRED,PRIOR_EVIDENCE_EXISTS_REVERIFY_REQUIRED,See WP16_ROUTE_EXERCISE_REGISTER.md for prior evidence.,,NO,NO,Imported from prior route register classification: FULLY_EXERCISED. Shop route `/shop/pm/work-orders` captured with authenticated shop session.
WP16-ROUTE-288,detail_screen,Wave 8 — Shop & Equipment,/shop/pm/work-orders/:id,Shop,PM,frontend/src/pages/shop/PmWorkOrders.jsx,NOT_YET_EXERCISED,NOT_YET_EXERCISED,NOT_YET_EXERCISED,NOT_YET_EXERCISED,NOT_YET_EXERCISED,NOT_YET_EXERCISED,NOT_YET_EXERCISED,,,NO,NO,Imported from prior route register classification: NOT_YET_EXERCISED. —
WP16-ROUTE-289,route_screen,Wave 8 — Shop & Equipment,/shop/trench-safety-repairs,Shop,Trench Safety Repairs,frontend/src/pages/shop/ShopTrenchSafetyRepairs.jsx,BLOCKED_PRIOR_EVIDENCE,BLOCKED,NOT_YET_EXERCISED,NOT_YET_EXERCISED,NOT_YET_EXERCISED,NOT_YET_EXERCISED,NOT_YET_EXERCISED,See WP16_ROUTE_EXERCISE_REGISTER.md for prior evidence.,,NO,NO,Imported from prior route register classification: BLOCKED_API_FAILURE. Shop trench-safety repairs shell rendered but backing endpoint returned 401.
WP16-ROUTE-290,route_screen,Wave 8 — Shop & Equipment,/shop/fleet,Shop,Fleet,frontend/src/pages/FleetVisibility.jsx,PRIOR_EVIDENCE_EXISTS_REVERIFY_REQUIRED,PRIOR_EVIDENCE_EXISTS_REVERIFY_REQUIRED,PRIOR_EVIDENCE_EXISTS_REVERIFY_REQUIRED,PRIOR_EVIDENCE_EXISTS_REVERIFY_REQUIRED,PRIOR_EVIDENCE_EXISTS_REVERIFY_REQUIRED,PRIOR_EVIDENCE_EXISTS_REVERIFY_REQUIRED,PRIOR_EVIDENCE_EXISTS_REVERIFY_REQUIRED,See WP16_ROUTE_EXERCISE_REGISTER.md for prior evidence.,,NO,NO,Imported from prior route register classification: FULLY_EXERCISED. Shop route `/shop/fleet` captured with authenticated shop session.
WP16-ROUTE-292,route_screen,Wave 8 — Shop & Equipment,/shop/equipment,Shop,Equipment,frontend/src/pages/EquipmentDashboard.jsx,BLOCKED_PRIOR_EVIDENCE,BLOCKED,NOT_YET_EXERCISED,NOT_YET_EXERCISED,NOT_YET_EXERCISED,NOT_YET_EXERCISED,NOT_YET_EXERCISED,See WP16_ROUTE_EXERCISE_REGISTER.md for prior evidence.,,NO,NO,Imported from prior route register classification: BLOCKED_API_FAILURE. Shop equipment shell rendered but equipment-status endpoints returned 401.
WP16-ROUTE-293,detail_screen,Wave 8 — Shop & Equipment,/shop/equipment/:id,Shop,Equipment,frontend/src/pages/ViewEquipmentInspection.jsx,NOT_YET_EXERCISED,NOT_YET_EXERCISED,NOT_YET_EXERCISED,NOT_YET_EXERCISED,NOT_YET_EXERCISED,NOT_YET_EXERCISED,NOT_YET_EXERCISED,,,NO,NO,Imported from prior route register classification: NOT_YET_EXERCISED. —
WP16-ROUTE-025,route_screen,Wave 2 — Homepage / Dashboard,/leadership,Field Leadership,Leadership,frontend/src/pages/FieldLeadershipHub.jsx,PRIOR_EVIDENCE_EXISTS_REVERIFY_REQUIRED,PRIOR_EVIDENCE_EXISTS_REVERIFY_REQUIRED,PRIOR_EVIDENCE_EXISTS_REVERIFY_REQUIRED,PRIOR_EVIDENCE_EXISTS_REVERIFY_REQUIRED,PRIOR_EVIDENCE_EXISTS_REVERIFY_REQUIRED,PRIOR_EVIDENCE_EXISTS_REVERIFY_REQUIRED,PRIOR_EVIDENCE_EXISTS_REVERIFY_REQUIRED,See WP16_ROUTE_EXERCISE_REGISTER.md for prior evidence.,,NO,NO,Imported from prior route register classification: FULLY_EXERCISED. Portal login succeeded; legacy leadership hub captured.
WP16-ROUTE-026,route_screen,Wave 2 — Homepage / Dashboard,/leadership/hub_v2,Field Leadership,HUB V2,frontend/src/pages/LeadershipHubV2.jsx,PRIOR_EVIDENCE_EXISTS_REVERIFY_REQUIRED,PRIOR_EVIDENCE_EXISTS_REVERIFY_REQUIRED,PRIOR_EVIDENCE_EXISTS_REVERIFY_REQUIRED,PRIOR_EVIDENCE_EXISTS_REVERIFY_REQUIRED,PRIOR_EVIDENCE_EXISTS_REVERIFY_REQUIRED,PRIOR_EVIDENCE_EXISTS_REVERIFY_REQUIRED,PRIOR_EVIDENCE_EXISTS_REVERIFY_REQUIRED,See WP16_ROUTE_EXERCISE_REGISTER.md for prior evidence.,,NO,NO,Imported from prior route register classification: FULLY_EXERCISED. Authenticated direct URL to HUB V2 captured.
WP16-ROUTE-027,route_screen,Wave 9 — Jobs & Field Operations,/leadership/records,Field Leadership,Records,frontend/src/pages/FieldLeadershipRecords.jsx,PRIOR_EVIDENCE_EXISTS_REVERIFY_REQUIRED,PRIOR_EVIDENCE_EXISTS_REVERIFY_REQUIRED,PRIOR_EVIDENCE_EXISTS_REVERIFY_REQUIRED,PRIOR_EVIDENCE_EXISTS_REVERIFY_REQUIRED,PRIOR_EVIDENCE_EXISTS_REVERIFY_REQUIRED,PRIOR_EVIDENCE_EXISTS_REVERIFY_REQUIRED,PRIOR_EVIDENCE_EXISTS_REVERIFY_REQUIRED,See WP16_ROUTE_EXERCISE_REGISTER.md for prior evidence.,,NO,NO,Imported from prior route register classification: FULLY_EXERCISED. Records list captured from authenticated leadership session.
WP16-ROUTE-028,detail_screen,Wave 9 — Jobs & Field Operations,/leadership/records/:id,Field Leadership,Records,frontend/src/pages/FieldLeadershipView.jsx,PRIOR_EVIDENCE_EXISTS_REVERIFY_REQUIRED,PRIOR_EVIDENCE_EXISTS_REVERIFY_REQUIRED,PRIOR_EVIDENCE_EXISTS_REVERIFY_REQUIRED,PRIOR_EVIDENCE_EXISTS_REVERIFY_REQUIRED,PRIOR_EVIDENCE_EXISTS_REVERIFY_REQUIRED,PRIOR_EVIDENCE_EXISTS_REVERIFY_REQUIRED,PRIOR_EVIDENCE_EXISTS_REVERIFY_REQUIRED,See WP16_ROUTE_EXERCISE_REGISTER.md for prior evidence.,,NO,NO,Imported from prior route register classification: FULLY_EXERCISED. First reachable record detail opened from records list.
WP16-ROUTE-029,detail_screen,Wave 9 — Jobs & Field Operations,/leadership/:kind/new,Field Leadership,Kind,frontend/src/pages/FieldLeadershipFormPage.jsx,PRIOR_EVIDENCE_EXISTS_REVERIFY_REQUIRED,PRIOR_EVIDENCE_EXISTS_REVERIFY_REQUIRED,PRIOR_EVIDENCE_EXISTS_REVERIFY_REQUIRED,PRIOR_EVIDENCE_EXISTS_REVERIFY_REQUIRED,PRIOR_EVIDENCE_EXISTS_REVERIFY_REQUIRED,PRIOR_EVIDENCE_EXISTS_REVERIFY_REQUIRED,PRIOR_EVIDENCE_EXISTS_REVERIFY_REQUIRED,See WP16_ROUTE_EXERCISE_REGISTER.md for prior evidence.,,NO,NO,Imported from prior route register classification: FULLY_EXERCISED. Concrete route instantiations captured for 12 reachable form kinds.
WP16-ROUTE-318,route_screen,Wave 1 — Public Pages & Authentication,/field-leadership/portal/login,Field Leadership,Portal,frontend/src/pages/FieldLeadershipPortalLogin.jsx,INSPECTED_DEFECT_OPEN,DEFECT_OPEN,INSPECTED_NO_DEFECT_OBSERVED,INSPECTED_NO_DEFECT_OBSERVED,DEFECT_OPEN,INSPECTED_NO_DEFECT_OBSERVED,INSPECTED_NO_DEFECT_OBSERVED,Code review: frontend/src/pages/FieldLeadershipPortalLogin.jsx:96-99 clears sibling tokens before the login request. Playwright 2026-07-30 reproduced the same component at /leadership/login: RESULT::fl_failed_login_preserves_admin_token::FAIL.,WP16-W1-006,NO,NO,Wave 1 inspection found a cross-session continuity defect in the shared Field Leadership login component. A failed sign-in attempt clears an existing admin session before the request result is known. Not certified; repair deferred.
WP16-ROUTE-319,route_screen,Wave 1 — Public Pages & Authentication,/field-leadership/portal/change-password,Field Leadership,Portal,frontend/src/pages/FieldLeadershipPortalChangePassword.jsx,INSPECTED_DEFECT_OPEN,INSPECTED_NO_DEFECT_OBSERVED,DEFECT_OPEN,INSPECTED_NO_DEFECT_OBSERVED,DEFECT_OPEN,INSPECTED_NO_DEFECT_OBSERVED,INSPECTED_NO_DEFECT_OBSERVED,Playwright 2026-07-30: RESULT::fl_change_password_chrome::FAIL (caution=0 blueprint=0 footer=1). Code review: frontend/src/pages/FieldLeadershipPortalChangePassword.jsx:61-120.,WP16-W1-002,NO,NO,Wave 1 inspection found an isolated auth-shell drift defect. Field Leadership change-password still renders in a legacy plain-gray shell instead of the canonical auth chrome. Not certified; repair deferred.
WP16-ROUTE-320,route_screen,Wave 2 — Homepage / Dashboard,/field-leadership/portal/dashboard,Field Leadership,Portal,frontend/src/pages/FieldLeadershipPortalDashboard.jsx,PRIOR_EVIDENCE_EXISTS_REVERIFY_REQUIRED,PRIOR_EVIDENCE_EXISTS_REVERIFY_REQUIRED,PRIOR_EVIDENCE_EXISTS_REVERIFY_REQUIRED,PRIOR_EVIDENCE_EXISTS_REVERIFY_REQUIRED,PRIOR_EVIDENCE_EXISTS_REVERIFY_REQUIRED,PRIOR_EVIDENCE_EXISTS_REVERIFY_REQUIRED,PRIOR_EVIDENCE_EXISTS_REVERIFY_REQUIRED,See WP16_ROUTE_EXERCISE_REGISTER.md for prior evidence.,,NO,NO,Imported from prior route register classification: FULLY_EXERCISED. Dashboard baseline plus employee lookup result and widget states captured. Phase 4 interaction evidence: lookup no-results state captured.
WP16-ROUTE-321,route_screen,Wave 9 — Jobs & Field Operations,/field-leadership/portal,Field Leadership,Portal,frontend/src/pages/FieldLeadershipPortalDashboard.jsx,PRIOR_EVIDENCE_EXISTS_REVERIFY_REQUIRED,PRIOR_EVIDENCE_EXISTS_REVERIFY_REQUIRED,PRIOR_EVIDENCE_EXISTS_REVERIFY_REQUIRED,PRIOR_EVIDENCE_EXISTS_REVERIFY_REQUIRED,PRIOR_EVIDENCE_EXISTS_REVERIFY_REQUIRED,PRIOR_EVIDENCE_EXISTS_REVERIFY_REQUIRED,PRIOR_EVIDENCE_EXISTS_REVERIFY_REQUIRED,See WP16_ROUTE_EXERCISE_REGISTER.md for prior evidence.,,NO,NO,Imported from prior route register classification: FULLY_EXERCISED. Alias dashboard route rendered under authenticated session.
WP16-ROUTE-322,route_screen,Wave 9 — Jobs & Field Operations,/field-leadership/portal/driver-qualification,Field Leadership,Portal,frontend/src/pages/FieldLeadershipDriverQualification.jsx,PRIOR_EVIDENCE_EXISTS_REVERIFY_REQUIRED,PRIOR_EVIDENCE_EXISTS_REVERIFY_REQUIRED,PRIOR_EVIDENCE_EXISTS_REVERIFY_REQUIRED,PRIOR_EVIDENCE_EXISTS_REVERIFY_REQUIRED,PRIOR_EVIDENCE_EXISTS_REVERIFY_REQUIRED,PRIOR_EVIDENCE_EXISTS_REVERIFY_REQUIRED,PRIOR_EVIDENCE_EXISTS_REVERIFY_REQUIRED,See WP16_ROUTE_EXERCISE_REGISTER.md for prior evidence.,,NO,NO,Imported from prior route register classification: FULLY_EXERCISED. Driver qualification table plus first reachable drawer state captured. Phase 4 interaction evidence: drawer open/dismiss cycle captured.
WP16-ROUTE-351,route_screen,Wave 1 — Public Pages & Authentication,/leadership/login,Field Leadership,Login,frontend/src/pages/FieldLeadershipPortalLogin.jsx,INSPECTED_DEFECT_OPEN,DEFECT_OPEN,INSPECTED_NO_DEFECT_OBSERVED,INSPECTED_NO_DEFECT_OBSERVED,DEFECT_OPEN,INSPECTED_NO_DEFECT_OBSERVED,INSPECTED_NO_DEFECT_OBSERVED,Playwright 2026-07-30: RESULT::route_/leadership/login::PASS and RESULT::fl_failed_login_preserves_admin_token::FAIL. Shared component: frontend/src/pages/FieldLeadershipPortalLogin.jsx.,WP16-W1-006,NO,NO,"Wave 1 inspection found a cross-session continuity defect on the canonical Field Leadership login route. Because the route uses the shared FieldLeadershipPortalLogin component, a failed sign-in can clear an existing admin session. Not certified; repair deferred."
WP16-ROUTE-411,redirect_route,Wave 9 — Jobs & Field Operations,/field-leadership,Field Leadership,Field Leadership,Navigate,REDIRECT_BEHAVIOR_PENDING,PENDING_REDIRECT_CHECK,PENDING_REDIRECT_CHECK,PENDING_REDIRECT_CHECK,PENDING_REDIRECT_CHECK,PENDING_REDIRECT_CHECK,NOT_APPLICABLE,See WP16_ROUTE_EXERCISE_REGISTER.md for prior evidence.,,NO,NO,Imported from prior route register classification: REDIRECT_ONLY. Redirect target: /leadership
WP16-ROUTE-175,route_screen,Wave 12 — Guidance Center,/guidance,Training / Guidance,Guidance,frontend/src/pages/guidance/OperationalGuidanceCenter.jsx,PRIOR_EVIDENCE_EXISTS_REVERIFY_REQUIRED,PRIOR_EVIDENCE_EXISTS_REVERIFY_REQUIRED,PRIOR_EVIDENCE_EXISTS_REVERIFY_REQUIRED,PRIOR_EVIDENCE_EXISTS_REVERIFY_REQUIRED,PRIOR_EVIDENCE_EXISTS_REVERIFY_REQUIRED,PRIOR_EVIDENCE_EXISTS_REVERIFY_REQUIRED,PRIOR_EVIDENCE_EXISTS_REVERIFY_REQUIRED,See WP16_ROUTE_EXERCISE_REGISTER.md for prior evidence.,,NO,NO,Imported from prior route register classification: FULLY_EXERCISED. Public and authenticated guidance home plus search-empty state captured.
WP16-ROUTE-176,detail_screen,Wave 12 — Guidance Center,/guidance/section/:sectionId,Training / Guidance,Section,frontend/src/pages/guidance/OperationalGuidanceCenter.jsx,PRIOR_EVIDENCE_EXISTS_REVERIFY_REQUIRED,PRIOR_EVIDENCE_EXISTS_REVERIFY_REQUIRED,PRIOR_EVIDENCE_EXISTS_REVERIFY_REQUIRED,PRIOR_EVIDENCE_EXISTS_REVERIFY_REQUIRED,PRIOR_EVIDENCE_EXISTS_REVERIFY_REQUIRED,PRIOR_EVIDENCE_EXISTS_REVERIFY_REQUIRED,PRIOR_EVIDENCE_EXISTS_REVERIFY_REQUIRED,See WP16_ROUTE_EXERCISE_REGISTER.md for prior evidence.,,NO,NO,Imported from prior route register classification: FULLY_EXERCISED. Public section route and authenticated portals section route both captured.
WP16-ROUTE-177,detail_screen,Wave 12 — Guidance Center,/guidance/:articleId,Training / Guidance,Articleid,frontend/src/pages/guidance/OperationalGuidanceCenter.jsx,PRIOR_EVIDENCE_EXISTS_REVERIFY_REQUIRED,PRIOR_EVIDENCE_EXISTS_REVERIFY_REQUIRED,PRIOR_EVIDENCE_EXISTS_REVERIFY_REQUIRED,PRIOR_EVIDENCE_EXISTS_REVERIFY_REQUIRED,PRIOR_EVIDENCE_EXISTS_REVERIFY_REQUIRED,PRIOR_EVIDENCE_EXISTS_REVERIFY_REQUIRED,PRIOR_EVIDENCE_EXISTS_REVERIFY_REQUIRED,See WP16_ROUTE_EXERCISE_REGISTER.md for prior evidence.,,NO,NO,Imported from prior route register classification: FULLY_EXERCISED. First reachable guidance article opened from section list.
WP16-ROUTE-365,route_screen,Wave 11 — Training,/training,Training / Guidance,Training,frontend/src/pages/TrainingHub.jsx,PRIOR_EVIDENCE_EXISTS_REVERIFY_REQUIRED,PRIOR_EVIDENCE_EXISTS_REVERIFY_REQUIRED,PRIOR_EVIDENCE_EXISTS_REVERIFY_REQUIRED,PRIOR_EVIDENCE_EXISTS_REVERIFY_REQUIRED,PRIOR_EVIDENCE_EXISTS_REVERIFY_REQUIRED,PRIOR_EVIDENCE_EXISTS_REVERIFY_REQUIRED,PRIOR_EVIDENCE_EXISTS_REVERIFY_REQUIRED,See WP16_ROUTE_EXERCISE_REGISTER.md for prior evidence.,,NO,NO,Imported from prior route register classification: FULLY_EXERCISED. Public training hub captured.
WP16-ROUTE-366,redirect_route,Wave 2 — Homepage / Dashboard,/training-hub,Training / Guidance,Training HUB,Navigate,REDIRECT_BEHAVIOR_PENDING,PENDING_REDIRECT_CHECK,PENDING_REDIRECT_CHECK,PENDING_REDIRECT_CHECK,PENDING_REDIRECT_CHECK,PENDING_REDIRECT_CHECK,NOT_APPLICABLE,See WP16_ROUTE_EXERCISE_REGISTER.md for prior evidence.,,NO,NO,Imported from prior route register classification: REDIRECT_ONLY. Redirect target: /training
WP16-ROUTE-367,detail_screen,Wave 11 — Training,/training/:track,Training / Guidance,Track,frontend/src/pages/TrainingTrack.jsx,PRIOR_EVIDENCE_EXISTS_REVERIFY_REQUIRED,PRIOR_EVIDENCE_EXISTS_REVERIFY_REQUIRED,PRIOR_EVIDENCE_EXISTS_REVERIFY_REQUIRED,PRIOR_EVIDENCE_EXISTS_REVERIFY_REQUIRED,PRIOR_EVIDENCE_EXISTS_REVERIFY_REQUIRED,PRIOR_EVIDENCE_EXISTS_REVERIFY_REQUIRED,PRIOR_EVIDENCE_EXISTS_REVERIFY_REQUIRED,See WP16_ROUTE_EXERCISE_REGISTER.md for prior evidence.,,NO,NO,"Imported from prior route register classification: FULLY_EXERCISED. Public track, gated access-denied state, and authenticated admin track state captured."
WP16-ROUTE-368,detail_screen,Wave 11 — Training,/training/:track/poster,Training / Guidance,Track,frontend/src/pages/TrainingQrPoster.jsx,PRIOR_EVIDENCE_EXISTS_REVERIFY_REQUIRED,PRIOR_EVIDENCE_EXISTS_REVERIFY_REQUIRED,PRIOR_EVIDENCE_EXISTS_REVERIFY_REQUIRED,PRIOR_EVIDENCE_EXISTS_REVERIFY_REQUIRED,PRIOR_EVIDENCE_EXISTS_REVERIFY_REQUIRED,PRIOR_EVIDENCE_EXISTS_REVERIFY_REQUIRED,PRIOR_EVIDENCE_EXISTS_REVERIFY_REQUIRED,See WP16_ROUTE_EXERCISE_REGISTER.md for prior evidence.,,NO,NO,"Imported from prior route register classification: FULLY_EXERCISED. Poster route exercised in public, gated, and authenticated contexts."
WP16-ROUTE-369,detail_screen,Wave 11 — Training,/training/:track/packet,Training / Guidance,Track,frontend/src/pages/TrainingPacketDownload.jsx,PRIOR_EVIDENCE_EXISTS_REVERIFY_REQUIRED,PRIOR_EVIDENCE_EXISTS_REVERIFY_REQUIRED,PRIOR_EVIDENCE_EXISTS_REVERIFY_REQUIRED,PRIOR_EVIDENCE_EXISTS_REVERIFY_REQUIRED,PRIOR_EVIDENCE_EXISTS_REVERIFY_REQUIRED,PRIOR_EVIDENCE_EXISTS_REVERIFY_REQUIRED,PRIOR_EVIDENCE_EXISTS_REVERIFY_REQUIRED,See WP16_ROUTE_EXERCISE_REGISTER.md for prior evidence.,,NO,NO,Imported from prior route register classification: FULLY_EXERCISED. Packet route captured in login-required and authenticated completion states.
WP16-ROUTE-020,route_screen,Wave 7 — Dispatch & Transportation,/transportation-operations/*,Transportation Ops wrapper,ALL,frontend/src/pages/AdminTransportation.jsx,PRIOR_EVIDENCE_EXISTS_REVERIFY_REQUIRED,PRIOR_EVIDENCE_EXISTS_REVERIFY_REQUIRED,PRIOR_EVIDENCE_EXISTS_REVERIFY_REQUIRED,PRIOR_EVIDENCE_EXISTS_REVERIFY_REQUIRED,PRIOR_EVIDENCE_EXISTS_REVERIFY_REQUIRED,PRIOR_EVIDENCE_EXISTS_REVERIFY_REQUIRED,PRIOR_EVIDENCE_EXISTS_REVERIFY_REQUIRED,See WP16_ROUTE_EXERCISE_REGISTER.md for prior evidence.,,NO,NO,Imported from prior route register classification: FULLY_EXERCISED. Dispatch-authenticated wrapper traversal captured across reachable child mounts.
WP16-ROUTE-046,detail_screen,Wave 7 — Dispatch & Transportation,/transport-invite/:token,Transportation Ops wrapper,Token,frontend/src/pages/transportation/ExternalCarrierInvite.jsx,PARTIALLY_VERIFIED_REVERIFY_REQUIRED,PRIOR_EVIDENCE_EXISTS_REVERIFY_REQUIRED,PRIOR_EVIDENCE_EXISTS_REVERIFY_REQUIRED,PRIOR_EVIDENCE_EXISTS_REVERIFY_REQUIRED,PRIOR_EVIDENCE_EXISTS_REVERIFY_REQUIRED,PRIOR_EVIDENCE_EXISTS_REVERIFY_REQUIRED,PRIOR_EVIDENCE_EXISTS_REVERIFY_REQUIRED,See WP16_ROUTE_EXERCISE_REGISTER.md for prior evidence.,,NO,NO,Imported from prior route register classification: PARTIALLY_EXERCISED. Invite-unavailable blocked state captured with placeholder token.
WP16-ROUTE-047,detail_screen,Wave 7 — Dispatch & Transportation,/transport-verify/:cnum,Transportation Ops wrapper,Cnum,frontend/src/pages/transportation/CertificateVerify.jsx,PARTIALLY_VERIFIED_REVERIFY_REQUIRED,PRIOR_EVIDENCE_EXISTS_REVERIFY_REQUIRED,PRIOR_EVIDENCE_EXISTS_REVERIFY_REQUIRED,PRIOR_EVIDENCE_EXISTS_REVERIFY_REQUIRED,PRIOR_EVIDENCE_EXISTS_REVERIFY_REQUIRED,PRIOR_EVIDENCE_EXISTS_REVERIFY_REQUIRED,PRIOR_EVIDENCE_EXISTS_REVERIFY_REQUIRED,See WP16_ROUTE_EXERCISE_REGISTER.md for prior evidence.,,NO,NO,Imported from prior route register classification: PARTIALLY_EXERCISED. Certificate-not-found blocked state captured with placeholder certificate number.
WP16-ROUTE-445,route_screen,Wave 16 — Remaining Operational Modules,dispatch,Transportation Ops child,Dispatch,,PRIOR_EVIDENCE_EXISTS_REVERIFY_REQUIRED,PRIOR_EVIDENCE_EXISTS_REVERIFY_REQUIRED,PRIOR_EVIDENCE_EXISTS_REVERIFY_REQUIRED,PRIOR_EVIDENCE_EXISTS_REVERIFY_REQUIRED,PRIOR_EVIDENCE_EXISTS_REVERIFY_REQUIRED,PRIOR_EVIDENCE_EXISTS_REVERIFY_REQUIRED,PRIOR_EVIDENCE_EXISTS_REVERIFY_REQUIRED,See WP16_ROUTE_EXERCISE_REGISTER.md for prior evidence.,,NO,NO,Imported from prior route register classification: FULLY_EXERCISED. Dispatch bridge workspace captured in admin and wrapper contexts.
WP16-ROUTE-446,route_screen,Wave 16 — Remaining Operational Modules,live-operations,Transportation Ops child,Live Operations,,PRIOR_EVIDENCE_EXISTS_REVERIFY_REQUIRED,PRIOR_EVIDENCE_EXISTS_REVERIFY_REQUIRED,PRIOR_EVIDENCE_EXISTS_REVERIFY_REQUIRED,PRIOR_EVIDENCE_EXISTS_REVERIFY_REQUIRED,PRIOR_EVIDENCE_EXISTS_REVERIFY_REQUIRED,PRIOR_EVIDENCE_EXISTS_REVERIFY_REQUIRED,PRIOR_EVIDENCE_EXISTS_REVERIFY_REQUIRED,See WP16_ROUTE_EXERCISE_REGISTER.md for prior evidence.,,NO,NO,Imported from prior route register classification: FULLY_EXERCISED. Live operations workspace captured.
WP16-ROUTE-447,route_screen,Wave 16 — Remaining Operational Modules,trucks,Transportation Ops child,Trucks,,PRIOR_EVIDENCE_EXISTS_REVERIFY_REQUIRED,PRIOR_EVIDENCE_EXISTS_REVERIFY_REQUIRED,PRIOR_EVIDENCE_EXISTS_REVERIFY_REQUIRED,PRIOR_EVIDENCE_EXISTS_REVERIFY_REQUIRED,PRIOR_EVIDENCE_EXISTS_REVERIFY_REQUIRED,PRIOR_EVIDENCE_EXISTS_REVERIFY_REQUIRED,PRIOR_EVIDENCE_EXISTS_REVERIFY_REQUIRED,See WP16_ROUTE_EXERCISE_REGISTER.md for prior evidence.,,NO,NO,Imported from prior route register classification: FULLY_EXERCISED. Trucks list captured.
WP16-ROUTE-448,detail_screen,Wave 16 — Remaining Operational Modules,trucks/:id,Transportation Ops child,Trucks,,PRIOR_EVIDENCE_EXISTS_REVERIFY_REQUIRED,PRIOR_EVIDENCE_EXISTS_REVERIFY_REQUIRED,PRIOR_EVIDENCE_EXISTS_REVERIFY_REQUIRED,PRIOR_EVIDENCE_EXISTS_REVERIFY_REQUIRED,PRIOR_EVIDENCE_EXISTS_REVERIFY_REQUIRED,PRIOR_EVIDENCE_EXISTS_REVERIFY_REQUIRED,PRIOR_EVIDENCE_EXISTS_REVERIFY_REQUIRED,See WP16_ROUTE_EXERCISE_REGISTER.md for prior evidence.,,NO,NO,Imported from prior route register classification: FULLY_EXERCISED. Truck detail route and inspection wizard state captured.
WP16-ROUTE-449,route_screen,Wave 16 — Remaining Operational Modules,drivers,Transportation Ops child,Drivers,,PRIOR_EVIDENCE_EXISTS_REVERIFY_REQUIRED,PRIOR_EVIDENCE_EXISTS_REVERIFY_REQUIRED,PRIOR_EVIDENCE_EXISTS_REVERIFY_REQUIRED,PRIOR_EVIDENCE_EXISTS_REVERIFY_REQUIRED,PRIOR_EVIDENCE_EXISTS_REVERIFY_REQUIRED,PRIOR_EVIDENCE_EXISTS_REVERIFY_REQUIRED,PRIOR_EVIDENCE_EXISTS_REVERIFY_REQUIRED,See WP16_ROUTE_EXERCISE_REGISTER.md for prior evidence.,,NO,NO,Imported from prior route register classification: FULLY_EXERCISED. Drivers list captured.
WP16-ROUTE-450,detail_screen,Wave 16 — Remaining Operational Modules,drivers/:id,Transportation Ops child,Drivers,,PRIOR_EVIDENCE_EXISTS_REVERIFY_REQUIRED,PRIOR_EVIDENCE_EXISTS_REVERIFY_REQUIRED,PRIOR_EVIDENCE_EXISTS_REVERIFY_REQUIRED,PRIOR_EVIDENCE_EXISTS_REVERIFY_REQUIRED,PRIOR_EVIDENCE_EXISTS_REVERIFY_REQUIRED,PRIOR_EVIDENCE_EXISTS_REVERIFY_REQUIRED,PRIOR_EVIDENCE_EXISTS_REVERIFY_REQUIRED,See WP16_ROUTE_EXERCISE_REGISTER.md for prior evidence.,,NO,NO,Imported from prior route register classification: FULLY_EXERCISED. Driver workspace detail captured.
WP16-ROUTE-451,route_screen,Wave 16 — Remaining Operational Modules,carriers,Transportation Ops child,Carriers,,PRIOR_EVIDENCE_EXISTS_REVERIFY_REQUIRED,PRIOR_EVIDENCE_EXISTS_REVERIFY_REQUIRED,PRIOR_EVIDENCE_EXISTS_REVERIFY_REQUIRED,PRIOR_EVIDENCE_EXISTS_REVERIFY_REQUIRED,PRIOR_EVIDENCE_EXISTS_REVERIFY_REQUIRED,PRIOR_EVIDENCE_EXISTS_REVERIFY_REQUIRED,PRIOR_EVIDENCE_EXISTS_REVERIFY_REQUIRED,See WP16_ROUTE_EXERCISE_REGISTER.md for prior evidence.,,NO,NO,Imported from prior route register classification: FULLY_EXERCISED. Carriers list captured.
WP16-ROUTE-452,detail_screen,Wave 16 — Remaining Operational Modules,carriers/:id,Transportation Ops child,Carriers,,PRIOR_EVIDENCE_EXISTS_REVERIFY_REQUIRED,PRIOR_EVIDENCE_EXISTS_REVERIFY_REQUIRED,PRIOR_EVIDENCE_EXISTS_REVERIFY_REQUIRED,PRIOR_EVIDENCE_EXISTS_REVERIFY_REQUIRED,PRIOR_EVIDENCE_EXISTS_REVERIFY_REQUIRED,PRIOR_EVIDENCE_EXISTS_REVERIFY_REQUIRED,PRIOR_EVIDENCE_EXISTS_REVERIFY_REQUIRED,See WP16_ROUTE_EXERCISE_REGISTER.md for prior evidence.,,NO,NO,Imported from prior route register classification: FULLY_EXERCISED. Carrier detail workspace captured across all reachable tabs.
WP16-ROUTE-453,route_screen,Wave 16 — Remaining Operational Modules,compliance,Transportation Ops child,Compliance,,PRIOR_EVIDENCE_EXISTS_REVERIFY_REQUIRED,PRIOR_EVIDENCE_EXISTS_REVERIFY_REQUIRED,PRIOR_EVIDENCE_EXISTS_REVERIFY_REQUIRED,PRIOR_EVIDENCE_EXISTS_REVERIFY_REQUIRED,PRIOR_EVIDENCE_EXISTS_REVERIFY_REQUIRED,PRIOR_EVIDENCE_EXISTS_REVERIFY_REQUIRED,PRIOR_EVIDENCE_EXISTS_REVERIFY_REQUIRED,See WP16_ROUTE_EXERCISE_REGISTER.md for prior evidence.,,NO,NO,Imported from prior route register classification: FULLY_EXERCISED. Compliance workspace captured.
WP16-ROUTE-454,route_screen,Wave 16 — Remaining Operational Modules,orientation/*,Transportation Ops child,Orientation,,PRIOR_EVIDENCE_EXISTS_REVERIFY_REQUIRED,PRIOR_EVIDENCE_EXISTS_REVERIFY_REQUIRED,PRIOR_EVIDENCE_EXISTS_REVERIFY_REQUIRED,PRIOR_EVIDENCE_EXISTS_REVERIFY_REQUIRED,PRIOR_EVIDENCE_EXISTS_REVERIFY_REQUIRED,PRIOR_EVIDENCE_EXISTS_REVERIFY_REQUIRED,PRIOR_EVIDENCE_EXISTS_REVERIFY_REQUIRED,See WP16_ROUTE_EXERCISE_REGISTER.md for prior evidence.,,NO,NO,Imported from prior route register classification: FULLY_EXERCISED. Orientation parent route plus all reachable nested states captured.
WP16-ROUTE-455,route_screen,Wave 16 — Remaining Operational Modules,academy,Transportation Ops child,Academy,,PRIOR_EVIDENCE_EXISTS_REVERIFY_REQUIRED,PRIOR_EVIDENCE_EXISTS_REVERIFY_REQUIRED,PRIOR_EVIDENCE_EXISTS_REVERIFY_REQUIRED,PRIOR_EVIDENCE_EXISTS_REVERIFY_REQUIRED,PRIOR_EVIDENCE_EXISTS_REVERIFY_REQUIRED,PRIOR_EVIDENCE_EXISTS_REVERIFY_REQUIRED,PRIOR_EVIDENCE_EXISTS_REVERIFY_REQUIRED,See WP16_ROUTE_EXERCISE_REGISTER.md for prior evidence.,,NO,NO,Imported from prior route register classification: FULLY_EXERCISED. Academy landing captured in admin and wrapper contexts.
WP16-ROUTE-456,detail_screen,Wave 16 — Remaining Operational Modules,academy/:moduleKey,Transportation Ops child,Academy,,PRIOR_EVIDENCE_EXISTS_REVERIFY_REQUIRED,PRIOR_EVIDENCE_EXISTS_REVERIFY_REQUIRED,PRIOR_EVIDENCE_EXISTS_REVERIFY_REQUIRED,PRIOR_EVIDENCE_EXISTS_REVERIFY_REQUIRED,PRIOR_EVIDENCE_EXISTS_REVERIFY_REQUIRED,PRIOR_EVIDENCE_EXISTS_REVERIFY_REQUIRED,PRIOR_EVIDENCE_EXISTS_REVERIFY_REQUIRED,See WP16_ROUTE_EXERCISE_REGISTER.md for prior evidence.,,NO,NO,Imported from prior route register classification: FULLY_EXERCISED. First reachable academy module detail captured.
WP16-ROUTE-457,route_screen,Wave 16 — Remaining Operational Modules,intelligence/*,Transportation Ops child,Intelligence,,PRIOR_EVIDENCE_EXISTS_REVERIFY_REQUIRED,PRIOR_EVIDENCE_EXISTS_REVERIFY_REQUIRED,PRIOR_EVIDENCE_EXISTS_REVERIFY_REQUIRED,PRIOR_EVIDENCE_EXISTS_REVERIFY_REQUIRED,PRIOR_EVIDENCE_EXISTS_REVERIFY_REQUIRED,PRIOR_EVIDENCE_EXISTS_REVERIFY_REQUIRED,PRIOR_EVIDENCE_EXISTS_REVERIFY_REQUIRED,See WP16_ROUTE_EXERCISE_REGISTER.md for prior evidence.,,NO,NO,Imported from prior route register classification: FULLY_EXERCISED. Intelligence root plus all reachable nested views captured.
WP16-ROUTE-458,route_screen,Wave 16 — Remaining Operational Modules,command-queue/*,Transportation Ops child,Command Queue,,PRIOR_EVIDENCE_EXISTS_REVERIFY_REQUIRED,PRIOR_EVIDENCE_EXISTS_REVERIFY_REQUIRED,PRIOR_EVIDENCE_EXISTS_REVERIFY_REQUIRED,PRIOR_EVIDENCE_EXISTS_REVERIFY_REQUIRED,PRIOR_EVIDENCE_EXISTS_REVERIFY_REQUIRED,PRIOR_EVIDENCE_EXISTS_REVERIFY_REQUIRED,PRIOR_EVIDENCE_EXISTS_REVERIFY_REQUIRED,See WP16_ROUTE_EXERCISE_REGISTER.md for prior evidence.,,NO,NO,Imported from prior route register classification: FULLY_EXERCISED. Command queue root plus all reachable nested views captured.
WP16-ROUTE-459,route_screen,Wave 16 — Remaining Operational Modules,reports,Transportation Ops child,Reports,,PRIOR_EVIDENCE_EXISTS_REVERIFY_REQUIRED,PRIOR_EVIDENCE_EXISTS_REVERIFY_REQUIRED,PRIOR_EVIDENCE_EXISTS_REVERIFY_REQUIRED,PRIOR_EVIDENCE_EXISTS_REVERIFY_REQUIRED,PRIOR_EVIDENCE_EXISTS_REVERIFY_REQUIRED,PRIOR_EVIDENCE_EXISTS_REVERIFY_REQUIRED,PRIOR_EVIDENCE_EXISTS_REVERIFY_REQUIRED,See WP16_ROUTE_EXERCISE_REGISTER.md for prior evidence.,,NO,NO,Imported from prior route register classification: FULLY_EXERCISED. Reports workspace captured in admin and wrapper contexts.
WP16-ROUTE-460,route_screen,Wave 16 — Remaining Operational Modules,audit,Transportation Ops child,Audit,,PRIOR_EVIDENCE_EXISTS_REVERIFY_REQUIRED,PRIOR_EVIDENCE_EXISTS_REVERIFY_REQUIRED,PRIOR_EVIDENCE_EXISTS_REVERIFY_REQUIRED,PRIOR_EVIDENCE_EXISTS_REVERIFY_REQUIRED,PRIOR_EVIDENCE_EXISTS_REVERIFY_REQUIRED,PRIOR_EVIDENCE_EXISTS_REVERIFY_REQUIRED,PRIOR_EVIDENCE_EXISTS_REVERIFY_REQUIRED,See WP16_ROUTE_EXERCISE_REGISTER.md for prior evidence.,,NO,NO,Imported from prior route register classification: FULLY_EXERCISED. Audit workspace captured.
WP16-ROUTE-461,route_screen,Wave 16 — Remaining Operational Modules,documents,Transportation Ops child,Documents,,PRIOR_EVIDENCE_EXISTS_REVERIFY_REQUIRED,PRIOR_EVIDENCE_EXISTS_REVERIFY_REQUIRED,PRIOR_EVIDENCE_EXISTS_REVERIFY_REQUIRED,PRIOR_EVIDENCE_EXISTS_REVERIFY_REQUIRED,PRIOR_EVIDENCE_EXISTS_REVERIFY_REQUIRED,PRIOR_EVIDENCE_EXISTS_REVERIFY_REQUIRED,PRIOR_EVIDENCE_EXISTS_REVERIFY_REQUIRED,See WP16_ROUTE_EXERCISE_REGISTER.md for prior evidence.,,NO,NO,Imported from prior route register classification: FULLY_EXERCISED. Documents workspace captured.
WP16-ROUTE-462,route_screen,Wave 16 — Remaining Operational Modules,inspections,Transportation Ops child,Inspections,,PRIOR_EVIDENCE_EXISTS_REVERIFY_REQUIRED,PRIOR_EVIDENCE_EXISTS_REVERIFY_REQUIRED,PRIOR_EVIDENCE_EXISTS_REVERIFY_REQUIRED,PRIOR_EVIDENCE_EXISTS_REVERIFY_REQUIRED,PRIOR_EVIDENCE_EXISTS_REVERIFY_REQUIRED,PRIOR_EVIDENCE_EXISTS_REVERIFY_REQUIRED,PRIOR_EVIDENCE_EXISTS_REVERIFY_REQUIRED,See WP16_ROUTE_EXERCISE_REGISTER.md for prior evidence.,,NO,NO,Imported from prior route register classification: FULLY_EXERCISED. Inspection center and launcher wizard state captured.
WP16-ROUTE-463,route_screen,Wave 16 — Remaining Operational Modules,rate-schedules,Transportation Ops child,Rate Schedules,,PRIOR_EVIDENCE_EXISTS_REVERIFY_REQUIRED,PRIOR_EVIDENCE_EXISTS_REVERIFY_REQUIRED,PRIOR_EVIDENCE_EXISTS_REVERIFY_REQUIRED,PRIOR_EVIDENCE_EXISTS_REVERIFY_REQUIRED,PRIOR_EVIDENCE_EXISTS_REVERIFY_REQUIRED,PRIOR_EVIDENCE_EXISTS_REVERIFY_REQUIRED,PRIOR_EVIDENCE_EXISTS_REVERIFY_REQUIRED,See WP16_ROUTE_EXERCISE_REGISTER.md for prior evidence.,,NO,NO,Imported from prior route register classification: FULLY_EXERCISED. Rate schedules table plus new-version dialog captured.
WP16-ROUTE-464,redirect_route,Wave 16 — Remaining Operational Modules,compliance/documents,Transportation Ops child,Compliance,,REDIRECT_BEHAVIOR_PENDING,PENDING_REDIRECT_CHECK,PENDING_REDIRECT_CHECK,PENDING_REDIRECT_CHECK,PENDING_REDIRECT_CHECK,PENDING_REDIRECT_CHECK,NOT_APPLICABLE,See WP16_ROUTE_EXERCISE_REGISTER.md for prior evidence.,,NO,NO,Imported from prior route register classification: REDIRECT_ONLY. Mounted context: /admin/transportation/* and /transportation-operations/*; Redirect target: ../documents
WP16-ROUTE-465,redirect_route,Wave 16 — Remaining Operational Modules,compliance/rate-schedules,Transportation Ops child,Compliance,,REDIRECT_BEHAVIOR_PENDING,PENDING_REDIRECT_CHECK,PENDING_REDIRECT_CHECK,PENDING_REDIRECT_CHECK,PENDING_REDIRECT_CHECK,PENDING_REDIRECT_CHECK,NOT_APPLICABLE,See WP16_ROUTE_EXERCISE_REGISTER.md for prior evidence.,,NO,NO,Imported from prior route register classification: REDIRECT_ONLY. Mounted context: /admin/transportation/* and /transportation-operations/*; Redirect target: ../rate-schedules
WP16-ROUTE-466,redirect_route,Wave 16 — Remaining Operational Modules,fleet,Transportation Ops child,Fleet,,REDIRECT_BEHAVIOR_PENDING,PENDING_REDIRECT_CHECK,PENDING_REDIRECT_CHECK,PENDING_REDIRECT_CHECK,PENDING_REDIRECT_CHECK,PENDING_REDIRECT_CHECK,NOT_APPLICABLE,See WP16_ROUTE_EXERCISE_REGISTER.md for prior evidence.,,NO,NO,Imported from prior route register classification: REDIRECT_ONLY. Mounted context: /admin/transportation/* and /transportation-operations/*; Redirect target: ../trucks
WP16-ROUTE-467,redirect_route,Wave 16 — Remaining Operational Modules,fleet/trucks,Transportation Ops child,Fleet,,REDIRECT_BEHAVIOR_PENDING,PENDING_REDIRECT_CHECK,PENDING_REDIRECT_CHECK,PENDING_REDIRECT_CHECK,PENDING_REDIRECT_CHECK,PENDING_REDIRECT_CHECK,NOT_APPLICABLE,See WP16_ROUTE_EXERCISE_REGISTER.md for prior evidence.,,NO,NO,Imported from prior route register classification: REDIRECT_ONLY. Mounted context: /admin/transportation/* and /transportation-operations/*; Redirect target: ../../trucks
WP16-ROUTE-468,redirect_route,Wave 16 — Remaining Operational Modules,fleet/inspections,Transportation Ops child,Fleet,,REDIRECT_BEHAVIOR_PENDING,PENDING_REDIRECT_CHECK,PENDING_REDIRECT_CHECK,PENDING_REDIRECT_CHECK,PENDING_REDIRECT_CHECK,PENDING_REDIRECT_CHECK,NOT_APPLICABLE,See WP16_ROUTE_EXERCISE_REGISTER.md for prior evidence.,,NO,NO,Imported from prior route register classification: REDIRECT_ONLY. Mounted context: /admin/transportation/* and /transportation-operations/*; Redirect target: ../../inspections
WP16-ROUTE-469,redirect_route,Wave 16 — Remaining Operational Modules,administration/audit,Transportation Ops child,Administration,,REDIRECT_BEHAVIOR_PENDING,PENDING_REDIRECT_CHECK,PENDING_REDIRECT_CHECK,PENDING_REDIRECT_CHECK,PENDING_REDIRECT_CHECK,PENDING_REDIRECT_CHECK,NOT_APPLICABLE,See WP16_ROUTE_EXERCISE_REGISTER.md for prior evidence.,,NO,NO,Imported from prior route register classification: REDIRECT_ONLY. Mounted context: /admin/transportation/* and /transportation-operations/*; Redirect target: ../audit
WP16-ROUTE-470,route_screen,Wave 16 — Remaining Operational Modules,health,Transportation Ops child,Health,,PRIOR_EVIDENCE_EXISTS_REVERIFY_REQUIRED,PRIOR_EVIDENCE_EXISTS_REVERIFY_REQUIRED,PRIOR_EVIDENCE_EXISTS_REVERIFY_REQUIRED,PRIOR_EVIDENCE_EXISTS_REVERIFY_REQUIRED,PRIOR_EVIDENCE_EXISTS_REVERIFY_REQUIRED,PRIOR_EVIDENCE_EXISTS_REVERIFY_REQUIRED,PRIOR_EVIDENCE_EXISTS_REVERIFY_REQUIRED,See WP16_ROUTE_EXERCISE_REGISTER.md for prior evidence.,,NO,NO,Imported from prior route register classification: FULLY_EXERCISED. Health nested command-queue route captured.
WP16-ROUTE-471,route_screen,Wave 16 — Remaining Operational Modules,forecast,Transportation Ops child,Forecast,,PRIOR_EVIDENCE_EXISTS_REVERIFY_REQUIRED,PRIOR_EVIDENCE_EXISTS_REVERIFY_REQUIRED,PRIOR_EVIDENCE_EXISTS_REVERIFY_REQUIRED,PRIOR_EVIDENCE_EXISTS_REVERIFY_REQUIRED,PRIOR_EVIDENCE_EXISTS_REVERIFY_REQUIRED,PRIOR_EVIDENCE_EXISTS_REVERIFY_REQUIRED,PRIOR_EVIDENCE_EXISTS_REVERIFY_REQUIRED,See WP16_ROUTE_EXERCISE_REGISTER.md for prior evidence.,,NO,NO,Imported from prior route register classification: FULLY_EXERCISED. Forecast nested command-queue route captured.
WP16-ROUTE-472,route_screen,Wave 16 — Remaining Operational Modules,modules,Transportation Ops child,Modules,,PRIOR_EVIDENCE_EXISTS_REVERIFY_REQUIRED,PRIOR_EVIDENCE_EXISTS_REVERIFY_REQUIRED,PRIOR_EVIDENCE_EXISTS_REVERIFY_REQUIRED,PRIOR_EVIDENCE_EXISTS_REVERIFY_REQUIRED,PRIOR_EVIDENCE_EXISTS_REVERIFY_REQUIRED,PRIOR_EVIDENCE_EXISTS_REVERIFY_REQUIRED,PRIOR_EVIDENCE_EXISTS_REVERIFY_REQUIRED,See WP16_ROUTE_EXERCISE_REGISTER.md for prior evidence.,,NO,NO,Imported from prior route register classification: FULLY_EXERCISED. Orientation modules listing captured.
WP16-ROUTE-473,detail_screen,Wave 16 — Remaining Operational Modules,modules/:mid,Transportation Ops child,Modules,,PRIOR_EVIDENCE_EXISTS_REVERIFY_REQUIRED,PRIOR_EVIDENCE_EXISTS_REVERIFY_REQUIRED,PRIOR_EVIDENCE_EXISTS_REVERIFY_REQUIRED,PRIOR_EVIDENCE_EXISTS_REVERIFY_REQUIRED,PRIOR_EVIDENCE_EXISTS_REVERIFY_REQUIRED,PRIOR_EVIDENCE_EXISTS_REVERIFY_REQUIRED,PRIOR_EVIDENCE_EXISTS_REVERIFY_REQUIRED,See WP16_ROUTE_EXERCISE_REGISTER.md for prior evidence.,,NO,NO,Imported from prior route register classification: FULLY_EXERCISED. Orientation module detail route captured.
WP16-ROUTE-474,route_screen,Wave 16 — Remaining Operational Modules,assignments,Transportation Ops child,Assignments,,PRIOR_EVIDENCE_EXISTS_REVERIFY_REQUIRED,PRIOR_EVIDENCE_EXISTS_REVERIFY_REQUIRED,PRIOR_EVIDENCE_EXISTS_REVERIFY_REQUIRED,PRIOR_EVIDENCE_EXISTS_REVERIFY_REQUIRED,PRIOR_EVIDENCE_EXISTS_REVERIFY_REQUIRED,PRIOR_EVIDENCE_EXISTS_REVERIFY_REQUIRED,PRIOR_EVIDENCE_EXISTS_REVERIFY_REQUIRED,See WP16_ROUTE_EXERCISE_REGISTER.md for prior evidence.,,NO,NO,Imported from prior route register classification: FULLY_EXERCISED. Orientation assignments route captured.
WP16-ROUTE-475,route_screen,Wave 16 — Remaining Operational Modules,certificates,Transportation Ops child,Certificates,,PRIOR_EVIDENCE_EXISTS_REVERIFY_REQUIRED,PRIOR_EVIDENCE_EXISTS_REVERIFY_REQUIRED,PRIOR_EVIDENCE_EXISTS_REVERIFY_REQUIRED,PRIOR_EVIDENCE_EXISTS_REVERIFY_REQUIRED,PRIOR_EVIDENCE_EXISTS_REVERIFY_REQUIRED,PRIOR_EVIDENCE_EXISTS_REVERIFY_REQUIRED,PRIOR_EVIDENCE_EXISTS_REVERIFY_REQUIRED,See WP16_ROUTE_EXERCISE_REGISTER.md for prior evidence.,,NO,NO,Imported from prior route register classification: FULLY_EXERCISED. Orientation certificates route captured.
WP16-ROUTE-476,route_screen,Wave 14 — Communications,emails,Transportation Ops child,Emails,,PRIOR_EVIDENCE_EXISTS_REVERIFY_REQUIRED,PRIOR_EVIDENCE_EXISTS_REVERIFY_REQUIRED,PRIOR_EVIDENCE_EXISTS_REVERIFY_REQUIRED,PRIOR_EVIDENCE_EXISTS_REVERIFY_REQUIRED,PRIOR_EVIDENCE_EXISTS_REVERIFY_REQUIRED,PRIOR_EVIDENCE_EXISTS_REVERIFY_REQUIRED,PRIOR_EVIDENCE_EXISTS_REVERIFY_REQUIRED,See WP16_ROUTE_EXERCISE_REGISTER.md for prior evidence.,,NO,NO,Imported from prior route register classification: FULLY_EXERCISED. Orientation emails route captured in admin and wrapper contexts.
WP16-ROUTE-477,route_screen,Wave 16 — Remaining Operational Modules,recommendations,Transportation Ops child,Recommendations,,PRIOR_EVIDENCE_EXISTS_REVERIFY_REQUIRED,PRIOR_EVIDENCE_EXISTS_REVERIFY_REQUIRED,PRIOR_EVIDENCE_EXISTS_REVERIFY_REQUIRED,PRIOR_EVIDENCE_EXISTS_REVERIFY_REQUIRED,PRIOR_EVIDENCE_EXISTS_REVERIFY_REQUIRED,PRIOR_EVIDENCE_EXISTS_REVERIFY_REQUIRED,PRIOR_EVIDENCE_EXISTS_REVERIFY_REQUIRED,See WP16_ROUTE_EXERCISE_REGISTER.md for prior evidence.,,NO,NO,Imported from prior route register classification: FULLY_EXERCISED. Recommendations intelligence route captured.
WP16-ROUTE-478,route_screen,Wave 16 — Remaining Operational Modules,predictions,Transportation Ops child,Predictions,,PRIOR_EVIDENCE_EXISTS_REVERIFY_REQUIRED,PRIOR_EVIDENCE_EXISTS_REVERIFY_REQUIRED,PRIOR_EVIDENCE_EXISTS_REVERIFY_REQUIRED,PRIOR_EVIDENCE_EXISTS_REVERIFY_REQUIRED,PRIOR_EVIDENCE_EXISTS_REVERIFY_REQUIRED,PRIOR_EVIDENCE_EXISTS_REVERIFY_REQUIRED,PRIOR_EVIDENCE_EXISTS_REVERIFY_REQUIRED,See WP16_ROUTE_EXERCISE_REGISTER.md for prior evidence.,,NO,NO,Imported from prior route register classification: FULLY_EXERCISED. Predictions intelligence route captured.
WP16-ROUTE-479,route_screen,Wave 16 — Remaining Operational Modules,learning,Transportation Ops child,Learning,,PRIOR_EVIDENCE_EXISTS_REVERIFY_REQUIRED,PRIOR_EVIDENCE_EXISTS_REVERIFY_REQUIRED,PRIOR_EVIDENCE_EXISTS_REVERIFY_REQUIRED,PRIOR_EVIDENCE_EXISTS_REVERIFY_REQUIRED,PRIOR_EVIDENCE_EXISTS_REVERIFY_REQUIRED,PRIOR_EVIDENCE_EXISTS_REVERIFY_REQUIRED,PRIOR_EVIDENCE_EXISTS_REVERIFY_REQUIRED,See WP16_ROUTE_EXERCISE_REGISTER.md for prior evidence.,,NO,NO,Imported from prior route register classification: FULLY_EXERCISED. Learning intelligence route captured.
WP16-ROUTE-480,route_screen,Wave 16 — Remaining Operational Modules,cleanup,Transportation Ops child,Cleanup,,PRIOR_EVIDENCE_EXISTS_REVERIFY_REQUIRED,PRIOR_EVIDENCE_EXISTS_REVERIFY_REQUIRED,PRIOR_EVIDENCE_EXISTS_REVERIFY_REQUIRED,PRIOR_EVIDENCE_EXISTS_REVERIFY_REQUIRED,PRIOR_EVIDENCE_EXISTS_REVERIFY_REQUIRED,PRIOR_EVIDENCE_EXISTS_REVERIFY_REQUIRED,PRIOR_EVIDENCE_EXISTS_REVERIFY_REQUIRED,See WP16_ROUTE_EXERCISE_REGISTER.md for prior evidence.,,NO,NO,Imported from prior route register classification: FULLY_EXERCISED. Cleanup intelligence route captured.
WP16-ROUTE-408,detail_screen,Wave 16 — Remaining Operational Modules,/d/:token,Driver,Token,frontend/src/pages/driver/DriverMagicLanding.jsx,PRIOR_EVIDENCE_EXISTS_REVERIFY_REQUIRED,PRIOR_EVIDENCE_EXISTS_REVERIFY_REQUIRED,PRIOR_EVIDENCE_EXISTS_REVERIFY_REQUIRED,PRIOR_EVIDENCE_EXISTS_REVERIFY_REQUIRED,PRIOR_EVIDENCE_EXISTS_REVERIFY_REQUIRED,PRIOR_EVIDENCE_EXISTS_REVERIFY_REQUIRED,PRIOR_EVIDENCE_EXISTS_REVERIFY_REQUIRED,See WP16_ROUTE_EXERCISE_REGISTER.md for prior evidence.,,NO,NO,"Imported from prior route register classification: FULLY_EXERCISED. Valid magic-link route, loading state, redirect success, and spent-link error state captured."
WP16-ROUTE-409,route_screen,Wave 2 — Homepage / Dashboard,/driver,Driver,Driver,frontend/src/pages/driver/DriverShift.jsx,PRIOR_EVIDENCE_EXISTS_REVERIFY_REQUIRED,PRIOR_EVIDENCE_EXISTS_REVERIFY_REQUIRED,PRIOR_EVIDENCE_EXISTS_REVERIFY_REQUIRED,PRIOR_EVIDENCE_EXISTS_REVERIFY_REQUIRED,PRIOR_EVIDENCE_EXISTS_REVERIFY_REQUIRED,PRIOR_EVIDENCE_EXISTS_REVERIFY_REQUIRED,PRIOR_EVIDENCE_EXISTS_REVERIFY_REQUIRED,See WP16_ROUTE_EXERCISE_REGISTER.md for prior evidence.,,NO,NO,Imported from prior route register classification: FULLY_EXERCISED. Driver route captured with active session and no-assignment baseline.
WP16-ROUTE-410,route_screen,Wave 2 — Homepage / Dashboard,/shift,Driver,Shift,frontend/src/pages/driver/ShiftStart.jsx,PRIOR_EVIDENCE_EXISTS_REVERIFY_REQUIRED,PRIOR_EVIDENCE_EXISTS_REVERIFY_REQUIRED,PRIOR_EVIDENCE_EXISTS_REVERIFY_REQUIRED,PRIOR_EVIDENCE_EXISTS_REVERIFY_REQUIRED,PRIOR_EVIDENCE_EXISTS_REVERIFY_REQUIRED,PRIOR_EVIDENCE_EXISTS_REVERIFY_REQUIRED,PRIOR_EVIDENCE_EXISTS_REVERIFY_REQUIRED,See WP16_ROUTE_EXERCISE_REGISTER.md for prior evidence.,,NO,NO,Imported from prior route register classification: FULLY_EXERCISED. Shift-start baseline plus driver and truck lookup states captured. Phase 4 interaction evidence: disabled submit and both lookup dropdowns captured.
WP16-ROUTE-435,redirect_route,Wave 13 — Executive Portal,/executive/ods-intelligence,Executive,ODS Intelligence,Navigate,REDIRECT_BEHAVIOR_PENDING,PENDING_REDIRECT_CHECK,PENDING_REDIRECT_CHECK,PENDING_REDIRECT_CHECK,PENDING_REDIRECT_CHECK,PENDING_REDIRECT_CHECK,NOT_APPLICABLE,See WP16_ROUTE_EXERCISE_REGISTER.md for prior evidence.,,NO,NO,Imported from prior route register classification: REDIRECT_ONLY. Redirect target: /admin/operational-intelligence
WP16-ROUTE-437,redirect_route,Wave 13 — Executive Portal,/executive,Executive,Executive,Navigate,REDIRECT_BEHAVIOR_PENDING,PENDING_REDIRECT_CHECK,PENDING_REDIRECT_CHECK,PENDING_REDIRECT_CHECK,PENDING_REDIRECT_CHECK,PENDING_REDIRECT_CHECK,NOT_APPLICABLE,See WP16_ROUTE_EXERCISE_REGISTER.md for prior evidence.,,NO,NO,Imported from prior route register classification: REDIRECT_ONLY. Redirect target: /admin/executive-overview
WP16-ROUTE-438,redirect_route,Wave 2 — Homepage / Dashboard,/executive-dashboard,Executive,Executive Dashboard,Navigate,REDIRECT_BEHAVIOR_PENDING,PENDING_REDIRECT_CHECK,PENDING_REDIRECT_CHECK,PENDING_REDIRECT_CHECK,PENDING_REDIRECT_CHECK,PENDING_REDIRECT_CHECK,NOT_APPLICABLE,See WP16_ROUTE_EXERCISE_REGISTER.md for prior evidence.,,NO,NO,Imported from prior route register classification: REDIRECT_ONLY. Redirect target: /admin/executive-overview
WP16-ROUTE-374,route_screen,Wave 1 — Public Pages & Authentication,/dev/login,Dev,Login,frontend/src/pages/DevLogin.jsx,INSPECTED_DEFECT_OPEN,BLOCKED_PREVIEW_DISABLED,INSPECTED_NO_DEFECT_OBSERVED,INSPECTED_NO_DEFECT_OBSERVED,BLOCKED_PREVIEW_DISABLED,INSPECTED_NO_DEFECT_OBSERVED,BLOCKED_PREVIEW_DISABLED,Playwright 2026-07-30 route smoke: RESULT::route_/dev/login::PASS. Curl 2026-07-30: POST /api/dev/login returned 404. Backend contract: backend/server.py:2235-2249 and backend/tests/test_track_24_1_hardening.py:164-165 expect 404 when DEV endpoints are disabled.,WP16-W1-007,NO,NO,Wave 1 inspection confirmed that the Developer login page is present but the backing preview endpoint is intentionally fail-closed. The surface is not operationally certifiable in the current environment. Not certified; repair/product decision deferred.
WP16-ROUTE-375,route_screen,Wave 16 — Remaining Operational Modules,/dev,Dev,DEV,frontend/src/pages/DevHub.jsx,PARTIALLY_VERIFIED_REVERIFY_REQUIRED,PRIOR_EVIDENCE_EXISTS_REVERIFY_REQUIRED,PRIOR_EVIDENCE_EXISTS_REVERIFY_REQUIRED,PRIOR_EVIDENCE_EXISTS_REVERIFY_REQUIRED,PRIOR_EVIDENCE_EXISTS_REVERIFY_REQUIRED,PRIOR_EVIDENCE_EXISTS_REVERIFY_REQUIRED,PRIOR_EVIDENCE_EXISTS_REVERIFY_REQUIRED,See WP16_ROUTE_EXERCISE_REGISTER.md for prior evidence.,,NO,NO,Imported from prior route register classification: PARTIALLY_EXERCISED. Protected /dev route redirected to blocked login; no inspectable hub session obtainable under preview config.
WP16-ROUTE-001,route_screen,Wave 1 — Public Pages & Authentication,/,Public / Shared,Hub,frontend/src/pages/Hub.jsx,INSPECTED_NO_DEFECT_OBSERVED_NOT_CERTIFIED,INSPECTED_NO_DEFECT_OBSERVED,INSPECTED_NO_DEFECT_OBSERVED,INSPECTED_NO_DEFECT_OBSERVED,INSPECTED_NO_DEFECT_OBSERVED,INSPECTED_NO_DEFECT_OBSERVED,INSPECTED_NO_DEFECT_OBSERVED,Playwright 2026-07-30 route smoke: RESULT::route_/::PASS. Code review: frontend/src/pages/Hub.jsx.,,NO,NO,Wave 1 inspection complete. Hub loaded cleanly in preview; company-info dialog and public navigation inventoried. No Wave 1 defect opened on this surface during inspection.
WP16-ROUTE-002,detail_screen,Wave 16 — Remaining Operational Modules,/revise/:token,Public / Shared,Token,frontend/src/pages/Revise.jsx,NOT_YET_EXERCISED,NOT_YET_EXERCISED,NOT_YET_EXERCISED,NOT_YET_EXERCISED,NOT_YET_EXERCISED,NOT_YET_EXERCISED,NOT_YET_EXERCISED,,,NO,NO,Imported from prior route register classification: NOT_YET_EXERCISED. —
WP16-ROUTE-003,route_screen,Wave 2 — Homepage / Dashboard,/safety,Public / Shared,Safety,frontend/src/pages/SafetySection.jsx,NOT_YET_EXERCISED,NOT_YET_EXERCISED,NOT_YET_EXERCISED,NOT_YET_EXERCISED,NOT_YET_EXERCISED,NOT_YET_EXERCISED,NOT_YET_EXERCISED,,,NO,NO,Imported from prior route register classification: NOT_YET_EXERCISED. —
WP16-ROUTE-012,route_screen,Wave 9 — Jobs & Field Operations,/field,Public / Shared,Field,frontend/src/pages/FieldSection.jsx,NOT_YET_EXERCISED,NOT_YET_EXERCISED,NOT_YET_EXERCISED,NOT_YET_EXERCISED,NOT_YET_EXERCISED,NOT_YET_EXERCISED,NOT_YET_EXERCISED,,,NO,NO,Imported from prior route register classification: NOT_YET_EXERCISED. —
WP16-ROUTE-013,route_screen,Wave 9 — Jobs & Field Operations,/field/calculators,Public / Shared,Calculators,frontend/src/pages/MaterialCalculators.jsx,NOT_YET_EXERCISED,NOT_YET_EXERCISED,NOT_YET_EXERCISED,NOT_YET_EXERCISED,NOT_YET_EXERCISED,NOT_YET_EXERCISED,NOT_YET_EXERCISED,,,NO,NO,Imported from prior route register classification: NOT_YET_EXERCISED. —
WP16-ROUTE-014,route_screen,Wave 10 — Forms & Workflows,/qaqc,Public / Shared,Qaqc,frontend/src/pages/QaqcSection.jsx,NOT_YET_EXERCISED,NOT_YET_EXERCISED,NOT_YET_EXERCISED,NOT_YET_EXERCISED,NOT_YET_EXERCISED,NOT_YET_EXERCISED,NOT_YET_EXERCISED,,,NO,NO,Imported from prior route register classification: NOT_YET_EXERCISED. —
WP16-ROUTE-015,redirect_route,Wave 16 — Remaining Operational Modules,/qa-qc,Public / Shared,QA QC,Navigate,REDIRECT_BEHAVIOR_PENDING,PENDING_REDIRECT_CHECK,PENDING_REDIRECT_CHECK,PENDING_REDIRECT_CHECK,PENDING_REDIRECT_CHECK,PENDING_REDIRECT_CHECK,NOT_APPLICABLE,See WP16_ROUTE_EXERCISE_REGISTER.md for prior evidence.,,NO,NO,Imported from prior route register classification: REDIRECT_ONLY. Redirect target: /qaqc
WP16-ROUTE-016,detail_screen,Wave 10 — Forms & Workflows,/qaqc/:slug/new,Public / Shared,Slug,frontend/src/pages/NewQaqcInspection.jsx,NOT_YET_EXERCISED,NOT_YET_EXERCISED,NOT_YET_EXERCISED,NOT_YET_EXERCISED,NOT_YET_EXERCISED,NOT_YET_EXERCISED,NOT_YET_EXERCISED,,,NO,NO,Imported from prior route register classification: NOT_YET_EXERCISED. —
WP16-ROUTE-017,detail_screen,Wave 10 — Forms & Workflows,/qaqc/:id,Public / Shared,ID,frontend/src/pages/ViewQaqcInspection.jsx,NOT_YET_EXERCISED,NOT_YET_EXERCISED,NOT_YET_EXERCISED,NOT_YET_EXERCISED,NOT_YET_EXERCISED,NOT_YET_EXERCISED,NOT_YET_EXERCISED,,,NO,NO,Imported from prior route register classification: NOT_YET_EXERCISED. —
WP16-ROUTE-022,route_screen,Wave 10 — Forms & Workflows,/constraints,Public / Shared,Constraints,frontend/src/pages/Constraints.jsx,NOT_YET_EXERCISED,NOT_YET_EXERCISED,NOT_YET_EXERCISED,NOT_YET_EXERCISED,NOT_YET_EXERCISED,NOT_YET_EXERCISED,NOT_YET_EXERCISED,,,NO,NO,Imported from prior route register classification: NOT_YET_EXERCISED. —
WP16-ROUTE-023,route_screen,Wave 10 — Forms & Workflows,/constraints/new,Public / Shared,NEW,frontend/src/pages/NewConstraint.jsx,NOT_YET_EXERCISED,NOT_YET_EXERCISED,NOT_YET_EXERCISED,NOT_YET_EXERCISED,NOT_YET_EXERCISED,NOT_YET_EXERCISED,NOT_YET_EXERCISED,,,NO,NO,Imported from prior route register classification: NOT_YET_EXERCISED. —
WP16-ROUTE-024,detail_screen,Wave 10 — Forms & Workflows,/constraints/:id,Public / Shared,ID,frontend/src/pages/ConstraintDetail.jsx,NOT_YET_EXERCISED,NOT_YET_EXERCISED,NOT_YET_EXERCISED,NOT_YET_EXERCISED,NOT_YET_EXERCISED,NOT_YET_EXERCISED,NOT_YET_EXERCISED,,,NO,NO,Imported from prior route register classification: NOT_YET_EXERCISED. —
WP16-ROUTE-031,redirect_route,Wave 16 — Remaining Operational Modules,/inspect/new,Public / Shared,NEW,InspectionLegacyRedirect,REDIRECT_BEHAVIOR_PENDING,PENDING_REDIRECT_CHECK,PENDING_REDIRECT_CHECK,PENDING_REDIRECT_CHECK,PENDING_REDIRECT_CHECK,PENDING_REDIRECT_CHECK,NOT_APPLICABLE,See WP16_ROUTE_EXERCISE_REGISTER.md for prior evidence.,,NO,NO,Imported from prior route register classification: REDIRECT_ONLY. Redirect target: /safety-portal/login?returnTo=/safety/inspections/new
WP16-ROUTE-032,redirect_route,Wave 16 — Remaining Operational Modules,/submit,Public / Shared,Submit,InspectionLegacyRedirect,REDIRECT_BEHAVIOR_PENDING,PENDING_REDIRECT_CHECK,PENDING_REDIRECT_CHECK,PENDING_REDIRECT_CHECK,PENDING_REDIRECT_CHECK,PENDING_REDIRECT_CHECK,NOT_APPLICABLE,See WP16_ROUTE_EXERCISE_REGISTER.md for prior evidence.,,NO,NO,Imported from prior route register classification: REDIRECT_ONLY. Redirect target: /safety-portal/login?returnTo=/safety/inspections/new
WP16-ROUTE-033,redirect_route,Wave 16 — Remaining Operational Modules,/inspections/submit,Public / Shared,Submit,InspectionLegacyRedirect,REDIRECT_BEHAVIOR_PENDING,PENDING_REDIRECT_CHECK,PENDING_REDIRECT_CHECK,PENDING_REDIRECT_CHECK,PENDING_REDIRECT_CHECK,PENDING_REDIRECT_CHECK,NOT_APPLICABLE,See WP16_ROUTE_EXERCISE_REGISTER.md for prior evidence.,,NO,NO,Imported from prior route register classification: REDIRECT_ONLY. Redirect target: /safety-portal/login?returnTo=/safety/inspections/new
WP16-ROUTE-034,redirect_route,Wave 16 — Remaining Operational Modules,/inspections/new,Public / Shared,NEW,InspectionLegacyRedirect,REDIRECT_BEHAVIOR_PENDING,PENDING_REDIRECT_CHECK,PENDING_REDIRECT_CHECK,PENDING_REDIRECT_CHECK,PENDING_REDIRECT_CHECK,PENDING_REDIRECT_CHECK,NOT_APPLICABLE,See WP16_ROUTE_EXERCISE_REGISTER.md for prior evidence.,,NO,NO,Imported from prior route register classification: REDIRECT_ONLY. Redirect target: /safety-portal/login?returnTo=/safety/inspections/new
WP16-ROUTE-035,route_screen,Wave 10 — Forms & Workflows,/meetings/new,Public / Shared,NEW,frontend/src/pages/NewMeeting.jsx,NOT_YET_EXERCISED,NOT_YET_EXERCISED,NOT_YET_EXERCISED,NOT_YET_EXERCISED,NOT_YET_EXERCISED,NOT_YET_EXERCISED,NOT_YET_EXERCISED,,,NO,NO,Imported from prior route register classification: NOT_YET_EXERCISED. —
WP16-ROUTE-036,route_screen,Wave 10 — Forms & Workflows,/meetings/submit,Public / Shared,Submit,frontend/src/pages/NewMeeting.jsx,NOT_YET_EXERCISED,NOT_YET_EXERCISED,NOT_YET_EXERCISED,NOT_YET_EXERCISED,NOT_YET_EXERCISED,NOT_YET_EXERCISED,NOT_YET_EXERCISED,,,NO,NO,Imported from prior route register classification: NOT_YET_EXERCISED. —
WP16-ROUTE-037,route_screen,Wave 10 — Forms & Workflows,/jha,Public / Shared,JHA,frontend/src/pages/JhaPlansHub.jsx,NOT_YET_EXERCISED,NOT_YET_EXERCISED,NOT_YET_EXERCISED,NOT_YET_EXERCISED,NOT_YET_EXERCISED,NOT_YET_EXERCISED,NOT_YET_EXERCISED,,,NO,NO,Imported from prior route register classification: NOT_YET_EXERCISED. —
WP16-ROUTE-038,redirect_route,Wave 10 — Forms & Workflows,/jha/submit,Public / Shared,Submit,Navigate,REDIRECT_BEHAVIOR_PENDING,PENDING_REDIRECT_CHECK,PENDING_REDIRECT_CHECK,PENDING_REDIRECT_CHECK,PENDING_REDIRECT_CHECK,PENDING_REDIRECT_CHECK,NOT_APPLICABLE,See WP16_ROUTE_EXERCISE_REGISTER.md for prior evidence.,,NO,NO,Imported from prior route register classification: REDIRECT_ONLY. Redirect target: /jha
WP16-ROUTE-039,redirect_route,Wave 10 — Forms & Workflows,/jha/new,Public / Shared,NEW,Navigate,REDIRECT_BEHAVIOR_PENDING,PENDING_REDIRECT_CHECK,PENDING_REDIRECT_CHECK,PENDING_REDIRECT_CHECK,PENDING_REDIRECT_CHECK,PENDING_REDIRECT_CHECK,NOT_APPLICABLE,See WP16_ROUTE_EXERCISE_REGISTER.md for prior evidence.,,NO,NO,Imported from prior route register classification: REDIRECT_ONLY. Redirect target: /jha
WP16-ROUTE-040,redirect_route,Wave 16 — Remaining Operational Modules,/trench-boxes,Public / Shared,Trench Boxes,Navigate,REDIRECT_BEHAVIOR_PENDING,PENDING_REDIRECT_CHECK,PENDING_REDIRECT_CHECK,PENDING_REDIRECT_CHECK,PENDING_REDIRECT_CHECK,PENDING_REDIRECT_CHECK,NOT_APPLICABLE,See WP16_ROUTE_EXERCISE_REGISTER.md for prior evidence.,,NO,NO,Imported from prior route register classification: REDIRECT_ONLY. Redirect target: /trench-safety/tabulated-data
WP16-ROUTE-041,route_screen,Wave 16 — Remaining Operational Modules,/trench-safety,Public / Shared,Trench Safety,frontend/src/pages/trench_safety/PublicTrenchSafetyDashboard.jsx,NOT_YET_EXERCISED,NOT_YET_EXERCISED,NOT_YET_EXERCISED,NOT_YET_EXERCISED,NOT_YET_EXERCISED,NOT_YET_EXERCISED,NOT_YET_EXERCISED,,,NO,NO,Imported from prior route register classification: NOT_YET_EXERCISED. —
WP16-ROUTE-042,route_screen,Wave 16 — Remaining Operational Modules,/trench-safety/tabulated-data,Public / Shared,Tabulated Data,frontend/src/pages/trench_safety/PublicTrenchSafetyTabulatedData.jsx,NOT_YET_EXERCISED,NOT_YET_EXERCISED,NOT_YET_EXERCISED,NOT_YET_EXERCISED,NOT_YET_EXERCISED,NOT_YET_EXERCISED,NOT_YET_EXERCISED,,,NO,NO,Imported from prior route register classification: NOT_YET_EXERCISED. —
WP16-ROUTE-043,route_screen,Wave 16 — Remaining Operational Modules,/trench-safety/references,Public / Shared,References,frontend/src/pages/trench_safety/PublicTrenchSafetyReferences.jsx,NOT_YET_EXERCISED,NOT_YET_EXERCISED,NOT_YET_EXERCISED,NOT_YET_EXERCISED,NOT_YET_EXERCISED,NOT_YET_EXERCISED,NOT_YET_EXERCISED,,,NO,NO,Imported from prior route register classification: NOT_YET_EXERCISED. —
WP16-ROUTE-044,route_screen,Wave 16 — Remaining Operational Modules,/trench-safety/report,Public / Shared,Report,frontend/src/pages/trench_safety/PublicTrenchSafetyReport.jsx,NOT_YET_EXERCISED,NOT_YET_EXERCISED,NOT_YET_EXERCISED,NOT_YET_EXERCISED,NOT_YET_EXERCISED,NOT_YET_EXERCISED,NOT_YET_EXERCISED,,,NO,NO,Imported from prior route register classification: NOT_YET_EXERCISED. —
WP16-ROUTE-045,detail_screen,Wave 16 — Remaining Operational Modules,/trench-safety/assets/:assetId,Public / Shared,Assets,frontend/src/pages/trench_safety/TrenchSafetyQrLanding.jsx,NOT_YET_EXERCISED,NOT_YET_EXERCISED,NOT_YET_EXERCISED,NOT_YET_EXERCISED,NOT_YET_EXERCISED,NOT_YET_EXERCISED,NOT_YET_EXERCISED,,,NO,NO,Imported from prior route register classification: NOT_YET_EXERCISED. —
WP16-ROUTE-048,redirect_route,Wave 6 — Safety,/incidents/new,Public / Shared,NEW,Navigate,REDIRECT_BEHAVIOR_PENDING,PENDING_REDIRECT_CHECK,PENDING_REDIRECT_CHECK,PENDING_REDIRECT_CHECK,PENDING_REDIRECT_CHECK,PENDING_REDIRECT_CHECK,NOT_APPLICABLE,See WP16_ROUTE_EXERCISE_REGISTER.md for prior evidence.,,NO,NO,Imported from prior route register classification: REDIRECT_ONLY. Redirect target: /incidents/report
WP16-ROUTE-049,redirect_route,Wave 6 — Safety,/incidents/submit,Public / Shared,Submit,Navigate,REDIRECT_BEHAVIOR_PENDING,PENDING_REDIRECT_CHECK,PENDING_REDIRECT_CHECK,PENDING_REDIRECT_CHECK,PENDING_REDIRECT_CHECK,PENDING_REDIRECT_CHECK,NOT_APPLICABLE,See WP16_ROUTE_EXERCISE_REGISTER.md for prior evidence.,,NO,NO,Imported from prior route register classification: REDIRECT_ONLY. Redirect target: /incidents/report
WP16-ROUTE-050,route_screen,Wave 6 — Safety,/incidents/report,Public / Shared,Report,frontend/src/pages/IncidentReport.jsx,NOT_YET_EXERCISED,NOT_YET_EXERCISED,NOT_YET_EXERCISED,NOT_YET_EXERCISED,NOT_YET_EXERCISED,NOT_YET_EXERCISED,NOT_YET_EXERCISED,,,NO,NO,Imported from prior route register classification: NOT_YET_EXERCISED. —
WP16-ROUTE-051,route_screen,Wave 6 — Safety,/near-miss,Public / Shared,Near Miss,frontend/src/pages/NearMissKiosk.jsx,NOT_YET_EXERCISED,NOT_YET_EXERCISED,NOT_YET_EXERCISED,NOT_YET_EXERCISED,NOT_YET_EXERCISED,NOT_YET_EXERCISED,NOT_YET_EXERCISED,,,NO,NO,Imported from prior route register classification: NOT_YET_EXERCISED. —
WP16-ROUTE-057,redirect_route,Wave 9 — Jobs & Field Operations,/daily/new,Public / Shared,NEW,Navigate,REDIRECT_BEHAVIOR_PENDING,PENDING_REDIRECT_CHECK,PENDING_REDIRECT_CHECK,PENDING_REDIRECT_CHECK,PENDING_REDIRECT_CHECK,PENDING_REDIRECT_CHECK,NOT_APPLICABLE,See WP16_ROUTE_EXERCISE_REGISTER.md for prior evidence.,,NO,NO,Imported from prior route register classification: REDIRECT_ONLY. Redirect target: /daily/submit
WP16-ROUTE-058,route_screen,Wave 9 — Jobs & Field Operations,/daily/submit,Public / Shared,Submit,frontend/src/pages/NewDailyReportV3.jsx,PRIOR_EVIDENCE_EXISTS_REVERIFY_REQUIRED,PRIOR_EVIDENCE_EXISTS_REVERIFY_REQUIRED,PRIOR_EVIDENCE_EXISTS_REVERIFY_REQUIRED,PRIOR_EVIDENCE_EXISTS_REVERIFY_REQUIRED,PRIOR_EVIDENCE_EXISTS_REVERIFY_REQUIRED,PRIOR_EVIDENCE_EXISTS_REVERIFY_REQUIRED,PRIOR_EVIDENCE_EXISTS_REVERIFY_REQUIRED,See WP16_ROUTE_EXERCISE_REGISTER.md for prior evidence.,,NO,NO,Imported from prior route register classification: FULLY_EXERCISED. —
WP16-ROUTE-059,route_screen,Wave 8 — Shop & Equipment,/equipment/new,Public / Shared,NEW,frontend/src/pages/NewEquipmentInspection.jsx,NOT_YET_EXERCISED,NOT_YET_EXERCISED,NOT_YET_EXERCISED,NOT_YET_EXERCISED,NOT_YET_EXERCISED,NOT_YET_EXERCISED,NOT_YET_EXERCISED,,,NO,NO,Imported from prior route register classification: NOT_YET_EXERCISED. —
WP16-ROUTE-060,route_screen,Wave 8 — Shop & Equipment,/equipment/submit,Public / Shared,Submit,frontend/src/pages/NewEquipmentInspection.jsx,NOT_YET_EXERCISED,NOT_YET_EXERCISED,NOT_YET_EXERCISED,NOT_YET_EXERCISED,NOT_YET_EXERCISED,NOT_YET_EXERCISED,NOT_YET_EXERCISED,,,NO,NO,Imported from prior route register classification: NOT_YET_EXERCISED. —
WP16-ROUTE-061,alias_route,Wave 8 — Shop & Equipment,/equipment/:id,Public / Shared,ID,RedirectWithId,ALIAS_BEHAVIOR_PENDING,PENDING_ALIAS_CHECK,PENDING_ALIAS_CHECK,PENDING_ALIAS_CHECK,PENDING_ALIAS_CHECK,PENDING_ALIAS_CHECK,NOT_APPLICABLE,See WP16_ROUTE_EXERCISE_REGISTER.md for prior evidence.,,NO,NO,Imported from prior route register classification: ALIAS_ROUTE. Redirect target: /admin/equipment/:id
WP16-ROUTE-062,route_screen,Wave 8 — Shop & Equipment,/fleet/dvir/new,Public / Shared,Dvir,frontend/src/pages/NewFleetDVIR.jsx,NOT_YET_EXERCISED,NOT_YET_EXERCISED,NOT_YET_EXERCISED,NOT_YET_EXERCISED,NOT_YET_EXERCISED,NOT_YET_EXERCISED,NOT_YET_EXERCISED,,,NO,NO,Imported from prior route register classification: NOT_YET_EXERCISED. —
WP16-ROUTE-063,route_screen,Wave 8 — Shop & Equipment,/fleet/dvir/submit,Public / Shared,Dvir,frontend/src/pages/NewFleetDVIR.jsx,NOT_YET_EXERCISED,NOT_YET_EXERCISED,NOT_YET_EXERCISED,NOT_YET_EXERCISED,NOT_YET_EXERCISED,NOT_YET_EXERCISED,NOT_YET_EXERCISED,,,NO,NO,Imported from prior route register classification: NOT_YET_EXERCISED. —
WP16-ROUTE-064,route_screen,Wave 8 — Shop & Equipment,/fleet/weekly-lead/new,Public / Shared,Weekly Lead,frontend/src/pages/NewFleetDVIR.jsx,NOT_YET_EXERCISED,NOT_YET_EXERCISED,NOT_YET_EXERCISED,NOT_YET_EXERCISED,NOT_YET_EXERCISED,NOT_YET_EXERCISED,NOT_YET_EXERCISED,,,NO,NO,Imported from prior route register classification: NOT_YET_EXERCISED. —
WP16-ROUTE-065,route_screen,Wave 8 — Shop & Equipment,/fleet/weekly-emergency/new,Public / Shared,Weekly Emergency,frontend/src/pages/NewFleetDVIR.jsx,NOT_YET_EXERCISED,NOT_YET_EXERCISED,NOT_YET_EXERCISED,NOT_YET_EXERCISED,NOT_YET_EXERCISED,NOT_YET_EXERCISED,NOT_YET_EXERCISED,,,NO,NO,Imported from prior route register classification: NOT_YET_EXERCISED. —
WP16-ROUTE-066,detail_screen,Wave 8 — Shop & Equipment,/fleet/dvir/submitted/:id,Public / Shared,Dvir,frontend/src/pages/FleetDVIRConfirmation.jsx,NOT_YET_EXERCISED,NOT_YET_EXERCISED,NOT_YET_EXERCISED,NOT_YET_EXERCISED,NOT_YET_EXERCISED,NOT_YET_EXERCISED,NOT_YET_EXERCISED,,,NO,NO,Imported from prior route register classification: NOT_YET_EXERCISED. —
WP16-ROUTE-067,route_screen,Wave 16 — Remaining Operational Modules,/thank-you,Public / Shared,Thank YOU,frontend/src/pages/ThankYou.jsx,NOT_YET_EXERCISED,NOT_YET_EXERCISED,NOT_YET_EXERCISED,NOT_YET_EXERCISED,NOT_YET_EXERCISED,NOT_YET_EXERCISED,NOT_YET_EXERCISED,,,NO,NO,Imported from prior route register classification: NOT_YET_EXERCISED. —
WP16-ROUTE-068,route_screen,Wave 12 — Guidance Center,/cheatsheet,Public / Shared,Cheatsheet,frontend/src/pages/CheatSheet.jsx,NOT_YET_EXERCISED,NOT_YET_EXERCISED,NOT_YET_EXERCISED,NOT_YET_EXERCISED,NOT_YET_EXERCISED,NOT_YET_EXERCISED,NOT_YET_EXERCISED,,,NO,NO,Imported from prior route register classification: NOT_YET_EXERCISED. —
WP16-ROUTE-069,redirect_route,Wave 12 — Guidance Center,/cheat-sheet,Public / Shared,Cheat Sheet,Navigate,REDIRECT_BEHAVIOR_PENDING,PENDING_REDIRECT_CHECK,PENDING_REDIRECT_CHECK,PENDING_REDIRECT_CHECK,PENDING_REDIRECT_CHECK,PENDING_REDIRECT_CHECK,NOT_APPLICABLE,See WP16_ROUTE_EXERCISE_REGISTER.md for prior evidence.,,NO,NO,Imported from prior route register classification: REDIRECT_ONLY. Redirect target: /cheatsheet
WP16-ROUTE-070,redirect_route,Wave 9 — Jobs & Field Operations,/reports/daily/new,Public / Shared,Daily,Navigate,REDIRECT_BEHAVIOR_PENDING,PENDING_REDIRECT_CHECK,PENDING_REDIRECT_CHECK,PENDING_REDIRECT_CHECK,PENDING_REDIRECT_CHECK,PENDING_REDIRECT_CHECK,NOT_APPLICABLE,See WP16_ROUTE_EXERCISE_REGISTER.md for prior evidence.,,NO,NO,Imported from prior route register classification: REDIRECT_ONLY. Redirect target: /daily/submit
WP16-ROUTE-071,redirect_route,Wave 9 — Jobs & Field Operations,/daily-reports/new,Public / Shared,NEW,Navigate,REDIRECT_BEHAVIOR_PENDING,PENDING_REDIRECT_CHECK,PENDING_REDIRECT_CHECK,PENDING_REDIRECT_CHECK,PENDING_REDIRECT_CHECK,PENDING_REDIRECT_CHECK,NOT_APPLICABLE,See WP16_ROUTE_EXERCISE_REGISTER.md for prior evidence.,,NO,NO,Imported from prior route register classification: REDIRECT_ONLY. Redirect target: /daily/submit
WP16-ROUTE-072,route_screen,Wave 9 — Jobs & Field Operations,/daily-reports,Public / Shared,Daily Reports,frontend/src/pages/DailyReportsDashboard.jsx,NOT_YET_EXERCISED,NOT_YET_EXERCISED,NOT_YET_EXERCISED,NOT_YET_EXERCISED,NOT_YET_EXERCISED,NOT_YET_EXERCISED,NOT_YET_EXERCISED,,,NO,NO,Imported from prior route register classification: NOT_YET_EXERCISED. —
WP16-ROUTE-073,alias_route,Wave 9 — Jobs & Field Operations,/daily-reports/:id,Public / Shared,ID,RedirectWithId,ALIAS_BEHAVIOR_PENDING,PENDING_ALIAS_CHECK,PENDING_ALIAS_CHECK,PENDING_ALIAS_CHECK,PENDING_ALIAS_CHECK,PENDING_ALIAS_CHECK,NOT_APPLICABLE,See WP16_ROUTE_EXERCISE_REGISTER.md for prior evidence.,,NO,NO,Imported from prior route register classification: ALIAS_ROUTE. Redirect target: /pm/daily/:id
WP16-ROUTE-083,route_screen,Wave 16 — Remaining Operational Modules,/trench-safety/excavation/new,Public / Shared,Excavation,frontend/src/pages/trench_safety/PublicExcavationForm.jsx,NOT_YET_EXERCISED,NOT_YET_EXERCISED,NOT_YET_EXERCISED,NOT_YET_EXERCISED,NOT_YET_EXERCISED,NOT_YET_EXERCISED,NOT_YET_EXERCISED,,,NO,NO,Imported from prior route register classification: NOT_YET_EXERCISED. —
WP16-ROUTE-089,redirect_route,Wave 16 — Remaining Operational Modules,/app/*,Public / Shared,ALL,Navigate,REDIRECT_BEHAVIOR_PENDING,PENDING_REDIRECT_CHECK,PENDING_REDIRECT_CHECK,PENDING_REDIRECT_CHECK,PENDING_REDIRECT_CHECK,PENDING_REDIRECT_CHECK,NOT_APPLICABLE,See WP16_ROUTE_EXERCISE_REGISTER.md for prior evidence.,,NO,NO,Imported from prior route register classification: REDIRECT_ONLY. Redirect target: /
WP16-ROUTE-152,route_screen,Wave 14 — Communications,/notifications,Public / Shared,Notifications,frontend/src/pages/NotificationsDigest.jsx,NOT_YET_EXERCISED,NOT_YET_EXERCISED,NOT_YET_EXERCISED,NOT_YET_EXERCISED,NOT_YET_EXERCISED,NOT_YET_EXERCISED,NOT_YET_EXERCISED,,,NO,NO,Imported from prior route register classification: NOT_YET_EXERCISED. —
WP16-ROUTE-237,route_screen,Wave 16 — Remaining Operational Modules,/operations-center,Public / Shared,Operations Center,frontend/src/pages/OperationsCenterCommand.jsx,NOT_YET_EXERCISED,NOT_YET_EXERCISED,NOT_YET_EXERCISED,NOT_YET_EXERCISED,NOT_YET_EXERCISED,NOT_YET_EXERCISED,NOT_YET_EXERCISED,,,NO,NO,Imported from prior route register classification: NOT_YET_EXERCISED. —
WP16-ROUTE-239,route_screen,Wave 16 — Remaining Operational Modules,/operations-map,Public / Shared,Operations MAP,frontend/src/pages/OperationsMapPage.jsx,NOT_YET_EXERCISED,NOT_YET_EXERCISED,NOT_YET_EXERCISED,NOT_YET_EXERCISED,NOT_YET_EXERCISED,NOT_YET_EXERCISED,NOT_YET_EXERCISED,,,NO,NO,Imported from prior route register classification: NOT_YET_EXERCISED. —
WP16-ROUTE-291,detail_screen,Wave 8 — Shop & Equipment,/fleet/unit/:unit_number,Public / Shared,Unit,frontend/src/pages/fleet/FleetUnitThread.jsx,NOT_YET_EXERCISED,NOT_YET_EXERCISED,NOT_YET_EXERCISED,NOT_YET_EXERCISED,NOT_YET_EXERCISED,NOT_YET_EXERCISED,NOT_YET_EXERCISED,,,NO,NO,Imported from prior route register classification: NOT_YET_EXERCISED. —
WP16-ROUTE-295,route_screen,Wave 1 — Public Pages & Authentication,/sign-in,Public / Shared,Sign IN,frontend/src/pages/SignIn.jsx,INSPECTED_NO_DEFECT_OBSERVED_NOT_CERTIFIED,INSPECTED_NO_DEFECT_OBSERVED,INSPECTED_NO_DEFECT_OBSERVED,INSPECTED_NO_DEFECT_OBSERVED,INSPECTED_NO_DEFECT_OBSERVED,INSPECTED_NO_DEFECT_OBSERVED,INSPECTED_NO_DEFECT_OBSERVED,Playwright 2026-07-30 route smoke: RESULT::route_/sign-in::PASS. Curl 2026-07-30: POST /api/auth/multi-login returned 200 with session + portal tokens.,,NO,NO,Wave 1 inspection complete. Master sign-in rendered and multi-login endpoint returned a valid response in preview. No defect opened on the page itself during this inspection.
WP16-ROUTE-296,route_screen,Wave 1 — Public Pages & Authentication,/change-password,Public / Shared,Change Password,frontend/src/pages/DirectoryChangePassword.jsx,INSPECTED_DEFECT_OPEN,INSPECTED_NO_DEFECT_OBSERVED,DEFECT_OPEN,INSPECTED_NO_DEFECT_OBSERVED,DEFECT_OPEN,INSPECTED_NO_DEFECT_OBSERVED,INSPECTED_NO_DEFECT_OBSERVED,Playwright 2026-07-30: RESULT::directory_change_password_chrome::FAIL (caution=0 blueprint=0 footer=1). Code review: frontend/src/pages/DirectoryChangePassword.jsx:116-123.,WP16-W1-001,NO,NO,Wave 1 inspection found an isolated auth-shell drift defect. The unified directory password-change route renders in a plain gray shell rather than the established auth chrome. Not certified; smallest-safe repair deferred pending approval.
WP16-ROUTE-317,detail_screen,Wave 16 — Remaining Operational Modules,/time-off/public/:token,Public / Shared,Public,frontend/src/pages/PublicTimeOff.jsx,NOT_YET_EXERCISED,NOT_YET_EXERCISED,NOT_YET_EXERCISED,NOT_YET_EXERCISED,NOT_YET_EXERCISED,NOT_YET_EXERCISED,NOT_YET_EXERCISED,,,NO,NO,Imported from prior route register classification: NOT_YET_EXERCISED. —
WP16-ROUTE-372,redirect_route,Wave 11 — Training,/ops-training,Public / Shared,OPS Training,Navigate,REDIRECT_BEHAVIOR_PENDING,PENDING_REDIRECT_CHECK,PENDING_REDIRECT_CHECK,PENDING_REDIRECT_CHECK,PENDING_REDIRECT_CHECK,PENDING_REDIRECT_CHECK,NOT_APPLICABLE,See WP16_ROUTE_EXERCISE_REGISTER.md for prior evidence.,,NO,NO,Imported from prior route register classification: REDIRECT_ONLY. Redirect target: /guidance
WP16-ROUTE-373,redirect_route,Wave 11 — Training,/ops-training/:slug,Public / Shared,Slug,Navigate,REDIRECT_BEHAVIOR_PENDING,PENDING_REDIRECT_CHECK,PENDING_REDIRECT_CHECK,PENDING_REDIRECT_CHECK,PENDING_REDIRECT_CHECK,PENDING_REDIRECT_CHECK,NOT_APPLICABLE,See WP16_ROUTE_EXERCISE_REGISTER.md for prior evidence.,,NO,NO,Imported from prior route register classification: REDIRECT_ONLY. Redirect target: /guidance
WP16-ROUTE-376,redirect_route,Wave 16 — Remaining Operational Modules,/inspections,Public / Shared,Inspections,Navigate,REDIRECT_BEHAVIOR_PENDING,PENDING_REDIRECT_CHECK,PENDING_REDIRECT_CHECK,PENDING_REDIRECT_CHECK,PENDING_REDIRECT_CHECK,PENDING_REDIRECT_CHECK,NOT_APPLICABLE,See WP16_ROUTE_EXERCISE_REGISTER.md for prior evidence.,,NO,NO,Imported from prior route register classification: REDIRECT_ONLY. Redirect target: /admin/inspections
WP16-ROUTE-377,alias_route,Wave 16 — Remaining Operational Modules,/inspect/:id,Public / Shared,ID,RedirectWithId,ALIAS_BEHAVIOR_PENDING,PENDING_ALIAS_CHECK,PENDING_ALIAS_CHECK,PENDING_ALIAS_CHECK,PENDING_ALIAS_CHECK,PENDING_ALIAS_CHECK,NOT_APPLICABLE,See WP16_ROUTE_EXERCISE_REGISTER.md for prior evidence.,,NO,NO,Imported from prior route register classification: ALIAS_ROUTE. Redirect target: /admin/inspections/:id
WP16-ROUTE-378,alias_route,Wave 16 — Remaining Operational Modules,/inspections/:id,Public / Shared,ID,RedirectWithId,ALIAS_BEHAVIOR_PENDING,PENDING_ALIAS_CHECK,PENDING_ALIAS_CHECK,PENDING_ALIAS_CHECK,PENDING_ALIAS_CHECK,PENDING_ALIAS_CHECK,NOT_APPLICABLE,See WP16_ROUTE_EXERCISE_REGISTER.md for prior evidence.,,NO,NO,Imported from prior route register classification: ALIAS_ROUTE. Redirect target: /admin/inspections/:id
WP16-ROUTE-379,redirect_route,Wave 10 — Forms & Workflows,/meetings,Public / Shared,Meetings,Navigate,REDIRECT_BEHAVIOR_PENDING,PENDING_REDIRECT_CHECK,PENDING_REDIRECT_CHECK,PENDING_REDIRECT_CHECK,PENDING_REDIRECT_CHECK,PENDING_REDIRECT_CHECK,NOT_APPLICABLE,See WP16_ROUTE_EXERCISE_REGISTER.md for prior evidence.,,NO,NO,Imported from prior route register classification: REDIRECT_ONLY. Redirect target: /admin/meetings
WP16-ROUTE-380,alias_route,Wave 10 — Forms & Workflows,/meetings/:id,Public / Shared,ID,RedirectWithId,ALIAS_BEHAVIOR_PENDING,PENDING_ALIAS_CHECK,PENDING_ALIAS_CHECK,PENDING_ALIAS_CHECK,PENDING_ALIAS_CHECK,PENDING_ALIAS_CHECK,NOT_APPLICABLE,See WP16_ROUTE_EXERCISE_REGISTER.md for prior evidence.,,NO,NO,Imported from prior route register classification: ALIAS_ROUTE. Redirect target: /admin/meetings/:id
WP16-ROUTE-381,redirect_route,Wave 6 — Safety,/incidents,Public / Shared,Incidents,Navigate,REDIRECT_BEHAVIOR_PENDING,PENDING_REDIRECT_CHECK,PENDING_REDIRECT_CHECK,PENDING_REDIRECT_CHECK,PENDING_REDIRECT_CHECK,PENDING_REDIRECT_CHECK,NOT_APPLICABLE,See WP16_ROUTE_EXERCISE_REGISTER.md for prior evidence.,,NO,NO,Imported from prior route register classification: REDIRECT_ONLY. Redirect target: /admin/incidents
WP16-ROUTE-382,alias_route,Wave 6 — Safety,/incidents/:id,Public / Shared,ID,RedirectWithId,ALIAS_BEHAVIOR_PENDING,PENDING_ALIAS_CHECK,PENDING_ALIAS_CHECK,PENDING_ALIAS_CHECK,PENDING_ALIAS_CHECK,PENDING_ALIAS_CHECK,NOT_APPLICABLE,See WP16_ROUTE_EXERCISE_REGISTER.md for prior evidence.,,NO,NO,Imported from prior route register classification: ALIAS_ROUTE. Redirect target: /admin/incidents/:id
WP16-ROUTE-383,redirect_route,Wave 9 — Jobs & Field Operations,/daily,Public / Shared,Daily,Navigate,REDIRECT_BEHAVIOR_PENDING,PENDING_REDIRECT_CHECK,PENDING_REDIRECT_CHECK,PENDING_REDIRECT_CHECK,PENDING_REDIRECT_CHECK,PENDING_REDIRECT_CHECK,NOT_APPLICABLE,See WP16_ROUTE_EXERCISE_REGISTER.md for prior evidence.,,NO,NO,Imported from prior route register classification: REDIRECT_ONLY. Redirect target: /admin/daily
WP16-ROUTE-384,alias_route,Wave 9 — Jobs & Field Operations,/daily/:id,Public / Shared,ID,RedirectWithId,ALIAS_BEHAVIOR_PENDING,PENDING_ALIAS_CHECK,PENDING_ALIAS_CHECK,PENDING_ALIAS_CHECK,PENDING_ALIAS_CHECK,PENDING_ALIAS_CHECK,NOT_APPLICABLE,See WP16_ROUTE_EXERCISE_REGISTER.md for prior evidence.,,NO,NO,Imported from prior route register classification: ALIAS_ROUTE. Redirect target: /admin/daily/:id
WP16-ROUTE-388,route_screen,Wave 1 — Public Pages & Authentication,/legal/terms,Public / Shared,Terms,frontend/src/pages/legal/TermsOfService.jsx,INSPECTED_NO_DEFECT_OBSERVED_NOT_CERTIFIED,INSPECTED_NO_DEFECT_OBSERVED,INSPECTED_NO_DEFECT_OBSERVED,INSPECTED_NO_DEFECT_OBSERVED,INSPECTED_NO_DEFECT_OBSERVED,INSPECTED_NO_DEFECT_OBSERVED,INSPECTED_NO_DEFECT_OBSERVED,Playwright 2026-07-30 route smoke: RESULT::route_/legal/terms::PASS. Code review: frontend/src/pages/legal/TermsOfService.jsx.,,NO,NO,Wave 1 inspection complete. Terms page rendered and linked correctly from the public legal surface. No defect opened during this inspection.
WP16-ROUTE-389,route_screen,Wave 1 — Public Pages & Authentication,/legal/privacy,Public / Shared,Privacy,frontend/src/pages/legal/PrivacyPolicy.jsx,INSPECTED_NO_DEFECT_OBSERVED_NOT_CERTIFIED,INSPECTED_NO_DEFECT_OBSERVED,INSPECTED_NO_DEFECT_OBSERVED,INSPECTED_NO_DEFECT_OBSERVED,INSPECTED_NO_DEFECT_OBSERVED,INSPECTED_NO_DEFECT_OBSERVED,INSPECTED_NO_DEFECT_OBSERVED,Playwright 2026-07-30 route smoke: RESULT::route_/legal/privacy::PASS. Code review: frontend/src/pages/legal/PrivacyPolicy.jsx.,,NO,NO,Wave 1 inspection complete. Privacy page rendered and linked correctly from the public legal surface. No defect opened during this inspection.
WP16-ROUTE-390,route_screen,Wave 14 — Communications,/tasks,Public / Shared,Tasks,frontend/src/pages/Tasks.jsx,NOT_YET_EXERCISED,NOT_YET_EXERCISED,NOT_YET_EXERCISED,NOT_YET_EXERCISED,NOT_YET_EXERCISED,NOT_YET_EXERCISED,NOT_YET_EXERCISED,,,NO,NO,Imported from prior route register classification: NOT_YET_EXERCISED. —
WP16-ROUTE-391,route_screen,Wave 16 — Remaining Operational Modules,/document-expirations,Public / Shared,Document Expirations,frontend/src/pages/DocumentExpirations.jsx,NOT_YET_EXERCISED,NOT_YET_EXERCISED,NOT_YET_EXERCISED,NOT_YET_EXERCISED,NOT_YET_EXERCISED,NOT_YET_EXERCISED,NOT_YET_EXERCISED,,,NO,NO,Imported from prior route register classification: NOT_YET_EXERCISED. —
WP16-ROUTE-402,route_screen,Wave 10 — Forms & Workflows,/po-requests,Public / Shared,PO Requests,frontend/src/pages/PoRequests.jsx,NOT_YET_EXERCISED,NOT_YET_EXERCISED,NOT_YET_EXERCISED,NOT_YET_EXERCISED,NOT_YET_EXERCISED,NOT_YET_EXERCISED,NOT_YET_EXERCISED,,,NO,NO,Imported from prior route register classification: NOT_YET_EXERCISED. —
WP16-ROUTE-403,route_screen,Wave 16 — Remaining Operational Modules,/project-health,Public / Shared,Project Health,frontend/src/pages/ProjectHealth.jsx,NOT_YET_EXERCISED,NOT_YET_EXERCISED,NOT_YET_EXERCISED,NOT_YET_EXERCISED,NOT_YET_EXERCISED,NOT_YET_EXERCISED,NOT_YET_EXERCISED,,,NO,NO,Imported from prior route register classification: NOT_YET_EXERCISED. —
WP16-ROUTE-404,route_screen,Wave 10 — Forms & Workflows,/asset-transfers,Public / Shared,Asset Transfers,frontend/src/pages/AssetTransfers.jsx,NOT_YET_EXERCISED,NOT_YET_EXERCISED,NOT_YET_EXERCISED,NOT_YET_EXERCISED,NOT_YET_EXERCISED,NOT_YET_EXERCISED,NOT_YET_EXERCISED,,,NO,NO,Imported from prior route register classification: NOT_YET_EXERCISED. —
WP16-ROUTE-405,route_screen,Wave 1 — Public Pages & Authentication,/access-denied,Public / Shared,Access Denied,frontend/src/pages/AccessDenied.jsx,INSPECTED_NO_DEFECT_OBSERVED_NOT_CERTIFIED,INSPECTED_NO_DEFECT_OBSERVED,INSPECTED_NO_DEFECT_OBSERVED,INSPECTED_NO_DEFECT_OBSERVED,INSPECTED_NO_DEFECT_OBSERVED,INSPECTED_NO_DEFECT_OBSERVED,INSPECTED_NO_DEFECT_OBSERVED,Playwright 2026-07-30 route smoke: RESULT::route_/access-denied::PASS. Code review: frontend/src/pages/AccessDenied.jsx.,,NO,NO,Wave 1 inspection complete. Access-denied recovery page rendered cleanly and the recovery CTA set matched the current auth model. No defect opened on this surface during inspection.
WP16-ROUTE-412,route_screen,Wave 10 — Forms & Workflows,/odr/new,Public / Shared,NEW,frontend/src/pages/odr/OdrNew.jsx,NOT_YET_EXERCISED,NOT_YET_EXERCISED,NOT_YET_EXERCISED,NOT_YET_EXERCISED,NOT_YET_EXERCISED,NOT_YET_EXERCISED,NOT_YET_EXERCISED,,,NO,NO,Imported from prior route register classification: NOT_YET_EXERCISED. —
WP16-ROUTE-413,route_screen,Wave 10 — Forms & Workflows,/odr/center,Public / Shared,Center,frontend/src/pages/odr/OdrCenter.jsx,NOT_YET_EXERCISED,NOT_YET_EXERCISED,NOT_YET_EXERCISED,NOT_YET_EXERCISED,NOT_YET_EXERCISED,NOT_YET_EXERCISED,NOT_YET_EXERCISED,,,NO,NO,Imported from prior route register classification: NOT_YET_EXERCISED. —
WP16-ROUTE-415,detail_screen,Wave 10 — Forms & Workflows,/odr/public/:doc_id,Public / Shared,Public,frontend/src/pages/odr/OdrPublicViewer.jsx,NOT_YET_EXERCISED,NOT_YET_EXERCISED,NOT_YET_EXERCISED,NOT_YET_EXERCISED,NOT_YET_EXERCISED,NOT_YET_EXERCISED,NOT_YET_EXERCISED,,,NO,NO,Imported from prior route register classification: NOT_YET_EXERCISED. —
WP16-ROUTE-416,detail_screen,Wave 10 — Forms & Workflows,/odr/:id/done,Public / Shared,ID,frontend/src/pages/odr/OdrDone.jsx,NOT_YET_EXERCISED,NOT_YET_EXERCISED,NOT_YET_EXERCISED,NOT_YET_EXERCISED,NOT_YET_EXERCISED,NOT_YET_EXERCISED,NOT_YET_EXERCISED,,,NO,NO,Imported from prior route register classification: NOT_YET_EXERCISED. —
WP16-ROUTE-417,detail_screen,Wave 10 — Forms & Workflows,/odr/:id,Public / Shared,ID,frontend/src/pages/odr/OdrDetail.jsx,NOT_YET_EXERCISED,NOT_YET_EXERCISED,NOT_YET_EXERCISED,NOT_YET_EXERCISED,NOT_YET_EXERCISED,NOT_YET_EXERCISED,NOT_YET_EXERCISED,,,NO,NO,Imported from prior route register classification: NOT_YET_EXERCISED. —
WP16-ROUTE-418,route_screen,Wave 10 — Forms & Workflows,/operational-records,Public / Shared,Operational Records,frontend/src/pages/operational_records/OperationalRecords.jsx,NOT_YET_EXERCISED,NOT_YET_EXERCISED,NOT_YET_EXERCISED,NOT_YET_EXERCISED,NOT_YET_EXERCISED,NOT_YET_EXERCISED,NOT_YET_EXERCISED,,,NO,NO,Imported from prior route register classification: NOT_YET_EXERCISED. —
WP16-ROUTE-419,route_screen,Wave 10 — Forms & Workflows,/operations-actions,Public / Shared,Operations Actions,frontend/src/pages/operations_actions/OperationsActions.jsx,NOT_YET_EXERCISED,NOT_YET_EXERCISED,NOT_YET_EXERCISED,NOT_YET_EXERCISED,NOT_YET_EXERCISED,NOT_YET_EXERCISED,NOT_YET_EXERCISED,,,NO,NO,Imported from prior route register classification: NOT_YET_EXERCISED. —
WP16-ROUTE-420,route_screen,Wave 10 — Forms & Workflows,/operations-actions/new,Public / Shared,NEW,frontend/src/pages/operations_actions/OperationsActionNew.jsx,NOT_YET_EXERCISED,NOT_YET_EXERCISED,NOT_YET_EXERCISED,NOT_YET_EXERCISED,NOT_YET_EXERCISED,NOT_YET_EXERCISED,NOT_YET_EXERCISED,,,NO,NO,Imported from prior route register classification: NOT_YET_EXERCISED. —
WP16-ROUTE-421,detail_screen,Wave 10 — Forms & Workflows,/operations-actions/:id,Public / Shared,ID,frontend/src/pages/operations_actions/OperationsActionDetail.jsx,NOT_YET_EXERCISED,NOT_YET_EXERCISED,NOT_YET_EXERCISED,NOT_YET_EXERCISED,NOT_YET_EXERCISED,NOT_YET_EXERCISED,NOT_YET_EXERCISED,,,NO,NO,Imported from prior route register classification: NOT_YET_EXERCISED. —
WP16-ROUTE-422,route_screen,Wave 16 — Remaining Operational Modules,/_internal/design-system,Public / Shared,Design System,frontend/src/pages/DesignSystemDemo.jsx,NOT_YET_EXERCISED,NOT_YET_EXERCISED,NOT_YET_EXERCISED,NOT_YET_EXERCISED,NOT_YET_EXERCISED,NOT_YET_EXERCISED,NOT_YET_EXERCISED,,,NO,NO,Imported from prior route register classification: NOT_YET_EXERCISED. —
WP16-ROUTE-423,route_screen,Wave 16 — Remaining Operational Modules,/_internal/pm-v2-preview,Public / Shared,PM V2 Preview,frontend/src/pages/PmV2Preview.jsx,NOT_YET_EXERCISED,NOT_YET_EXERCISED,NOT_YET_EXERCISED,NOT_YET_EXERCISED,NOT_YET_EXERCISED,NOT_YET_EXERCISED,NOT_YET_EXERCISED,,,NO,NO,Imported from prior route register classification: NOT_YET_EXERCISED. —
WP16-ROUTE-424,route_screen,Wave 16 — Remaining Operational Modules,/_internal/hr-v2-preview,Public / Shared,HR V2 Preview,frontend/src/pages/HrV2Preview.jsx,NOT_YET_EXERCISED,NOT_YET_EXERCISED,NOT_YET_EXERCISED,NOT_YET_EXERCISED,NOT_YET_EXERCISED,NOT_YET_EXERCISED,NOT_YET_EXERCISED,,,NO,NO,Imported from prior route register classification: NOT_YET_EXERCISED. —
WP16-ROUTE-425,route_screen,Wave 16 — Remaining Operational Modules,/_internal/v2-index,Public / Shared,V2 Index,frontend/src/pages/V2Index.jsx,NOT_YET_EXERCISED,NOT_YET_EXERCISED,NOT_YET_EXERCISED,NOT_YET_EXERCISED,NOT_YET_EXERCISED,NOT_YET_EXERCISED,NOT_YET_EXERCISED,,,NO,NO,Imported from prior route register classification: NOT_YET_EXERCISED. —
WP16-ROUTE-426,detail_screen,Wave 16 — Remaining Operational Modules,/_internal/v2-compare/:portal,Public / Shared,V2 Compare,frontend/src/pages/V2Compare.jsx,NOT_YET_EXERCISED,NOT_YET_EXERCISED,NOT_YET_EXERCISED,NOT_YET_EXERCISED,NOT_YET_EXERCISED,NOT_YET_EXERCISED,NOT_YET_EXERCISED,,,NO,NO,Imported from prior route register classification: NOT_YET_EXERCISED. —
WP16-ROUTE-427,redirect_route,Wave 9 — Jobs & Field Operations,/daily-report/v2,Public / Shared,V2,Navigate,REDIRECT_BEHAVIOR_PENDING,PENDING_REDIRECT_CHECK,PENDING_REDIRECT_CHECK,PENDING_REDIRECT_CHECK,PENDING_REDIRECT_CHECK,PENDING_REDIRECT_CHECK,NOT_APPLICABLE,See WP16_ROUTE_EXERCISE_REGISTER.md for prior evidence.,,NO,NO,Imported from prior route register classification: REDIRECT_ONLY. Redirect target: /daily/submit
WP16-ROUTE-428,redirect_route,Wave 9 — Jobs & Field Operations,/daily/v1,Public / Shared,V1,Navigate,REDIRECT_BEHAVIOR_PENDING,PENDING_REDIRECT_CHECK,PENDING_REDIRECT_CHECK,PENDING_REDIRECT_CHECK,PENDING_REDIRECT_CHECK,PENDING_REDIRECT_CHECK,NOT_APPLICABLE,See WP16_ROUTE_EXERCISE_REGISTER.md for prior evidence.,,NO,NO,Imported from prior route register classification: REDIRECT_ONLY. Redirect target: /daily/submit
WP16-ROUTE-429,redirect_route,Wave 9 — Jobs & Field Operations,/daily/v2,Public / Shared,V2,Navigate,REDIRECT_BEHAVIOR_PENDING,PENDING_REDIRECT_CHECK,PENDING_REDIRECT_CHECK,PENDING_REDIRECT_CHECK,PENDING_REDIRECT_CHECK,PENDING_REDIRECT_CHECK,NOT_APPLICABLE,See WP16_ROUTE_EXERCISE_REGISTER.md for prior evidence.,,NO,NO,Imported from prior route register classification: REDIRECT_ONLY. Redirect target: /daily/submit
WP16-ROUTE-430,redirect_route,Wave 9 — Jobs & Field Operations,/daily/v3,Public / Shared,V3,Navigate,REDIRECT_BEHAVIOR_PENDING,PENDING_REDIRECT_CHECK,PENDING_REDIRECT_CHECK,PENDING_REDIRECT_CHECK,PENDING_REDIRECT_CHECK,PENDING_REDIRECT_CHECK,NOT_APPLICABLE,See WP16_ROUTE_EXERCISE_REGISTER.md for prior evidence.,,NO,NO,Imported from prior route register classification: REDIRECT_ONLY. Redirect target: /daily/submit
WP16-ROUTE-431,redirect_route,Wave 9 — Jobs & Field Operations,/daily-report/v1,Public / Shared,V1,Navigate,REDIRECT_BEHAVIOR_PENDING,PENDING_REDIRECT_CHECK,PENDING_REDIRECT_CHECK,PENDING_REDIRECT_CHECK,PENDING_REDIRECT_CHECK,PENDING_REDIRECT_CHECK,NOT_APPLICABLE,See WP16_ROUTE_EXERCISE_REGISTER.md for prior evidence.,,NO,NO,Imported from prior route register classification: REDIRECT_ONLY. Redirect target: /daily/submit
WP16-ROUTE-432,redirect_route,Wave 9 — Jobs & Field Operations,/daily-report/v3,Public / Shared,V3,Navigate,REDIRECT_BEHAVIOR_PENDING,PENDING_REDIRECT_CHECK,PENDING_REDIRECT_CHECK,PENDING_REDIRECT_CHECK,PENDING_REDIRECT_CHECK,PENDING_REDIRECT_CHECK,NOT_APPLICABLE,See WP16_ROUTE_EXERCISE_REGISTER.md for prior evidence.,,NO,NO,Imported from prior route register classification: REDIRECT_ONLY. Redirect target: /daily/submit
WP16-ROUTE-440,redirect_route,Wave 8 — Shop & Equipment,/fleet,Public / Shared,Fleet,Navigate,REDIRECT_BEHAVIOR_PENDING,PENDING_REDIRECT_CHECK,PENDING_REDIRECT_CHECK,PENDING_REDIRECT_CHECK,PENDING_REDIRECT_CHECK,PENDING_REDIRECT_CHECK,NOT_APPLICABLE,See WP16_ROUTE_EXERCISE_REGISTER.md for prior evidence.,,NO,NO,Imported from prior route register classification: REDIRECT_ONLY. Redirect target: /dispatch-portal
WP16-ROUTE-443,redirect_route,Wave 16 — Remaining Operational Modules,/fl,Public / Shared,FL,Navigate,REDIRECT_BEHAVIOR_PENDING,PENDING_REDIRECT_CHECK,PENDING_REDIRECT_CHECK,PENDING_REDIRECT_CHECK,PENDING_REDIRECT_CHECK,PENDING_REDIRECT_CHECK,NOT_APPLICABLE,See WP16_ROUTE_EXERCISE_REGISTER.md for prior evidence.,,NO,NO,Imported from prior route register classification: REDIRECT_ONLY. Redirect target: /leadership
WP16-ROUTE-444,route_screen,Wave 16 — Remaining Operational Modules,*,Public / Shared,fallback,frontend/src/pages/NotFound.jsx,NOT_YET_EXERCISED,NOT_YET_EXERCISED,NOT_YET_EXERCISED,NOT_YET_EXERCISED,NOT_YET_EXERCISED,NOT_YET_EXERCISED,NOT_YET_EXERCISED,,,NO,NO,Imported from prior route register classification: NOT_YET_EXERCISED. —
WP16-PAGEFILE-001,page_file_only,Wave 16 — Remaining Operational Modules,frontend/src/pages/AdminHub.jsx,Unbound / legacy / internal,AdminHub,frontend/src/pages/AdminHub.jsx,INVENTORIED_UNROUTED_PAGE_FILE,NOT_YET_EXERCISED,NOT_YET_EXERCISED,NOT_YET_EXERCISED,NOT_YET_EXERCISED,NOT_YET_EXERCISED,NOT_YET_EXERCISED,,,NO,NO,"Page file exists on disk but is not bound as a primary route in AppRoutes; verify whether it remains an active operational surface, preview, or retired legacy file."
WP16-PAGEFILE-002,page_file_only,Wave 16 — Remaining Operational Modules,frontend/src/pages/AdminHubSwitcher.jsx,Unbound / legacy / internal,AdminHubSwitcher,frontend/src/pages/AdminHubSwitcher.jsx,INVENTORIED_UNROUTED_PAGE_FILE,NOT_YET_EXERCISED,NOT_YET_EXERCISED,NOT_YET_EXERCISED,NOT_YET_EXERCISED,NOT_YET_EXERCISED,NOT_YET_EXERCISED,,,NO,NO,"Page file exists on disk but is not bound as a primary route in AppRoutes; verify whether it remains an active operational surface, preview, or retired legacy file."
WP16-PAGEFILE-003,page_file_only,Wave 16 — Remaining Operational Modules,frontend/src/pages/AdminHubV2.jsx,Unbound / legacy / internal,AdminHubV2,frontend/src/pages/AdminHubV2.jsx,INVENTORIED_UNROUTED_PAGE_FILE,NOT_YET_EXERCISED,NOT_YET_EXERCISED,NOT_YET_EXERCISED,NOT_YET_EXERCISED,NOT_YET_EXERCISED,NOT_YET_EXERCISED,,,NO,NO,"Page file exists on disk but is not bound as a primary route in AppRoutes; verify whether it remains an active operational surface, preview, or retired legacy file."
WP16-PAGEFILE-004,page_file_only,Wave 16 — Remaining Operational Modules,frontend/src/pages/AdminHubV3.jsx,Unbound / legacy / internal,AdminHubV3,frontend/src/pages/AdminHubV3.jsx,INVENTORIED_UNROUTED_PAGE_FILE,NOT_YET_EXERCISED,NOT_YET_EXERCISED,NOT_YET_EXERCISED,NOT_YET_EXERCISED,NOT_YET_EXERCISED,NOT_YET_EXERCISED,,,NO,NO,"Page file exists on disk but is not bound as a primary route in AppRoutes; verify whether it remains an active operational surface, preview, or retired legacy file."
WP16-PAGEFILE-005,page_file_only,Wave 1 — Public Pages & Authentication,frontend/src/pages/LeadershipLogin.jsx,Unbound / legacy / internal,LeadershipLogin,frontend/src/pages/LeadershipLogin.jsx,INSPECTED_UNROUTED_LEGACY_FILE,UNROUTED_LEGACY_FILE,UNROUTED_LEGACY_FILE,UNROUTED_LEGACY_FILE,UNROUTED_LEGACY_FILE,UNROUTED_LEGACY_FILE,UNROUTED_LEGACY_FILE,Code review: frontend/src/pages/LeadershipLogin.jsx. AppRoutes binds /leadership/login to FieldLeadershipPortalLogin instead of this file.,,NO,NO,"Wave 1 inspection confirmed this is an inventoried legacy page file, not an active routed surface. No repair opened in this inspection; disposition remains legacy/unrouted pending later cleanup authorization."
WP16-PAGEFILE-006,page_file_only,Wave 16 — Remaining Operational Modules,frontend/src/pages/NewDailyReport.jsx,Unbound / legacy / internal,NewDailyReport,frontend/src/pages/NewDailyReport.jsx,INVENTORIED_UNROUTED_PAGE_FILE,NOT_YET_EXERCISED,NOT_YET_EXERCISED,NOT_YET_EXERCISED,NOT_YET_EXERCISED,NOT_YET_EXERCISED,NOT_YET_EXERCISED,,,NO,NO,"Page file exists on disk but is not bound as a primary route in AppRoutes; verify whether it remains an active operational surface, preview, or retired legacy file."
WP16-PAGEFILE-007,page_file_only,Wave 16 — Remaining Operational Modules,frontend/src/pages/NewIncident.jsx,Unbound / legacy / internal,NewIncident,frontend/src/pages/NewIncident.jsx,INVENTORIED_UNROUTED_PAGE_FILE,NOT_YET_EXERCISED,NOT_YET_EXERCISED,NOT_YET_EXERCISED,NOT_YET_EXERCISED,NOT_YET_EXERCISED,NOT_YET_EXERCISED,,,NO,NO,"Page file exists on disk but is not bound as a primary route in AppRoutes; verify whether it remains an active operational surface, preview, or retired legacy file."
WP16-PAGEFILE-008,page_file_only,Wave 16 — Remaining Operational Modules,frontend/src/pages/OperationsControlCases.jsx,Unbound / legacy / internal,OperationsControlCases,frontend/src/pages/OperationsControlCases.jsx,INVENTORIED_UNROUTED_PAGE_FILE,NOT_YET_EXERCISED,NOT_YET_EXERCISED,NOT_YET_EXERCISED,NOT_YET_EXERCISED,NOT_YET_EXERCISED,NOT_YET_EXERCISED,,,NO,NO,"Page file exists on disk but is not bound as a primary route in AppRoutes; verify whether it remains an active operational surface, preview, or retired legacy file."
WP16-PAGEFILE-009,page_file_only,Wave 11 — Training,frontend/src/pages/OpsTrainingCenter.jsx,Unbound / legacy / internal,OpsTrainingCenter,frontend/src/pages/OpsTrainingCenter.jsx,INVENTORIED_UNROUTED_PAGE_FILE,NOT_YET_EXERCISED,NOT_YET_EXERCISED,NOT_YET_EXERCISED,NOT_YET_EXERCISED,NOT_YET_EXERCISED,NOT_YET_EXERCISED,,,NO,NO,"Page file exists on disk but is not bound as a primary route in AppRoutes; verify whether it remains an active operational surface, preview, or retired legacy file."
WP16-PAGEFILE-010,page_file_only,Wave 11 — Training,frontend/src/pages/OpsTrainingGuide.jsx,Unbound / legacy / internal,OpsTrainingGuide,frontend/src/pages/OpsTrainingGuide.jsx,INVENTORIED_UNROUTED_PAGE_FILE,NOT_YET_EXERCISED,NOT_YET_EXERCISED,NOT_YET_EXERCISED,NOT_YET_EXERCISED,NOT_YET_EXERCISED,NOT_YET_EXERCISED,,,NO,NO,"Page file exists on disk but is not bound as a primary route in AppRoutes; verify whether it remains an active operational surface, preview, or retired legacy file."
WP16-PAGEFILE-011,page_file_only,Wave 16 — Remaining Operational Modules,frontend/src/pages/ProjectStaffingHub.jsx,Unbound / legacy / internal,ProjectStaffingHub,frontend/src/pages/ProjectStaffingHub.jsx,INVENTORIED_UNROUTED_PAGE_FILE,NOT_YET_EXERCISED,NOT_YET_EXERCISED,NOT_YET_EXERCISED,NOT_YET_EXERCISED,NOT_YET_EXERCISED,NOT_YET_EXERCISED,,,NO,NO,"Page file exists on disk but is not bound as a primary route in AppRoutes; verify whether it remains an active operational surface, preview, or retired legacy file."
WP16-PAGEFILE-012,page_file_only,Wave 16 — Remaining Operational Modules,frontend/src/pages/TrenchBoxes.jsx,Unbound / legacy / internal,TrenchBoxes,frontend/src/pages/TrenchBoxes.jsx,INVENTORIED_UNROUTED_PAGE_FILE,NOT_YET_EXERCISED,NOT_YET_EXERCISED,NOT_YET_EXERCISED,NOT_YET_EXERCISED,NOT_YET_EXERCISED,NOT_YET_EXERCISED,,,NO,NO,"Page file exists on disk but is not bound as a primary route in AppRoutes; verify whether it remains an active operational surface, preview, or retired legacy file."
WP16-PAGEFILE-013,page_file_only,Wave 16 — Remaining Operational Modules,frontend/src/pages/transportation/MissionControl.jsx,Unbound / legacy / internal,MissionControl,frontend/src/pages/transportation/MissionControl.jsx,INVENTORIED_UNROUTED_PAGE_FILE,NOT_YET_EXERCISED,NOT_YET_EXERCISED,NOT_YET_EXERCISED,NOT_YET_EXERCISED,NOT_YET_EXERCISED,NOT_YET_EXERCISED,,,NO,NO,"Page file exists on disk but is not bound as a primary route in AppRoutes; verify whether it remains an active operational surface, preview, or retired legacy file."
WP16-PAGEFILE-014,page_file_only,Wave 16 — Remaining Operational Modules,frontend/src/pages/transportation/TransportationAcademy.jsx,Unbound / legacy / internal,TransportationAcademy,frontend/src/pages/transportation/TransportationAcademy.jsx,INVENTORIED_UNROUTED_PAGE_FILE,NOT_YET_EXERCISED,NOT_YET_EXERCISED,NOT_YET_EXERCISED,NOT_YET_EXERCISED,NOT_YET_EXERCISED,NOT_YET_EXERCISED,,,NO,NO,"Page file exists on disk but is not bound as a primary route in AppRoutes; verify whether it remains an active operational surface, preview, or retired legacy file."
WP16-PAGEFILE-015,page_file_only,Wave 16 — Remaining Operational Modules,frontend/src/pages/transportation/TransportationApp.jsx,Unbound / legacy / internal,TransportationApp,frontend/src/pages/transportation/TransportationApp.jsx,INVENTORIED_UNROUTED_PAGE_FILE,NOT_YET_EXERCISED,NOT_YET_EXERCISED,NOT_YET_EXERCISED,NOT_YET_EXERCISED,NOT_YET_EXERCISED,NOT_YET_EXERCISED,,,NO,NO,"Page file exists on disk but is not bound as a primary route in AppRoutes; verify whether it remains an active operational surface, preview, or retired legacy file."
WP16-PAGEFILE-016,page_file_only,Wave 16 — Remaining Operational Modules,frontend/src/pages/transportation/TransportationSearch.jsx,Unbound / legacy / internal,TransportationSearch,frontend/src/pages/transportation/TransportationSearch.jsx,INVENTORIED_UNROUTED_PAGE_FILE,NOT_YET_EXERCISED,NOT_YET_EXERCISED,NOT_YET_EXERCISED,NOT_YET_EXERCISED,NOT_YET_EXERCISED,NOT_YET_EXERCISED,,,NO,NO,"Page file exists on disk but is not bound as a primary route in AppRoutes; verify whether it remains an active operational surface, preview, or retired legacy file."
WP16-PAGEFILE-017,page_file_only,Wave 16 — Remaining Operational Modules,frontend/src/pages/transportation/TransportationWorkspaceShell.jsx,Unbound / legacy / internal,TransportationWorkspaceShell,frontend/src/pages/transportation/TransportationWorkspaceShell.jsx,INVENTORIED_UNROUTED_PAGE_FILE,NOT_YET_EXERCISED,NOT_YET_EXERCISED,NOT_YET_EXERCISED,NOT_YET_EXERCISED,NOT_YET_EXERCISED,NOT_YET_EXERCISED,,,NO,NO,"Page file exists on disk but is not bound as a primary route in AppRoutes; verify whether it remains an active operational surface, preview, or retired legacy file."
WP16-PAGEFILE-018,page_file_only,Wave 16 — Remaining Operational Modules,frontend/src/pages/trench_safety/PublicAssetLookup.jsx,Unbound / legacy / internal,PublicAssetLookup,frontend/src/pages/trench_safety/PublicAssetLookup.jsx,INVENTORIED_UNROUTED_PAGE_FILE,NOT_YET_EXERCISED,NOT_YET_EXERCISED,NOT_YET_EXERCISED,NOT_YET_EXERCISED,NOT_YET_EXERCISED,NOT_YET_EXERCISED,,,NO,NO,"Page file exists on disk but is not bound as a primary route in AppRoutes; verify whether it remains an active operational surface, preview, or retired legacy file."
