forensic_surface_id,surface_scope,included_in_hidden_detail_113,included_in_route_non_primary_165,included_in_route_forensic_169,included_in_broad_forensic_305,family,source_file,source_line,surface_type,route_or_launch_point,parent_or_context,intended_audience,entry_path,navigation_source,role_requirements,hidden_state,origin_classification,final_disposition,canonical_relationship,certification_or_blocker_status,evidence_strength,evidence_summary,risk_summary,notes
OVERLAY-001,overlay_surface,NO,NO,NO,YES,Administration,components/AdminAccessControlPanel.jsx,,Dialog_surface,Dialog,,Administration,"Triggered from a host screen action, row, button, or workflow state",Workflow-internal interaction,Administration,ACTIVE,INTENTIONAL_DIALOG_OR_OVERLAY,INTENTIONALLY_HIDDEN_AND_GOVERNED,OVERLAY_OF:components/AdminAccessControlPanel.jsx,IMPLEMENTED,LEDGER_ONLY,Source-inventory overlay from components/AdminAccessControlPanel.jsx. Explicit interaction subset separately recorded in WP16_OVERLAY_AND_INTERACTION_REGISTER.md (28 exercised/partially exercised/blocked interaction rows).,Workflow-internal surfaces accumulate silently when they are not inventoried alongside routed pages.,Dialog
OVERLAY-002,overlay_surface,NO,NO,NO,YES,Administration,components/AdminBannersPanel.jsx,,Dialog_surface,Dialog,,Administration,"Triggered from a host screen action, row, button, or workflow state",Workflow-internal interaction,Administration,ACTIVE,INTENTIONAL_DIALOG_OR_OVERLAY,INTENTIONALLY_HIDDEN_AND_GOVERNED,OVERLAY_OF:components/AdminBannersPanel.jsx,IMPLEMENTED,LEDGER_ONLY,Source-inventory overlay from components/AdminBannersPanel.jsx. Explicit interaction subset separately recorded in WP16_OVERLAY_AND_INTERACTION_REGISTER.md (28 exercised/partially exercised/blocked interaction rows).,Workflow-internal surfaces accumulate silently when they are not inventoried alongside routed pages.,Dialog
OVERLAY-003,overlay_surface,NO,NO,NO,YES,Administration,components/AdminDispatchUsersPanel.jsx,,Dialog_surface,Dialog,,Administration,"Triggered from a host screen action, row, button, or workflow state",Workflow-internal interaction,Administration,ACTIVE,INTENTIONAL_DIALOG_OR_OVERLAY,INTENTIONALLY_HIDDEN_AND_GOVERNED,OVERLAY_OF:components/AdminDispatchUsersPanel.jsx,IMPLEMENTED,LEDGER_ONLY,Source-inventory overlay from components/AdminDispatchUsersPanel.jsx. Explicit interaction subset separately recorded in WP16_OVERLAY_AND_INTERACTION_REGISTER.md (28 exercised/partially exercised/blocked interaction rows).,Workflow-internal surfaces accumulate silently when they are not inventoried alongside routed pages.,Dialog
OVERLAY-004,overlay_surface,NO,NO,NO,YES,Administration,components/AdminFieldLeadershipUsersPanel.jsx,,Dialog_surface,Dialog,,Administration,"Triggered from a host screen action, row, button, or workflow state",Workflow-internal interaction,Administration,ACTIVE,INTENTIONAL_DIALOG_OR_OVERLAY,INTENTIONALLY_HIDDEN_AND_GOVERNED,OVERLAY_OF:components/AdminFieldLeadershipUsersPanel.jsx,IMPLEMENTED,LEDGER_ONLY,Source-inventory overlay from components/AdminFieldLeadershipUsersPanel.jsx. Explicit interaction subset separately recorded in WP16_OVERLAY_AND_INTERACTION_REGISTER.md (28 exercised/partially exercised/blocked interaction rows).,Workflow-internal surfaces accumulate silently when they are not inventoried alongside routed pages.,Dialog
OVERLAY-005,overlay_surface,NO,NO,NO,YES,Administration,components/AdminHRUsersPanel.jsx,,Dialog_surface,Dialog,,Administration,"Triggered from a host screen action, row, button, or workflow state",Workflow-internal interaction,Administration,ACTIVE,INTENTIONAL_DIALOG_OR_OVERLAY,INTENTIONALLY_HIDDEN_AND_GOVERNED,OVERLAY_OF:components/AdminHRUsersPanel.jsx,IMPLEMENTED,LEDGER_ONLY,Source-inventory overlay from components/AdminHRUsersPanel.jsx. Explicit interaction subset separately recorded in WP16_OVERLAY_AND_INTERACTION_REGISTER.md (28 exercised/partially exercised/blocked interaction rows).,Workflow-internal surfaces accumulate silently when they are not inventoried alongside routed pages.,Dialog
OVERLAY-006,overlay_surface,NO,NO,NO,YES,Administration,components/AdminJobMasterPanel.jsx,,Dialog_surface,Dialog,,Administration,"Triggered from a host screen action, row, button, or workflow state",Workflow-internal interaction,Administration,ACTIVE,INTENTIONAL_DIALOG_OR_OVERLAY,INTENTIONALLY_HIDDEN_AND_GOVERNED,OVERLAY_OF:components/AdminJobMasterPanel.jsx,IMPLEMENTED,LEDGER_ONLY,Source-inventory overlay from components/AdminJobMasterPanel.jsx. Explicit interaction subset separately recorded in WP16_OVERLAY_AND_INTERACTION_REGISTER.md (28 exercised/partially exercised/blocked interaction rows).,Workflow-internal surfaces accumulate silently when they are not inventoried alongside routed pages.,Dialog
OVERLAY-007,overlay_surface,NO,NO,NO,YES,Administration,components/AdminPMPanel.jsx,,Dialog_surface,Dialog,,Administration,"Triggered from a host screen action, row, button, or workflow state",Workflow-internal interaction,Administration,ACTIVE,INTENTIONAL_DIALOG_OR_OVERLAY,INTENTIONALLY_HIDDEN_AND_GOVERNED,OVERLAY_OF:components/AdminPMPanel.jsx,IMPLEMENTED,LEDGER_ONLY,Source-inventory overlay from components/AdminPMPanel.jsx. Explicit interaction subset separately recorded in WP16_OVERLAY_AND_INTERACTION_REGISTER.md (28 exercised/partially exercised/blocked interaction rows).,Workflow-internal surfaces accumulate silently when they are not inventoried alongside routed pages.,Dialog
OVERLAY-008,overlay_surface,NO,NO,NO,YES,Administration,components/AdminPasswordConfirm.jsx,,Dialog_surface,Dialog,,Administration,"Triggered from a host screen action, row, button, or workflow state",Workflow-internal interaction,Administration,ACTIVE,INTENTIONAL_DIALOG_OR_OVERLAY,INTENTIONALLY_HIDDEN_AND_GOVERNED,OVERLAY_OF:components/AdminPasswordConfirm.jsx,IMPLEMENTED,LEDGER_ONLY,Source-inventory overlay from components/AdminPasswordConfirm.jsx. Explicit interaction subset separately recorded in WP16_OVERLAY_AND_INTERACTION_REGISTER.md (28 exercised/partially exercised/blocked interaction rows).,Workflow-internal surfaces accumulate silently when they are not inventoried alongside routed pages.,Dialog
OVERLAY-009,overlay_surface,NO,NO,NO,YES,Administration,components/AdminSafetyUsersPanel.jsx,,Dialog_surface,Dialog,,Administration,"Triggered from a host screen action, row, button, or workflow state",Workflow-internal interaction,Administration,ACTIVE,INTENTIONAL_DIALOG_OR_OVERLAY,INTENTIONALLY_HIDDEN_AND_GOVERNED,OVERLAY_OF:components/AdminSafetyUsersPanel.jsx,IMPLEMENTED,LEDGER_ONLY,Source-inventory overlay from components/AdminSafetyUsersPanel.jsx. Explicit interaction subset separately recorded in WP16_OVERLAY_AND_INTERACTION_REGISTER.md (28 exercised/partially exercised/blocked interaction rows).,Workflow-internal surfaces accumulate silently when they are not inventoried alongside routed pages.,Dialog
OVERLAY-010,overlay_surface,NO,NO,NO,YES,Administration,components/AdminShopUsersPanel.jsx,,Dialog_surface,Dialog,,Administration,"Triggered from a host screen action, row, button, or workflow state",Workflow-internal interaction,Administration,ACTIVE,INTENTIONAL_DIALOG_OR_OVERLAY,INTENTIONALLY_HIDDEN_AND_GOVERNED,OVERLAY_OF:components/AdminShopUsersPanel.jsx,IMPLEMENTED,LEDGER_ONLY,Source-inventory overlay from components/AdminShopUsersPanel.jsx. Explicit interaction subset separately recorded in WP16_OVERLAY_AND_INTERACTION_REGISTER.md (28 exercised/partially exercised/blocked interaction rows).,Workflow-internal surfaces accumulate silently when they are not inventoried alongside routed pages.,Dialog
OVERLAY-011,overlay_surface,NO,NO,NO,YES,Shared Operational Home and Public Entry,components/AttendeeBulkAddDialog.jsx,,Dialog_surface,Dialog,,Shared Operational Home and Public Entry,"Triggered from a host screen action, row, button, or workflow state",Workflow-internal interaction,Shared Operational Home and Public Entry,ACTIVE,INTENTIONAL_DIALOG_OR_OVERLAY,INTENTIONALLY_HIDDEN_AND_GOVERNED,OVERLAY_OF:components/AttendeeBulkAddDialog.jsx,MIGRATING,LEDGER_ONLY,Source-inventory overlay from components/AttendeeBulkAddDialog.jsx. Explicit interaction subset separately recorded in WP16_OVERLAY_AND_INTERACTION_REGISTER.md (28 exercised/partially exercised/blocked interaction rows).,Workflow-internal surfaces accumulate silently when they are not inventoried alongside routed pages.,Dialog
OVERLAY-012,overlay_surface,NO,NO,NO,YES,Shared Operational Home and Public Entry,components/BackupHeroPanel.jsx,,Dialog_surface,Dialog,,Shared Operational Home and Public Entry,"Triggered from a host screen action, row, button, or workflow state",Workflow-internal interaction,Shared Operational Home and Public Entry,ACTIVE,INTENTIONAL_DIALOG_OR_OVERLAY,INTENTIONALLY_HIDDEN_AND_GOVERNED,OVERLAY_OF:components/BackupHeroPanel.jsx,MIGRATING,LEDGER_ONLY,Source-inventory overlay from components/BackupHeroPanel.jsx. Explicit interaction subset separately recorded in WP16_OVERLAY_AND_INTERACTION_REGISTER.md (28 exercised/partially exercised/blocked interaction rows).,Workflow-internal surfaces accumulate silently when they are not inventoried alongside routed pages.,Dialog
OVERLAY-013,overlay_surface,NO,NO,NO,YES,Shared Operational Home and Public Entry,components/BannerAuditDialog.jsx,,Dialog_surface,Dialog,,Shared Operational Home and Public Entry,"Triggered from a host screen action, row, button, or workflow state",Workflow-internal interaction,Shared Operational Home and Public Entry,ACTIVE,INTENTIONAL_DIALOG_OR_OVERLAY,INTENTIONALLY_HIDDEN_AND_GOVERNED,OVERLAY_OF:components/BannerAuditDialog.jsx,MIGRATING,LEDGER_ONLY,Source-inventory overlay from components/BannerAuditDialog.jsx. Explicit interaction subset separately recorded in WP16_OVERLAY_AND_INTERACTION_REGISTER.md (28 exercised/partially exercised/blocked interaction rows).,Workflow-internal surfaces accumulate silently when they are not inventoried alongside routed pages.,Dialog
OVERLAY-014,overlay_surface,NO,NO,NO,YES,Shared Operational Home and Public Entry,components/CompanyInfoDialog.jsx,,Dialog_surface,Dialog,,Shared Operational Home and Public Entry,"Triggered from a host screen action, row, button, or workflow state",Workflow-internal interaction,Shared Operational Home and Public Entry,ACTIVE,INTENTIONAL_DIALOG_OR_OVERLAY,INTENTIONALLY_HIDDEN_AND_GOVERNED,OVERLAY_OF:components/CompanyInfoDialog.jsx,MIGRATING,LEDGER_ONLY,Source-inventory overlay from components/CompanyInfoDialog.jsx. Explicit interaction subset separately recorded in WP16_OVERLAY_AND_INTERACTION_REGISTER.md (28 exercised/partially exercised/blocked interaction rows).,Workflow-internal surfaces accumulate silently when they are not inventoried alongside routed pages.,Dialog
OVERLAY-015,overlay_surface,NO,NO,NO,YES,Shared Operational Home and Public Entry,components/CrewRecoveryPanel.jsx,,Dialog_surface,Dialog,,Shared Operational Home and Public Entry,"Triggered from a host screen action, row, button, or workflow state",Workflow-internal interaction,Shared Operational Home and Public Entry,ACTIVE,INTENTIONAL_DIALOG_OR_OVERLAY,INTENTIONALLY_HIDDEN_AND_GOVERNED,OVERLAY_OF:components/CrewRecoveryPanel.jsx,MIGRATING,LEDGER_ONLY,Source-inventory overlay from components/CrewRecoveryPanel.jsx. Explicit interaction subset separately recorded in WP16_OVERLAY_AND_INTERACTION_REGISTER.md (28 exercised/partially exercised/blocked interaction rows).,Workflow-internal surfaces accumulate silently when they are not inventoried alongside routed pages.,Dialog
OVERLAY-016,overlay_surface,NO,NO,NO,YES,Shared Operational Home and Public Entry,components/EditProjectDialog.jsx,,Dialog_surface,Dialog,,Shared Operational Home and Public Entry,"Triggered from a host screen action, row, button, or workflow state",Workflow-internal interaction,Shared Operational Home and Public Entry,ACTIVE,INTENTIONAL_DIALOG_OR_OVERLAY,INTENTIONALLY_HIDDEN_AND_GOVERNED,OVERLAY_OF:components/EditProjectDialog.jsx,MIGRATING,LEDGER_ONLY,Source-inventory overlay from components/EditProjectDialog.jsx. Explicit interaction subset separately recorded in WP16_OVERLAY_AND_INTERACTION_REGISTER.md (28 exercised/partially exercised/blocked interaction rows).,Workflow-internal surfaces accumulate silently when they are not inventoried alongside routed pages.,Dialog
OVERLAY-017,overlay_surface,NO,NO,NO,YES,Shared Operational Home and Public Entry,components/EmailReportDialog.jsx,,Dialog_surface,Dialog,,Shared Operational Home and Public Entry,"Triggered from a host screen action, row, button, or workflow state",Workflow-internal interaction,Shared Operational Home and Public Entry,ACTIVE,INTENTIONAL_DIALOG_OR_OVERLAY,INTENTIONALLY_HIDDEN_AND_GOVERNED,OVERLAY_OF:components/EmailReportDialog.jsx,MIGRATING,LEDGER_ONLY,Source-inventory overlay from components/EmailReportDialog.jsx. Explicit interaction subset separately recorded in WP16_OVERLAY_AND_INTERACTION_REGISTER.md (28 exercised/partially exercised/blocked interaction rows).,Workflow-internal surfaces accumulate silently when they are not inventoried alongside routed pages.,Dialog
OVERLAY-018,overlay_surface,NO,NO,NO,YES,Shared Operational Home and Public Entry,components/EquipmentMasterPanel.jsx,,Dialog_surface,Dialog,,Shared Operational Home and Public Entry,"Triggered from a host screen action, row, button, or workflow state",Workflow-internal interaction,Shared Operational Home and Public Entry,ACTIVE,INTENTIONAL_DIALOG_OR_OVERLAY,INTENTIONALLY_HIDDEN_AND_GOVERNED,OVERLAY_OF:components/EquipmentMasterPanel.jsx,MIGRATING,LEDGER_ONLY,Source-inventory overlay from components/EquipmentMasterPanel.jsx. Explicit interaction subset separately recorded in WP16_OVERLAY_AND_INTERACTION_REGISTER.md (28 exercised/partially exercised/blocked interaction rows).,Workflow-internal surfaces accumulate silently when they are not inventoried alongside routed pages.,Dialog
OVERLAY-019,overlay_surface,NO,NO,NO,YES,Shared Operational Home and Public Entry,components/IncidentLifecyclePanel.jsx,,Dialog_surface,Dialog,,Shared Operational Home and Public Entry,"Triggered from a host screen action, row, button, or workflow state",Workflow-internal interaction,Shared Operational Home and Public Entry,ACTIVE,INTENTIONAL_DIALOG_OR_OVERLAY,INTENTIONALLY_HIDDEN_AND_GOVERNED,OVERLAY_OF:components/IncidentLifecyclePanel.jsx,MIGRATING,LEDGER_ONLY,Source-inventory overlay from components/IncidentLifecyclePanel.jsx. Explicit interaction subset separately recorded in WP16_OVERLAY_AND_INTERACTION_REGISTER.md (28 exercised/partially exercised/blocked interaction rows).,Workflow-internal surfaces accumulate silently when they are not inventoried alongside routed pages.,Dialog
OVERLAY-020,overlay_surface,NO,NO,NO,YES,Shared Operational Home and Public Entry,components/JhaAcknowledgeButton.jsx,,Dialog_surface,Dialog,,Shared Operational Home and Public Entry,"Triggered from a host screen action, row, button, or workflow state",Workflow-internal interaction,Shared Operational Home and Public Entry,ACTIVE,INTENTIONAL_DIALOG_OR_OVERLAY,INTENTIONALLY_HIDDEN_AND_GOVERNED,OVERLAY_OF:components/JhaAcknowledgeButton.jsx,MIGRATING,LEDGER_ONLY,Source-inventory overlay from components/JhaAcknowledgeButton.jsx. Explicit interaction subset separately recorded in WP16_OVERLAY_AND_INTERACTION_REGISTER.md (28 exercised/partially exercised/blocked interaction rows).,Workflow-internal surfaces accumulate silently when they are not inventoried alongside routed pages.,Dialog
OVERLAY-021,overlay_surface,NO,NO,NO,YES,Shared Operational Home and Public Entry,components/LifecyclePanel.jsx,,Dialog_surface,Dialog,,Shared Operational Home and Public Entry,"Triggered from a host screen action, row, button, or workflow state",Workflow-internal interaction,Shared Operational Home and Public Entry,ACTIVE,INTENTIONAL_DIALOG_OR_OVERLAY,INTENTIONALLY_HIDDEN_AND_GOVERNED,OVERLAY_OF:components/LifecyclePanel.jsx,MIGRATING,LEDGER_ONLY,Source-inventory overlay from components/LifecyclePanel.jsx. Explicit interaction subset separately recorded in WP16_OVERLAY_AND_INTERACTION_REGISTER.md (28 exercised/partially exercised/blocked interaction rows).,Workflow-internal surfaces accumulate silently when they are not inventoried alongside routed pages.,Dialog
OVERLAY-022,overlay_surface,NO,NO,NO,YES,Shared Operational Home and Public Entry,components/PhotoLightbox.jsx,,Dialog_surface,Dialog,,Shared Operational Home and Public Entry,"Triggered from a host screen action, row, button, or workflow state",Workflow-internal interaction,Shared Operational Home and Public Entry,ACTIVE,INTENTIONAL_DIALOG_OR_OVERLAY,INTENTIONALLY_HIDDEN_AND_GOVERNED,OVERLAY_OF:components/PhotoLightbox.jsx,MIGRATING,LEDGER_ONLY,Source-inventory overlay from components/PhotoLightbox.jsx. Explicit interaction subset separately recorded in WP16_OVERLAY_AND_INTERACTION_REGISTER.md (28 exercised/partially exercised/blocked interaction rows).,Workflow-internal surfaces accumulate silently when they are not inventoried alongside routed pages.,Dialog
OVERLAY-023,overlay_surface,NO,NO,NO,YES,Shared Operational Home and Public Entry,components/QaqcLifecyclePanel.jsx,,Dialog_surface,Dialog,,Shared Operational Home and Public Entry,"Triggered from a host screen action, row, button, or workflow state",Workflow-internal interaction,Shared Operational Home and Public Entry,ACTIVE,INTENTIONAL_DIALOG_OR_OVERLAY,INTENTIONALLY_HIDDEN_AND_GOVERNED,OVERLAY_OF:components/QaqcLifecyclePanel.jsx,MIGRATING,LEDGER_ONLY,Source-inventory overlay from components/QaqcLifecyclePanel.jsx. Explicit interaction subset separately recorded in WP16_OVERLAY_AND_INTERACTION_REGISTER.md (28 exercised/partially exercised/blocked interaction rows).,Workflow-internal surfaces accumulate silently when they are not inventoried alongside routed pages.,Dialog
OVERLAY-024,overlay_surface,NO,NO,NO,YES,Shared Operational Home and Public Entry,components/RestoreBackupPanel.jsx,,Dialog_surface,Dialog,,Shared Operational Home and Public Entry,"Triggered from a host screen action, row, button, or workflow state",Workflow-internal interaction,Shared Operational Home and Public Entry,ACTIVE,INTENTIONAL_DIALOG_OR_OVERLAY,INTENTIONALLY_HIDDEN_AND_GOVERNED,OVERLAY_OF:components/RestoreBackupPanel.jsx,MIGRATING,LEDGER_ONLY,Source-inventory overlay from components/RestoreBackupPanel.jsx. Explicit interaction subset separately recorded in WP16_OVERLAY_AND_INTERACTION_REGISTER.md (28 exercised/partially exercised/blocked interaction rows).,Workflow-internal surfaces accumulate silently when they are not inventoried alongside routed pages.,Dialog
OVERLAY-025,overlay_surface,NO,NO,NO,YES,Safety Operations,components/SafetyFireExtManageDialog.jsx,,Dialog_surface,Dialog,,Safety Operations,"Triggered from a host screen action, row, button, or workflow state",Workflow-internal interaction,Safety Operations,ACTIVE,INTENTIONAL_DIALOG_OR_OVERLAY,INTENTIONALLY_HIDDEN_AND_GOVERNED,OVERLAY_OF:components/SafetyFireExtManageDialog.jsx,IMPLEMENTED,LEDGER_ONLY,Source-inventory overlay from components/SafetyFireExtManageDialog.jsx. Explicit interaction subset separately recorded in WP16_OVERLAY_AND_INTERACTION_REGISTER.md (28 exercised/partially exercised/blocked interaction rows).,Workflow-internal surfaces accumulate silently when they are not inventoried alongside routed pages.,Dialog
OVERLAY-026,overlay_surface,NO,NO,NO,YES,Shared Operational Home and Public Entry,components/ShareFormDialog.jsx,,Dialog_surface,Dialog,,Shared Operational Home and Public Entry,"Triggered from a host screen action, row, button, or workflow state",Workflow-internal interaction,Shared Operational Home and Public Entry,ACTIVE,INTENTIONAL_DIALOG_OR_OVERLAY,INTENTIONALLY_HIDDEN_AND_GOVERNED,OVERLAY_OF:components/ShareFormDialog.jsx,MIGRATING,LEDGER_ONLY,Source-inventory overlay from components/ShareFormDialog.jsx. Explicit interaction subset separately recorded in WP16_OVERLAY_AND_INTERACTION_REGISTER.md (28 exercised/partially exercised/blocked interaction rows).,Workflow-internal surfaces accumulate silently when they are not inventoried alongside routed pages.,Dialog
OVERLAY-027,overlay_surface,NO,NO,NO,YES,Shared Operational Home and Public Entry,components/SiteInspectionLifecyclePanel.jsx,,Dialog_surface,Dialog,,Shared Operational Home and Public Entry,"Triggered from a host screen action, row, button, or workflow state",Workflow-internal interaction,Shared Operational Home and Public Entry,ACTIVE,INTENTIONAL_DIALOG_OR_OVERLAY,INTENTIONALLY_HIDDEN_AND_GOVERNED,OVERLAY_OF:components/SiteInspectionLifecyclePanel.jsx,MIGRATING,LEDGER_ONLY,Source-inventory overlay from components/SiteInspectionLifecyclePanel.jsx. Explicit interaction subset separately recorded in WP16_OVERLAY_AND_INTERACTION_REGISTER.md (28 exercised/partially exercised/blocked interaction rows).,Workflow-internal surfaces accumulate silently when they are not inventoried alongside routed pages.,Dialog
OVERLAY-028,overlay_surface,NO,NO,NO,YES,Shared Operational Home and Public Entry,components/UndoLastTransitionButton.jsx,,Dialog_surface,Dialog,,Shared Operational Home and Public Entry,"Triggered from a host screen action, row, button, or workflow state",Workflow-internal interaction,Shared Operational Home and Public Entry,ACTIVE,INTENTIONAL_DIALOG_OR_OVERLAY,INTENTIONALLY_HIDDEN_AND_GOVERNED,OVERLAY_OF:components/UndoLastTransitionButton.jsx,MIGRATING,LEDGER_ONLY,Source-inventory overlay from components/UndoLastTransitionButton.jsx. Explicit interaction subset separately recorded in WP16_OVERLAY_AND_INTERACTION_REGISTER.md (28 exercised/partially exercised/blocked interaction rows).,Workflow-internal surfaces accumulate silently when they are not inventoried alongside routed pages.,Dialog
OVERLAY-029,overlay_surface,NO,NO,NO,YES,Shared Operational Home and Public Entry,components/admin/MappingCleanupTab.jsx,,Dialog_surface,Dialog,,Shared Operational Home and Public Entry,"Triggered from a host screen action, row, button, or workflow state",Workflow-internal interaction,Shared Operational Home and Public Entry,ACTIVE,INTENTIONAL_DIALOG_OR_OVERLAY,INTENTIONALLY_HIDDEN_AND_GOVERNED,OVERLAY_OF:components/admin/MappingCleanupTab.jsx,MIGRATING,LEDGER_ONLY,Source-inventory overlay from components/admin/MappingCleanupTab.jsx. Explicit interaction subset separately recorded in WP16_OVERLAY_AND_INTERACTION_REGISTER.md (28 exercised/partially exercised/blocked interaction rows).,Workflow-internal surfaces accumulate silently when they are not inventoried alongside routed pages.,Dialog
OVERLAY-030,overlay_surface,NO,NO,NO,YES,Shared Operational Home and Public Entry,components/team/JobTeamRosterPanel.jsx,,Dialog_surface,Dialog,,Shared Operational Home and Public Entry,"Triggered from a host screen action, row, button, or workflow state",Workflow-internal interaction,Shared Operational Home and Public Entry,ACTIVE,INTENTIONAL_DIALOG_OR_OVERLAY,INTENTIONALLY_HIDDEN_AND_GOVERNED,OVERLAY_OF:components/team/JobTeamRosterPanel.jsx,MIGRATING,LEDGER_ONLY,Source-inventory overlay from components/team/JobTeamRosterPanel.jsx. Explicit interaction subset separately recorded in WP16_OVERLAY_AND_INTERACTION_REGISTER.md (28 exercised/partially exercised/blocked interaction rows).,Workflow-internal surfaces accumulate silently when they are not inventoried alongside routed pages.,Dialog
OVERLAY-031,overlay_surface,NO,NO,NO,YES,Shared Operational Home and Public Entry,components/team/RemoveReasonDialog.jsx,,Dialog_surface,Dialog,,Shared Operational Home and Public Entry,"Triggered from a host screen action, row, button, or workflow state",Workflow-internal interaction,Shared Operational Home and Public Entry,ACTIVE,INTENTIONAL_DIALOG_OR_OVERLAY,INTENTIONALLY_HIDDEN_AND_GOVERNED,OVERLAY_OF:components/team/RemoveReasonDialog.jsx,MIGRATING,LEDGER_ONLY,Source-inventory overlay from components/team/RemoveReasonDialog.jsx. Explicit interaction subset separately recorded in WP16_OVERLAY_AND_INTERACTION_REGISTER.md (28 exercised/partially exercised/blocked interaction rows).,Workflow-internal surfaces accumulate silently when they are not inventoried alongside routed pages.,Dialog
OVERLAY-032,overlay_surface,NO,NO,NO,YES,Shared Operational Home and Public Entry,components/ui/command.jsx,,Dialog_surface,Dialog,,Shared Operational Home and Public Entry,"Triggered from a host screen action, row, button, or workflow state",Workflow-internal interaction,Shared Operational Home and Public Entry,ACTIVE,INTENTIONAL_DIALOG_OR_OVERLAY,INTENTIONALLY_HIDDEN_AND_GOVERNED,OVERLAY_OF:components/ui/command.jsx,MIGRATING,LEDGER_ONLY,Source-inventory overlay from components/ui/command.jsx. Explicit interaction subset separately recorded in WP16_OVERLAY_AND_INTERACTION_REGISTER.md (28 exercised/partially exercised/blocked interaction rows).,Workflow-internal surfaces accumulate silently when they are not inventoried alongside routed pages.,Dialog
OVERLAY-033,overlay_surface,NO,NO,NO,YES,Shared Operational Home and Public Entry,components/ui/dialog.jsx,,Dialog_surface,Dialog,,Shared Operational Home and Public Entry,"Triggered from a host screen action, row, button, or workflow state",Workflow-internal interaction,Shared Operational Home and Public Entry,ACTIVE,INTENTIONAL_DIALOG_OR_OVERLAY,INTENTIONALLY_HIDDEN_AND_GOVERNED,OVERLAY_OF:components/ui/dialog.jsx,MIGRATING,LEDGER_ONLY,Source-inventory overlay from components/ui/dialog.jsx. Explicit interaction subset separately recorded in WP16_OVERLAY_AND_INTERACTION_REGISTER.md (28 exercised/partially exercised/blocked interaction rows).,Workflow-internal surfaces accumulate silently when they are not inventoried alongside routed pages.,Dialog
OVERLAY-034,overlay_surface,NO,NO,NO,YES,Shared Operational Home and Public Entry,index.js,,Dialog_surface,Dialog,,Shared Operational Home and Public Entry,"Triggered from a host screen action, row, button, or workflow state",Workflow-internal interaction,Shared Operational Home and Public Entry,ACTIVE,INTENTIONAL_DIALOG_OR_OVERLAY,INTENTIONALLY_HIDDEN_AND_GOVERNED,OVERLAY_OF:index.js,MIGRATING,LEDGER_ONLY,Source-inventory overlay from index.js. Explicit interaction subset separately recorded in WP16_OVERLAY_AND_INTERACTION_REGISTER.md (28 exercised/partially exercised/blocked interaction rows).,Workflow-internal surfaces accumulate silently when they are not inventoried alongside routed pages.,Dialog
OVERLAY-035,overlay_surface,NO,NO,NO,YES,Administration,pages/AdminLeadershipEquipment.jsx,,Dialog_surface,Dialog,,Administration,"Triggered from a host screen action, row, button, or workflow state",Workflow-internal interaction,Administration,ACTIVE,INTENTIONAL_DIALOG_OR_OVERLAY,INTENTIONALLY_HIDDEN_AND_GOVERNED,OVERLAY_OF:pages/AdminLeadershipEquipment.jsx,IMPLEMENTED,LEDGER_ONLY,Source-inventory overlay from pages/AdminLeadershipEquipment.jsx. Explicit interaction subset separately recorded in WP16_OVERLAY_AND_INTERACTION_REGISTER.md (28 exercised/partially exercised/blocked interaction rows).,Workflow-internal surfaces accumulate silently when they are not inventoried alongside routed pages.,Dialog
OVERLAY-036,overlay_surface,NO,NO,NO,YES,Administration,pages/AdminLegacyImports.jsx,,Dialog_surface,Dialog,,Administration,"Triggered from a host screen action, row, button, or workflow state",Workflow-internal interaction,Administration,ACTIVE,INTENTIONAL_DIALOG_OR_OVERLAY,INTENTIONALLY_HIDDEN_AND_GOVERNED,OVERLAY_OF:pages/AdminLegacyImports.jsx,IMPLEMENTED,LEDGER_ONLY,Source-inventory overlay from pages/AdminLegacyImports.jsx. Explicit interaction subset separately recorded in WP16_OVERLAY_AND_INTERACTION_REGISTER.md (28 exercised/partially exercised/blocked interaction rows).,Workflow-internal surfaces accumulate silently when they are not inventoried alongside routed pages.,Dialog
OVERLAY-037,overlay_surface,NO,NO,NO,YES,Shared Operational Home and Public Entry,pages/DocumentExpirations.jsx,,Dialog_surface,Dialog,,Shared Operational Home and Public Entry,"Triggered from a host screen action, row, button, or workflow state",Workflow-internal interaction,Shared Operational Home and Public Entry,ACTIVE,INTENTIONAL_DIALOG_OR_OVERLAY,INTENTIONALLY_HIDDEN_AND_GOVERNED,OVERLAY_OF:pages/DocumentExpirations.jsx,MIGRATING,LEDGER_ONLY,Source-inventory overlay from pages/DocumentExpirations.jsx. Explicit interaction subset separately recorded in WP16_OVERLAY_AND_INTERACTION_REGISTER.md (28 exercised/partially exercised/blocked interaction rows).,Workflow-internal surfaces accumulate silently when they are not inventoried alongside routed pages.,Dialog
OVERLAY-038,overlay_surface,NO,NO,NO,YES,Field Leadership,pages/FieldLeadershipPortalLogin.jsx,,Dialog_surface,Dialog,,Field Leadership,"Triggered from a host screen action, row, button, or workflow state",Workflow-internal interaction,Field Leadership,ACTIVE,INTENTIONAL_DIALOG_OR_OVERLAY,INTENTIONALLY_HIDDEN_AND_GOVERNED,OVERLAY_OF:pages/FieldLeadershipPortalLogin.jsx,IMPLEMENTED,LEDGER_ONLY,Source-inventory overlay from pages/FieldLeadershipPortalLogin.jsx. Explicit interaction subset separately recorded in WP16_OVERLAY_AND_INTERACTION_REGISTER.md (28 exercised/partially exercised/blocked interaction rows).,Workflow-internal surfaces accumulate silently when they are not inventoried alongside routed pages.,Dialog
OVERLAY-039,overlay_surface,NO,NO,NO,YES,Safety Operations,pages/FieldSafetyCards.jsx,,Dialog_surface,Dialog,,Safety Operations,"Triggered from a host screen action, row, button, or workflow state",Workflow-internal interaction,Safety Operations,ACTIVE,INTENTIONAL_DIALOG_OR_OVERLAY,INTENTIONALLY_HIDDEN_AND_GOVERNED,OVERLAY_OF:pages/FieldSafetyCards.jsx,IMPLEMENTED,LEDGER_ONLY,Source-inventory overlay from pages/FieldSafetyCards.jsx. Explicit interaction subset separately recorded in WP16_OVERLAY_AND_INTERACTION_REGISTER.md (28 exercised/partially exercised/blocked interaction rows).,Workflow-internal surfaces accumulate silently when they are not inventoried alongside routed pages.,Dialog
OVERLAY-040,overlay_surface,NO,NO,NO,YES,Human Resources,pages/HrEmployeeRequestsQueue.jsx,,Dialog_surface,Dialog,,Human Resources,"Triggered from a host screen action, row, button, or workflow state",Workflow-internal interaction,Human Resources,ACTIVE,INTENTIONAL_DIALOG_OR_OVERLAY,INTENTIONALLY_HIDDEN_AND_GOVERNED,OVERLAY_OF:pages/HrEmployeeRequestsQueue.jsx,MIGRATING,LEDGER_ONLY,Source-inventory overlay from pages/HrEmployeeRequestsQueue.jsx. Explicit interaction subset separately recorded in WP16_OVERLAY_AND_INTERACTION_REGISTER.md (28 exercised/partially exercised/blocked interaction rows).,Workflow-internal surfaces accumulate silently when they are not inventoried alongside routed pages.,Dialog
OVERLAY-041,overlay_surface,NO,NO,NO,YES,Human Resources,pages/HrEmployees.jsx,,Dialog_surface,Dialog,,Human Resources,"Triggered from a host screen action, row, button, or workflow state",Workflow-internal interaction,Human Resources,ACTIVE,INTENTIONAL_DIALOG_OR_OVERLAY,INTENTIONALLY_HIDDEN_AND_GOVERNED,OVERLAY_OF:pages/HrEmployees.jsx,MIGRATING,LEDGER_ONLY,Source-inventory overlay from pages/HrEmployees.jsx. Explicit interaction subset separately recorded in WP16_OVERLAY_AND_INTERACTION_REGISTER.md (28 exercised/partially exercised/blocked interaction rows).,Workflow-internal surfaces accumulate silently when they are not inventoried alongside routed pages.,Dialog
OVERLAY-042,overlay_surface,NO,NO,NO,YES,Human Resources,pages/HrLogin.jsx,,Dialog_surface,Dialog,,Human Resources,"Triggered from a host screen action, row, button, or workflow state",Workflow-internal interaction,Human Resources,ACTIVE,INTENTIONAL_DIALOG_OR_OVERLAY,INTENTIONALLY_HIDDEN_AND_GOVERNED,OVERLAY_OF:pages/HrLogin.jsx,MIGRATING,LEDGER_ONLY,Source-inventory overlay from pages/HrLogin.jsx. Explicit interaction subset separately recorded in WP16_OVERLAY_AND_INTERACTION_REGISTER.md (28 exercised/partially exercised/blocked interaction rows).,Workflow-internal surfaces accumulate silently when they are not inventoried alongside routed pages.,Dialog
OVERLAY-043,overlay_surface,NO,NO,NO,YES,Human Resources,pages/HrTimeOff.jsx,,Dialog_surface,Dialog,,Human Resources,"Triggered from a host screen action, row, button, or workflow state",Workflow-internal interaction,Human Resources,ACTIVE,INTENTIONAL_DIALOG_OR_OVERLAY,INTENTIONALLY_HIDDEN_AND_GOVERNED,OVERLAY_OF:pages/HrTimeOff.jsx,MIGRATING,LEDGER_ONLY,Source-inventory overlay from pages/HrTimeOff.jsx. Explicit interaction subset separately recorded in WP16_OVERLAY_AND_INTERACTION_REGISTER.md (28 exercised/partially exercised/blocked interaction rows).,Workflow-internal surfaces accumulate silently when they are not inventoried alongside routed pages.,Dialog
OVERLAY-044,overlay_surface,NO,NO,NO,YES,Shared Operational Home and Public Entry,pages/PmLogin.jsx,,Dialog_surface,Dialog,,Shared Operational Home and Public Entry,"Triggered from a host screen action, row, button, or workflow state",Workflow-internal interaction,Shared Operational Home and Public Entry,ACTIVE,INTENTIONAL_DIALOG_OR_OVERLAY,INTENTIONALLY_HIDDEN_AND_GOVERNED,OVERLAY_OF:pages/PmLogin.jsx,MIGRATING,LEDGER_ONLY,Source-inventory overlay from pages/PmLogin.jsx. Explicit interaction subset separately recorded in WP16_OVERLAY_AND_INTERACTION_REGISTER.md (28 exercised/partially exercised/blocked interaction rows).,Workflow-internal surfaces accumulate silently when they are not inventoried alongside routed pages.,Dialog
OVERLAY-045,overlay_surface,NO,NO,NO,YES,Shared Operational Home and Public Entry,pages/PoRequests.jsx,,Dialog_surface,Dialog,,Shared Operational Home and Public Entry,"Triggered from a host screen action, row, button, or workflow state",Workflow-internal interaction,Shared Operational Home and Public Entry,ACTIVE,INTENTIONAL_DIALOG_OR_OVERLAY,INTENTIONALLY_HIDDEN_AND_GOVERNED,OVERLAY_OF:pages/PoRequests.jsx,MIGRATING,LEDGER_ONLY,Source-inventory overlay from pages/PoRequests.jsx. Explicit interaction subset separately recorded in WP16_OVERLAY_AND_INTERACTION_REGISTER.md (28 exercised/partially exercised/blocked interaction rows).,Workflow-internal surfaces accumulate silently when they are not inventoried alongside routed pages.,Dialog
OVERLAY-046,overlay_surface,NO,NO,NO,YES,Safety Operations,pages/SafetyCorrectiveActions.jsx,,Dialog_surface,Dialog,,Safety Operations,"Triggered from a host screen action, row, button, or workflow state",Workflow-internal interaction,Safety Operations,ACTIVE,INTENTIONAL_DIALOG_OR_OVERLAY,INTENTIONALLY_HIDDEN_AND_GOVERNED,OVERLAY_OF:pages/SafetyCorrectiveActions.jsx,IMPLEMENTED,LEDGER_ONLY,Source-inventory overlay from pages/SafetyCorrectiveActions.jsx. Explicit interaction subset separately recorded in WP16_OVERLAY_AND_INTERACTION_REGISTER.md (28 exercised/partially exercised/blocked interaction rows).,Workflow-internal surfaces accumulate silently when they are not inventoried alongside routed pages.,Dialog
OVERLAY-047,overlay_surface,NO,NO,NO,YES,Safety Operations,pages/SafetyDocuments.jsx,,Dialog_surface,Dialog,,Safety Operations,"Triggered from a host screen action, row, button, or workflow state",Workflow-internal interaction,Safety Operations,ACTIVE,INTENTIONAL_DIALOG_OR_OVERLAY,INTENTIONALLY_HIDDEN_AND_GOVERNED,OVERLAY_OF:pages/SafetyDocuments.jsx,IMPLEMENTED,LEDGER_ONLY,Source-inventory overlay from pages/SafetyDocuments.jsx. Explicit interaction subset separately recorded in WP16_OVERLAY_AND_INTERACTION_REGISTER.md (28 exercised/partially exercised/blocked interaction rows).,Workflow-internal surfaces accumulate silently when they are not inventoried alongside routed pages.,Dialog
OVERLAY-048,overlay_surface,NO,NO,NO,YES,Safety Operations,pages/SafetyFireExtinguishers.jsx,,Dialog_surface,Dialog,,Safety Operations,"Triggered from a host screen action, row, button, or workflow state",Workflow-internal interaction,Safety Operations,ACTIVE,INTENTIONAL_DIALOG_OR_OVERLAY,INTENTIONALLY_HIDDEN_AND_GOVERNED,OVERLAY_OF:pages/SafetyFireExtinguishers.jsx,IMPLEMENTED,LEDGER_ONLY,Source-inventory overlay from pages/SafetyFireExtinguishers.jsx. Explicit interaction subset separately recorded in WP16_OVERLAY_AND_INTERACTION_REGISTER.md (28 exercised/partially exercised/blocked interaction rows).,Workflow-internal surfaces accumulate silently when they are not inventoried alongside routed pages.,Dialog
OVERLAY-049,overlay_surface,NO,NO,NO,YES,Safety Operations,pages/SafetyTopicLibrary.jsx,,Dialog_surface,Dialog,,Safety Operations,"Triggered from a host screen action, row, button, or workflow state",Workflow-internal interaction,Safety Operations,ACTIVE,INTENTIONAL_DIALOG_OR_OVERLAY,INTENTIONALLY_HIDDEN_AND_GOVERNED,OVERLAY_OF:pages/SafetyTopicLibrary.jsx,IMPLEMENTED,LEDGER_ONLY,Source-inventory overlay from pages/SafetyTopicLibrary.jsx. Explicit interaction subset separately recorded in WP16_OVERLAY_AND_INTERACTION_REGISTER.md (28 exercised/partially exercised/blocked interaction rows).,Workflow-internal surfaces accumulate silently when they are not inventoried alongside routed pages.,Dialog
OVERLAY-050,overlay_surface,NO,NO,NO,YES,Safety Operations,pages/SafetyTrainingRecords.jsx,,Dialog_surface,Dialog,,Safety Operations,"Triggered from a host screen action, row, button, or workflow state",Workflow-internal interaction,Safety Operations,ACTIVE,INTENTIONAL_DIALOG_OR_OVERLAY,INTENTIONALLY_HIDDEN_AND_GOVERNED,OVERLAY_OF:pages/SafetyTrainingRecords.jsx,IMPLEMENTED,LEDGER_ONLY,Source-inventory overlay from pages/SafetyTrainingRecords.jsx. Explicit interaction subset separately recorded in WP16_OVERLAY_AND_INTERACTION_REGISTER.md (28 exercised/partially exercised/blocked interaction rows).,Workflow-internal surfaces accumulate silently when they are not inventoried alongside routed pages.,Dialog
OVERLAY-051,overlay_surface,NO,NO,NO,YES,Shop Operations,pages/ShopLogin.jsx,,Dialog_surface,Dialog,,Shop Operations,"Triggered from a host screen action, row, button, or workflow state",Workflow-internal interaction,Shop Operations,ACTIVE,INTENTIONAL_DIALOG_OR_OVERLAY,INTENTIONALLY_HIDDEN_AND_GOVERNED,OVERLAY_OF:pages/ShopLogin.jsx,IMPLEMENTED,LEDGER_ONLY,Source-inventory overlay from pages/ShopLogin.jsx. Explicit interaction subset separately recorded in WP16_OVERLAY_AND_INTERACTION_REGISTER.md (28 exercised/partially exercised/blocked interaction rows).,Workflow-internal surfaces accumulate silently when they are not inventoried alongside routed pages.,Dialog
OVERLAY-052,overlay_surface,NO,NO,NO,YES,Administration,pages/TrenchBoxesAdmin.jsx,,Dialog_surface,Dialog,,Administration,"Triggered from a host screen action, row, button, or workflow state",Workflow-internal interaction,Administration,ACTIVE,INTENTIONAL_DIALOG_OR_OVERLAY,INTENTIONALLY_HIDDEN_AND_GOVERNED,OVERLAY_OF:pages/TrenchBoxesAdmin.jsx,IMPLEMENTED,LEDGER_ONLY,Source-inventory overlay from pages/TrenchBoxesAdmin.jsx. Explicit interaction subset separately recorded in WP16_OVERLAY_AND_INTERACTION_REGISTER.md (28 exercised/partially exercised/blocked interaction rows).,Workflow-internal surfaces accumulate silently when they are not inventoried alongside routed pages.,Dialog
OVERLAY-053,overlay_surface,NO,NO,NO,YES,Administration,pages/admin/AdminComplianceFindings.jsx,,Dialog_surface,Dialog,,Administration,"Triggered from a host screen action, row, button, or workflow state",Workflow-internal interaction,Administration,ACTIVE,INTENTIONAL_DIALOG_OR_OVERLAY,INTENTIONALLY_HIDDEN_AND_GOVERNED,OVERLAY_OF:pages/admin/AdminComplianceFindings.jsx,IMPLEMENTED,LEDGER_ONLY,Source-inventory overlay from pages/admin/AdminComplianceFindings.jsx. Explicit interaction subset separately recorded in WP16_OVERLAY_AND_INTERACTION_REGISTER.md (28 exercised/partially exercised/blocked interaction rows).,Workflow-internal surfaces accumulate silently when they are not inventoried alongside routed pages.,Dialog
OVERLAY-054,overlay_surface,NO,NO,NO,YES,Administration,pages/admin/AdminDispatch.jsx,,Dialog_surface,Dialog,,Administration,"Triggered from a host screen action, row, button, or workflow state",Workflow-internal interaction,Administration,ACTIVE,INTENTIONAL_DIALOG_OR_OVERLAY,INTENTIONALLY_HIDDEN_AND_GOVERNED,OVERLAY_OF:pages/admin/AdminDispatch.jsx,IMPLEMENTED,LEDGER_ONLY,Source-inventory overlay from pages/admin/AdminDispatch.jsx. Explicit interaction subset separately recorded in WP16_OVERLAY_AND_INTERACTION_REGISTER.md (28 exercised/partially exercised/blocked interaction rows).,Workflow-internal surfaces accumulate silently when they are not inventoried alongside routed pages.,Dialog
OVERLAY-055,overlay_surface,NO,NO,NO,YES,Administration,pages/admin/AdminIntegrationCenter.jsx,,Dialog_surface,Dialog,,Administration,"Triggered from a host screen action, row, button, or workflow state",Workflow-internal interaction,Administration,ACTIVE,INTENTIONAL_DIALOG_OR_OVERLAY,INTENTIONALLY_HIDDEN_AND_GOVERNED,OVERLAY_OF:pages/admin/AdminIntegrationCenter.jsx,IMPLEMENTED,LEDGER_ONLY,Source-inventory overlay from pages/admin/AdminIntegrationCenter.jsx. Explicit interaction subset separately recorded in WP16_OVERLAY_AND_INTERACTION_REGISTER.md (28 exercised/partially exercised/blocked interaction rows).,Workflow-internal surfaces accumulate silently when they are not inventoried alongside routed pages.,Dialog
OVERLAY-056,overlay_surface,NO,NO,NO,YES,Administration,pages/admin/AdminPromoAssets.jsx,,Dialog_surface,Dialog,,Administration,"Triggered from a host screen action, row, button, or workflow state",Workflow-internal interaction,Administration,ACTIVE,INTENTIONAL_DIALOG_OR_OVERLAY,INTENTIONALLY_HIDDEN_AND_GOVERNED,OVERLAY_OF:pages/admin/AdminPromoAssets.jsx,IMPLEMENTED,LEDGER_ONLY,Source-inventory overlay from pages/admin/AdminPromoAssets.jsx. Explicit interaction subset separately recorded in WP16_OVERLAY_AND_INTERACTION_REGISTER.md (28 exercised/partially exercised/blocked interaction rows).,Workflow-internal surfaces accumulate silently when they are not inventoried alongside routed pages.,Dialog
OVERLAY-057,overlay_surface,NO,NO,NO,YES,Shared Operational Home and Public Entry,pages/transportation/_widgets.jsx,,Dialog_surface,Dialog,,Shared Operational Home and Public Entry,"Triggered from a host screen action, row, button, or workflow state",Workflow-internal interaction,Shared Operational Home and Public Entry,ACTIVE,INTENTIONAL_DIALOG_OR_OVERLAY,INTENTIONALLY_HIDDEN_AND_GOVERNED,OVERLAY_OF:pages/transportation/_widgets.jsx,MIGRATING,LEDGER_ONLY,Source-inventory overlay from pages/transportation/_widgets.jsx. Explicit interaction subset separately recorded in WP16_OVERLAY_AND_INTERACTION_REGISTER.md (28 exercised/partially exercised/blocked interaction rows).,Workflow-internal surfaces accumulate silently when they are not inventoried alongside routed pages.,Dialog
OVERLAY-058,overlay_surface,NO,NO,NO,YES,Shared Operational Home and Public Entry,pages/trench_safety/ExcavationOversight.jsx,,Dialog_surface,Dialog,,Shared Operational Home and Public Entry,"Triggered from a host screen action, row, button, or workflow state",Workflow-internal interaction,Shared Operational Home and Public Entry,ACTIVE,INTENTIONAL_DIALOG_OR_OVERLAY,INTENTIONALLY_HIDDEN_AND_GOVERNED,OVERLAY_OF:pages/trench_safety/ExcavationOversight.jsx,MIGRATING,LEDGER_ONLY,Source-inventory overlay from pages/trench_safety/ExcavationOversight.jsx. Explicit interaction subset separately recorded in WP16_OVERLAY_AND_INTERACTION_REGISTER.md (28 exercised/partially exercised/blocked interaction rows).,Workflow-internal surfaces accumulate silently when they are not inventoried alongside routed pages.,Dialog
OVERLAY-059,overlay_surface,NO,NO,NO,YES,Safety Operations,pages/trench_safety/TrenchSafetyActions.jsx,,Dialog_surface,Dialog,,Safety Operations,"Triggered from a host screen action, row, button, or workflow state",Workflow-internal interaction,Safety Operations,ACTIVE,INTENTIONAL_DIALOG_OR_OVERLAY,INTENTIONALLY_HIDDEN_AND_GOVERNED,OVERLAY_OF:pages/trench_safety/TrenchSafetyActions.jsx,IMPLEMENTED,LEDGER_ONLY,Source-inventory overlay from pages/trench_safety/TrenchSafetyActions.jsx. Explicit interaction subset separately recorded in WP16_OVERLAY_AND_INTERACTION_REGISTER.md (28 exercised/partially exercised/blocked interaction rows).,Workflow-internal surfaces accumulate silently when they are not inventoried alongside routed pages.,Dialog
OVERLAY-060,overlay_surface,NO,NO,NO,YES,Safety Operations,pages/trench_safety/TrenchSafetyAssignDialogs.jsx,,Dialog_surface,Dialog,,Safety Operations,"Triggered from a host screen action, row, button, or workflow state",Workflow-internal interaction,Safety Operations,ACTIVE,INTENTIONAL_DIALOG_OR_OVERLAY,INTENTIONALLY_HIDDEN_AND_GOVERNED,OVERLAY_OF:pages/trench_safety/TrenchSafetyAssignDialogs.jsx,IMPLEMENTED,LEDGER_ONLY,Source-inventory overlay from pages/trench_safety/TrenchSafetyAssignDialogs.jsx. Explicit interaction subset separately recorded in WP16_OVERLAY_AND_INTERACTION_REGISTER.md (28 exercised/partially exercised/blocked interaction rows).,Workflow-internal surfaces accumulate silently when they are not inventoried alongside routed pages.,Dialog
OVERLAY-061,overlay_surface,NO,NO,NO,YES,Safety Operations,pages/trench_safety/TrenchSafetyOpsCenter.jsx,,Dialog_surface,Dialog,,Safety Operations,"Triggered from a host screen action, row, button, or workflow state",Workflow-internal interaction,Safety Operations,ACTIVE,INTENTIONAL_DIALOG_OR_OVERLAY,INTENTIONALLY_HIDDEN_AND_GOVERNED,OVERLAY_OF:pages/trench_safety/TrenchSafetyOpsCenter.jsx,IMPLEMENTED,LEDGER_ONLY,Source-inventory overlay from pages/trench_safety/TrenchSafetyOpsCenter.jsx. Explicit interaction subset separately recorded in WP16_OVERLAY_AND_INTERACTION_REGISTER.md (28 exercised/partially exercised/blocked interaction rows).,Workflow-internal surfaces accumulate silently when they are not inventoried alongside routed pages.,Dialog
OVERLAY-062,overlay_surface,NO,NO,NO,YES,Safety Operations,pages/trench_safety/TrenchSafetyPolish.jsx,,Dialog_surface,Dialog,,Safety Operations,"Triggered from a host screen action, row, button, or workflow state",Workflow-internal interaction,Safety Operations,ACTIVE,INTENTIONAL_DIALOG_OR_OVERLAY,INTENTIONALLY_HIDDEN_AND_GOVERNED,OVERLAY_OF:pages/trench_safety/TrenchSafetyPolish.jsx,IMPLEMENTED,LEDGER_ONLY,Source-inventory overlay from pages/trench_safety/TrenchSafetyPolish.jsx. Explicit interaction subset separately recorded in WP16_OVERLAY_AND_INTERACTION_REGISTER.md (28 exercised/partially exercised/blocked interaction rows).,Workflow-internal surfaces accumulate silently when they are not inventoried alongside routed pages.,Dialog
OVERLAY-063,overlay_surface,NO,NO,NO,YES,Safety Operations,pages/trench_safety/TrenchSafetyPulse.jsx,,Dialog_surface,Dialog,,Safety Operations,"Triggered from a host screen action, row, button, or workflow state",Workflow-internal interaction,Safety Operations,ACTIVE,INTENTIONAL_DIALOG_OR_OVERLAY,INTENTIONALLY_HIDDEN_AND_GOVERNED,OVERLAY_OF:pages/trench_safety/TrenchSafetyPulse.jsx,IMPLEMENTED,LEDGER_ONLY,Source-inventory overlay from pages/trench_safety/TrenchSafetyPulse.jsx. Explicit interaction subset separately recorded in WP16_OVERLAY_AND_INTERACTION_REGISTER.md (28 exercised/partially exercised/blocked interaction rows).,Workflow-internal surfaces accumulate silently when they are not inventoried alongside routed pages.,Dialog
OVERLAY-064,overlay_surface,NO,NO,NO,YES,Safety Operations,pages/trench_safety/TrenchSafetyReportDistribution.jsx,,Dialog_surface,Dialog,,Safety Operations,"Triggered from a host screen action, row, button, or workflow state",Workflow-internal interaction,Safety Operations,ACTIVE,INTENTIONAL_DIALOG_OR_OVERLAY,INTENTIONALLY_HIDDEN_AND_GOVERNED,OVERLAY_OF:pages/trench_safety/TrenchSafetyReportDistribution.jsx,IMPLEMENTED,LEDGER_ONLY,Source-inventory overlay from pages/trench_safety/TrenchSafetyReportDistribution.jsx. Explicit interaction subset separately recorded in WP16_OVERLAY_AND_INTERACTION_REGISTER.md (28 exercised/partially exercised/blocked interaction rows).,Workflow-internal surfaces accumulate silently when they are not inventoried alongside routed pages.,Dialog
OVERLAY-065,overlay_surface,NO,NO,NO,YES,Shared Operational Home and Public Entry,components/ui/alert-dialog.jsx,,AlertDialog_surface,AlertDialog,,Shared Operational Home and Public Entry,"Triggered from a host screen action, row, button, or workflow state",Workflow-internal interaction,Shared Operational Home and Public Entry,ACTIVE,INTENTIONAL_DIALOG_OR_OVERLAY,INTENTIONALLY_HIDDEN_AND_GOVERNED,OVERLAY_OF:components/ui/alert-dialog.jsx,MIGRATING,LEDGER_ONLY,Source-inventory overlay from components/ui/alert-dialog.jsx. Explicit interaction subset separately recorded in WP16_OVERLAY_AND_INTERACTION_REGISTER.md (28 exercised/partially exercised/blocked interaction rows).,Workflow-internal surfaces accumulate silently when they are not inventoried alongside routed pages.,AlertDialog
OVERLAY-066,overlay_surface,NO,NO,NO,YES,Shared Operational Home and Public Entry,components/BannerAuditDialog.jsx,,Sheet_surface,Sheet,,Shared Operational Home and Public Entry,"Triggered from a host screen action, row, button, or workflow state",Workflow-internal interaction,Shared Operational Home and Public Entry,ACTIVE,INTENTIONAL_DIALOG_OR_OVERLAY,INTENTIONALLY_HIDDEN_AND_GOVERNED,OVERLAY_OF:components/BannerAuditDialog.jsx,MIGRATING,LEDGER_ONLY,Source-inventory overlay from components/BannerAuditDialog.jsx. Explicit interaction subset separately recorded in WP16_OVERLAY_AND_INTERACTION_REGISTER.md (28 exercised/partially exercised/blocked interaction rows).,Workflow-internal surfaces accumulate silently when they are not inventoried alongside routed pages.,Sheet
OVERLAY-067,overlay_surface,NO,NO,NO,YES,Shared Operational Home and Public Entry,components/CheatSheetCard.jsx,,Sheet_surface,Sheet,,Shared Operational Home and Public Entry,"Triggered from a host screen action, row, button, or workflow state",Workflow-internal interaction,Shared Operational Home and Public Entry,ACTIVE,INTENTIONAL_DIALOG_OR_OVERLAY,INTENTIONALLY_HIDDEN_AND_GOVERNED,OVERLAY_OF:components/CheatSheetCard.jsx,MIGRATING,LEDGER_ONLY,Source-inventory overlay from components/CheatSheetCard.jsx. Explicit interaction subset separately recorded in WP16_OVERLAY_AND_INTERACTION_REGISTER.md (28 exercised/partially exercised/blocked interaction rows).,Workflow-internal surfaces accumulate silently when they are not inventoried alongside routed pages.,Sheet
OVERLAY-068,overlay_surface,NO,NO,NO,YES,Shared Operational Home and Public Entry,components/NotificationBell.jsx,,Sheet_surface,Sheet,,Shared Operational Home and Public Entry,"Triggered from a host screen action, row, button, or workflow state",Workflow-internal interaction,Shared Operational Home and Public Entry,ACTIVE,INTENTIONAL_DIALOG_OR_OVERLAY,INTENTIONALLY_HIDDEN_AND_GOVERNED,OVERLAY_OF:components/NotificationBell.jsx,MIGRATING,LEDGER_ONLY,Source-inventory overlay from components/NotificationBell.jsx. Explicit interaction subset separately recorded in WP16_OVERLAY_AND_INTERACTION_REGISTER.md (28 exercised/partially exercised/blocked interaction rows).,Workflow-internal surfaces accumulate silently when they are not inventoried alongside routed pages.,Sheet
OVERLAY-069,overlay_surface,NO,NO,NO,YES,Shared Operational Home and Public Entry,components/PmShell.jsx,,Sheet_surface,Sheet,,Shared Operational Home and Public Entry,"Triggered from a host screen action, row, button, or workflow state",Workflow-internal interaction,Shared Operational Home and Public Entry,ACTIVE,INTENTIONAL_DIALOG_OR_OVERLAY,INTENTIONALLY_HIDDEN_AND_GOVERNED,OVERLAY_OF:components/PmShell.jsx,MIGRATING,LEDGER_ONLY,Source-inventory overlay from components/PmShell.jsx. Explicit interaction subset separately recorded in WP16_OVERLAY_AND_INTERACTION_REGISTER.md (28 exercised/partially exercised/blocked interaction rows).,Workflow-internal surfaces accumulate silently when they are not inventoried alongside routed pages.,Sheet
OVERLAY-070,overlay_surface,NO,NO,NO,YES,Shared Operational Home and Public Entry,components/SitePostersPanel.jsx,,Sheet_surface,Sheet,,Shared Operational Home and Public Entry,"Triggered from a host screen action, row, button, or workflow state",Workflow-internal interaction,Shared Operational Home and Public Entry,ACTIVE,INTENTIONAL_DIALOG_OR_OVERLAY,INTENTIONALLY_HIDDEN_AND_GOVERNED,OVERLAY_OF:components/SitePostersPanel.jsx,MIGRATING,LEDGER_ONLY,Source-inventory overlay from components/SitePostersPanel.jsx. Explicit interaction subset separately recorded in WP16_OVERLAY_AND_INTERACTION_REGISTER.md (28 exercised/partially exercised/blocked interaction rows).,Workflow-internal surfaces accumulate silently when they are not inventoried alongside routed pages.,Sheet
OVERLAY-071,overlay_surface,NO,NO,NO,YES,Shared Operational Home and Public Entry,components/admin/MaintainxDefectCoverageSection.jsx,,Sheet_surface,Sheet,,Shared Operational Home and Public Entry,"Triggered from a host screen action, row, button, or workflow state",Workflow-internal interaction,Shared Operational Home and Public Entry,ACTIVE,INTENTIONAL_DIALOG_OR_OVERLAY,INTENTIONALLY_HIDDEN_AND_GOVERNED,OVERLAY_OF:components/admin/MaintainxDefectCoverageSection.jsx,MIGRATING,LEDGER_ONLY,Source-inventory overlay from components/admin/MaintainxDefectCoverageSection.jsx. Explicit interaction subset separately recorded in WP16_OVERLAY_AND_INTERACTION_REGISTER.md (28 exercised/partially exercised/blocked interaction rows).,Workflow-internal surfaces accumulate silently when they are not inventoried alongside routed pages.,Sheet
OVERLAY-072,overlay_surface,NO,NO,NO,YES,Shared Operational Home and Public Entry,components/admin/trust/TrustPrimitives.jsx,,Sheet_surface,Sheet,,Shared Operational Home and Public Entry,"Triggered from a host screen action, row, button, or workflow state",Workflow-internal interaction,Shared Operational Home and Public Entry,ACTIVE,INTENTIONAL_DIALOG_OR_OVERLAY,INTENTIONALLY_HIDDEN_AND_GOVERNED,OVERLAY_OF:components/admin/trust/TrustPrimitives.jsx,MIGRATING,LEDGER_ONLY,Source-inventory overlay from components/admin/trust/TrustPrimitives.jsx. Explicit interaction subset separately recorded in WP16_OVERLAY_AND_INTERACTION_REGISTER.md (28 exercised/partially exercised/blocked interaction rows).,Workflow-internal surfaces accumulate silently when they are not inventoried alongside routed pages.,Sheet
OVERLAY-073,overlay_surface,NO,NO,NO,YES,Shared Operational Home and Public Entry,components/iam/IamUserDetailDrawer.jsx,,Sheet_surface,Sheet,,Shared Operational Home and Public Entry,"Triggered from a host screen action, row, button, or workflow state",Workflow-internal interaction,Shared Operational Home and Public Entry,ACTIVE,INTENTIONAL_DIALOG_OR_OVERLAY,INTENTIONALLY_HIDDEN_AND_GOVERNED,OVERLAY_OF:components/iam/IamUserDetailDrawer.jsx,MIGRATING,LEDGER_ONLY,Source-inventory overlay from components/iam/IamUserDetailDrawer.jsx. Explicit interaction subset separately recorded in WP16_OVERLAY_AND_INTERACTION_REGISTER.md (28 exercised/partially exercised/blocked interaction rows).,Workflow-internal surfaces accumulate silently when they are not inventoried alongside routed pages.,Sheet
OVERLAY-074,overlay_surface,NO,NO,NO,YES,Shared Operational Home and Public Entry,components/team/AssignmentHistoryDrawer.jsx,,Sheet_surface,Sheet,,Shared Operational Home and Public Entry,"Triggered from a host screen action, row, button, or workflow state",Workflow-internal interaction,Shared Operational Home and Public Entry,ACTIVE,INTENTIONAL_DIALOG_OR_OVERLAY,INTENTIONALLY_HIDDEN_AND_GOVERNED,OVERLAY_OF:components/team/AssignmentHistoryDrawer.jsx,MIGRATING,LEDGER_ONLY,Source-inventory overlay from components/team/AssignmentHistoryDrawer.jsx. Explicit interaction subset separately recorded in WP16_OVERLAY_AND_INTERACTION_REGISTER.md (28 exercised/partially exercised/blocked interaction rows).,Workflow-internal surfaces accumulate silently when they are not inventoried alongside routed pages.,Sheet
OVERLAY-075,overlay_surface,NO,NO,NO,YES,Shared Operational Home and Public Entry,components/ui/sheet.jsx,,Sheet_surface,Sheet,,Shared Operational Home and Public Entry,"Triggered from a host screen action, row, button, or workflow state",Workflow-internal interaction,Shared Operational Home and Public Entry,ACTIVE,INTENTIONAL_DIALOG_OR_OVERLAY,INTENTIONALLY_HIDDEN_AND_GOVERNED,OVERLAY_OF:components/ui/sheet.jsx,MIGRATING,LEDGER_ONLY,Source-inventory overlay from components/ui/sheet.jsx. Explicit interaction subset separately recorded in WP16_OVERLAY_AND_INTERACTION_REGISTER.md (28 exercised/partially exercised/blocked interaction rows).,Workflow-internal surfaces accumulate silently when they are not inventoried alongside routed pages.,Sheet
OVERLAY-076,overlay_surface,NO,NO,NO,YES,Shared Operational Home and Public Entry,data/training.js,,Sheet_surface,Sheet,,Shared Operational Home and Public Entry,"Triggered from a host screen action, row, button, or workflow state",Workflow-internal interaction,Shared Operational Home and Public Entry,ACTIVE,INTENTIONAL_DIALOG_OR_OVERLAY,INTENTIONALLY_HIDDEN_AND_GOVERNED,OVERLAY_OF:data/training.js,MIGRATING,LEDGER_ONLY,Source-inventory overlay from data/training.js. Explicit interaction subset separately recorded in WP16_OVERLAY_AND_INTERACTION_REGISTER.md (28 exercised/partially exercised/blocked interaction rows).,Workflow-internal surfaces accumulate silently when they are not inventoried alongside routed pages.,Sheet
OVERLAY-077,overlay_surface,NO,NO,NO,YES,Shared Operational Home and Public Entry,design-system/MobileNavigation.jsx,,Sheet_surface,Sheet,,Shared Operational Home and Public Entry,"Triggered from a host screen action, row, button, or workflow state",Workflow-internal interaction,Shared Operational Home and Public Entry,ACTIVE,INTENTIONAL_DIALOG_OR_OVERLAY,INTENTIONALLY_HIDDEN_AND_GOVERNED,OVERLAY_OF:design-system/MobileNavigation.jsx,MIGRATING,LEDGER_ONLY,Source-inventory overlay from design-system/MobileNavigation.jsx. Explicit interaction subset separately recorded in WP16_OVERLAY_AND_INTERACTION_REGISTER.md (28 exercised/partially exercised/blocked interaction rows).,Workflow-internal surfaces accumulate silently when they are not inventoried alongside routed pages.,Sheet
OVERLAY-078,overlay_surface,NO,NO,NO,YES,Shared Operational Home and Public Entry,index.js,,Sheet_surface,Sheet,,Shared Operational Home and Public Entry,"Triggered from a host screen action, row, button, or workflow state",Workflow-internal interaction,Shared Operational Home and Public Entry,ACTIVE,INTENTIONAL_DIALOG_OR_OVERLAY,INTENTIONALLY_HIDDEN_AND_GOVERNED,OVERLAY_OF:index.js,MIGRATING,LEDGER_ONLY,Source-inventory overlay from index.js. Explicit interaction subset separately recorded in WP16_OVERLAY_AND_INTERACTION_REGISTER.md (28 exercised/partially exercised/blocked interaction rows).,Workflow-internal surfaces accumulate silently when they are not inventoried alongside routed pages.,Sheet
OVERLAY-079,overlay_surface,NO,NO,NO,YES,Shared Operational Home and Public Entry,lib/i18n.js,,Sheet_surface,Sheet,,Shared Operational Home and Public Entry,"Triggered from a host screen action, row, button, or workflow state",Workflow-internal interaction,Shared Operational Home and Public Entry,ACTIVE,INTENTIONAL_DIALOG_OR_OVERLAY,INTENTIONALLY_HIDDEN_AND_GOVERNED,OVERLAY_OF:lib/i18n.js,MIGRATING,LEDGER_ONLY,Source-inventory overlay from lib/i18n.js. Explicit interaction subset separately recorded in WP16_OVERLAY_AND_INTERACTION_REGISTER.md (28 exercised/partially exercised/blocked interaction rows).,Workflow-internal surfaces accumulate silently when they are not inventoried alongside routed pages.,Sheet
OVERLAY-080,overlay_surface,NO,NO,NO,YES,Shared Operational Home and Public Entry,lib/tabulatedDataPrimer.js,,Sheet_surface,Sheet,,Shared Operational Home and Public Entry,"Triggered from a host screen action, row, button, or workflow state",Workflow-internal interaction,Shared Operational Home and Public Entry,ACTIVE,INTENTIONAL_DIALOG_OR_OVERLAY,INTENTIONALLY_HIDDEN_AND_GOVERNED,OVERLAY_OF:lib/tabulatedDataPrimer.js,MIGRATING,LEDGER_ONLY,Source-inventory overlay from lib/tabulatedDataPrimer.js. Explicit interaction subset separately recorded in WP16_OVERLAY_AND_INTERACTION_REGISTER.md (28 exercised/partially exercised/blocked interaction rows).,Workflow-internal surfaces accumulate silently when they are not inventoried alongside routed pages.,Sheet
OVERLAY-081,overlay_surface,NO,NO,NO,YES,Administration,pages/AdminAssetThread.jsx,,Sheet_surface,Sheet,,Administration,"Triggered from a host screen action, row, button, or workflow state",Workflow-internal interaction,Administration,ACTIVE,INTENTIONAL_DIALOG_OR_OVERLAY,INTENTIONALLY_HIDDEN_AND_GOVERNED,OVERLAY_OF:pages/AdminAssetThread.jsx,IMPLEMENTED,LEDGER_ONLY,Source-inventory overlay from pages/AdminAssetThread.jsx. Explicit interaction subset separately recorded in WP16_OVERLAY_AND_INTERACTION_REGISTER.md (28 exercised/partially exercised/blocked interaction rows).,Workflow-internal surfaces accumulate silently when they are not inventoried alongside routed pages.,Sheet
OVERLAY-082,overlay_surface,NO,NO,NO,YES,Administration,pages/AdminGuide.jsx,,Sheet_surface,Sheet,,Administration,"Triggered from a host screen action, row, button, or workflow state",Workflow-internal interaction,Administration,ACTIVE,INTENTIONAL_DIALOG_OR_OVERLAY,INTENTIONALLY_HIDDEN_AND_GOVERNED,OVERLAY_OF:pages/AdminGuide.jsx,IMPLEMENTED,LEDGER_ONLY,Source-inventory overlay from pages/AdminGuide.jsx. Explicit interaction subset separately recorded in WP16_OVERLAY_AND_INTERACTION_REGISTER.md (28 exercised/partially exercised/blocked interaction rows).,Workflow-internal surfaces accumulate silently when they are not inventoried alongside routed pages.,Sheet
OVERLAY-083,overlay_surface,NO,NO,NO,YES,Administration,pages/AdminVendorThread.jsx,,Sheet_surface,Sheet,,Administration,"Triggered from a host screen action, row, button, or workflow state",Workflow-internal interaction,Administration,ACTIVE,INTENTIONAL_DIALOG_OR_OVERLAY,INTENTIONALLY_HIDDEN_AND_GOVERNED,OVERLAY_OF:pages/AdminVendorThread.jsx,IMPLEMENTED,LEDGER_ONLY,Source-inventory overlay from pages/AdminVendorThread.jsx. Explicit interaction subset separately recorded in WP16_OVERLAY_AND_INTERACTION_REGISTER.md (28 exercised/partially exercised/blocked interaction rows).,Workflow-internal surfaces accumulate silently when they are not inventoried alongside routed pages.,Sheet
OVERLAY-084,overlay_surface,NO,NO,NO,YES,Shared Operational Home and Public Entry,pages/AllPostersPrint.jsx,,Sheet_surface,Sheet,,Shared Operational Home and Public Entry,"Triggered from a host screen action, row, button, or workflow state",Workflow-internal interaction,Shared Operational Home and Public Entry,ACTIVE,INTENTIONAL_DIALOG_OR_OVERLAY,INTENTIONALLY_HIDDEN_AND_GOVERNED,OVERLAY_OF:pages/AllPostersPrint.jsx,MIGRATING,LEDGER_ONLY,Source-inventory overlay from pages/AllPostersPrint.jsx. Explicit interaction subset separately recorded in WP16_OVERLAY_AND_INTERACTION_REGISTER.md (28 exercised/partially exercised/blocked interaction rows).,Workflow-internal surfaces accumulate silently when they are not inventoried alongside routed pages.,Sheet
OVERLAY-085,overlay_surface,NO,NO,NO,YES,Shared Operational Home and Public Entry,pages/CheatSheet.jsx,,Sheet_surface,Sheet,,Shared Operational Home and Public Entry,"Triggered from a host screen action, row, button, or workflow state",Workflow-internal interaction,Shared Operational Home and Public Entry,ACTIVE,INTENTIONAL_DIALOG_OR_OVERLAY,INTENTIONALLY_HIDDEN_AND_GOVERNED,OVERLAY_OF:pages/CheatSheet.jsx,MIGRATING,LEDGER_ONLY,Source-inventory overlay from pages/CheatSheet.jsx. Explicit interaction subset separately recorded in WP16_OVERLAY_AND_INTERACTION_REGISTER.md (28 exercised/partially exercised/blocked interaction rows).,Workflow-internal surfaces accumulate silently when they are not inventoried alongside routed pages.,Sheet
OVERLAY-086,overlay_surface,NO,NO,NO,YES,Field Leadership,pages/FieldLeadershipDriverQualification.jsx,,Sheet_surface,Sheet,,Field Leadership,"Triggered from a host screen action, row, button, or workflow state",Workflow-internal interaction,Field Leadership,ACTIVE,INTENTIONAL_DIALOG_OR_OVERLAY,INTENTIONALLY_HIDDEN_AND_GOVERNED,OVERLAY_OF:pages/FieldLeadershipDriverQualification.jsx,IMPLEMENTED,LEDGER_ONLY,Source-inventory overlay from pages/FieldLeadershipDriverQualification.jsx. Explicit interaction subset separately recorded in WP16_OVERLAY_AND_INTERACTION_REGISTER.md (28 exercised/partially exercised/blocked interaction rows).,Workflow-internal surfaces accumulate silently when they are not inventoried alongside routed pages.,Sheet
OVERLAY-087,overlay_surface,NO,NO,NO,YES,Human Resources,pages/HrEmployees.jsx,,Sheet_surface,Sheet,,Human Resources,"Triggered from a host screen action, row, button, or workflow state",Workflow-internal interaction,Human Resources,ACTIVE,INTENTIONAL_DIALOG_OR_OVERLAY,INTENTIONALLY_HIDDEN_AND_GOVERNED,OVERLAY_OF:pages/HrEmployees.jsx,MIGRATING,LEDGER_ONLY,Source-inventory overlay from pages/HrEmployees.jsx. Explicit interaction subset separately recorded in WP16_OVERLAY_AND_INTERACTION_REGISTER.md (28 exercised/partially exercised/blocked interaction rows).,Workflow-internal surfaces accumulate silently when they are not inventoried alongside routed pages.,Sheet
OVERLAY-088,overlay_surface,NO,NO,NO,YES,Shared Operational Home and Public Entry,pages/Hub.jsx,,Sheet_surface,Sheet,,Shared Operational Home and Public Entry,"Triggered from a host screen action, row, button, or workflow state",Workflow-internal interaction,Shared Operational Home and Public Entry,ACTIVE,INTENTIONAL_DIALOG_OR_OVERLAY,INTENTIONALLY_HIDDEN_AND_GOVERNED,OVERLAY_OF:pages/Hub.jsx,MIGRATING,LEDGER_ONLY,Source-inventory overlay from pages/Hub.jsx. Explicit interaction subset separately recorded in WP16_OVERLAY_AND_INTERACTION_REGISTER.md (28 exercised/partially exercised/blocked interaction rows).,Workflow-internal surfaces accumulate silently when they are not inventoried alongside routed pages.,Sheet
OVERLAY-089,overlay_surface,NO,NO,NO,YES,Shared Operational Home and Public Entry,pages/PoRequests.jsx,,Sheet_surface,Sheet,,Shared Operational Home and Public Entry,"Triggered from a host screen action, row, button, or workflow state",Workflow-internal interaction,Shared Operational Home and Public Entry,ACTIVE,INTENTIONAL_DIALOG_OR_OVERLAY,INTENTIONALLY_HIDDEN_AND_GOVERNED,OVERLAY_OF:pages/PoRequests.jsx,MIGRATING,LEDGER_ONLY,Source-inventory overlay from pages/PoRequests.jsx. Explicit interaction subset separately recorded in WP16_OVERLAY_AND_INTERACTION_REGISTER.md (28 exercised/partially exercised/blocked interaction rows).,Workflow-internal surfaces accumulate silently when they are not inventoried alongside routed pages.,Sheet
OVERLAY-090,overlay_surface,NO,NO,NO,YES,Safety Operations,pages/SafetyDocuments.jsx,,Sheet_surface,Sheet,,Safety Operations,"Triggered from a host screen action, row, button, or workflow state",Workflow-internal interaction,Safety Operations,ACTIVE,INTENTIONAL_DIALOG_OR_OVERLAY,INTENTIONALLY_HIDDEN_AND_GOVERNED,OVERLAY_OF:pages/SafetyDocuments.jsx,IMPLEMENTED,LEDGER_ONLY,Source-inventory overlay from pages/SafetyDocuments.jsx. Explicit interaction subset separately recorded in WP16_OVERLAY_AND_INTERACTION_REGISTER.md (28 exercised/partially exercised/blocked interaction rows).,Workflow-internal surfaces accumulate silently when they are not inventoried alongside routed pages.,Sheet
OVERLAY-091,overlay_surface,NO,NO,NO,YES,Shared Operational Home and Public Entry,pages/Tasks.jsx,,Sheet_surface,Sheet,,Shared Operational Home and Public Entry,"Triggered from a host screen action, row, button, or workflow state",Workflow-internal interaction,Shared Operational Home and Public Entry,ACTIVE,INTENTIONAL_DIALOG_OR_OVERLAY,INTENTIONALLY_HIDDEN_AND_GOVERNED,OVERLAY_OF:pages/Tasks.jsx,MIGRATING,LEDGER_ONLY,Source-inventory overlay from pages/Tasks.jsx. Explicit interaction subset separately recorded in WP16_OVERLAY_AND_INTERACTION_REGISTER.md (28 exercised/partially exercised/blocked interaction rows).,Workflow-internal surfaces accumulate silently when they are not inventoried alongside routed pages.,Sheet
OVERLAY-092,overlay_surface,NO,NO,NO,YES,Shared Operational Home and Public Entry,pages/TrainingTrack.jsx,,Sheet_surface,Sheet,,Shared Operational Home and Public Entry,"Triggered from a host screen action, row, button, or workflow state",Workflow-internal interaction,Shared Operational Home and Public Entry,ACTIVE,INTENTIONAL_DIALOG_OR_OVERLAY,INTENTIONALLY_HIDDEN_AND_GOVERNED,OVERLAY_OF:pages/TrainingTrack.jsx,MIGRATING,LEDGER_ONLY,Source-inventory overlay from pages/TrainingTrack.jsx. Explicit interaction subset separately recorded in WP16_OVERLAY_AND_INTERACTION_REGISTER.md (28 exercised/partially exercised/blocked interaction rows).,Workflow-internal surfaces accumulate silently when they are not inventoried alongside routed pages.,Sheet
OVERLAY-093,overlay_surface,NO,NO,NO,YES,Shared Operational Home and Public Entry,components/HelpDrawer.jsx,,Drawer_surface,Drawer,,Shared Operational Home and Public Entry,"Triggered from a host screen action, row, button, or workflow state",Workflow-internal interaction,Shared Operational Home and Public Entry,ACTIVE,INTENTIONAL_DIALOG_OR_OVERLAY,INTENTIONALLY_HIDDEN_AND_GOVERNED,OVERLAY_OF:components/HelpDrawer.jsx,MIGRATING,LEDGER_ONLY,Source-inventory overlay from components/HelpDrawer.jsx. Explicit interaction subset separately recorded in WP16_OVERLAY_AND_INTERACTION_REGISTER.md (28 exercised/partially exercised/blocked interaction rows).,Workflow-internal surfaces accumulate silently when they are not inventoried alongside routed pages.,Drawer
OVERLAY-094,overlay_surface,NO,NO,NO,YES,Shared Operational Home and Public Entry,components/admin/MaintainxDefectCoverageSection.jsx,,Drawer_surface,Drawer,,Shared Operational Home and Public Entry,"Triggered from a host screen action, row, button, or workflow state",Workflow-internal interaction,Shared Operational Home and Public Entry,ACTIVE,INTENTIONAL_DIALOG_OR_OVERLAY,INTENTIONALLY_HIDDEN_AND_GOVERNED,OVERLAY_OF:components/admin/MaintainxDefectCoverageSection.jsx,MIGRATING,LEDGER_ONLY,Source-inventory overlay from components/admin/MaintainxDefectCoverageSection.jsx. Explicit interaction subset separately recorded in WP16_OVERLAY_AND_INTERACTION_REGISTER.md (28 exercised/partially exercised/blocked interaction rows).,Workflow-internal surfaces accumulate silently when they are not inventoried alongside routed pages.,Drawer
OVERLAY-095,overlay_surface,NO,NO,NO,YES,Shared Operational Home and Public Entry,components/dispatch/AssignmentDrawer.jsx,,Drawer_surface,Drawer,,Shared Operational Home and Public Entry,"Triggered from a host screen action, row, button, or workflow state",Workflow-internal interaction,Shared Operational Home and Public Entry,ACTIVE,INTENTIONAL_DIALOG_OR_OVERLAY,INTENTIONALLY_HIDDEN_AND_GOVERNED,OVERLAY_OF:components/dispatch/AssignmentDrawer.jsx,MIGRATING,LEDGER_ONLY,Source-inventory overlay from components/dispatch/AssignmentDrawer.jsx. Explicit interaction subset separately recorded in WP16_OVERLAY_AND_INTERACTION_REGISTER.md (28 exercised/partially exercised/blocked interaction rows).,Workflow-internal surfaces accumulate silently when they are not inventoried alongside routed pages.,Drawer
OVERLAY-096,overlay_surface,NO,NO,NO,YES,Shared Operational Home and Public Entry,components/iam/IamStandardCells.jsx,,Drawer_surface,Drawer,,Shared Operational Home and Public Entry,"Triggered from a host screen action, row, button, or workflow state",Workflow-internal interaction,Shared Operational Home and Public Entry,ACTIVE,INTENTIONAL_DIALOG_OR_OVERLAY,INTENTIONALLY_HIDDEN_AND_GOVERNED,OVERLAY_OF:components/iam/IamStandardCells.jsx,MIGRATING,LEDGER_ONLY,Source-inventory overlay from components/iam/IamStandardCells.jsx. Explicit interaction subset separately recorded in WP16_OVERLAY_AND_INTERACTION_REGISTER.md (28 exercised/partially exercised/blocked interaction rows).,Workflow-internal surfaces accumulate silently when they are not inventoried alongside routed pages.,Drawer
OVERLAY-097,overlay_surface,NO,NO,NO,YES,Shared Operational Home and Public Entry,components/iam/IamUserDetailDrawer.jsx,,Drawer_surface,Drawer,,Shared Operational Home and Public Entry,"Triggered from a host screen action, row, button, or workflow state",Workflow-internal interaction,Shared Operational Home and Public Entry,ACTIVE,INTENTIONAL_DIALOG_OR_OVERLAY,INTENTIONALLY_HIDDEN_AND_GOVERNED,OVERLAY_OF:components/iam/IamUserDetailDrawer.jsx,MIGRATING,LEDGER_ONLY,Source-inventory overlay from components/iam/IamUserDetailDrawer.jsx. Explicit interaction subset separately recorded in WP16_OVERLAY_AND_INTERACTION_REGISTER.md (28 exercised/partially exercised/blocked interaction rows).,Workflow-internal surfaces accumulate silently when they are not inventoried alongside routed pages.,Drawer
OVERLAY-098,overlay_surface,NO,NO,NO,YES,Shared Operational Home and Public Entry,components/ui/drawer.jsx,,Drawer_surface,Drawer,,Shared Operational Home and Public Entry,"Triggered from a host screen action, row, button, or workflow state",Workflow-internal interaction,Shared Operational Home and Public Entry,ACTIVE,INTENTIONAL_DIALOG_OR_OVERLAY,INTENTIONALLY_HIDDEN_AND_GOVERNED,OVERLAY_OF:components/ui/drawer.jsx,MIGRATING,LEDGER_ONLY,Source-inventory overlay from components/ui/drawer.jsx. Explicit interaction subset separately recorded in WP16_OVERLAY_AND_INTERACTION_REGISTER.md (28 exercised/partially exercised/blocked interaction rows).,Workflow-internal surfaces accumulate silently when they are not inventoried alongside routed pages.,Drawer
OVERLAY-099,overlay_surface,NO,NO,NO,YES,Human Resources,pages/HrEmployees.jsx,,Drawer_surface,Drawer,,Human Resources,"Triggered from a host screen action, row, button, or workflow state",Workflow-internal interaction,Human Resources,ACTIVE,INTENTIONAL_DIALOG_OR_OVERLAY,INTENTIONALLY_HIDDEN_AND_GOVERNED,OVERLAY_OF:pages/HrEmployees.jsx,MIGRATING,LEDGER_ONLY,Source-inventory overlay from pages/HrEmployees.jsx. Explicit interaction subset separately recorded in WP16_OVERLAY_AND_INTERACTION_REGISTER.md (28 exercised/partially exercised/blocked interaction rows).,Workflow-internal surfaces accumulate silently when they are not inventoried alongside routed pages.,Drawer
OVERLAY-100,overlay_surface,NO,NO,NO,YES,Human Resources,pages/HrFieldLeadershipUsers.jsx,,Drawer_surface,Drawer,,Human Resources,"Triggered from a host screen action, row, button, or workflow state",Workflow-internal interaction,Human Resources,ACTIVE,INTENTIONAL_DIALOG_OR_OVERLAY,INTENTIONALLY_HIDDEN_AND_GOVERNED,OVERLAY_OF:pages/HrFieldLeadershipUsers.jsx,MIGRATING,LEDGER_ONLY,Source-inventory overlay from pages/HrFieldLeadershipUsers.jsx. Explicit interaction subset separately recorded in WP16_OVERLAY_AND_INTERACTION_REGISTER.md (28 exercised/partially exercised/blocked interaction rows).,Workflow-internal surfaces accumulate silently when they are not inventoried alongside routed pages.,Drawer
OVERLAY-101,overlay_surface,NO,NO,NO,YES,Shared Operational Home and Public Entry,pages/NewEquipmentInspection.jsx,,Drawer_surface,Drawer,,Shared Operational Home and Public Entry,"Triggered from a host screen action, row, button, or workflow state",Workflow-internal interaction,Shared Operational Home and Public Entry,ACTIVE,INTENTIONAL_DIALOG_OR_OVERLAY,INTENTIONALLY_HIDDEN_AND_GOVERNED,OVERLAY_OF:pages/NewEquipmentInspection.jsx,MIGRATING,LEDGER_ONLY,Source-inventory overlay from pages/NewEquipmentInspection.jsx. Explicit interaction subset separately recorded in WP16_OVERLAY_AND_INTERACTION_REGISTER.md (28 exercised/partially exercised/blocked interaction rows).,Workflow-internal surfaces accumulate silently when they are not inventoried alongside routed pages.,Drawer
OVERLAY-102,overlay_surface,NO,NO,NO,YES,Shared Operational Home and Public Entry,pages/Tasks.jsx,,Drawer_surface,Drawer,,Shared Operational Home and Public Entry,"Triggered from a host screen action, row, button, or workflow state",Workflow-internal interaction,Shared Operational Home and Public Entry,ACTIVE,INTENTIONAL_DIALOG_OR_OVERLAY,INTENTIONALLY_HIDDEN_AND_GOVERNED,OVERLAY_OF:pages/Tasks.jsx,MIGRATING,LEDGER_ONLY,Source-inventory overlay from pages/Tasks.jsx. Explicit interaction subset separately recorded in WP16_OVERLAY_AND_INTERACTION_REGISTER.md (28 exercised/partially exercised/blocked interaction rows).,Workflow-internal surfaces accumulate silently when they are not inventoried alongside routed pages.,Drawer
OVERLAY-103,overlay_surface,NO,NO,NO,YES,Administration,pages/admin/AdminPeople.jsx,,Drawer_surface,Drawer,,Administration,"Triggered from a host screen action, row, button, or workflow state",Workflow-internal interaction,Administration,ACTIVE,INTENTIONAL_DIALOG_OR_OVERLAY,INTENTIONALLY_HIDDEN_AND_GOVERNED,OVERLAY_OF:pages/admin/AdminPeople.jsx,IMPLEMENTED,LEDGER_ONLY,Source-inventory overlay from pages/admin/AdminPeople.jsx. Explicit interaction subset separately recorded in WP16_OVERLAY_AND_INTERACTION_REGISTER.md (28 exercised/partially exercised/blocked interaction rows).,Workflow-internal surfaces accumulate silently when they are not inventoried alongside routed pages.,Drawer
OVERLAY-104,overlay_surface,NO,NO,NO,YES,Shared Operational Home and Public Entry,components/JobPicker.jsx,,Popover_surface,Popover,,Shared Operational Home and Public Entry,"Triggered from a host screen action, row, button, or workflow state",Workflow-internal interaction,Shared Operational Home and Public Entry,ACTIVE,INTENTIONAL_DIALOG_OR_OVERLAY,INTENTIONALLY_HIDDEN_AND_GOVERNED,OVERLAY_OF:components/JobPicker.jsx,MIGRATING,LEDGER_ONLY,Source-inventory overlay from components/JobPicker.jsx. Explicit interaction subset separately recorded in WP16_OVERLAY_AND_INTERACTION_REGISTER.md (28 exercised/partially exercised/blocked interaction rows).,Workflow-internal surfaces accumulate silently when they are not inventoried alongside routed pages.,Popover
OVERLAY-105,overlay_surface,NO,NO,NO,YES,Shared Operational Home and Public Entry,components/TopicPicker.jsx,,Popover_surface,Popover,,Shared Operational Home and Public Entry,"Triggered from a host screen action, row, button, or workflow state",Workflow-internal interaction,Shared Operational Home and Public Entry,ACTIVE,INTENTIONAL_DIALOG_OR_OVERLAY,INTENTIONALLY_HIDDEN_AND_GOVERNED,OVERLAY_OF:components/TopicPicker.jsx,MIGRATING,LEDGER_ONLY,Source-inventory overlay from components/TopicPicker.jsx. Explicit interaction subset separately recorded in WP16_OVERLAY_AND_INTERACTION_REGISTER.md (28 exercised/partially exercised/blocked interaction rows).,Workflow-internal surfaces accumulate silently when they are not inventoried alongside routed pages.,Popover
OVERLAY-106,overlay_surface,NO,NO,NO,YES,Shared Operational Home and Public Entry,components/daily-report-v3/UnitCombo.jsx,,Popover_surface,Popover,,Shared Operational Home and Public Entry,"Triggered from a host screen action, row, button, or workflow state",Workflow-internal interaction,Shared Operational Home and Public Entry,ACTIVE,INTENTIONAL_DIALOG_OR_OVERLAY,INTENTIONALLY_HIDDEN_AND_GOVERNED,OVERLAY_OF:components/daily-report-v3/UnitCombo.jsx,MIGRATING,LEDGER_ONLY,Source-inventory overlay from components/daily-report-v3/UnitCombo.jsx. Explicit interaction subset separately recorded in WP16_OVERLAY_AND_INTERACTION_REGISTER.md (28 exercised/partially exercised/blocked interaction rows).,Workflow-internal surfaces accumulate silently when they are not inventoried alongside routed pages.,Popover
OVERLAY-107,overlay_surface,NO,NO,NO,YES,Shared Operational Home and Public Entry,components/team/JobTeamRosterPanel.jsx,,Popover_surface,Popover,,Shared Operational Home and Public Entry,"Triggered from a host screen action, row, button, or workflow state",Workflow-internal interaction,Shared Operational Home and Public Entry,ACTIVE,INTENTIONAL_DIALOG_OR_OVERLAY,INTENTIONALLY_HIDDEN_AND_GOVERNED,OVERLAY_OF:components/team/JobTeamRosterPanel.jsx,MIGRATING,LEDGER_ONLY,Source-inventory overlay from components/team/JobTeamRosterPanel.jsx. Explicit interaction subset separately recorded in WP16_OVERLAY_AND_INTERACTION_REGISTER.md (28 exercised/partially exercised/blocked interaction rows).,Workflow-internal surfaces accumulate silently when they are not inventoried alongside routed pages.,Popover
OVERLAY-108,overlay_surface,NO,NO,NO,YES,Shared Operational Home and Public Entry,components/trench/EmployeePicker.jsx,,Popover_surface,Popover,,Shared Operational Home and Public Entry,"Triggered from a host screen action, row, button, or workflow state",Workflow-internal interaction,Shared Operational Home and Public Entry,ACTIVE,INTENTIONAL_DIALOG_OR_OVERLAY,INTENTIONALLY_HIDDEN_AND_GOVERNED,OVERLAY_OF:components/trench/EmployeePicker.jsx,MIGRATING,LEDGER_ONLY,Source-inventory overlay from components/trench/EmployeePicker.jsx. Explicit interaction subset separately recorded in WP16_OVERLAY_AND_INTERACTION_REGISTER.md (28 exercised/partially exercised/blocked interaction rows).,Workflow-internal surfaces accumulate silently when they are not inventoried alongside routed pages.,Popover
OVERLAY-109,overlay_surface,NO,NO,NO,YES,Shared Operational Home and Public Entry,components/ui/HelpTip.jsx,,Popover_surface,Popover,,Shared Operational Home and Public Entry,"Triggered from a host screen action, row, button, or workflow state",Workflow-internal interaction,Shared Operational Home and Public Entry,ACTIVE,INTENTIONAL_DIALOG_OR_OVERLAY,INTENTIONALLY_HIDDEN_AND_GOVERNED,OVERLAY_OF:components/ui/HelpTip.jsx,MIGRATING,LEDGER_ONLY,Source-inventory overlay from components/ui/HelpTip.jsx. Explicit interaction subset separately recorded in WP16_OVERLAY_AND_INTERACTION_REGISTER.md (28 exercised/partially exercised/blocked interaction rows).,Workflow-internal surfaces accumulate silently when they are not inventoried alongside routed pages.,Popover
OVERLAY-110,overlay_surface,NO,NO,NO,YES,Shared Operational Home and Public Entry,components/ui/popover.jsx,,Popover_surface,Popover,,Shared Operational Home and Public Entry,"Triggered from a host screen action, row, button, or workflow state",Workflow-internal interaction,Shared Operational Home and Public Entry,ACTIVE,INTENTIONAL_DIALOG_OR_OVERLAY,INTENTIONALLY_HIDDEN_AND_GOVERNED,OVERLAY_OF:components/ui/popover.jsx,MIGRATING,LEDGER_ONLY,Source-inventory overlay from components/ui/popover.jsx. Explicit interaction subset separately recorded in WP16_OVERLAY_AND_INTERACTION_REGISTER.md (28 exercised/partially exercised/blocked interaction rows).,Workflow-internal surfaces accumulate silently when they are not inventoried alongside routed pages.,Popover
OVERLAY-111,overlay_surface,NO,NO,NO,YES,Shared Operational Home and Public Entry,design-system/PortalShell.jsx,,Popover_surface,Popover,,Shared Operational Home and Public Entry,"Triggered from a host screen action, row, button, or workflow state",Workflow-internal interaction,Shared Operational Home and Public Entry,ACTIVE,INTENTIONAL_DIALOG_OR_OVERLAY,INTENTIONALLY_HIDDEN_AND_GOVERNED,OVERLAY_OF:design-system/PortalShell.jsx,MIGRATING,LEDGER_ONLY,Source-inventory overlay from design-system/PortalShell.jsx. Explicit interaction subset separately recorded in WP16_OVERLAY_AND_INTERACTION_REGISTER.md (28 exercised/partially exercised/blocked interaction rows).,Workflow-internal surfaces accumulate silently when they are not inventoried alongside routed pages.,Popover
OVERLAY-112,overlay_surface,NO,NO,NO,YES,Shared Operational Home and Public Entry,design-system/responsive.jsx,,Popover_surface,Popover,,Shared Operational Home and Public Entry,"Triggered from a host screen action, row, button, or workflow state",Workflow-internal interaction,Shared Operational Home and Public Entry,ACTIVE,INTENTIONAL_DIALOG_OR_OVERLAY,INTENTIONALLY_HIDDEN_AND_GOVERNED,OVERLAY_OF:design-system/responsive.jsx,MIGRATING,LEDGER_ONLY,Source-inventory overlay from design-system/responsive.jsx. Explicit interaction subset separately recorded in WP16_OVERLAY_AND_INTERACTION_REGISTER.md (28 exercised/partially exercised/blocked interaction rows).,Workflow-internal surfaces accumulate silently when they are not inventoried alongside routed pages.,Popover
OVERLAY-113,overlay_surface,NO,NO,NO,YES,Administration,components/AdminSafetyFormsPanel.jsx,,Tabs_surface,Tabs,,Administration,"Triggered from a host screen action, row, button, or workflow state",Workflow-internal interaction,Administration,ACTIVE,INTENTIONAL_DIALOG_OR_OVERLAY,INTENTIONALLY_HIDDEN_AND_GOVERNED,OVERLAY_OF:components/AdminSafetyFormsPanel.jsx,IMPLEMENTED,LEDGER_ONLY,Source-inventory overlay from components/AdminSafetyFormsPanel.jsx. Explicit interaction subset separately recorded in WP16_OVERLAY_AND_INTERACTION_REGISTER.md (28 exercised/partially exercised/blocked interaction rows).,Workflow-internal surfaces accumulate silently when they are not inventoried alongside routed pages.,Tabs
OVERLAY-114,overlay_surface,NO,NO,NO,YES,Shared Operational Home and Public Entry,components/EquipmentTrendsPanel.jsx,,Tabs_surface,Tabs,,Shared Operational Home and Public Entry,"Triggered from a host screen action, row, button, or workflow state",Workflow-internal interaction,Shared Operational Home and Public Entry,ACTIVE,INTENTIONAL_DIALOG_OR_OVERLAY,INTENTIONALLY_HIDDEN_AND_GOVERNED,OVERLAY_OF:components/EquipmentTrendsPanel.jsx,MIGRATING,LEDGER_ONLY,Source-inventory overlay from components/EquipmentTrendsPanel.jsx. Explicit interaction subset separately recorded in WP16_OVERLAY_AND_INTERACTION_REGISTER.md (28 exercised/partially exercised/blocked interaction rows).,Workflow-internal surfaces accumulate silently when they are not inventoried alongside routed pages.,Tabs
OVERLAY-115,overlay_surface,NO,NO,NO,YES,Shared Operational Home and Public Entry,components/dispatch/command/CommunicationsTab.jsx,,Tabs_surface,Tabs,,Shared Operational Home and Public Entry,"Triggered from a host screen action, row, button, or workflow state",Workflow-internal interaction,Shared Operational Home and Public Entry,ACTIVE,INTENTIONAL_DIALOG_OR_OVERLAY,INTENTIONALLY_HIDDEN_AND_GOVERNED,OVERLAY_OF:components/dispatch/command/CommunicationsTab.jsx,MIGRATING,LEDGER_ONLY,Source-inventory overlay from components/dispatch/command/CommunicationsTab.jsx. Explicit interaction subset separately recorded in WP16_OVERLAY_AND_INTERACTION_REGISTER.md (28 exercised/partially exercised/blocked interaction rows).,Workflow-internal surfaces accumulate silently when they are not inventoried alongside routed pages.,Tabs
OVERLAY-116,overlay_surface,NO,NO,NO,YES,Shared Operational Home and Public Entry,components/ui/tabs.jsx,,Tabs_surface,Tabs,,Shared Operational Home and Public Entry,"Triggered from a host screen action, row, button, or workflow state",Workflow-internal interaction,Shared Operational Home and Public Entry,ACTIVE,INTENTIONAL_DIALOG_OR_OVERLAY,INTENTIONALLY_HIDDEN_AND_GOVERNED,OVERLAY_OF:components/ui/tabs.jsx,MIGRATING,LEDGER_ONLY,Source-inventory overlay from components/ui/tabs.jsx. Explicit interaction subset separately recorded in WP16_OVERLAY_AND_INTERACTION_REGISTER.md (28 exercised/partially exercised/blocked interaction rows).,Workflow-internal surfaces accumulate silently when they are not inventoried alongside routed pages.,Tabs
OVERLAY-117,overlay_surface,NO,NO,NO,YES,Shared Operational Home and Public Entry,lib/i18n.js,,Tabs_surface,Tabs,,Shared Operational Home and Public Entry,"Triggered from a host screen action, row, button, or workflow state",Workflow-internal interaction,Shared Operational Home and Public Entry,ACTIVE,INTENTIONAL_DIALOG_OR_OVERLAY,INTENTIONALLY_HIDDEN_AND_GOVERNED,OVERLAY_OF:lib/i18n.js,MIGRATING,LEDGER_ONLY,Source-inventory overlay from lib/i18n.js. Explicit interaction subset separately recorded in WP16_OVERLAY_AND_INTERACTION_REGISTER.md (28 exercised/partially exercised/blocked interaction rows).,Workflow-internal surfaces accumulate silently when they are not inventoried alongside routed pages.,Tabs
OVERLAY-118,overlay_surface,NO,NO,NO,YES,Administration,pages/AdminGuide.jsx,,Tabs_surface,Tabs,,Administration,"Triggered from a host screen action, row, button, or workflow state",Workflow-internal interaction,Administration,ACTIVE,INTENTIONAL_DIALOG_OR_OVERLAY,INTENTIONALLY_HIDDEN_AND_GOVERNED,OVERLAY_OF:pages/AdminGuide.jsx,IMPLEMENTED,LEDGER_ONLY,Source-inventory overlay from pages/AdminGuide.jsx. Explicit interaction subset separately recorded in WP16_OVERLAY_AND_INTERACTION_REGISTER.md (28 exercised/partially exercised/blocked interaction rows).,Workflow-internal surfaces accumulate silently when they are not inventoried alongside routed pages.,Tabs
OVERLAY-119,overlay_surface,NO,NO,NO,YES,Dispatch Operations,pages/DispatchCommandCenter.jsx,,Tabs_surface,Tabs,,Dispatch Operations,"Triggered from a host screen action, row, button, or workflow state",Workflow-internal interaction,Dispatch Operations,ACTIVE,INTENTIONAL_DIALOG_OR_OVERLAY,INTENTIONALLY_HIDDEN_AND_GOVERNED,OVERLAY_OF:pages/DispatchCommandCenter.jsx,IMPLEMENTED,LEDGER_ONLY,Source-inventory overlay from pages/DispatchCommandCenter.jsx. Explicit interaction subset separately recorded in WP16_OVERLAY_AND_INTERACTION_REGISTER.md (28 exercised/partially exercised/blocked interaction rows).,Workflow-internal surfaces accumulate silently when they are not inventoried alongside routed pages.,Tabs
OVERLAY-120,overlay_surface,NO,NO,NO,YES,Dispatch Operations,pages/DispatchHub.jsx,,Tabs_surface,Tabs,,Dispatch Operations,"Triggered from a host screen action, row, button, or workflow state",Workflow-internal interaction,Dispatch Operations,ACTIVE,INTENTIONAL_DIALOG_OR_OVERLAY,INTENTIONALLY_HIDDEN_AND_GOVERNED,OVERLAY_OF:pages/DispatchHub.jsx,IMPLEMENTED,LEDGER_ONLY,Source-inventory overlay from pages/DispatchHub.jsx. Explicit interaction subset separately recorded in WP16_OVERLAY_AND_INTERACTION_REGISTER.md (28 exercised/partially exercised/blocked interaction rows).,Workflow-internal surfaces accumulate silently when they are not inventoried alongside routed pages.,Tabs
OVERLAY-121,overlay_surface,NO,NO,NO,YES,Shared Operational Home and Public Entry,pages/EmployeeProfile.jsx,,Tabs_surface,Tabs,,Shared Operational Home and Public Entry,"Triggered from a host screen action, row, button, or workflow state",Workflow-internal interaction,Shared Operational Home and Public Entry,ACTIVE,INTENTIONAL_DIALOG_OR_OVERLAY,INTENTIONALLY_HIDDEN_AND_GOVERNED,OVERLAY_OF:pages/EmployeeProfile.jsx,MIGRATING,LEDGER_ONLY,Source-inventory overlay from pages/EmployeeProfile.jsx. Explicit interaction subset separately recorded in WP16_OVERLAY_AND_INTERACTION_REGISTER.md (28 exercised/partially exercised/blocked interaction rows).,Workflow-internal surfaces accumulate silently when they are not inventoried alongside routed pages.,Tabs
OVERLAY-122,overlay_surface,NO,NO,NO,YES,Human Resources,pages/HrEmployeeAccountabilityTimeline.jsx,,Tabs_surface,Tabs,,Human Resources,"Triggered from a host screen action, row, button, or workflow state",Workflow-internal interaction,Human Resources,ACTIVE,INTENTIONAL_DIALOG_OR_OVERLAY,INTENTIONALLY_HIDDEN_AND_GOVERNED,OVERLAY_OF:pages/HrEmployeeAccountabilityTimeline.jsx,MIGRATING,LEDGER_ONLY,Source-inventory overlay from pages/HrEmployeeAccountabilityTimeline.jsx. Explicit interaction subset separately recorded in WP16_OVERLAY_AND_INTERACTION_REGISTER.md (28 exercised/partially exercised/blocked interaction rows).,Workflow-internal surfaces accumulate silently when they are not inventoried alongside routed pages.,Tabs
OVERLAY-123,overlay_surface,NO,NO,NO,YES,Human Resources,pages/HrEmployees.jsx,,Tabs_surface,Tabs,,Human Resources,"Triggered from a host screen action, row, button, or workflow state",Workflow-internal interaction,Human Resources,ACTIVE,INTENTIONAL_DIALOG_OR_OVERLAY,INTENTIONALLY_HIDDEN_AND_GOVERNED,OVERLAY_OF:pages/HrEmployees.jsx,MIGRATING,LEDGER_ONLY,Source-inventory overlay from pages/HrEmployees.jsx. Explicit interaction subset separately recorded in WP16_OVERLAY_AND_INTERACTION_REGISTER.md (28 exercised/partially exercised/blocked interaction rows).,Workflow-internal surfaces accumulate silently when they are not inventoried alongside routed pages.,Tabs
OVERLAY-124,overlay_surface,NO,NO,NO,YES,Human Resources,pages/HrSafetyRecords.jsx,,Tabs_surface,Tabs,,Human Resources,"Triggered from a host screen action, row, button, or workflow state",Workflow-internal interaction,Human Resources,ACTIVE,INTENTIONAL_DIALOG_OR_OVERLAY,INTENTIONALLY_HIDDEN_AND_GOVERNED,OVERLAY_OF:pages/HrSafetyRecords.jsx,MIGRATING,LEDGER_ONLY,Source-inventory overlay from pages/HrSafetyRecords.jsx. Explicit interaction subset separately recorded in WP16_OVERLAY_AND_INTERACTION_REGISTER.md (28 exercised/partially exercised/blocked interaction rows).,Workflow-internal surfaces accumulate silently when they are not inventoried alongside routed pages.,Tabs
OVERLAY-125,overlay_surface,NO,NO,NO,YES,Shared Operational Home and Public Entry,pages/PmCommandCenter.jsx,,Tabs_surface,Tabs,,Shared Operational Home and Public Entry,"Triggered from a host screen action, row, button, or workflow state",Workflow-internal interaction,Shared Operational Home and Public Entry,ACTIVE,INTENTIONAL_DIALOG_OR_OVERLAY,INTENTIONALLY_HIDDEN_AND_GOVERNED,OVERLAY_OF:pages/PmCommandCenter.jsx,MIGRATING,LEDGER_ONLY,Source-inventory overlay from pages/PmCommandCenter.jsx. Explicit interaction subset separately recorded in WP16_OVERLAY_AND_INTERACTION_REGISTER.md (28 exercised/partially exercised/blocked interaction rows).,Workflow-internal surfaces accumulate silently when they are not inventoried alongside routed pages.,Tabs
OVERLAY-126,overlay_surface,NO,NO,NO,YES,Shared Operational Home and Public Entry,pages/PmCrewCompliance.jsx,,Tabs_surface,Tabs,,Shared Operational Home and Public Entry,"Triggered from a host screen action, row, button, or workflow state",Workflow-internal interaction,Shared Operational Home and Public Entry,ACTIVE,INTENTIONAL_DIALOG_OR_OVERLAY,INTENTIONALLY_HIDDEN_AND_GOVERNED,OVERLAY_OF:pages/PmCrewCompliance.jsx,MIGRATING,LEDGER_ONLY,Source-inventory overlay from pages/PmCrewCompliance.jsx. Explicit interaction subset separately recorded in WP16_OVERLAY_AND_INTERACTION_REGISTER.md (28 exercised/partially exercised/blocked interaction rows).,Workflow-internal surfaces accumulate silently when they are not inventoried alongside routed pages.,Tabs
OVERLAY-127,overlay_surface,NO,NO,NO,YES,Safety Operations,pages/SafetyFormsRecords.jsx,,Tabs_surface,Tabs,,Safety Operations,"Triggered from a host screen action, row, button, or workflow state",Workflow-internal interaction,Safety Operations,ACTIVE,INTENTIONAL_DIALOG_OR_OVERLAY,INTENTIONALLY_HIDDEN_AND_GOVERNED,OVERLAY_OF:pages/SafetyFormsRecords.jsx,IMPLEMENTED,LEDGER_ONLY,Source-inventory overlay from pages/SafetyFormsRecords.jsx. Explicit interaction subset separately recorded in WP16_OVERLAY_AND_INTERACTION_REGISTER.md (28 exercised/partially exercised/blocked interaction rows).,Workflow-internal surfaces accumulate silently when they are not inventoried alongside routed pages.,Tabs
OVERLAY-128,overlay_surface,NO,NO,NO,YES,Shared Operational Home and Public Entry,pages/Tasks.jsx,,Tabs_surface,Tabs,,Shared Operational Home and Public Entry,"Triggered from a host screen action, row, button, or workflow state",Workflow-internal interaction,Shared Operational Home and Public Entry,ACTIVE,INTENTIONAL_DIALOG_OR_OVERLAY,INTENTIONALLY_HIDDEN_AND_GOVERNED,OVERLAY_OF:pages/Tasks.jsx,MIGRATING,LEDGER_ONLY,Source-inventory overlay from pages/Tasks.jsx. Explicit interaction subset separately recorded in WP16_OVERLAY_AND_INTERACTION_REGISTER.md (28 exercised/partially exercised/blocked interaction rows).,Workflow-internal surfaces accumulate silently when they are not inventoried alongside routed pages.,Tabs
OVERLAY-129,overlay_surface,NO,NO,NO,YES,Administration,pages/admin/AdminAssetAdmin.jsx,,Tabs_surface,Tabs,,Administration,"Triggered from a host screen action, row, button, or workflow state",Workflow-internal interaction,Administration,ACTIVE,INTENTIONAL_DIALOG_OR_OVERLAY,INTENTIONALLY_HIDDEN_AND_GOVERNED,OVERLAY_OF:pages/admin/AdminAssetAdmin.jsx,IMPLEMENTED,LEDGER_ONLY,Source-inventory overlay from pages/admin/AdminAssetAdmin.jsx. Explicit interaction subset separately recorded in WP16_OVERLAY_AND_INTERACTION_REGISTER.md (28 exercised/partially exercised/blocked interaction rows).,Workflow-internal surfaces accumulate silently when they are not inventoried alongside routed pages.,Tabs
OVERLAY-130,overlay_surface,NO,NO,NO,YES,Administration,pages/admin/AdminDispatch.jsx,,Tabs_surface,Tabs,,Administration,"Triggered from a host screen action, row, button, or workflow state",Workflow-internal interaction,Administration,ACTIVE,INTENTIONAL_DIALOG_OR_OVERLAY,INTENTIONALLY_HIDDEN_AND_GOVERNED,OVERLAY_OF:pages/admin/AdminDispatch.jsx,IMPLEMENTED,LEDGER_ONLY,Source-inventory overlay from pages/admin/AdminDispatch.jsx. Explicit interaction subset separately recorded in WP16_OVERLAY_AND_INTERACTION_REGISTER.md (28 exercised/partially exercised/blocked interaction rows).,Workflow-internal surfaces accumulate silently when they are not inventoried alongside routed pages.,Tabs
OVERLAY-131,overlay_surface,NO,NO,NO,YES,Administration,pages/admin/AdminIntegrationCenter.jsx,,Tabs_surface,Tabs,,Administration,"Triggered from a host screen action, row, button, or workflow state",Workflow-internal interaction,Administration,ACTIVE,INTENTIONAL_DIALOG_OR_OVERLAY,INTENTIONALLY_HIDDEN_AND_GOVERNED,OVERLAY_OF:pages/admin/AdminIntegrationCenter.jsx,IMPLEMENTED,LEDGER_ONLY,Source-inventory overlay from pages/admin/AdminIntegrationCenter.jsx. Explicit interaction subset separately recorded in WP16_OVERLAY_AND_INTERACTION_REGISTER.md (28 exercised/partially exercised/blocked interaction rows).,Workflow-internal surfaces accumulate silently when they are not inventoried alongside routed pages.,Tabs
OVERLAY-132,overlay_surface,NO,NO,NO,YES,Administration,pages/admin/AdminOperationalInventory.jsx,,Tabs_surface,Tabs,,Administration,"Triggered from a host screen action, row, button, or workflow state",Workflow-internal interaction,Administration,ACTIVE,INTENTIONAL_DIALOG_OR_OVERLAY,INTENTIONALLY_HIDDEN_AND_GOVERNED,OVERLAY_OF:pages/admin/AdminOperationalInventory.jsx,IMPLEMENTED,LEDGER_ONLY,Source-inventory overlay from pages/admin/AdminOperationalInventory.jsx. Explicit interaction subset separately recorded in WP16_OVERLAY_AND_INTERACTION_REGISTER.md (28 exercised/partially exercised/blocked interaction rows).,Workflow-internal surfaces accumulate silently when they are not inventoried alongside routed pages.,Tabs
OVERLAY-133,overlay_surface,NO,NO,NO,YES,Shared Operational Home and Public Entry,pages/admin/AssetProfile.jsx,,Tabs_surface,Tabs,,Shared Operational Home and Public Entry,"Triggered from a host screen action, row, button, or workflow state",Workflow-internal interaction,Shared Operational Home and Public Entry,ACTIVE,INTENTIONAL_DIALOG_OR_OVERLAY,INTENTIONALLY_HIDDEN_AND_GOVERNED,OVERLAY_OF:pages/admin/AssetProfile.jsx,MIGRATING,LEDGER_ONLY,Source-inventory overlay from pages/admin/AssetProfile.jsx. Explicit interaction subset separately recorded in WP16_OVERLAY_AND_INTERACTION_REGISTER.md (28 exercised/partially exercised/blocked interaction rows).,Workflow-internal surfaces accumulate silently when they are not inventoried alongside routed pages.,Tabs
OVERLAY-134,overlay_surface,NO,NO,NO,YES,Shared Operational Home and Public Entry,pages/transportation/_lists.jsx,,Tabs_surface,Tabs,,Shared Operational Home and Public Entry,"Triggered from a host screen action, row, button, or workflow state",Workflow-internal interaction,Shared Operational Home and Public Entry,ACTIVE,INTENTIONAL_DIALOG_OR_OVERLAY,INTENTIONALLY_HIDDEN_AND_GOVERNED,OVERLAY_OF:pages/transportation/_lists.jsx,MIGRATING,LEDGER_ONLY,Source-inventory overlay from pages/transportation/_lists.jsx. Explicit interaction subset separately recorded in WP16_OVERLAY_AND_INTERACTION_REGISTER.md (28 exercised/partially exercised/blocked interaction rows).,Workflow-internal surfaces accumulate silently when they are not inventoried alongside routed pages.,Tabs
OVERLAY-135,overlay_surface,NO,NO,NO,YES,Shared Operational Home and Public Entry,pages/trench_safety/ExcavationOversight.jsx,,Tabs_surface,Tabs,,Shared Operational Home and Public Entry,"Triggered from a host screen action, row, button, or workflow state",Workflow-internal interaction,Shared Operational Home and Public Entry,ACTIVE,INTENTIONAL_DIALOG_OR_OVERLAY,INTENTIONALLY_HIDDEN_AND_GOVERNED,OVERLAY_OF:pages/trench_safety/ExcavationOversight.jsx,MIGRATING,LEDGER_ONLY,Source-inventory overlay from pages/trench_safety/ExcavationOversight.jsx. Explicit interaction subset separately recorded in WP16_OVERLAY_AND_INTERACTION_REGISTER.md (28 exercised/partially exercised/blocked interaction rows).,Workflow-internal surfaces accumulate silently when they are not inventoried alongside routed pages.,Tabs
OVERLAY-136,overlay_surface,NO,NO,NO,YES,Shared Operational Home and Public Entry,components/ui/pagination.jsx,,Pagination_surface,Pagination,,Shared Operational Home and Public Entry,"Triggered from a host screen action, row, button, or workflow state",Workflow-internal interaction,Shared Operational Home and Public Entry,ACTIVE,INTENTIONAL_DIALOG_OR_OVERLAY,INTENTIONALLY_HIDDEN_AND_GOVERNED,OVERLAY_OF:components/ui/pagination.jsx,MIGRATING,LEDGER_ONLY,Source-inventory overlay from components/ui/pagination.jsx. Explicit interaction subset separately recorded in WP16_OVERLAY_AND_INTERACTION_REGISTER.md (28 exercised/partially exercised/blocked interaction rows).,Workflow-internal surfaces accumulate silently when they are not inventoried alongside routed pages.,Pagination
ROUTE-0002,route_surface,YES,YES,YES,YES,Shared Operational Home and Public Entry,app/routing/AppRoutes.jsx,518,detail_route,/revise/:token,/revise,Public / Shared,Token or email handoff,Token or email workflow,Public / Shared,DETAIL,INTENTIONAL_TOKEN_LINK,TOKEN_OR_EMAIL_LINK_ONLY,DETAIL_UNDER:/revise,PENDING,LEDGER_AND_CERTIFICATION_RATIONALE,2026-08-02 Level 3 shared/public certification: revise token route verified to render the intentional invalid-token state cleanly with no runtime defects.,Token/public entry points can fail silently if invalid-state handling or bounded access rules regress.,CERTIFIED
ROUTE-0007,route_surface,YES,YES,YES,YES,Safety Operations,app/routing/AppRoutes.jsx,523,detail_route,/safety/forms/equipment-issuance/:id,/safety/forms/equipment-issuance,Safety operator / public safety user,Parent workflow via /safety/forms/equipment-issuance,Parent list or workflow under /safety/forms/equipment-issuance,Safety operator / public safety user,DETAIL,INTENTIONAL_DYNAMIC_DETAIL,REACHABLE_THROUGH_VALID_WORKFLOW,DETAIL_UNDER:/safety/forms/equipment-issuance,CERTIFIED responsive + live fixture,LEDGER_AND_CERTIFICATION_RATIONALE,Ledger row already carries certification evidence.,Dynamic surfaces need parent-workflow governance so they are not mistaken for missing primary navigation.,CERTIFIED
ROUTE-0008,route_surface,YES,YES,YES,YES,Safety Operations,app/routing/AppRoutes.jsx,524,detail_route,/safety/forms/equipment-issuance/:id/return,/safety/forms/equipment-issuance/:id,Safety operator / public safety user,Parent workflow via /safety/forms/equipment-issuance/:id,Parent list or workflow under /safety/forms/equipment-issuance/:id,Safety operator / public safety user,DETAIL,INTENTIONAL_DYNAMIC_DETAIL,REACHABLE_THROUGH_VALID_WORKFLOW,DETAIL_UNDER:/safety/forms/equipment-issuance/:id,PENDING,LEDGER_AND_CERTIFICATION_RATIONALE,2026-08-02 Level 1 Safety certification: issuance return route verified with fixture id 54e109fe-14d4-42a7-bb49-16ce4e8877a4 and responsive proof.,Dynamic surfaces need parent-workflow governance so they are not mistaken for missing primary navigation.,CERTIFIED
ROUTE-0010,route_surface,YES,YES,YES,YES,Safety Operations,app/routing/AppRoutes.jsx,526,detail_route,/safety/forms/equipment-training/:id,/safety/forms/equipment-training,Safety operator / public safety user,Parent workflow via /safety/forms/equipment-training,Parent list or workflow under /safety/forms/equipment-training,Safety operator / public safety user,DETAIL,INTENTIONAL_DYNAMIC_DETAIL,REACHABLE_THROUGH_VALID_WORKFLOW,DETAIL_UNDER:/safety/forms/equipment-training,CERTIFIED responsive + live fixture,LEDGER_AND_CERTIFICATION_RATIONALE,Ledger row already carries certification evidence.,Dynamic surfaces need parent-workflow governance so they are not mistaken for missing primary navigation.,CERTIFIED
ROUTE-0015,route_surface,NO,YES,YES,YES,Shared Operational Home and Public Entry,app/routing/AppRoutes.jsx,531,redirect_route,/qa-qc,/,Public / Shared,"Legacy bookmark, QR, typo, or compatibility route",Legacy alias / compatibility path,Public / Shared,ACTIVE,LEGACY_ALIAS,REDIRECT_CERTIFIED,LEGACY_ALIAS_OF:/,PENDING,LEDGER_AND_CERTIFICATION_RATIONALE,"Legacy alias audited in ES at 1440 + 390 (`auto_frontend_testing_agent`, 2026-08-02); redirects cleanly to canonical `/qaqc`, which passed without overflow or English chrome leaks.",Compatibility and duplicate routes create drift pressure unless a single canonical owner remains explicit.,REDIRECT_CERTIFIED
ROUTE-0016,route_surface,YES,YES,YES,YES,Shared Operational Home and Public Entry,app/routing/AppRoutes.jsx,532,detail_route,/qaqc/:slug/new,/qaqc/:slug,Public / Shared,Parent workflow via /qaqc/:slug,Parent list or workflow under /qaqc/:slug,Public / Shared,DETAIL,INTENTIONAL_DYNAMIC_DETAIL,REACHABLE_THROUGH_VALID_WORKFLOW,DETAIL_UNDER:/qaqc/:slug,PENDING,LEDGER_AND_CERTIFICATION_RATIONALE,2026-08-02 Level 1 shared/public certification: discovered concrete-form create route passed EN/ES and mobile/desktop proof after sticky-footer overflow fix.,Dynamic surfaces need parent-workflow governance so they are not mistaken for missing primary navigation.,CERTIFIED
ROUTE-0017,route_surface,YES,YES,YES,YES,Shared Operational Home and Public Entry,app/routing/AppRoutes.jsx,533,detail_route,/qaqc/:id,/qaqc,Public / Shared,Parent workflow via /qaqc,Parent list or workflow under /qaqc,Public / Shared,DETAIL,INTENTIONAL_DYNAMIC_DETAIL,REACHABLE_THROUGH_VALID_WORKFLOW,DETAIL_UNDER:/qaqc,CERTIFIED 390/768/1024/1440,LEDGER_AND_CERTIFICATION_RATIONALE,Ledger row already carries certification evidence.,Dynamic surfaces need parent-workflow governance so they are not mistaken for missing primary navigation.,CERTIFIED
ROUTE-0024,route_surface,YES,YES,YES,YES,Shared Operational Home and Public Entry,app/routing/AppRoutes.jsx,551,detail_route,/constraints/:id,/constraints,Public / Shared,Parent workflow via /constraints,Parent list or workflow under /constraints,Public / Shared,DETAIL,INTENTIONAL_DYNAMIC_DETAIL,REACHABLE_THROUGH_VALID_WORKFLOW,DETAIL_UNDER:/constraints,PENDING,LEDGER_AND_CERTIFICATION_RATIONALE,2026-08-02 Level 3 shared/public certification: constraint detail route verified to handle invalid ids gracefully with clean error state.,Dynamic surfaces need parent-workflow governance so they are not mistaken for missing primary navigation.,CERTIFIED
ROUTE-0026,route_surface,YES,YES,YES,YES,Field Leadership,app/routing/AppRoutes.jsx,557,hidden_companion_route,/leadership/hub_v2,/leadership,Field Leadership / admin reviewer,Parent workflow via /leadership,Parent list or workflow under /leadership,Field Leadership / admin reviewer,HIDDEN,DUPLICATE_IMPLEMENTATION,INTENTIONALLY_HIDDEN_AND_GOVERNED,HIDDEN_COMPANION_OF:/leadership,CERTIFIED operator-language + load proof (2026-08-03),LEDGER_AND_CERTIFICATION_RATIONALE,"Reachable route known, but no route-level certification evidence yet.",Compatibility and duplicate routes create drift pressure unless a single canonical owner remains explicit.,DISCOVERED_NOT_OPENED
ROUTE-0028,route_surface,YES,YES,YES,YES,Field Leadership,app/routing/AppRoutes.jsx,562,detail_route,/leadership/records/:id,/leadership/records,Field Leadership / admin reviewer,Parent workflow via /leadership/records,Parent list or workflow under /leadership/records,Field Leadership / admin reviewer,DETAIL,INTENTIONAL_DYNAMIC_DETAIL,REACHABLE_THROUGH_VALID_WORKFLOW,DETAIL_UNDER:/leadership/records,CERTIFIED operator-language + deep-link proof (2026-08-03),LEDGER_AND_CERTIFICATION_RATIONALE,Surface discovered from source/runtime inventory and still lacks direct runtime proof.,Dynamic surfaces need parent-workflow governance so they are not mistaken for missing primary navigation.,UNTOUCHED
ROUTE-0029,route_surface,YES,YES,YES,YES,Field Leadership,app/routing/AppRoutes.jsx,563,detail_route,/leadership/:kind/new,/leadership/:kind,Field Leadership / admin reviewer,Parent workflow via /leadership/:kind,Parent list or workflow under /leadership/:kind,Field Leadership / admin reviewer,DETAIL,INTENTIONAL_DYNAMIC_DETAIL,REACHABLE_THROUGH_VALID_WORKFLOW,DETAIL_UNDER:/leadership/:kind,CERTIFIED operator-language + deep-link proof (2026-08-03),LEDGER_AND_CERTIFICATION_RATIONALE,Surface discovered from source/runtime inventory and still lacks direct runtime proof.,Dynamic surfaces need parent-workflow governance so they are not mistaken for missing primary navigation.,UNTOUCHED
ROUTE-0038,route_surface,NO,YES,YES,YES,Shared Operational Home and Public Entry,app/routing/AppRoutes.jsx,578,redirect_route,/jha/submit,/jha,Public / Shared,"Legacy bookmark, QR, typo, or compatibility route",Legacy alias / compatibility path,Public / Shared,ACTIVE,LEGACY_ALIAS,REDIRECT_CERTIFIED,LEGACY_ALIAS_OF:/jha,PENDING,LEDGER_AND_CERTIFICATION_RATIONALE,"Legacy alias audited in ES at 1440 + 390 (`auto_frontend_testing_agent`, 2026-08-02); redirects cleanly to canonical `/jha`, which passed.",Compatibility and duplicate routes create drift pressure unless a single canonical owner remains explicit.,REDIRECT_CERTIFIED
ROUTE-0039,route_surface,NO,YES,YES,YES,Shared Operational Home and Public Entry,app/routing/AppRoutes.jsx,579,redirect_route,/jha/new,/jha,Public / Shared,"Legacy bookmark, QR, typo, or compatibility route",Legacy alias / compatibility path,Public / Shared,ACTIVE,LEGACY_ALIAS,REDIRECT_CERTIFIED,LEGACY_ALIAS_OF:/jha,PENDING,LEDGER_AND_CERTIFICATION_RATIONALE,"Legacy alias audited in ES at 1440 + 390 (`auto_frontend_testing_agent`, 2026-08-02); redirects cleanly to canonical `/jha`, which passed.",Compatibility and duplicate routes create drift pressure unless a single canonical owner remains explicit.,REDIRECT_CERTIFIED
ROUTE-0040,route_surface,NO,YES,YES,YES,Shared Operational Home and Public Entry,app/routing/AppRoutes.jsx,581,redirect_route,/trench-boxes,/,Public / Shared,"Legacy bookmark, QR, typo, or compatibility route",Legacy alias / compatibility path,Public / Shared,ACTIVE,LEGACY_ALIAS,REDIRECT_CERTIFIED,LEGACY_ALIAS_OF:/,PENDING,LEDGER_AND_CERTIFICATION_RATIONALE,"Legacy alias audited in ES at 1440 + 390 (`auto_frontend_testing_agent`, 2026-08-02); redirects cleanly to canonical `/trench-safety/tabulated-data`, which passed.",Compatibility and duplicate routes create drift pressure unless a single canonical owner remains explicit.,REDIRECT_CERTIFIED
ROUTE-0045,route_surface,YES,YES,YES,YES,Shared Operational Home and Public Entry,app/routing/AppRoutes.jsx,589,detail_route,/trench-safety/assets/:assetId,/trench-safety/assets,Public / Shared,Parent workflow via /trench-safety/assets,Parent list or workflow under /trench-safety/assets,Public / Shared,DETAIL,INTENTIONAL_DYNAMIC_DETAIL,REACHABLE_THROUGH_VALID_WORKFLOW,DETAIL_UNDER:/trench-safety/assets,CERTIFIED 390/768/1024/1440,LEDGER_AND_CERTIFICATION_RATIONALE,Ledger row already carries certification evidence.,Dynamic surfaces need parent-workflow governance so they are not mistaken for missing primary navigation.,CERTIFIED
ROUTE-0046,route_surface,YES,YES,YES,YES,Transportation Operations,app/routing/AppRoutes.jsx,591,detail_route,/transport-invite/:token,/transport-invite,Transportation / Dispatch / Carrier,Token or email handoff,Token or email workflow,Transportation / Dispatch / Carrier,DETAIL,INTENTIONAL_TOKEN_LINK,TOKEN_OR_EMAIL_LINK_ONLY,DETAIL_UNDER:/transport-invite,CERTIFIED 390/768/1024/1440,LEDGER_AND_CERTIFICATION_RATIONALE,Ledger row already carries certification evidence.,Token/public entry points can fail silently if invalid-state handling or bounded access rules regress.,CERTIFIED
ROUTE-0047,route_surface,YES,YES,YES,YES,Transportation Operations,app/routing/AppRoutes.jsx,592,detail_route,/transport-verify/:cnum,/transport-verify,Transportation / Dispatch / Carrier,Parent workflow via /transport-verify,Bounded public workflow,Transportation / Dispatch / Carrier,DETAIL,INTENTIONAL_PUBLIC_LINK,REACHABLE_THROUGH_VALID_WORKFLOW,DETAIL_UNDER:/transport-verify,CERTIFIED 390/768/1024/1440,LEDGER_AND_CERTIFICATION_RATIONALE,Ledger row already carries certification evidence.,Token/public entry points can fail silently if invalid-state handling or bounded access rules regress.,CERTIFIED
ROUTE-0048,route_surface,NO,YES,YES,YES,Shared Operational Home and Public Entry,app/routing/AppRoutes.jsx,600,redirect_route,/incidents/new,/incidents,Public / Shared,"Legacy bookmark, QR, typo, or compatibility route",Legacy alias / compatibility path,Public / Shared,ACTIVE,LEGACY_ALIAS,REDIRECT_CERTIFIED,LEGACY_ALIAS_OF:/incidents,PENDING,LEDGER_AND_CERTIFICATION_RATIONALE,"Legacy alias audited in ES at 1440 + 390 (`auto_frontend_testing_agent`, 2026-08-02); redirects cleanly to canonical `/incidents/report`, which passed.",Compatibility and duplicate routes create drift pressure unless a single canonical owner remains explicit.,REDIRECT_CERTIFIED
ROUTE-0049,route_surface,NO,YES,YES,YES,Shared Operational Home and Public Entry,app/routing/AppRoutes.jsx,601,redirect_route,/incidents/submit,/incidents,Public / Shared,"Legacy bookmark, QR, typo, or compatibility route",Legacy alias / compatibility path,Public / Shared,ACTIVE,LEGACY_ALIAS,REDIRECT_CERTIFIED,LEGACY_ALIAS_OF:/incidents,PENDING,LEDGER_AND_CERTIFICATION_RATIONALE,"Legacy alias audited in ES at 1440 + 390 (`auto_frontend_testing_agent`, 2026-08-02); redirects cleanly to canonical `/incidents/report`, which passed.",Compatibility and duplicate routes create drift pressure unless a single canonical owner remains explicit.,REDIRECT_CERTIFIED
ROUTE-0052,route_surface,YES,YES,YES,YES,Safety Operations,app/routing/AppRoutes.jsx,607,detail_route,/safety/cases/:caseId,/safety/cases,Safety operator / public safety user,Parent workflow via /safety/cases,Parent list or workflow under /safety/cases,Safety operator / public safety user,DETAIL,INTENTIONAL_DYNAMIC_DETAIL,REACHABLE_THROUGH_VALID_WORKFLOW,DETAIL_UNDER:/safety/cases,PENDING,LEDGER_AND_CERTIFICATION_RATIONALE,"2026-08-02 Level 2 Safety certification: case workspace verified with discovered case INC-2026-00826 (71477b5c-13fe-4f25-9ba0-d156bf47912c), EN/ES, and responsive proof.",Dynamic surfaces need parent-workflow governance so they are not mistaken for missing primary navigation.,CERTIFIED
ROUTE-0053,route_surface,YES,YES,YES,YES,Safety Operations,app/routing/AppRoutes.jsx,612,detail_route,/safety/incidents/:caseId/thread,/safety/incidents/:caseId,Safety operator / public safety user,Parent workflow via /safety/incidents/:caseId,Parent list or workflow under /safety/incidents/:caseId,Safety operator / public safety user,DETAIL,INTENTIONAL_DYNAMIC_DETAIL,REACHABLE_THROUGH_VALID_WORKFLOW,DETAIL_UNDER:/safety/incidents/:caseId,PENDING,LEDGER_AND_CERTIFICATION_RATIONALE,2026-08-02 Level 2 Safety certification: incident operational thread verified with case INC-2026-00826 and responsive proof.,Dynamic surfaces need parent-workflow governance so they are not mistaken for missing primary navigation.,CERTIFIED
ROUTE-0055,route_surface,YES,YES,YES,YES,Safety Operations,app/routing/AppRoutes.jsx,616,detail_route,/safety/cases/:caseId/reports/:reportType,/safety/cases/:caseId/reports,Safety operator / public safety user,Parent workflow via /safety/cases/:caseId/reports,Parent list or workflow under /safety/cases/:caseId/reports,Safety operator / public safety user,DETAIL,INTENTIONAL_DYNAMIC_DETAIL,REACHABLE_THROUGH_VALID_WORKFLOW,DETAIL_UNDER:/safety/cases/:caseId/reports,PENDING,LEDGER_AND_CERTIFICATION_RATIONALE,2026-08-02 Level 2 Safety certification: case report route verified with case INC-2026-00826 and reportType incident.,Dynamic surfaces need parent-workflow governance so they are not mistaken for missing primary navigation.,CERTIFIED
ROUTE-0056,route_surface,YES,YES,YES,YES,Safety Operations,app/routing/AppRoutes.jsx,618,detail_route,/safety/cases/:caseId/executive-report,/safety/cases/:caseId,Safety operator / public safety user,Parent workflow via /safety/cases/:caseId,Parent list or workflow under /safety/cases/:caseId,Safety operator / public safety user,DETAIL,INTENTIONAL_DYNAMIC_DETAIL,REACHABLE_THROUGH_VALID_WORKFLOW,DETAIL_UNDER:/safety/cases/:caseId,PENDING,LEDGER_AND_CERTIFICATION_RATIONALE,"2026-08-02 exact blocker: route exists, but valid case 71477b5c-13fe-4f25-9ba0-d156bf47912c returns 404 on executive-report; prerequisite is a seeded case/report condition or backend availability for executive report generation.",Dynamic surfaces need parent-workflow governance so they are not mistaken for missing primary navigation.,BLOCKED_FIXTURE_REQUIRED
ROUTE-0057,route_surface,NO,YES,YES,YES,Shared Operational Home and Public Entry,app/routing/AppRoutes.jsx,624,redirect_route,/daily/new,/daily,Public / Shared,"Legacy bookmark, QR, typo, or compatibility route",Legacy alias / compatibility path,Public / Shared,ACTIVE,LEGACY_ALIAS,REDIRECT_CERTIFIED,LEGACY_ALIAS_OF:/daily,CERTIFIED_ALIAS,LEDGER_AND_CERTIFICATION_RATIONALE,Alias/redirect proven by canonical browser evidence and source redirect mapping.,Compatibility and duplicate routes create drift pressure unless a single canonical owner remains explicit.,REDIRECT_CERTIFIED
ROUTE-0061,route_surface,YES,YES,YES,YES,Shared Operational Home and Public Entry,app/routing/AppRoutes.jsx,629,detail_route,/equipment/:id,/equipment,Public / Shared,Parent workflow via /equipment,Parent list or workflow under /equipment,Public / Shared,DETAIL,LEGACY_ALIAS,REDIRECT_CERTIFIED,REDIRECTS_TO:/admin/equipment/:id,PENDING,LEDGER_AND_CERTIFICATION_RATIONALE,2026-08-02 Level 3 redirect certification: public equipment detail alias redirects to canonical /admin/equipment/:id with correct auth gating.,Compatibility and duplicate routes create drift pressure unless a single canonical owner remains explicit.,REDIRECT_CERTIFIED
ROUTE-0066,route_surface,YES,YES,YES,YES,Shared Operational Home and Public Entry,app/routing/AppRoutes.jsx,637,detail_route,/fleet/dvir/submitted/:id,/fleet/dvir/submitted,Public / Shared,Parent workflow via /fleet/dvir/submitted,Parent list or workflow under /fleet/dvir/submitted,Public / Shared,DETAIL,INTENTIONAL_DYNAMIC_DETAIL,REACHABLE_THROUGH_VALID_WORKFLOW,DETAIL_UNDER:/fleet/dvir/submitted,PENDING,LEDGER_AND_CERTIFICATION_RATIONALE,"2026-08-02 exact blocker: no real preview-safe DVIR submission id is naturally available, and honest confirmation-route proof requires a live submitted record.",Dynamic surfaces need parent-workflow governance so they are not mistaken for missing primary navigation.,BLOCKED_FIXTURE_REQUIRED
ROUTE-0069,route_surface,NO,YES,YES,YES,Shared Operational Home and Public Entry,app/routing/AppRoutes.jsx,641,redirect_route,/cheat-sheet,/,Public / Shared,"Legacy bookmark, QR, typo, or compatibility route",Legacy alias / compatibility path,Public / Shared,ACTIVE,LEGACY_ALIAS,REDIRECT_CERTIFIED,LEGACY_ALIAS_OF:/,PENDING,LEDGER_AND_CERTIFICATION_RATIONALE,"Legacy alias audited in ES at 1440 + 390 (`auto_frontend_testing_agent`, 2026-08-02); redirects cleanly to canonical `/cheatsheet`, which passed.",Compatibility and duplicate routes create drift pressure unless a single canonical owner remains explicit.,REDIRECT_CERTIFIED
ROUTE-0070,route_surface,NO,YES,YES,YES,Shared Operational Home and Public Entry,app/routing/AppRoutes.jsx,647,redirect_route,/reports/daily/new,/reports/daily,Public / Shared,"Legacy bookmark, QR, typo, or compatibility route",Legacy alias / compatibility path,Public / Shared,ACTIVE,LEGACY_ALIAS,REDIRECT_CERTIFIED,LEGACY_ALIAS_OF:/reports/daily,CERTIFIED_ALIAS,LEDGER_AND_CERTIFICATION_RATIONALE,Alias/redirect proven by canonical browser evidence and source redirect mapping.,Compatibility and duplicate routes create drift pressure unless a single canonical owner remains explicit.,REDIRECT_CERTIFIED
ROUTE-0071,route_surface,NO,YES,YES,YES,Shared Operational Home and Public Entry,app/routing/AppRoutes.jsx,648,redirect_route,/daily-reports/new,/daily-reports,Public / Shared,"Legacy bookmark, QR, typo, or compatibility route",Legacy alias / compatibility path,Public / Shared,ACTIVE,LEGACY_ALIAS,REDIRECT_CERTIFIED,LEGACY_ALIAS_OF:/daily-reports,CERTIFIED_ALIAS,LEDGER_AND_CERTIFICATION_RATIONALE,Alias/redirect proven by canonical browser evidence and source redirect mapping.,Compatibility and duplicate routes create drift pressure unless a single canonical owner remains explicit.,REDIRECT_CERTIFIED
ROUTE-0073,route_surface,YES,YES,YES,YES,Shared Operational Home and Public Entry,app/routing/AppRoutes.jsx,657,detail_route,/daily-reports/:id,/daily-reports,Public / Shared,Parent workflow via /daily-reports,Parent list or workflow under /daily-reports,Public / Shared,DETAIL,LEGACY_ALIAS,REDIRECT_CERTIFIED,REDIRECTS_TO_CONTEXTUAL_DETAIL:/admin/daily/:id|/pm/daily/:id,CERTIFIED_ALIAS,LEDGER_AND_CERTIFICATION_RATIONALE,Alias/redirect proven by canonical browser evidence and source redirect mapping.,Compatibility and duplicate routes create drift pressure unless a single canonical owner remains explicit.,REDIRECT_CERTIFIED
ROUTE-0074,route_surface,NO,YES,YES,YES,Safety Operations,app/routing/AppRoutes.jsx,658,redirect_route,/safety/jha,/safety,Safety operator / public safety user,"Legacy bookmark, QR, typo, or compatibility route",Legacy alias / compatibility path,Safety operator / public safety user,ACTIVE,LEGACY_ALIAS,REDIRECT_CERTIFIED,LEGACY_ALIAS_OF:/safety,CERTIFIED_ALIAS,LEDGER_AND_CERTIFICATION_RATIONALE,Browser redirect proof captured 2026-08-02; canonical target verified.,Compatibility and duplicate routes create drift pressure unless a single canonical owner remains explicit.,REDIRECT_CERTIFIED
ROUTE-0075,route_surface,NO,YES,YES,YES,Safety Operations,app/routing/AppRoutes.jsx,659,redirect_route,/safety/trench-boxes,/safety,Safety operator / public safety user,"Legacy bookmark, QR, typo, or compatibility route",Legacy alias / compatibility path,Safety operator / public safety user,ACTIVE,LEGACY_ALIAS,REDIRECT_CERTIFIED,LEGACY_ALIAS_OF:/safety,CERTIFIED_ALIAS,LEDGER_AND_CERTIFICATION_RATIONALE,Browser redirect proof captured 2026-08-02; canonical target verified.,Compatibility and duplicate routes create drift pressure unless a single canonical owner remains explicit.,REDIRECT_CERTIFIED
ROUTE-0078,route_surface,YES,YES,YES,YES,Safety Operations,app/routing/AppRoutes.jsx,663,detail_route,/safety/trench-safety/assets/:assetId,/safety/trench-safety/assets,Safety operator / public safety user,Parent workflow via /safety/trench-safety/assets,Parent list or workflow under /safety/trench-safety/assets,Safety operator / public safety user,DETAIL,INTENTIONAL_DYNAMIC_DETAIL,REACHABLE_THROUGH_VALID_WORKFLOW,DETAIL_UNDER:/safety/trench-safety/assets,PENDING,LEDGER_AND_CERTIFICATION_RATIONALE,2026-08-02 Level 2 Safety certification: trench-safety asset detail verified with fixture asset TB-01 and responsive proof.,Dynamic surfaces need parent-workflow governance so they are not mistaken for missing primary navigation.,CERTIFIED
ROUTE-0086,route_surface,NO,YES,YES,YES,Safety Operations,app/routing/AppRoutes.jsx,673,redirect_route,/safety-portal/trench-safety,/safety-portal,Safety operator / public safety user,"Legacy bookmark, QR, typo, or compatibility route",Legacy alias / compatibility path,Safety operator / public safety user,ACTIVE,LEGACY_ALIAS,REDIRECT_CERTIFIED,LEGACY_ALIAS_OF:/safety-portal,PENDING,LEDGER_AND_CERTIFICATION_RATIONALE,"Certified after safety-auth audit in ES at 1440 + 390 (`auto_frontend_testing_agent`, 2026-08-02); route passed with no overflow or English chrome leaks.",Compatibility and duplicate routes create drift pressure unless a single canonical owner remains explicit.,CERTIFIED
ROUTE-0087,route_surface,NO,YES,YES,YES,Safety Operations,app/routing/AppRoutes.jsx,674,redirect_route,/safety-portal/trench-safety/assets,/safety-portal/trench-safety,Safety operator / public safety user,"Legacy bookmark, QR, typo, or compatibility route",Legacy alias / compatibility path,Safety operator / public safety user,ACTIVE,LEGACY_ALIAS,REDIRECT_CERTIFIED,LEGACY_ALIAS_OF:/safety-portal/trench-safety,PENDING,LEDGER_AND_CERTIFICATION_RATIONALE,"Certified after safety-auth audit in ES at 1440 + 390 (`auto_frontend_testing_agent`, 2026-08-02); route passed with governed controls and no visible drift.",Compatibility and duplicate routes create drift pressure unless a single canonical owner remains explicit.,CERTIFIED
ROUTE-0088,route_surface,NO,YES,YES,YES,Safety Operations,app/routing/AppRoutes.jsx,675,redirect_route,/safety-portal/trench-safety/tabulated-data,/safety-portal/trench-safety,Safety operator / public safety user,"Legacy bookmark, QR, typo, or compatibility route",Legacy alias / compatibility path,Safety operator / public safety user,ACTIVE,LEGACY_ALIAS,REDIRECT_CERTIFIED,LEGACY_ALIAS_OF:/safety-portal/trench-safety,PENDING,LEDGER_AND_CERTIFICATION_RATIONALE,"Certified after safety-auth audit in ES at 1440 + 390 (`auto_frontend_testing_agent`, 2026-08-02); route passed cleanly.",Compatibility and duplicate routes create drift pressure unless a single canonical owner remains explicit.,CERTIFIED
ROUTE-0089,route_surface,NO,YES,YES,YES,Shared Operational Home and Public Entry,app/routing/AppRoutes.jsx,684,redirect_route,/app/*,/app,Public / Shared,"Legacy bookmark, QR, typo, or compatibility route",Legacy alias / compatibility path,Public / Shared,ACTIVE,LEGACY_ALIAS,REDIRECT_CERTIFIED,LEGACY_ALIAS_OF:/app,PENDING,LEDGER_AND_CERTIFICATION_RATIONALE,"Fallback alias audited in ES at 1440 + 390 (`auto_frontend_testing_agent`, 2026-08-02); runtime redirects to canonical `/`, which passed.",Compatibility and duplicate routes create drift pressure unless a single canonical owner remains explicit.,REDIRECT_CERTIFIED
ROUTE-0092,route_surface,NO,YES,YES,YES,Administration,app/routing/AppRoutes.jsx,699,redirect_route,/admin/hub_v1,/admin,Administrator / executive reviewer,"Legacy bookmark, QR, typo, or compatibility route",Legacy alias / compatibility path,Administrator / executive reviewer,ACTIVE,REPLACED_IMPLEMENTATION,MERGED_INTO_CANONICAL_ROUTE,LEGACY_ALIAS_OF:/admin,CERTIFIED_ALIAS,LEDGER_AND_CERTIFICATION_RATIONALE,Browser redirect proof captured 2026-08-02; canonical target verified.,Compatibility and duplicate routes create drift pressure unless a single canonical owner remains explicit.,REDIRECT_CERTIFIED
ROUTE-0093,route_surface,NO,YES,YES,YES,Administration,app/routing/AppRoutes.jsx,701,redirect_route,/admin/hub_v2,/admin,Administrator / executive reviewer,"Legacy bookmark, QR, typo, or compatibility route",Legacy alias / compatibility path,Administrator / executive reviewer,HIDDEN,REPLACED_IMPLEMENTATION,MERGED_INTO_CANONICAL_ROUTE,LEGACY_ALIAS_OF:/admin,CERTIFIED_ALIAS,LEDGER_AND_CERTIFICATION_RATIONALE,Browser redirect proof captured 2026-08-02; canonical target verified.,Compatibility and duplicate routes create drift pressure unless a single canonical owner remains explicit.,REDIRECT_CERTIFIED
ROUTE-0102,route_surface,YES,YES,YES,YES,Administration,app/routing/AppRoutes.jsx,711,detail_route,/admin/jobs/:projectNumber/team,/admin/jobs/:projectNumber,Administrator / executive reviewer,Parent workflow via /admin/jobs/:projectNumber,Parent list or workflow under /admin/jobs/:projectNumber,Administrator / executive reviewer,DETAIL,INTENTIONAL_DYNAMIC_DETAIL,REACHABLE_THROUGH_VALID_WORKFLOW,DETAIL_UNDER:/admin/jobs/:projectNumber,CERTIFIED admin deep-link + EN/ES + 390/1440 + operator-language gate,LEDGER_AND_CERTIFICATION_RATIONALE,"2026-08-02 Administration deep-link proof: seeded admin session opened `/admin/jobs/ME-CERT-2026/team` with operator-language compliance, EN/ES behavior, and responsive verification.",Dynamic surfaces need parent-workflow governance so they are not mistaken for missing primary navigation.,CERTIFIED
ROUTE-0107,route_surface,YES,YES,YES,YES,Administration,app/routing/AppRoutes.jsx,721,detail_route,/admin/operations-control/cases/:caseId,/admin/operations-control/cases,Administrator / executive reviewer,Parent workflow via /admin/operations-control/cases,Parent list or workflow under /admin/operations-control/cases,Administrator / executive reviewer,DETAIL,INTENTIONAL_DYNAMIC_DETAIL,REACHABLE_THROUGH_VALID_WORKFLOW,DETAIL_UNDER:/admin/operations-control/cases,CERTIFIED admin deep-link + EN/ES + 390/1440 + operator-language gate,LEDGER_AND_CERTIFICATION_RATIONALE,"2026-08-02 Administration deep-link proof: seeded admin session opened `/admin/operations-control/cases/9ad4becb-6bb7-4e1b-917e-98ad6275850c` with operator-language compliance, EN/ES behavior, and responsive verification.",Dynamic surfaces need parent-workflow governance so they are not mistaken for missing primary navigation.,CERTIFIED
ROUTE-0109,route_surface,YES,YES,YES,YES,Administration,app/routing/AppRoutes.jsx,723,detail_route,/operations-control/cases/:caseId,/operations-control/cases,Administrator / executive reviewer,Parent workflow via /operations-control/cases,Parent list or workflow under /operations-control/cases,Administrator / executive reviewer,DETAIL,INTENTIONAL_DYNAMIC_DETAIL,REACHABLE_THROUGH_VALID_WORKFLOW,DETAIL_UNDER:/operations-control/cases,CERTIFIED admin deep-link + EN/ES + 390/1440 + operator-language gate,LEDGER_AND_CERTIFICATION_RATIONALE,"2026-08-02 Administration deep-link proof: seeded admin session opened `/operations-control/cases/9ad4becb-6bb7-4e1b-917e-98ad6275850c` with operator-language compliance, EN/ES behavior, and responsive verification.",Dynamic surfaces need parent-workflow governance so they are not mistaken for missing primary navigation.,CERTIFIED
ROUTE-0118,route_surface,NO,NO,YES,YES,Administration,app/routing/AppRoutes.jsx,733,route_screen,/admin/integration-truth,/admin,Administrator / executive reviewer,Admin-only direct route,Admin-only diagnostics / readiness access,Administrator / executive reviewer,ACTIVE,DEVELOPER_OR_CERTIFICATION_TOOL,ROLE_RESTRICTED_AND_GOVERNED,PRIMARY_INTERNAL_TOOL_ROUTE,CERTIFIED admin batch auth + EN/ES + 390/1440 + operator-language gate,LEDGER_AND_CERTIFICATION_RATIONALE,Live route exists in AppRoutes.jsx:733 and was intentionally absent from primary route-denominator narratives.,"Tooling surfaces can leak internal terminology, preview data, or certification context if role scoping ever regresses.",CERTIFIED
ROUTE-0119,route_surface,NO,NO,YES,YES,Administration,app/routing/AppRoutes.jsx,734,route_screen,/admin/preview-validation-identities,/admin,Administrator / executive reviewer,Admin-only direct route,Admin-only diagnostics / readiness access,Administrator / executive reviewer,ACTIVE,DEVELOPER_OR_CERTIFICATION_TOOL,ROLE_RESTRICTED_AND_GOVERNED,PRIMARY_INTERNAL_TOOL_ROUTE,CERTIFIED admin batch auth + EN/ES + 390/1440 + operator-language gate,LEDGER_AND_CERTIFICATION_RATIONALE,Live route exists in AppRoutes.jsx:734 and is named as validation tooling.,"Tooling surfaces can leak internal terminology, preview data, or certification context if role scoping ever regresses.",CERTIFIED
ROUTE-0176,route_surface,YES,YES,YES,YES,"Training, Guidance, and Coaching",app/routing/AppRoutes.jsx,801,detail_route,/guidance/section/:sectionId,/guidance/section,Training / guidance user,Parent workflow via /guidance/section,Parent list or workflow under /guidance/section,Training / guidance user,DETAIL,INTENTIONAL_DYNAMIC_DETAIL,REACHABLE_THROUGH_VALID_WORKFLOW,DETAIL_UNDER:/guidance/section,CERTIFIED 390/768/1024/1440,LEDGER_AND_CERTIFICATION_RATIONALE,Ledger row already carries certification evidence.,Dynamic surfaces need parent-workflow governance so they are not mistaken for missing primary navigation.,CERTIFIED
ROUTE-0177,route_surface,YES,YES,YES,YES,"Training, Guidance, and Coaching",app/routing/AppRoutes.jsx,802,detail_route,/guidance/:articleId,/guidance,Training / guidance user,Parent workflow via /guidance,Parent list or workflow under /guidance,Training / guidance user,DETAIL,INTENTIONAL_DYNAMIC_DETAIL,REACHABLE_THROUGH_VALID_WORKFLOW,DETAIL_UNDER:/guidance,CERTIFIED 390/768/1024/1440,LEDGER_AND_CERTIFICATION_RATIONALE,Ledger row already carries certification evidence.,Dynamic surfaces need parent-workflow governance so they are not mistaken for missing primary navigation.,CERTIFIED
ROUTE-0179,route_surface,YES,YES,YES,YES,Administration,app/routing/AppRoutes.jsx,804,detail_route,/admin/assets/:assetId,/admin/assets,Administrator / executive reviewer,Parent workflow via /admin/assets,Parent list or workflow under /admin/assets,Administrator / executive reviewer,DETAIL,ROUTE_NOT_IMPLEMENTED,IMPLEMENTATION_REQUIRED,DETAIL_UNDER:/admin/assets,BLOCKED_ROUTE_NOT_IMPLEMENTED,LEDGER_AND_BLOCKER_REGISTER,2026-08-02 Administration deep-link blocker: Route not implemented; RP-901 opens asset-not-found error page.,Deep links can imply a finished workflow even though preview-safe certification evidence is incomplete.,admin_frozen
ROUTE-0181,route_surface,YES,YES,YES,YES,Administration,app/routing/AppRoutes.jsx,806,detail_route,/admin/driver-intel/:driverKey,/admin/driver-intel,Administrator / executive reviewer,Parent workflow via /admin/driver-intel,Parent list or workflow under /admin/driver-intel,Administrator / executive reviewer,DETAIL,INTENTIONAL_DYNAMIC_DETAIL,REACHABLE_THROUGH_VALID_WORKFLOW,DETAIL_UNDER:/admin/driver-intel,CERTIFIED admin deep-link + EN/ES + 390/1440 + operator-language gate,LEDGER_AND_CERTIFICATION_RATIONALE,"2026-08-02 Administration deep-link proof: seeded admin session opened `/admin/driver-intel/6377790` with operator-language compliance, EN/ES behavior, and responsive verification.",Dynamic surfaces need parent-workflow governance so they are not mistaken for missing primary navigation.,CERTIFIED
ROUTE-0182,route_surface,YES,YES,YES,YES,Administration,app/routing/AppRoutes.jsx,807,detail_route,/admin/equipment/:id/history,/admin/equipment/:id,Administrator / executive reviewer,Parent workflow via /admin/equipment/:id,Parent list or workflow under /admin/equipment/:id,Administrator / executive reviewer,DETAIL,ROUTE_NOT_IMPLEMENTED,IMPLEMENTATION_REQUIRED,DETAIL_UNDER:/admin/equipment/:id,BLOCKED_ROUTE_NOT_IMPLEMENTED,LEDGER_AND_BLOCKER_REGISTER,2026-08-02 Administration deep-link blocker: Route not implemented; EQP-000003 returns 404.,Deep links can imply a finished workflow even though preview-safe certification evidence is incomplete.,admin_frozen
ROUTE-0183,route_surface,YES,YES,YES,YES,Administration,app/routing/AppRoutes.jsx,808,detail_route,/admin/employees/:id/history,/admin/employees/:id,Administrator / executive reviewer,Parent workflow via /admin/employees/:id,Parent list or workflow under /admin/employees/:id,Administrator / executive reviewer,DETAIL,MISSING_FIXTURE_OR_RUNTIME_DATA,FIXTURE_REQUIRED,DETAIL_UNDER:/admin/employees/:id,BLOCKED_FIXTURE_REQUIRED,LEDGER_AND_BLOCKER_REGISTER,2026-08-02 Administration deep-link blocker: No employee identifier discoverable from /admin/people.,Deep links can imply a finished workflow even though preview-safe certification evidence is incomplete.,admin_frozen
ROUTE-0190,route_surface,YES,YES,YES,YES,Administration,app/routing/AppRoutes.jsx,816,detail_route,/admin/inspections/:id,/admin/inspections,Administrator / executive reviewer,Parent workflow via /admin/inspections,Parent list or workflow under /admin/inspections,Administrator / executive reviewer,DETAIL,INTENTIONAL_DYNAMIC_DETAIL,REACHABLE_THROUGH_VALID_WORKFLOW,DETAIL_UNDER:/admin/inspections,CERTIFIED 390/768/1024/1440,LEDGER_AND_CERTIFICATION_RATIONALE,2026-08-02 Level 2 transportation-adjacent certification: admin inspection detail opened from a live list record and passed EN/ES plus mobile/desktop proof.,Dynamic surfaces need parent-workflow governance so they are not mistaken for missing primary navigation.,CERTIFIED
ROUTE-0192,route_surface,YES,YES,YES,YES,Administration,app/routing/AppRoutes.jsx,819,detail_route,/admin/meetings/:id,/admin/meetings,Administrator / executive reviewer,Parent workflow via /admin/meetings,Parent list or workflow under /admin/meetings,Administrator / executive reviewer,DETAIL,INTENTIONAL_DYNAMIC_DETAIL,REACHABLE_THROUGH_VALID_WORKFLOW,DETAIL_UNDER:/admin/meetings,CERTIFIED 390/768/1024/1440,LEDGER_AND_CERTIFICATION_RATIONALE,Ledger row already carries certification evidence.,Dynamic surfaces need parent-workflow governance so they are not mistaken for missing primary navigation.,CERTIFIED
ROUTE-0194,route_surface,NO,YES,YES,YES,Administration,app/routing/AppRoutes.jsx,822,redirect_route,/admin/jha,/admin,Administrator / executive reviewer,"Legacy bookmark, QR, typo, or compatibility route",Legacy alias / compatibility path,Administrator / executive reviewer,ACTIVE,LEGACY_ALIAS,REDIRECT_CERTIFIED,LEGACY_ALIAS_OF:/admin,CERTIFIED_ALIAS,LEDGER_AND_CERTIFICATION_RATIONALE,2026-08-02 direct browser proof with seeded admin session: `/admin/jha` redirects cleanly to canonical `/admin/jha-plans` and inherits the already certified admin shell.,Compatibility and duplicate routes create drift pressure unless a single canonical owner remains explicit.,REDIRECT_CERTIFIED
ROUTE-0195,route_surface,YES,YES,YES,YES,Administration,app/routing/AppRoutes.jsx,823,redirect_route,/admin/jha/:id,/admin/jha,Administrator / executive reviewer,"Legacy bookmark, QR, typo, or compatibility route",Legacy alias / compatibility path,Administrator / executive reviewer,DETAIL,LEGACY_ALIAS,REDIRECT_CERTIFIED,REDIRECTS_TO:/guidance,CERTIFIED_ALIAS,LEDGER_AND_CERTIFICATION_RATIONALE,2026-08-02 direct browser proof with seeded admin session: `/admin/jha/:id` redirects cleanly to canonical `/admin/jha-plans` and inherits the already certified admin shell.,Compatibility and duplicate routes create drift pressure unless a single canonical owner remains explicit.,REDIRECT_CERTIFIED
ROUTE-0200,route_surface,YES,YES,YES,YES,Administration,app/routing/AppRoutes.jsx,833,detail_route,/admin/trench-safety/assets/:assetId,/admin/trench-safety/assets,Administrator / executive reviewer,Parent workflow via /admin/trench-safety/assets,Parent list or workflow under /admin/trench-safety/assets,Administrator / executive reviewer,DETAIL,INTENTIONAL_DYNAMIC_DETAIL,REACHABLE_THROUGH_VALID_WORKFLOW,DETAIL_UNDER:/admin/trench-safety/assets,CERTIFIED admin deep-link + EN/ES + 390/1440 + operator-language gate,LEDGER_AND_CERTIFICATION_RATIONALE,"2026-08-02 Administration deep-link proof: seeded admin session opened `/admin/trench-safety/assets/RP-901` with operator-language compliance, EN/ES behavior, and responsive verification.",Dynamic surfaces need parent-workflow governance so they are not mistaken for missing primary navigation.,CERTIFIED
ROUTE-0208,route_surface,YES,YES,YES,YES,Administration,app/routing/AppRoutes.jsx,844,detail_route,/admin/incidents/:id,/admin/incidents,Administrator / executive reviewer,Parent workflow via /admin/incidents,Parent list or workflow under /admin/incidents,Administrator / executive reviewer,DETAIL,INTENTIONAL_DYNAMIC_DETAIL,REACHABLE_THROUGH_VALID_WORKFLOW,DETAIL_UNDER:/admin/incidents,CERTIFIED 390/768/1024/1440,LEDGER_AND_CERTIFICATION_RATIONALE,Ledger row already carries certification evidence.,Dynamic surfaces need parent-workflow governance so they are not mistaken for missing primary navigation.,CERTIFIED
ROUTE-0210,route_surface,YES,YES,YES,YES,Administration,app/routing/AppRoutes.jsx,847,detail_route,/admin/daily/:id,/admin/daily,Administrator / executive reviewer,Parent workflow via /admin/daily,Parent list or workflow under /admin/daily,Administrator / executive reviewer,DETAIL,INTENTIONAL_DYNAMIC_DETAIL,REACHABLE_THROUGH_VALID_WORKFLOW,DETAIL_UNDER:/admin/daily,CERTIFIED auth + ES + 390/1440 + PDF artifact,LEDGER_AND_CERTIFICATION_RATIONALE,Ledger row already carries certification evidence.,Dynamic surfaces need parent-workflow governance so they are not mistaken for missing primary navigation.,CERTIFIED
ROUTE-0212,route_surface,YES,YES,YES,YES,Administration,app/routing/AppRoutes.jsx,854,detail_route,/admin/equipment/:id,/admin/equipment,Administrator / executive reviewer,Parent workflow via /admin/equipment,Parent list or workflow under /admin/equipment,Administrator / executive reviewer,DETAIL,ROUTE_NOT_IMPLEMENTED,IMPLEMENTATION_REQUIRED,DETAIL_UNDER:/admin/equipment,BLOCKED_ROUTE_NOT_IMPLEMENTED,LEDGER_AND_BLOCKER_REGISTER,2026-08-02 Administration deep-link blocker: Route not implemented; EQP-000003 returns 404.,Deep links can imply a finished workflow even though preview-safe certification evidence is incomplete.,admin_frozen
ROUTE-0213,route_surface,YES,YES,YES,YES,Administration,app/routing/AppRoutes.jsx,862,detail_route,/admin/qaqc/:id,/admin/qaqc,Administrator / executive reviewer,Parent workflow via /admin/qaqc,Parent list or workflow under /admin/qaqc,Administrator / executive reviewer,DETAIL,INTENTIONAL_DYNAMIC_DETAIL,REACHABLE_THROUGH_VALID_WORKFLOW,DETAIL_UNDER:/admin/qaqc,CERTIFIED 390/768/1024/1440,LEDGER_AND_CERTIFICATION_RATIONALE,Ledger row already carries certification evidence.,Dynamic surfaces need parent-workflow governance so they are not mistaken for missing primary navigation.,CERTIFIED
ROUTE-0214,route_surface,YES,YES,YES,YES,Administration,app/routing/AppRoutes.jsx,864,detail_route,/admin/leadership/records/:id,/admin/leadership/records,Administrator / executive reviewer,Parent workflow via /admin/leadership/records,Parent list or workflow under /admin/leadership/records,Administrator / executive reviewer,DETAIL,MISSING_FIXTURE_OR_RUNTIME_DATA,FIXTURE_REQUIRED,DETAIL_UNDER:/admin/leadership/records,BLOCKED_FIXTURE_REQUIRED,LEDGER_AND_BLOCKER_REGISTER,2026-08-02 Administration deep-link blocker: No leadership record identifier discoverable from /admin/leadership/records.,Deep links can imply a finished workflow even though preview-safe certification evidence is incomplete.,admin_frozen
ROUTE-0215,route_surface,YES,YES,YES,YES,Administration,app/routing/AppRoutes.jsx,865,detail_route,/admin/safety/issuance/:id,/admin/safety/issuance,Administrator / executive reviewer,Parent workflow via /admin/safety/issuance,Parent list or workflow under /admin/safety/issuance,Administrator / executive reviewer,DETAIL,MISSING_FIXTURE_OR_RUNTIME_DATA,FIXTURE_REQUIRED,DETAIL_UNDER:/admin/safety/issuance,BLOCKED_FIXTURE_REQUIRED,LEDGER_AND_BLOCKER_REGISTER,2026-08-02 Administration deep-link blocker: No issuance identifier discoverable from /safety-portal/issuance.,Deep links can imply a finished workflow even though preview-safe certification evidence is incomplete.,admin_frozen
ROUTE-0216,route_surface,YES,YES,YES,YES,Administration,app/routing/AppRoutes.jsx,866,detail_route,/admin/safety/training/:id,/admin/safety/training,Administrator / executive reviewer,Parent workflow via /admin/safety/training,Parent list or workflow under /admin/safety/training,Administrator / executive reviewer,DETAIL,ROUTE_NOT_IMPLEMENTED,IMPLEMENTATION_REQUIRED,DETAIL_UNDER:/admin/safety/training,BLOCKED_ROUTE_NOT_IMPLEMENTED,LEDGER_AND_BLOCKER_REGISTER,2026-08-02 Administration deep-link blocker: Route not implemented; discovered training id returns 404.,Deep links can imply a finished workflow even though preview-safe certification evidence is incomplete.,admin_frozen
ROUTE-0218,route_surface,YES,YES,YES,YES,Project Management,app/routing/AppRoutes.jsx,874,detail_route,/pm/reset/:token,/pm/reset,Project Management,Token or email handoff,Token or email workflow,Project Management,DETAIL,INTENTIONAL_TOKEN_LINK,TOKEN_OR_EMAIL_LINK_ONLY,DETAIL_UNDER:/pm/reset,CERTIFIED invalid-token state + operator-language proof (2026-08-03),LEDGER_AND_CERTIFICATION_RATIONALE,"2026-08-02 Level 1 auth certification: PM reset form route verified with active token behavior, EN/ES copy, and responsive controls.",Token/public entry points can fail silently if invalid-state handling or bounded access rules regress.,CERTIFIED
ROUTE-0222,route_surface,YES,YES,YES,YES,Project Management,app/routing/AppRoutes.jsx,879,hidden_companion_route,/pm/hub_legacy,/pm,Project Management,Parent workflow via /pm,Parent list or workflow under /pm,Project Management,HIDDEN,DUPLICATE_IMPLEMENTATION,INTENTIONALLY_HIDDEN_AND_GOVERNED,HIDDEN_COMPANION_OF:/pm,CERTIFIED operator-language + load proof (2026-08-03),LEDGER_AND_CERTIFICATION_RATIONALE,2026-08-02 Level 3 redirect certification: legacy PM hub URL redirects cleanly to canonical /pm/login with no loop.,Compatibility and duplicate routes create drift pressure unless a single canonical owner remains explicit.,REDIRECT_CERTIFIED
ROUTE-0223,route_surface,YES,YES,YES,YES,Project Management,app/routing/AppRoutes.jsx,881,hidden_companion_route,/pm/hub_v2,/pm,Project Management,Parent workflow via /pm,Parent list or workflow under /pm,Project Management,HIDDEN,DUPLICATE_IMPLEMENTATION,INTENTIONALLY_HIDDEN_AND_GOVERNED,HIDDEN_COMPANION_OF:/pm,CERTIFIED operator-language + load proof (2026-08-03),LEDGER_AND_CERTIFICATION_RATIONALE,"2026-08-02 focused recertification sweep passed EN/ES verification, responsive checks (390/768/1440), and screenshot review after shared i18n/admin/shop/root fixes.",Compatibility and duplicate routes create drift pressure unless a single canonical owner remains explicit.,CERTIFIED
ROUTE-0228,route_surface,YES,YES,YES,YES,Project Management,app/routing/AppRoutes.jsx,896,detail_route,/pm/job/:projectNumber/team,/pm/job/:projectNumber,Project Management,Parent workflow via /pm/job/:projectNumber,Parent list or workflow under /pm/job/:projectNumber,Project Management,DETAIL,INTENTIONAL_DYNAMIC_DETAIL,REACHABLE_THROUGH_VALID_WORKFLOW,DETAIL_UNDER:/pm/job/:projectNumber,CERTIFIED operator-language + deep-link proof (2026-08-03),LEDGER_AND_CERTIFICATION_RATIONALE,Surface discovered from source/runtime inventory and still lacks direct runtime proof.,Dynamic surfaces need parent-workflow governance so they are not mistaken for missing primary navigation.,UNTOUCHED
ROUTE-0232,route_surface,YES,YES,YES,YES,Project Management,app/routing/AppRoutes.jsx,911,detail_route,/pm/projects/:projectNumber,/pm/projects,Project Management,Parent workflow via /pm/projects,Parent list or workflow under /pm/projects,Project Management,DETAIL,INTENTIONAL_DYNAMIC_DETAIL,REACHABLE_THROUGH_VALID_WORKFLOW,REDIRECTS_TO:/pm/command-center?project_number=:projectNumber,REDIRECT alias confirmed to /pm/command-center?project_number=<live-project> (2026-08-03),LEDGER_AND_CERTIFICATION_RATIONALE,Surface discovered from source/runtime inventory and still lacks direct runtime proof.,Dynamic surfaces need parent-workflow governance so they are not mistaken for missing primary navigation.,UNTOUCHED
ROUTE-0233,route_surface,YES,YES,YES,YES,Project Management,app/routing/AppRoutes.jsx,912,detail_route,/pm/projects-legacy/:projectNumber,/pm/projects-legacy,Project Management,Parent workflow via /pm/projects-legacy,Parent list or workflow under /pm/projects-legacy,Project Management,DETAIL,INTENTIONAL_DYNAMIC_DETAIL,REACHABLE_THROUGH_VALID_WORKFLOW,DETAIL_UNDER:/pm/projects-legacy,CERTIFIED operator-language + deep-link proof (2026-08-03),LEDGER_AND_CERTIFICATION_RATIONALE,Surface discovered from source/runtime inventory and still lacks direct runtime proof.,Dynamic surfaces need parent-workflow governance so they are not mistaken for missing primary navigation.,UNTOUCHED
ROUTE-0234,route_surface,YES,YES,YES,YES,Project Management,app/routing/AppRoutes.jsx,916,detail_route,/pm/project/:projectNumber,/pm/project,Project Management,Parent workflow via /pm/project,Parent list or workflow under /pm/project,Project Management,DETAIL,INTENTIONAL_DYNAMIC_DETAIL,REACHABLE_THROUGH_VALID_WORKFLOW,DETAIL_UNDER:/pm/project,CERTIFIED operator-language + deep-link proof (2026-08-03),LEDGER_AND_CERTIFICATION_RATIONALE,Surface discovered from source/runtime inventory and still lacks direct runtime proof.,Dynamic surfaces need parent-workflow governance so they are not mistaken for missing primary navigation.,UNTOUCHED
ROUTE-0235,route_surface,YES,YES,YES,YES,Project Management,app/routing/AppRoutes.jsx,921,detail_route,/pm/project/:projectNumber/thread,/pm/project/:projectNumber,Project Management,Parent workflow via /pm/project/:projectNumber,Parent list or workflow under /pm/project/:projectNumber,Project Management,DETAIL,INTENTIONAL_DYNAMIC_DETAIL,REACHABLE_THROUGH_VALID_WORKFLOW,DETAIL_UNDER:/pm/project/:projectNumber,CERTIFIED operator-language + deep-link proof (2026-08-03),LEDGER_AND_CERTIFICATION_RATIONALE,Surface discovered from source/runtime inventory and still lacks direct runtime proof.,Dynamic surfaces need parent-workflow governance so they are not mistaken for missing primary navigation.,UNTOUCHED
ROUTE-0244,route_surface,YES,YES,YES,YES,Administration,app/routing/AppRoutes.jsx,941,detail_route,/admin/vendors/:vendorId/thread,/admin/vendors/:vendorId,Administrator / executive reviewer,Parent workflow via /admin/vendors/:vendorId,Parent list or workflow under /admin/vendors/:vendorId,Administrator / executive reviewer,DETAIL,INTENTIONAL_DYNAMIC_DETAIL,REACHABLE_THROUGH_VALID_WORKFLOW,DETAIL_UNDER:/admin/vendors/:vendorId,CERTIFIED admin deep-link + EN/ES + 390/1440 + operator-language gate,LEDGER_AND_CERTIFICATION_RATIONALE,"2026-08-02 Administration deep-link proof: seeded admin session opened `/admin/vendors/1045/thread` with operator-language compliance, EN/ES behavior, and responsive verification.",Dynamic surfaces need parent-workflow governance so they are not mistaken for missing primary navigation.,CERTIFIED
ROUTE-0245,route_surface,YES,YES,YES,YES,Administration,app/routing/AppRoutes.jsx,942,detail_route,/admin/assets/:assetRef/thread,/admin/assets/:assetRef,Administrator / executive reviewer,Parent workflow via /admin/assets/:assetRef,Parent list or workflow under /admin/assets/:assetRef,Administrator / executive reviewer,DETAIL,INTENTIONAL_DYNAMIC_DETAIL,REACHABLE_THROUGH_VALID_WORKFLOW,DETAIL_UNDER:/admin/assets/:assetRef,CERTIFIED admin deep-link + EN/ES + 390/1440 + operator-language gate,LEDGER_AND_CERTIFICATION_RATIONALE,"2026-08-02 Administration deep-link proof: seeded admin session opened `/admin/assets/RP-901/thread` with operator-language compliance, EN/ES behavior, and responsive verification.",Dynamic surfaces need parent-workflow governance so they are not mistaken for missing primary navigation.,CERTIFIED
ROUTE-0250,route_surface,YES,YES,YES,YES,Project Management,app/routing/AppRoutes.jsx,955,detail_route,/pm/daily/:id,/pm/daily,Project Management,Parent workflow via /pm/daily,Parent list or workflow under /pm/daily,Project Management,DETAIL,INTENTIONAL_DYNAMIC_DETAIL,REACHABLE_THROUGH_VALID_WORKFLOW,DETAIL_UNDER:/pm/daily,CERTIFIED 390/768/1024/1440,LEDGER_AND_CERTIFICATION_RATIONALE,Ledger row already carries certification evidence.,Dynamic surfaces need parent-workflow governance so they are not mistaken for missing primary navigation.,CERTIFIED
ROUTE-0252,route_surface,YES,YES,YES,YES,Project Management,app/routing/AppRoutes.jsx,957,detail_route,/pm/incidents/:id,/pm/incidents,Project Management,Parent workflow via /pm/incidents,Parent list or workflow under /pm/incidents,Project Management,DETAIL,MISSING_FIXTURE_OR_RUNTIME_DATA,RUNTIME_BLOCKED,DETAIL_UNDER:/pm/incidents,No real incident records available in `/pm/incidents` list in preview environment,LEDGER_AND_BLOCKER_REGISTER,Surface discovered from source/runtime inventory and still lacks direct runtime proof.,Deep links can imply a finished workflow even though preview-safe certification evidence is incomplete.,runtime
ROUTE-0254,route_surface,YES,YES,YES,YES,Project Management,app/routing/AppRoutes.jsx,959,detail_route,/pm/meetings/:id,/pm/meetings,Project Management,Parent workflow via /pm/meetings,Parent list or workflow under /pm/meetings,Project Management,DETAIL,MISSING_FIXTURE_OR_RUNTIME_DATA,RUNTIME_BLOCKED,DETAIL_UNDER:/pm/meetings,No real meeting records available in `/pm/meetings` list in preview environment,LEDGER_AND_BLOCKER_REGISTER,Surface discovered from source/runtime inventory and still lacks direct runtime proof.,Deep links can imply a finished workflow even though preview-safe certification evidence is incomplete.,runtime
ROUTE-0256,route_surface,YES,YES,YES,YES,Project Management,app/routing/AppRoutes.jsx,961,detail_route,/pm/inspections/:id,/pm/inspections,Project Management,Parent workflow via /pm/inspections,Parent list or workflow under /pm/inspections,Project Management,DETAIL,MISSING_FIXTURE_OR_RUNTIME_DATA,RUNTIME_BLOCKED,DETAIL_UNDER:/pm/inspections,No real inspection records available in `/pm/inspections` list in preview environment,LEDGER_AND_BLOCKER_REGISTER,Surface discovered from source/runtime inventory and still lacks direct runtime proof.,Deep links can imply a finished workflow even though preview-safe certification evidence is incomplete.,runtime
ROUTE-0260,route_surface,YES,YES,YES,YES,Project Management,app/routing/AppRoutes.jsx,965,detail_route,/pm/equipment/:id,/pm/equipment,Project Management,Parent workflow via /pm/equipment,Parent list or workflow under /pm/equipment,Project Management,DETAIL,MISSING_FIXTURE_OR_RUNTIME_DATA,RUNTIME_BLOCKED,DETAIL_UNDER:/pm/equipment,No real equipment records available in `/pm/equipment` list in preview environment,LEDGER_AND_BLOCKER_REGISTER,Surface discovered from source/runtime inventory and still lacks direct runtime proof.,Deep links can imply a finished workflow even though preview-safe certification evidence is incomplete.,runtime
ROUTE-0263,route_surface,YES,YES,YES,YES,Project Management,app/routing/AppRoutes.jsx,973,detail_route,/pm/trench-safety/assets/:assetId,/pm/trench-safety/assets,Project Management,Parent workflow via /pm/trench-safety/assets,Parent list or workflow under /pm/trench-safety/assets,Project Management,DETAIL,INTENTIONAL_DYNAMIC_DETAIL,REACHABLE_THROUGH_VALID_WORKFLOW,DETAIL_UNDER:/pm/trench-safety/assets,CERTIFIED operator-language + deep-link proof (2026-08-03),LEDGER_AND_CERTIFICATION_RATIONALE,Surface discovered from source/runtime inventory and still lacks direct runtime proof.,Dynamic surfaces need parent-workflow governance so they are not mistaken for missing primary navigation.,UNTOUCHED
ROUTE-0268,route_surface,YES,YES,YES,YES,Shop Operations,app/routing/AppRoutes.jsx,983,detail_route,/shop/reset/:token,/shop/reset,Shop operator,Token or email handoff,Token or email workflow,Shop operator,DETAIL,INTENTIONAL_TOKEN_LINK,TOKEN_OR_EMAIL_LINK_ONLY,DETAIL_UNDER:/shop/reset,CERTIFIED invalid-token state + operator-language proof (2026-08-03),LEDGER_AND_CERTIFICATION_RATIONALE,"2026-08-02 Level 1 auth certification: Shop reset form route verified with active token behavior, EN/ES copy, and responsive controls.",Token/public entry points can fail silently if invalid-state handling or bounded access rules regress.,CERTIFIED
ROUTE-0271,route_surface,YES,YES,YES,YES,Shop Operations,app/routing/AppRoutes.jsx,991,hidden_companion_route,/shop/hub_legacy,/shop,Shop operator,Parent workflow via /shop,Parent list or workflow under /shop,Shop operator,HIDDEN,DUPLICATE_IMPLEMENTATION,INTENTIONALLY_HIDDEN_AND_GOVERNED,HIDDEN_COMPANION_OF:/shop,CERTIFIED operator-language + load proof (2026-08-03),LEDGER_AND_CERTIFICATION_RATIONALE,2026-08-02 Level 3 redirect certification: legacy Shop hub URL redirects cleanly to canonical /shop/login with no loop.,Compatibility and duplicate routes create drift pressure unless a single canonical owner remains explicit.,REDIRECT_CERTIFIED
ROUTE-0272,route_surface,YES,YES,YES,YES,Shop Operations,app/routing/AppRoutes.jsx,992,hidden_companion_route,/shop/hub_v2,/shop,Shop operator,Parent workflow via /shop,Parent list or workflow under /shop,Shop operator,HIDDEN,DUPLICATE_IMPLEMENTATION,INTENTIONALLY_HIDDEN_AND_GOVERNED,HIDDEN_COMPANION_OF:/shop,CERTIFIED operator-language + load proof (2026-08-03),LEDGER_AND_CERTIFICATION_RATIONALE,"2026-08-02 focused recertification sweep passed EN/ES verification, responsive checks (390/768/1440), and screenshot review after shared i18n/admin/shop/root fixes.",Compatibility and duplicate routes create drift pressure unless a single canonical owner remains explicit.,CERTIFIED
ROUTE-0277,route_surface,YES,YES,YES,YES,Shop Operations,app/routing/AppRoutes.jsx,1004,detail_route,/shop/units/:unitNumber/history,/shop/units/:unitNumber,Shop operator,Parent workflow via /shop/units/:unitNumber,Parent list or workflow under /shop/units/:unitNumber,Shop operator,DETAIL,MISSING_FIXTURE_OR_RUNTIME_DATA,RUNTIME_BLOCKED,DETAIL_UNDER:/shop/units/:unitNumber,No real unit records available in `/shop/fleet` list in preview environment,LEDGER_AND_BLOCKER_REGISTER,Surface discovered from source/runtime inventory and still lacks direct runtime proof.,Deep links can imply a finished workflow even though preview-safe certification evidence is incomplete.,runtime
ROUTE-0280,route_surface,YES,YES,YES,YES,Shop Operations,app/routing/AppRoutes.jsx,1009,detail_route,/shop/fuel-lube/:visitId,/shop/fuel-lube,Shop operator,Parent workflow via /shop/fuel-lube,Parent list or workflow under /shop/fuel-lube,Shop operator,DETAIL,MISSING_FIXTURE_OR_RUNTIME_DATA,RUNTIME_BLOCKED,DETAIL_UNDER:/shop/fuel-lube,No real fuel-lube visit records available in `/shop/fuel-lube` list in preview environment,LEDGER_AND_BLOCKER_REGISTER,Surface discovered from source/runtime inventory and still lacks direct runtime proof.,Deep links can imply a finished workflow even though preview-safe certification evidence is incomplete.,runtime
ROUTE-0283,route_surface,YES,YES,YES,YES,Shop Operations,app/routing/AppRoutes.jsx,1013,detail_route,/shop/service-truck-reconciliation/:recId,/shop/service-truck-reconciliation,Shop operator,Parent workflow via /shop/service-truck-reconciliation,Parent list or workflow under /shop/service-truck-reconciliation,Shop operator,DETAIL,MISSING_FIXTURE_OR_RUNTIME_DATA,RUNTIME_BLOCKED,DETAIL_UNDER:/shop/service-truck-reconciliation,No real reconciliation records available in `/shop/service-truck-reconciliation` list in preview environment,LEDGER_AND_BLOCKER_REGISTER,Surface discovered from source/runtime inventory and still lacks direct runtime proof.,Deep links can imply a finished workflow even though preview-safe certification evidence is incomplete.,runtime
ROUTE-0288,route_surface,YES,YES,YES,YES,Shop Operations,app/routing/AppRoutes.jsx,1019,detail_route,/shop/pm/work-orders/:id,/shop/pm/work-orders,Shop operator,Parent workflow via /shop/pm/work-orders,Parent list or workflow under /shop/pm/work-orders,Shop operator,DETAIL,INTENTIONAL_DYNAMIC_DETAIL,REACHABLE_THROUGH_VALID_WORKFLOW,DETAIL_UNDER:/shop/pm/work-orders,CERTIFIED operator-language + deep-link proof (2026-08-03),LEDGER_AND_CERTIFICATION_RATIONALE,Surface discovered from source/runtime inventory and still lacks direct runtime proof.,Dynamic surfaces need parent-workflow governance so they are not mistaken for missing primary navigation.,UNTOUCHED
ROUTE-0291,route_surface,YES,YES,YES,YES,Shared Operational Home and Public Entry,app/routing/AppRoutes.jsx,1025,detail_route,/fleet/unit/:unit_number,/fleet/unit,Public / Shared,Parent workflow via /fleet/unit,Parent list or workflow under /fleet/unit,Public / Shared,DETAIL,INTENTIONAL_DYNAMIC_DETAIL,REACHABLE_THROUGH_VALID_WORKFLOW,DETAIL_UNDER:/fleet/unit,PENDING,LEDGER_AND_CERTIFICATION_RATIONALE,2026-08-02 Level 2 transportation-adjacent certification: fleet unit thread opened from a valid preview unit and passed EN/ES plus responsive proof.,Dynamic surfaces need parent-workflow governance so they are not mistaken for missing primary navigation.,CERTIFIED
ROUTE-0293,route_surface,YES,YES,YES,YES,Shop Operations,app/routing/AppRoutes.jsx,1030,detail_route,/shop/equipment/:id,/shop/equipment,Shop operator,Parent workflow via /shop/equipment,Parent list or workflow under /shop/equipment,Shop operator,DETAIL,MISSING_FIXTURE_OR_RUNTIME_DATA,RUNTIME_BLOCKED,DETAIL_UNDER:/shop/equipment,No real equipment inspection records available in `/shop/equipment` list in preview environment,LEDGER_AND_BLOCKER_REGISTER,Surface discovered from source/runtime inventory and still lacks direct runtime proof.,Deep links can imply a finished workflow even though preview-safe certification evidence is incomplete.,runtime
ROUTE-0298,route_surface,YES,YES,YES,YES,Human Resources,app/routing/AppRoutes.jsx,1043,detail_route,/hr/reset/:token,/hr/reset,Human Resources,Token or email handoff,Token or email workflow,Human Resources,DETAIL,INTENTIONAL_TOKEN_LINK,TOKEN_OR_EMAIL_LINK_ONLY,DETAIL_UNDER:/hr/reset,CERTIFIED invalid-token state + operator-language proof (2026-08-03),LEDGER_AND_CERTIFICATION_RATIONALE,"2026-08-02 Level 1 auth certification: HR reset form route verified with active token behavior, EN/ES copy, and responsive controls.",Token/public entry points can fail silently if invalid-state handling or bounded access rules regress.,CERTIFIED
ROUTE-0301,route_surface,YES,YES,YES,YES,Human Resources,app/routing/AppRoutes.jsx,1047,hidden_companion_route,/hr/hub_legacy,/hr,Human Resources,Parent workflow via /hr,Parent list or workflow under /hr,Human Resources,HIDDEN,DUPLICATE_IMPLEMENTATION,INTENTIONALLY_HIDDEN_AND_GOVERNED,HIDDEN_COMPANION_OF:/hr,CERTIFIED operator-language + load proof (2026-08-03),LEDGER_AND_CERTIFICATION_RATIONALE,2026-08-02 Level 3 redirect certification: legacy HR hub URL redirects cleanly to canonical /hr/login with no loop.,Compatibility and duplicate routes create drift pressure unless a single canonical owner remains explicit.,REDIRECT_CERTIFIED
ROUTE-0302,route_surface,YES,YES,YES,YES,Human Resources,app/routing/AppRoutes.jsx,1049,hidden_companion_route,/hr/hub_v2,/hr,Human Resources,Parent workflow via /hr,Parent list or workflow under /hr,Human Resources,HIDDEN,DUPLICATE_IMPLEMENTATION,INTENTIONALLY_HIDDEN_AND_GOVERNED,HIDDEN_COMPANION_OF:/hr,CERTIFIED operator-language + load proof (2026-08-03),LEDGER_AND_CERTIFICATION_RATIONALE,"2026-08-02 focused recertification sweep passed EN/ES verification, responsive checks (390/768/1440), and screenshot review after shared i18n/admin/shop/root fixes.",Compatibility and duplicate routes create drift pressure unless a single canonical owner remains explicit.,CERTIFIED
ROUTE-0314,route_surface,YES,YES,YES,YES,Human Resources,app/routing/AppRoutes.jsx,1076,detail_route,/hr/daily-reports/:id,/hr/daily-reports,Human Resources,Parent workflow via /hr/daily-reports,Parent list or workflow under /hr/daily-reports,Human Resources,DETAIL,INTENTIONAL_DYNAMIC_DETAIL,REACHABLE_THROUGH_VALID_WORKFLOW,DETAIL_UNDER:/hr/daily-reports,CERTIFIED 390/768/1024/1440,LEDGER_AND_CERTIFICATION_RATIONALE,Ledger row already carries certification evidence.,Dynamic surfaces need parent-workflow governance so they are not mistaken for missing primary navigation.,CERTIFIED
ROUTE-0316,route_surface,YES,YES,YES,YES,Human Resources,app/routing/AppRoutes.jsx,1080,detail_route,/hr/driver/:driverKey,/hr/driver,Human Resources,Parent workflow via /hr/driver,Parent list or workflow under /hr/driver,Human Resources,DETAIL,INTENTIONAL_DYNAMIC_DETAIL,REACHABLE_THROUGH_VALID_WORKFLOW,DETAIL_UNDER:/hr/driver,CERTIFIED operator-language + deep-link proof (2026-08-03),LEDGER_AND_CERTIFICATION_RATIONALE,Surface discovered from source/runtime inventory and still lacks direct runtime proof.,Dynamic surfaces need parent-workflow governance so they are not mistaken for missing primary navigation.,UNTOUCHED
ROUTE-0317,route_surface,YES,YES,YES,YES,Shared Operational Home and Public Entry,app/routing/AppRoutes.jsx,1081,detail_route,/time-off/public/:token,/time-off/public,Public / Shared,Token or email handoff,Token or email workflow,Public / Shared,DETAIL,INTENTIONAL_TOKEN_LINK,TOKEN_OR_EMAIL_LINK_ONLY,DETAIL_UNDER:/time-off/public,PENDING,LEDGER_AND_CERTIFICATION_RATIONALE,2026-08-02 Level 3 shared/public certification: public time-off token route verified to show the intentional invalid-token error state cleanly.,Token/public entry points can fail silently if invalid-state handling or bounded access rules regress.,CERTIFIED
ROUTE-0325,route_surface,YES,YES,YES,YES,Safety Operations,app/routing/AppRoutes.jsx,1105,detail_route,/safety-portal/reset/:token,/safety-portal/reset,Safety operator / public safety user,Token or email handoff,Token or email workflow,Safety operator / public safety user,DETAIL,INTENTIONAL_TOKEN_LINK,TOKEN_OR_EMAIL_LINK_ONLY,DETAIL_UNDER:/safety-portal/reset,PENDING,LEDGER_AND_CERTIFICATION_RATIONALE,"2026-08-02 Level 1 auth certification: Safety reset form route verified with active token behavior, EN/ES copy, and responsive controls.",Token/public entry points can fail silently if invalid-state handling or bounded access rules regress.,CERTIFIED
ROUTE-0328,route_surface,YES,YES,YES,YES,Safety Operations,app/routing/AppRoutes.jsx,1112,hidden_companion_route,/safety-portal/hub_legacy,/safety-portal,Safety operator / public safety user,Parent workflow via /safety-portal,Parent list or workflow under /safety-portal,Safety operator / public safety user,HIDDEN,DUPLICATE_IMPLEMENTATION,INTENTIONALLY_HIDDEN_AND_GOVERNED,HIDDEN_COMPANION_OF:/safety-portal,PENDING,LEDGER_AND_CERTIFICATION_RATIONALE,2026-08-02 Level 3 redirect certification: legacy Safety hub URL redirects cleanly to canonical /safety-portal/login with no loop.,Compatibility and duplicate routes create drift pressure unless a single canonical owner remains explicit.,REDIRECT_CERTIFIED
ROUTE-0329,route_surface,YES,YES,YES,YES,Safety Operations,app/routing/AppRoutes.jsx,1113,hidden_companion_route,/safety-portal/hub_v2,/safety-portal,Safety operator / public safety user,Parent workflow via /safety-portal,Parent list or workflow under /safety-portal,Safety operator / public safety user,HIDDEN,DUPLICATE_IMPLEMENTATION,INTENTIONALLY_HIDDEN_AND_GOVERNED,HIDDEN_COMPANION_OF:/safety-portal,PENDING,LEDGER_AND_CERTIFICATION_RATIONALE,"2026-08-02 Level 2 Safety certification: safety hub v2 passed EN/ES, responsive proof, and runtime checks.",Compatibility and duplicate routes create drift pressure unless a single canonical owner remains explicit.,CERTIFIED
ROUTE-0337,route_surface,YES,YES,YES,YES,Safety Operations,app/routing/AppRoutes.jsx,1126,detail_route,/safety-portal/incidents/:id,/safety-portal/incidents,Safety operator / public safety user,Parent workflow via /safety-portal/incidents,Parent list or workflow under /safety-portal/incidents,Safety operator / public safety user,DETAIL,INTENTIONAL_DYNAMIC_DETAIL,REACHABLE_THROUGH_VALID_WORKFLOW,DETAIL_UNDER:/safety-portal/incidents,PENDING,LEDGER_AND_CERTIFICATION_RATIONALE,2026-08-02 exact blocker: reachable safety incident list did not expose any discoverable detail link or fixture id; clicking visible entries routed back to create/report flow instead of detail.,Dynamic surfaces need parent-workflow governance so they are not mistaken for missing primary navigation.,BLOCKED_FIXTURE_REQUIRED
ROUTE-0338,route_surface,YES,YES,YES,YES,Safety Operations,app/routing/AppRoutes.jsx,1127,detail_route,/safety-portal/meetings/:id,/safety-portal/meetings,Safety operator / public safety user,Parent workflow via /safety-portal/meetings,Parent list or workflow under /safety-portal/meetings,Safety operator / public safety user,DETAIL,INTENTIONAL_DYNAMIC_DETAIL,REACHABLE_THROUGH_VALID_WORKFLOW,DETAIL_UNDER:/safety-portal/meetings,PENDING,LEDGER_AND_CERTIFICATION_RATIONALE,2026-08-02 exact blocker: reachable safety meeting list showed records but no discoverable detail navigation or fixture id was exposed from the certified pages.,Dynamic surfaces need parent-workflow governance so they are not mistaken for missing primary navigation.,BLOCKED_FIXTURE_REQUIRED
ROUTE-0346,route_surface,YES,YES,YES,YES,Safety Operations,app/routing/AppRoutes.jsx,1141,detail_route,/safety-portal/inspections/:id,/safety-portal/inspections,Safety operator / public safety user,Parent workflow via /safety-portal/inspections,Parent list or workflow under /safety-portal/inspections,Safety operator / public safety user,DETAIL,INTENTIONAL_DYNAMIC_DETAIL,REACHABLE_THROUGH_VALID_WORKFLOW,DETAIL_UNDER:/safety-portal/inspections,PENDING,LEDGER_AND_CERTIFICATION_RATIONALE,2026-08-02 Level 2 Safety certification: safety inspection detail opened from a real inspection id and passed EN/ES plus mobile/desktop proof.,Dynamic surfaces need parent-workflow governance so they are not mistaken for missing primary navigation.,CERTIFIED
ROUTE-0348,route_surface,YES,YES,YES,YES,Safety Operations,app/routing/AppRoutes.jsx,1144,detail_route,/safety-portal/driver/:driverKey,/safety-portal/driver,Safety operator / public safety user,Parent workflow via /safety-portal/driver,Parent list or workflow under /safety-portal/driver,Safety operator / public safety user,DETAIL,INTENTIONAL_DYNAMIC_DETAIL,REACHABLE_THROUGH_VALID_WORKFLOW,DETAIL_UNDER:/safety-portal/driver,PENDING,LEDGER_AND_CERTIFICATION_RATIONALE,2026-08-02 exact blocker: safety driver profile route timed out with no discoverable seeded driverKey exposed from certified Safety pages.,Dynamic surfaces need parent-workflow governance so they are not mistaken for missing primary navigation.,BLOCKED_FIXTURE_REQUIRED
ROUTE-0353,route_surface,YES,YES,YES,YES,Dispatch Operations,app/routing/AppRoutes.jsx,1161,detail_route,/dispatch-portal/reset/:token,/dispatch-portal/reset,Transportation / Dispatch / Carrier,Token or email handoff,Token or email workflow,Transportation / Dispatch / Carrier,DETAIL,INTENTIONAL_TOKEN_LINK,TOKEN_OR_EMAIL_LINK_ONLY,DETAIL_UNDER:/dispatch-portal/reset,PENDING,LEDGER_AND_CERTIFICATION_RATIONALE,"2026-08-02 Level 1 auth certification: reset form route verified with working token behavior, EN/ES copy, and responsive controls.",Token/public entry points can fail silently if invalid-state handling or bounded access rules regress.,CERTIFIED
ROUTE-0356,route_surface,YES,YES,YES,YES,Dispatch Operations,app/routing/AppRoutes.jsx,1169,hidden_companion_route,/dispatch-portal/hub_legacy,/dispatch-portal,Transportation / Dispatch / Carrier,Parent workflow via /dispatch-portal,Parent list or workflow under /dispatch-portal,Transportation / Dispatch / Carrier,HIDDEN,DUPLICATE_IMPLEMENTATION,INTENTIONALLY_HIDDEN_AND_GOVERNED,HIDDEN_COMPANION_OF:/dispatch-portal,PENDING,LEDGER_AND_CERTIFICATION_RATIONALE,2026-08-02 Level 3 alias certification: legacy dispatch hub entry still resolves cleanly to the canonical dispatch experience with no loop or chrome drift.,Compatibility and duplicate routes create drift pressure unless a single canonical owner remains explicit.,CERTIFIED
ROUTE-0357,route_surface,YES,YES,YES,YES,Dispatch Operations,app/routing/AppRoutes.jsx,1170,hidden_companion_route,/dispatch-portal/hub_v2,/dispatch-portal,Transportation / Dispatch / Carrier,Parent workflow via /dispatch-portal,Parent list or workflow under /dispatch-portal,Transportation / Dispatch / Carrier,HIDDEN,DUPLICATE_IMPLEMENTATION,INTENTIONALLY_HIDDEN_AND_GOVERNED,HIDDEN_COMPANION_OF:/dispatch-portal,REPAIRED_NOT_CERTIFIED after shared auth/session fix,LEDGER_AND_CERTIFICATION_RATIONALE,"Certified in ES at 1440 + 390 after dispatch family re-audit (`auto_frontend_testing_agent`, 2026-08-02); route passed without overflow or mixed-language chrome findings.",Compatibility and duplicate routes create drift pressure unless a single canonical owner remains explicit.,CERTIFIED
ROUTE-0364,route_surface,YES,YES,YES,YES,Dispatch Operations,app/routing/AppRoutes.jsx,1192,detail_route,/dispatch-portal/driver/:driverKey,/dispatch-portal/driver,Transportation / Dispatch / Carrier,Parent workflow via /dispatch-portal/driver,Parent list or workflow under /dispatch-portal/driver,Transportation / Dispatch / Carrier,DETAIL,INTENTIONAL_DYNAMIC_DETAIL,REACHABLE_THROUGH_VALID_WORKFLOW,DETAIL_UNDER:/dispatch-portal/driver,PENDING,LEDGER_AND_CERTIFICATION_RATIONALE,"2026-08-02 exact blocker: route exists but no discoverable or seeded driverKey fixture was available from dispatch-certified paths, so individual driver profile runtime proof could not be completed honestly.",Dynamic surfaces need parent-workflow governance so they are not mistaken for missing primary navigation.,BLOCKED_FIXTURE_REQUIRED
ROUTE-0366,route_surface,NO,YES,YES,YES,"Training, Guidance, and Coaching",app/routing/AppRoutes.jsx,1200,redirect_route,/training-hub,/,Training / guidance user,"Legacy bookmark, QR, typo, or compatibility route",Legacy alias / compatibility path,Training / guidance user,ACTIVE,LEGACY_ALIAS,REDIRECT_CERTIFIED,LEGACY_ALIAS_OF:/,REDIRECT alias confirmed to /training (2026-08-03),LEDGER_AND_CERTIFICATION_RATIONALE,"Legacy alias audited in ES at 1440 + 390 (`auto_frontend_testing_agent`, 2026-08-02); redirects cleanly to canonical `/training`, which passed.",Compatibility and duplicate routes create drift pressure unless a single canonical owner remains explicit.,REDIRECT_CERTIFIED
ROUTE-0367,route_surface,YES,YES,YES,YES,"Training, Guidance, and Coaching",app/routing/AppRoutes.jsx,1201,detail_route,/training/:track,/training,Training / guidance user,Parent workflow via /training,Parent list or workflow under /training,Training / guidance user,DETAIL,INTENTIONAL_DYNAMIC_DETAIL,REACHABLE_THROUGH_VALID_WORKFLOW,DETAIL_UNDER:/training,CERTIFIED operator-language + load proof (2026-08-03),LEDGER_AND_CERTIFICATION_RATIONALE,Surface discovered from source/runtime inventory and still lacks direct runtime proof.,Dynamic surfaces need parent-workflow governance so they are not mistaken for missing primary navigation.,UNTOUCHED
ROUTE-0368,route_surface,YES,YES,YES,YES,"Training, Guidance, and Coaching",app/routing/AppRoutes.jsx,1202,detail_route,/training/:track/poster,/training/:track,Training / guidance user,Parent workflow via /training/:track,Parent list or workflow under /training/:track,Training / guidance user,DETAIL,INTENTIONAL_DYNAMIC_DETAIL,REACHABLE_THROUGH_VALID_WORKFLOW,DETAIL_UNDER:/training/:track,CERTIFIED operator-language + load proof (2026-08-03),LEDGER_AND_CERTIFICATION_RATIONALE,Surface discovered from source/runtime inventory and still lacks direct runtime proof.,Dynamic surfaces need parent-workflow governance so they are not mistaken for missing primary navigation.,UNTOUCHED
ROUTE-0369,route_surface,YES,YES,YES,YES,"Training, Guidance, and Coaching",app/routing/AppRoutes.jsx,1203,detail_route,/training/:track/packet,/training/:track,Training / guidance user,Parent workflow via /training/:track,Parent list or workflow under /training/:track,Training / guidance user,DETAIL,INTENTIONAL_DYNAMIC_DETAIL,REACHABLE_THROUGH_VALID_WORKFLOW,DETAIL_UNDER:/training/:track,CERTIFIED operator-language + load proof (2026-08-03),LEDGER_AND_CERTIFICATION_RATIONALE,Surface discovered from source/runtime inventory and still lacks direct runtime proof.,Dynamic surfaces need parent-workflow governance so they are not mistaken for missing primary navigation.,UNTOUCHED
ROUTE-0372,route_surface,NO,YES,YES,YES,Shared Operational Home and Public Entry,app/routing/AppRoutes.jsx,1222,redirect_route,/ops-training,/,Public / Shared,"Legacy bookmark, QR, typo, or compatibility route",Legacy alias / compatibility path,Public / Shared,ACTIVE,REPLACED_IMPLEMENTATION,MERGED_INTO_CANONICAL_ROUTE,LEGACY_ALIAS_OF:/,PENDING,LEDGER_AND_CERTIFICATION_RATIONALE,"Legacy alias audited in ES at 1440 + 390 (`auto_frontend_testing_agent`, 2026-08-02); redirects cleanly to canonical `/guidance`, which passed.",Compatibility and duplicate routes create drift pressure unless a single canonical owner remains explicit.,REDIRECT_CERTIFIED
ROUTE-0373,route_surface,YES,YES,YES,YES,Shared Operational Home and Public Entry,app/routing/AppRoutes.jsx,1223,redirect_route,/ops-training/:slug,/ops-training,Public / Shared,"Legacy bookmark, QR, typo, or compatibility route",Legacy alias / compatibility path,Public / Shared,DETAIL,REPLACED_IMPLEMENTATION,MERGED_INTO_CANONICAL_ROUTE,REDIRECTS_TO:/guidance,PENDING,LEDGER_AND_CERTIFICATION_RATIONALE,Canonical route config confirmed this path redirects to `/guidance`; direct runtime proof showed `/ops-training/test123` landing on `/guidance` (`20260802_151534`).,Compatibility and duplicate routes create drift pressure unless a single canonical owner remains explicit.,REDIRECT_CERTIFIED
ROUTE-0374,route_surface,YES,YES,YES,YES,Developer Tooling,app/routing/AppRoutes.jsx,1232,route_screen,/dev/login,/dev,Public / Shared,Developer footer link or direct internal route,Restricted internal access only,Public / Shared,HIDDEN,DEVELOPER_OR_CERTIFICATION_TOOL,ROLE_RESTRICTED_AND_GOVERNED,PRIMARY_ROUTE,PENDING,LEDGER_AND_CERTIFICATION_RATIONALE,2026-08-02 Level 2 shared-auth certification: dev login route verified in EN/ES with responsive form behavior and no runtime defects.,"Tooling surfaces can leak internal terminology, preview data, or certification context if role scoping ever regresses.",CERTIFIED
ROUTE-0375,route_surface,YES,YES,YES,YES,Developer Tooling,app/routing/AppRoutes.jsx,1233,route_screen,/dev,/,Public / Shared,Developer footer link or direct internal route,Restricted internal access only,Public / Shared,HIDDEN,DEVELOPER_OR_CERTIFICATION_TOOL,ROLE_RESTRICTED_AND_GOVERNED,PRIMARY_ROUTE,PENDING,LEDGER_AND_CERTIFICATION_RATIONALE,2026-08-02 Level 3 shared/public certification: guarded developer-entry route verified to redirect cleanly to /dev/login.,"Tooling surfaces can leak internal terminology, preview data, or certification context if role scoping ever regresses.",CERTIFIED
ROUTE-0376,route_surface,NO,YES,YES,YES,Shared Operational Home and Public Entry,app/routing/AppRoutes.jsx,1236,redirect_route,/inspections,/,Public / Shared,"Legacy bookmark, QR, typo, or compatibility route",Legacy alias / compatibility path,Public / Shared,ACTIVE,LEGACY_ALIAS,REDIRECT_CERTIFIED,LEGACY_ALIAS_OF:/,PENDING,LEDGER_AND_CERTIFICATION_RATIONALE,"Certified after PM-auth audit in ES at 1440 + 390 (`auto_frontend_testing_agent`, 2026-08-02); route passed with no overflow or English chrome leaks.",Compatibility and duplicate routes create drift pressure unless a single canonical owner remains explicit.,CERTIFIED
ROUTE-0377,route_surface,YES,YES,YES,YES,Shared Operational Home and Public Entry,app/routing/AppRoutes.jsx,1237,detail_route,/inspect/:id,/inspect,Public / Shared,Parent workflow via /inspect,Parent list or workflow under /inspect,Public / Shared,DETAIL,LEGACY_ALIAS,REDIRECT_CERTIFIED,DETAIL_UNDER:/inspect,PENDING,LEDGER_AND_CERTIFICATION_RATIONALE,2026-08-02 Level 3 redirect certification: /inspect/:id redirects to canonical /admin/inspections/:id using verified fixture 88d8b18c-df01-455b-8614-3e590613ad4d.,Compatibility and duplicate routes create drift pressure unless a single canonical owner remains explicit.,REDIRECT_CERTIFIED
ROUTE-0378,route_surface,YES,YES,YES,YES,Shared Operational Home and Public Entry,app/routing/AppRoutes.jsx,1238,detail_route,/inspections/:id,/inspections,Public / Shared,Parent workflow via /inspections,Parent list or workflow under /inspections,Public / Shared,DETAIL,LEGACY_ALIAS,REDIRECT_CERTIFIED,DETAIL_UNDER:/inspections,PENDING,LEDGER_AND_CERTIFICATION_RATIONALE,2026-08-02 Level 3 redirect certification: /inspections/:id redirects to canonical /admin/inspections/:id using a real inspection id with clean runtime.,Compatibility and duplicate routes create drift pressure unless a single canonical owner remains explicit.,REDIRECT_CERTIFIED
ROUTE-0379,route_surface,NO,YES,YES,YES,Shared Operational Home and Public Entry,app/routing/AppRoutes.jsx,1239,redirect_route,/meetings,/,Public / Shared,"Legacy bookmark, QR, typo, or compatibility route",Legacy alias / compatibility path,Public / Shared,ACTIVE,LEGACY_ALIAS,REDIRECT_CERTIFIED,LEGACY_ALIAS_OF:/,PENDING,LEDGER_AND_CERTIFICATION_RATIONALE,"Certified after PM-auth audit in ES at 1440 + 390 (`auto_frontend_testing_agent`, 2026-08-02); route passed cleanly.",Compatibility and duplicate routes create drift pressure unless a single canonical owner remains explicit.,CERTIFIED
ROUTE-0380,route_surface,YES,YES,YES,YES,Shared Operational Home and Public Entry,app/routing/AppRoutes.jsx,1240,detail_route,/meetings/:id,/meetings,Public / Shared,Parent workflow via /meetings,Parent list or workflow under /meetings,Public / Shared,DETAIL,LEGACY_ALIAS,REDIRECT_CERTIFIED,DETAIL_UNDER:/meetings,PENDING,LEDGER_AND_CERTIFICATION_RATIONALE,2026-08-02 Level 3 redirect certification: public meeting detail alias redirects to canonical /admin/meetings/:id with correct auth gating.,Compatibility and duplicate routes create drift pressure unless a single canonical owner remains explicit.,REDIRECT_CERTIFIED
ROUTE-0381,route_surface,NO,YES,YES,YES,Shared Operational Home and Public Entry,app/routing/AppRoutes.jsx,1241,redirect_route,/incidents,/,Public / Shared,"Legacy bookmark, QR, typo, or compatibility route",Legacy alias / compatibility path,Public / Shared,ACTIVE,LEGACY_ALIAS,REDIRECT_CERTIFIED,LEGACY_ALIAS_OF:/,PENDING,LEDGER_AND_CERTIFICATION_RATIONALE,"Certified after admin-auth audit in ES at 1440 + 390 (`auto_frontend_testing_agent`, 2026-08-02); route passed cleanly.",Compatibility and duplicate routes create drift pressure unless a single canonical owner remains explicit.,CERTIFIED
ROUTE-0382,route_surface,YES,YES,YES,YES,Shared Operational Home and Public Entry,app/routing/AppRoutes.jsx,1242,detail_route,/incidents/:id,/incidents,Public / Shared,Parent workflow via /incidents,Parent list or workflow under /incidents,Public / Shared,DETAIL,LEGACY_ALIAS,REDIRECT_CERTIFIED,DETAIL_UNDER:/incidents,PENDING,LEDGER_AND_CERTIFICATION_RATIONALE,2026-08-02 Level 3 redirect certification: public incident detail alias redirects to canonical /admin/incidents/:id with correct auth gating.,Compatibility and duplicate routes create drift pressure unless a single canonical owner remains explicit.,REDIRECT_CERTIFIED
ROUTE-0383,route_surface,NO,YES,YES,YES,Shared Operational Home and Public Entry,app/routing/AppRoutes.jsx,1243,redirect_route,/daily,/,Public / Shared,"Legacy bookmark, QR, typo, or compatibility route",Legacy alias / compatibility path,Public / Shared,ACTIVE,LEGACY_ALIAS,REDIRECT_CERTIFIED,LEGACY_ALIAS_OF:/,CERTIFIED_ALIAS,LEDGER_AND_CERTIFICATION_RATIONALE,Alias/redirect proven by canonical browser evidence and source redirect mapping.,Compatibility and duplicate routes create drift pressure unless a single canonical owner remains explicit.,REDIRECT_CERTIFIED
ROUTE-0384,route_surface,YES,YES,YES,YES,Shared Operational Home and Public Entry,app/routing/AppRoutes.jsx,1244,detail_route,/daily/:id,/daily,Public / Shared,Parent workflow via /daily,Parent list or workflow under /daily,Public / Shared,DETAIL,LEGACY_ALIAS,REDIRECT_CERTIFIED,DETAIL_UNDER:/daily,CERTIFIED_ALIAS,LEDGER_AND_CERTIFICATION_RATIONALE,Alias/redirect proven by canonical browser evidence and source redirect mapping.,Compatibility and duplicate routes create drift pressure unless a single canonical owner remains explicit.,REDIRECT_CERTIFIED
ROUTE-0386,route_surface,NO,YES,YES,YES,Administration,app/routing/AppRoutes.jsx,1255,redirect_route,/admin/daily-reports,/admin,Administrator / executive reviewer,"Legacy bookmark, QR, typo, or compatibility route",Legacy alias / compatibility path,Administrator / executive reviewer,ACTIVE,LEGACY_ALIAS,REDIRECT_CERTIFIED,LEGACY_ALIAS_OF:/admin,CERTIFIED_ALIAS,LEDGER_AND_CERTIFICATION_RATIONALE,Alias/redirect proven by canonical browser evidence and source redirect mapping.,Compatibility and duplicate routes create drift pressure unless a single canonical owner remains explicit.,REDIRECT_CERTIFIED
ROUTE-0387,route_surface,NO,YES,YES,YES,Administration,app/routing/AppRoutes.jsx,1256,redirect_route,/admin/trench-safety-assets,/admin,Administrator / executive reviewer,"Legacy bookmark, QR, typo, or compatibility route",Legacy alias / compatibility path,Administrator / executive reviewer,ACTIVE,LEGACY_ALIAS,REDIRECT_CERTIFIED,LEGACY_ALIAS_OF:/admin,CERTIFIED_ALIAS,LEDGER_AND_CERTIFICATION_RATIONALE,2026-08-02 direct browser proof with seeded admin session: `/admin/trench-safety-assets` redirects cleanly to canonical `/admin/trench-safety/assets` and inherits the already certified admin shell.,Compatibility and duplicate routes create drift pressure unless a single canonical owner remains explicit.,REDIRECT_CERTIFIED
ROUTE-0394,route_surface,YES,YES,YES,YES,Human Resources,app/routing/AppRoutes.jsx,1275,detail_route,/hr/employees/:id/accountability,/hr/employees/:id,Human Resources,Parent workflow via /hr/employees/:id,Parent list or workflow under /hr/employees/:id,Human Resources,DETAIL,INTENTIONAL_DYNAMIC_DETAIL,REACHABLE_THROUGH_VALID_WORKFLOW,DETAIL_UNDER:/hr/employees/:id,CERTIFIED operator-language + deep-link proof (2026-08-03),LEDGER_AND_CERTIFICATION_RATIONALE,Surface discovered from source/runtime inventory and still lacks direct runtime proof.,Dynamic surfaces need parent-workflow governance so they are not mistaken for missing primary navigation.,UNTOUCHED
ROUTE-0395,route_surface,YES,YES,YES,YES,Human Resources,app/routing/AppRoutes.jsx,1280,detail_route,/hr/employees/:id/thread,/hr/employees/:id,Human Resources,Parent workflow via /hr/employees/:id,Parent list or workflow under /hr/employees/:id,Human Resources,DETAIL,INTENTIONAL_DYNAMIC_DETAIL,REACHABLE_THROUGH_VALID_WORKFLOW,DETAIL_UNDER:/hr/employees/:id,CERTIFIED operator-language + deep-link proof (2026-08-03),LEDGER_AND_CERTIFICATION_RATIONALE,Surface discovered from source/runtime inventory and still lacks direct runtime proof.,Dynamic surfaces need parent-workflow governance so they are not mistaken for missing primary navigation.,UNTOUCHED
ROUTE-0396,route_surface,YES,YES,YES,YES,Human Resources,app/routing/AppRoutes.jsx,1282,detail_route,/hr/employees/:empId/profile,/hr/employees/:empId,Human Resources,Parent workflow via /hr/employees/:empId,Parent list or workflow under /hr/employees/:empId,Human Resources,DETAIL,INTENTIONAL_DYNAMIC_DETAIL,REACHABLE_THROUGH_VALID_WORKFLOW,DETAIL_UNDER:/hr/employees/:empId,CERTIFIED operator-language + deep-link proof (2026-08-03),LEDGER_AND_CERTIFICATION_RATIONALE,Surface discovered from source/runtime inventory and still lacks direct runtime proof.,Dynamic surfaces need parent-workflow governance so they are not mistaken for missing primary navigation.,UNTOUCHED
ROUTE-0400,route_surface,YES,YES,YES,YES,Human Resources,app/routing/AppRoutes.jsx,1288,detail_route,/hr/historical-records/batches/:batchId,/hr/historical-records/batches,Human Resources,Parent workflow via /hr/historical-records/batches,Parent list or workflow under /hr/historical-records/batches,Human Resources,DETAIL,MISSING_FIXTURE_OR_RUNTIME_DATA,RUNTIME_BLOCKED,DETAIL_UNDER:/hr/historical-records/batches,No real batch records available in preview environment,LEDGER_AND_BLOCKER_REGISTER,Surface discovered from source/runtime inventory and still lacks direct runtime proof.,Deep links can imply a finished workflow even though preview-safe certification evidence is incomplete.,runtime
ROUTE-0406,route_surface,NO,YES,YES,YES,Administration,app/routing/AppRoutes.jsx,1311,redirect_route,/admin/audit,/admin,Administrator / executive reviewer,"Legacy bookmark, QR, typo, or compatibility route",Legacy alias / compatibility path,Administrator / executive reviewer,ACTIVE,LEGACY_ALIAS,REDIRECT_CERTIFIED,LEGACY_ALIAS_OF:/admin,CERTIFIED_ALIAS,LEDGER_AND_CERTIFICATION_RATIONALE,Browser redirect proof captured 2026-08-02; canonical target verified.,Compatibility and duplicate routes create drift pressure unless a single canonical owner remains explicit.,REDIRECT_CERTIFIED
ROUTE-0407,route_surface,NO,YES,YES,YES,Administration,app/routing/AppRoutes.jsx,1312,redirect_route,/admin/health,/admin,Administrator / executive reviewer,"Legacy bookmark, QR, typo, or compatibility route",Legacy alias / compatibility path,Administrator / executive reviewer,ACTIVE,LEGACY_ALIAS,REDIRECT_CERTIFIED,LEGACY_ALIAS_OF:/admin,CERTIFIED_ALIAS,LEDGER_AND_CERTIFICATION_RATIONALE,Browser redirect proof captured 2026-08-02; canonical target verified.,Compatibility and duplicate routes create drift pressure unless a single canonical owner remains explicit.,REDIRECT_CERTIFIED
ROUTE-0408,route_surface,YES,YES,YES,YES,Driver,app/routing/AppRoutes.jsx,1314,detail_route,/d/:token,/d,Field operator / public field user,Token or email handoff,Token or email workflow,Field operator / public field user,DETAIL,INTENTIONAL_TOKEN_LINK,TOKEN_OR_EMAIL_LINK_ONLY,DETAIL_UNDER:/d,PENDING,LEDGER_AND_CERTIFICATION_RATIONALE,"2026-08-02 Level 2 auth/deep-link certification: invalid-token state now supports EN/ES toggle, passes responsive proof (390/430/1440), and shows localized single-use expiry messaging.",Token/public entry points can fail silently if invalid-state handling or bounded access rules regress.,CERTIFIED
ROUTE-0411,route_surface,NO,YES,YES,YES,Field Leadership,app/routing/AppRoutes.jsx,1320,redirect_route,/field-leadership,/,Field Leadership / admin reviewer,"Legacy bookmark, QR, typo, or compatibility route",Legacy alias / compatibility path,Field Leadership / admin reviewer,ACTIVE,LEGACY_ALIAS,REDIRECT_CERTIFIED,LEGACY_ALIAS_OF:/,REDIRECT alias confirmed to /leadership (2026-08-03),LEDGER_AND_CERTIFICATION_RATIONALE,"Certified after foreman-auth audit in ES at 1440 + 390 (`auto_frontend_testing_agent`, 2026-08-02); route passed cleanly.",Compatibility and duplicate routes create drift pressure unless a single canonical owner remains explicit.,CERTIFIED
ROUTE-0415,route_surface,YES,YES,YES,YES,Shared Operational Home and Public Entry,app/routing/AppRoutes.jsx,1326,detail_route,/odr/public/:doc_id,/odr/public,Public / Shared,Parent workflow via /odr/public,Bounded public workflow,Public / Shared,DETAIL,INTENTIONAL_PUBLIC_LINK,REACHABLE_THROUGH_VALID_WORKFLOW,DETAIL_UNDER:/odr/public,PENDING,LEDGER_AND_CERTIFICATION_RATIONALE,2026-08-02 Level 3 shared/public certification: public ODR viewer verified to handle invalid doc ids cleanly with user-facing error messaging.,Token/public entry points can fail silently if invalid-state handling or bounded access rules regress.,CERTIFIED
ROUTE-0416,route_surface,YES,YES,YES,YES,Shared Operational Home and Public Entry,app/routing/AppRoutes.jsx,1327,detail_route,/odr/:id/done,/odr/:id,Public / Shared,Parent workflow via /odr/:id,Parent list or workflow under /odr/:id,Public / Shared,DETAIL,INTENTIONAL_DYNAMIC_DETAIL,REACHABLE_THROUGH_VALID_WORKFLOW,DETAIL_UNDER:/odr/:id,PENDING,LEDGER_AND_CERTIFICATION_RATIONALE,2026-08-02 Level 3 shared/public certification: ODR completion/outcome route renders cleanly regardless of stale or invalid id state.,Dynamic surfaces need parent-workflow governance so they are not mistaken for missing primary navigation.,CERTIFIED
ROUTE-0417,route_surface,YES,YES,YES,YES,Shared Operational Home and Public Entry,app/routing/AppRoutes.jsx,1328,detail_route,/odr/:id,/odr,Public / Shared,Parent workflow via /odr,Parent list or workflow under /odr,Public / Shared,DETAIL,INTENTIONAL_DYNAMIC_DETAIL,REACHABLE_THROUGH_VALID_WORKFLOW,DETAIL_UNDER:/odr,PENDING,LEDGER_AND_CERTIFICATION_RATIONALE,2026-08-02 Level 3 shared/public certification: ODR detail route verified to handle invalid ids gracefully with no runtime defect.,Dynamic surfaces need parent-workflow governance so they are not mistaken for missing primary navigation.,CERTIFIED
ROUTE-0421,route_surface,YES,YES,YES,YES,Shared Operational Home and Public Entry,app/routing/AppRoutes.jsx,1337,detail_route,/operations-actions/:id,/operations-actions,Public / Shared,Parent workflow via /operations-actions,Parent list or workflow under /operations-actions,Public / Shared,DETAIL,INTENTIONAL_DYNAMIC_DETAIL,REACHABLE_THROUGH_VALID_WORKFLOW,DETAIL_UNDER:/operations-actions,PENDING,LEDGER_AND_CERTIFICATION_RATIONALE,"2026-08-02 Level 2 shared/public certification: operations action detail opened from list route /operations-actions/9c042f14d1ec4a208355ac43c3bcf6ff and passed EN/ES, 390/1920 responsive proof, and runtime checks.",Dynamic surfaces need parent-workflow governance so they are not mistaken for missing primary navigation.,CERTIFIED
ROUTE-0422,route_surface,YES,YES,YES,YES,Shared Operational Home and Public Entry,app/routing/AppRoutes.jsx,1351,hidden_companion_route,/_internal/design-system,/_internal,Public / Shared,Developer-only direct route,Restricted internal access only,Public / Shared,HIDDEN,DEVELOPER_OR_CERTIFICATION_TOOL,ROLE_RESTRICTED_AND_GOVERNED,HIDDEN_COMPANION_OF:/_internal,PENDING,LEDGER_AND_CERTIFICATION_RATIONALE,2026-08-02 exact blocker: redirects to /dev/login and shows developer access disabled in this preview environment.,"Tooling surfaces can leak internal terminology, preview data, or certification context if role scoping ever regresses.",BLOCKED_DEV_ACCESS_DISABLED
ROUTE-0423,route_surface,YES,YES,YES,YES,Shared Operational Home and Public Entry,app/routing/AppRoutes.jsx,1352,hidden_companion_route,/_internal/pm-v2-preview,/_internal,Public / Shared,Developer-only direct route,Restricted internal access only,Public / Shared,HIDDEN,DEVELOPER_OR_CERTIFICATION_TOOL,ROLE_RESTRICTED_AND_GOVERNED,HIDDEN_COMPANION_OF:/_internal,PENDING,LEDGER_AND_CERTIFICATION_RATIONALE,2026-08-02 exact blocker: redirects to /dev/login and shows developer access disabled in this preview environment.,"Tooling surfaces can leak internal terminology, preview data, or certification context if role scoping ever regresses.",BLOCKED_DEV_ACCESS_DISABLED
ROUTE-0424,route_surface,YES,YES,YES,YES,Shared Operational Home and Public Entry,app/routing/AppRoutes.jsx,1353,hidden_companion_route,/_internal/hr-v2-preview,/_internal,Public / Shared,Developer-only direct route,Restricted internal access only,Public / Shared,HIDDEN,DEVELOPER_OR_CERTIFICATION_TOOL,ROLE_RESTRICTED_AND_GOVERNED,HIDDEN_COMPANION_OF:/_internal,PENDING,LEDGER_AND_CERTIFICATION_RATIONALE,2026-08-02 exact blocker: redirects to /dev/login and shows developer access disabled in this preview environment.,"Tooling surfaces can leak internal terminology, preview data, or certification context if role scoping ever regresses.",BLOCKED_DEV_ACCESS_DISABLED
ROUTE-0425,route_surface,YES,YES,YES,YES,Shared Operational Home and Public Entry,app/routing/AppRoutes.jsx,1354,hidden_companion_route,/_internal/v2-index,/_internal,Public / Shared,Developer-only direct route,Restricted internal access only,Public / Shared,HIDDEN,DEVELOPER_OR_CERTIFICATION_TOOL,ROLE_RESTRICTED_AND_GOVERNED,HIDDEN_COMPANION_OF:/_internal,PENDING,LEDGER_AND_CERTIFICATION_RATIONALE,2026-08-02 exact blocker: redirects to /dev/login and shows developer access disabled in this preview environment.,"Tooling surfaces can leak internal terminology, preview data, or certification context if role scoping ever regresses.",BLOCKED_DEV_ACCESS_DISABLED
ROUTE-0426,route_surface,YES,YES,YES,YES,Shared Operational Home and Public Entry,app/routing/AppRoutes.jsx,1355,detail_route,/_internal/v2-compare/:portal,/_internal/v2-compare,Public / Shared,Developer-only direct route,Restricted internal access only,Public / Shared,DETAIL,DEVELOPER_OR_CERTIFICATION_TOOL,ROLE_RESTRICTED_AND_GOVERNED,DETAIL_UNDER:/_internal/v2-compare,PENDING,LEDGER_AND_CERTIFICATION_RATIONALE,2026-08-02 exact blocker: redirects to /dev/login and shows developer access disabled in this preview environment.,"Tooling surfaces can leak internal terminology, preview data, or certification context if role scoping ever regresses.",BLOCKED_DEV_ACCESS_DISABLED
ROUTE-0427,route_surface,NO,YES,YES,YES,Shared Operational Home and Public Entry,app/routing/AppRoutes.jsx,1358,redirect_route,/daily-report/v2,/daily-report,Public / Shared,"Legacy bookmark, QR, typo, or compatibility route",Legacy alias / compatibility path,Public / Shared,ACTIVE,REPLACED_IMPLEMENTATION,MERGED_INTO_CANONICAL_ROUTE,LEGACY_ALIAS_OF:/daily-report,CERTIFIED_ALIAS,LEDGER_AND_CERTIFICATION_RATIONALE,Alias/redirect proven by canonical browser evidence and source redirect mapping.,Compatibility and duplicate routes create drift pressure unless a single canonical owner remains explicit.,REDIRECT_CERTIFIED
ROUTE-0428,route_surface,NO,YES,YES,YES,Shared Operational Home and Public Entry,app/routing/AppRoutes.jsx,1359,redirect_route,/daily/v1,/daily,Public / Shared,"Legacy bookmark, QR, typo, or compatibility route",Legacy alias / compatibility path,Public / Shared,ACTIVE,REPLACED_IMPLEMENTATION,MERGED_INTO_CANONICAL_ROUTE,LEGACY_ALIAS_OF:/daily,CERTIFIED_ALIAS,LEDGER_AND_CERTIFICATION_RATIONALE,Alias/redirect proven by canonical browser evidence and source redirect mapping.,Compatibility and duplicate routes create drift pressure unless a single canonical owner remains explicit.,REDIRECT_CERTIFIED
ROUTE-0429,route_surface,NO,YES,YES,YES,Shared Operational Home and Public Entry,app/routing/AppRoutes.jsx,1360,redirect_route,/daily/v2,/daily,Public / Shared,"Legacy bookmark, QR, typo, or compatibility route",Legacy alias / compatibility path,Public / Shared,ACTIVE,REPLACED_IMPLEMENTATION,MERGED_INTO_CANONICAL_ROUTE,LEGACY_ALIAS_OF:/daily,CERTIFIED_ALIAS,LEDGER_AND_CERTIFICATION_RATIONALE,Alias/redirect proven by canonical browser evidence and source redirect mapping.,Compatibility and duplicate routes create drift pressure unless a single canonical owner remains explicit.,REDIRECT_CERTIFIED
ROUTE-0430,route_surface,NO,YES,YES,YES,Shared Operational Home and Public Entry,app/routing/AppRoutes.jsx,1361,redirect_route,/daily/v3,/daily,Public / Shared,"Legacy bookmark, QR, typo, or compatibility route",Legacy alias / compatibility path,Public / Shared,ACTIVE,REPLACED_IMPLEMENTATION,MERGED_INTO_CANONICAL_ROUTE,LEGACY_ALIAS_OF:/daily,CERTIFIED_ALIAS,LEDGER_AND_CERTIFICATION_RATIONALE,Alias/redirect proven by canonical browser evidence and source redirect mapping.,Compatibility and duplicate routes create drift pressure unless a single canonical owner remains explicit.,REDIRECT_CERTIFIED
ROUTE-0431,route_surface,NO,YES,YES,YES,Shared Operational Home and Public Entry,app/routing/AppRoutes.jsx,1362,redirect_route,/daily-report/v1,/daily-report,Public / Shared,"Legacy bookmark, QR, typo, or compatibility route",Legacy alias / compatibility path,Public / Shared,ACTIVE,REPLACED_IMPLEMENTATION,MERGED_INTO_CANONICAL_ROUTE,LEGACY_ALIAS_OF:/daily-report,CERTIFIED_ALIAS,LEDGER_AND_CERTIFICATION_RATIONALE,Alias/redirect proven by canonical browser evidence and source redirect mapping.,Compatibility and duplicate routes create drift pressure unless a single canonical owner remains explicit.,REDIRECT_CERTIFIED
ROUTE-0432,route_surface,NO,YES,YES,YES,Shared Operational Home and Public Entry,app/routing/AppRoutes.jsx,1363,redirect_route,/daily-report/v3,/daily-report,Public / Shared,"Legacy bookmark, QR, typo, or compatibility route",Legacy alias / compatibility path,Public / Shared,ACTIVE,REPLACED_IMPLEMENTATION,MERGED_INTO_CANONICAL_ROUTE,LEGACY_ALIAS_OF:/daily-report,CERTIFIED_ALIAS,LEDGER_AND_CERTIFICATION_RATIONALE,Alias/redirect proven by canonical browser evidence and source redirect mapping.,Compatibility and duplicate routes create drift pressure unless a single canonical owner remains explicit.,REDIRECT_CERTIFIED
ROUTE-0434,route_surface,NO,YES,YES,YES,Administration,app/routing/AppRoutes.jsx,1366,redirect_route,/admin/ods-intelligence,/admin,Administrator / executive reviewer,"Legacy bookmark, QR, typo, or compatibility route",Legacy alias / compatibility path,Administrator / executive reviewer,ACTIVE,LEGACY_ALIAS,REDIRECT_CERTIFIED,LEGACY_ALIAS_OF:/admin,CERTIFIED_ALIAS,LEDGER_AND_CERTIFICATION_RATIONALE,Browser redirect proof captured 2026-08-02; canonical target verified.,Compatibility and duplicate routes create drift pressure unless a single canonical owner remains explicit.,REDIRECT_CERTIFIED
ROUTE-0435,route_surface,NO,YES,YES,YES,Executive,app/routing/AppRoutes.jsx,1369,redirect_route,/executive/ods-intelligence,/executive,Administrator / executive reviewer,"Legacy bookmark, QR, typo, or compatibility route",Legacy alias / compatibility path,Administrator / executive reviewer,ACTIVE,NAVIGATION_NEVER_COMPLETED,MERGED_INTO_CANONICAL_ROUTE,LEGACY_ALIAS_OF:/executive,CERTIFIED_ALIAS,LEDGER_AND_CERTIFICATION_RATIONALE,2026-08-02 direct browser proof with seeded admin session: `/executive/ods-intelligence` redirects cleanly to canonical `/admin/operational-intelligence` and inherits the already certified admin shell.,Compatibility and duplicate routes create drift pressure unless a single canonical owner remains explicit.,REDIRECT_CERTIFIED
ROUTE-0436,route_surface,NO,YES,YES,YES,Administration,app/routing/AppRoutes.jsx,1374,redirect_route,/admin/occ,/admin,Administrator / executive reviewer,"Legacy bookmark, QR, typo, or compatibility route",Legacy alias / compatibility path,Administrator / executive reviewer,ACTIVE,LEGACY_ALIAS,REDIRECT_CERTIFIED,LEGACY_ALIAS_OF:/admin,CERTIFIED_ALIAS,LEDGER_AND_CERTIFICATION_RATIONALE,Browser redirect proof captured 2026-08-02; canonical target verified.,Compatibility and duplicate routes create drift pressure unless a single canonical owner remains explicit.,REDIRECT_CERTIFIED
ROUTE-0437,route_surface,NO,YES,YES,YES,Executive,app/routing/AppRoutes.jsx,1378,redirect_route,/executive,/,Administrator / executive reviewer,"Legacy bookmark, QR, typo, or compatibility route",Legacy alias / compatibility path,Administrator / executive reviewer,ACTIVE,LEGACY_ALIAS,REDIRECT_CERTIFIED,LEGACY_ALIAS_OF:/,CERTIFIED_ALIAS,LEDGER_AND_CERTIFICATION_RATIONALE,Browser redirect proof captured 2026-08-02; canonical target verified.,Compatibility and duplicate routes create drift pressure unless a single canonical owner remains explicit.,REDIRECT_CERTIFIED
ROUTE-0438,route_surface,NO,YES,YES,YES,Executive,app/routing/AppRoutes.jsx,1379,redirect_route,/executive-dashboard,/,Administrator / executive reviewer,"Legacy bookmark, QR, typo, or compatibility route",Legacy alias / compatibility path,Administrator / executive reviewer,ACTIVE,LEGACY_ALIAS,REDIRECT_CERTIFIED,LEGACY_ALIAS_OF:/,CERTIFIED_ALIAS,LEDGER_AND_CERTIFICATION_RATIONALE,Browser redirect proof captured 2026-08-02; canonical target verified.,Compatibility and duplicate routes create drift pressure unless a single canonical owner remains explicit.,REDIRECT_CERTIFIED
ROUTE-0439,route_surface,NO,YES,YES,YES,Administration,app/routing/AppRoutes.jsx,1380,redirect_route,/admin/executive,/admin,Administrator / executive reviewer,"Legacy bookmark, QR, typo, or compatibility route",Legacy alias / compatibility path,Administrator / executive reviewer,ACTIVE,LEGACY_ALIAS,REDIRECT_CERTIFIED,LEGACY_ALIAS_OF:/admin,CERTIFIED_ALIAS,LEDGER_AND_CERTIFICATION_RATIONALE,Browser redirect proof captured 2026-08-02; canonical target verified.,Compatibility and duplicate routes create drift pressure unless a single canonical owner remains explicit.,REDIRECT_CERTIFIED
ROUTE-0440,route_surface,NO,YES,YES,YES,Shared Operational Home and Public Entry,app/routing/AppRoutes.jsx,1388,redirect_route,/fleet,/,Public / Shared,"Legacy bookmark, QR, typo, or compatibility route",Legacy alias / compatibility path,Public / Shared,ACTIVE,LEGACY_ALIAS,REDIRECT_CERTIFIED,LEGACY_ALIAS_OF:/,PENDING,LEDGER_AND_CERTIFICATION_RATIONALE,"Certified after dispatch-auth audit in ES at 1440 + 390 (`auto_frontend_testing_agent`, 2026-08-02); route passed cleanly.",Compatibility and duplicate routes create drift pressure unless a single canonical owner remains explicit.,CERTIFIED
ROUTE-0441,route_surface,NO,YES,YES,YES,Administration,app/routing/AppRoutes.jsx,1389,redirect_route,/admin/ai,/admin,Administrator / executive reviewer,"Legacy bookmark, QR, typo, or compatibility route",Legacy alias / compatibility path,Administrator / executive reviewer,ACTIVE,LEGACY_ALIAS,REDIRECT_CERTIFIED,LEGACY_ALIAS_OF:/admin,CERTIFIED_ALIAS,LEDGER_AND_CERTIFICATION_RATIONALE,Browser redirect proof captured 2026-08-02; canonical target verified.,Compatibility and duplicate routes create drift pressure unless a single canonical owner remains explicit.,REDIRECT_CERTIFIED
ROUTE-0442,route_surface,NO,YES,YES,YES,Administration,app/routing/AppRoutes.jsx,1390,redirect_route,/admin/storage,/admin,Administrator / executive reviewer,"Legacy bookmark, QR, typo, or compatibility route",Legacy alias / compatibility path,Administrator / executive reviewer,ACTIVE,LEGACY_ALIAS,REDIRECT_CERTIFIED,LEGACY_ALIAS_OF:/admin,CERTIFIED_ALIAS,LEDGER_AND_CERTIFICATION_RATIONALE,Browser redirect proof captured 2026-08-02; canonical target verified.,Compatibility and duplicate routes create drift pressure unless a single canonical owner remains explicit.,REDIRECT_CERTIFIED
ROUTE-0443,route_surface,NO,YES,YES,YES,Shared Operational Home and Public Entry,app/routing/AppRoutes.jsx,1391,redirect_route,/fl,/,Public / Shared,"Legacy bookmark, QR, typo, or compatibility route",Legacy alias / compatibility path,Public / Shared,ACTIVE,LEGACY_ALIAS,REDIRECT_CERTIFIED,LEGACY_ALIAS_OF:/,PENDING,LEDGER_AND_CERTIFICATION_RATIONALE,"Legacy alias audited in ES at 1440 + 390 (`auto_frontend_testing_agent`, 2026-08-02); redirects to the working field-leadership experience.",Compatibility and duplicate routes create drift pressure unless a single canonical owner remains explicit.,REDIRECT_CERTIFIED
ROUTE-0448,route_surface,YES,YES,YES,YES,Shared Operational Home and Public Entry,pages/transportation/TransportationApp.jsx,94,detail_route,trucks/:id,/,Public / Shared,Parent workflow via /,Parent list or workflow under /,Public / Shared,DETAIL,INTENTIONAL_DYNAMIC_DETAIL,REACHABLE_THROUGH_VALID_WORKFLOW,DETAIL_UNDER:/,PENDING,LEDGER_AND_CERTIFICATION_RATIONALE,2026-08-02 Level 2 transportation certification: truck detail opened from dispatch list and now stays under /transportation-operations/trucks/:id with clean EN/ES and responsive proof.,Dynamic surfaces need parent-workflow governance so they are not mistaken for missing primary navigation.,CERTIFIED
ROUTE-0450,route_surface,YES,YES,YES,YES,Shared Operational Home and Public Entry,pages/transportation/TransportationApp.jsx,98,detail_route,drivers/:id,/,Public / Shared,Parent workflow via /,Parent list or workflow under /,Public / Shared,DETAIL,INTENTIONAL_DYNAMIC_DETAIL,REACHABLE_THROUGH_VALID_WORKFLOW,DETAIL_UNDER:/,PENDING,LEDGER_AND_CERTIFICATION_RATIONALE,2026-08-02 Level 2 transportation certification: driver detail opened from dispatch list and stays under /transportation-operations/drivers/:id with clean EN/ES and responsive proof.,Dynamic surfaces need parent-workflow governance so they are not mistaken for missing primary navigation.,CERTIFIED
ROUTE-0452,route_surface,YES,YES,YES,YES,Shared Operational Home and Public Entry,pages/transportation/TransportationApp.jsx,100,detail_route,carriers/:id,/,Public / Shared,Parent workflow via /,Parent list or workflow under /,Public / Shared,DETAIL,INTENTIONAL_DYNAMIC_DETAIL,REACHABLE_THROUGH_VALID_WORKFLOW,DETAIL_UNDER:/,PENDING,LEDGER_AND_CERTIFICATION_RATIONALE,2026-08-02 Level 2 transportation certification: carrier detail opened from dispatch list and stays under /transportation-operations/carriers/:id with clean EN/ES and responsive proof.,Dynamic surfaces need parent-workflow governance so they are not mistaken for missing primary navigation.,CERTIFIED
ROUTE-0456,route_surface,YES,YES,YES,YES,Shared Operational Home and Public Entry,pages/transportation/TransportationApp.jsx,106,detail_route,academy/:moduleKey,/,Public / Shared,Parent workflow via /,Parent list or workflow under /,Public / Shared,DETAIL,INTENTIONAL_DYNAMIC_DETAIL,REACHABLE_THROUGH_VALID_WORKFLOW,DETAIL_UNDER:/,PENDING,LEDGER_AND_CERTIFICATION_RATIONALE,2026-08-02 Level 2 transportation certification: academy module detail opened from live data with EN/ES and responsive proof.,Dynamic surfaces need parent-workflow governance so they are not mistaken for missing primary navigation.,CERTIFIED
ROUTE-0464,route_surface,NO,YES,YES,YES,Shared Operational Home and Public Entry,pages/transportation/TransportationApp.jsx,126,redirect_route,compliance/documents,/,Public / Shared,"Legacy bookmark, QR, typo, or compatibility route",Legacy alias / compatibility path,Public / Shared,ACTIVE,LEGACY_ALIAS,REDIRECT_CERTIFIED,LEGACY_ALIAS_OF:/,PENDING,LEDGER_AND_CERTIFICATION_RATIONALE,2026-08-02 Level 3 alias certification: compliance/documents now redirects cleanly to canonical documents under the active transportation prefix.,Compatibility and duplicate routes create drift pressure unless a single canonical owner remains explicit.,REDIRECT_CERTIFIED
ROUTE-0465,route_surface,NO,YES,YES,YES,Shared Operational Home and Public Entry,pages/transportation/TransportationApp.jsx,130,redirect_route,compliance/rate-schedules,/,Public / Shared,"Legacy bookmark, QR, typo, or compatibility route",Legacy alias / compatibility path,Public / Shared,ACTIVE,LEGACY_ALIAS,REDIRECT_CERTIFIED,LEGACY_ALIAS_OF:/,PENDING,LEDGER_AND_CERTIFICATION_RATIONALE,2026-08-02 Level 3 alias certification: compliance/rate-schedules now redirects cleanly to canonical rate-schedules under the active transportation prefix.,Compatibility and duplicate routes create drift pressure unless a single canonical owner remains explicit.,REDIRECT_CERTIFIED
ROUTE-0466,route_surface,NO,YES,YES,YES,Shared Operational Home and Public Entry,pages/transportation/TransportationApp.jsx,134,redirect_route,fleet,/,Public / Shared,"Legacy bookmark, QR, typo, or compatibility route",Legacy alias / compatibility path,Public / Shared,ACTIVE,LEGACY_ALIAS,REDIRECT_CERTIFIED,LEGACY_ALIAS_OF:/,PENDING,LEDGER_AND_CERTIFICATION_RATIONALE,2026-08-02 Level 3 alias certification: fleet now redirects cleanly to canonical trucks under the active transportation prefix.,Compatibility and duplicate routes create drift pressure unless a single canonical owner remains explicit.,REDIRECT_CERTIFIED
ROUTE-0467,route_surface,NO,YES,YES,YES,Shared Operational Home and Public Entry,pages/transportation/TransportationApp.jsx,138,redirect_route,fleet/trucks,/,Public / Shared,"Legacy bookmark, QR, typo, or compatibility route",Legacy alias / compatibility path,Public / Shared,ACTIVE,LEGACY_ALIAS,REDIRECT_CERTIFIED,LEGACY_ALIAS_OF:/,PENDING,LEDGER_AND_CERTIFICATION_RATIONALE,2026-08-02 Level 3 alias certification: fleet/trucks now redirects cleanly to canonical trucks under the active transportation prefix.,Compatibility and duplicate routes create drift pressure unless a single canonical owner remains explicit.,REDIRECT_CERTIFIED
ROUTE-0468,route_surface,NO,YES,YES,YES,Shared Operational Home and Public Entry,pages/transportation/TransportationApp.jsx,142,redirect_route,fleet/inspections,/,Public / Shared,"Legacy bookmark, QR, typo, or compatibility route",Legacy alias / compatibility path,Public / Shared,ACTIVE,LEGACY_ALIAS,REDIRECT_CERTIFIED,LEGACY_ALIAS_OF:/,PENDING,LEDGER_AND_CERTIFICATION_RATIONALE,2026-08-02 Level 3 alias certification: fleet/inspections now redirects cleanly to canonical inspections under the active transportation prefix.,Compatibility and duplicate routes create drift pressure unless a single canonical owner remains explicit.,REDIRECT_CERTIFIED
ROUTE-0469,route_surface,NO,YES,YES,YES,Shared Operational Home and Public Entry,pages/transportation/TransportationApp.jsx,146,redirect_route,administration/audit,/,Public / Shared,"Legacy bookmark, QR, typo, or compatibility route",Legacy alias / compatibility path,Public / Shared,ACTIVE,LEGACY_ALIAS,REDIRECT_CERTIFIED,LEGACY_ALIAS_OF:/,PENDING,LEDGER_AND_CERTIFICATION_RATIONALE,2026-08-02 Level 3 alias certification: administration/audit now redirects cleanly to canonical audit under the active transportation prefix.,Compatibility and duplicate routes create drift pressure unless a single canonical owner remains explicit.,REDIRECT_CERTIFIED
ROUTE-0473,route_surface,YES,YES,YES,YES,Shared Operational Home and Public Entry,pages/transportation/_orientation.jsx,46,detail_route,modules/:mid,/,Public / Shared,Parent workflow via /,Parent list or workflow under /,Public / Shared,DETAIL,INTENTIONAL_DYNAMIC_DETAIL,REACHABLE_THROUGH_VALID_WORKFLOW,DETAIL_UNDER:/,PENDING,LEDGER_AND_CERTIFICATION_RATIONALE,2026-08-02 Level 2 shared/public certification: orientation module detail opened from the admin modules list and passed EN/ES plus mobile/desktop proof.,Dynamic surfaces need parent-workflow governance so they are not mistaken for missing primary navigation.,CERTIFIED
ROUTE-0483,route_surface,NO,NO,YES,YES,Administration,frontend/src/pages/admin/Wp17dCertificationDashboard.jsx; frontend/src/app/routing/AppRoutes.jsx,1206,route_screen,/admin/platform-readiness,/admin,Administrator / executive reviewer,Admin-only direct route,Admin-only diagnostics / readiness access,Administrator / executive reviewer,ACTIVE,DEVELOPER_OR_CERTIFICATION_TOOL,ROLE_RESTRICTED_AND_GOVERNED,PRIMARY_INTERNAL_TOOL_ROUTE,CERTIFIED admin batch auth + EN/ES + 390/1440,LEDGER_AND_CERTIFICATION_RATIONALE,Route added to the reconciled denominator at ROUTE-0483 in WP17D_DENOMINATOR_RECONCILIATION.csv.,"Tooling surfaces can leak internal terminology, preview data, or certification context if role scoping ever regresses.",CERTIFIED
ROUTE-0484,route_surface,NO,NO,YES,YES,Administration,frontend/src/pages/admin/Wp17dCertificationDashboard.jsx; frontend/src/app/routing/AppRoutes.jsx,1207,route_screen,/admin/wp17d-certification,/admin,Administrator / executive reviewer,Admin-only direct route,Admin-only diagnostics / readiness access,Administrator / executive reviewer,ACTIVE,DEVELOPER_OR_CERTIFICATION_TOOL,ROLE_RESTRICTED_AND_GOVERNED,DUPLICATE_INTERNAL_TOOL_ROUTE_OF:/admin/platform-readiness,CERTIFIED admin batch auth + EN/ES + 390/1440,LEDGER_AND_CERTIFICATION_RATIONALE,Route added to the reconciled denominator at ROUTE-0484 in WP17D_DENOMINATOR_RECONCILIATION.csv.,"Tooling surfaces can leak internal terminology, preview data, or certification context if role scoping ever regresses.",CERTIFIED
