source_file,source_line,declared_route,owner,family,intended_audience,entry_path,navigation_source,role_requirements,intentionally_hidden,hidden_rationale,canonical_relationship,en_es_compliance,responsive_compliance,certification_evidence,governance_evidence
frontend/src/app/routing/AppRoutes.jsx,517,/,Shared platform / public workflow,Shared Operational Home and Public Entry,Public / Shared,Discovery path pending explicit click-proof,Path proof pending,Public / Shared,NO,"Not intentionally hidden; this is a primary, public, or direct authenticated entry surface.",PRIMARY_ROUTE,CERTIFIED,CERTIFIED,CERTIFIED 390/430/768/1024/1440 + auth/ES,Ledger row already carries certification evidence.
frontend/src/app/routing/AppRoutes.jsx,518,/revise/:token,Shared platform / public workflow,Shared Operational Home and Public Entry,Public / Shared,Token or email handoff,Token or email workflow,Public / Shared,YES,"Surface is meant to open from a tokenized email, QR, or continuity link instead of global navigation.",PRIMARY_ROUTE,CERTIFIED,CERTIFIED,CERTIFIED,2026-08-02 Level 3 shared/public certification: revise token route verified to render the intentional invalid-token state cleanly with no runtime defects.
frontend/src/app/routing/AppRoutes.jsx,519,/safety,Shared platform / public workflow,Shared Operational Home and Public Entry,Public / Shared,Discovery path pending explicit click-proof,Path proof pending,Public / Shared,NO,"Not intentionally hidden; this is a primary, public, or direct authenticated entry surface.",PRIMARY_ROUTE,CERTIFIED,CERTIFIED,CERTIFIED,2026-08-02 Level 2 Safety certification: public safety entry route opened cleanly in EN/ES with responsive proof.
frontend/src/app/routing/AppRoutes.jsx,520,/safety/forms/login,Safety Operations,Safety Operations,Safety operator / public safety user,Direct sign-in route,Path proof pending,Safety operator / public safety user,NO,"Not intentionally hidden; this is a primary, public, or direct authenticated entry surface.",PRIMARY_ROUTE,CERTIFIED,CERTIFIED,CERTIFIED auth + ES + 390 + no overflow,"Certified after shared auth/session fix + governed hero-shell convergence + ES/mobile login proof (`iteration_108`, screenshot 20260802_023255)."
frontend/src/app/routing/AppRoutes.jsx,521,/safety/forms,Safety Operations,Safety Operations,Safety operator / public safety user,Discovery path pending explicit click-proof,Path proof pending,Safety operator / public safety user,NO,"Not intentionally hidden; this is a primary, public, or direct authenticated entry surface.",PRIMARY_ROUTE,CERTIFIED,CERTIFIED,CERTIFIED safety shell + EN/ES + responsive proof (2026-08-02),"Certified after shared Safety sidebar localization fix plus family re-audit at 1440 + 390 (`auto_frontend_testing_agent`, 2026-08-02); route now renders governed Spanish chrome cleanly."
frontend/src/app/routing/AppRoutes.jsx,522,/safety/forms/equipment-issuance/new,Safety Operations,Safety Operations,Safety operator / public safety user,Discovery path pending explicit click-proof,Path proof pending,Safety operator / public safety user,NO,"Not intentionally hidden; this is a primary, public, or direct authenticated entry surface.",PRIMARY_ROUTE,CERTIFIED,CERTIFIED,CERTIFIED safety shell + EN/ES + responsive proof (2026-08-02),"Certified after shared Safety sidebar localization fix plus family re-audit at 1440 + 390 (`auto_frontend_testing_agent`, 2026-08-02); route now renders governed Spanish chrome cleanly."
frontend/src/app/routing/AppRoutes.jsx,523,/safety/forms/equipment-issuance/:id,Safety Operations,Safety Operations,Safety operator / public safety user,Discovery path pending explicit click-proof,Path proof pending,Safety operator / public safety user,YES,"Surface is reached from a parent list, card, or workflow with a runtime record id rather than from primary navigation.",PRIMARY_ROUTE,CERTIFIED,CERTIFIED,CERTIFIED responsive + live fixture,Ledger row already carries certification evidence.
frontend/src/app/routing/AppRoutes.jsx,524,/safety/forms/equipment-issuance/:id/return,Safety Operations,Safety Operations,Safety operator / public safety user,Discovery path pending explicit click-proof,Path proof pending,Safety operator / public safety user,YES,"Surface is reached from a parent list, card, or workflow with a runtime record id rather than from primary navigation.",PRIMARY_ROUTE,CERTIFIED,CERTIFIED,CERTIFIED fixture-backed safety return proof (2026-08-02),2026-08-02 Level 1 Safety certification: issuance return route verified with fixture id 54e109fe-14d4-42a7-bb49-16ce4e8877a4 and responsive proof.
frontend/src/app/routing/AppRoutes.jsx,525,/safety/forms/equipment-training/new,Safety Operations,Safety Operations,Safety operator / public safety user,Discovery path pending explicit click-proof,Path proof pending,Safety operator / public safety user,NO,"Not intentionally hidden; this is a primary, public, or direct authenticated entry surface.",PRIMARY_ROUTE,CERTIFIED,CERTIFIED,CERTIFIED safety shell + EN/ES + responsive proof (2026-08-02),"Certified after shared Safety sidebar localization fix plus family re-audit at 1440 + 390 (`auto_frontend_testing_agent`, 2026-08-02); route now renders governed Spanish chrome cleanly."
frontend/src/app/routing/AppRoutes.jsx,526,/safety/forms/equipment-training/:id,Safety Operations,Safety Operations,Safety operator / public safety user,Discovery path pending explicit click-proof,Path proof pending,Safety operator / public safety user,YES,"Surface is reached from a parent list, card, or workflow with a runtime record id rather than from primary navigation.",PRIMARY_ROUTE,CERTIFIED,CERTIFIED,CERTIFIED responsive + live fixture,Ledger row already carries certification evidence.
frontend/src/app/routing/AppRoutes.jsx,527,/safety/cards,Safety Operations,Safety Operations,Safety operator / public safety user,Discovery path pending explicit click-proof,Path proof pending,Safety operator / public safety user,NO,"Not intentionally hidden; this is a primary, public, or direct authenticated entry surface.",PRIMARY_ROUTE,CERTIFIED,CERTIFIED,CERTIFIED safety shell + EN/ES + responsive proof (2026-08-02),"Certified after shared Safety sidebar localization fix plus family re-audit at 1440 + 390 (`auto_frontend_testing_agent`, 2026-08-02); route now renders governed Spanish chrome cleanly."
frontend/src/app/routing/AppRoutes.jsx,528,/field,Shared platform / public workflow,Shared Operational Home and Public Entry,Public / Shared,Discovery path pending explicit click-proof,Path proof pending,Public / Shared,NO,"Not intentionally hidden; this is a primary, public, or direct authenticated entry surface.",PRIMARY_ROUTE,CERTIFIED,CERTIFIED,CERTIFIED,Certified after direct ES screenshot proof at 1440 + 390 (`20260802_035254`); governed field hub now renders Spanish UI cleanly while retaining the global MASCI Operations Platform identity footer.
frontend/src/app/routing/AppRoutes.jsx,529,/field/calculators,Shared platform / public workflow,Shared Operational Home and Public Entry,Public / Shared,Discovery path pending explicit click-proof,Path proof pending,Public / Shared,NO,"Not intentionally hidden; this is a primary, public, or direct authenticated entry surface.",PRIMARY_ROUTE,CERTIFIED,CERTIFIED,CERTIFIED,"Certified after direct ES screenshot proof at 1440 + 390 (`20260802_035254`); calculator shell, governed selects, and responsive layout held without route-local drift."
frontend/src/app/routing/AppRoutes.jsx,530,/qaqc,Shared platform / public workflow,Shared Operational Home and Public Entry,Public / Shared,Discovery path pending explicit click-proof,Path proof pending,Public / Shared,NO,"Not intentionally hidden; this is a primary, public, or direct authenticated entry surface.",PRIMARY_ROUTE,CERTIFIED,CERTIFIED,CERTIFIED,"2026-08-02 Level 2 shared/public certification: QA/QC public hub passed EN/ES, responsive proof, and route-specific navigation checks."
frontend/src/app/routing/AppRoutes.jsx,531,/qa-qc,Shared platform / public workflow,Shared Operational Home and Public Entry,Public / Shared,Discovery path pending explicit click-proof,Path proof pending,Public / Shared,YES,"Surface is reached from a parent list, card, or workflow with a runtime record id rather than from primary navigation.",PRIMARY_ROUTE,CERTIFIED,CERTIFIED,CERTIFIED,"Legacy alias audited in ES at 1440 + 390 (`auto_frontend_testing_agent`, 2026-08-02); redirects cleanly to canonical `/qaqc`, which passed without overflow or English chrome leaks."
frontend/src/app/routing/AppRoutes.jsx,532,/qaqc/:slug/new,Shared platform / public workflow,Shared Operational Home and Public Entry,Public / Shared,Discovery path pending explicit click-proof,Path proof pending,Public / Shared,YES,"Surface is reached from a parent list, card, or workflow with a runtime record id rather than from primary navigation.",PRIMARY_ROUTE,CERTIFIED,CERTIFIED,CERTIFIED,2026-08-02 Level 1 shared/public certification: discovered concrete-form create route passed EN/ES and mobile/desktop proof after sticky-footer overflow fix.
frontend/src/app/routing/AppRoutes.jsx,533,/qaqc/:id,Shared platform / public workflow,Shared Operational Home and Public Entry,Public / Shared,Discovery path pending explicit click-proof,Path proof pending,Public / Shared,YES,"Surface is reached from a parent list, card, or workflow with a runtime record id rather than from primary navigation.",PRIMARY_ROUTE,CERTIFIED,CERTIFIED,CERTIFIED 390/768/1024/1440,Ledger row already carries certification evidence.
frontend/src/app/routing/AppRoutes.jsx,534,/admin/qaqc,Administration,Administration,Administrator / executive reviewer,Discovery path pending explicit click-proof,Path proof pending,Administrator / executive reviewer,NO,"Not intentionally hidden; this is a primary, public, or direct authenticated entry surface.",PRIMARY_ROUTE,CERTIFIED,CERTIFIED,CERTIFIED admin shell + EN/ES + responsive proof (2026-08-02),"Certified after direct admin audit in ES at 1440 + 390 (`auto_frontend_testing_agent`, 2026-08-02); route passed with governed shell chrome, no overflow, and no visible English leaks."
frontend/src/app/routing/AppRoutes.jsx,535,/admin/transportation/*,Administration,Administration,Administrator / executive reviewer,Discovery path pending explicit click-proof,Path proof pending,Administrator / executive reviewer,YES,"Surface is reached from a parent list, card, or workflow with a runtime record id rather than from primary navigation.",PRIMARY_ROUTE,CERTIFIED,CERTIFIED,CERTIFIED wildcard inheritance from certified admin transportation routes (2026-08-05),"Certified after shared transportation-shell/i18n convergence plus direct ES proof at 1440 + 390 (`20260802_034413`, `20260802_034525`); admin transportation family now renders governed Spanish navigation, cards, and mission shell cleanly."
frontend/src/app/routing/AppRoutes.jsx,540,/transportation-operations/*,Transportation Operations,Transportation Operations,Transportation / Dispatch / Carrier,Discovery path pending explicit click-proof,Path proof pending,Transportation / Dispatch / Carrier,YES,"Surface is reached from a parent list, card, or workflow with a runtime record id rather than from primary navigation.",PRIMARY_ROUTE,CERTIFIED,CERTIFIED,CERTIFIED wildcard inheritance from certified transport routes (2026-08-05),"Certified after dispatch-side transportation-shell recertification and direct ES proof at 1440 + 390 (`20260802_035444`, `20260802_035511`); shared mission-control family now holds without mixed-language shell leaks. Child routes now carry closure, so the wildcard inherits the family certification."
frontend/src/app/routing/AppRoutes.jsx,541,/admin/photos,Administration,Administration,Administrator / executive reviewer,Discovery path pending explicit click-proof,Path proof pending,Administrator / executive reviewer,NO,"Not intentionally hidden; this is a primary, public, or direct authenticated entry surface.",PRIMARY_ROUTE,CERTIFIED,CERTIFIED,CERTIFIED admin photos + responsive proof (2026-08-02),"Certified after focused re-audit in ES at 1440 + 390 (`auto_frontend_testing_agent`, 2026-08-02); photo library chrome, governed controls, and responsive layout all passed. English project names were fixture data only."
frontend/src/app/routing/AppRoutes.jsx,549,/constraints,Shared platform / public workflow,Shared Operational Home and Public Entry,Public / Shared,Discovery path pending explicit click-proof,Path proof pending,Public / Shared,NO,"Not intentionally hidden; this is a primary, public, or direct authenticated entry surface.",PRIMARY_ROUTE,CERTIFIED,CERTIFIED,CERTIFIED,2026-08-02 Level 2 shared/public certification: constraints hub passed EN/ES and responsive proof.
frontend/src/app/routing/AppRoutes.jsx,550,/constraints/new,Shared platform / public workflow,Shared Operational Home and Public Entry,Public / Shared,Discovery path pending explicit click-proof,Path proof pending,Public / Shared,NO,"Not intentionally hidden; this is a primary, public, or direct authenticated entry surface.",PRIMARY_ROUTE,CERTIFIED,CERTIFIED,CERTIFIED,2026-08-02 Level 2 shared/public certification: route verified as a clean permission-gated no-access consumer for the current admin role with correct RBAC messaging and no runtime defects.
frontend/src/app/routing/AppRoutes.jsx,551,/constraints/:id,Shared platform / public workflow,Shared Operational Home and Public Entry,Public / Shared,Discovery path pending explicit click-proof,Path proof pending,Public / Shared,YES,"Surface is reached from a parent list, card, or workflow with a runtime record id rather than from primary navigation.",PRIMARY_ROUTE,CERTIFIED,CERTIFIED,CERTIFIED,2026-08-02 Level 3 shared/public certification: constraint detail route verified to handle invalid ids gracefully with clean error state.
frontend/src/app/routing/AppRoutes.jsx,554,/leadership,Field Leadership,Field Leadership,Field Leadership / admin reviewer,Discovery path pending explicit click-proof,Path proof pending,Field Leadership / admin reviewer,NO,"Not intentionally hidden; this is a primary, public, or direct authenticated entry surface.",PRIMARY_ROUTE,EVIDENCE_RECORDED,EVIDENCE_RECORDED,CERTIFIED operator-language + load proof (2026-08-03),"Reachable route known, but no route-level certification evidence yet."
frontend/src/app/routing/AppRoutes.jsx,557,/leadership/hub_v2,Field Leadership,Field Leadership,Field Leadership / admin reviewer,Discovery path pending explicit click-proof,Path proof pending,Field Leadership / admin reviewer,NO,"Not intentionally hidden; this is a primary, public, or direct authenticated entry surface.",PRIMARY_ROUTE,EVIDENCE_RECORDED,EVIDENCE_RECORDED,CERTIFIED operator-language + load proof (2026-08-03),"Reachable route known, but no route-level certification evidence yet."
frontend/src/app/routing/AppRoutes.jsx,561,/leadership/records,Field Leadership,Field Leadership,Field Leadership / admin reviewer,Discovery path pending explicit click-proof,Path proof pending,Field Leadership / admin reviewer,NO,"Not intentionally hidden; this is a primary, public, or direct authenticated entry surface.",PRIMARY_ROUTE,EVIDENCE_RECORDED,EVIDENCE_RECORDED,CERTIFIED operator-language + load proof (2026-08-03),"Reachable route known, but no route-level certification evidence yet."
frontend/src/app/routing/AppRoutes.jsx,562,/leadership/records/:id,Field Leadership,Field Leadership,Field Leadership / admin reviewer,Discovery path pending explicit click-proof,Path proof pending,Field Leadership / admin reviewer,YES,"Surface is reached from a parent list, card, or workflow with a runtime record id rather than from primary navigation.",PRIMARY_ROUTE,EVIDENCE_RECORDED,EVIDENCE_RECORDED,CERTIFIED operator-language + deep-link proof (2026-08-03),Surface discovered from source/runtime inventory and still lacks direct runtime proof.
frontend/src/app/routing/AppRoutes.jsx,563,/leadership/:kind/new,Field Leadership,Field Leadership,Field Leadership / admin reviewer,Discovery path pending explicit click-proof,Path proof pending,Field Leadership / admin reviewer,YES,"Surface is reached from a parent list, card, or workflow with a runtime record id rather than from primary navigation.",PRIMARY_ROUTE,EVIDENCE_RECORDED,EVIDENCE_RECORDED,CERTIFIED operator-language + deep-link proof (2026-08-03),Surface discovered from source/runtime inventory and still lacks direct runtime proof.
frontend/src/app/routing/AppRoutes.jsx,568,/safety/inspections/new,Safety Operations,Safety Operations,Safety operator / public safety user,Discovery path pending explicit click-proof,Path proof pending,Safety operator / public safety user,NO,"Not intentionally hidden; this is a primary, public, or direct authenticated entry surface.",PRIMARY_ROUTE,CERTIFIED,CERTIFIED,CERTIFIED safety shell + EN/ES + responsive proof (2026-08-02),"Certified after shared Safety sidebar localization fix plus family re-audit at 1440 + 390 (`auto_frontend_testing_agent`, 2026-08-02); route now renders governed Spanish chrome cleanly."
frontend/src/app/routing/AppRoutes.jsx,569,/inspect/new,Shared platform / public workflow,Shared Operational Home and Public Entry,Public / Shared,Discovery path pending explicit click-proof,Path proof pending,Public / Shared,NO,"Not intentionally hidden; this is a primary, public, or direct authenticated entry surface.",PRIMARY_ROUTE,PENDING_REVIEW,PENDING_REVIEW,PENDING,2026-08-02 Level 3 redirect certification: legacy /inspect/new route correctly hands off through auth to canonical /safety/inspections/new.
frontend/src/app/routing/AppRoutes.jsx,570,/submit,Shared platform / public workflow,Shared Operational Home and Public Entry,Public / Shared,Discovery path pending explicit click-proof,Path proof pending,Public / Shared,NO,"Not intentionally hidden; this is a primary, public, or direct authenticated entry surface.",PRIMARY_ROUTE,PENDING_REVIEW,PENDING_REVIEW,PENDING,2026-08-02 Level 3 redirect certification: legacy /submit route correctly hands off through auth to canonical /safety/inspections/new with returnTo.
frontend/src/app/routing/AppRoutes.jsx,571,/inspections/submit,Shared platform / public workflow,Shared Operational Home and Public Entry,Public / Shared,Discovery path pending explicit click-proof,Path proof pending,Public / Shared,NO,"Not intentionally hidden; this is a primary, public, or direct authenticated entry surface.",PRIMARY_ROUTE,PENDING_REVIEW,PENDING_REVIEW,PENDING,2026-08-02 Level 3 redirect certification: legacy /inspections/submit route cleanly hands off through auth to canonical /safety/inspections/new with correct returnTo behavior.
frontend/src/app/routing/AppRoutes.jsx,572,/inspections/new,Shared platform / public workflow,Shared Operational Home and Public Entry,Public / Shared,Discovery path pending explicit click-proof,Path proof pending,Public / Shared,NO,"Not intentionally hidden; this is a primary, public, or direct authenticated entry surface.",PRIMARY_ROUTE,PENDING_REVIEW,PENDING_REVIEW,PENDING,2026-08-02 Level 3 redirect certification: legacy /inspections/new route cleanly hands off through auth to canonical /safety/inspections/new with correct returnTo behavior.
frontend/src/app/routing/AppRoutes.jsx,574,/meetings/new,Shared platform / public workflow,Shared Operational Home and Public Entry,Public / Shared,Discovery path pending explicit click-proof,Path proof pending,Public / Shared,NO,"Not intentionally hidden; this is a primary, public, or direct authenticated entry surface.",PRIMARY_ROUTE,CERTIFIED,CERTIFIED,CERTIFIED,2026-08-02 Level 1 Safety certification: authenticated meeting-create route opened cleanly and inherits the governed meeting workflow surface.
frontend/src/app/routing/AppRoutes.jsx,575,/meetings/submit,Shared platform / public workflow,Shared Operational Home and Public Entry,Public / Shared,Discovery path pending explicit click-proof,Path proof pending,Public / Shared,NO,"Not intentionally hidden; this is a primary, public, or direct authenticated entry surface.",PRIMARY_ROUTE,CERTIFIED,CERTIFIED,CERTIFIED,2026-08-02 Level 1 Safety certification: public meeting submission route passed EN/ES and responsive proof with form controls present.
frontend/src/app/routing/AppRoutes.jsx,577,/jha,Shared platform / public workflow,Shared Operational Home and Public Entry,Public / Shared,Discovery path pending explicit click-proof,Path proof pending,Public / Shared,NO,"Not intentionally hidden; this is a primary, public, or direct authenticated entry surface.",PRIMARY_ROUTE,CERTIFIED,CERTIFIED,CERTIFIED 390/430 + desktop,Ledger row already carries certification evidence.
frontend/src/app/routing/AppRoutes.jsx,578,/jha/submit,Shared platform / public workflow,Shared Operational Home and Public Entry,Public / Shared,Discovery path pending explicit click-proof,Path proof pending,Public / Shared,YES,"Surface is reached from a parent list, card, or workflow with a runtime record id rather than from primary navigation.",PRIMARY_ROUTE,CERTIFIED,CERTIFIED,CERTIFIED,"Legacy alias audited in ES at 1440 + 390 (`auto_frontend_testing_agent`, 2026-08-02); redirects cleanly to canonical `/jha`, which passed."
frontend/src/app/routing/AppRoutes.jsx,579,/jha/new,Shared platform / public workflow,Shared Operational Home and Public Entry,Public / Shared,Discovery path pending explicit click-proof,Path proof pending,Public / Shared,YES,"Surface is reached from a parent list, card, or workflow with a runtime record id rather than from primary navigation.",PRIMARY_ROUTE,CERTIFIED,CERTIFIED,CERTIFIED,"Legacy alias audited in ES at 1440 + 390 (`auto_frontend_testing_agent`, 2026-08-02); redirects cleanly to canonical `/jha`, which passed."
frontend/src/app/routing/AppRoutes.jsx,581,/trench-boxes,Shared platform / public workflow,Shared Operational Home and Public Entry,Public / Shared,Discovery path pending explicit click-proof,Path proof pending,Public / Shared,YES,"Surface is reached from a parent list, card, or workflow with a runtime record id rather than from primary navigation.",PRIMARY_ROUTE,CERTIFIED,CERTIFIED,CERTIFIED,"Legacy alias audited in ES at 1440 + 390 (`auto_frontend_testing_agent`, 2026-08-02); redirects cleanly to canonical `/trench-safety/tabulated-data`, which passed."
frontend/src/app/routing/AppRoutes.jsx,583,/trench-safety,Shared platform / public workflow,Shared Operational Home and Public Entry,Public / Shared,Discovery path pending explicit click-proof,Path proof pending,Public / Shared,NO,"Not intentionally hidden; this is a primary, public, or direct authenticated entry surface.",PRIMARY_ROUTE,CERTIFIED,CERTIFIED,CERTIFIED 390/768/1024/1440,Ledger row already carries certification evidence.
frontend/src/app/routing/AppRoutes.jsx,585,/trench-safety/tabulated-data,Shared platform / public workflow,Shared Operational Home and Public Entry,Public / Shared,Discovery path pending explicit click-proof,Path proof pending,Public / Shared,NO,"Not intentionally hidden; this is a primary, public, or direct authenticated entry surface.",PRIMARY_ROUTE,CERTIFIED,CERTIFIED,CERTIFIED 390/768/1024/1440,Ledger row already carries certification evidence.
frontend/src/app/routing/AppRoutes.jsx,586,/trench-safety/references,Shared platform / public workflow,Shared Operational Home and Public Entry,Public / Shared,Discovery path pending explicit click-proof,Path proof pending,Public / Shared,NO,"Not intentionally hidden; this is a primary, public, or direct authenticated entry surface.",PRIMARY_ROUTE,CERTIFIED,CERTIFIED,CERTIFIED 390/768/1024/1440,Ledger row already carries certification evidence.
frontend/src/app/routing/AppRoutes.jsx,587,/trench-safety/report,Shared platform / public workflow,Shared Operational Home and Public Entry,Public / Shared,Discovery path pending explicit click-proof,Path proof pending,Public / Shared,NO,"Not intentionally hidden; this is a primary, public, or direct authenticated entry surface.",PRIMARY_ROUTE,CERTIFIED,CERTIFIED,CERTIFIED 390/768/1024/1440,Ledger row already carries certification evidence.
frontend/src/app/routing/AppRoutes.jsx,589,/trench-safety/assets/:assetId,Shared platform / public workflow,Shared Operational Home and Public Entry,Public / Shared,Discovery path pending explicit click-proof,Path proof pending,Public / Shared,YES,"Surface is reached from a parent list, card, or workflow with a runtime record id rather than from primary navigation.",PRIMARY_ROUTE,CERTIFIED,CERTIFIED,CERTIFIED 390/768/1024/1440,Ledger row already carries certification evidence.
frontend/src/app/routing/AppRoutes.jsx,591,/transport-invite/:token,Transportation Operations,Transportation Operations,Transportation / Dispatch / Carrier,Token or email handoff,Token or email workflow,Transportation / Dispatch / Carrier,YES,"Surface is meant to open from a tokenized email, QR, or continuity link instead of global navigation.",PRIMARY_ROUTE,CERTIFIED,CERTIFIED,CERTIFIED 390/768/1024/1440,Ledger row already carries certification evidence.
frontend/src/app/routing/AppRoutes.jsx,592,/transport-verify/:cnum,Transportation Operations,Transportation Operations,Transportation / Dispatch / Carrier,Discovery path pending explicit click-proof,Bounded public workflow,Transportation / Dispatch / Carrier,YES,"Surface is meant to open from a bounded public workflow, not from the authenticated navigation tree.",PRIMARY_ROUTE,CERTIFIED,CERTIFIED,CERTIFIED 390/768/1024/1440,Ledger row already carries certification evidence.
frontend/src/app/routing/AppRoutes.jsx,600,/incidents/new,Shared platform / public workflow,Shared Operational Home and Public Entry,Public / Shared,Discovery path pending explicit click-proof,Path proof pending,Public / Shared,YES,"Surface is reached from a parent list, card, or workflow with a runtime record id rather than from primary navigation.",PRIMARY_ROUTE,CERTIFIED,CERTIFIED,CERTIFIED,"Legacy alias audited in ES at 1440 + 390 (`auto_frontend_testing_agent`, 2026-08-02); redirects cleanly to canonical `/incidents/report`, which passed."
frontend/src/app/routing/AppRoutes.jsx,601,/incidents/submit,Shared platform / public workflow,Shared Operational Home and Public Entry,Public / Shared,Discovery path pending explicit click-proof,Path proof pending,Public / Shared,YES,"Surface is reached from a parent list, card, or workflow with a runtime record id rather than from primary navigation.",PRIMARY_ROUTE,CERTIFIED,CERTIFIED,CERTIFIED,"Legacy alias audited in ES at 1440 + 390 (`auto_frontend_testing_agent`, 2026-08-02); redirects cleanly to canonical `/incidents/report`, which passed."
frontend/src/app/routing/AppRoutes.jsx,603,/incidents/report,Shared platform / public workflow,Shared Operational Home and Public Entry,Public / Shared,Discovery path pending explicit click-proof,Path proof pending,Public / Shared,NO,"Not intentionally hidden; this is a primary, public, or direct authenticated entry surface.",PRIMARY_ROUTE,CERTIFIED,CERTIFIED,CERTIFIED,2026-08-02 Level 1 Safety certification: public incident-report route passed EN/ES and responsive proof with all incident-type entry cards present.
frontend/src/app/routing/AppRoutes.jsx,605,/near-miss,Shared platform / public workflow,Shared Operational Home and Public Entry,Public / Shared,Discovery path pending explicit click-proof,Path proof pending,Public / Shared,NO,"Not intentionally hidden; this is a primary, public, or direct authenticated entry surface.",PRIMARY_ROUTE,CERTIFIED,CERTIFIED,CERTIFIED 390/768/1024/1440,Ledger row already carries certification evidence.
frontend/src/app/routing/AppRoutes.jsx,607,/safety/cases/:caseId,Safety Operations,Safety Operations,Safety operator / public safety user,Discovery path pending explicit click-proof,Path proof pending,Safety operator / public safety user,YES,"Surface is reached from a parent list, card, or workflow with a runtime record id rather than from primary navigation.",PRIMARY_ROUTE,CERTIFIED,CERTIFIED,CERTIFIED fixture-backed safety case proof (2026-08-02),"2026-08-02 Level 2 Safety certification: case workspace verified with discovered case INC-2026-00826 (71477b5c-13fe-4f25-9ba0-d156bf47912c), EN/ES, and responsive proof."
frontend/src/app/routing/AppRoutes.jsx,612,/safety/incidents/:caseId/thread,Safety Operations,Safety Operations,Safety operator / public safety user,Discovery path pending explicit click-proof,Path proof pending,Safety operator / public safety user,YES,"Surface is reached from a parent list, card, or workflow with a runtime record id rather than from primary navigation.",PRIMARY_ROUTE,CERTIFIED,CERTIFIED,CERTIFIED fixture-backed safety thread proof (2026-08-02),2026-08-02 Level 2 Safety certification: incident operational thread verified with case INC-2026-00826 and responsive proof.
frontend/src/app/routing/AppRoutes.jsx,614,/safety/executive-intelligence,Safety Operations,Safety Operations,Safety operator / public safety user,Discovery path pending explicit click-proof,Path proof pending,Safety operator / public safety user,NO,"Not intentionally hidden; this is a primary, public, or direct authenticated entry surface.",PRIMARY_ROUTE,CERTIFIED,CERTIFIED,CERTIFIED safety shell + EN/ES + responsive proof (2026-08-02),"Certified after shared Safety sidebar localization fix plus family re-audit at 1440 + 390 (`auto_frontend_testing_agent`, 2026-08-02); route now renders governed Spanish chrome cleanly."
frontend/src/app/routing/AppRoutes.jsx,616,/safety/cases/:caseId/reports/:reportType,Safety Operations,Safety Operations,Safety operator / public safety user,Discovery path pending explicit click-proof,Path proof pending,Safety operator / public safety user,YES,"Surface is reached from a parent list, card, or workflow with a runtime record id rather than from primary navigation.",PRIMARY_ROUTE,CERTIFIED,CERTIFIED,CERTIFIED fixture-backed safety report proof (2026-08-02),2026-08-02 Level 2 Safety certification: case report route verified with case INC-2026-00826 and reportType incident.
frontend/src/app/routing/AppRoutes.jsx,618,/safety/cases/:caseId/executive-report,Safety Operations,Safety Operations,Safety operator / public safety user,Discovery path pending explicit click-proof,Path proof pending,Safety operator / public safety user,YES,"Surface is reached from a parent list, card, or workflow with a runtime record id rather than from primary navigation.",PRIMARY_ROUTE,PENDING_REVIEW,PENDING_REVIEW,PENDING,"2026-08-02 exact blocker: route exists, but valid case 71477b5c-13fe-4f25-9ba0-d156bf47912c returns 404 on executive-report; prerequisite is a seeded case/report condition or backend availability for executive report generation."
frontend/src/app/routing/AppRoutes.jsx,624,/daily/new,Shared platform / public workflow,Shared Operational Home and Public Entry,Public / Shared,Browser proof 2026-08-01: direct alias route,/daily/new → /daily/submit (browser proof 2026-08-01),Public / Shared,YES,"Surface is reached from a parent list, card, or workflow with a runtime record id rather than from primary navigation.",PRIMARY_ROUTE,CERTIFIED,CERTIFIED,CERTIFIED,Alias/redirect proven by canonical browser evidence and source redirect mapping.
frontend/src/app/routing/AppRoutes.jsx,625,/daily/submit,Shared platform / public workflow,Shared Operational Home and Public Entry,Public / Shared,Discovery path pending explicit click-proof,Path proof pending,Public / Shared,NO,"Not intentionally hidden; this is a primary, public, or direct authenticated entry surface.",PRIMARY_ROUTE,CERTIFIED,CERTIFIED,CERTIFIED,Certified after direct screenshot proof and shared translation fixes (`20260802_151534`); route now renders governed Spanish workflow copy and action chrome cleanly.
frontend/src/app/routing/AppRoutes.jsx,627,/equipment/new,Shared platform / public workflow,Shared Operational Home and Public Entry,Public / Shared,Discovery path pending explicit click-proof,Path proof pending,Public / Shared,NO,"Not intentionally hidden; this is a primary, public, or direct authenticated entry surface.",PRIMARY_ROUTE,CERTIFIED,CERTIFIED,CERTIFIED,"Certified after direct ES proof at 1440 + 390 (`20260802_035254`); pre-op equipment inspection now holds governed Spanish copy, responsive layout, and governed capture controls."
frontend/src/app/routing/AppRoutes.jsx,628,/equipment/submit,Shared platform / public workflow,Shared Operational Home and Public Entry,Public / Shared,Discovery path pending explicit click-proof,Path proof pending,Public / Shared,NO,"Not intentionally hidden; this is a primary, public, or direct authenticated entry surface.",PRIMARY_ROUTE,CERTIFIED,CERTIFIED,CERTIFIED,2026-08-02 Level 1 Safety certification: public equipment inspection submission route passed responsive proof with required form controls present.
frontend/src/app/routing/AppRoutes.jsx,629,/equipment/:id,Shared platform / public workflow,Shared Operational Home and Public Entry,Public / Shared,Discovery path pending explicit click-proof,Path proof pending,Public / Shared,YES,"Surface is reached from a parent list, card, or workflow with a runtime record id rather than from primary navigation.",REDIRECTS_TO:/admin/equipment/:id,CERTIFIED,CERTIFIED,CERTIFIED,2026-08-02 Level 3 redirect certification: public equipment detail alias redirects to canonical /admin/equipment/:id with correct auth gating.
frontend/src/app/routing/AppRoutes.jsx,632,/fleet/dvir/new,Shared platform / public workflow,Shared Operational Home and Public Entry,Public / Shared,Discovery path pending explicit click-proof,Path proof pending,Public / Shared,NO,"Not intentionally hidden; this is a primary, public, or direct authenticated entry surface.",PRIMARY_ROUTE,PENDING_REVIEW,PENDING_REVIEW,PENDING,2026-08-02 Level 1 transportation-adjacent certification: public DVIR create surface rendered cleanly in EN/ES with responsive form controls and preview-safe input checks.
frontend/src/app/routing/AppRoutes.jsx,633,/fleet/dvir/submit,Shared platform / public workflow,Shared Operational Home and Public Entry,Public / Shared,Discovery path pending explicit click-proof,Path proof pending,Public / Shared,NO,"Not intentionally hidden; this is a primary, public, or direct authenticated entry surface.",PRIMARY_ROUTE,PENDING_REVIEW,PENDING_REVIEW,PENDING,2026-08-02 Level 1 transportation-adjacent certification: DVIR submit entry surface rendered cleanly in EN/ES with responsive form controls and preview-safe input checks.
frontend/src/app/routing/AppRoutes.jsx,635,/fleet/weekly-lead/new,Shared platform / public workflow,Shared Operational Home and Public Entry,Public / Shared,Discovery path pending explicit click-proof,Path proof pending,Public / Shared,NO,"Not intentionally hidden; this is a primary, public, or direct authenticated entry surface.",PRIMARY_ROUTE,CERTIFIED,CERTIFIED,CERTIFIED,2026-08-02 Level 1 shared/public certification: weekly lead inspection create surface passed EN/ES and responsive proof with required controls present.
frontend/src/app/routing/AppRoutes.jsx,636,/fleet/weekly-emergency/new,Shared platform / public workflow,Shared Operational Home and Public Entry,Public / Shared,Discovery path pending explicit click-proof,Path proof pending,Public / Shared,NO,"Not intentionally hidden; this is a primary, public, or direct authenticated entry surface.",PRIMARY_ROUTE,CERTIFIED,CERTIFIED,CERTIFIED,2026-08-02 Level 1 shared/public certification: weekly emergency inspection create surface passed EN/ES and responsive proof with required controls present.
frontend/src/app/routing/AppRoutes.jsx,637,/fleet/dvir/submitted/:id,Shared platform / public workflow,Shared Operational Home and Public Entry,Public / Shared,Discovery path pending explicit click-proof,Path proof pending,Public / Shared,YES,"Surface is reached from a parent list, card, or workflow with a runtime record id rather than from primary navigation.",PRIMARY_ROUTE,PENDING_REVIEW,PENDING_REVIEW,PENDING,"2026-08-02 exact blocker: no real preview-safe DVIR submission id is naturally available, and honest confirmation-route proof requires a live submitted record."
frontend/src/app/routing/AppRoutes.jsx,639,/thank-you,Shared platform / public workflow,Shared Operational Home and Public Entry,Public / Shared,Discovery path pending explicit click-proof,Path proof pending,Public / Shared,NO,"Not intentionally hidden; this is a primary, public, or direct authenticated entry surface.",PRIMARY_ROUTE,CERTIFIED,CERTIFIED,CERTIFIED 390/768/1024/1440,Ledger row already carries certification evidence.
frontend/src/app/routing/AppRoutes.jsx,640,/cheatsheet,Shared platform / public workflow,Shared Operational Home and Public Entry,Public / Shared,Discovery path pending explicit click-proof,Path proof pending,Public / Shared,NO,"Not intentionally hidden; this is a primary, public, or direct authenticated entry surface.",PRIMARY_ROUTE,CERTIFIED,CERTIFIED,CERTIFIED 390/768/1024/1440,Ledger row already carries certification evidence.
frontend/src/app/routing/AppRoutes.jsx,641,/cheat-sheet,Shared platform / public workflow,Shared Operational Home and Public Entry,Public / Shared,Discovery path pending explicit click-proof,Path proof pending,Public / Shared,YES,"Surface is reached from a parent list, card, or workflow with a runtime record id rather than from primary navigation.",PRIMARY_ROUTE,CERTIFIED,CERTIFIED,CERTIFIED,"Legacy alias audited in ES at 1440 + 390 (`auto_frontend_testing_agent`, 2026-08-02); redirects cleanly to canonical `/cheatsheet`, which passed."
frontend/src/app/routing/AppRoutes.jsx,647,/reports/daily/new,Shared platform / public workflow,Shared Operational Home and Public Entry,Public / Shared,Browser proof 2026-08-01: direct alias route,/reports/daily/new → /daily/submit (browser proof 2026-08-01),Public / Shared,YES,"Surface is reached from a parent list, card, or workflow with a runtime record id rather than from primary navigation.",PRIMARY_ROUTE,CERTIFIED,CERTIFIED,CERTIFIED,Alias/redirect proven by canonical browser evidence and source redirect mapping.
frontend/src/app/routing/AppRoutes.jsx,648,/daily-reports/new,Shared platform / public workflow,Shared Operational Home and Public Entry,Public / Shared,Browser proof 2026-08-01: direct alias route,/daily-reports/new → /daily/submit (browser proof 2026-08-01),Public / Shared,YES,"Surface is reached from a parent list, card, or workflow with a runtime record id rather than from primary navigation.",PRIMARY_ROUTE,CERTIFIED,CERTIFIED,CERTIFIED,Alias/redirect proven by canonical browser evidence and source redirect mapping.
frontend/src/app/routing/AppRoutes.jsx,656,/daily-reports,Shared platform / public workflow,Shared Operational Home and Public Entry,Public / Shared,Discovery path pending explicit click-proof,Path proof pending,Public / Shared,NO,"Not intentionally hidden; this is a primary, public, or direct authenticated entry surface.",PRIMARY_ROUTE,CERTIFIED,CERTIFIED,CERTIFIED,"2026-08-02 Level 2 transportation-adjacent certification: PM-authenticated daily reports route passed EN/ES, responsive proof, and clean returnTo behavior."
frontend/src/app/routing/AppRoutes.jsx,657,/daily-reports/:id,Shared platform / public workflow,Shared Operational Home and Public Entry,Public / Shared,Browser proof 2026-08-02: detail deep-link alias,PM-auth /daily-reports/:id → /pm/daily/:id; admin-auth /daily-reports/:id → /admin/daily/:id after route fix (browser proof 2026-08-02),Public / Shared,YES,"Surface is reached from a parent list, card, or workflow with a runtime record id rather than from primary navigation.",REDIRECTS_TO_CONTEXTUAL_DETAIL:/admin/daily/:id|/pm/daily/:id,CERTIFIED,CERTIFIED,CERTIFIED,Alias/redirect proven by canonical browser evidence and source redirect mapping.
frontend/src/app/routing/AppRoutes.jsx,658,/safety/jha,Safety Operations,Safety Operations,Safety operator / public safety user,Browser redirect proof 2026-08-02,/safety/jha → /jha (browser proof 2026-08-02),Safety operator / public safety user,YES,"Surface is reached from a parent list, card, or workflow with a runtime record id rather than from primary navigation.",PRIMARY_ROUTE,CERTIFIED,CERTIFIED,CERTIFIED,Browser redirect proof captured 2026-08-02; canonical target verified.
frontend/src/app/routing/AppRoutes.jsx,659,/safety/trench-boxes,Safety Operations,Safety Operations,Safety operator / public safety user,Browser redirect proof 2026-08-02,/safety/trench-boxes → /trench-safety/tabulated-data (browser proof 2026-08-02),Safety operator / public safety user,YES,"Surface is reached from a parent list, card, or workflow with a runtime record id rather than from primary navigation.",PRIMARY_ROUTE,CERTIFIED,CERTIFIED,CERTIFIED,Browser redirect proof captured 2026-08-02; canonical target verified.
frontend/src/app/routing/AppRoutes.jsx,661,/safety/trench-safety,Safety Operations,Safety Operations,Safety operator / public safety user,Discovery path pending explicit click-proof,Path proof pending,Safety operator / public safety user,NO,"Not intentionally hidden; this is a primary, public, or direct authenticated entry surface.",PRIMARY_ROUTE,CERTIFIED,CERTIFIED,CERTIFIED safety shell + EN/ES + responsive proof (2026-08-02),"Certified after shared Safety sidebar localization fix plus family re-audit at 1440 + 390 (`auto_frontend_testing_agent`, 2026-08-02); route now renders governed Spanish chrome cleanly."
frontend/src/app/routing/AppRoutes.jsx,662,/safety/trench-safety/assets,Safety Operations,Safety Operations,Safety operator / public safety user,Discovery path pending explicit click-proof,Path proof pending,Safety operator / public safety user,NO,"Not intentionally hidden; this is a primary, public, or direct authenticated entry surface.",PRIMARY_ROUTE,CERTIFIED,CERTIFIED,CERTIFIED safety shell + EN/ES + responsive proof (2026-08-02),"Certified after shared Safety sidebar localization fix, direct screenshot spot-check, and family re-audit at 1440 + 390 (`20260802_145022`, `auto_frontend_testing_agent`); governed Spanish chrome holds cleanly."
frontend/src/app/routing/AppRoutes.jsx,663,/safety/trench-safety/assets/:assetId,Safety Operations,Safety Operations,Safety operator / public safety user,Discovery path pending explicit click-proof,Path proof pending,Safety operator / public safety user,YES,"Surface is reached from a parent list, card, or workflow with a runtime record id rather than from primary navigation.",PRIMARY_ROUTE,CERTIFIED,CERTIFIED,CERTIFIED fixture-backed trench asset detail proof (2026-08-02),2026-08-02 Level 2 Safety certification: trench-safety asset detail verified with fixture asset TB-01 and responsive proof.
frontend/src/app/routing/AppRoutes.jsx,664,/safety/trench-safety/tabulated-data,Safety Operations,Safety Operations,Safety operator / public safety user,Discovery path pending explicit click-proof,Path proof pending,Safety operator / public safety user,NO,"Not intentionally hidden; this is a primary, public, or direct authenticated entry surface.",PRIMARY_ROUTE,CERTIFIED,CERTIFIED,CERTIFIED safety shell + EN/ES + responsive proof (2026-08-02),"Certified after shared Safety sidebar localization fix plus family re-audit at 1440 + 390 (`auto_frontend_testing_agent`, 2026-08-02); route now renders governed Spanish chrome cleanly."
frontend/src/app/routing/AppRoutes.jsx,665,/safety/trench-safety/reports,Safety Operations,Safety Operations,Safety operator / public safety user,Discovery path pending explicit click-proof,Path proof pending,Safety operator / public safety user,NO,"Not intentionally hidden; this is a primary, public, or direct authenticated entry surface.",PRIMARY_ROUTE,CERTIFIED,CERTIFIED,CERTIFIED safety shell + EN/ES + responsive proof (2026-08-02),"Certified after shared Safety sidebar localization fix plus family re-audit at 1440 + 390 (`auto_frontend_testing_agent`, 2026-08-02); route now renders governed Spanish chrome cleanly."
frontend/src/app/routing/AppRoutes.jsx,666,/safety/trench-safety/excavations,Safety Operations,Safety Operations,Safety operator / public safety user,Discovery path pending explicit click-proof,Path proof pending,Safety operator / public safety user,NO,"Not intentionally hidden; this is a primary, public, or direct authenticated entry surface.",PRIMARY_ROUTE,CERTIFIED,CERTIFIED,CERTIFIED safety shell + EN/ES + responsive proof (2026-08-02),"Certified after shared Safety sidebar localization fix plus family re-audit at 1440 + 390 (`auto_frontend_testing_agent`, 2026-08-02); route now renders governed Spanish chrome cleanly."
frontend/src/app/routing/AppRoutes.jsx,667,/admin/trench-safety/excavations,Administration,Administration,Administrator / executive reviewer,Admin family batch proof 2026-08-02,"/admin/trench-safety/excavations (opened directly with seeded admin session, 2026-08-02)",Administrator / executive reviewer,NO,"Not intentionally hidden; this is a primary, public, or direct authenticated entry surface.",PRIMARY_ROUTE,CERTIFIED,CERTIFIED,CERTIFIED admin batch auth + EN/ES + 390/1440 + operator-language gate,"2026-08-02 Administration operator-language gate batch: shared-shell inheritance, route-specific content/actions, EN/ES localization, responsive 390/1440 behavior, and operator-language compliance verified with seeded admin session."
frontend/src/app/routing/AppRoutes.jsx,668,/trench-safety/excavation/new,Shared platform / public workflow,Shared Operational Home and Public Entry,Public / Shared,Discovery path pending explicit click-proof,Path proof pending,Public / Shared,NO,"Not intentionally hidden; this is a primary, public, or direct authenticated entry surface.",PRIMARY_ROUTE,CERTIFIED,CERTIFIED,CERTIFIED 390/768/1024/1440,Ledger row already carries certification evidence.
frontend/src/app/routing/AppRoutes.jsx,670,/safety/trench-safety/repair-review,Safety Operations,Safety Operations,Safety operator / public safety user,Discovery path pending explicit click-proof,Path proof pending,Safety operator / public safety user,NO,"Not intentionally hidden; this is a primary, public, or direct authenticated entry surface.",PRIMARY_ROUTE,CERTIFIED,CERTIFIED,CERTIFIED safety shell + EN/ES + responsive proof (2026-08-02),"Certified after shared Safety sidebar localization fix plus family re-audit at 1440 + 390 (`auto_frontend_testing_agent`, 2026-08-02); route now renders governed Spanish chrome cleanly."
frontend/src/app/routing/AppRoutes.jsx,671,/safety/trench-safety/field-reports,Safety Operations,Safety Operations,Safety operator / public safety user,Discovery path pending explicit click-proof,Path proof pending,Safety operator / public safety user,NO,"Not intentionally hidden; this is a primary, public, or direct authenticated entry surface.",PRIMARY_ROUTE,CERTIFIED,CERTIFIED,CERTIFIED safety shell + EN/ES + responsive proof (2026-08-02),"Certified after shared Safety sidebar localization fix plus family re-audit at 1440 + 390 (`auto_frontend_testing_agent`, 2026-08-02); route now renders governed Spanish chrome cleanly."
frontend/src/app/routing/AppRoutes.jsx,673,/safety-portal/trench-safety,Safety Operations,Safety Operations,Safety operator / public safety user,Discovery path pending explicit click-proof,Path proof pending,Safety operator / public safety user,YES,"Surface is reached from a parent list, card, or workflow with a runtime record id rather than from primary navigation.",PRIMARY_ROUTE,CERTIFIED,CERTIFIED,CERTIFIED,"Certified after safety-auth audit in ES at 1440 + 390 (`auto_frontend_testing_agent`, 2026-08-02); route passed with no overflow or English chrome leaks."
frontend/src/app/routing/AppRoutes.jsx,674,/safety-portal/trench-safety/assets,Safety Operations,Safety Operations,Safety operator / public safety user,Discovery path pending explicit click-proof,Path proof pending,Safety operator / public safety user,YES,"Surface is reached from a parent list, card, or workflow with a runtime record id rather than from primary navigation.",PRIMARY_ROUTE,CERTIFIED,CERTIFIED,CERTIFIED,"Certified after safety-auth audit in ES at 1440 + 390 (`auto_frontend_testing_agent`, 2026-08-02); route passed with governed controls and no visible drift."
frontend/src/app/routing/AppRoutes.jsx,675,/safety-portal/trench-safety/tabulated-data,Safety Operations,Safety Operations,Safety operator / public safety user,Discovery path pending explicit click-proof,Path proof pending,Safety operator / public safety user,YES,"Surface is reached from a parent list, card, or workflow with a runtime record id rather than from primary navigation.",PRIMARY_ROUTE,CERTIFIED,CERTIFIED,CERTIFIED,"Certified after safety-auth audit in ES at 1440 + 390 (`auto_frontend_testing_agent`, 2026-08-02); route passed cleanly."
frontend/src/app/routing/AppRoutes.jsx,684,/app/*,Shared platform / public workflow,Shared Operational Home and Public Entry,Public / Shared,Discovery path pending explicit click-proof,Path proof pending,Public / Shared,YES,"Surface is reached from a parent list, card, or workflow with a runtime record id rather than from primary navigation.",PRIMARY_ROUTE,CERTIFIED,CERTIFIED,CERTIFIED,"Fallback alias audited in ES at 1440 + 390 (`auto_frontend_testing_agent`, 2026-08-02); runtime redirects to canonical `/`, which passed."
frontend/src/app/routing/AppRoutes.jsx,689,/admin/login,Administration,Administration,Administrator / executive reviewer,Direct sign-in route,Path proof pending,Administrator / executive reviewer,NO,"Not intentionally hidden; this is a primary, public, or direct authenticated entry surface.",PRIMARY_ROUTE,CERTIFIED,CERTIFIED,CERTIFIED auth + EN/ES + responsive proof (2026-08-02),2026-08-02 Level 1 auth certification: admin login verified in EN/ES with responsive form behavior and clean runtime.
frontend/src/app/routing/AppRoutes.jsx,698,/admin,Administration,Administration,Administrator / executive reviewer,Admin-shell batch audit 2026-08-02 with seeded multi-login session,Direct seeded admin open during shared-shell family audit,Administrator / executive reviewer,NO,"Not intentionally hidden; this is a primary, public, or direct authenticated entry surface.",PRIMARY_ROUTE,CERTIFIED,CERTIFIED,CERTIFIED admin batch auth + EN/ES + 390/1440,"2026-08-02 Administration archetype batch: seeded admin session + auto_frontend_testing_agent verified shared admin-shell inheritance, route-specific content/actions, EN/ES localization, and 390/1920 responsive behavior with no horizontal overflow."
frontend/src/app/routing/AppRoutes.jsx,699,/admin/hub_v1,Administration,Administration,Administrator / executive reviewer,Browser redirect proof 2026-08-02,/admin/hub_v1 → /admin (browser proof 2026-08-02),Administrator / executive reviewer,YES,"Surface is reached from a parent list, card, or workflow with a runtime record id rather than from primary navigation.",PRIMARY_ROUTE,CERTIFIED,CERTIFIED,CERTIFIED,Browser redirect proof captured 2026-08-02; canonical target verified.
frontend/src/app/routing/AppRoutes.jsx,701,/admin/hub_v2,Administration,Administration,Administrator / executive reviewer,Browser redirect proof 2026-08-02,/admin/hub_v2 → /admin (browser proof 2026-08-02),Administrator / executive reviewer,YES,"Surface is reached from a parent list, card, or workflow with a runtime record id rather than from primary navigation.",LEGACY_ALIAS_OF:/admin,CERTIFIED,CERTIFIED,CERTIFIED,Browser redirect proof captured 2026-08-02; canonical target verified.
frontend/src/app/routing/AppRoutes.jsx,702,/admin/executive-overview,Administration,Administration,Administrator / executive reviewer,Discovery path pending explicit click-proof,Path proof pending,Administrator / executive reviewer,NO,"Not intentionally hidden; this is a primary, public, or direct authenticated entry surface.",PRIMARY_ROUTE,CERTIFIED,CERTIFIED,CERTIFIED auth + EN/ES + 390/1440 + shared-shell proof,"Certified after shared admin-shell ES repair, executive reason localization, 390px proof, and no auth regressions (screenshots 20260802_025704, 20260802_025923)."
frontend/src/app/routing/AppRoutes.jsx,703,/admin/executive-intelligence,Administration,Administration,Administrator / executive reviewer,Discovery path pending explicit click-proof,Path proof pending,Administrator / executive reviewer,NO,"Not intentionally hidden; this is a primary, public, or direct authenticated entry surface.",PRIMARY_ROUTE,CERTIFIED,CERTIFIED,CERTIFIED admin batch auth + EN/ES + 390/1440,"2026-08-02 Administration archetype batch: seeded admin session + auto_frontend_testing_agent verified shared admin-shell inheritance, route-specific content/actions, EN/ES localization, and 390/1920 responsive behavior with no horizontal overflow."
frontend/src/app/routing/AppRoutes.jsx,705,/admin/material-ledger-quality,Administration,Administration,Administrator / executive reviewer,Admin family batch proof 2026-08-02,"/admin/material-ledger-quality (opened directly with seeded admin session, 2026-08-02)",Administrator / executive reviewer,NO,"Not intentionally hidden; this is a primary, public, or direct authenticated entry surface.",PRIMARY_ROUTE,CERTIFIED,CERTIFIED,CERTIFIED admin batch auth + EN/ES + 390/1440 + operator-language gate,"2026-08-02 Administration operator-language gate batch: shared-shell inheritance, route-specific content/actions, EN/ES localization, responsive 390/1440 behavior, and operator-language compliance verified with seeded admin session."
frontend/src/app/routing/AppRoutes.jsx,706,/admin/people,Administration,Administration,Administrator / executive reviewer,Admin family batch proof 2026-08-02,"/admin/people (opened directly with seeded admin session, 2026-08-02)",Administrator / executive reviewer,NO,"Not intentionally hidden; this is a primary, public, or direct authenticated entry surface.",PRIMARY_ROUTE,CERTIFIED,CERTIFIED,CERTIFIED admin batch auth + EN/ES + 390/1440 + operator-language gate,"2026-08-02 Administration operator-language gate batch: shared-shell inheritance, route-specific content/actions, EN/ES localization, responsive 390/1440 behavior, and operator-language compliance verified with seeded admin session."
frontend/src/app/routing/AppRoutes.jsx,707,/admin/mfa,Administration,Administration,Administrator / executive reviewer,Discovery path pending explicit click-proof,Path proof pending,Administrator / executive reviewer,NO,"Not intentionally hidden; this is a primary, public, or direct authenticated entry surface.",PRIMARY_ROUTE,CERTIFIED,CERTIFIED,CERTIFIED auth + EN/ES + responsive proof (2026-08-02),2026-08-02 Level 2 auth certification: MFA route renders correctly in EN/ES with clean responsive/auth behavior.
frontend/src/app/routing/AppRoutes.jsx,708,/admin/promo-assets,Administration,Administration,Administrator / executive reviewer,Admin family batch proof 2026-08-02,"/admin/promo-assets (opened directly with seeded admin session, 2026-08-02)",Administrator / executive reviewer,NO,"Not intentionally hidden; this is a primary, public, or direct authenticated entry surface.",PRIMARY_ROUTE,CERTIFIED,CERTIFIED,CERTIFIED admin batch auth + EN/ES + 390/1440 + operator-language gate,"2026-08-02 Administration operator-language gate batch: shared-shell inheritance, route-specific content/actions, EN/ES localization, responsive 390/1440 behavior, and operator-language compliance verified with seeded admin session."
frontend/src/app/routing/AppRoutes.jsx,709,/admin/jobs,Administration,Administration,Administrator / executive reviewer,Admin-shell batch audit 2026-08-02 with seeded multi-login session,Direct seeded admin open during shared-shell family audit,Administrator / executive reviewer,NO,"Not intentionally hidden; this is a primary, public, or direct authenticated entry surface.",PRIMARY_ROUTE,CERTIFIED,CERTIFIED,CERTIFIED admin shell + EN/ES + responsive proof (2026-08-02),"2026-08-02 focused recertification sweep passed EN/ES verification, responsive checks (390/768/1440), and screenshot review after shared i18n/admin/shop/root fixes."
frontend/src/app/routing/AppRoutes.jsx,710,/admin/cost-registry,Administration,Administration,Administrator / executive reviewer,Admin family batch proof 2026-08-02,"/admin/cost-registry (opened directly with seeded admin session, 2026-08-02)",Administrator / executive reviewer,NO,"Not intentionally hidden; this is a primary, public, or direct authenticated entry surface.",PRIMARY_ROUTE,CERTIFIED,CERTIFIED,CERTIFIED admin batch auth + EN/ES + 390/1440 + operator-language gate,"2026-08-02 Administration operator-language gate batch: shared-shell inheritance, route-specific content/actions, EN/ES localization, responsive 390/1440 behavior, and operator-language compliance verified with seeded admin session."
frontend/src/app/routing/AppRoutes.jsx,711,/admin/jobs/:projectNumber/team,Administration,Administration,Administrator / executive reviewer,Seeded admin deep-link proof 2026-08-02,"/admin/jobs/ME-CERT-2026/team (identifier discovered from certified parent route, 2026-08-02)",Administrator / executive reviewer,NO,"Not intentionally hidden; this is a primary, public, or direct authenticated entry surface.",PRIMARY_ROUTE,CERTIFIED,CERTIFIED,CERTIFIED admin deep-link + EN/ES + 390/1440 + operator-language gate,"2026-08-02 Administration deep-link proof: seeded admin session opened `/admin/jobs/ME-CERT-2026/team` with operator-language compliance, EN/ES behavior, and responsive verification."
frontend/src/app/routing/AppRoutes.jsx,713,/admin/project-staffing,Administration,Administration,Administrator / executive reviewer,Admin family batch proof 2026-08-02,"/admin/project-staffing (opened directly with seeded admin session, 2026-08-02)",Administrator / executive reviewer,NO,"Not intentionally hidden; this is a primary, public, or direct authenticated entry surface.",PRIMARY_ROUTE,CERTIFIED,CERTIFIED,CERTIFIED admin batch auth + EN/ES + 390/1440 + operator-language gate,"2026-08-02 Administration operator-language gate batch: shared-shell inheritance, route-specific content/actions, EN/ES localization, responsive 390/1440 behavior, and operator-language compliance verified with seeded admin session."
frontend/src/app/routing/AppRoutes.jsx,715,/admin/geofence-reconciliation,Administration,Administration,Administrator / executive reviewer,Admin family batch proof 2026-08-02,"/admin/geofence-reconciliation (opened directly with seeded admin session, 2026-08-02)",Administrator / executive reviewer,NO,"Not intentionally hidden; this is a primary, public, or direct authenticated entry surface.",PRIMARY_ROUTE,CERTIFIED,CERTIFIED,CERTIFIED admin batch auth + EN/ES + 390/1440 + operator-language gate,"2026-08-02 Administration operator-language gate batch: shared-shell inheritance, route-specific content/actions, EN/ES localization, responsive 390/1440 behavior, and operator-language compliance verified with seeded admin session."
frontend/src/app/routing/AppRoutes.jsx,718,/admin/operations-dashboard,Administration,Administration,Administrator / executive reviewer,Admin-shell batch audit 2026-08-02 with seeded multi-login session,Direct seeded admin open during shared-shell family audit,Administrator / executive reviewer,NO,"Not intentionally hidden; this is a primary, public, or direct authenticated entry surface.",PRIMARY_ROUTE,CERTIFIED,CERTIFIED,CERTIFIED admin batch auth + EN/ES + 390/1440,"2026-08-02 Administration archetype batch: seeded admin session + auto_frontend_testing_agent verified shared admin-shell inheritance, route-specific content/actions, EN/ES localization, and 390/1920 responsive behavior with no horizontal overflow."
frontend/src/app/routing/AppRoutes.jsx,720,/admin/operations-control,Administration,Administration,Administrator / executive reviewer,Admin-shell batch audit 2026-08-02 with seeded multi-login session,Direct seeded admin open during shared-shell family audit,Administrator / executive reviewer,NO,"Not intentionally hidden; this is a primary, public, or direct authenticated entry surface.",PRIMARY_ROUTE,CERTIFIED,CERTIFIED,CERTIFIED admin batch auth + EN/ES + 390/1440,"2026-08-02 Administration archetype batch: seeded admin session + auto_frontend_testing_agent verified shared admin-shell inheritance, route-specific content/actions, EN/ES localization, and 390/1920 responsive behavior with no horizontal overflow."
frontend/src/app/routing/AppRoutes.jsx,721,/admin/operations-control/cases/:caseId,Administration,Administration,Administrator / executive reviewer,Seeded admin deep-link proof 2026-08-02,"/admin/operations-control/cases/9ad4becb-6bb7-4e1b-917e-98ad6275850c (identifier discovered from certified parent route, 2026-08-02)",Administrator / executive reviewer,NO,"Not intentionally hidden; this is a primary, public, or direct authenticated entry surface.",PRIMARY_ROUTE,CERTIFIED,CERTIFIED,CERTIFIED admin deep-link + EN/ES + 390/1440 + operator-language gate,"2026-08-02 Administration deep-link proof: seeded admin session opened `/admin/operations-control/cases/9ad4becb-6bb7-4e1b-917e-98ad6275850c` with operator-language compliance, EN/ES behavior, and responsive verification."
frontend/src/app/routing/AppRoutes.jsx,722,/operations-control/cases,Administration,Administration,Administrator / executive reviewer,Admin family batch proof 2026-08-02,"/operations-control/cases (opened directly with seeded admin session, 2026-08-02)",Administrator / executive reviewer,NO,"Not intentionally hidden; this is a primary, public, or direct authenticated entry surface.",PRIMARY_ROUTE,CERTIFIED,CERTIFIED,CERTIFIED admin batch auth + EN/ES + 390/1440 + operator-language gate,"2026-08-02 Administration operator-language gate batch: shared-shell inheritance, route-specific content/actions, EN/ES localization, responsive 390/1440 behavior, and operator-language compliance verified with seeded admin session."
frontend/src/app/routing/AppRoutes.jsx,723,/operations-control/cases/:caseId,Administration,Administration,Administrator / executive reviewer,Seeded admin deep-link proof 2026-08-02,"/operations-control/cases/9ad4becb-6bb7-4e1b-917e-98ad6275850c (identifier discovered from certified parent route, 2026-08-02)",Administrator / executive reviewer,NO,"Not intentionally hidden; this is a primary, public, or direct authenticated entry surface.",PRIMARY_ROUTE,CERTIFIED,CERTIFIED,CERTIFIED admin deep-link + EN/ES + 390/1440 + operator-language gate,"2026-08-02 Administration deep-link proof: seeded admin session opened `/operations-control/cases/9ad4becb-6bb7-4e1b-917e-98ad6275850c` with operator-language compliance, EN/ES behavior, and responsive verification."
frontend/src/app/routing/AppRoutes.jsx,725,/admin/asset-mapping,Administration,Administration,Administrator / executive reviewer,Admin family batch proof 2026-08-02,"/admin/asset-mapping (opened directly with seeded admin session, 2026-08-02)",Administrator / executive reviewer,NO,"Not intentionally hidden; this is a primary, public, or direct authenticated entry surface.",PRIMARY_ROUTE,CERTIFIED,CERTIFIED,CERTIFIED admin batch auth + EN/ES + 390/1440 + operator-language gate,"2026-08-02 Administration operator-language gate batch: shared-shell inheritance, route-specific content/actions, EN/ES localization, responsive 390/1440 behavior, and operator-language compliance verified with seeded admin session."
frontend/src/app/routing/AppRoutes.jsx,726,/admin/asset-spine,Administration,Administration,Administrator / executive reviewer,Admin family batch proof 2026-08-02,"/admin/asset-spine (opened directly with seeded admin session, 2026-08-02)",Administrator / executive reviewer,NO,"Not intentionally hidden; this is a primary, public, or direct authenticated entry surface.",PRIMARY_ROUTE,CERTIFIED,CERTIFIED,CERTIFIED admin batch auth + EN/ES + 390/1440 + operator-language gate,"2026-08-02 Administration operator-language gate batch: shared-shell inheritance, route-specific content/actions, EN/ES localization, responsive 390/1440 behavior, and operator-language compliance verified with seeded admin session."
frontend/src/app/routing/AppRoutes.jsx,727,/admin/equipment,Administration,Administration,Administrator / executive reviewer,Admin-shell batch audit 2026-08-02 with seeded multi-login session,Direct seeded admin open during shared-shell family audit,Administrator / executive reviewer,NO,"Not intentionally hidden; this is a primary, public, or direct authenticated entry surface.",PRIMARY_ROUTE,CERTIFIED,CERTIFIED,CERTIFIED admin shell + EN/ES + responsive proof (2026-08-02),"2026-08-02 focused recertification sweep passed EN/ES verification, responsive checks (390/768/1440), and screenshot review after shared i18n/admin/shop/root fixes."
frontend/src/app/routing/AppRoutes.jsx,728,/admin/email,Administration,Administration,Administrator / executive reviewer,Admin family batch proof 2026-08-02,"/admin/email (opened directly with seeded admin session, 2026-08-02)",Administrator / executive reviewer,NO,"Not intentionally hidden; this is a primary, public, or direct authenticated entry surface.",PRIMARY_ROUTE,CERTIFIED,CERTIFIED,CERTIFIED admin batch auth + EN/ES + 390/1440 + operator-language gate,"2026-08-02 Administration operator-language gate batch: shared-shell inheritance, route-specific content/actions, EN/ES localization, responsive 390/1440 behavior, and operator-language compliance verified with seeded admin session."
frontend/src/app/routing/AppRoutes.jsx,729,/admin/training,Administration,Administration,Administrator / executive reviewer,Admin-shell batch audit 2026-08-02 with seeded multi-login session,Direct seeded admin open during shared-shell family audit,Administrator / executive reviewer,NO,"Not intentionally hidden; this is a primary, public, or direct authenticated entry surface.",PRIMARY_ROUTE,CERTIFIED,CERTIFIED,CERTIFIED admin shell + EN/ES + responsive proof (2026-08-02),"2026-08-02 focused recertification sweep passed EN/ES verification, responsive checks (390/768/1440), and screenshot review after shared i18n/admin/shop/root fixes."
frontend/src/app/routing/AppRoutes.jsx,730,/admin/compliance,Administration,Administration,Administrator / executive reviewer,Admin-shell batch audit 2026-08-02 with seeded multi-login session,Direct seeded admin open during shared-shell family audit,Administrator / executive reviewer,NO,"Not intentionally hidden; this is a primary, public, or direct authenticated entry surface.",PRIMARY_ROUTE,CERTIFIED,CERTIFIED,CERTIFIED admin shell + EN/ES + responsive proof (2026-08-02),"2026-08-02 focused recertification sweep passed EN/ES verification, responsive checks (390/768/1440), and screenshot review after shared i18n/admin/shop/root fixes."
frontend/src/app/routing/AppRoutes.jsx,731,/admin/system,Administration,Administration,Administrator / executive reviewer,Admin-shell batch audit 2026-08-02 with seeded multi-login session,Direct seeded admin open during shared-shell family audit,Administrator / executive reviewer,NO,"Not intentionally hidden; this is a primary, public, or direct authenticated entry surface.",PRIMARY_ROUTE,CERTIFIED,CERTIFIED,CERTIFIED admin shell + EN/ES + responsive proof (2026-08-02),"2026-08-02 focused recertification sweep passed EN/ES verification, responsive checks (390/768/1440), and screenshot review after shared i18n/admin/shop/root fixes."
frontend/src/app/routing/AppRoutes.jsx,732,/admin/ai-configuration,Administration,Administration,Administrator / executive reviewer,Admin family batch proof 2026-08-02,"/admin/ai-configuration (opened directly with seeded admin session, 2026-08-02)",Administrator / executive reviewer,NO,"Not intentionally hidden; this is a primary, public, or direct authenticated entry surface.",PRIMARY_ROUTE,CERTIFIED,CERTIFIED,CERTIFIED admin batch auth + EN/ES + 390/1440 + operator-language gate,"2026-08-02 Administration operator-language gate batch: shared-shell inheritance, route-specific content/actions, EN/ES localization, responsive 390/1440 behavior, and operator-language compliance verified with seeded admin session."
frontend/src/app/routing/AppRoutes.jsx,733,/admin/integration-truth,Administration,Administration,Administrator / executive reviewer,Admin-only direct route,Admin-only diagnostics / readiness access,Administrator / executive reviewer,YES,Admin-only internal truth surface; not part of the operator navigation canon.,PRIMARY_INTERNAL_TOOL_ROUTE,CERTIFIED,CERTIFIED,CERTIFIED admin batch auth + EN/ES + 390/1440 + operator-language gate,"2026-08-02 Administration operator-language gate batch: shared-shell inheritance, route-specific content/actions, EN/ES localization, responsive 390/1440 behavior, and operator-language compliance verified with seeded admin session."
frontend/src/app/routing/AppRoutes.jsx,734,/admin/preview-validation-identities,Administration,Administration,Administrator / executive reviewer,Admin-only direct route,Admin-only diagnostics / readiness access,Administrator / executive reviewer,YES,"Preview-identity verification tooling; valid for admin-only diagnostics, not primary operator movement.",PRIMARY_INTERNAL_TOOL_ROUTE,CERTIFIED,CERTIFIED,CERTIFIED admin batch auth + EN/ES + 390/1440 + operator-language gate,"2026-08-02 Administration operator-language gate batch: shared-shell inheritance, route-specific content/actions, EN/ES localization, responsive 390/1440 behavior, and operator-language compliance verified with seeded admin session."
frontend/src/app/routing/AppRoutes.jsx,735,/admin/recovery,Administration,Administration,Administrator / executive reviewer,Admin family batch proof 2026-08-02,"/admin/recovery (opened directly with seeded admin session, 2026-08-02)",Administrator / executive reviewer,NO,"Not intentionally hidden; this is a primary, public, or direct authenticated entry surface.",PRIMARY_ROUTE,CERTIFIED,CERTIFIED,CERTIFIED admin batch auth + EN/ES + 390/1440 + operator-language gate,"2026-08-02 Administration operator-language gate batch: shared-shell inheritance, route-specific content/actions, EN/ES localization, responsive 390/1440 behavior, and operator-language compliance verified with seeded admin session."
frontend/src/app/routing/AppRoutes.jsx,737,/admin/storage-recovery,Administration,Administration,Administrator / executive reviewer,Discovery path pending explicit click-proof,Path proof pending,Administrator / executive reviewer,NO,"Not intentionally hidden; this is a primary, public, or direct authenticated entry surface.",PRIMARY_ROUTE,CERTIFIED,CERTIFIED,CERTIFIED admin batch auth + EN/ES + 390/1440,"2026-08-02 Administration archetype batch: seeded admin session + auto_frontend_testing_agent verified shared admin-shell inheritance, route-specific content/actions, EN/ES localization, and 390/1920 responsive behavior with no horizontal overflow."
frontend/src/app/routing/AppRoutes.jsx,739,/admin/ai-operations,Administration,Administration,Administrator / executive reviewer,Discovery path pending explicit click-proof,Path proof pending,Administrator / executive reviewer,NO,"Not intentionally hidden; this is a primary, public, or direct authenticated entry surface.",PRIMARY_ROUTE,CERTIFIED,CERTIFIED,CERTIFIED admin batch auth + EN/ES + 390/1440,"2026-08-02 Administration archetype batch: seeded admin session + auto_frontend_testing_agent verified shared admin-shell inheritance, route-specific content/actions, EN/ES localization, and 390/1920 responsive behavior with no horizontal overflow."
frontend/src/app/routing/AppRoutes.jsx,740,/admin/communications,Administration,Administration,Administrator / executive reviewer,Admin-shell batch audit 2026-08-02 with seeded multi-login session,Direct seeded admin open during shared-shell family audit,Administrator / executive reviewer,NO,"Not intentionally hidden; this is a primary, public, or direct authenticated entry surface.",PRIMARY_ROUTE,CERTIFIED,CERTIFIED,CERTIFIED admin batch auth + EN/ES + 390/1440,"2026-08-02 Administration archetype batch: seeded admin session + auto_frontend_testing_agent verified shared admin-shell inheritance, route-specific content/actions, EN/ES localization, and 390/1920 responsive behavior with no horizontal overflow."
frontend/src/app/routing/AppRoutes.jsx,741,/admin/identity-security,Administration,Administration,Administrator / executive reviewer,Discovery path pending explicit click-proof,Path proof pending,Administrator / executive reviewer,NO,"Not intentionally hidden; this is a primary, public, or direct authenticated entry surface.",PRIMARY_ROUTE,CERTIFIED,CERTIFIED,CERTIFIED admin batch auth + EN/ES + 390/1440,"2026-08-02 Administration archetype batch: seeded admin session + auto_frontend_testing_agent verified shared admin-shell inheritance, route-specific content/actions, EN/ES localization, and 390/1920 responsive behavior with no horizontal overflow."
frontend/src/app/routing/AppRoutes.jsx,742,/admin/trust-spine,Administration,Administration,Administrator / executive reviewer,Admin family batch proof 2026-08-02,"/admin/trust-spine (opened directly with seeded admin session, 2026-08-02)",Administrator / executive reviewer,NO,"Not intentionally hidden; this is a primary, public, or direct authenticated entry surface.",PRIMARY_ROUTE,CERTIFIED,CERTIFIED,CERTIFIED admin batch auth + EN/ES + 390/1440 + operator-language gate,"2026-08-02 Administration operator-language gate batch: shared-shell inheritance, route-specific content/actions, EN/ES localization, responsive 390/1440 behavior, and operator-language compliance verified with seeded admin session."
frontend/src/app/routing/AppRoutes.jsx,743,/admin/governance-trust,Administration,Administration,Administrator / executive reviewer,Discovery path pending explicit click-proof,Path proof pending,Administrator / executive reviewer,NO,"Not intentionally hidden; this is a primary, public, or direct authenticated entry surface.",PRIMARY_ROUTE,CERTIFIED,CERTIFIED,CERTIFIED admin batch auth + EN/ES + 390/1440,"2026-08-02 Administration archetype batch: seeded admin session + auto_frontend_testing_agent verified shared admin-shell inheritance, route-specific content/actions, EN/ES localization, and 390/1920 responsive behavior with no horizontal overflow."
frontend/src/app/routing/AppRoutes.jsx,745,/admin/platform-configuration,Administration,Administration,Administrator / executive reviewer,Discovery path pending explicit click-proof,Path proof pending,Administrator / executive reviewer,NO,"Not intentionally hidden; this is a primary, public, or direct authenticated entry surface.",PRIMARY_ROUTE,CERTIFIED,CERTIFIED,CERTIFIED admin batch auth + EN/ES + 390/1440,"2026-08-02 Administration archetype batch: seeded admin session + auto_frontend_testing_agent verified shared admin-shell inheritance, route-specific content/actions, EN/ES localization, and 390/1920 responsive behavior with no horizontal overflow."
frontend/src/app/routing/AppRoutes.jsx,746,/admin/diagnostics,Administration,Administration,Administrator / executive reviewer,Discovery path pending explicit click-proof,Path proof pending,Administrator / executive reviewer,NO,"Not intentionally hidden; this is a primary, public, or direct authenticated entry surface.",PRIMARY_ROUTE,CERTIFIED,CERTIFIED,CERTIFIED admin batch auth + EN/ES + 390/1440,"2026-08-02 Administration archetype batch: seeded admin session + auto_frontend_testing_agent verified shared admin-shell inheritance, route-specific content/actions, EN/ES localization, and 390/1920 responsive behavior with no horizontal overflow."
frontend/src/app/routing/AppRoutes.jsx,747,/admin/maintenance,Administration,Administration,Administrator / executive reviewer,Admin-shell batch audit 2026-08-02 with seeded multi-login session,Direct seeded admin open during shared-shell family audit,Administrator / executive reviewer,NO,"Not intentionally hidden; this is a primary, public, or direct authenticated entry surface.",PRIMARY_ROUTE,CERTIFIED,CERTIFIED,CERTIFIED admin batch auth + EN/ES + 390/1440,"2026-08-02 Administration archetype batch: seeded admin session + auto_frontend_testing_agent verified shared admin-shell inheritance, route-specific content/actions, EN/ES localization, and 390/1920 responsive behavior with no horizontal overflow."
frontend/src/app/routing/AppRoutes.jsx,748,/admin/platform-overview,Administration,Administration,Administrator / executive reviewer,Admin-shell batch audit 2026-08-02 with seeded multi-login session,/admin/platform-overview → /admin (browser proof 2026-08-02),Administrator / executive reviewer,YES,"Surface is reached from a parent list, card, or workflow with a runtime record id rather than from primary navigation.",PRIMARY_ROUTE,CERTIFIED,CERTIFIED,CERTIFIED,Browser proof 2026-08-02: /admin/platform-overview redirects to /admin under authenticated admin shell (batch audit 20260802_031319).
frontend/src/app/routing/AppRoutes.jsx,749,/admin/recovery-stream,Administration,Administration,Administrator / executive reviewer,Admin family batch proof 2026-08-02,"/admin/recovery-stream (opened directly with seeded admin session, 2026-08-02)",Administrator / executive reviewer,NO,"Not intentionally hidden; this is a primary, public, or direct authenticated entry surface.",PRIMARY_ROUTE,CERTIFIED,CERTIFIED,CERTIFIED admin batch auth + EN/ES + 390/1440 + operator-language gate,"2026-08-02 Administration operator-language gate batch: shared-shell inheritance, route-specific content/actions, EN/ES localization, responsive 390/1440 behavior, and operator-language compliance verified with seeded admin session."
frontend/src/app/routing/AppRoutes.jsx,750,/admin/jha-acknowledgements,Administration,Administration,Administrator / executive reviewer,Admin family batch proof 2026-08-02,"/admin/jha-acknowledgements (opened directly with seeded admin session, 2026-08-02)",Administrator / executive reviewer,NO,"Not intentionally hidden; this is a primary, public, or direct authenticated entry surface.",PRIMARY_ROUTE,CERTIFIED,CERTIFIED,CERTIFIED admin batch auth + EN/ES + 390/1440 + operator-language gate,"2026-08-02 Administration operator-language gate batch: shared-shell inheritance, route-specific content/actions, EN/ES localization, responsive 390/1440 behavior, and operator-language compliance verified with seeded admin session."
frontend/src/app/routing/AppRoutes.jsx,751,/admin/command-center,Administration,Administration,Administrator / executive reviewer,Admin-shell batch audit 2026-08-02 with seeded multi-login session,Direct seeded admin open during shared-shell family audit,Administrator / executive reviewer,NO,"Not intentionally hidden; this is a primary, public, or direct authenticated entry surface.",PRIMARY_ROUTE,CERTIFIED,CERTIFIED,CERTIFIED admin batch auth + EN/ES + 390/1440,"2026-08-02 Administration archetype batch: seeded admin session + auto_frontend_testing_agent verified shared admin-shell inheritance, route-specific content/actions, EN/ES localization, and 390/1920 responsive behavior with no horizontal overflow."
frontend/src/app/routing/AppRoutes.jsx,752,/admin/database,Administration,Administration,Administrator / executive reviewer,Admin-shell batch audit 2026-08-02 with seeded multi-login session,Direct seeded admin open during shared-shell family audit,Administrator / executive reviewer,NO,"Not intentionally hidden; this is a primary, public, or direct authenticated entry surface.",PRIMARY_ROUTE,CERTIFIED,CERTIFIED,CERTIFIED admin batch auth + EN/ES + 390/1440,"2026-08-02 Administration archetype batch: seeded admin session + auto_frontend_testing_agent verified shared admin-shell inheritance, route-specific content/actions, EN/ES localization, and 390/1920 responsive behavior with no horizontal overflow."
frontend/src/app/routing/AppRoutes.jsx,753,/admin/integrations,Administration,Administration,Administrator / executive reviewer,Admin-shell batch audit 2026-08-02 with seeded multi-login session,Direct seeded admin open during shared-shell family audit,Administrator / executive reviewer,NO,"Not intentionally hidden; this is a primary, public, or direct authenticated entry surface.",PRIMARY_ROUTE,CERTIFIED,CERTIFIED,CERTIFIED admin shell + EN/ES + responsive proof (2026-08-02),"2026-08-02 focused recertification sweep passed EN/ES verification, responsive checks (390/768/1440), and screenshot review after shared i18n/admin/shop/root fixes."
frontend/src/app/routing/AppRoutes.jsx,754,/admin/dispatch,Administration,Administration,Administrator / executive reviewer,Discovery path pending explicit click-proof,Path proof pending,Administrator / executive reviewer,NO,"Not intentionally hidden; this is a primary, public, or direct authenticated entry surface.",PRIMARY_ROUTE,CERTIFIED,CERTIFIED,CERTIFIED admin dispatch + EN/ES + responsive proof (2026-08-02),"2026-08-02 Level 2 transportation-adjacent certification: admin dispatch console passed EN/ES, responsive proof, and runtime checks as the admin-owned dispatch surface."
frontend/src/app/routing/AppRoutes.jsx,755,/admin/dls/shift-qr,Administration,Administration,Administrator / executive reviewer,Admin family batch proof 2026-08-02,"/admin/dls/shift-qr (opened directly with seeded admin session, 2026-08-02)",Administrator / executive reviewer,NO,"Not intentionally hidden; this is a primary, public, or direct authenticated entry surface.",PRIMARY_ROUTE,CERTIFIED,CERTIFIED,CERTIFIED admin batch auth + EN/ES + 390/1440 + operator-language gate,"2026-08-02 Administration operator-language gate batch: shared-shell inheritance, route-specific content/actions, EN/ES localization, responsive 390/1440 behavior, and operator-language compliance verified with seeded admin session."
frontend/src/app/routing/AppRoutes.jsx,756,/admin/dls/day-1-debrief,Administration,Administration,Administrator / executive reviewer,Admin family batch proof 2026-08-02,"/admin/dls/day-1-debrief (opened directly with seeded admin session, 2026-08-02)",Administrator / executive reviewer,NO,"Not intentionally hidden; this is a primary, public, or direct authenticated entry surface.",PRIMARY_ROUTE,CERTIFIED,CERTIFIED,CERTIFIED admin batch auth + EN/ES + 390/1440 + operator-language gate,"2026-08-02 Administration operator-language gate batch: shared-shell inheritance, route-specific content/actions, EN/ES localization, responsive 390/1440 behavior, and operator-language compliance verified with seeded admin session."
frontend/src/app/routing/AppRoutes.jsx,757,/admin/dls/week-1-debrief,Administration,Administration,Administrator / executive reviewer,Admin family batch proof 2026-08-02,"/admin/dls/week-1-debrief (opened directly with seeded admin session, 2026-08-02)",Administrator / executive reviewer,NO,"Not intentionally hidden; this is a primary, public, or direct authenticated entry surface.",PRIMARY_ROUTE,CERTIFIED,CERTIFIED,CERTIFIED admin batch auth + EN/ES + 390/1440 + operator-language gate,"2026-08-02 Administration operator-language gate batch: shared-shell inheritance, route-specific content/actions, EN/ES localization, responsive 390/1440 behavior, and operator-language compliance verified with seeded admin session."
frontend/src/app/routing/AppRoutes.jsx,758,/admin/profile,Administration,Administration,Administrator / executive reviewer,Admin-shell batch audit 2026-08-02 with seeded multi-login session,Direct seeded admin open during shared-shell family audit,Administrator / executive reviewer,NO,"Not intentionally hidden; this is a primary, public, or direct authenticated entry surface.",PRIMARY_ROUTE,CERTIFIED,CERTIFIED,CERTIFIED admin shell + EN/ES + responsive proof (2026-08-02),"2026-08-02 focused recertification sweep passed EN/ES verification, responsive checks (390/768/1440), and screenshot review after shared i18n/admin/shop/root fixes."
frontend/src/app/routing/AppRoutes.jsx,759,/admin/operations-events,Administration,Administration,Administrator / executive reviewer,Admin family batch proof 2026-08-02,"/admin/operations-events (opened directly with seeded admin session, 2026-08-02)",Administrator / executive reviewer,NO,"Not intentionally hidden; this is a primary, public, or direct authenticated entry surface.",PRIMARY_ROUTE,CERTIFIED,CERTIFIED,CERTIFIED admin batch auth + EN/ES + 390/1440 + operator-language gate,"2026-08-02 Administration operator-language gate batch: shared-shell inheritance, route-specific content/actions, EN/ES localization, responsive 390/1440 behavior, and operator-language compliance verified with seeded admin session."
frontend/src/app/routing/AppRoutes.jsx,760,/admin/digest-config,Administration,Administration,Administrator / executive reviewer,Admin-shell batch audit 2026-08-02 with seeded multi-login session,Direct seeded admin open during shared-shell family audit,Administrator / executive reviewer,NO,"Not intentionally hidden; this is a primary, public, or direct authenticated entry surface.",PRIMARY_ROUTE,CERTIFIED,CERTIFIED,CERTIFIED admin batch auth + EN/ES + 390/1440,"2026-08-02 Administration archetype batch: seeded admin session + auto_frontend_testing_agent deep-certified interactive admin controls, EN/ES behavior, shared shell inheritance, and 390/1920 responsive behavior with no blocking defects."
frontend/src/app/routing/AppRoutes.jsx,761,/admin/operational-intelligence,Administration,Administration,Administrator / executive reviewer,Discovery path pending explicit click-proof,Path proof pending,Administrator / executive reviewer,NO,"Not intentionally hidden; this is a primary, public, or direct authenticated entry surface.",PRIMARY_ROUTE,CERTIFIED,CERTIFIED,CERTIFIED admin batch auth + EN/ES + 390/1440,"2026-08-02 Administration archetype batch: seeded admin session + auto_frontend_testing_agent deep-certified interactive admin controls, EN/ES behavior, shared shell inheritance, and 390/1920 responsive behavior with no blocking defects."
frontend/src/app/routing/AppRoutes.jsx,762,/admin/operational-intelligence/recipients,Administration,Administration,Administrator / executive reviewer,Discovery path pending explicit click-proof,Path proof pending,Administrator / executive reviewer,NO,"Not intentionally hidden; this is a primary, public, or direct authenticated entry surface.",PRIMARY_ROUTE,CERTIFIED,CERTIFIED,CERTIFIED admin batch auth + EN/ES + 390/1440,"2026-08-02 Administration archetype batch: seeded admin session + auto_frontend_testing_agent deep-certified interactive admin controls, EN/ES behavior, shared shell inheritance, and 390/1920 responsive behavior with no blocking defects."
frontend/src/app/routing/AppRoutes.jsx,763,/admin/system-health,Administration,Administration,Administrator / executive reviewer,Discovery path pending explicit click-proof,Path proof pending,Administrator / executive reviewer,NO,"Not intentionally hidden; this is a primary, public, or direct authenticated entry surface.",PRIMARY_ROUTE,CERTIFIED,CERTIFIED,CERTIFIED admin batch auth + EN/ES + 390/1440,"2026-08-02 Administration archetype batch: seeded admin session + auto_frontend_testing_agent verified shared admin-shell inheritance, route-specific content/actions, EN/ES localization, and 390/1920 responsive behavior with no horizontal overflow."
frontend/src/app/routing/AppRoutes.jsx,764,/admin/audit-log,Administration,Administration,Administrator / executive reviewer,Discovery path pending explicit click-proof,Path proof pending,Administrator / executive reviewer,NO,"Not intentionally hidden; this is a primary, public, or direct authenticated entry surface.",PRIMARY_ROUTE,CERTIFIED,CERTIFIED,CERTIFIED admin batch auth + EN/ES + 390/1440,"2026-08-02 Administration archetype batch: seeded admin session + auto_frontend_testing_agent verified shared admin-shell inheritance, route-specific content/actions, EN/ES localization, and 390/1920 responsive behavior with no horizontal overflow."
frontend/src/app/routing/AppRoutes.jsx,767,/admin/scheduler-runs,Administration,Administration,Administrator / executive reviewer,Discovery path pending explicit click-proof,Path proof pending,Administrator / executive reviewer,NO,"Not intentionally hidden; this is a primary, public, or direct authenticated entry surface.",PRIMARY_ROUTE,CERTIFIED,CERTIFIED,CERTIFIED 390/768/1024/1440,Ledger row already carries certification evidence.
frontend/src/app/routing/AppRoutes.jsx,768,/admin/legacy-imports,Administration,Administration,Administrator / executive reviewer,Admin family batch proof 2026-08-02,"/admin/legacy-imports (opened directly with seeded admin session, 2026-08-02)",Administrator / executive reviewer,NO,"Not intentionally hidden; this is a primary, public, or direct authenticated entry surface.",PRIMARY_ROUTE,CERTIFIED,CERTIFIED,CERTIFIED admin batch auth + EN/ES + 390/1440 + operator-language gate,"2026-08-02 Administration operator-language gate batch: shared-shell inheritance, route-specific content/actions, EN/ES localization, responsive 390/1440 behavior, and operator-language compliance verified with seeded admin session."
frontend/src/app/routing/AppRoutes.jsx,769,/admin/sessions,Administration,Administration,Administrator / executive reviewer,Discovery path pending explicit click-proof,Path proof pending,Administrator / executive reviewer,NO,"Not intentionally hidden; this is a primary, public, or direct authenticated entry surface.",PRIMARY_ROUTE,CERTIFIED,CERTIFIED,CERTIFIED admin batch auth + EN/ES + 390/1440,"2026-08-02 Administration archetype batch: seeded admin session + auto_frontend_testing_agent verified shared admin-shell inheritance, route-specific content/actions, EN/ES localization, and 390/1920 responsive behavior with no horizontal overflow."
frontend/src/app/routing/AppRoutes.jsx,770,/admin/guidance-coverage,Administration,Administration,Administrator / executive reviewer,Discovery path pending explicit click-proof,Path proof pending,Administrator / executive reviewer,NO,"Not intentionally hidden; this is a primary, public, or direct authenticated entry surface.",PRIMARY_ROUTE,CERTIFIED,CERTIFIED,CERTIFIED admin batch auth + EN/ES + 390/1440,"2026-08-02 Administration archetype batch: seeded admin session + auto_frontend_testing_agent verified shared admin-shell inheritance, route-specific content/actions, EN/ES localization, and 390/1920 responsive behavior with no horizontal overflow."
frontend/src/app/routing/AppRoutes.jsx,771,/admin/operational-inventory,Administration,Administration,Administrator / executive reviewer,Admin family batch proof 2026-08-02,"/admin/operational-inventory (opened directly with seeded admin session, 2026-08-02)",Administrator / executive reviewer,NO,"Not intentionally hidden; this is a primary, public, or direct authenticated entry surface.",PRIMARY_ROUTE,CERTIFIED,CERTIFIED,CERTIFIED admin batch auth + EN/ES + 390/1440 + operator-language gate,"2026-08-02 Administration operator-language gate batch: shared-shell inheritance, route-specific content/actions, EN/ES localization, responsive 390/1440 behavior, and operator-language compliance verified with seeded admin session."
frontend/src/app/routing/AppRoutes.jsx,773,/notifications,Shared platform / public workflow,Shared Operational Home and Public Entry,Public / Shared,Discovery path pending explicit click-proof,Path proof pending,Public / Shared,NO,"Not intentionally hidden; this is a primary, public, or direct authenticated entry surface.",PRIMARY_ROUTE,CERTIFIED,CERTIFIED,CERTIFIED operator-shell + language + load proof (2026-08-05),2026-08-05 shared/public recertification: notifications route verified inside the platform shell with updated operator wording and successful preview load.
frontend/src/app/routing/AppRoutes.jsx,775,/admin/governance,Administration,Administration,Administrator / executive reviewer,Admin-shell batch audit 2026-08-02 with seeded multi-login session,Direct seeded admin open during shared-shell family audit,Administrator / executive reviewer,NO,"Not intentionally hidden; this is a primary, public, or direct authenticated entry surface.",PRIMARY_ROUTE,CERTIFIED,CERTIFIED,CERTIFIED admin batch auth + EN/ES + 390/1440,"2026-08-02 Administration archetype batch: seeded admin session + auto_frontend_testing_agent verified shared admin-shell inheritance, route-specific content/actions, EN/ES localization, and 390/1920 responsive behavior with no horizontal overflow."
frontend/src/app/routing/AppRoutes.jsx,776,/admin/governance/overview,Administration,Administration,Administrator / executive reviewer,Discovery path pending explicit click-proof,Path proof pending,Administrator / executive reviewer,NO,"Not intentionally hidden; this is a primary, public, or direct authenticated entry surface.",PRIMARY_ROUTE,CERTIFIED,CERTIFIED,CERTIFIED admin batch auth + EN/ES + 390/1440,"2026-08-02 Administration archetype batch: seeded admin session + auto_frontend_testing_agent verified shared admin-shell inheritance, route-specific content/actions, EN/ES localization, and 390/1920 responsive behavior with no horizontal overflow."
frontend/src/app/routing/AppRoutes.jsx,777,/admin/governance/organization,Administration,Administration,Administrator / executive reviewer,Discovery path pending explicit click-proof,Path proof pending,Administrator / executive reviewer,NO,"Not intentionally hidden; this is a primary, public, or direct authenticated entry surface.",PRIMARY_ROUTE,CERTIFIED,CERTIFIED,CERTIFIED admin batch auth + EN/ES + 390/1440,"2026-08-02 Administration archetype batch: seeded admin session + auto_frontend_testing_agent verified shared admin-shell inheritance, route-specific content/actions, EN/ES localization, and 390/1920 responsive behavior with no horizontal overflow."
frontend/src/app/routing/AppRoutes.jsx,778,/admin/governance/identities,Administration,Administration,Administrator / executive reviewer,Discovery path pending explicit click-proof,Path proof pending,Administrator / executive reviewer,NO,"Not intentionally hidden; this is a primary, public, or direct authenticated entry surface.",PRIMARY_ROUTE,CERTIFIED,CERTIFIED,CERTIFIED admin batch auth + EN/ES + 390/1440,"2026-08-02 Administration archetype batch: seeded admin session + auto_frontend_testing_agent verified shared admin-shell inheritance, route-specific content/actions, EN/ES localization, and 390/1920 responsive behavior with no horizontal overflow."
frontend/src/app/routing/AppRoutes.jsx,779,/admin/governance/roles,Administration,Administration,Administrator / executive reviewer,Discovery path pending explicit click-proof,Path proof pending,Administrator / executive reviewer,NO,"Not intentionally hidden; this is a primary, public, or direct authenticated entry surface.",PRIMARY_ROUTE,CERTIFIED,CERTIFIED,CERTIFIED admin batch auth + EN/ES + 390/1440,"2026-08-02 Administration archetype batch: seeded admin session + auto_frontend_testing_agent verified shared admin-shell inheritance, route-specific content/actions, EN/ES localization, and 390/1920 responsive behavior with no horizontal overflow."
frontend/src/app/routing/AppRoutes.jsx,780,/admin/governance/permissions,Administration,Administration,Administrator / executive reviewer,Discovery path pending explicit click-proof,Path proof pending,Administrator / executive reviewer,NO,"Not intentionally hidden; this is a primary, public, or direct authenticated entry surface.",PRIMARY_ROUTE,CERTIFIED,CERTIFIED,CERTIFIED admin batch auth + EN/ES + 390/1440,"2026-08-02 Administration archetype batch: seeded admin session + auto_frontend_testing_agent verified shared admin-shell inheritance, route-specific content/actions, EN/ES localization, and 390/1920 responsive behavior with no horizontal overflow."
frontend/src/app/routing/AppRoutes.jsx,781,/admin/governance/policies,Administration,Administration,Administrator / executive reviewer,Discovery path pending explicit click-proof,Path proof pending,Administrator / executive reviewer,NO,"Not intentionally hidden; this is a primary, public, or direct authenticated entry surface.",PRIMARY_ROUTE,CERTIFIED,CERTIFIED,CERTIFIED admin batch auth + EN/ES + 390/1440,"2026-08-02 Administration archetype batch: seeded admin session + auto_frontend_testing_agent verified shared admin-shell inheritance, route-specific content/actions, EN/ES localization, and 390/1920 responsive behavior with no horizontal overflow."
frontend/src/app/routing/AppRoutes.jsx,782,/admin/governance/approval-flows,Administration,Administration,Administrator / executive reviewer,Discovery path pending explicit click-proof,Path proof pending,Administrator / executive reviewer,NO,"Not intentionally hidden; this is a primary, public, or direct authenticated entry surface.",PRIMARY_ROUTE,CERTIFIED,CERTIFIED,CERTIFIED admin batch auth + EN/ES + 390/1440,"2026-08-02 Administration archetype batch: seeded admin session + auto_frontend_testing_agent verified shared admin-shell inheritance, route-specific content/actions, EN/ES localization, and 390/1920 responsive behavior with no horizontal overflow."
frontend/src/app/routing/AppRoutes.jsx,783,/admin/governance/delegations,Administration,Administration,Administrator / executive reviewer,Discovery path pending explicit click-proof,Path proof pending,Administrator / executive reviewer,NO,"Not intentionally hidden; this is a primary, public, or direct authenticated entry surface.",PRIMARY_ROUTE,CERTIFIED,CERTIFIED,CERTIFIED admin batch auth + EN/ES + 390/1440,"2026-08-02 Administration archetype batch: seeded admin session + auto_frontend_testing_agent verified shared admin-shell inheritance, route-specific content/actions, EN/ES localization, and 390/1920 responsive behavior with no horizontal overflow."
frontend/src/app/routing/AppRoutes.jsx,784,/admin/governance/separation-of-duties,Administration,Administration,Administrator / executive reviewer,Discovery path pending explicit click-proof,Path proof pending,Administrator / executive reviewer,NO,"Not intentionally hidden; this is a primary, public, or direct authenticated entry surface.",PRIMARY_ROUTE,CERTIFIED,CERTIFIED,CERTIFIED admin batch auth + EN/ES + 390/1440,"2026-08-02 Administration archetype batch: seeded admin session + auto_frontend_testing_agent verified shared admin-shell inheritance, route-specific content/actions, EN/ES localization, and 390/1920 responsive behavior with no horizontal overflow."
frontend/src/app/routing/AppRoutes.jsx,785,/admin/governance/authority,Administration,Administration,Administrator / executive reviewer,Discovery path pending explicit click-proof,Path proof pending,Administrator / executive reviewer,NO,"Not intentionally hidden; this is a primary, public, or direct authenticated entry surface.",PRIMARY_ROUTE,CERTIFIED,CERTIFIED,CERTIFIED admin batch auth + EN/ES + 390/1440,"2026-08-02 Administration archetype batch: seeded admin session + auto_frontend_testing_agent verified shared admin-shell inheritance, route-specific content/actions, EN/ES localization, and 390/1920 responsive behavior with no horizontal overflow."
frontend/src/app/routing/AppRoutes.jsx,786,/admin/governance/emergency-overrides,Administration,Administration,Administrator / executive reviewer,Discovery path pending explicit click-proof,Path proof pending,Administrator / executive reviewer,NO,"Not intentionally hidden; this is a primary, public, or direct authenticated entry surface.",PRIMARY_ROUTE,CERTIFIED,CERTIFIED,CERTIFIED admin batch auth + EN/ES + 390/1440,"2026-08-02 Administration archetype batch: seeded admin session + auto_frontend_testing_agent verified shared admin-shell inheritance, route-specific content/actions, EN/ES localization, and 390/1920 responsive behavior with no horizontal overflow."
frontend/src/app/routing/AppRoutes.jsx,787,/admin/governance/decisions,Administration,Administration,Administrator / executive reviewer,Discovery path pending explicit click-proof,Path proof pending,Administrator / executive reviewer,NO,"Not intentionally hidden; this is a primary, public, or direct authenticated entry surface.",PRIMARY_ROUTE,CERTIFIED,CERTIFIED,CERTIFIED admin batch auth + EN/ES + 390/1440,"2026-08-02 Administration archetype batch: seeded admin session + auto_frontend_testing_agent verified shared admin-shell inheritance, route-specific content/actions, EN/ES localization, and 390/1920 responsive behavior with no horizontal overflow."
frontend/src/app/routing/AppRoutes.jsx,788,/admin/governance/audit,Administration,Administration,Administrator / executive reviewer,Discovery path pending explicit click-proof,Path proof pending,Administrator / executive reviewer,NO,"Not intentionally hidden; this is a primary, public, or direct authenticated entry surface.",PRIMARY_ROUTE,CERTIFIED,CERTIFIED,CERTIFIED admin batch auth + EN/ES + 390/1440,"2026-08-02 Administration archetype batch: seeded admin session + auto_frontend_testing_agent verified shared admin-shell inheritance, route-specific content/actions, EN/ES localization, and 390/1920 responsive behavior with no horizontal overflow."
frontend/src/app/routing/AppRoutes.jsx,789,/admin/governance/registry,Administration,Administration,Administrator / executive reviewer,Discovery path pending explicit click-proof,Path proof pending,Administrator / executive reviewer,NO,"Not intentionally hidden; this is a primary, public, or direct authenticated entry surface.",PRIMARY_ROUTE,CERTIFIED,CERTIFIED,CERTIFIED admin batch auth + EN/ES + 390/1440,"2026-08-02 Administration archetype batch: seeded admin session + auto_frontend_testing_agent verified shared admin-shell inheritance, route-specific content/actions, EN/ES localization, and 390/1920 responsive behavior with no horizontal overflow."
frontend/src/app/routing/AppRoutes.jsx,790,/admin/governance/versions,Administration,Administration,Administrator / executive reviewer,Discovery path pending explicit click-proof,Path proof pending,Administrator / executive reviewer,NO,"Not intentionally hidden; this is a primary, public, or direct authenticated entry surface.",PRIMARY_ROUTE,CERTIFIED,CERTIFIED,CERTIFIED admin batch auth + EN/ES + 390/1440,"2026-08-02 Administration archetype batch: seeded admin session + auto_frontend_testing_agent verified shared admin-shell inheritance, route-specific content/actions, EN/ES localization, and 390/1920 responsive behavior with no horizontal overflow."
frontend/src/app/routing/AppRoutes.jsx,791,/admin/governance/health,Administration,Administration,Administrator / executive reviewer,Discovery path pending explicit click-proof,Path proof pending,Administrator / executive reviewer,NO,"Not intentionally hidden; this is a primary, public, or direct authenticated entry surface.",PRIMARY_ROUTE,CERTIFIED,CERTIFIED,CERTIFIED admin batch auth + EN/ES + 390/1440,"2026-08-02 Administration archetype batch: seeded admin session + auto_frontend_testing_agent verified shared admin-shell inheritance, route-specific content/actions, EN/ES localization, and 390/1920 responsive behavior with no horizontal overflow."
frontend/src/app/routing/AppRoutes.jsx,792,/admin/governance/legacy-health,Administration,Administration,Administrator / executive reviewer,Discovery path pending explicit click-proof,Path proof pending,Administrator / executive reviewer,NO,"Not intentionally hidden; this is a primary, public, or direct authenticated entry surface.",PRIMARY_ROUTE,CERTIFIED,CERTIFIED,CERTIFIED admin batch auth + EN/ES + 390/1440,"2026-08-02 Administration archetype batch: seeded admin session + auto_frontend_testing_agent verified shared admin-shell inheritance, route-specific content/actions, EN/ES localization, and 390/1920 responsive behavior with no horizontal overflow."
frontend/src/app/routing/AppRoutes.jsx,793,/admin/project-identity,Administration,Administration,Administrator / executive reviewer,Admin family batch proof 2026-08-02,"/admin/project-identity (opened directly with seeded admin session, 2026-08-02)",Administrator / executive reviewer,NO,"Not intentionally hidden; this is a primary, public, or direct authenticated entry surface.",PRIMARY_ROUTE,CERTIFIED,CERTIFIED,CERTIFIED admin batch auth + EN/ES + 390/1440 + operator-language gate,"2026-08-02 Administration operator-language gate batch: shared-shell inheritance, route-specific content/actions, EN/ES localization, responsive 390/1440 behavior, and operator-language compliance verified with seeded admin session."
frontend/src/app/routing/AppRoutes.jsx,794,/admin/governance/self-protection,Administration,Administration,Administrator / executive reviewer,Discovery path pending explicit click-proof,Path proof pending,Administrator / executive reviewer,NO,"Not intentionally hidden; this is a primary, public, or direct authenticated entry surface.",PRIMARY_ROUTE,CERTIFIED,CERTIFIED,CERTIFIED admin batch auth + EN/ES + 390/1440,"2026-08-02 Administration archetype batch: seeded admin session + auto_frontend_testing_agent verified shared admin-shell inheritance, route-specific content/actions, EN/ES localization, and 390/1920 responsive behavior with no horizontal overflow."
frontend/src/app/routing/AppRoutes.jsx,795,/admin/compliance-findings,Administration,Administration,Administrator / executive reviewer,Discovery path pending explicit click-proof,Path proof pending,Administrator / executive reviewer,NO,"Not intentionally hidden; this is a primary, public, or direct authenticated entry surface.",PRIMARY_ROUTE,CERTIFIED,CERTIFIED,CERTIFIED admin consumer + EN/ES + responsive proof (2026-08-02),"2026-08-02 Level 2 transportation-adjacent certification: admin compliance findings consumer passed EN/ES, responsive proof, and runtime checks."
frontend/src/app/routing/AppRoutes.jsx,796,/admin/operational-language,Administration,Administration,Administrator / executive reviewer,Admin-shell batch audit 2026-08-02 with seeded multi-login session,Direct seeded admin open during shared-shell family audit,Administrator / executive reviewer,NO,"Not intentionally hidden; this is a primary, public, or direct authenticated entry surface.",PRIMARY_ROUTE,CERTIFIED,CERTIFIED,CERTIFIED admin batch auth + EN/ES + 390/1440,"2026-08-02 Administration archetype batch: seeded admin session + auto_frontend_testing_agent verified shared admin-shell inheritance, route-specific content/actions, EN/ES localization, and 390/1920 responsive behavior with no horizontal overflow."
frontend/src/app/routing/AppRoutes.jsx,800,/guidance,"Training, Guidance, and Coaching","Training, Guidance, and Coaching",Training / guidance user,Discovery path pending explicit click-proof,Path proof pending,Training / guidance user,NO,"Not intentionally hidden; this is a primary, public, or direct authenticated entry surface.",PRIMARY_ROUTE,CERTIFIED,CERTIFIED,CERTIFIED 390/768/1024/1440,Ledger row already carries certification evidence.
frontend/src/app/routing/AppRoutes.jsx,801,/guidance/section/:sectionId,"Training, Guidance, and Coaching","Training, Guidance, and Coaching",Training / guidance user,Discovery path pending explicit click-proof,Path proof pending,Training / guidance user,YES,"Surface is reached from a parent list, card, or workflow with a runtime record id rather than from primary navigation.",PRIMARY_ROUTE,CERTIFIED,CERTIFIED,CERTIFIED 390/768/1024/1440,Ledger row already carries certification evidence.
frontend/src/app/routing/AppRoutes.jsx,802,/guidance/:articleId,"Training, Guidance, and Coaching","Training, Guidance, and Coaching",Training / guidance user,Discovery path pending explicit click-proof,Path proof pending,Training / guidance user,YES,"Surface is reached from a parent list, card, or workflow with a runtime record id rather than from primary navigation.",PRIMARY_ROUTE,CERTIFIED,CERTIFIED,CERTIFIED 390/768/1024/1440,Ledger row already carries certification evidence.
frontend/src/app/routing/AppRoutes.jsx,803,/admin/deploy-recovery,Administration,Administration,Administrator / executive reviewer,Admin family batch proof 2026-08-02,"/admin/deploy-recovery (opened directly with seeded admin session, 2026-08-02)",Administrator / executive reviewer,NO,"Not intentionally hidden; this is a primary, public, or direct authenticated entry surface.",PRIMARY_ROUTE,CERTIFIED,CERTIFIED,CERTIFIED admin batch auth + EN/ES + 390/1440 + operator-language gate,"2026-08-02 Administration operator-language gate batch: shared-shell inheritance, route-specific content/actions, EN/ES localization, responsive 390/1440 behavior, and operator-language compliance verified with seeded admin session."
frontend/src/app/routing/AppRoutes.jsx,804,/admin/assets/:assetId,Administration,Administration,Administrator / executive reviewer,Blocked during deep-link proof 2026-08-02,Route not implemented; RP-901 opens asset-not-found error page.,Administrator / executive reviewer,YES,Surface is discoverable in routing but cannot be honestly certified until implementation or preview-safe runtime records exist.,PRIMARY_ROUTE,BLOCKED_NOT_CERTIFIED,BLOCKED_NOT_CERTIFIED,BLOCKED_ROUTE_NOT_IMPLEMENTED,2026-08-02 Administration deep-link blocker: Route not implemented; RP-901 opens asset-not-found error page.
frontend/src/app/routing/AppRoutes.jsx,805,/admin/asset-admin,Administration,Administration,Administrator / executive reviewer,Admin family batch proof 2026-08-02,"/admin/asset-admin (opened directly with seeded admin session, 2026-08-02)",Administrator / executive reviewer,NO,"Not intentionally hidden; this is a primary, public, or direct authenticated entry surface.",PRIMARY_ROUTE,CERTIFIED,CERTIFIED,CERTIFIED admin batch auth + EN/ES + 390/1440 + operator-language gate,"2026-08-02 Administration operator-language gate batch: shared-shell inheritance, route-specific content/actions, EN/ES localization, responsive 390/1440 behavior, and operator-language compliance verified with seeded admin session."
frontend/src/app/routing/AppRoutes.jsx,806,/admin/driver-intel/:driverKey,Administration,Administration,Administrator / executive reviewer,Seeded admin deep-link proof 2026-08-02,"/admin/driver-intel/6377790 (identifier discovered from certified parent route, 2026-08-02)",Administrator / executive reviewer,NO,"Not intentionally hidden; this is a primary, public, or direct authenticated entry surface.",PRIMARY_ROUTE,CERTIFIED,CERTIFIED,CERTIFIED admin deep-link + EN/ES + 390/1440 + operator-language gate,"2026-08-02 Administration deep-link proof: seeded admin session opened `/admin/driver-intel/6377790` with operator-language compliance, EN/ES behavior, and responsive verification."
frontend/src/app/routing/AppRoutes.jsx,807,/admin/equipment/:id/history,Administration,Administration,Administrator / executive reviewer,Blocked during deep-link proof 2026-08-02,Route not implemented; EQP-000003 returns 404.,Administrator / executive reviewer,YES,Surface is discoverable in routing but cannot be honestly certified until implementation or preview-safe runtime records exist.,PRIMARY_ROUTE,BLOCKED_NOT_CERTIFIED,BLOCKED_NOT_CERTIFIED,BLOCKED_ROUTE_NOT_IMPLEMENTED,2026-08-02 Administration deep-link blocker: Route not implemented; EQP-000003 returns 404.
frontend/src/app/routing/AppRoutes.jsx,808,/admin/employees/:id/history,Administration,Administration,Administrator / executive reviewer,Blocked during deep-link proof 2026-08-02,No employee identifier discoverable from /admin/people.,Administrator / executive reviewer,YES,Surface is discoverable in routing but cannot be honestly certified until implementation or preview-safe runtime records exist.,PRIMARY_ROUTE,BLOCKED_NOT_CERTIFIED,BLOCKED_NOT_CERTIFIED,BLOCKED_FIXTURE_REQUIRED,2026-08-02 Administration deep-link blocker: No employee identifier discoverable from /admin/people.
frontend/src/app/routing/AppRoutes.jsx,809,/admin/analytics,Administration,Administration,Administrator / executive reviewer,Admin family batch proof 2026-08-02,"/admin/analytics (opened directly with seeded admin session, 2026-08-02)",Administrator / executive reviewer,NO,"Not intentionally hidden; this is a primary, public, or direct authenticated entry surface.",PRIMARY_ROUTE,CERTIFIED,CERTIFIED,CERTIFIED admin batch auth + EN/ES + 390/1440 + operator-language gate,"2026-08-02 Administration operator-language gate batch: shared-shell inheritance, route-specific content/actions, EN/ES localization, responsive 390/1440 behavior, and operator-language compliance verified with seeded admin session."
frontend/src/app/routing/AppRoutes.jsx,810,/admin/leadership-equipment,Administration,Administration,Administrator / executive reviewer,Discovery path pending explicit click-proof,Path proof pending,Administrator / executive reviewer,NO,"Not intentionally hidden; this is a primary, public, or direct authenticated entry surface.",PRIMARY_ROUTE,CERTIFIED,CERTIFIED,CERTIFIED 390/768/1024/1440,Ledger row already carries certification evidence.
frontend/src/app/routing/AppRoutes.jsx,811,/admin/terminations,Administration,Administration,Administrator / executive reviewer,Discovery path pending explicit click-proof,Path proof pending,Administrator / executive reviewer,NO,"Not intentionally hidden; this is a primary, public, or direct authenticated entry surface.",PRIMARY_ROUTE,CERTIFIED,CERTIFIED,CERTIFIED 390/768/1024/1440,Ledger row already carries certification evidence.
frontend/src/app/routing/AppRoutes.jsx,812,/admin/guide,Administration,Administration,Administrator / executive reviewer,Discovery path pending explicit click-proof,Path proof pending,Administrator / executive reviewer,NO,"Not intentionally hidden; this is a primary, public, or direct authenticated entry surface.",PRIMARY_ROUTE,CERTIFIED,CERTIFIED,CERTIFIED 390/768/1024/1440,Ledger row already carries certification evidence.
frontend/src/app/routing/AppRoutes.jsx,813,/admin/pnl,Administration,Administration,Administrator / executive reviewer,Admin family batch proof 2026-08-02,"/admin/pnl (opened directly with seeded admin session, 2026-08-02)",Administrator / executive reviewer,NO,"Not intentionally hidden; this is a primary, public, or direct authenticated entry surface.",PRIMARY_ROUTE,CERTIFIED,CERTIFIED,CERTIFIED admin batch auth + EN/ES + 390/1440 + operator-language gate,"2026-08-02 Administration operator-language gate batch: shared-shell inheritance, route-specific content/actions, EN/ES localization, responsive 390/1440 behavior, and operator-language compliance verified with seeded admin session."
frontend/src/app/routing/AppRoutes.jsx,815,/admin/inspections,Administration,Administration,Administrator / executive reviewer,Discovery path pending explicit click-proof,Path proof pending,Administrator / executive reviewer,NO,"Not intentionally hidden; this is a primary, public, or direct authenticated entry surface.",PRIMARY_ROUTE,CERTIFIED,CERTIFIED,CERTIFIED admin consumer + EN/ES + responsive proof (2026-08-02),"2026-08-02 Level 2 transportation-adjacent certification: admin inspections list passed EN/ES, responsive proof, and list navigation checks."
frontend/src/app/routing/AppRoutes.jsx,816,/admin/inspections/:id,Administration,Administration,Administrator / executive reviewer,Discovery path pending explicit click-proof,Path proof pending,Administrator / executive reviewer,YES,"Surface is reached from a parent list, card, or workflow with a runtime record id rather than from primary navigation.",PRIMARY_ROUTE,CERTIFIED,CERTIFIED,CERTIFIED 390/768/1024/1440,2026-08-02 Level 2 transportation-adjacent certification: admin inspection detail opened from a live list record and passed EN/ES plus mobile/desktop proof.
frontend/src/app/routing/AppRoutes.jsx,818,/admin/meetings,Administration,Administration,Administrator / executive reviewer,Admin family batch proof 2026-08-02,"/admin/meetings (opened directly with seeded admin session, 2026-08-02)",Administrator / executive reviewer,NO,"Not intentionally hidden; this is a primary, public, or direct authenticated entry surface.",PRIMARY_ROUTE,CERTIFIED,CERTIFIED,CERTIFIED admin batch auth + EN/ES + 390/1440 + operator-language gate,"2026-08-02 Administration operator-language gate batch: shared-shell inheritance, route-specific content/actions, EN/ES localization, responsive 390/1440 behavior, and operator-language compliance verified with seeded admin session."
frontend/src/app/routing/AppRoutes.jsx,819,/admin/meetings/:id,Administration,Administration,Administrator / executive reviewer,Discovery path pending explicit click-proof,Path proof pending,Administrator / executive reviewer,YES,"Surface is reached from a parent list, card, or workflow with a runtime record id rather than from primary navigation.",PRIMARY_ROUTE,CERTIFIED,CERTIFIED,CERTIFIED 390/768/1024/1440,Ledger row already carries certification evidence.
frontend/src/app/routing/AppRoutes.jsx,821,/admin/jha-plans,Administration,Administration,Administrator / executive reviewer,Admin family batch proof 2026-08-02,"/admin/jha-plans (opened directly with seeded admin session, 2026-08-02)",Administrator / executive reviewer,NO,"Not intentionally hidden; this is a primary, public, or direct authenticated entry surface.",PRIMARY_ROUTE,CERTIFIED,CERTIFIED,CERTIFIED admin batch auth + EN/ES + 390/1440 + operator-language gate,"2026-08-02 Administration operator-language gate batch: shared-shell inheritance, route-specific content/actions, EN/ES localization, responsive 390/1440 behavior, and operator-language compliance verified with seeded admin session."
frontend/src/app/routing/AppRoutes.jsx,822,/admin/jha,Administration,Administration,Administrator / executive reviewer,Browser redirect proof 2026-08-02,/admin/jha → /admin/jha-plans (browser proof 2026-08-02),Administrator / executive reviewer,YES,"Surface is reached from a parent list, card, or workflow with a runtime record id rather than from primary navigation.",PRIMARY_ROUTE,CERTIFIED,CERTIFIED,CERTIFIED,2026-08-02 direct browser proof with seeded admin session: `/admin/jha` redirects cleanly to canonical `/admin/jha-plans` and inherits the already certified admin shell.
frontend/src/app/routing/AppRoutes.jsx,823,/admin/jha/:id,Administration,Administration,Administrator / executive reviewer,Browser redirect proof 2026-08-02,/admin/jha/:id → /admin/jha-plans (browser proof 2026-08-02),Administrator / executive reviewer,YES,"Surface is reached from a parent list, card, or workflow with a runtime record id rather than from primary navigation.",REDIRECTS_TO:/guidance,CERTIFIED,CERTIFIED,CERTIFIED,2026-08-02 direct browser proof with seeded admin session: `/admin/jha/:id` redirects cleanly to canonical `/admin/jha-plans` and inherits the already certified admin shell.
frontend/src/app/routing/AppRoutes.jsx,825,/admin/trench-boxes,Administration,Administration,Administrator / executive reviewer,Admin family batch proof 2026-08-02,"/admin/trench-boxes (opened directly with seeded admin session, 2026-08-02)",Administrator / executive reviewer,NO,"Not intentionally hidden; this is a primary, public, or direct authenticated entry surface.",PRIMARY_ROUTE,CERTIFIED,CERTIFIED,CERTIFIED admin batch auth + EN/ES + 390/1440 + operator-language gate,"2026-08-02 Administration operator-language gate batch: shared-shell inheritance, route-specific content/actions, EN/ES localization, responsive 390/1440 behavior, and operator-language compliance verified with seeded admin session."
frontend/src/app/routing/AppRoutes.jsx,826,/admin/trench-boxes/poster,Administration,Administration,Administrator / executive reviewer,Discovery path pending explicit click-proof,Path proof pending,Administrator / executive reviewer,NO,"Not intentionally hidden; this is a primary, public, or direct authenticated entry surface.",PRIMARY_ROUTE,CERTIFIED,CERTIFIED,CERTIFIED 390/768/1024/1440,Ledger row already carries certification evidence.
frontend/src/app/routing/AppRoutes.jsx,831,/admin/trench-safety,Administration,Administration,Administrator / executive reviewer,Admin family batch proof 2026-08-02,"/admin/trench-safety (opened directly with seeded admin session, 2026-08-02)",Administrator / executive reviewer,NO,"Not intentionally hidden; this is a primary, public, or direct authenticated entry surface.",PRIMARY_ROUTE,CERTIFIED,CERTIFIED,CERTIFIED admin batch auth + EN/ES + 390/1440 + operator-language gate,"2026-08-02 Administration operator-language gate batch: shared-shell inheritance, route-specific content/actions, EN/ES localization, responsive 390/1440 behavior, and operator-language compliance verified with seeded admin session."
frontend/src/app/routing/AppRoutes.jsx,832,/admin/trench-safety/assets,Administration,Administration,Administrator / executive reviewer,Admin family batch proof 2026-08-02,"/admin/trench-safety/assets (opened directly with seeded admin session, 2026-08-02)",Administrator / executive reviewer,NO,"Not intentionally hidden; this is a primary, public, or direct authenticated entry surface.",PRIMARY_ROUTE,CERTIFIED,CERTIFIED,CERTIFIED admin batch auth + EN/ES + 390/1440 + operator-language gate,"2026-08-02 Administration operator-language gate batch: shared-shell inheritance, route-specific content/actions, EN/ES localization, responsive 390/1440 behavior, and operator-language compliance verified with seeded admin session."
frontend/src/app/routing/AppRoutes.jsx,833,/admin/trench-safety/assets/:assetId,Administration,Administration,Administrator / executive reviewer,Seeded admin deep-link proof 2026-08-02,"/admin/trench-safety/assets/RP-901 (identifier discovered from certified parent route, 2026-08-02)",Administrator / executive reviewer,NO,"Not intentionally hidden; this is a primary, public, or direct authenticated entry surface.",PRIMARY_ROUTE,CERTIFIED,CERTIFIED,CERTIFIED admin deep-link + EN/ES + 390/1440 + operator-language gate,"2026-08-02 Administration deep-link proof: seeded admin session opened `/admin/trench-safety/assets/RP-901` with operator-language compliance, EN/ES behavior, and responsive verification."
frontend/src/app/routing/AppRoutes.jsx,834,/admin/trench-safety/tabulated-data,Administration,Administration,Administrator / executive reviewer,Admin family batch proof 2026-08-02,"/admin/trench-safety/tabulated-data (opened directly with seeded admin session, 2026-08-02)",Administrator / executive reviewer,NO,"Not intentionally hidden; this is a primary, public, or direct authenticated entry surface.",PRIMARY_ROUTE,CERTIFIED,CERTIFIED,CERTIFIED admin batch auth + EN/ES + 390/1440 + operator-language gate,"2026-08-02 Administration operator-language gate batch: shared-shell inheritance, route-specific content/actions, EN/ES localization, responsive 390/1440 behavior, and operator-language compliance verified with seeded admin session."
frontend/src/app/routing/AppRoutes.jsx,835,/admin/trench-safety/reports,Administration,Administration,Administrator / executive reviewer,Discovery path pending explicit click-proof,Path proof pending,Administrator / executive reviewer,NO,"Not intentionally hidden; this is a primary, public, or direct authenticated entry surface.",PRIMARY_ROUTE,CERTIFIED,CERTIFIED,CERTIFIED admin safety consumer + EN/ES + responsive proof (2026-08-02),"2026-08-02 Level 2 Safety certification: admin trench-safety reports consumer passed EN/ES, responsive proof, and runtime checks."
frontend/src/app/routing/AppRoutes.jsx,836,/admin/trench-safety/repair-review,Administration,Administration,Administrator / executive reviewer,Admin family batch proof 2026-08-02,"/admin/trench-safety/repair-review (opened directly with seeded admin session, 2026-08-02)",Administrator / executive reviewer,NO,"Not intentionally hidden; this is a primary, public, or direct authenticated entry surface.",PRIMARY_ROUTE,CERTIFIED,CERTIFIED,CERTIFIED admin batch auth + EN/ES + 390/1440 + operator-language gate,"2026-08-02 Administration operator-language gate batch: shared-shell inheritance, route-specific content/actions, EN/ES localization, responsive 390/1440 behavior, and operator-language compliance verified with seeded admin session."
frontend/src/app/routing/AppRoutes.jsx,837,/admin/trench-safety/field-reports,Administration,Administration,Administrator / executive reviewer,Discovery path pending explicit click-proof,Path proof pending,Administrator / executive reviewer,NO,"Not intentionally hidden; this is a primary, public, or direct authenticated entry surface.",PRIMARY_ROUTE,CERTIFIED,CERTIFIED,CERTIFIED admin safety consumer + EN/ES + responsive proof (2026-08-02),"2026-08-02 Level 2 Safety certification: admin trench-safety field-reports consumer passed EN/ES, responsive proof, and runtime checks."
frontend/src/app/routing/AppRoutes.jsx,839,/admin/jha-plans/poster,Administration,Administration,Administrator / executive reviewer,Discovery path pending explicit click-proof,Path proof pending,Administrator / executive reviewer,NO,"Not intentionally hidden; this is a primary, public, or direct authenticated entry surface.",PRIMARY_ROUTE,CERTIFIED,CERTIFIED,CERTIFIED 390/768/1024/1440,Ledger row already carries certification evidence.
frontend/src/app/routing/AppRoutes.jsx,841,/admin/posters/print-all,Administration,Administration,Administrator / executive reviewer,Discovery path pending explicit click-proof,Path proof pending,Administrator / executive reviewer,NO,"Not intentionally hidden; this is a primary, public, or direct authenticated entry surface.",PRIMARY_ROUTE,CERTIFIED,CERTIFIED,CERTIFIED 390/768/1024/1440,Ledger row already carries certification evidence.
frontend/src/app/routing/AppRoutes.jsx,843,/admin/incidents,Administration,Administration,Administrator / executive reviewer,Admin family batch proof 2026-08-02,"/admin/incidents (opened directly with seeded admin session, 2026-08-02)",Administrator / executive reviewer,NO,"Not intentionally hidden; this is a primary, public, or direct authenticated entry surface.",PRIMARY_ROUTE,CERTIFIED,CERTIFIED,CERTIFIED admin batch auth + EN/ES + 390/1440 + operator-language gate,"2026-08-02 Administration operator-language gate batch: shared-shell inheritance, route-specific content/actions, EN/ES localization, responsive 390/1440 behavior, and operator-language compliance verified with seeded admin session."
frontend/src/app/routing/AppRoutes.jsx,844,/admin/incidents/:id,Administration,Administration,Administrator / executive reviewer,Discovery path pending explicit click-proof,Path proof pending,Administrator / executive reviewer,YES,"Surface is reached from a parent list, card, or workflow with a runtime record id rather than from primary navigation.",PRIMARY_ROUTE,CERTIFIED,CERTIFIED,CERTIFIED 390/768/1024/1440,Ledger row already carries certification evidence.
frontend/src/app/routing/AppRoutes.jsx,846,/admin/daily,Administration,Administration,Administrator / executive reviewer,Discovery path pending explicit click-proof,Path proof pending,Administrator / executive reviewer,NO,"Not intentionally hidden; this is a primary, public, or direct authenticated entry surface.",PRIMARY_ROUTE,CERTIFIED,CERTIFIED,CERTIFIED auth + ES + 390/1440 + shared-shell proof,"Certified after shared admin-shell ES repair + Daily list ES/mobile proof with no overflow (screenshots 20260802_025648, 20260802_030403)."
frontend/src/app/routing/AppRoutes.jsx,847,/admin/daily/:id,Administration,Administration,Administrator / executive reviewer,Discovery path pending explicit click-proof,Path proof pending,Administrator / executive reviewer,YES,"Surface is reached from a parent list, card, or workflow with a runtime record id rather than from primary navigation.",PRIMARY_ROUTE,CERTIFIED,CERTIFIED,CERTIFIED auth + ES + 390/1440 + PDF artifact,Ledger row already carries certification evidence.
frontend/src/app/routing/AppRoutes.jsx,853,/admin/equipment-inspections,Administration,Administration,Administrator / executive reviewer,Admin family batch proof 2026-08-02,"/admin/equipment-inspections (opened directly with seeded admin session, 2026-08-02)",Administrator / executive reviewer,NO,"Not intentionally hidden; this is a primary, public, or direct authenticated entry surface.",PRIMARY_ROUTE,CERTIFIED,CERTIFIED,CERTIFIED admin batch auth + EN/ES + 390/1440 + operator-language gate,"2026-08-02 Administration operator-language gate batch: shared-shell inheritance, route-specific content/actions, EN/ES localization, responsive 390/1440 behavior, and operator-language compliance verified with seeded admin session."
frontend/src/app/routing/AppRoutes.jsx,854,/admin/equipment/:id,Administration,Administration,Administrator / executive reviewer,Blocked during deep-link proof 2026-08-02,Route not implemented; EQP-000003 returns 404.,Administrator / executive reviewer,YES,Surface is discoverable in routing but cannot be honestly certified until implementation or preview-safe runtime records exist.,PRIMARY_ROUTE,BLOCKED_NOT_CERTIFIED,BLOCKED_NOT_CERTIFIED,BLOCKED_ROUTE_NOT_IMPLEMENTED,2026-08-02 Administration deep-link blocker: Route not implemented; EQP-000003 returns 404.
frontend/src/app/routing/AppRoutes.jsx,862,/admin/qaqc/:id,Administration,Administration,Administrator / executive reviewer,Discovery path pending explicit click-proof,Path proof pending,Administrator / executive reviewer,YES,"Surface is reached from a parent list, card, or workflow with a runtime record id rather than from primary navigation.",PRIMARY_ROUTE,CERTIFIED,CERTIFIED,CERTIFIED 390/768/1024/1440,Ledger row already carries certification evidence.
frontend/src/app/routing/AppRoutes.jsx,863,/admin/leadership/records,Administration,Administration,Administrator / executive reviewer,Admin family batch proof 2026-08-02,"/admin/leadership/records (opened directly with seeded admin session, 2026-08-02)",Administrator / executive reviewer,NO,"Not intentionally hidden; this is a primary, public, or direct authenticated entry surface.",PRIMARY_ROUTE,CERTIFIED,CERTIFIED,CERTIFIED admin batch auth + EN/ES + 390/1440 + operator-language gate,"2026-08-02 Administration operator-language gate batch: shared-shell inheritance, route-specific content/actions, EN/ES localization, responsive 390/1440 behavior, and operator-language compliance verified with seeded admin session."
frontend/src/app/routing/AppRoutes.jsx,864,/admin/leadership/records/:id,Administration,Administration,Administrator / executive reviewer,Blocked during deep-link proof 2026-08-02,No leadership record identifier discoverable from /admin/leadership/records.,Administrator / executive reviewer,YES,Surface is discoverable in routing but cannot be honestly certified until implementation or preview-safe runtime records exist.,PRIMARY_ROUTE,BLOCKED_NOT_CERTIFIED,BLOCKED_NOT_CERTIFIED,BLOCKED_FIXTURE_REQUIRED,2026-08-02 Administration deep-link blocker: No leadership record identifier discoverable from /admin/leadership/records.
frontend/src/app/routing/AppRoutes.jsx,865,/admin/safety/issuance/:id,Administration,Administration,Administrator / executive reviewer,Blocked during deep-link proof 2026-08-02,No issuance identifier discoverable from /safety-portal/issuance.,Administrator / executive reviewer,YES,Surface is discoverable in routing but cannot be honestly certified until implementation or preview-safe runtime records exist.,PRIMARY_ROUTE,BLOCKED_NOT_CERTIFIED,BLOCKED_NOT_CERTIFIED,BLOCKED_FIXTURE_REQUIRED,2026-08-02 Administration deep-link blocker: No issuance identifier discoverable from /safety-portal/issuance.
frontend/src/app/routing/AppRoutes.jsx,866,/admin/safety/training/:id,Administration,Administration,Administrator / executive reviewer,Blocked during deep-link proof 2026-08-02,Route not implemented; discovered training id returns 404.,Administrator / executive reviewer,YES,Surface is discoverable in routing but cannot be honestly certified until implementation or preview-safe runtime records exist.,PRIMARY_ROUTE,BLOCKED_NOT_CERTIFIED,BLOCKED_NOT_CERTIFIED,BLOCKED_ROUTE_NOT_IMPLEMENTED,2026-08-02 Administration deep-link blocker: Route not implemented; discovered training id returns 404.
frontend/src/app/routing/AppRoutes.jsx,873,/pm/login,Project Management,Project Management,Project Management,Direct sign-in route,Path proof pending,Project Management,NO,"Not intentionally hidden; this is a primary, public, or direct authenticated entry surface.",PRIMARY_ROUTE,CERTIFIED,CERTIFIED,CERTIFIED auth + ES + 390 + no overflow,"Certified after shared auth/session fix + ES/mobile login proof + runtime pass (`iteration_107`, `iteration_108`, screenshot 20260802_023346)."
frontend/src/app/routing/AppRoutes.jsx,874,/pm/reset/:token,Project Management,Project Management,Project Management,Token or email handoff,Token or email workflow,Project Management,YES,"Surface is meant to open from a tokenized email, QR, or continuity link instead of global navigation.",PRIMARY_ROUTE,CERTIFIED,CERTIFIED,CERTIFIED invalid-token state + operator-language proof (2026-08-03),"2026-08-02 Level 1 auth certification: PM reset form route verified with active token behavior, EN/ES copy, and responsive controls."
frontend/src/app/routing/AppRoutes.jsx,875,/pm/change-password,Project Management,Project Management,Project Management,Discovery path pending explicit click-proof,Path proof pending,Project Management,NO,"Not intentionally hidden; this is a primary, public, or direct authenticated entry surface.",PRIMARY_ROUTE,CERTIFIED,CERTIFIED,CERTIFIED operator-language + load proof (2026-08-03),2026-08-02 Level 1 auth certification: authenticated PM change-password flow verified in EN/ES at mobile and desktop.
frontend/src/app/routing/AppRoutes.jsx,876,/pm,Project Management,Project Management,Project Management,Discovery path pending explicit click-proof,Path proof pending,Project Management,NO,"Not intentionally hidden; this is a primary, public, or direct authenticated entry surface.",PRIMARY_ROUTE,EVIDENCE_RECORDED,EVIDENCE_RECORDED,CERTIFIED operator-language + load proof (2026-08-03),"Reachable route known, but no route-level certification evidence yet."
frontend/src/app/routing/AppRoutes.jsx,878,/pm/hub,Project Management,Project Management,Project Management,Discovery path pending explicit click-proof,Path proof pending,Project Management,NO,"Not intentionally hidden; this is a primary, public, or direct authenticated entry surface.",PRIMARY_ROUTE,EVIDENCE_RECORDED,EVIDENCE_RECORDED,CERTIFIED operator-language + load proof (2026-08-03),"Reachable route known, but no route-level certification evidence yet."
frontend/src/app/routing/AppRoutes.jsx,879,/pm/hub_legacy,Project Management,Project Management,Project Management,Discovery path pending explicit click-proof,Path proof pending,Project Management,NO,"Not intentionally hidden; this is a primary, public, or direct authenticated entry surface.",PRIMARY_ROUTE,CERTIFIED,CERTIFIED,CERTIFIED operator-language + load proof (2026-08-03),2026-08-02 Level 3 redirect certification: legacy PM hub URL redirects cleanly to canonical /pm/login with no loop.
frontend/src/app/routing/AppRoutes.jsx,881,/pm/hub_v2,Project Management,Project Management,Project Management,Discovery path pending explicit click-proof,Path proof pending,Project Management,NO,"Not intentionally hidden; this is a primary, public, or direct authenticated entry surface.",PRIMARY_ROUTE,CERTIFIED,CERTIFIED,CERTIFIED operator-language + load proof (2026-08-03),"2026-08-02 focused recertification sweep passed EN/ES verification, responsive checks (390/768/1440), and screenshot review after shared i18n/admin/shop/root fixes."
frontend/src/app/routing/AppRoutes.jsx,884,/pm/holds,Project Management,Project Management,Project Management,Discovery path pending explicit click-proof,Path proof pending,Project Management,NO,"Not intentionally hidden; this is a primary, public, or direct authenticated entry surface.",PRIMARY_ROUTE,EVIDENCE_RECORDED,EVIDENCE_RECORDED,CERTIFIED operator-language + load proof (2026-08-03),"Reachable route known, but no route-level certification evidence yet."
frontend/src/app/routing/AppRoutes.jsx,885,/pm/due-today,Project Management,Project Management,Project Management,Discovery path pending explicit click-proof,Path proof pending,Project Management,NO,"Not intentionally hidden; this is a primary, public, or direct authenticated entry surface.",PRIMARY_ROUTE,EVIDENCE_RECORDED,EVIDENCE_RECORDED,CERTIFIED operator-language + load proof (2026-08-03),"Reachable route known, but no route-level certification evidence yet."
frontend/src/app/routing/AppRoutes.jsx,887,/pm/crew-compliance,Project Management,Project Management,Project Management,Discovery path pending explicit click-proof,Path proof pending,Project Management,NO,"Not intentionally hidden; this is a primary, public, or direct authenticated entry surface.",PRIMARY_ROUTE,CERTIFIED,CERTIFIED,CERTIFIED operator-language + load proof (2026-08-03),"2026-08-02 Level 2 transportation-adjacent certification: PM crew-compliance consumer passed EN/ES, responsive proof, and runtime checks."
frontend/src/app/routing/AppRoutes.jsx,895,/pm/jobs,Project Management,Project Management,Project Management,Discovery path pending explicit click-proof,Path proof pending,Project Management,NO,"Not intentionally hidden; this is a primary, public, or direct authenticated entry surface.",PRIMARY_ROUTE,CERTIFIED,CERTIFIED,CERTIFIED operator-language + load proof (2026-08-03),"2026-08-02 focused recertification sweep passed EN/ES verification, responsive checks (390/768/1440), and screenshot review after shared i18n/admin/shop/root fixes."
frontend/src/app/routing/AppRoutes.jsx,896,/pm/job/:projectNumber/team,Project Management,Project Management,Project Management,Discovery path pending explicit click-proof,Path proof pending,Project Management,YES,"Surface is reached from a parent list, card, or workflow with a runtime record id rather than from primary navigation.",PRIMARY_ROUTE,EVIDENCE_RECORDED,EVIDENCE_RECORDED,CERTIFIED operator-language + deep-link proof (2026-08-03),Surface discovered from source/runtime inventory and still lacks direct runtime proof.
frontend/src/app/routing/AppRoutes.jsx,898,/pm/project-staffing,Project Management,Project Management,Project Management,Discovery path pending explicit click-proof,Path proof pending,Project Management,NO,"Not intentionally hidden; this is a primary, public, or direct authenticated entry surface.",PRIMARY_ROUTE,EVIDENCE_RECORDED,EVIDENCE_RECORDED,CERTIFIED operator-language + load proof (2026-08-03),"Reachable route known, but no route-level certification evidence yet."
frontend/src/app/routing/AppRoutes.jsx,899,/pm/project-schedule,Project Management,Project Management,Project Management,Discovery path pending explicit click-proof,Path proof pending,Project Management,NO,"Not intentionally hidden; this is a primary, public, or direct authenticated entry surface.",PRIMARY_ROUTE,EVIDENCE_RECORDED,EVIDENCE_RECORDED,CERTIFIED operator-language + load proof (2026-08-03),"Reachable route known, but no route-level certification evidence yet."
frontend/src/app/routing/AppRoutes.jsx,900,/pm/monday-review,Project Management,Project Management,Project Management,Discovery path pending explicit click-proof,Path proof pending,Project Management,NO,"Not intentionally hidden; this is a primary, public, or direct authenticated entry surface.",PRIMARY_ROUTE,EVIDENCE_RECORDED,EVIDENCE_RECORDED,CERTIFIED operator-language + load proof (2026-08-03),"Reachable route known, but no route-level certification evidence yet."
frontend/src/app/routing/AppRoutes.jsx,911,/pm/projects/:projectNumber,Project Management,Project Management,Project Management,Discovery path pending explicit click-proof,Path proof pending,Project Management,YES,"Surface is reached from a parent list, card, or workflow with a runtime record id rather than from primary navigation.",REDIRECTS_TO:/pm/command-center?project_number=:projectNumber,PENDING_REVIEW,PENDING_REVIEW,REDIRECT alias confirmed to /pm/command-center?project_number=<live-project> (2026-08-03),Surface discovered from source/runtime inventory and still lacks direct runtime proof.
frontend/src/app/routing/AppRoutes.jsx,912,/pm/projects-legacy/:projectNumber,Project Management,Project Management,Project Management,Discovery path pending explicit click-proof,Path proof pending,Project Management,YES,"Surface is reached from a parent list, card, or workflow with a runtime record id rather than from primary navigation.",PRIMARY_ROUTE,EVIDENCE_RECORDED,EVIDENCE_RECORDED,CERTIFIED operator-language + deep-link proof (2026-08-03),Surface discovered from source/runtime inventory and still lacks direct runtime proof.
frontend/src/app/routing/AppRoutes.jsx,916,/pm/project/:projectNumber,Project Management,Project Management,Project Management,Discovery path pending explicit click-proof,Path proof pending,Project Management,YES,"Surface is reached from a parent list, card, or workflow with a runtime record id rather than from primary navigation.",PRIMARY_ROUTE,EVIDENCE_RECORDED,EVIDENCE_RECORDED,CERTIFIED operator-language + deep-link proof (2026-08-03),Surface discovered from source/runtime inventory and still lacks direct runtime proof.
frontend/src/app/routing/AppRoutes.jsx,921,/pm/project/:projectNumber/thread,Project Management,Project Management,Project Management,Discovery path pending explicit click-proof,Path proof pending,Project Management,YES,"Surface is reached from a parent list, card, or workflow with a runtime record id rather than from primary navigation.",PRIMARY_ROUTE,EVIDENCE_RECORDED,EVIDENCE_RECORDED,CERTIFIED operator-language + deep-link proof (2026-08-03),Surface discovered from source/runtime inventory and still lacks direct runtime proof.
frontend/src/app/routing/AppRoutes.jsx,925,/pm/command-center,Project Management,Project Management,Project Management,Discovery path pending explicit click-proof,Path proof pending,Project Management,NO,"Not intentionally hidden; this is a primary, public, or direct authenticated entry surface.",PRIMARY_ROUTE,EVIDENCE_RECORDED,EVIDENCE_RECORDED,CERTIFIED operator-language + load proof (2026-08-03),"Reachable route known, but no route-level certification evidence yet."
frontend/src/app/routing/AppRoutes.jsx,930,/operations-center,Shared platform / public workflow,Shared Operational Home and Public Entry,Public / Shared,Discovery path pending explicit click-proof,Path proof pending,Public / Shared,NO,"Not intentionally hidden; this is a primary, public, or direct authenticated entry surface.",PRIMARY_ROUTE,CERTIFIED,CERTIFIED,CERTIFIED,"2026-08-02 Level 2 shared/public certification: operations center verified with correct admin-auth gate, EN/ES content, and responsive proof."
frontend/src/app/routing/AppRoutes.jsx,931,/admin/executive-operational-intelligence,Administration,Administration,Administrator / executive reviewer,Discovery path pending explicit click-proof,Path proof pending,Administrator / executive reviewer,NO,"Not intentionally hidden; this is a primary, public, or direct authenticated entry surface.",PRIMARY_ROUTE,CERTIFIED,CERTIFIED,CERTIFIED 390/768/1024/1440,Ledger row already carries certification evidence.
frontend/src/app/routing/AppRoutes.jsx,932,/operations-map,Shared platform / public workflow,Shared Operational Home and Public Entry,Public / Shared,Discovery path pending explicit click-proof,Path proof pending,Public / Shared,NO,"Not intentionally hidden; this is a primary, public, or direct authenticated entry surface.",PRIMARY_ROUTE,CERTIFIED,CERTIFIED,CERTIFIED,2026-08-02 Level 2 shared/public certification: operations map consumer passed EN/ES and responsive proof.
frontend/src/app/routing/AppRoutes.jsx,933,/pm/field-leadership,Project Management,Project Management,Project Management,Discovery path pending explicit click-proof,Path proof pending,Project Management,NO,"Not intentionally hidden; this is a primary, public, or direct authenticated entry surface.",PRIMARY_ROUTE,EVIDENCE_RECORDED,EVIDENCE_RECORDED,CERTIFIED operator-language + load proof (2026-08-03),"Reachable route known, but no route-level certification evidence yet."
frontend/src/app/routing/AppRoutes.jsx,934,/pm/fleet,Project Management,Project Management,Project Management,Discovery path pending explicit click-proof,Path proof pending,Project Management,NO,"Not intentionally hidden; this is a primary, public, or direct authenticated entry surface.",PRIMARY_ROUTE,CERTIFIED,CERTIFIED,CERTIFIED operator-language + load proof (2026-08-03),"2026-08-02 Level 2 transportation-adjacent certification: PM fleet visibility consumer passed EN/ES, responsive proof, and runtime checks."
frontend/src/app/routing/AppRoutes.jsx,935,/pm/people,Project Management,Project Management,Project Management,Discovery path pending explicit click-proof,Path proof pending,Project Management,NO,"Not intentionally hidden; this is a primary, public, or direct authenticated entry surface.",PRIMARY_ROUTE,EVIDENCE_RECORDED,EVIDENCE_RECORDED,CERTIFIED operator-language + load proof (2026-08-03),"Reachable route known, but no route-level certification evidence yet."
frontend/src/app/routing/AppRoutes.jsx,936,/pm/suppliers,Project Management,Project Management,Project Management,Discovery path pending explicit click-proof,Path proof pending,Project Management,NO,"Not intentionally hidden; this is a primary, public, or direct authenticated entry surface.",PRIMARY_ROUTE,EVIDENCE_RECORDED,EVIDENCE_RECORDED,CERTIFIED operator-language + load proof (2026-08-03),"Reachable route known, but no route-level certification evidence yet."
frontend/src/app/routing/AppRoutes.jsx,941,/admin/vendors/:vendorId/thread,Administration,Administration,Administrator / executive reviewer,Seeded admin deep-link proof 2026-08-02,"/admin/vendors/1045/thread (identifier discovered from certified parent route, 2026-08-02)",Administrator / executive reviewer,NO,"Not intentionally hidden; this is a primary, public, or direct authenticated entry surface.",PRIMARY_ROUTE,CERTIFIED,CERTIFIED,CERTIFIED admin deep-link + EN/ES + 390/1440 + operator-language gate,"2026-08-02 Administration deep-link proof: seeded admin session opened `/admin/vendors/1045/thread` with operator-language compliance, EN/ES behavior, and responsive verification."
frontend/src/app/routing/AppRoutes.jsx,942,/admin/assets/:assetRef/thread,Administration,Administration,Administrator / executive reviewer,Seeded admin deep-link proof 2026-08-02,"/admin/assets/RP-901/thread (identifier discovered from certified parent route, 2026-08-02)",Administrator / executive reviewer,NO,"Not intentionally hidden; this is a primary, public, or direct authenticated entry surface.",PRIMARY_ROUTE,CERTIFIED,CERTIFIED,CERTIFIED admin deep-link + EN/ES + 390/1440 + operator-language gate,"2026-08-02 Administration deep-link proof: seeded admin session opened `/admin/assets/RP-901/thread` with operator-language compliance, EN/ES behavior, and responsive verification."
frontend/src/app/routing/AppRoutes.jsx,943,/pm/posters,Project Management,Project Management,Project Management,Discovery path pending explicit click-proof,Path proof pending,Project Management,NO,"Not intentionally hidden; this is a primary, public, or direct authenticated entry surface.",PRIMARY_ROUTE,EVIDENCE_RECORDED,EVIDENCE_RECORDED,CERTIFIED operator-language + load proof (2026-08-03),"Reachable route known, but no route-level certification evidence yet."
frontend/src/app/routing/AppRoutes.jsx,944,/pm/qaqc,Project Management,Project Management,Project Management,Discovery path pending explicit click-proof,Path proof pending,Project Management,NO,"Not intentionally hidden; this is a primary, public, or direct authenticated entry surface.",PRIMARY_ROUTE,CERTIFIED,CERTIFIED,CERTIFIED operator-language + load proof (2026-08-03),"2026-08-02 focused recertification sweep passed EN/ES verification, responsive checks (390/768/1440), and screenshot review after shared i18n/admin/shop/root fixes."
frontend/src/app/routing/AppRoutes.jsx,945,/pm/photos,Project Management,Project Management,Project Management,Discovery path pending explicit click-proof,Path proof pending,Project Management,NO,"Not intentionally hidden; this is a primary, public, or direct authenticated entry surface.",PRIMARY_ROUTE,CERTIFIED,CERTIFIED,CERTIFIED operator-language + load proof (2026-08-03),"Certified after responsive layout hardening on the shared portal shell + photo filters; direct proof cleared 390, 430, 768, 1024, and 1440 without overflow (`20260802_134004`, `20260802_151534`)."
frontend/src/app/routing/AppRoutes.jsx,954,/pm/daily,Project Management,Project Management,Project Management,Discovery path pending explicit click-proof,Path proof pending,Project Management,NO,"Not intentionally hidden; this is a primary, public, or direct authenticated entry surface.",PRIMARY_ROUTE,CERTIFIED,CERTIFIED,CERTIFIED operator-language + load proof (2026-08-03),"2026-08-02 focused recertification sweep passed EN/ES verification, responsive checks (390/768/1440), and screenshot review after shared i18n/admin/shop/root fixes."
frontend/src/app/routing/AppRoutes.jsx,955,/pm/daily/:id,Project Management,Project Management,Project Management,Discovery path pending explicit click-proof,Path proof pending,Project Management,YES,"Surface is reached from a parent list, card, or workflow with a runtime record id rather than from primary navigation.",PRIMARY_ROUTE,CERTIFIED,CERTIFIED,CERTIFIED 390/768/1024/1440,Ledger row already carries certification evidence.
frontend/src/app/routing/AppRoutes.jsx,956,/pm/incidents,Project Management,Project Management,Project Management,Discovery path pending explicit click-proof,Path proof pending,Project Management,NO,"Not intentionally hidden; this is a primary, public, or direct authenticated entry surface.",PRIMARY_ROUTE,EVIDENCE_RECORDED,EVIDENCE_RECORDED,CERTIFIED operator-language + load proof (2026-08-03),"Reachable route known, but no route-level certification evidence yet."
frontend/src/app/routing/AppRoutes.jsx,957,/pm/incidents/:id,Project Management,Project Management,Project Management,Discovery path pending explicit click-proof,Path proof pending,Project Management,YES,Surface is discoverable in routing and now has preview-safe runtime proof.,PRIMARY_ROUTE,CERTIFIED,CERTIFIED,CERTIFIED fixture-backed PM incident detail proof (2026-08-05),2026-08-05 recertification: iteration_141 verified `/pm/incidents/bddd1b95-b55a-4646-aa7d-9b156a2c21e3` loads correctly for the PM preview account.
frontend/src/app/routing/AppRoutes.jsx,958,/pm/meetings,Project Management,Project Management,Project Management,Discovery path pending explicit click-proof,Path proof pending,Project Management,NO,"Not intentionally hidden; this is a primary, public, or direct authenticated entry surface.",PRIMARY_ROUTE,EVIDENCE_RECORDED,EVIDENCE_RECORDED,CERTIFIED operator-language + load proof (2026-08-03),"Reachable route known, but no route-level certification evidence yet."
frontend/src/app/routing/AppRoutes.jsx,959,/pm/meetings/:id,Project Management,Project Management,Project Management,Discovery path pending explicit click-proof,Path proof pending,Project Management,YES,Surface is discoverable in routing and now has preview-safe runtime proof.,PRIMARY_ROUTE,CERTIFIED,CERTIFIED,CERTIFIED fixture-backed PM meeting detail proof (2026-08-05),2026-08-05 recertification: iteration_141 verified `/pm/meetings/28c27d5e-5bc1-4e8d-9c88-0497a010d4c6` loads correctly for the PM preview account.
frontend/src/app/routing/AppRoutes.jsx,960,/pm/inspections,Project Management,Project Management,Project Management,Discovery path pending explicit click-proof,Path proof pending,Project Management,NO,"Not intentionally hidden; this is a primary, public, or direct authenticated entry surface.",PRIMARY_ROUTE,CERTIFIED,CERTIFIED,CERTIFIED operator-language + load proof (2026-08-03),2026-08-02 Level 2 transportation-adjacent certification: PM inspections list passed EN/ES and responsive proof; route correctly shows an empty-state when no PM-owned inspections exist.
frontend/src/app/routing/AppRoutes.jsx,961,/pm/inspections/:id,Project Management,Project Management,Project Management,Discovery path pending explicit click-proof,Path proof pending,Project Management,YES,Surface is discoverable in routing and now has preview-safe runtime proof.,PRIMARY_ROUTE,CERTIFIED,CERTIFIED,CERTIFIED fixture-backed PM inspection detail proof (2026-08-05),2026-08-05 recertification: iteration_141 verified `/pm/inspections/d6e8621a-80f9-42d8-984d-94f2d8aaf866` loads correctly for the PM preview account.
frontend/src/app/routing/AppRoutes.jsx,962,/pm/jha-plans,Project Management,Project Management,Project Management,Discovery path pending explicit click-proof,Path proof pending,Project Management,NO,"Not intentionally hidden; this is a primary, public, or direct authenticated entry surface.",PRIMARY_ROUTE,EVIDENCE_RECORDED,EVIDENCE_RECORDED,CERTIFIED operator-language + load proof (2026-08-03),"Reachable route known, but no route-level certification evidence yet."
frontend/src/app/routing/AppRoutes.jsx,963,/pm/trench-boxes,Project Management,Project Management,Project Management,Discovery path pending explicit click-proof,Path proof pending,Project Management,NO,"Not intentionally hidden; this is a primary, public, or direct authenticated entry surface.",PRIMARY_ROUTE,EVIDENCE_RECORDED,EVIDENCE_RECORDED,CERTIFIED operator-language + load proof (2026-08-03),"Reachable route known, but no route-level certification evidence yet."
frontend/src/app/routing/AppRoutes.jsx,964,/pm/equipment,Project Management,Project Management,Project Management,Discovery path pending explicit click-proof,Path proof pending,Project Management,NO,"Not intentionally hidden; this is a primary, public, or direct authenticated entry surface.",PRIMARY_ROUTE,CERTIFIED,CERTIFIED,CERTIFIED operator-language + load proof (2026-08-03),"2026-08-02 focused recertification sweep passed EN/ES verification, responsive checks (390/768/1440), and screenshot review after shared i18n/admin/shop/root fixes."
frontend/src/app/routing/AppRoutes.jsx,965,/pm/equipment/:id,Project Management,Project Management,Project Management,Discovery path pending explicit click-proof,Path proof pending,Project Management,YES,Surface is discoverable in routing and now has preview-safe runtime proof.,PRIMARY_ROUTE,CERTIFIED,CERTIFIED,CERTIFIED PM equipment route behavior proof (2026-08-05),2026-08-05 recertification: iteration_141 verified `/pm/equipment/ab35644e-2fca-40c6-aa58-b6d02eec8881` resolves to the expected PM equipment experience.
frontend/src/app/routing/AppRoutes.jsx,971,/pm/trench-safety,Project Management,Project Management,Project Management,Discovery path pending explicit click-proof,Path proof pending,Project Management,NO,"Not intentionally hidden; this is a primary, public, or direct authenticated entry surface.",PRIMARY_ROUTE,CERTIFIED,CERTIFIED,CERTIFIED operator-language + load proof (2026-08-03),"2026-08-02 focused recertification sweep passed EN/ES verification, responsive checks (390/768/1440), and screenshot review after shared i18n/admin/shop/root fixes."
frontend/src/app/routing/AppRoutes.jsx,972,/pm/trench-safety/assets,Project Management,Project Management,Project Management,Discovery path pending explicit click-proof,Path proof pending,Project Management,NO,"Not intentionally hidden; this is a primary, public, or direct authenticated entry surface.",PRIMARY_ROUTE,EVIDENCE_RECORDED,EVIDENCE_RECORDED,CERTIFIED operator-language + load proof (2026-08-03),"Reachable route known, but no route-level certification evidence yet."
frontend/src/app/routing/AppRoutes.jsx,973,/pm/trench-safety/assets/:assetId,Project Management,Project Management,Project Management,Discovery path pending explicit click-proof,Path proof pending,Project Management,YES,"Surface is reached from a parent list, card, or workflow with a runtime record id rather than from primary navigation.",PRIMARY_ROUTE,EVIDENCE_RECORDED,EVIDENCE_RECORDED,CERTIFIED operator-language + deep-link proof (2026-08-03),Surface discovered from source/runtime inventory and still lacks direct runtime proof.
frontend/src/app/routing/AppRoutes.jsx,974,/pm/trench-safety/tabulated-data,Project Management,Project Management,Project Management,Discovery path pending explicit click-proof,Path proof pending,Project Management,NO,"Not intentionally hidden; this is a primary, public, or direct authenticated entry surface.",PRIMARY_ROUTE,EVIDENCE_RECORDED,EVIDENCE_RECORDED,CERTIFIED operator-language + load proof (2026-08-03),"Reachable route known, but no route-level certification evidence yet."
frontend/src/app/routing/AppRoutes.jsx,975,/pm/trench-safety/reports,Project Management,Project Management,Project Management,Discovery path pending explicit click-proof,Path proof pending,Project Management,NO,"Not intentionally hidden; this is a primary, public, or direct authenticated entry surface.",PRIMARY_ROUTE,CERTIFIED,CERTIFIED,CERTIFIED operator-language + load proof (2026-08-03),"2026-08-02 Level 2 Safety certification: PM trench-safety reports consumer passed EN/ES, responsive proof, and runtime checks."
frontend/src/app/routing/AppRoutes.jsx,976,/pm/trench-safety/excavations,Project Management,Project Management,Project Management,Discovery path pending explicit click-proof,Path proof pending,Project Management,NO,"Not intentionally hidden; this is a primary, public, or direct authenticated entry surface.",PRIMARY_ROUTE,EVIDENCE_RECORDED,EVIDENCE_RECORDED,CERTIFIED operator-language + load proof (2026-08-03),"Reachable route known, but no route-level certification evidence yet."
frontend/src/app/routing/AppRoutes.jsx,982,/shop/login,Shop Operations,Shop Operations,Shop operator,Direct sign-in route,Path proof pending,Shop operator,NO,"Not intentionally hidden; this is a primary, public, or direct authenticated entry surface.",PRIMARY_ROUTE,CERTIFIED,CERTIFIED,CERTIFIED auth + ES + 390 + no overflow,Certified after shared auth/session fix + ES/mobile login proof + shop footer-label bug repair (screenshot 20260802_030300).
frontend/src/app/routing/AppRoutes.jsx,983,/shop/reset/:token,Shop Operations,Shop Operations,Shop operator,Token or email handoff,Token or email workflow,Shop operator,YES,"Surface is meant to open from a tokenized email, QR, or continuity link instead of global navigation.",PRIMARY_ROUTE,CERTIFIED,CERTIFIED,CERTIFIED invalid-token state + operator-language proof (2026-08-03),"2026-08-02 Level 1 auth certification: Shop reset form route verified with active token behavior, EN/ES copy, and responsive controls."
frontend/src/app/routing/AppRoutes.jsx,984,/shop/change-password,Shop Operations,Shop Operations,Shop operator,Discovery path pending explicit click-proof,Path proof pending,Shop operator,NO,"Not intentionally hidden; this is a primary, public, or direct authenticated entry surface.",PRIMARY_ROUTE,CERTIFIED,CERTIFIED,CERTIFIED operator-language + load proof (2026-08-03),2026-08-02 Level 1 auth certification: authenticated Shop change-password flow verified in EN/ES at mobile and desktop.
frontend/src/app/routing/AppRoutes.jsx,990,/shop,Shop Operations,Shop Operations,Shop operator,Discovery path pending explicit click-proof,Path proof pending,Shop operator,NO,"Not intentionally hidden; this is a primary, public, or direct authenticated entry surface.",PRIMARY_ROUTE,CERTIFIED,CERTIFIED,CERTIFIED operator-language + load proof (2026-08-03),"2026-08-02 focused recertification sweep passed EN/ES verification, responsive checks (390/768/1440), and screenshot review after shared i18n/admin/shop/root fixes."
frontend/src/app/routing/AppRoutes.jsx,991,/shop/hub_legacy,Shop Operations,Shop Operations,Shop operator,Discovery path pending explicit click-proof,Path proof pending,Shop operator,NO,"Not intentionally hidden; this is a primary, public, or direct authenticated entry surface.",PRIMARY_ROUTE,CERTIFIED,CERTIFIED,CERTIFIED operator-language + load proof (2026-08-03),2026-08-02 Level 3 redirect certification: legacy Shop hub URL redirects cleanly to canonical /shop/login with no loop.
frontend/src/app/routing/AppRoutes.jsx,992,/shop/hub_v2,Shop Operations,Shop Operations,Shop operator,Discovery path pending explicit click-proof,Path proof pending,Shop operator,NO,"Not intentionally hidden; this is a primary, public, or direct authenticated entry surface.",PRIMARY_ROUTE,CERTIFIED,CERTIFIED,CERTIFIED operator-language + load proof (2026-08-03),"2026-08-02 focused recertification sweep passed EN/ES verification, responsive checks (390/768/1440), and screenshot review after shared i18n/admin/shop/root fixes."
frontend/src/app/routing/AppRoutes.jsx,996,/shop/asset-care,Shop Operations,Shop Operations,Shop operator,Discovery path pending explicit click-proof,Path proof pending,Shop operator,NO,"Not intentionally hidden; this is a primary, public, or direct authenticated entry surface.",PRIMARY_ROUTE,CERTIFIED,CERTIFIED,CERTIFIED operator-language + load proof (2026-08-03),"2026-08-02 focused recertification sweep passed EN/ES verification, responsive checks (390/768/1440), and screenshot review after shared i18n/admin/shop/root fixes."
frontend/src/app/routing/AppRoutes.jsx,1000,/shop/manager/queue,Shop Operations,Shop Operations,Shop operator,Discovery path pending explicit click-proof,Path proof pending,Shop operator,NO,"Not intentionally hidden; this is a primary, public, or direct authenticated entry surface.",PRIMARY_ROUTE,CERTIFIED,CERTIFIED,CERTIFIED operator-language + load proof (2026-08-03),"2026-08-02 focused recertification sweep passed EN/ES verification, responsive checks (390/768/1440), and screenshot review after shared i18n/admin/shop/root fixes."
frontend/src/app/routing/AppRoutes.jsx,1001,/shop/me,Shop Operations,Shop Operations,Shop operator,Discovery path pending explicit click-proof,Path proof pending,Shop operator,NO,"Not intentionally hidden; this is a primary, public, or direct authenticated entry surface.",PRIMARY_ROUTE,CERTIFIED,CERTIFIED,CERTIFIED operator-language + load proof (2026-08-03),"2026-08-02 focused recertification sweep passed EN/ES verification, responsive checks (390/768/1440), and screenshot review after shared i18n/admin/shop/root fixes."
frontend/src/app/routing/AppRoutes.jsx,1003,/shop/units/history,Shop Operations,Shop Operations,Shop operator,Discovery path pending explicit click-proof,Path proof pending,Shop operator,NO,"Not intentionally hidden; this is a primary, public, or direct authenticated entry surface.",PRIMARY_ROUTE,CERTIFIED,CERTIFIED,CERTIFIED operator-language + load proof (2026-08-03),"2026-08-02 focused recertification sweep passed EN/ES verification, responsive checks (390/768/1440), and screenshot review after shared i18n/admin/shop/root fixes."
frontend/src/app/routing/AppRoutes.jsx,1004,/shop/units/:unitNumber/history,Shop Operations,Shop Operations,Shop operator,Discovery path pending explicit click-proof,Path proof pending,Shop operator,YES,Surface is discoverable in routing and now has preview-safe runtime proof.,PRIMARY_ROUTE,PENDING_REVIEW,PENDING_REVIEW,CERTIFIED shop unit history proof (2026-08-05),2026-08-05 recertification: `/shop/units/EXC-8614/history` loads with real timeline events after shared shop auth-header repair and operator-language cleanup.
frontend/src/app/routing/AppRoutes.jsx,1006,/shop/fuel-lube/new,Shop Operations,Shop Operations,Shop operator,Discovery path pending explicit click-proof,Path proof pending,Shop operator,NO,"Not intentionally hidden; this is a primary, public, or direct authenticated entry surface.",PRIMARY_ROUTE,CERTIFIED,CERTIFIED,CERTIFIED operator-language + load proof (2026-08-03),"2026-08-02 focused recertification sweep passed EN/ES verification, responsive checks (390/768/1440), and screenshot review after shared i18n/admin/shop/root fixes."
frontend/src/app/routing/AppRoutes.jsx,1008,/shop/fuel-lube,Shop Operations,Shop Operations,Shop operator,Discovery path pending explicit click-proof,Path proof pending,Shop operator,NO,"Not intentionally hidden; this is a primary, public, or direct authenticated entry surface.",PRIMARY_ROUTE,CERTIFIED,CERTIFIED,CERTIFIED operator-language + load proof (2026-08-03),"2026-08-02 focused recertification sweep passed EN/ES verification, responsive checks (390/768/1440), and screenshot review after shared i18n/admin/shop/root fixes."
frontend/src/app/routing/AppRoutes.jsx,1009,/shop/fuel-lube/:visitId,Shop Operations,Shop Operations,Shop operator,Discovery path pending explicit click-proof,Path proof pending,Shop operator,YES,Surface is discoverable in routing and now has preview-safe runtime proof.,PRIMARY_ROUTE,PENDING_REVIEW,PENDING_REVIEW,CERTIFIED shop fuel/lube detail proof (2026-08-05),2026-08-05 recertification: `/shop/fuel-lube/flv-53f1f11a0e9a` loads successfully for the shop preview account with operator-safe wording.
frontend/src/app/routing/AppRoutes.jsx,1011,/shop/service-truck-reconciliation/new,Shop Operations,Shop Operations,Shop operator,Discovery path pending explicit click-proof,Path proof pending,Shop operator,NO,"Not intentionally hidden; this is a primary, public, or direct authenticated entry surface.",PRIMARY_ROUTE,CERTIFIED,CERTIFIED,CERTIFIED operator-language + load proof (2026-08-03),"2026-08-02 focused recertification sweep passed EN/ES verification, responsive checks (390/768/1440), and screenshot review after shared i18n/admin/shop/root fixes."
frontend/src/app/routing/AppRoutes.jsx,1012,/shop/service-truck-reconciliation,Shop Operations,Shop Operations,Shop operator,Discovery path pending explicit click-proof,Path proof pending,Shop operator,NO,"Not intentionally hidden; this is a primary, public, or direct authenticated entry surface.",PRIMARY_ROUTE,CERTIFIED,CERTIFIED,CERTIFIED operator-language + load proof (2026-08-03),"2026-08-02 focused recertification sweep passed EN/ES verification, responsive checks (390/768/1440), and screenshot review after shared i18n/admin/shop/root fixes."
frontend/src/app/routing/AppRoutes.jsx,1013,/shop/service-truck-reconciliation/:recId,Shop Operations,Shop Operations,Shop operator,Discovery path pending explicit click-proof,Path proof pending,Shop operator,YES,Surface is discoverable in routing and now has preview-safe runtime proof.,PRIMARY_ROUTE,PENDING_REVIEW,PENDING_REVIEW,CERTIFIED shop reconciliation detail proof (2026-08-05),2026-08-05 recertification: `/shop/service-truck-reconciliation/strr-bce850a72adb` loads successfully for the shop preview account with operator-safe wording.
frontend/src/app/routing/AppRoutes.jsx,1015,/shop/pm,Shop Operations,Shop Operations,Shop operator,Discovery path pending explicit click-proof,Path proof pending,Shop operator,NO,"Not intentionally hidden; this is a primary, public, or direct authenticated entry surface.",PRIMARY_ROUTE,CERTIFIED,CERTIFIED,CERTIFIED operator-language + load proof (2026-08-03),"2026-08-02 focused recertification sweep passed EN/ES verification, responsive checks (390/768/1440), and screenshot review after shared i18n/admin/shop/root fixes."
frontend/src/app/routing/AppRoutes.jsx,1016,/shop/pm/templates,Shop Operations,Shop Operations,Shop operator,Discovery path pending explicit click-proof,Path proof pending,Shop operator,NO,"Not intentionally hidden; this is a primary, public, or direct authenticated entry surface.",PRIMARY_ROUTE,CERTIFIED,CERTIFIED,CERTIFIED operator-language + load proof (2026-08-03),"2026-08-02 focused recertification sweep passed EN/ES verification, responsive checks (390/768/1440), and screenshot review after shared i18n/admin/shop/root fixes."
frontend/src/app/routing/AppRoutes.jsx,1017,/shop/pm/schedules,Shop Operations,Shop Operations,Shop operator,Discovery path pending explicit click-proof,Path proof pending,Shop operator,NO,"Not intentionally hidden; this is a primary, public, or direct authenticated entry surface.",PRIMARY_ROUTE,CERTIFIED,CERTIFIED,CERTIFIED operator-language + load proof (2026-08-03),"2026-08-02 focused recertification sweep passed EN/ES verification, responsive checks (390/768/1440), and screenshot review after shared i18n/admin/shop/root fixes."
frontend/src/app/routing/AppRoutes.jsx,1018,/shop/pm/work-orders,Shop Operations,Shop Operations,Shop operator,Discovery path pending explicit click-proof,Path proof pending,Shop operator,NO,"Not intentionally hidden; this is a primary, public, or direct authenticated entry surface.",PRIMARY_ROUTE,CERTIFIED,CERTIFIED,CERTIFIED operator-language + load proof (2026-08-03),"2026-08-02 focused recertification sweep passed EN/ES verification, responsive checks (390/768/1440), and screenshot review after shared i18n/admin/shop/root fixes."
frontend/src/app/routing/AppRoutes.jsx,1019,/shop/pm/work-orders/:id,Shop Operations,Shop Operations,Shop operator,Discovery path pending explicit click-proof,Path proof pending,Shop operator,YES,"Surface is reached from a parent list, card, or workflow with a runtime record id rather than from primary navigation.",PRIMARY_ROUTE,EVIDENCE_RECORDED,EVIDENCE_RECORDED,CERTIFIED operator-language + deep-link proof (2026-08-03),Surface discovered from source/runtime inventory and still lacks direct runtime proof.
frontend/src/app/routing/AppRoutes.jsx,1020,/shop/trench-safety-repairs,Shop Operations,Shop Operations,Shop operator,Discovery path pending explicit click-proof,Path proof pending,Shop operator,NO,"Not intentionally hidden; this is a primary, public, or direct authenticated entry surface.",PRIMARY_ROUTE,CERTIFIED,CERTIFIED,CERTIFIED operator-language + load proof (2026-08-03),"2026-08-02 focused recertification sweep passed EN/ES verification, responsive checks (390/768/1440), and screenshot review after shared i18n/admin/shop/root fixes."
frontend/src/app/routing/AppRoutes.jsx,1021,/shop/fleet,Shop Operations,Shop Operations,Shop operator,Discovery path pending explicit click-proof,Path proof pending,Shop operator,NO,"Not intentionally hidden; this is a primary, public, or direct authenticated entry surface.",PRIMARY_ROUTE,CERTIFIED,CERTIFIED,CERTIFIED operator-language + load proof (2026-08-03),"2026-08-02 focused recertification sweep passed EN/ES verification, responsive checks (390/768/1440), and screenshot review after shared i18n/admin/shop/root fixes."
frontend/src/app/routing/AppRoutes.jsx,1025,/fleet/unit/:unit_number,Shared platform / public workflow,Shared Operational Home and Public Entry,Public / Shared,Discovery path pending explicit click-proof,Path proof pending,Public / Shared,YES,"Surface is reached from a parent list, card, or workflow with a runtime record id rather than from primary navigation.",PRIMARY_ROUTE,CERTIFIED,CERTIFIED,CERTIFIED,2026-08-02 Level 2 transportation-adjacent certification: fleet unit thread opened from a valid preview unit and passed EN/ES plus responsive proof.
frontend/src/app/routing/AppRoutes.jsx,1029,/shop/equipment,Shop Operations,Shop Operations,Shop operator,Discovery path pending explicit click-proof,Path proof pending,Shop operator,NO,"Not intentionally hidden; this is a primary, public, or direct authenticated entry surface.",PRIMARY_ROUTE,CERTIFIED,CERTIFIED,CERTIFIED operator-language + load proof (2026-08-03),"2026-08-02 focused recertification sweep passed EN/ES verification, responsive checks (390/768/1440), and screenshot review after shared i18n/admin/shop/root fixes."
frontend/src/app/routing/AppRoutes.jsx,1030,/shop/equipment/:id,Shop Operations,Shop Operations,Shop operator,Discovery path pending explicit click-proof,Path proof pending,Shop operator,YES,Surface is discoverable in routing and now has preview-safe runtime proof.,PRIMARY_ROUTE,PENDING_REVIEW,PENDING_REVIEW,CERTIFIED shop equipment detail proof (2026-08-05),2026-08-05 recertification: `/shop/equipment/dabf7610-739c-44db-9938-d1313b9148d7` loads successfully for the shop preview account.
frontend/src/app/routing/AppRoutes.jsx,1039,/hr/login,Human Resources,Human Resources,Human Resources,Direct sign-in route,Path proof pending,Human Resources,NO,"Not intentionally hidden; this is a primary, public, or direct authenticated entry surface.",PRIMARY_ROUTE,CERTIFIED,CERTIFIED,CERTIFIED auth + ES + 390 + no overflow,"Certified after shared auth/session fix + ES/mobile login proof + runtime pass (`iteration_107`, `iteration_108`)."
frontend/src/app/routing/AppRoutes.jsx,1040,/sign-in,Shared platform / public workflow,Shared Operational Home and Public Entry,Public / Shared,Discovery path pending explicit click-proof,Path proof pending,Public / Shared,NO,"Not intentionally hidden; this is a primary, public, or direct authenticated entry surface.",PRIMARY_ROUTE,CERTIFIED,CERTIFIED,CERTIFIED,2026-08-02 Level 2 shared-auth certification: shared sign-in route verified in EN/ES with clean runtime and responsive controls.
frontend/src/app/routing/AppRoutes.jsx,1041,/change-password,Shared platform / public workflow,Shared Operational Home and Public Entry,Public / Shared,Discovery path pending explicit click-proof,Path proof pending,Public / Shared,NO,"Not intentionally hidden; this is a primary, public, or direct authenticated entry surface.",PRIMARY_ROUTE,CERTIFIED,CERTIFIED,CERTIFIED,2026-08-02 Level 2 shared-auth certification: shared directory password-change route verified in EN/ES with clean runtime and responsive controls.
frontend/src/app/routing/AppRoutes.jsx,1042,/hr/forgot,Human Resources,Human Resources,Human Resources,Token or email handoff,Path proof pending,Human Resources,NO,"Not intentionally hidden; this is a primary, public, or direct authenticated entry surface.",PRIMARY_ROUTE,EVIDENCE_RECORDED,EVIDENCE_RECORDED,CERTIFIED redirect + operator-language proof (2026-08-03),2026-08-02 Level 3 redirect certification: deprecated HR forgot route cleanly forwards to canonical /hr/login inline reset flow.
frontend/src/app/routing/AppRoutes.jsx,1043,/hr/reset/:token,Human Resources,Human Resources,Human Resources,Token or email handoff,Token or email workflow,Human Resources,YES,"Surface is meant to open from a tokenized email, QR, or continuity link instead of global navigation.",PRIMARY_ROUTE,CERTIFIED,CERTIFIED,CERTIFIED invalid-token state + operator-language proof (2026-08-03),"2026-08-02 Level 1 auth certification: HR reset form route verified with active token behavior, EN/ES copy, and responsive controls."
frontend/src/app/routing/AppRoutes.jsx,1044,/hr/change-password,Human Resources,Human Resources,Human Resources,Discovery path pending explicit click-proof,Path proof pending,Human Resources,NO,"Not intentionally hidden; this is a primary, public, or direct authenticated entry surface.",PRIMARY_ROUTE,CERTIFIED,CERTIFIED,CERTIFIED operator-language + load proof (2026-08-03),2026-08-02 Level 1 auth certification: authenticated HR change-password flow verified in EN/ES at mobile and desktop.
frontend/src/app/routing/AppRoutes.jsx,1046,/hr,Human Resources,Human Resources,Human Resources,Discovery path pending explicit click-proof,Path proof pending,Human Resources,NO,"Not intentionally hidden; this is a primary, public, or direct authenticated entry surface.",PRIMARY_ROUTE,EVIDENCE_RECORDED,EVIDENCE_RECORDED,CERTIFIED operator-language + load proof (2026-08-03),"Reachable route known, but no route-level certification evidence yet."
frontend/src/app/routing/AppRoutes.jsx,1047,/hr/hub_legacy,Human Resources,Human Resources,Human Resources,Discovery path pending explicit click-proof,Path proof pending,Human Resources,NO,"Not intentionally hidden; this is a primary, public, or direct authenticated entry surface.",PRIMARY_ROUTE,CERTIFIED,CERTIFIED,CERTIFIED operator-language + load proof (2026-08-03),2026-08-02 Level 3 redirect certification: legacy HR hub URL redirects cleanly to canonical /hr/login with no loop.
frontend/src/app/routing/AppRoutes.jsx,1049,/hr/hub_v2,Human Resources,Human Resources,Human Resources,Discovery path pending explicit click-proof,Path proof pending,Human Resources,NO,"Not intentionally hidden; this is a primary, public, or direct authenticated entry surface.",PRIMARY_ROUTE,CERTIFIED,CERTIFIED,CERTIFIED operator-language + load proof (2026-08-03),"2026-08-02 focused recertification sweep passed EN/ES verification, responsive checks (390/768/1440), and screenshot review after shared i18n/admin/shop/root fixes."
frontend/src/app/routing/AppRoutes.jsx,1050,/hr/field-leadership,Human Resources,Human Resources,Human Resources,Discovery path pending explicit click-proof,Path proof pending,Human Resources,NO,"Not intentionally hidden; this is a primary, public, or direct authenticated entry surface.",PRIMARY_ROUTE,EVIDENCE_RECORDED,EVIDENCE_RECORDED,CERTIFIED operator-language + load proof (2026-08-03),"Reachable route known, but no route-level certification evidence yet."
frontend/src/app/routing/AppRoutes.jsx,1051,/hr/field-leadership-users,Human Resources,Human Resources,Human Resources,Discovery path pending explicit click-proof,Path proof pending,Human Resources,NO,"Not intentionally hidden; this is a primary, public, or direct authenticated entry surface.",PRIMARY_ROUTE,EVIDENCE_RECORDED,EVIDENCE_RECORDED,CERTIFIED operator-language + load proof (2026-08-03),"Reachable route known, but no route-level certification evidence yet."
frontend/src/app/routing/AppRoutes.jsx,1052,/hr/employee-accountability,Human Resources,Human Resources,Human Resources,Discovery path pending explicit click-proof,Path proof pending,Human Resources,NO,"Not intentionally hidden; this is a primary, public, or direct authenticated entry surface.",PRIMARY_ROUTE,EVIDENCE_RECORDED,EVIDENCE_RECORDED,CERTIFIED operator-language + load proof (2026-08-03),"Reachable route known, but no route-level certification evidence yet."
frontend/src/app/routing/AppRoutes.jsx,1053,/hr/time-verification,Human Resources,Human Resources,Human Resources,Discovery path pending explicit click-proof,Path proof pending,Human Resources,NO,"Not intentionally hidden; this is a primary, public, or direct authenticated entry surface.",PRIMARY_ROUTE,EVIDENCE_RECORDED,EVIDENCE_RECORDED,CERTIFIED operator-language + load proof (2026-08-03),"Reachable route known, but no route-level certification evidence yet."
frontend/src/app/routing/AppRoutes.jsx,1054,/hr/time-off,Human Resources,Human Resources,Human Resources,Discovery path pending explicit click-proof,Path proof pending,Human Resources,NO,"Not intentionally hidden; this is a primary, public, or direct authenticated entry surface.",PRIMARY_ROUTE,EVIDENCE_RECORDED,EVIDENCE_RECORDED,CERTIFIED operator-language + load proof (2026-08-03),"Reachable route known, but no route-level certification evidence yet."
frontend/src/app/routing/AppRoutes.jsx,1055,/hr/payroll-variance,Human Resources,Human Resources,Human Resources,Discovery path pending explicit click-proof,Path proof pending,Human Resources,NO,"Not intentionally hidden; this is a primary, public, or direct authenticated entry surface.",PRIMARY_ROUTE,EVIDENCE_RECORDED,EVIDENCE_RECORDED,CERTIFIED operator-language + load proof (2026-08-03),"Reachable route known, but no route-level certification evidence yet."
frontend/src/app/routing/AppRoutes.jsx,1056,/hr/training-records,Human Resources,Human Resources,Human Resources,Discovery path pending explicit click-proof,Path proof pending,Human Resources,NO,"Not intentionally hidden; this is a primary, public, or direct authenticated entry surface.",PRIMARY_ROUTE,CERTIFIED,CERTIFIED,CERTIFIED operator-language + load proof (2026-08-03),"Certified after shared HR sidebar localization fix plus family re-audit at 1440 + 390 (`auto_frontend_testing_agent`, 2026-08-02); route now renders governed Spanish chrome cleanly."
frontend/src/app/routing/AppRoutes.jsx,1057,/hr/qualifications,Human Resources,Human Resources,Human Resources,Discovery path pending explicit click-proof,Path proof pending,Human Resources,NO,"Not intentionally hidden; this is a primary, public, or direct authenticated entry surface.",PRIMARY_ROUTE,EVIDENCE_RECORDED,EVIDENCE_RECORDED,CERTIFIED operator-language + load proof (2026-08-03),"Reachable route known, but no route-level certification evidence yet."
frontend/src/app/routing/AppRoutes.jsx,1058,/hr/driver-qualification,Human Resources,Human Resources,Human Resources,Discovery path pending explicit click-proof,Path proof pending,Human Resources,NO,"Not intentionally hidden; this is a primary, public, or direct authenticated entry surface.",PRIMARY_ROUTE,EVIDENCE_RECORDED,EVIDENCE_RECORDED,CERTIFIED operator-language + load proof (2026-08-03),"Reachable route known, but no route-level certification evidence yet."
frontend/src/app/routing/AppRoutes.jsx,1059,/hr/driver-qualification/import,Human Resources,Human Resources,Human Resources,Discovery path pending explicit click-proof,Path proof pending,Human Resources,NO,"Not intentionally hidden; this is a primary, public, or direct authenticated entry surface.",PRIMARY_ROUTE,EVIDENCE_RECORDED,EVIDENCE_RECORDED,CERTIFIED operator-language + load proof (2026-08-03),"Reachable route known, but no route-level certification evidence yet."
frontend/src/app/routing/AppRoutes.jsx,1075,/hr/daily-reports,Human Resources,Human Resources,Human Resources,Discovery path pending explicit click-proof,Path proof pending,Human Resources,NO,"Not intentionally hidden; this is a primary, public, or direct authenticated entry surface.",PRIMARY_ROUTE,CERTIFIED,CERTIFIED,CERTIFIED operator-language + load proof (2026-08-03),"Certified after shared HR sidebar localization fix plus family re-audit at 1440 + 390 (`auto_frontend_testing_agent`, 2026-08-02); route now renders governed Spanish chrome cleanly."
frontend/src/app/routing/AppRoutes.jsx,1076,/hr/daily-reports/:id,Human Resources,Human Resources,Human Resources,Discovery path pending explicit click-proof,Path proof pending,Human Resources,YES,"Surface is reached from a parent list, card, or workflow with a runtime record id rather than from primary navigation.",PRIMARY_ROUTE,CERTIFIED,CERTIFIED,CERTIFIED 390/768/1024/1440,Ledger row already carries certification evidence.
frontend/src/app/routing/AppRoutes.jsx,1078,/hr/motive-drivers,Human Resources,Human Resources,Human Resources,Discovery path pending explicit click-proof,Path proof pending,Human Resources,NO,"Not intentionally hidden; this is a primary, public, or direct authenticated entry surface.",PRIMARY_ROUTE,CERTIFIED,CERTIFIED,CERTIFIED operator-language + load proof (2026-08-03),"2026-08-02 Level 2 transportation-adjacent certification: HR motive-drivers consumer passed EN/ES, responsive proof, and runtime checks."
frontend/src/app/routing/AppRoutes.jsx,1080,/hr/driver/:driverKey,Human Resources,Human Resources,Human Resources,Discovery path pending explicit click-proof,Path proof pending,Human Resources,YES,"Surface is reached from a parent list, card, or workflow with a runtime record id rather than from primary navigation.",PRIMARY_ROUTE,EVIDENCE_RECORDED,EVIDENCE_RECORDED,CERTIFIED operator-language + deep-link proof (2026-08-03),Surface discovered from source/runtime inventory and still lacks direct runtime proof.
frontend/src/app/routing/AppRoutes.jsx,1081,/time-off/public/:token,Shared platform / public workflow,Shared Operational Home and Public Entry,Public / Shared,Token or email handoff,Token or email workflow,Public / Shared,YES,"Surface is meant to open from a tokenized email, QR, or continuity link instead of global navigation.",PRIMARY_ROUTE,CERTIFIED,CERTIFIED,CERTIFIED,2026-08-02 Level 3 shared/public certification: public time-off token route verified to show the intentional invalid-token error state cleanly.
frontend/src/app/routing/AppRoutes.jsx,1088,/field-leadership/portal/login,Field Leadership,Field Leadership,Field Leadership / admin reviewer,Direct sign-in route,Path proof pending,Field Leadership / admin reviewer,NO,"Not intentionally hidden; this is a primary, public, or direct authenticated entry surface.",PRIMARY_ROUTE,CERTIFIED,CERTIFIED,CERTIFIED operator-language + load proof (2026-08-03),2026-08-02 Level 1 auth certification: foreman login route verified in EN/ES with responsive form controls and clean runtime.
frontend/src/app/routing/AppRoutes.jsx,1089,/field-leadership/portal/change-password,Field Leadership,Field Leadership,Field Leadership / admin reviewer,Discovery path pending explicit click-proof,Path proof pending,Field Leadership / admin reviewer,NO,"Not intentionally hidden; this is a primary, public, or direct authenticated entry surface.",PRIMARY_ROUTE,CERTIFIED,CERTIFIED,CERTIFIED operator-language + load proof (2026-08-03),2026-08-02 Level 1 auth certification: foreman change-password workflow verified in EN/ES after authentication.
frontend/src/app/routing/AppRoutes.jsx,1090,/field-leadership/portal/dashboard,Field Leadership,Field Leadership,Field Leadership / admin reviewer,Discovery path pending explicit click-proof,Path proof pending,Field Leadership / admin reviewer,NO,"Not intentionally hidden; this is a primary, public, or direct authenticated entry surface.",PRIMARY_ROUTE,EVIDENCE_RECORDED,EVIDENCE_RECORDED,CERTIFIED operator-language + load proof (2026-08-03),"Reachable route known, but no route-level certification evidence yet."
frontend/src/app/routing/AppRoutes.jsx,1091,/field-leadership/portal,Field Leadership,Field Leadership,Field Leadership / admin reviewer,Discovery path pending explicit click-proof,Path proof pending,Field Leadership / admin reviewer,NO,"Not intentionally hidden; this is a primary, public, or direct authenticated entry surface.",PRIMARY_ROUTE,EVIDENCE_RECORDED,EVIDENCE_RECORDED,CERTIFIED operator-language + redirect proof (2026-08-03),"Reachable route known, but no route-level certification evidence yet."
frontend/src/app/routing/AppRoutes.jsx,1093,/field-leadership/portal/driver-qualification,Field Leadership,Field Leadership,Field Leadership / admin reviewer,Discovery path pending explicit click-proof,Path proof pending,Field Leadership / admin reviewer,NO,"Not intentionally hidden; this is a primary, public, or direct authenticated entry surface.",PRIMARY_ROUTE,EVIDENCE_RECORDED,EVIDENCE_RECORDED,CERTIFIED operator-language + load proof (2026-08-03),"Reachable route known, but no route-level certification evidence yet."
frontend/src/app/routing/AppRoutes.jsx,1103,/safety-portal/login,Safety Operations,Safety Operations,Safety operator / public safety user,Direct sign-in route,Path proof pending,Safety operator / public safety user,NO,"Not intentionally hidden; this is a primary, public, or direct authenticated entry surface.",PRIMARY_ROUTE,CERTIFIED,CERTIFIED,CERTIFIED auth + ES + 390 + no overflow,"Certified after shared auth/session fix + ES/mobile login proof + runtime pass (`iteration_107`, `iteration_108`)."
frontend/src/app/routing/AppRoutes.jsx,1104,/safety-portal/forgot-password,Safety Operations,Safety Operations,Safety operator / public safety user,Token or email handoff,Path proof pending,Safety operator / public safety user,NO,"Not intentionally hidden; this is a primary, public, or direct authenticated entry surface.",PRIMARY_ROUTE,CERTIFIED,CERTIFIED,CERTIFIED,2026-08-02 Level 1 auth certification: bilingual forgot-password request flow verified at mobile and desktop with clean success state.
frontend/src/app/routing/AppRoutes.jsx,1105,/safety-portal/reset/:token,Safety Operations,Safety Operations,Safety operator / public safety user,Token or email handoff,Token or email workflow,Safety operator / public safety user,YES,"Surface is meant to open from a tokenized email, QR, or continuity link instead of global navigation.",PRIMARY_ROUTE,CERTIFIED,CERTIFIED,CERTIFIED,"2026-08-02 Level 1 auth certification: Safety reset form route verified with active token behavior, EN/ES copy, and responsive controls."
frontend/src/app/routing/AppRoutes.jsx,1106,/safety-portal/change-password,Safety Operations,Safety Operations,Safety operator / public safety user,Discovery path pending explicit click-proof,Path proof pending,Safety operator / public safety user,NO,"Not intentionally hidden; this is a primary, public, or direct authenticated entry surface.",PRIMARY_ROUTE,CERTIFIED,CERTIFIED,CERTIFIED,2026-08-02 Level 1 auth certification: authenticated Safety change-password workflow verified in EN/ES at mobile and desktop.
frontend/src/app/routing/AppRoutes.jsx,1111,/safety-portal,Safety Operations,Safety Operations,Safety operator / public safety user,Discovery path pending explicit click-proof,Path proof pending,Safety operator / public safety user,NO,"Not intentionally hidden; this is a primary, public, or direct authenticated entry surface.",PRIMARY_ROUTE,CERTIFIED,CERTIFIED,CERTIFIED,"2026-08-02 focused recertification sweep passed EN/ES verification, responsive checks (390/768/1440), and screenshot review after shared i18n/admin/shop/root fixes."
frontend/src/app/routing/AppRoutes.jsx,1112,/safety-portal/hub_legacy,Safety Operations,Safety Operations,Safety operator / public safety user,Discovery path pending explicit click-proof,Path proof pending,Safety operator / public safety user,NO,"Not intentionally hidden; this is a primary, public, or direct authenticated entry surface.",PRIMARY_ROUTE,CERTIFIED,CERTIFIED,CERTIFIED,2026-08-02 Level 3 redirect certification: legacy Safety hub URL redirects cleanly to canonical /safety-portal/login with no loop.
frontend/src/app/routing/AppRoutes.jsx,1113,/safety-portal/hub_v2,Safety Operations,Safety Operations,Safety operator / public safety user,Discovery path pending explicit click-proof,Path proof pending,Safety operator / public safety user,NO,"Not intentionally hidden; this is a primary, public, or direct authenticated entry surface.",PRIMARY_ROUTE,CERTIFIED,CERTIFIED,CERTIFIED,"2026-08-02 Level 2 Safety certification: safety hub v2 passed EN/ES, responsive proof, and runtime checks."
frontend/src/app/routing/AppRoutes.jsx,1114,/safety-portal/fleet,Safety Operations,Safety Operations,Safety operator / public safety user,Discovery path pending explicit click-proof,Path proof pending,Safety operator / public safety user,NO,"Not intentionally hidden; this is a primary, public, or direct authenticated entry surface.",PRIMARY_ROUTE,CERTIFIED,CERTIFIED,CERTIFIED,"Certified after shared Safety sidebar localization fix plus family re-audit at 1440 + 390 (`auto_frontend_testing_agent`, 2026-08-02); route now renders governed Spanish chrome cleanly."
frontend/src/app/routing/AppRoutes.jsx,1115,/safety-portal/corrective-actions,Safety Operations,Safety Operations,Safety operator / public safety user,Discovery path pending explicit click-proof,Path proof pending,Safety operator / public safety user,NO,"Not intentionally hidden; this is a primary, public, or direct authenticated entry surface.",PRIMARY_ROUTE,CERTIFIED,CERTIFIED,CERTIFIED,"2026-08-02 Level 2 Safety certification: corrective actions list passed EN/ES, responsive proof, and runtime checks."
frontend/src/app/routing/AppRoutes.jsx,1116,/safety-portal/fire-extinguishers,Safety Operations,Safety Operations,Safety operator / public safety user,Discovery path pending explicit click-proof,Path proof pending,Safety operator / public safety user,NO,"Not intentionally hidden; this is a primary, public, or direct authenticated entry surface.",PRIMARY_ROUTE,CERTIFIED,CERTIFIED,CERTIFIED,"2026-08-02 Level 2 Safety certification: fire extinguishers consumer passed EN/ES, responsive proof, and runtime checks."
frontend/src/app/routing/AppRoutes.jsx,1117,/safety-portal/fire-extinguishers/import,Safety Operations,Safety Operations,Safety operator / public safety user,Discovery path pending explicit click-proof,Path proof pending,Safety operator / public safety user,NO,"Not intentionally hidden; this is a primary, public, or direct authenticated entry surface.",PRIMARY_ROUTE,CERTIFIED,CERTIFIED,CERTIFIED,"2026-08-02 Level 2 Safety certification: fire extinguisher import consumer passed EN/ES, responsive proof, and runtime checks."
frontend/src/app/routing/AppRoutes.jsx,1118,/safety-portal/documents,Safety Operations,Safety Operations,Safety operator / public safety user,Discovery path pending explicit click-proof,Path proof pending,Safety operator / public safety user,NO,"Not intentionally hidden; this is a primary, public, or direct authenticated entry surface.",PRIMARY_ROUTE,CERTIFIED,CERTIFIED,CERTIFIED,"2026-08-02 Level 2 Safety certification: safety document center passed EN/ES, responsive proof, and runtime checks."
frontend/src/app/routing/AppRoutes.jsx,1119,/safety-portal/training,Safety Operations,Safety Operations,Safety operator / public safety user,Discovery path pending explicit click-proof,Path proof pending,Safety operator / public safety user,NO,"Not intentionally hidden; this is a primary, public, or direct authenticated entry surface.",PRIMARY_ROUTE,CERTIFIED,CERTIFIED,CERTIFIED,"Certified after shared Safety sidebar localization fix plus family re-audit at 1440 + 390 (`auto_frontend_testing_agent`, 2026-08-02); route now renders governed Spanish chrome cleanly."
frontend/src/app/routing/AppRoutes.jsx,1120,/safety-portal/incidents,Safety Operations,Safety Operations,Safety operator / public safety user,Discovery path pending explicit click-proof,Path proof pending,Safety operator / public safety user,NO,"Not intentionally hidden; this is a primary, public, or direct authenticated entry surface.",PRIMARY_ROUTE,CERTIFIED,CERTIFIED,CERTIFIED,"Certified after shared Safety sidebar localization fix, direct screenshot spot-check, and family re-audit at 1440 + 390 (`20260802_144503`, `auto_frontend_testing_agent`); governed Spanish chrome holds cleanly."
frontend/src/app/routing/AppRoutes.jsx,1126,/safety-portal/incidents/:id,Safety Operations,Safety Operations,Safety operator / public safety user,Discovery path pending explicit click-proof,Path proof pending,Safety operator / public safety user,YES,"Surface is reached from a parent list, card, or workflow with a runtime record id rather than from primary navigation.",PRIMARY_ROUTE,PENDING_REVIEW,PENDING_REVIEW,PENDING,2026-08-02 exact blocker: reachable safety incident list did not expose any discoverable detail link or fixture id; clicking visible entries routed back to create/report flow instead of detail.
frontend/src/app/routing/AppRoutes.jsx,1127,/safety-portal/meetings/:id,Safety Operations,Safety Operations,Safety operator / public safety user,Discovery path pending explicit click-proof,Path proof pending,Safety operator / public safety user,YES,"Surface is reached from a parent list, card, or workflow with a runtime record id rather than from primary navigation.",PRIMARY_ROUTE,PENDING_REVIEW,PENDING_REVIEW,PENDING,2026-08-02 exact blocker: reachable safety meeting list showed records but no discoverable detail navigation or fixture id was exposed from the certified pages.
frontend/src/app/routing/AppRoutes.jsx,1128,/safety-portal/audits,Safety Operations,Safety Operations,Safety operator / public safety user,Discovery path pending explicit click-proof,Path proof pending,Safety operator / public safety user,NO,"Not intentionally hidden; this is a primary, public, or direct authenticated entry surface.",PRIMARY_ROUTE,CERTIFIED,CERTIFIED,CERTIFIED,"2026-08-02 Level 2 Safety certification: safety audits consumer passed EN/ES, responsive proof, and runtime checks."
frontend/src/app/routing/AppRoutes.jsx,1129,/safety-portal/forms-records,Safety Operations,Safety Operations,Safety operator / public safety user,Discovery path pending explicit click-proof,Path proof pending,Safety operator / public safety user,NO,"Not intentionally hidden; this is a primary, public, or direct authenticated entry surface.",PRIMARY_ROUTE,CERTIFIED,CERTIFIED,CERTIFIED,2026-08-02 Level 2 Safety certification: forms-records review surface passed EN/ES and 390/1440 proof.
frontend/src/app/routing/AppRoutes.jsx,1130,/safety-portal/reports,Safety Operations,Safety Operations,Safety operator / public safety user,Discovery path pending explicit click-proof,Path proof pending,Safety operator / public safety user,NO,"Not intentionally hidden; this is a primary, public, or direct authenticated entry surface.",PRIMARY_ROUTE,CERTIFIED,CERTIFIED,CERTIFIED,"2026-08-02 Level 2 Safety certification: safety reports consumer passed EN/ES, responsive proof, and runtime checks."
frontend/src/app/routing/AppRoutes.jsx,1131,/safety-portal/library,Safety Operations,Safety Operations,Safety operator / public safety user,Discovery path pending explicit click-proof,Path proof pending,Safety operator / public safety user,NO,"Not intentionally hidden; this is a primary, public, or direct authenticated entry surface.",PRIMARY_ROUTE,CERTIFIED,CERTIFIED,CERTIFIED,"2026-08-02 Level 2 Safety certification: safety library consumer passed EN/ES, responsive proof, and runtime checks."
frontend/src/app/routing/AppRoutes.jsx,1132,/safety-portal/employees,Safety Operations,Safety Operations,Safety operator / public safety user,Discovery path pending explicit click-proof,Path proof pending,Safety operator / public safety user,NO,"Not intentionally hidden; this is a primary, public, or direct authenticated entry surface.",PRIMARY_ROUTE,CERTIFIED,CERTIFIED,CERTIFIED,"2026-08-02 Level 2 Safety certification: safety employee profiles consumer passed EN/ES, responsive proof, and runtime checks."
frontend/src/app/routing/AppRoutes.jsx,1133,/safety-portal/digest,Safety Operations,Safety Operations,Safety operator / public safety user,Discovery path pending explicit click-proof,Path proof pending,Safety operator / public safety user,NO,"Not intentionally hidden; this is a primary, public, or direct authenticated entry surface.",PRIMARY_ROUTE,CERTIFIED,CERTIFIED,CERTIFIED,"2026-08-02 Level 2 Safety certification: safety digest consumer passed EN/ES, responsive proof, and runtime checks."
frontend/src/app/routing/AppRoutes.jsx,1140,/safety-portal/inspections,Safety Operations,Safety Operations,Safety operator / public safety user,Discovery path pending explicit click-proof,Path proof pending,Safety operator / public safety user,NO,"Not intentionally hidden; this is a primary, public, or direct authenticated entry surface.",PRIMARY_ROUTE,CERTIFIED,CERTIFIED,CERTIFIED,"Certified after shared Safety sidebar localization fix plus family re-audit at 1440 + 390 (`auto_frontend_testing_agent`, 2026-08-02); route now renders governed Spanish chrome cleanly."
frontend/src/app/routing/AppRoutes.jsx,1141,/safety-portal/inspections/:id,Safety Operations,Safety Operations,Safety operator / public safety user,Discovery path pending explicit click-proof,Path proof pending,Safety operator / public safety user,YES,"Surface is reached from a parent list, card, or workflow with a runtime record id rather than from primary navigation.",PRIMARY_ROUTE,CERTIFIED,CERTIFIED,CERTIFIED,2026-08-02 Level 2 Safety certification: safety inspection detail opened from a real inspection id and passed EN/ES plus mobile/desktop proof.
frontend/src/app/routing/AppRoutes.jsx,1142,/safety-portal/jha-plans,Safety Operations,Safety Operations,Safety operator / public safety user,Discovery path pending explicit click-proof,Path proof pending,Safety operator / public safety user,NO,"Not intentionally hidden; this is a primary, public, or direct authenticated entry surface.",PRIMARY_ROUTE,CERTIFIED,CERTIFIED,CERTIFIED,"Certified after shared Safety sidebar localization fix plus family re-audit at 1440 + 390 (`auto_frontend_testing_agent`, 2026-08-02); route now renders governed Spanish chrome cleanly."
frontend/src/app/routing/AppRoutes.jsx,1144,/safety-portal/driver/:driverKey,Safety Operations,Safety Operations,Safety operator / public safety user,Discovery path pending explicit click-proof,Path proof pending,Safety operator / public safety user,YES,"Surface is reached from a parent list, card, or workflow with a runtime record id rather than from primary navigation.",PRIMARY_ROUTE,PENDING_REVIEW,PENDING_REVIEW,PENDING,2026-08-02 exact blocker: safety driver profile route timed out with no discoverable seeded driverKey exposed from certified Safety pages.
frontend/src/app/routing/AppRoutes.jsx,1147,/hr/safety-records,Human Resources,Human Resources,Human Resources,Discovery path pending explicit click-proof,Path proof pending,Human Resources,NO,"Not intentionally hidden; this is a primary, public, or direct authenticated entry surface.",PRIMARY_ROUTE,CERTIFIED,CERTIFIED,CERTIFIED operator-language + load proof (2026-08-03),"Certified after shared HR sidebar localization fix, direct screenshot spot-check, and family re-audit at 1440 + 390 (`20260802_145022`, `auto_frontend_testing_agent`); governed Spanish chrome holds cleanly."
frontend/src/app/routing/AppRoutes.jsx,1153,/dispatch-portal/login,Transportation Operations,Transportation Operations,Transportation / Dispatch / Carrier,Direct sign-in route,Path proof pending,Transportation / Dispatch / Carrier,NO,"Not intentionally hidden; this is a primary, public, or direct authenticated entry surface.",PRIMARY_ROUTE,CERTIFIED,CERTIFIED,CERTIFIED auth + ES + 390 + no overflow,"Certified after shared auth/session fix + ES/mobile login proof + runtime pass (`iteration_107`, `iteration_108`)."
frontend/src/app/routing/AppRoutes.jsx,1159,/leadership/login,Field Leadership,Field Leadership,Field Leadership / admin reviewer,Direct sign-in route,Path proof pending,Field Leadership / admin reviewer,NO,"Not intentionally hidden; this is a primary, public, or direct authenticated entry surface.",PRIMARY_ROUTE,CERTIFIED,CERTIFIED,CERTIFIED operator-language + load proof (2026-08-03),2026-08-02 Level 1 auth certification: leadership login route verified in EN/ES with responsive behavior and clean runtime.
frontend/src/app/routing/AppRoutes.jsx,1160,/dispatch-portal/forgot-password,Transportation Operations,Transportation Operations,Transportation / Dispatch / Carrier,Token or email handoff,Path proof pending,Transportation / Dispatch / Carrier,NO,"Not intentionally hidden; this is a primary, public, or direct authenticated entry surface.",PRIMARY_ROUTE,CERTIFIED,CERTIFIED,CERTIFIED auth + EN/ES + responsive proof (2026-08-02),2026-08-02 Level 1 auth certification: bilingual forgot-password request flow verified at mobile and desktop with clean success state.
frontend/src/app/routing/AppRoutes.jsx,1161,/dispatch-portal/reset/:token,Transportation Operations,Transportation Operations,Transportation / Dispatch / Carrier,Token or email handoff,Token or email workflow,Transportation / Dispatch / Carrier,YES,"Surface is meant to open from a tokenized email, QR, or continuity link instead of global navigation.",PRIMARY_ROUTE,CERTIFIED,CERTIFIED,CERTIFIED auth + EN/ES + token proof (2026-08-02),"2026-08-02 Level 1 auth certification: reset form route verified with working token behavior, EN/ES copy, and responsive controls."
frontend/src/app/routing/AppRoutes.jsx,1162,/dispatch-portal/change-password,Transportation Operations,Transportation Operations,Transportation / Dispatch / Carrier,Discovery path pending explicit click-proof,Path proof pending,Transportation / Dispatch / Carrier,NO,"Not intentionally hidden; this is a primary, public, or direct authenticated entry surface.",PRIMARY_ROUTE,CERTIFIED,CERTIFIED,CERTIFIED auth + EN/ES + responsive proof (2026-08-02),"2026-08-02 Level 1 auth certification: authenticated change-password workflow verified with dispatch credentials, EN/ES copy, and responsive form controls."
frontend/src/app/routing/AppRoutes.jsx,1168,/dispatch-portal,Transportation Operations,Transportation Operations,Transportation / Dispatch / Carrier,Discovery path pending explicit click-proof,Path proof pending,Transportation / Dispatch / Carrier,NO,"Not intentionally hidden; this is a primary, public, or direct authenticated entry surface.",PRIMARY_ROUTE,CERTIFIED,CERTIFIED,CERTIFIED transport shell + EN/ES + responsive proof (2026-08-02),"2026-08-02 focused recertification sweep passed EN/ES verification, responsive checks (390/768/1440), and screenshot review after shared i18n/admin/shop/root fixes."
frontend/src/app/routing/AppRoutes.jsx,1169,/dispatch-portal/hub_legacy,Transportation Operations,Transportation Operations,Transportation / Dispatch / Carrier,Discovery path pending explicit click-proof,Path proof pending,Transportation / Dispatch / Carrier,NO,"Not intentionally hidden; this is a primary, public, or direct authenticated entry surface.",PRIMARY_ROUTE,CERTIFIED,CERTIFIED,CERTIFIED_ALIAS,2026-08-02 Level 3 alias certification: legacy dispatch hub entry still resolves cleanly to the canonical dispatch experience with no loop or chrome drift.
frontend/src/app/routing/AppRoutes.jsx,1170,/dispatch-portal/hub_v2,Transportation Operations,Transportation Operations,Transportation / Dispatch / Carrier,Discovery path pending explicit click-proof,Path proof pending,Transportation / Dispatch / Carrier,NO,"Not intentionally hidden; this is a primary, public, or direct authenticated entry surface.",PRIMARY_ROUTE,CERTIFIED,CERTIFIED,CERTIFIED transport shell + EN/ES + responsive proof (2026-08-02),"Certified in ES at 1440 + 390 after dispatch family re-audit (`auto_frontend_testing_agent`, 2026-08-02); route passed without overflow or mixed-language chrome findings."
frontend/src/app/routing/AppRoutes.jsx,1171,/dispatch-portal/board,Transportation Operations,Transportation Operations,Transportation / Dispatch / Carrier,Discovery path pending explicit click-proof,Path proof pending,Transportation / Dispatch / Carrier,NO,"Not intentionally hidden; this is a primary, public, or direct authenticated entry surface.",PRIMARY_ROUTE,CERTIFIED,CERTIFIED,CERTIFIED transport shell + EN/ES + responsive proof (2026-08-02),"Certified in ES at 1440 + 390 after dispatch family re-audit (`auto_frontend_testing_agent`, 2026-08-02); route passed without overflow or mixed-language chrome findings."
frontend/src/app/routing/AppRoutes.jsx,1172,/dispatch-portal/command,Transportation Operations,Transportation Operations,Transportation / Dispatch / Carrier,Discovery path pending explicit click-proof,Path proof pending,Transportation / Dispatch / Carrier,NO,"Not intentionally hidden; this is a primary, public, or direct authenticated entry surface.",PRIMARY_ROUTE,CERTIFIED,CERTIFIED,CERTIFIED transport shell + EN/ES + responsive proof (2026-08-02),"Certified in ES at 1440 + 390 after dispatch family re-audit (`auto_frontend_testing_agent`, 2026-08-02); route passed without overflow or mixed-language chrome findings."
frontend/src/app/routing/AppRoutes.jsx,1173,/dispatch-portal/fleet,Transportation Operations,Transportation Operations,Transportation / Dispatch / Carrier,Discovery path pending explicit click-proof,Path proof pending,Transportation / Dispatch / Carrier,NO,"Not intentionally hidden; this is a primary, public, or direct authenticated entry surface.",PRIMARY_ROUTE,CERTIFIED,CERTIFIED,CERTIFIED transport shell + EN/ES + responsive proof (2026-08-02),"Certified in ES at 1440 + 390 after dispatch family re-audit (`auto_frontend_testing_agent`, 2026-08-02); route passed without overflow or mixed-language chrome findings."
frontend/src/app/routing/AppRoutes.jsx,1185,/dispatch-portal/map,Transportation Operations,Transportation Operations,Transportation / Dispatch / Carrier,Discovery path pending explicit click-proof,Path proof pending,Transportation / Dispatch / Carrier,NO,"Not intentionally hidden; this is a primary, public, or direct authenticated entry surface.",PRIMARY_ROUTE,CERTIFIED,CERTIFIED,CERTIFIED transport shell + EN/ES + responsive proof (2026-08-02),"Certified in ES at 1440 + 390 after dispatch family re-audit (`auto_frontend_testing_agent`, 2026-08-02); route passed without overflow or mixed-language chrome findings."
frontend/src/app/routing/AppRoutes.jsx,1188,/dispatch-portal/haul-ledger,Transportation Operations,Transportation Operations,Transportation / Dispatch / Carrier,Discovery path pending explicit click-proof,Path proof pending,Transportation / Dispatch / Carrier,NO,"Not intentionally hidden; this is a primary, public, or direct authenticated entry surface.",PRIMARY_ROUTE,CERTIFIED,CERTIFIED,CERTIFIED transport shell + language + responsive proof (2026-08-05),"2026-08-05 recertification: haul ledger was rebuilt onto the dispatch shell, technical wording was removed, and the route retains prior responsive proof from the 2026-08-02 dispatch family sweep."
frontend/src/app/routing/AppRoutes.jsx,1190,/dispatch-portal/driver-qualification,Transportation Operations,Transportation Operations,Transportation / Dispatch / Carrier,Discovery path pending explicit click-proof,Path proof pending,Transportation / Dispatch / Carrier,NO,"Not intentionally hidden; this is a primary, public, or direct authenticated entry surface.",PRIMARY_ROUTE,CERTIFIED,CERTIFIED,CERTIFIED transport shell + EN/ES + responsive proof (2026-08-02),"Certified in ES at 1440 + 390 after dispatch family re-audit (`auto_frontend_testing_agent`, 2026-08-02); route passed without overflow or mixed-language chrome findings."
frontend/src/app/routing/AppRoutes.jsx,1192,/dispatch-portal/driver/:driverKey,Transportation Operations,Transportation Operations,Transportation / Dispatch / Carrier,Discovery path pending explicit click-proof,Path proof pending,Transportation / Dispatch / Carrier,YES,"Surface is reached from a parent list, card, or workflow with a runtime record id rather than from primary navigation.",PRIMARY_ROUTE,PENDING_REVIEW,PENDING_REVIEW,CERTIFIED driver profile detail proof (2026-08-05),2026-08-05 recertification: preview-safe driver fixture `driver-iter392` was seeded and the dispatch driver profile route loaded successfully for the dispatch preview account.
frontend/src/app/routing/AppRoutes.jsx,1199,/training,"Training, Guidance, and Coaching","Training, Guidance, and Coaching",Training / guidance user,Discovery path pending explicit click-proof,Path proof pending,Training / guidance user,NO,"Not intentionally hidden; this is a primary, public, or direct authenticated entry surface.",PRIMARY_ROUTE,EVIDENCE_RECORDED,EVIDENCE_RECORDED,CERTIFIED operator-language + load proof (2026-08-03),"Reachable route known, but no route-level certification evidence yet."
frontend/src/app/routing/AppRoutes.jsx,1200,/training-hub,"Training, Guidance, and Coaching","Training, Guidance, and Coaching",Training / guidance user,Discovery path pending explicit click-proof,Path proof pending,Training / guidance user,YES,"Surface is reached from a parent list, card, or workflow with a runtime record id rather than from primary navigation.",PRIMARY_ROUTE,CERTIFIED,CERTIFIED,CERTIFIED,"Legacy alias audited in ES at 1440 + 390 (`auto_frontend_testing_agent`, 2026-08-02); redirects cleanly to canonical `/training`, which passed."
frontend/src/app/routing/AppRoutes.jsx,1201,/training/:track,"Training, Guidance, and Coaching","Training, Guidance, and Coaching",Training / guidance user,Discovery path pending explicit click-proof,Path proof pending,Training / guidance user,YES,"Surface is reached from a parent list, card, or workflow with a runtime record id rather than from primary navigation.",PRIMARY_ROUTE,EVIDENCE_RECORDED,EVIDENCE_RECORDED,CERTIFIED operator-language + load proof (2026-08-03),Surface discovered from source/runtime inventory and still lacks direct runtime proof.
frontend/src/app/routing/AppRoutes.jsx,1202,/training/:track/poster,"Training, Guidance, and Coaching","Training, Guidance, and Coaching",Training / guidance user,Discovery path pending explicit click-proof,Path proof pending,Training / guidance user,YES,"Surface is reached from a parent list, card, or workflow with a runtime record id rather than from primary navigation.",PRIMARY_ROUTE,EVIDENCE_RECORDED,EVIDENCE_RECORDED,CERTIFIED operator-language + load proof (2026-08-03),Surface discovered from source/runtime inventory and still lacks direct runtime proof.
frontend/src/app/routing/AppRoutes.jsx,1203,/training/:track/packet,"Training, Guidance, and Coaching","Training, Guidance, and Coaching",Training / guidance user,Discovery path pending explicit click-proof,Path proof pending,Training / guidance user,YES,"Surface is reached from a parent list, card, or workflow with a runtime record id rather than from primary navigation.",PRIMARY_ROUTE,EVIDENCE_RECORDED,EVIDENCE_RECORDED,CERTIFIED operator-language + load proof (2026-08-03),Surface discovered from source/runtime inventory and still lacks direct runtime proof.
frontend/src/app/routing/AppRoutes.jsx,1204,/admin/training-videos,Administration,Administration,Administrator / executive reviewer,Admin family batch proof 2026-08-02,"/admin/training-videos (opened directly with seeded admin session, 2026-08-02)",Administrator / executive reviewer,NO,"Not intentionally hidden; this is a primary, public, or direct authenticated entry surface.",PRIMARY_ROUTE,CERTIFIED,CERTIFIED,CERTIFIED admin batch auth + EN/ES + 390/1440 + operator-language gate,"2026-08-02 Administration operator-language gate batch: shared-shell inheritance, route-specific content/actions, EN/ES localization, responsive 390/1440 behavior, and operator-language compliance verified with seeded admin session."
frontend/src/app/routing/AppRoutes.jsx,1205,/admin/deploy-readiness,Administration,Administration,Administrator / executive reviewer,Admin family batch proof 2026-08-02,"/admin/deploy-readiness (opened directly with seeded admin session, 2026-08-02)",Administrator / executive reviewer,NO,"Not intentionally hidden; this is a primary, public, or direct authenticated entry surface.",PRIMARY_ROUTE,CERTIFIED,CERTIFIED,CERTIFIED admin batch auth + EN/ES + 390/1440 + operator-language gate,"2026-08-02 Administration operator-language gate batch: shared-shell inheritance, route-specific content/actions, EN/ES localization, responsive 390/1440 behavior, and operator-language compliance verified with seeded admin session."
frontend/src/app/routing/AppRoutes.jsx,1206,/admin/platform-readiness,Administration,Administration,Administrator / executive reviewer,Admin-only direct route,Admin-only diagnostics / readiness access,Administrator / executive reviewer,YES,Administrative readiness/certification evidence surface; intentionally outside operator navigation.,PRIMARY_INTERNAL_TOOL_ROUTE,CERTIFIED,CERTIFIED,CERTIFIED admin batch auth + EN/ES + 390/1440,"2026-08-02 Administration archetype batch: seeded admin session + auto_frontend_testing_agent verified shared admin-shell inheritance, route-specific content/actions, EN/ES localization, and 390/1920 responsive behavior with no horizontal overflow."
frontend/src/app/routing/AppRoutes.jsx,1207,/admin/wp17d-certification,Administration,Administration,Administrator / executive reviewer,Admin-only direct route,Admin-only diagnostics / readiness access,Administrator / executive reviewer,YES,Legacy certification naming survives as an admin-only alias to the readiness surface.,DUPLICATE_INTERNAL_TOOL_ROUTE_OF:/admin/platform-readiness,CERTIFIED,CERTIFIED,CERTIFIED admin batch auth + EN/ES + 390/1440,"2026-08-02 Administration archetype batch: seeded admin session + auto_frontend_testing_agent verified shared admin-shell inheritance, route-specific content/actions, EN/ES localization, and 390/1920 responsive behavior with no horizontal overflow."
frontend/src/app/routing/AppRoutes.jsx,1222,/ops-training,Shared platform / public workflow,Shared Operational Home and Public Entry,Public / Shared,Discovery path pending explicit click-proof,Path proof pending,Public / Shared,YES,"Surface is reached from a parent list, card, or workflow with a runtime record id rather than from primary navigation.",PRIMARY_ROUTE,CERTIFIED,CERTIFIED,CERTIFIED,"Legacy alias audited in ES at 1440 + 390 (`auto_frontend_testing_agent`, 2026-08-02); redirects cleanly to canonical `/guidance`, which passed."
frontend/src/app/routing/AppRoutes.jsx,1223,/ops-training/:slug,Shared platform / public workflow,Shared Operational Home and Public Entry,Public / Shared,Discovery path pending explicit click-proof,Path proof pending,Public / Shared,YES,"Surface is reached from a parent list, card, or workflow with a runtime record id rather than from primary navigation.",REDIRECTS_TO:/guidance,PENDING_REVIEW,PENDING_REVIEW,PENDING,Canonical route config confirmed this path redirects to `/guidance`; direct runtime proof showed `/ops-training/test123` landing on `/guidance` (`20260802_151534`).
frontend/src/app/routing/AppRoutes.jsx,1232,/dev/login,Shared platform / public workflow,Shared Operational Home and Public Entry,Public / Shared,Developer footer link or direct internal route,Restricted internal access only,Public / Shared,NO,"Not intentionally hidden; this is a primary, public, or direct authenticated entry surface.",PRIMARY_ROUTE,CERTIFIED,CERTIFIED,CERTIFIED,2026-08-02 Level 2 shared-auth certification: dev login route verified in EN/ES with responsive form behavior and no runtime defects.
frontend/src/app/routing/AppRoutes.jsx,1233,/dev,Shared platform / public workflow,Shared Operational Home and Public Entry,Public / Shared,Developer footer link or direct internal route,Restricted internal access only,Public / Shared,NO,"Not intentionally hidden; this is a primary, public, or direct authenticated entry surface.",PRIMARY_ROUTE,CERTIFIED,CERTIFIED,CERTIFIED,2026-08-02 Level 3 shared/public certification: guarded developer-entry route verified to redirect cleanly to /dev/login.
frontend/src/app/routing/AppRoutes.jsx,1236,/inspections,Shared platform / public workflow,Shared Operational Home and Public Entry,Public / Shared,Discovery path pending explicit click-proof,Path proof pending,Public / Shared,YES,"Surface is reached from a parent list, card, or workflow with a runtime record id rather than from primary navigation.",PRIMARY_ROUTE,CERTIFIED,CERTIFIED,CERTIFIED,"Certified after PM-auth audit in ES at 1440 + 390 (`auto_frontend_testing_agent`, 2026-08-02); route passed with no overflow or English chrome leaks."
frontend/src/app/routing/AppRoutes.jsx,1237,/inspect/:id,Shared platform / public workflow,Shared Operational Home and Public Entry,Public / Shared,Discovery path pending explicit click-proof,Path proof pending,Public / Shared,YES,"Surface is reached from a parent list, card, or workflow with a runtime record id rather than from primary navigation.",PRIMARY_ROUTE,CERTIFIED,CERTIFIED,CERTIFIED,2026-08-02 Level 3 redirect certification: /inspect/:id redirects to canonical /admin/inspections/:id using verified fixture 88d8b18c-df01-455b-8614-3e590613ad4d.
frontend/src/app/routing/AppRoutes.jsx,1238,/inspections/:id,Shared platform / public workflow,Shared Operational Home and Public Entry,Public / Shared,Discovery path pending explicit click-proof,Path proof pending,Public / Shared,YES,"Surface is reached from a parent list, card, or workflow with a runtime record id rather than from primary navigation.",PRIMARY_ROUTE,CERTIFIED,CERTIFIED,CERTIFIED,2026-08-02 Level 3 redirect certification: /inspections/:id redirects to canonical /admin/inspections/:id using a real inspection id with clean runtime.
frontend/src/app/routing/AppRoutes.jsx,1239,/meetings,Shared platform / public workflow,Shared Operational Home and Public Entry,Public / Shared,Discovery path pending explicit click-proof,Path proof pending,Public / Shared,YES,"Surface is reached from a parent list, card, or workflow with a runtime record id rather than from primary navigation.",PRIMARY_ROUTE,CERTIFIED,CERTIFIED,CERTIFIED,"Certified after PM-auth audit in ES at 1440 + 390 (`auto_frontend_testing_agent`, 2026-08-02); route passed cleanly."
frontend/src/app/routing/AppRoutes.jsx,1240,/meetings/:id,Shared platform / public workflow,Shared Operational Home and Public Entry,Public / Shared,Discovery path pending explicit click-proof,Path proof pending,Public / Shared,YES,"Surface is reached from a parent list, card, or workflow with a runtime record id rather than from primary navigation.",PRIMARY_ROUTE,CERTIFIED,CERTIFIED,CERTIFIED,2026-08-02 Level 3 redirect certification: public meeting detail alias redirects to canonical /admin/meetings/:id with correct auth gating.
frontend/src/app/routing/AppRoutes.jsx,1241,/incidents,Shared platform / public workflow,Shared Operational Home and Public Entry,Public / Shared,Discovery path pending explicit click-proof,Path proof pending,Public / Shared,YES,"Surface is reached from a parent list, card, or workflow with a runtime record id rather than from primary navigation.",PRIMARY_ROUTE,CERTIFIED,CERTIFIED,CERTIFIED,"Certified after admin-auth audit in ES at 1440 + 390 (`auto_frontend_testing_agent`, 2026-08-02); route passed cleanly."
frontend/src/app/routing/AppRoutes.jsx,1242,/incidents/:id,Shared platform / public workflow,Shared Operational Home and Public Entry,Public / Shared,Discovery path pending explicit click-proof,Path proof pending,Public / Shared,YES,"Surface is reached from a parent list, card, or workflow with a runtime record id rather than from primary navigation.",PRIMARY_ROUTE,CERTIFIED,CERTIFIED,CERTIFIED,2026-08-02 Level 3 redirect certification: public incident detail alias redirects to canonical /admin/incidents/:id with correct auth gating.
frontend/src/app/routing/AppRoutes.jsx,1243,/daily,Shared platform / public workflow,Shared Operational Home and Public Entry,Public / Shared,Browser proof 2026-08-01: auth-gated list alias,unauth → /pm/login; admin-auth → /admin/daily (browser proof 2026-08-01),Public / Shared,YES,"Surface is reached from a parent list, card, or workflow with a runtime record id rather than from primary navigation.",PRIMARY_ROUTE,CERTIFIED,CERTIFIED,CERTIFIED,Alias/redirect proven by canonical browser evidence and source redirect mapping.
frontend/src/app/routing/AppRoutes.jsx,1244,/daily/:id,Shared platform / public workflow,Shared Operational Home and Public Entry,Public / Shared,Browser proof 2026-08-01: detail deep-link alias,/daily/:id → /admin/daily/:id (browser proof 2026-08-01),Public / Shared,YES,"Surface is reached from a parent list, card, or workflow with a runtime record id rather than from primary navigation.",PRIMARY_ROUTE,CERTIFIED,CERTIFIED,CERTIFIED,Alias/redirect proven by canonical browser evidence and source redirect mapping.
frontend/src/app/routing/AppRoutes.jsx,1254,/safety-portal/meetings,Safety Operations,Safety Operations,Safety operator / public safety user,Discovery path pending explicit click-proof,Path proof pending,Safety operator / public safety user,NO,"Not intentionally hidden; this is a primary, public, or direct authenticated entry surface.",PRIMARY_ROUTE,CERTIFIED,CERTIFIED,CERTIFIED,"Certified after shared Safety sidebar localization fix plus family re-audit at 1440 + 390 (`auto_frontend_testing_agent`, 2026-08-02); route now renders governed Spanish chrome cleanly."
frontend/src/app/routing/AppRoutes.jsx,1255,/admin/daily-reports,Administration,Administration,Administrator / executive reviewer,Browser proof 2026-08-01: admin namespaced list alias,/admin/daily-reports → /admin/daily (browser proof 2026-08-01),Administrator / executive reviewer,YES,"Surface is reached from a parent list, card, or workflow with a runtime record id rather than from primary navigation.",PRIMARY_ROUTE,CERTIFIED,CERTIFIED,CERTIFIED,Alias/redirect proven by canonical browser evidence and source redirect mapping.
frontend/src/app/routing/AppRoutes.jsx,1256,/admin/trench-safety-assets,Administration,Administration,Administrator / executive reviewer,Browser redirect proof 2026-08-02,/admin/trench-safety-assets → /admin/trench-safety/assets (browser proof 2026-08-02),Administrator / executive reviewer,YES,"Surface is reached from a parent list, card, or workflow with a runtime record id rather than from primary navigation.",PRIMARY_ROUTE,CERTIFIED,CERTIFIED,CERTIFIED,2026-08-02 direct browser proof with seeded admin session: `/admin/trench-safety-assets` redirects cleanly to canonical `/admin/trench-safety/assets` and inherits the already certified admin shell.
frontend/src/app/routing/AppRoutes.jsx,1259,/legal/terms,Shared platform / public workflow,Shared Operational Home and Public Entry,Public / Shared,Discovery path pending explicit click-proof,Path proof pending,Public / Shared,NO,"Not intentionally hidden; this is a primary, public, or direct authenticated entry surface.",PRIMARY_ROUTE,CERTIFIED,CERTIFIED,CERTIFIED,2026-08-02 Level 2 shared/public certification: legal terms page verified as public legal content with expected no-toggle behavior and clean responsive layout.
frontend/src/app/routing/AppRoutes.jsx,1260,/legal/privacy,Shared platform / public workflow,Shared Operational Home and Public Entry,Public / Shared,Discovery path pending explicit click-proof,Path proof pending,Public / Shared,NO,"Not intentionally hidden; this is a primary, public, or direct authenticated entry surface.",PRIMARY_ROUTE,CERTIFIED,CERTIFIED,CERTIFIED,2026-08-02 Level 2 shared/public certification: legal privacy page verified as public legal content with expected no-toggle behavior and clean responsive layout.
frontend/src/app/routing/AppRoutes.jsx,1266,/tasks,Shared platform / public workflow,Shared Operational Home and Public Entry,Public / Shared,Discovery path pending explicit click-proof,Path proof pending,Public / Shared,NO,"Not intentionally hidden; this is a primary, public, or direct authenticated entry surface.",PRIMARY_ROUTE,CERTIFIED,CERTIFIED,CERTIFIED,2026-08-02 Level 2 shared/public certification: tasks hub passed EN/ES and responsive proof.
frontend/src/app/routing/AppRoutes.jsx,1268,/document-expirations,Shared platform / public workflow,Shared Operational Home and Public Entry,Public / Shared,Discovery path pending explicit click-proof,Path proof pending,Public / Shared,NO,"Not intentionally hidden; this is a primary, public, or direct authenticated entry surface.",PRIMARY_ROUTE,CERTIFIED,CERTIFIED,CERTIFIED,2026-08-02 Level 2 shared/public certification: document expirations consumer passed EN/ES and responsive proof.
frontend/src/app/routing/AppRoutes.jsx,1270,/hr/employees,Human Resources,Human Resources,Human Resources,Discovery path pending explicit click-proof,Path proof pending,Human Resources,NO,"Not intentionally hidden; this is a primary, public, or direct authenticated entry surface.",PRIMARY_ROUTE,EVIDENCE_RECORDED,EVIDENCE_RECORDED,CERTIFIED operator-language + load proof (2026-08-03),"Reachable route known, but no route-level certification evidence yet."
frontend/src/app/routing/AppRoutes.jsx,1272,/hr/employee-requests,Human Resources,Human Resources,Human Resources,Discovery path pending explicit click-proof,Path proof pending,Human Resources,NO,"Not intentionally hidden; this is a primary, public, or direct authenticated entry surface.",PRIMARY_ROUTE,EVIDENCE_RECORDED,EVIDENCE_RECORDED,CERTIFIED operator-language + load proof (2026-08-03),"Reachable route known, but no route-level certification evidence yet."
frontend/src/app/routing/AppRoutes.jsx,1275,/hr/employees/:id/accountability,Human Resources,Human Resources,Human Resources,Discovery path pending explicit click-proof,Path proof pending,Human Resources,YES,"Surface is reached from a parent list, card, or workflow with a runtime record id rather than from primary navigation.",PRIMARY_ROUTE,EVIDENCE_RECORDED,EVIDENCE_RECORDED,CERTIFIED operator-language + deep-link proof (2026-08-03),Surface discovered from source/runtime inventory and still lacks direct runtime proof.
frontend/src/app/routing/AppRoutes.jsx,1280,/hr/employees/:id/thread,Human Resources,Human Resources,Human Resources,Discovery path pending explicit click-proof,Path proof pending,Human Resources,YES,"Surface is reached from a parent list, card, or workflow with a runtime record id rather than from primary navigation.",PRIMARY_ROUTE,EVIDENCE_RECORDED,EVIDENCE_RECORDED,CERTIFIED operator-language + deep-link proof (2026-08-03),Surface discovered from source/runtime inventory and still lacks direct runtime proof.
frontend/src/app/routing/AppRoutes.jsx,1282,/hr/employees/:empId/profile,Human Resources,Human Resources,Human Resources,Discovery path pending explicit click-proof,Path proof pending,Human Resources,YES,"Surface is reached from a parent list, card, or workflow with a runtime record id rather than from primary navigation.",PRIMARY_ROUTE,EVIDENCE_RECORDED,EVIDENCE_RECORDED,CERTIFIED operator-language + deep-link proof (2026-08-03),Surface discovered from source/runtime inventory and still lacks direct runtime proof.
frontend/src/app/routing/AppRoutes.jsx,1284,/hr/historical-records/intake,Human Resources,Human Resources,Human Resources,Discovery path pending explicit click-proof,Path proof pending,Human Resources,NO,"Not intentionally hidden; this is a primary, public, or direct authenticated entry surface.",PRIMARY_ROUTE,EVIDENCE_RECORDED,EVIDENCE_RECORDED,CERTIFIED operator-language + load proof (2026-08-03),"Reachable route known, but no route-level certification evidence yet."
frontend/src/app/routing/AppRoutes.jsx,1285,/hr/historical-records/queue,Human Resources,Human Resources,Human Resources,Discovery path pending explicit click-proof,Path proof pending,Human Resources,NO,"Not intentionally hidden; this is a primary, public, or direct authenticated entry surface.",PRIMARY_ROUTE,EVIDENCE_RECORDED,EVIDENCE_RECORDED,CERTIFIED operator-language + load proof (2026-08-03),"Reachable route known, but no route-level certification evidence yet."
frontend/src/app/routing/AppRoutes.jsx,1287,/hr/historical-records/batches,Human Resources,Human Resources,Human Resources,Discovery path pending explicit click-proof,Path proof pending,Human Resources,NO,"Not intentionally hidden; this is a primary, public, or direct authenticated entry surface.",PRIMARY_ROUTE,EVIDENCE_RECORDED,EVIDENCE_RECORDED,CERTIFIED operator-language + load proof (2026-08-03),"Reachable route known, but no route-level certification evidence yet."
frontend/src/app/routing/AppRoutes.jsx,1288,/hr/historical-records/batches/:batchId,Human Resources,Human Resources,Human Resources,Discovery path pending explicit click-proof,Path proof pending,Human Resources,YES,Surface is discoverable in routing and now has preview-safe runtime proof.,PRIMARY_ROUTE,CERTIFIED,CERTIFIED,CERTIFIED fixture-backed HR batch detail + shell proof (2026-08-05),"2026-08-05 recertification: iteration_141 verified `/hr/historical-records/batches/186c5aff-7b3f-447d-95fa-0a0a3e5d87fc` with HR auth, and the page was rebuilt onto the standard HR shell."
frontend/src/app/routing/AppRoutes.jsx,1290,/hr/incidents,Human Resources,Human Resources,Human Resources,Discovery path pending explicit click-proof,Path proof pending,Human Resources,NO,"Not intentionally hidden; this is a primary, public, or direct authenticated entry surface.",PRIMARY_ROUTE,EVIDENCE_RECORDED,EVIDENCE_RECORDED,CERTIFIED operator-language + load proof (2026-08-03),"Reachable route known, but no route-level certification evidence yet."
frontend/src/app/routing/AppRoutes.jsx,1292,/po-requests,Shared platform / public workflow,Shared Operational Home and Public Entry,Public / Shared,Discovery path pending explicit click-proof,Path proof pending,Public / Shared,NO,"Not intentionally hidden; this is a primary, public, or direct authenticated entry surface.",PRIMARY_ROUTE,CERTIFIED,CERTIFIED,CERTIFIED,2026-08-02 Level 2 shared/public certification: PO requests consumer passed EN/ES and responsive proof.
frontend/src/app/routing/AppRoutes.jsx,1295,/project-health,Shared platform / public workflow,Shared Operational Home and Public Entry,Public / Shared,Discovery path pending explicit click-proof,Path proof pending,Public / Shared,NO,"Not intentionally hidden; this is a primary, public, or direct authenticated entry surface.",PRIMARY_ROUTE,CERTIFIED,CERTIFIED,CERTIFIED,2026-08-02 Level 2 shared/public certification: project health consumer passed EN/ES and responsive proof.
frontend/src/app/routing/AppRoutes.jsx,1299,/asset-transfers,Shared platform / public workflow,Shared Operational Home and Public Entry,Public / Shared,Discovery path pending explicit click-proof,Path proof pending,Public / Shared,NO,"Not intentionally hidden; this is a primary, public, or direct authenticated entry surface.",PRIMARY_ROUTE,CERTIFIED,CERTIFIED,CERTIFIED,2026-08-02 Level 2 shared/public certification: asset transfers consumer passed EN/ES and responsive proof.
frontend/src/app/routing/AppRoutes.jsx,1303,/access-denied,Shared platform / public workflow,Shared Operational Home and Public Entry,Public / Shared,Discovery path pending explicit click-proof,Path proof pending,Public / Shared,NO,"Not intentionally hidden; this is a primary, public, or direct authenticated entry surface.",PRIMARY_ROUTE,CERTIFIED,CERTIFIED,CERTIFIED,2026-08-02 Level 2 shared/public certification: access-denied route verified as correct guarded error surface with stable responsive layout.
frontend/src/app/routing/AppRoutes.jsx,1311,/admin/audit,Administration,Administration,Administrator / executive reviewer,Browser redirect proof 2026-08-02,/admin/audit → /admin/audit-log (browser proof 2026-08-02),Administrator / executive reviewer,YES,"Surface is reached from a parent list, card, or workflow with a runtime record id rather than from primary navigation.",PRIMARY_ROUTE,CERTIFIED,CERTIFIED,CERTIFIED,Browser redirect proof captured 2026-08-02; canonical target verified.
frontend/src/app/routing/AppRoutes.jsx,1312,/admin/health,Administration,Administration,Administrator / executive reviewer,Browser redirect proof 2026-08-02,/admin/health → /admin/system-health (browser proof 2026-08-02),Administrator / executive reviewer,YES,"Surface is reached from a parent list, card, or workflow with a runtime record id rather than from primary navigation.",PRIMARY_ROUTE,CERTIFIED,CERTIFIED,CERTIFIED,Browser redirect proof captured 2026-08-02; canonical target verified.
frontend/src/app/routing/AppRoutes.jsx,1314,/d/:token,Field Operations,Field Operations,Field operator / public field user,Token or email handoff,Token or email workflow,Field operator / public field user,YES,"Surface is meant to open from a tokenized email, QR, or continuity link instead of global navigation.",PRIMARY_ROUTE,CERTIFIED,CERTIFIED,CERTIFIED token + EN/ES + responsive proof (2026-08-02),"2026-08-02 Level 2 auth/deep-link certification: invalid-token state now supports EN/ES toggle, passes responsive proof (390/430/1440), and shows localized single-use expiry messaging."
frontend/src/app/routing/AppRoutes.jsx,1315,/driver,Field Operations,Field Operations,Field operator / public field user,Discovery path pending explicit click-proof,Path proof pending,Field operator / public field user,NO,"Not intentionally hidden; this is a primary, public, or direct authenticated entry surface.",PRIMARY_ROUTE,CERTIFIED,CERTIFIED,CERTIFIED auth-guard redirect proof (2026-08-02),2026-08-02 Level 2 auth-guard certification: route correctly redirects unauthenticated drivers into the canonical /shift flow with clean runtime behavior.
frontend/src/app/routing/AppRoutes.jsx,1319,/shift,Field Operations,Field Operations,Field operator / public field user,Discovery path pending explicit click-proof,Path proof pending,Field operator / public field user,NO,"Not intentionally hidden; this is a primary, public, or direct authenticated entry surface.",PRIMARY_ROUTE,CERTIFIED,CERTIFIED,CERTIFIED field-entry + EN/ES + responsive proof (2026-08-02),"Certified after direct screenshot proof at 1440 + 390 (`20260802_151534`, `20260802_151821`); shift-start flow now holds governed Spanish copy and responsive layout cleanly."
frontend/src/app/routing/AppRoutes.jsx,1320,/field-leadership,Field Leadership,Field Leadership,Field Leadership / admin reviewer,Discovery path pending explicit click-proof,Path proof pending,Field Leadership / admin reviewer,YES,"Surface is reached from a parent list, card, or workflow with a runtime record id rather than from primary navigation.",PRIMARY_ROUTE,CERTIFIED,CERTIFIED,CERTIFIED,"Certified after foreman-auth audit in ES at 1440 + 390 (`auto_frontend_testing_agent`, 2026-08-02); route passed cleanly."
frontend/src/app/routing/AppRoutes.jsx,1323,/odr/new,Shared platform / public workflow,Shared Operational Home and Public Entry,Public / Shared,Discovery path pending explicit click-proof,Path proof pending,Public / Shared,NO,"Not intentionally hidden; this is a primary, public, or direct authenticated entry surface.",PRIMARY_ROUTE,CERTIFIED,CERTIFIED,CERTIFIED operator-shell + load proof (2026-08-05),2026-08-05 shared/public recertification: daily work record create route verified inside the shared platform shell with construction-first title and successful preview load.
frontend/src/app/routing/AppRoutes.jsx,1324,/odr/center,Shared platform / public workflow,Shared Operational Home and Public Entry,Public / Shared,Discovery path pending explicit click-proof,Path proof pending,Public / Shared,NO,"Not intentionally hidden; this is a primary, public, or direct authenticated entry surface.",PRIMARY_ROUTE,CERTIFIED,CERTIFIED,CERTIFIED operator-shell + load proof (2026-08-05),2026-08-05 shared/public recertification: daily work record center verified inside the shared platform shell with updated operator wording and successful preview load.
frontend/src/app/routing/AppRoutes.jsx,1325,/pm/odr,Project Management,Project Management,Project Management,Discovery path pending explicit click-proof,Path proof pending,Project Management,NO,"Not intentionally hidden; this is a primary, public, or direct authenticated entry surface.",PRIMARY_ROUTE,EVIDENCE_RECORDED,EVIDENCE_RECORDED,CERTIFIED operator-language + load proof (2026-08-03),"Reachable route known, but no route-level certification evidence yet."
frontend/src/app/routing/AppRoutes.jsx,1326,/odr/public/:doc_id,Shared platform / public workflow,Shared Operational Home and Public Entry,Public / Shared,Discovery path pending explicit click-proof,Bounded public workflow,Public / Shared,YES,"Surface is meant to open from a bounded public workflow, not from the authenticated navigation tree.",PRIMARY_ROUTE,PENDING_REVIEW,PENDING_REVIEW,CERTIFIED public shell + invalid-record proof (2026-08-05),2026-08-05 shared/public recertification: public daily work record viewer now uses the branded public shell and handles invalid record ids with clean user-facing messaging.
frontend/src/app/routing/AppRoutes.jsx,1327,/odr/:id/done,Shared platform / public workflow,Shared Operational Home and Public Entry,Public / Shared,Discovery path pending explicit click-proof,Path proof pending,Public / Shared,YES,"Surface is reached from a parent list, card, or workflow with a runtime record id rather than from primary navigation.",PRIMARY_ROUTE,CERTIFIED,CERTIFIED,CERTIFIED,2026-08-02 Level 3 shared/public certification: ODR completion/outcome route renders cleanly regardless of stale or invalid id state.
frontend/src/app/routing/AppRoutes.jsx,1328,/odr/:id,Shared platform / public workflow,Shared Operational Home and Public Entry,Public / Shared,Discovery path pending explicit click-proof,Path proof pending,Public / Shared,YES,"Surface is reached from a parent list, card, or workflow with a runtime record id rather than from primary navigation.",PRIMARY_ROUTE,CERTIFIED,CERTIFIED,CERTIFIED,2026-08-02 Level 3 shared/public certification: ODR detail route verified to handle invalid ids gracefully with no runtime defect.
frontend/src/app/routing/AppRoutes.jsx,1332,/operational-records,Shared platform / public workflow,Shared Operational Home and Public Entry,Public / Shared,Discovery path pending explicit click-proof,Path proof pending,Public / Shared,NO,"Not intentionally hidden; this is a primary, public, or direct authenticated entry surface.",PRIMARY_ROUTE,CERTIFIED,CERTIFIED,CERTIFIED operator-shell + language + load proof (2026-08-05),2026-08-05 shared/public recertification: operational records route verified inside the platform shell with updated operator wording and successful preview load.
frontend/src/app/routing/AppRoutes.jsx,1335,/operations-actions,Shared platform / public workflow,Shared Operational Home and Public Entry,Public / Shared,Discovery path pending explicit click-proof,Path proof pending,Public / Shared,NO,"Not intentionally hidden; this is a primary, public, or direct authenticated entry surface.",PRIMARY_ROUTE,CERTIFIED,CERTIFIED,CERTIFIED,2026-08-02 Level 2 shared/public certification: operations actions hub passed EN/ES and responsive proof after route-specific translation cleanup.
frontend/src/app/routing/AppRoutes.jsx,1336,/operations-actions/new,Shared platform / public workflow,Shared Operational Home and Public Entry,Public / Shared,Discovery path pending explicit click-proof,Path proof pending,Public / Shared,NO,"Not intentionally hidden; this is a primary, public, or direct authenticated entry surface.",PRIMARY_ROUTE,CERTIFIED,CERTIFIED,CERTIFIED,2026-08-02 Level 1 shared/public certification: operations action create surface passed EN/ES and responsive proof after route-specific translation cleanup.
frontend/src/app/routing/AppRoutes.jsx,1337,/operations-actions/:id,Shared platform / public workflow,Shared Operational Home and Public Entry,Public / Shared,Discovery path pending explicit click-proof,Path proof pending,Public / Shared,YES,"Surface is reached from a parent list, card, or workflow with a runtime record id rather than from primary navigation.",PRIMARY_ROUTE,CERTIFIED,CERTIFIED,CERTIFIED,"2026-08-02 Level 2 shared/public certification: operations action detail opened from list route /operations-actions/9c042f14d1ec4a208355ac43c3bcf6ff and passed EN/ES, 390/1920 responsive proof, and runtime checks."
frontend/src/app/routing/AppRoutes.jsx,1351,/_internal/design-system,Shared platform / public workflow,Shared Operational Home and Public Entry,Public / Shared,Developer-only direct route,Restricted internal access only,Public / Shared,NO,"Not intentionally hidden; this is a primary, public, or direct authenticated entry surface.",PRIMARY_ROUTE,PENDING_REVIEW,PENDING_REVIEW,PENDING,2026-08-02 exact blocker: redirects to /dev/login and shows developer access disabled in this preview environment.
frontend/src/app/routing/AppRoutes.jsx,1352,/_internal/pm-v2-preview,Shared platform / public workflow,Shared Operational Home and Public Entry,Public / Shared,Developer-only direct route,Restricted internal access only,Public / Shared,NO,"Not intentionally hidden; this is a primary, public, or direct authenticated entry surface.",PRIMARY_ROUTE,PENDING_REVIEW,PENDING_REVIEW,PENDING,2026-08-02 exact blocker: redirects to /dev/login and shows developer access disabled in this preview environment.
frontend/src/app/routing/AppRoutes.jsx,1353,/_internal/hr-v2-preview,Shared platform / public workflow,Shared Operational Home and Public Entry,Public / Shared,Developer-only direct route,Restricted internal access only,Public / Shared,NO,"Not intentionally hidden; this is a primary, public, or direct authenticated entry surface.",PRIMARY_ROUTE,PENDING_REVIEW,PENDING_REVIEW,PENDING,2026-08-02 exact blocker: redirects to /dev/login and shows developer access disabled in this preview environment.
frontend/src/app/routing/AppRoutes.jsx,1354,/_internal/v2-index,Shared platform / public workflow,Shared Operational Home and Public Entry,Public / Shared,Developer-only direct route,Restricted internal access only,Public / Shared,NO,"Not intentionally hidden; this is a primary, public, or direct authenticated entry surface.",PRIMARY_ROUTE,PENDING_REVIEW,PENDING_REVIEW,PENDING,2026-08-02 exact blocker: redirects to /dev/login and shows developer access disabled in this preview environment.
frontend/src/app/routing/AppRoutes.jsx,1355,/_internal/v2-compare/:portal,Shared platform / public workflow,Shared Operational Home and Public Entry,Public / Shared,Developer-only direct route,Restricted internal access only,Public / Shared,YES,"Restricted diagnostic or preview surface; it exists for internal support, readiness, or development work rather than operator navigation.",PRIMARY_ROUTE,PENDING_REVIEW,PENDING_REVIEW,PENDING,2026-08-02 exact blocker: redirects to /dev/login and shows developer access disabled in this preview environment.
frontend/src/app/routing/AppRoutes.jsx,1358,/daily-report/v2,Shared platform / public workflow,Shared Operational Home and Public Entry,Public / Shared,Browser proof 2026-08-01: legacy printed/bookmarked alias,/daily-report/v2 → /daily/submit (browser proof 2026-08-01),Public / Shared,YES,"Surface is reached from a parent list, card, or workflow with a runtime record id rather than from primary navigation.",PRIMARY_ROUTE,CERTIFIED,CERTIFIED,CERTIFIED,Alias/redirect proven by canonical browser evidence and source redirect mapping.
frontend/src/app/routing/AppRoutes.jsx,1359,/daily/v1,Shared platform / public workflow,Shared Operational Home and Public Entry,Public / Shared,Browser proof 2026-08-01: legacy printed/bookmarked alias,/daily/v1 → /daily/submit (browser proof 2026-08-01),Public / Shared,YES,"Surface is reached from a parent list, card, or workflow with a runtime record id rather than from primary navigation.",PRIMARY_ROUTE,CERTIFIED,CERTIFIED,CERTIFIED,Alias/redirect proven by canonical browser evidence and source redirect mapping.
frontend/src/app/routing/AppRoutes.jsx,1360,/daily/v2,Shared platform / public workflow,Shared Operational Home and Public Entry,Public / Shared,Browser proof 2026-08-01: legacy printed/bookmarked alias,/daily/v2 → /daily/submit (browser proof 2026-08-01),Public / Shared,YES,"Surface is reached from a parent list, card, or workflow with a runtime record id rather than from primary navigation.",PRIMARY_ROUTE,CERTIFIED,CERTIFIED,CERTIFIED,Alias/redirect proven by canonical browser evidence and source redirect mapping.
frontend/src/app/routing/AppRoutes.jsx,1361,/daily/v3,Shared platform / public workflow,Shared Operational Home and Public Entry,Public / Shared,Browser proof 2026-08-01: legacy printed/bookmarked alias,/daily/v3 → /daily/submit (browser proof 2026-08-01),Public / Shared,YES,"Surface is reached from a parent list, card, or workflow with a runtime record id rather than from primary navigation.",PRIMARY_ROUTE,CERTIFIED,CERTIFIED,CERTIFIED,Alias/redirect proven by canonical browser evidence and source redirect mapping.
frontend/src/app/routing/AppRoutes.jsx,1362,/daily-report/v1,Shared platform / public workflow,Shared Operational Home and Public Entry,Public / Shared,Browser proof 2026-08-01: legacy printed/bookmarked alias,/daily-report/v1 → /daily/submit (browser proof 2026-08-01),Public / Shared,YES,"Surface is reached from a parent list, card, or workflow with a runtime record id rather than from primary navigation.",PRIMARY_ROUTE,CERTIFIED,CERTIFIED,CERTIFIED,Alias/redirect proven by canonical browser evidence and source redirect mapping.
frontend/src/app/routing/AppRoutes.jsx,1363,/daily-report/v3,Shared platform / public workflow,Shared Operational Home and Public Entry,Public / Shared,Browser proof 2026-08-01: legacy printed/bookmarked alias,/daily-report/v3 → /daily/submit (browser proof 2026-08-01),Public / Shared,YES,"Surface is reached from a parent list, card, or workflow with a runtime record id rather than from primary navigation.",PRIMARY_ROUTE,CERTIFIED,CERTIFIED,CERTIFIED,Alias/redirect proven by canonical browser evidence and source redirect mapping.
frontend/src/app/routing/AppRoutes.jsx,1364,/pm/operational-intelligence,Project Management,Project Management,Project Management,Discovery path pending explicit click-proof,Path proof pending,Project Management,NO,"Not intentionally hidden; this is a primary, public, or direct authenticated entry surface.",PRIMARY_ROUTE,CERTIFIED,CERTIFIED,CERTIFIED operator-language + load proof (2026-08-03),"2026-08-02 focused recertification sweep passed EN/ES verification, responsive checks (390/768/1440), and screenshot review after shared i18n/admin/shop/root fixes."
frontend/src/app/routing/AppRoutes.jsx,1366,/admin/ods-intelligence,Administration,Administration,Administrator / executive reviewer,Browser redirect proof 2026-08-02,/admin/ods-intelligence → /admin/operational-intelligence (browser proof 2026-08-02),Administrator / executive reviewer,YES,"Surface is reached from a parent list, card, or workflow with a runtime record id rather than from primary navigation.",PRIMARY_ROUTE,CERTIFIED,CERTIFIED,CERTIFIED,Browser redirect proof captured 2026-08-02; canonical target verified.
frontend/src/app/routing/AppRoutes.jsx,1369,/executive/ods-intelligence,Administration,Administration,Administrator / executive reviewer,Browser redirect proof 2026-08-02,/executive/ods-intelligence → /admin/operational-intelligence (browser proof 2026-08-02),Administrator / executive reviewer,YES,"Surface is reached from a parent list, card, or workflow with a runtime record id rather than from primary navigation.",PRIMARY_ROUTE,CERTIFIED,CERTIFIED,CERTIFIED,2026-08-02 direct browser proof with seeded admin session: `/executive/ods-intelligence` redirects cleanly to canonical `/admin/operational-intelligence` and inherits the already certified admin shell.
frontend/src/app/routing/AppRoutes.jsx,1374,/admin/occ,Administration,Administration,Administrator / executive reviewer,Browser redirect proof 2026-08-02,/admin/occ → /admin/operations-control (browser proof 2026-08-02),Administrator / executive reviewer,YES,"Surface is reached from a parent list, card, or workflow with a runtime record id rather than from primary navigation.",PRIMARY_ROUTE,CERTIFIED,CERTIFIED,CERTIFIED,Browser redirect proof captured 2026-08-02; canonical target verified.
frontend/src/app/routing/AppRoutes.jsx,1378,/executive,Administration,Administration,Administrator / executive reviewer,Browser redirect proof 2026-08-02,/executive → /admin/executive-overview (browser proof 2026-08-02),Administrator / executive reviewer,YES,"Surface is reached from a parent list, card, or workflow with a runtime record id rather than from primary navigation.",PRIMARY_ROUTE,CERTIFIED,CERTIFIED,CERTIFIED,Browser redirect proof captured 2026-08-02; canonical target verified.
frontend/src/app/routing/AppRoutes.jsx,1379,/executive-dashboard,Administration,Administration,Administrator / executive reviewer,Browser redirect proof 2026-08-02,/executive-dashboard → /admin/executive-overview (browser proof 2026-08-02),Administrator / executive reviewer,YES,"Surface is reached from a parent list, card, or workflow with a runtime record id rather than from primary navigation.",PRIMARY_ROUTE,CERTIFIED,CERTIFIED,CERTIFIED,Browser redirect proof captured 2026-08-02; canonical target verified.
frontend/src/app/routing/AppRoutes.jsx,1380,/admin/executive,Administration,Administration,Administrator / executive reviewer,Browser redirect proof 2026-08-02,/admin/executive → /admin/executive-overview (browser proof 2026-08-02),Administrator / executive reviewer,YES,"Surface is reached from a parent list, card, or workflow with a runtime record id rather than from primary navigation.",PRIMARY_ROUTE,CERTIFIED,CERTIFIED,CERTIFIED,Browser redirect proof captured 2026-08-02; canonical target verified.
frontend/src/app/routing/AppRoutes.jsx,1388,/fleet,Shared platform / public workflow,Shared Operational Home and Public Entry,Public / Shared,Discovery path pending explicit click-proof,Path proof pending,Public / Shared,YES,"Surface is reached from a parent list, card, or workflow with a runtime record id rather than from primary navigation.",PRIMARY_ROUTE,CERTIFIED,CERTIFIED,CERTIFIED,"Certified after dispatch-auth audit in ES at 1440 + 390 (`auto_frontend_testing_agent`, 2026-08-02); route passed cleanly."
frontend/src/app/routing/AppRoutes.jsx,1389,/admin/ai,Administration,Administration,Administrator / executive reviewer,Browser redirect proof 2026-08-02,/admin/ai → /admin/ai-operations (browser proof 2026-08-02),Administrator / executive reviewer,YES,"Surface is reached from a parent list, card, or workflow with a runtime record id rather than from primary navigation.",PRIMARY_ROUTE,CERTIFIED,CERTIFIED,CERTIFIED,Browser redirect proof captured 2026-08-02; canonical target verified.
frontend/src/app/routing/AppRoutes.jsx,1390,/admin/storage,Administration,Administration,Administrator / executive reviewer,Browser redirect proof 2026-08-02,/admin/storage → /admin/storage-recovery (browser proof 2026-08-02),Administrator / executive reviewer,YES,"Surface is reached from a parent list, card, or workflow with a runtime record id rather than from primary navigation.",PRIMARY_ROUTE,CERTIFIED,CERTIFIED,CERTIFIED,Browser redirect proof captured 2026-08-02; canonical target verified.
frontend/src/app/routing/AppRoutes.jsx,1391,/fl,Shared platform / public workflow,Shared Operational Home and Public Entry,Public / Shared,Discovery path pending explicit click-proof,Path proof pending,Public / Shared,YES,"Surface is reached from a parent list, card, or workflow with a runtime record id rather than from primary navigation.",PRIMARY_ROUTE,PENDING_REVIEW,PENDING_REVIEW,PENDING,"Legacy alias audited in ES at 1440 + 390 (`auto_frontend_testing_agent`, 2026-08-02); redirects to the working field-leadership experience."
frontend/src/app/routing/AppRoutes.jsx,1392,*,Shared platform / public workflow,Shared Operational Home and Public Entry,Public / Shared,Discovery path pending explicit click-proof,Path proof pending,Public / Shared,YES,"Surface is reached from a parent list, card, or workflow with a runtime record id rather than from primary navigation.",PRIMARY_ROUTE,CERTIFIED,CERTIFIED,CERTIFIED,2026-08-02 Level 3 disposition certification: catchall route verified to render the correct Spanish not-found experience with working navigation choices.
frontend/src/pages/transportation/TransportationApp.jsx,97,(index),Transportation Operations,Transportation Operations,Transportation / Dispatch / Carrier,Transportation shell default landing,Path proof pending,Transportation / Dispatch / Carrier,NO,"Not intentionally hidden; this is a primary, public, or direct authenticated entry surface.",PRIMARY_ROUTE,CERTIFIED,CERTIFIED,CERTIFIED transport shell + EN/ES + responsive proof (2026-08-02),"Runtime index route audited in ES at 1440 + 390 (`auto_frontend_testing_agent`, 2026-08-02); home experience passed with no overflow or visible English chrome."
frontend/src/pages/transportation/TransportationApp.jsx,100,dispatch,Shared platform / public workflow,Shared Operational Home and Public Entry,Public / Shared,Discovery path pending explicit click-proof,Path proof pending,Public / Shared,NO,"Not intentionally hidden; this is a primary, public, or direct authenticated entry surface.",PRIMARY_ROUTE,CERTIFIED,CERTIFIED,CERTIFIED,"2026-08-02 Level 2 transportation certification: dispatch bridge opened under /transportation-operations with clean EN/ES, responsive proof, and role-safe runtime."
frontend/src/pages/transportation/TransportationApp.jsx,101,live-operations,Shared platform / public workflow,Shared Operational Home and Public Entry,Public / Shared,Discovery path pending explicit click-proof,Path proof pending,Public / Shared,NO,"Not intentionally hidden; this is a primary, public, or direct authenticated entry surface.",PRIMARY_ROUTE,CERTIFIED,CERTIFIED,CERTIFIED,2026-08-02 Level 2 transportation certification: live operations workspace opened cleanly in EN/ES at mobile and desktop with no runtime defects.
frontend/src/pages/transportation/TransportationApp.jsx,102,trucks,Shared platform / public workflow,Shared Operational Home and Public Entry,Public / Shared,Discovery path pending explicit click-proof,Path proof pending,Public / Shared,NO,"Not intentionally hidden; this is a primary, public, or direct authenticated entry surface.",PRIMARY_ROUTE,PENDING_REVIEW,PENDING_REVIEW,PENDING,2026-08-02 Level 2 transportation certification: trucks list opened in EN/ES with responsive table behavior and clean runtime.
frontend/src/pages/transportation/TransportationApp.jsx,103,trucks/:id,Shared platform / public workflow,Shared Operational Home and Public Entry,Public / Shared,Discovery path pending explicit click-proof,Path proof pending,Public / Shared,YES,"Surface is reached from a parent list, card, or workflow with a runtime record id rather than from primary navigation.",PRIMARY_ROUTE,CERTIFIED,CERTIFIED,CERTIFIED,2026-08-02 Level 2 transportation certification: truck detail opened from dispatch list and now stays under /transportation-operations/trucks/:id with clean EN/ES and responsive proof.
frontend/src/pages/transportation/TransportationApp.jsx,106,drivers,Shared platform / public workflow,Shared Operational Home and Public Entry,Public / Shared,Discovery path pending explicit click-proof,Path proof pending,Public / Shared,NO,"Not intentionally hidden; this is a primary, public, or direct authenticated entry surface.",PRIMARY_ROUTE,PENDING_REVIEW,PENDING_REVIEW,PENDING,2026-08-02 Level 2 transportation certification: drivers list opened in EN/ES with responsive search/table behavior and clean runtime.
frontend/src/pages/transportation/TransportationApp.jsx,107,drivers/:id,Shared platform / public workflow,Shared Operational Home and Public Entry,Public / Shared,Discovery path pending explicit click-proof,Path proof pending,Public / Shared,YES,"Surface is reached from a parent list, card, or workflow with a runtime record id rather than from primary navigation.",PRIMARY_ROUTE,CERTIFIED,CERTIFIED,CERTIFIED,2026-08-02 Level 2 transportation certification: driver detail opened from dispatch list and stays under /transportation-operations/drivers/:id with clean EN/ES and responsive proof.
frontend/src/pages/transportation/TransportationApp.jsx,108,carriers,Shared platform / public workflow,Shared Operational Home and Public Entry,Public / Shared,Discovery path pending explicit click-proof,Path proof pending,Public / Shared,NO,"Not intentionally hidden; this is a primary, public, or direct authenticated entry surface.",PRIMARY_ROUTE,PENDING_REVIEW,PENDING_REVIEW,PENDING,2026-08-02 Level 2 transportation certification: carriers list opened in EN/ES with responsive table behavior and clean runtime.
frontend/src/pages/transportation/TransportationApp.jsx,109,carriers/:id,Shared platform / public workflow,Shared Operational Home and Public Entry,Public / Shared,Discovery path pending explicit click-proof,Path proof pending,Public / Shared,YES,"Surface is reached from a parent list, card, or workflow with a runtime record id rather than from primary navigation.",PRIMARY_ROUTE,CERTIFIED,CERTIFIED,CERTIFIED,2026-08-02 Level 2 transportation certification: carrier detail opened from dispatch list and stays under /transportation-operations/carriers/:id with clean EN/ES and responsive proof.
frontend/src/pages/transportation/TransportationApp.jsx,112,compliance,Shared platform / public workflow,Shared Operational Home and Public Entry,Public / Shared,Discovery path pending explicit click-proof,Path proof pending,Public / Shared,NO,"Not intentionally hidden; this is a primary, public, or direct authenticated entry surface.",PRIMARY_ROUTE,PENDING_REVIEW,PENDING_REVIEW,PENDING,2026-08-02 Level 2 transportation certification: compliance dashboard opened in EN/ES with mobile/desktop proof and no runtime issues.
frontend/src/pages/transportation/TransportationApp.jsx,113,orientation/*,Shared platform / public workflow,Shared Operational Home and Public Entry,Public / Shared,Discovery path pending explicit click-proof,Path proof pending,Public / Shared,YES,"Surface is reached from a parent list, card, or workflow with a runtime record id rather than from primary navigation.",PRIMARY_ROUTE,CERTIFIED,CERTIFIED,CERTIFIED,2026-08-02 Level 2 transportation certification: orientation center opened cleanly in EN/ES with responsive proof and valid module navigation.
frontend/src/pages/transportation/TransportationApp.jsx,114,academy,Shared platform / public workflow,Shared Operational Home and Public Entry,Public / Shared,Discovery path pending explicit click-proof,Path proof pending,Public / Shared,NO,"Not intentionally hidden; this is a primary, public, or direct authenticated entry surface.",PRIMARY_ROUTE,CERTIFIED,CERTIFIED,CERTIFIED,2026-08-02 Level 2 transportation certification: academy landing opened cleanly in EN/ES with responsive proof.
frontend/src/pages/transportation/TransportationApp.jsx,115,academy/:moduleKey,Shared platform / public workflow,Shared Operational Home and Public Entry,Public / Shared,Discovery path pending explicit click-proof,Path proof pending,Public / Shared,YES,"Surface is reached from a parent list, card, or workflow with a runtime record id rather than from primary navigation.",PRIMARY_ROUTE,CERTIFIED,CERTIFIED,CERTIFIED,2026-08-02 Level 2 transportation certification: academy module detail opened from live data with EN/ES and responsive proof.
frontend/src/pages/transportation/TransportationApp.jsx,118,intelligence/*,Shared platform / public workflow,Shared Operational Home and Public Entry,Public / Shared,Discovery path pending explicit click-proof,Path proof pending,Public / Shared,YES,"Surface is reached from a parent list, card, or workflow with a runtime record id rather than from primary navigation.",PRIMARY_ROUTE,CERTIFIED,CERTIFIED,CERTIFIED,2026-08-02 Level 2 transportation certification: intelligence workspace (including cleanup entry) opened cleanly in EN/ES with no runtime defects.
frontend/src/pages/transportation/TransportationApp.jsx,119,command-queue/*,Shared platform / public workflow,Shared Operational Home and Public Entry,Public / Shared,Discovery path pending explicit click-proof,Path proof pending,Public / Shared,YES,"Surface is reached from a parent list, card, or workflow with a runtime record id rather than from primary navigation.",PRIMARY_ROUTE,CERTIFIED,CERTIFIED,CERTIFIED,2026-08-02 Level 2 transportation certification: command queue and forecast consumers opened cleanly in EN/ES with responsive proof.
frontend/src/pages/transportation/TransportationApp.jsx,122,reports,Shared platform / public workflow,Shared Operational Home and Public Entry,Public / Shared,Discovery path pending explicit click-proof,Path proof pending,Public / Shared,NO,"Not intentionally hidden; this is a primary, public, or direct authenticated entry surface.",PRIMARY_ROUTE,CERTIFIED,CERTIFIED,CERTIFIED,2026-08-02 Level 2 transportation certification: reports workspace opened under admin transportation oversight with EN/ES and responsive proof.
frontend/src/pages/transportation/TransportationApp.jsx,123,audit,Shared platform / public workflow,Shared Operational Home and Public Entry,Public / Shared,Discovery path pending explicit click-proof,Path proof pending,Public / Shared,NO,"Not intentionally hidden; this is a primary, public, or direct authenticated entry surface.",PRIMARY_ROUTE,CERTIFIED,CERTIFIED,CERTIFIED,2026-08-02 Level 2 transportation certification: audit timeline opened under admin transportation oversight with EN/ES and responsive proof.
frontend/src/pages/transportation/TransportationApp.jsx,132,documents,Shared platform / public workflow,Shared Operational Home and Public Entry,Public / Shared,Discovery path pending explicit click-proof,Path proof pending,Public / Shared,NO,"Not intentionally hidden; this is a primary, public, or direct authenticated entry surface.",PRIMARY_ROUTE,CERTIFIED,CERTIFIED,CERTIFIED,2026-08-02 Level 2 transportation certification: document center opened cleanly in EN/ES with responsive selectors and no runtime defects.
frontend/src/pages/transportation/TransportationApp.jsx,133,inspections,Shared platform / public workflow,Shared Operational Home and Public Entry,Public / Shared,Discovery path pending explicit click-proof,Path proof pending,Public / Shared,NO,"Not intentionally hidden; this is a primary, public, or direct authenticated entry surface.",PRIMARY_ROUTE,CERTIFIED,CERTIFIED,CERTIFIED,2026-08-02 Level 2 transportation certification: inspection center opened cleanly in EN/ES with responsive launcher controls and no runtime defects.
frontend/src/pages/transportation/TransportationApp.jsx,134,rate-schedules,Shared platform / public workflow,Shared Operational Home and Public Entry,Public / Shared,Discovery path pending explicit click-proof,Path proof pending,Public / Shared,NO,"Not intentionally hidden; this is a primary, public, or direct authenticated entry surface.",PRIMARY_ROUTE,CERTIFIED,CERTIFIED,CERTIFIED,2026-08-02 Level 2 transportation certification: rate schedule center opened cleanly in EN/ES with responsive controls and no runtime defects.
frontend/src/pages/transportation/TransportationApp.jsx,135,compliance/documents,Shared platform / public workflow,Shared Operational Home and Public Entry,Public / Shared,Discovery path pending explicit click-proof,Path proof pending,Public / Shared,NO,"Not intentionally hidden; this is a primary, public, or direct authenticated entry surface.",PRIMARY_ROUTE,CERTIFIED,CERTIFIED,CERTIFIED,2026-08-02 Level 3 alias certification: compliance/documents now redirects cleanly to canonical documents under the active transportation prefix.
frontend/src/pages/transportation/TransportationApp.jsx,139,compliance/rate-schedules,Shared platform / public workflow,Shared Operational Home and Public Entry,Public / Shared,Discovery path pending explicit click-proof,Path proof pending,Public / Shared,NO,"Not intentionally hidden; this is a primary, public, or direct authenticated entry surface.",PRIMARY_ROUTE,CERTIFIED,CERTIFIED,CERTIFIED,2026-08-02 Level 3 alias certification: compliance/rate-schedules now redirects cleanly to canonical rate-schedules under the active transportation prefix.
frontend/src/pages/transportation/TransportationApp.jsx,143,fleet,Shared platform / public workflow,Shared Operational Home and Public Entry,Public / Shared,Discovery path pending explicit click-proof,Path proof pending,Public / Shared,NO,"Not intentionally hidden; this is a primary, public, or direct authenticated entry surface.",PRIMARY_ROUTE,CERTIFIED,CERTIFIED,CERTIFIED,2026-08-02 Level 3 alias certification: fleet now redirects cleanly to canonical trucks under the active transportation prefix.
frontend/src/pages/transportation/TransportationApp.jsx,147,fleet/trucks,Shared platform / public workflow,Shared Operational Home and Public Entry,Public / Shared,Discovery path pending explicit click-proof,Path proof pending,Public / Shared,NO,"Not intentionally hidden; this is a primary, public, or direct authenticated entry surface.",PRIMARY_ROUTE,CERTIFIED,CERTIFIED,CERTIFIED,2026-08-02 Level 3 alias certification: fleet/trucks now redirects cleanly to canonical trucks under the active transportation prefix.
frontend/src/pages/transportation/TransportationApp.jsx,151,fleet/inspections,Shared platform / public workflow,Shared Operational Home and Public Entry,Public / Shared,Discovery path pending explicit click-proof,Path proof pending,Public / Shared,NO,"Not intentionally hidden; this is a primary, public, or direct authenticated entry surface.",PRIMARY_ROUTE,CERTIFIED,CERTIFIED,CERTIFIED,2026-08-02 Level 3 alias certification: fleet/inspections now redirects cleanly to canonical inspections under the active transportation prefix.
frontend/src/pages/transportation/TransportationApp.jsx,155,administration/audit,Shared platform / public workflow,Shared Operational Home and Public Entry,Public / Shared,Discovery path pending explicit click-proof,Path proof pending,Public / Shared,NO,"Not intentionally hidden; this is a primary, public, or direct authenticated entry surface.",PRIMARY_ROUTE,CERTIFIED,CERTIFIED,CERTIFIED,2026-08-02 Level 3 alias certification: administration/audit now redirects cleanly to canonical audit under the active transportation prefix.
frontend/src/pages/transportation/_command_queue.jsx,63,health,Shared platform / public workflow,Shared Operational Home and Public Entry,Public / Shared,Discovery path pending explicit click-proof,Path proof pending,Public / Shared,NO,"Not intentionally hidden; this is a primary, public, or direct authenticated entry surface.",PRIMARY_ROUTE,CERTIFIED,CERTIFIED,CERTIFIED,2026-08-02 Level 2 shared/public certification: transportation command health consumer passed EN/ES and responsive proof under admin oversight.
frontend/src/pages/transportation/_command_queue.jsx,64,forecast,Shared platform / public workflow,Shared Operational Home and Public Entry,Public / Shared,Discovery path pending explicit click-proof,Path proof pending,Public / Shared,NO,"Not intentionally hidden; this is a primary, public, or direct authenticated entry surface.",PRIMARY_ROUTE,PENDING_REVIEW,PENDING_REVIEW,PENDING,2026-08-02 exact blocker: command-queue forecast route exceeded 30s load time in preview during repeated attempts; prerequisite is backend/runtime performance recovery or lighter payload.
frontend/src/pages/transportation/_intelligence.jsx,97,recommendations,Shared platform / public workflow,Shared Operational Home and Public Entry,Public / Shared,Discovery path pending explicit click-proof,Path proof pending,Public / Shared,NO,"Not intentionally hidden; this is a primary, public, or direct authenticated entry surface.",PRIMARY_ROUTE,PENDING_REVIEW,PENDING_REVIEW,PENDING,2026-08-02 exact blocker: transportation intelligence recommendations route exceeded 30s load time in preview during repeated attempts; prerequisite is backend/runtime performance recovery or lighter payload.
frontend/src/pages/transportation/_intelligence.jsx,98,predictions,Shared platform / public workflow,Shared Operational Home and Public Entry,Public / Shared,Discovery path pending explicit click-proof,Path proof pending,Public / Shared,NO,"Not intentionally hidden; this is a primary, public, or direct authenticated entry surface.",PRIMARY_ROUTE,CERTIFIED,CERTIFIED,CERTIFIED,2026-08-02 Level 2 shared/public certification: intelligence predictions consumer passed EN/ES and responsive proof.
frontend/src/pages/transportation/_intelligence.jsx,99,learning,Shared platform / public workflow,Shared Operational Home and Public Entry,Public / Shared,Discovery path pending explicit click-proof,Path proof pending,Public / Shared,NO,"Not intentionally hidden; this is a primary, public, or direct authenticated entry surface.",PRIMARY_ROUTE,CERTIFIED,CERTIFIED,CERTIFIED,2026-08-02 Level 2 shared/public certification: intelligence learning consumer passed EN/ES and responsive proof.
frontend/src/pages/transportation/_intelligence.jsx,100,cleanup,Shared platform / public workflow,Shared Operational Home and Public Entry,Public / Shared,Discovery path pending explicit click-proof,Path proof pending,Public / Shared,NO,"Not intentionally hidden; this is a primary, public, or direct authenticated entry surface.",PRIMARY_ROUTE,CERTIFIED,CERTIFIED,CERTIFIED,2026-08-02 Level 2 shared/public certification: intelligence cleanup consumer passed EN/ES and responsive proof.
frontend/src/pages/transportation/_orientation.jsx,45,modules,Shared platform / public workflow,Shared Operational Home and Public Entry,Public / Shared,Discovery path pending explicit click-proof,Path proof pending,Public / Shared,NO,"Not intentionally hidden; this is a primary, public, or direct authenticated entry surface.",PRIMARY_ROUTE,CERTIFIED,CERTIFIED,CERTIFIED,2026-08-02 Level 2 shared/public certification: orientation modules manager passed EN/ES and responsive proof under admin route evidence.
frontend/src/pages/transportation/_orientation.jsx,46,modules/:mid,Shared platform / public workflow,Shared Operational Home and Public Entry,Public / Shared,Discovery path pending explicit click-proof,Path proof pending,Public / Shared,YES,"Surface is reached from a parent list, card, or workflow with a runtime record id rather than from primary navigation.",PRIMARY_ROUTE,CERTIFIED,CERTIFIED,CERTIFIED,2026-08-02 Level 2 shared/public certification: orientation module detail opened from the admin modules list and passed EN/ES plus mobile/desktop proof.
frontend/src/pages/transportation/_orientation.jsx,47,assignments,Shared platform / public workflow,Shared Operational Home and Public Entry,Public / Shared,Discovery path pending explicit click-proof,Path proof pending,Public / Shared,NO,"Not intentionally hidden; this is a primary, public, or direct authenticated entry surface.",PRIMARY_ROUTE,CERTIFIED,CERTIFIED,CERTIFIED,2026-08-02 Level 2 shared/public certification: orientation assignments consumer passed EN/ES and responsive proof.
frontend/src/pages/transportation/_orientation.jsx,48,certificates,Shared platform / public workflow,Shared Operational Home and Public Entry,Public / Shared,Discovery path pending explicit click-proof,Path proof pending,Public / Shared,NO,"Not intentionally hidden; this is a primary, public, or direct authenticated entry surface.",PRIMARY_ROUTE,CERTIFIED,CERTIFIED,CERTIFIED,2026-08-02 Level 2 shared/public certification: orientation certificates consumer passed EN/ES and responsive proof.
frontend/src/pages/transportation/_orientation.jsx,49,emails,Shared platform / public workflow,Shared Operational Home and Public Entry,Public / Shared,Discovery path pending explicit click-proof,Path proof pending,Public / Shared,NO,"Not intentionally hidden; this is a primary, public, or direct authenticated entry surface.",PRIMARY_ROUTE,CERTIFIED,CERTIFIED,CERTIFIED,2026-08-02 Level 2 shared/public certification: orientation emails consumer passed EN/ES and responsive proof.
