route,family,role,visible_entry_point,navigation_path,reachability_status,hidden_surface_disposition,certification_status,route_kind,source_line
/,Shared Operational Home and Public Entry,Public / Shared,Home (/) or direct public workflow link,Home (/) or direct public workflow link,DISCOVERED_ENTRY_REVIEW_PENDING,EXPOSED_OR_NAV_REVIEW,EXECUTIVE_CERTIFIED,static_route,517
/revise/:token,Shared Operational Home and Public Entry,Public / Shared,Home (/) or direct public workflow link,Home (/) or direct public workflow link → /revise,DISCOVERED_NEEDS_REACHABILITY_PROOF,JUSTIFIED_HIDDEN_REVIEW,DISCOVERED,parameterized_or_deep_link,518
/safety,Shared Operational Home and Public Entry,Public / Shared,Home (/) or direct public workflow link,Home (/) or direct public workflow link → /,DISCOVERED_ENTRY_REVIEW_PENDING,EXPOSED_OR_NAV_REVIEW,DISCOVERED,static_route,519
/safety/forms/login,Safety Operations,Safety operator / public safety user,"Safety portal, public safety entry, or incident/trench workflow link","Safety portal, public safety entry, or incident/trench workflow link → /safety/forms",DISCOVERED_ENTRY_REVIEW_PENDING,EXPOSED_OR_NAV_REVIEW,DISCOVERED,static_route,520
/safety/forms,Safety Operations,Safety operator / public safety user,"Safety portal, public safety entry, or incident/trench workflow link","Safety portal, public safety entry, or incident/trench workflow link → /safety",DISCOVERED_ENTRY_REVIEW_PENDING,EXPOSED_OR_NAV_REVIEW,DISCOVERED,static_route,521
/safety/forms/equipment-issuance/new,Safety Operations,Safety operator / public safety user,"Safety portal, public safety entry, or incident/trench workflow link","Safety portal, public safety entry, or incident/trench workflow link → /safety/forms/equipment-issuance",DISCOVERED_ENTRY_REVIEW_PENDING,EXPOSED_OR_NAV_REVIEW,DISCOVERED,static_route,522
/safety/forms/equipment-issuance/:id,Safety Operations,Safety operator / public safety user,"Safety portal, public safety entry, or incident/trench workflow link","Safety portal, public safety entry, or incident/trench workflow link → /safety/forms/equipment-issuance",DISCOVERED_NEEDS_REACHABILITY_PROOF,JUSTIFIED_HIDDEN_REVIEW,EXECUTIVE_CERTIFIED,parameterized_or_deep_link,523
/safety/forms/equipment-issuance/:id/return,Safety Operations,Safety operator / public safety user,"Safety portal, public safety entry, or incident/trench workflow link","Safety portal, public safety entry, or incident/trench workflow link → /safety/forms/equipment-issuance/:id",DISCOVERED_NEEDS_REACHABILITY_PROOF,JUSTIFIED_HIDDEN_REVIEW,DISCOVERED,parameterized_or_deep_link,524
/safety/forms/equipment-training/new,Safety Operations,Safety operator / public safety user,"Safety portal, public safety entry, or incident/trench workflow link","Safety portal, public safety entry, or incident/trench workflow link → /safety/forms/equipment-training",DISCOVERED_ENTRY_REVIEW_PENDING,EXPOSED_OR_NAV_REVIEW,DISCOVERED,static_route,525
/safety/forms/equipment-training/:id,Safety Operations,Safety operator / public safety user,"Safety portal, public safety entry, or incident/trench workflow link","Safety portal, public safety entry, or incident/trench workflow link → /safety/forms/equipment-training",DISCOVERED_NEEDS_REACHABILITY_PROOF,JUSTIFIED_HIDDEN_REVIEW,EXECUTIVE_CERTIFIED,parameterized_or_deep_link,526
/safety/cards,Safety Operations,Safety operator / public safety user,"Safety portal, public safety entry, or incident/trench workflow link","Safety portal, public safety entry, or incident/trench workflow link → /safety",DISCOVERED_ENTRY_REVIEW_PENDING,EXPOSED_OR_NAV_REVIEW,EXECUTIVE_CERTIFIED,static_route,527
/field,Shared Operational Home and Public Entry,Public / Shared,Home (/) or direct public workflow link,Home (/) or direct public workflow link → /,DISCOVERED_ENTRY_REVIEW_PENDING,EXPOSED_OR_NAV_REVIEW,DISCOVERED,static_route,528
/field/calculators,Shared Operational Home and Public Entry,Public / Shared,Home (/) or direct public workflow link,Home (/) or direct public workflow link → /field,DISCOVERED_ENTRY_REVIEW_PENDING,EXPOSED_OR_NAV_REVIEW,DISCOVERED,static_route,529
/qaqc,Shared Operational Home and Public Entry,Public / Shared,Home (/) or direct public workflow link,Home (/) or direct public workflow link → /,DISCOVERED_ENTRY_REVIEW_PENDING,EXPOSED_OR_NAV_REVIEW,DISCOVERED,static_route,530
/qa-qc,Shared Operational Home and Public Entry,Public / Shared,Home (/) or direct public workflow link,Home (/) or direct public workflow link → /,DISCOVERED_ALIAS,REDIRECT,DISCOVERED,alias_or_redirect,531
/qaqc/:slug/new,Shared Operational Home and Public Entry,Public / Shared,Home (/) or direct public workflow link,Home (/) or direct public workflow link → /qaqc/:slug,DISCOVERED_NEEDS_REACHABILITY_PROOF,JUSTIFIED_HIDDEN_REVIEW,DISCOVERED,parameterized_or_deep_link,532
/qaqc/:id,Shared Operational Home and Public Entry,Public / Shared,Home (/) or direct public workflow link,Home (/) or direct public workflow link → /qaqc,DISCOVERED_NEEDS_REACHABILITY_PROOF,JUSTIFIED_HIDDEN_REVIEW,EXECUTIVE_CERTIFIED,parameterized_or_deep_link,533
/admin/qaqc,Administration,Administrator / executive reviewer,Admin portal,Admin portal → /admin,DISCOVERED_ENTRY_REVIEW_PENDING,EXPOSED_OR_NAV_REVIEW,DISCOVERED,static_route,534
/admin/transportation/*,Administration,Administrator / executive reviewer,Admin portal,Admin portal → /admin/transportation,DISCOVERED_ENTRY_REVIEW_PENDING,EXPOSED_OR_NAV_REVIEW,DISCOVERED,wildcard_router,535
/transportation-operations/*,Transportation Operations,Transportation / Dispatch / Carrier,"Dispatch portal, transportation portal, or secure carrier link","Dispatch portal, transportation portal, or secure carrier link → /transportation-operations",DISCOVERED_ENTRY_REVIEW_PENDING,EXPOSED_OR_NAV_REVIEW,DISCOVERED,wildcard_router,540
/admin/photos,Administration,Administrator / executive reviewer,Admin portal,Admin portal → /admin,DISCOVERED_ENTRY_REVIEW_PENDING,EXPOSED_OR_NAV_REVIEW,DISCOVERED,static_route,541
/constraints,Shared Operational Home and Public Entry,Public / Shared,Home (/) or direct public workflow link,Home (/) or direct public workflow link → /,DISCOVERED_ENTRY_REVIEW_PENDING,EXPOSED_OR_NAV_REVIEW,DISCOVERED,static_route,549
/constraints/new,Shared Operational Home and Public Entry,Public / Shared,Home (/) or direct public workflow link,Home (/) or direct public workflow link → /constraints,DISCOVERED_ENTRY_REVIEW_PENDING,EXPOSED_OR_NAV_REVIEW,DISCOVERED,static_route,550
/constraints/:id,Shared Operational Home and Public Entry,Public / Shared,Home (/) or direct public workflow link,Home (/) or direct public workflow link → /constraints,DISCOVERED_NEEDS_REACHABILITY_PROOF,JUSTIFIED_HIDDEN_REVIEW,DISCOVERED,parameterized_or_deep_link,551
/leadership,Field Leadership,Field Leadership / Admin reviewer,Home → Field Leadership or role login,Home → Field Leadership or role login → /,DISCOVERED_ENTRY_REVIEW_PENDING,EXPOSED_OR_NAV_REVIEW,DISCOVERED,static_route,554
/leadership/hub_v2,Field Leadership,Field Leadership / Admin reviewer,Home → Field Leadership or role login,Home → Field Leadership or role login → /leadership,DISCOVERED_NEEDS_REACHABILITY_PROOF,MERGE_OR_RETIRE_REVIEW,DISCOVERED,static_route,557
/leadership/records,Field Leadership,Field Leadership / Admin reviewer,Home → Field Leadership or role login,Home → Field Leadership or role login → /leadership,DISCOVERED_ENTRY_REVIEW_PENDING,EXPOSED_OR_NAV_REVIEW,DISCOVERED,static_route,561
/leadership/records/:id,Field Leadership,Field Leadership / Admin reviewer,Home → Field Leadership or role login,Home → Field Leadership or role login → /leadership/records,DISCOVERED_NEEDS_REACHABILITY_PROOF,JUSTIFIED_HIDDEN_REVIEW,DISCOVERED,parameterized_or_deep_link,562
/leadership/:kind/new,Field Leadership,Field Leadership / Admin reviewer,Home → Field Leadership or role login,Home → Field Leadership or role login → /leadership/:kind,DISCOVERED_NEEDS_REACHABILITY_PROOF,JUSTIFIED_HIDDEN_REVIEW,DISCOVERED,parameterized_or_deep_link,563
/safety/inspections/new,Safety Operations,Safety operator / public safety user,"Safety portal, public safety entry, or incident/trench workflow link","Safety portal, public safety entry, or incident/trench workflow link → /safety/inspections",DISCOVERED_ENTRY_REVIEW_PENDING,EXPOSED_OR_NAV_REVIEW,DISCOVERED,static_route,568
/inspect/new,Shared Operational Home and Public Entry,Public / Shared,Home (/) or direct public workflow link,Home (/) or direct public workflow link → /inspect,DISCOVERED_ENTRY_REVIEW_PENDING,EXPOSED_OR_NAV_REVIEW,DISCOVERED,static_route,569
/submit,Shared Operational Home and Public Entry,Public / Shared,Home (/) or direct public workflow link,Home (/) or direct public workflow link → /,DISCOVERED_ENTRY_REVIEW_PENDING,EXPOSED_OR_NAV_REVIEW,DISCOVERED,static_route,570
/inspections/submit,Shared Operational Home and Public Entry,Public / Shared,Home (/) or direct public workflow link,Home (/) or direct public workflow link → /inspections,DISCOVERED_ENTRY_REVIEW_PENDING,EXPOSED_OR_NAV_REVIEW,DISCOVERED,static_route,571
/inspections/new,Shared Operational Home and Public Entry,Public / Shared,Home (/) or direct public workflow link,Home (/) or direct public workflow link → /inspections,DISCOVERED_ENTRY_REVIEW_PENDING,EXPOSED_OR_NAV_REVIEW,DISCOVERED,static_route,572
/meetings/new,Shared Operational Home and Public Entry,Public / Shared,Home (/) or direct public workflow link,Home (/) or direct public workflow link → /meetings,DISCOVERED_ENTRY_REVIEW_PENDING,EXPOSED_OR_NAV_REVIEW,DISCOVERED,static_route,574
/meetings/submit,Shared Operational Home and Public Entry,Public / Shared,Home (/) or direct public workflow link,Home (/) or direct public workflow link → /meetings,DISCOVERED_ENTRY_REVIEW_PENDING,EXPOSED_OR_NAV_REVIEW,DISCOVERED,static_route,575
/jha,Shared Operational Home and Public Entry,Public / Shared,Home (/) or direct public workflow link,Home (/) or direct public workflow link → /,DISCOVERED_ENTRY_REVIEW_PENDING,EXPOSED_OR_NAV_REVIEW,EXECUTIVE_CERTIFIED,static_route,577
/jha/submit,Shared Operational Home and Public Entry,Public / Shared,Home (/) or direct public workflow link,Home (/) or direct public workflow link → /jha,DISCOVERED_ALIAS,REDIRECT,DISCOVERED,alias_or_redirect,578
/jha/new,Shared Operational Home and Public Entry,Public / Shared,Home (/) or direct public workflow link,Home (/) or direct public workflow link → /jha,DISCOVERED_ALIAS,REDIRECT,DISCOVERED,alias_or_redirect,579
/trench-boxes,Shared Operational Home and Public Entry,Public / Shared,Home (/) or direct public workflow link,Home (/) or direct public workflow link → /,DISCOVERED_ALIAS,REDIRECT,DISCOVERED,alias_or_redirect,581
/trench-safety,Shared Operational Home and Public Entry,Public / Shared,Home (/) or direct public workflow link,Home (/) or direct public workflow link → /,DISCOVERED_ENTRY_REVIEW_PENDING,EXPOSED_OR_NAV_REVIEW,EXECUTIVE_CERTIFIED,static_route,583
/trench-safety/tabulated-data,Shared Operational Home and Public Entry,Public / Shared,Home (/) or direct public workflow link,Home (/) or direct public workflow link → /trench-safety,DISCOVERED_ENTRY_REVIEW_PENDING,EXPOSED_OR_NAV_REVIEW,EXECUTIVE_CERTIFIED,static_route,585
/trench-safety/references,Shared Operational Home and Public Entry,Public / Shared,Home (/) or direct public workflow link,Home (/) or direct public workflow link → /trench-safety,DISCOVERED_ENTRY_REVIEW_PENDING,EXPOSED_OR_NAV_REVIEW,EXECUTIVE_CERTIFIED,static_route,586
/trench-safety/report,Shared Operational Home and Public Entry,Public / Shared,Home (/) or direct public workflow link,Home (/) or direct public workflow link → /trench-safety,DISCOVERED_ENTRY_REVIEW_PENDING,EXPOSED_OR_NAV_REVIEW,EXECUTIVE_CERTIFIED,static_route,587
/trench-safety/assets/:assetId,Shared Operational Home and Public Entry,Public / Shared,Home (/) or direct public workflow link,Home (/) or direct public workflow link → /trench-safety/assets,DISCOVERED_NEEDS_REACHABILITY_PROOF,JUSTIFIED_HIDDEN_REVIEW,EXECUTIVE_CERTIFIED,parameterized_or_deep_link,589
/transport-invite/:token,Transportation Operations,Transportation / Dispatch / Carrier,"Dispatch portal, transportation portal, or secure carrier link","Dispatch portal, transportation portal, or secure carrier link → /transport-invite",DISCOVERED_NEEDS_REACHABILITY_PROOF,JUSTIFIED_HIDDEN_REVIEW,EXECUTIVE_CERTIFIED,parameterized_or_deep_link,591
/transport-verify/:cnum,Transportation Operations,Transportation / Dispatch / Carrier,"Dispatch portal, transportation portal, or secure carrier link","Dispatch portal, transportation portal, or secure carrier link → /transport-verify",DISCOVERED_NEEDS_REACHABILITY_PROOF,JUSTIFIED_HIDDEN_REVIEW,EXECUTIVE_CERTIFIED,parameterized_or_deep_link,592
/incidents/new,Shared Operational Home and Public Entry,Public / Shared,Home (/) or direct public workflow link,Home (/) or direct public workflow link → /incidents,DISCOVERED_ALIAS,REDIRECT,DISCOVERED,alias_or_redirect,600
/incidents/submit,Shared Operational Home and Public Entry,Public / Shared,Home (/) or direct public workflow link,Home (/) or direct public workflow link → /incidents,DISCOVERED_ALIAS,REDIRECT,DISCOVERED,alias_or_redirect,601
/incidents/report,Shared Operational Home and Public Entry,Public / Shared,Home (/) or direct public workflow link,Home (/) or direct public workflow link → /incidents,DISCOVERED_ENTRY_REVIEW_PENDING,EXPOSED_OR_NAV_REVIEW,DISCOVERED,static_route,603
/near-miss,Shared Operational Home and Public Entry,Public / Shared,Home (/) or direct public workflow link,Home (/) or direct public workflow link → /,DISCOVERED_ENTRY_REVIEW_PENDING,EXPOSED_OR_NAV_REVIEW,EXECUTIVE_CERTIFIED,static_route,605
/safety/cases/:caseId,Safety Operations,Safety operator / public safety user,"Safety portal, public safety entry, or incident/trench workflow link","Safety portal, public safety entry, or incident/trench workflow link → /safety/cases",DISCOVERED_NEEDS_REACHABILITY_PROOF,JUSTIFIED_HIDDEN_REVIEW,DISCOVERED,parameterized_or_deep_link,607
/safety/incidents/:caseId/thread,Safety Operations,Safety operator / public safety user,"Safety portal, public safety entry, or incident/trench workflow link","Safety portal, public safety entry, or incident/trench workflow link → /safety/incidents/:caseId",DISCOVERED_NEEDS_REACHABILITY_PROOF,JUSTIFIED_HIDDEN_REVIEW,DISCOVERED,parameterized_or_deep_link,612
/safety/executive-intelligence,Safety Operations,Safety operator / public safety user,"Safety portal, public safety entry, or incident/trench workflow link","Safety portal, public safety entry, or incident/trench workflow link → /safety",DISCOVERED_ENTRY_REVIEW_PENDING,EXPOSED_OR_NAV_REVIEW,DISCOVERED,static_route,614
/safety/cases/:caseId/reports/:reportType,Safety Operations,Safety operator / public safety user,"Safety portal, public safety entry, or incident/trench workflow link","Safety portal, public safety entry, or incident/trench workflow link → /safety/cases/:caseId/reports",DISCOVERED_NEEDS_REACHABILITY_PROOF,JUSTIFIED_HIDDEN_REVIEW,DISCOVERED,parameterized_or_deep_link,616
/safety/cases/:caseId/executive-report,Safety Operations,Safety operator / public safety user,"Safety portal, public safety entry, or incident/trench workflow link","Safety portal, public safety entry, or incident/trench workflow link → /safety/cases/:caseId",DISCOVERED_NEEDS_REACHABILITY_PROOF,JUSTIFIED_HIDDEN_REVIEW,DISCOVERED,parameterized_or_deep_link,618
/daily/new,Shared Operational Home and Public Entry,Public / Shared,Home (/) or direct public workflow link,Home (/) or direct public workflow link → /daily,DISCOVERED_ALIAS,REDIRECT,DISCOVERED,alias_or_redirect,624
/daily/submit,Shared Operational Home and Public Entry,Public / Shared,Home (/) or direct public workflow link,Home (/) or direct public workflow link → /daily,DISCOVERED_ENTRY_REVIEW_PENDING,EXPOSED_OR_NAV_REVIEW,DISCOVERED,static_route,625
/equipment/new,Shared Operational Home and Public Entry,Public / Shared,Home (/) or direct public workflow link,Home (/) or direct public workflow link → /equipment,DISCOVERED_ENTRY_REVIEW_PENDING,EXPOSED_OR_NAV_REVIEW,DISCOVERED,static_route,627
/equipment/submit,Shared Operational Home and Public Entry,Public / Shared,Home (/) or direct public workflow link,Home (/) or direct public workflow link → /equipment,DISCOVERED_ENTRY_REVIEW_PENDING,EXPOSED_OR_NAV_REVIEW,DISCOVERED,static_route,628
/equipment/:id,Shared Operational Home and Public Entry,Public / Shared,Home (/) or direct public workflow link,Home (/) or direct public workflow link → /equipment,DISCOVERED_NEEDS_REACHABILITY_PROOF,JUSTIFIED_HIDDEN_REVIEW,DISCOVERED,parameterized_or_deep_link,629
/fleet/dvir/new,Shared Operational Home and Public Entry,Public / Shared,Home (/) or direct public workflow link,Home (/) or direct public workflow link → /fleet/dvir,DISCOVERED_ENTRY_REVIEW_PENDING,EXPOSED_OR_NAV_REVIEW,DISCOVERED,static_route,632
/fleet/dvir/submit,Shared Operational Home and Public Entry,Public / Shared,Home (/) or direct public workflow link,Home (/) or direct public workflow link → /fleet/dvir,DISCOVERED_ENTRY_REVIEW_PENDING,EXPOSED_OR_NAV_REVIEW,DISCOVERED,static_route,633
/fleet/weekly-lead/new,Shared Operational Home and Public Entry,Public / Shared,Home (/) or direct public workflow link,Home (/) or direct public workflow link → /fleet/weekly-lead,DISCOVERED_ENTRY_REVIEW_PENDING,EXPOSED_OR_NAV_REVIEW,DISCOVERED,static_route,635
/fleet/weekly-emergency/new,Shared Operational Home and Public Entry,Public / Shared,Home (/) or direct public workflow link,Home (/) or direct public workflow link → /fleet/weekly-emergency,DISCOVERED_ENTRY_REVIEW_PENDING,EXPOSED_OR_NAV_REVIEW,DISCOVERED,static_route,636
/fleet/dvir/submitted/:id,Shared Operational Home and Public Entry,Public / Shared,Home (/) or direct public workflow link,Home (/) or direct public workflow link → /fleet/dvir/submitted,DISCOVERED_NEEDS_REACHABILITY_PROOF,JUSTIFIED_HIDDEN_REVIEW,DISCOVERED,parameterized_or_deep_link,637
/thank-you,Shared Operational Home and Public Entry,Public / Shared,Home (/) or direct public workflow link,Home (/) or direct public workflow link → /,DISCOVERED_ENTRY_REVIEW_PENDING,EXPOSED_OR_NAV_REVIEW,EXECUTIVE_CERTIFIED,static_route,639
/cheatsheet,Shared Operational Home and Public Entry,Public / Shared,Home (/) or direct public workflow link,Home (/) or direct public workflow link → /,DISCOVERED_ENTRY_REVIEW_PENDING,EXPOSED_OR_NAV_REVIEW,EXECUTIVE_CERTIFIED,static_route,640
/cheat-sheet,Shared Operational Home and Public Entry,Public / Shared,Home (/) or direct public workflow link,Home (/) or direct public workflow link → /,DISCOVERED_ALIAS,REDIRECT,DISCOVERED,alias_or_redirect,641
/reports/daily/new,Shared Operational Home and Public Entry,Public / Shared,Home (/) or direct public workflow link,Home (/) or direct public workflow link → /reports/daily,DISCOVERED_ALIAS,REDIRECT,DISCOVERED,alias_or_redirect,647
/daily-reports/new,Shared Operational Home and Public Entry,Public / Shared,Home (/) or direct public workflow link,Home (/) or direct public workflow link → /daily-reports,DISCOVERED_ALIAS,REDIRECT,DISCOVERED,alias_or_redirect,648
/daily-reports,Shared Operational Home and Public Entry,Public / Shared,Home (/) or direct public workflow link,Home (/) or direct public workflow link → /,DISCOVERED_ENTRY_REVIEW_PENDING,EXPOSED_OR_NAV_REVIEW,DISCOVERED,static_route,656
/daily-reports/:id,Shared Operational Home and Public Entry,Public / Shared,Home (/) or direct public workflow link,Home (/) or direct public workflow link → /daily-reports,DISCOVERED_NEEDS_REACHABILITY_PROOF,JUSTIFIED_HIDDEN_REVIEW,DISCOVERED,parameterized_or_deep_link,657
/safety/jha,Safety Operations,Safety operator / public safety user,"Safety portal, public safety entry, or incident/trench workflow link","Safety portal, public safety entry, or incident/trench workflow link → /safety",DISCOVERED_ALIAS,REDIRECT,DISCOVERED,alias_or_redirect,658
/safety/trench-boxes,Safety Operations,Safety operator / public safety user,"Safety portal, public safety entry, or incident/trench workflow link","Safety portal, public safety entry, or incident/trench workflow link → /safety",DISCOVERED_ALIAS,REDIRECT,DISCOVERED,alias_or_redirect,659
/safety/trench-safety,Safety Operations,Safety operator / public safety user,"Safety portal, public safety entry, or incident/trench workflow link","Safety portal, public safety entry, or incident/trench workflow link → /safety",DISCOVERED_ENTRY_REVIEW_PENDING,EXPOSED_OR_NAV_REVIEW,DISCOVERED,static_route,661
/safety/trench-safety/assets,Safety Operations,Safety operator / public safety user,"Safety portal, public safety entry, or incident/trench workflow link","Safety portal, public safety entry, or incident/trench workflow link → /safety/trench-safety",DISCOVERED_ENTRY_REVIEW_PENDING,EXPOSED_OR_NAV_REVIEW,DISCOVERED,static_route,662
/safety/trench-safety/assets/:assetId,Safety Operations,Safety operator / public safety user,"Safety portal, public safety entry, or incident/trench workflow link","Safety portal, public safety entry, or incident/trench workflow link → /safety/trench-safety/assets",DISCOVERED_NEEDS_REACHABILITY_PROOF,JUSTIFIED_HIDDEN_REVIEW,DISCOVERED,parameterized_or_deep_link,663
/safety/trench-safety/tabulated-data,Safety Operations,Safety operator / public safety user,"Safety portal, public safety entry, or incident/trench workflow link","Safety portal, public safety entry, or incident/trench workflow link → /safety/trench-safety",DISCOVERED_ENTRY_REVIEW_PENDING,EXPOSED_OR_NAV_REVIEW,DISCOVERED,static_route,664
/safety/trench-safety/reports,Safety Operations,Safety operator / public safety user,"Safety portal, public safety entry, or incident/trench workflow link","Safety portal, public safety entry, or incident/trench workflow link → /safety/trench-safety",DISCOVERED_ENTRY_REVIEW_PENDING,EXPOSED_OR_NAV_REVIEW,DISCOVERED,static_route,665
/safety/trench-safety/excavations,Safety Operations,Safety operator / public safety user,"Safety portal, public safety entry, or incident/trench workflow link","Safety portal, public safety entry, or incident/trench workflow link → /safety/trench-safety",DISCOVERED_ENTRY_REVIEW_PENDING,EXPOSED_OR_NAV_REVIEW,DISCOVERED,static_route,666
/admin/trench-safety/excavations,Administration,Administrator / executive reviewer,Admin portal,Admin portal → /admin/trench-safety,DISCOVERED_ENTRY_REVIEW_PENDING,EXPOSED_OR_NAV_REVIEW,DISCOVERED,static_route,667
/trench-safety/excavation/new,Shared Operational Home and Public Entry,Public / Shared,Home (/) or direct public workflow link,Home (/) or direct public workflow link → /trench-safety/excavation,DISCOVERED_ENTRY_REVIEW_PENDING,EXPOSED_OR_NAV_REVIEW,EXECUTIVE_CERTIFIED,static_route,668
/safety/trench-safety/repair-review,Safety Operations,Safety operator / public safety user,"Safety portal, public safety entry, or incident/trench workflow link","Safety portal, public safety entry, or incident/trench workflow link → /safety/trench-safety",DISCOVERED_ENTRY_REVIEW_PENDING,EXPOSED_OR_NAV_REVIEW,DISCOVERED,static_route,670
/safety/trench-safety/field-reports,Safety Operations,Safety operator / public safety user,"Safety portal, public safety entry, or incident/trench workflow link","Safety portal, public safety entry, or incident/trench workflow link → /safety/trench-safety",DISCOVERED_ENTRY_REVIEW_PENDING,EXPOSED_OR_NAV_REVIEW,DISCOVERED,static_route,671
/safety-portal/trench-safety,Safety Operations,Safety operator / public safety user,"Safety portal, public safety entry, or incident/trench workflow link","Safety portal, public safety entry, or incident/trench workflow link → /safety-portal",DISCOVERED_ALIAS,REDIRECT,DISCOVERED,alias_or_redirect,673
/safety-portal/trench-safety/assets,Safety Operations,Safety operator / public safety user,"Safety portal, public safety entry, or incident/trench workflow link","Safety portal, public safety entry, or incident/trench workflow link → /safety-portal/trench-safety",DISCOVERED_ALIAS,REDIRECT,DISCOVERED,alias_or_redirect,674
/safety-portal/trench-safety/tabulated-data,Safety Operations,Safety operator / public safety user,"Safety portal, public safety entry, or incident/trench workflow link","Safety portal, public safety entry, or incident/trench workflow link → /safety-portal/trench-safety",DISCOVERED_ALIAS,REDIRECT,DISCOVERED,alias_or_redirect,675
/app/*,Shared Operational Home and Public Entry,Public / Shared,Home (/) or direct public workflow link,Home (/) or direct public workflow link → /app,DISCOVERED_ALIAS,REDIRECT,DISCOVERED,alias_or_redirect,684
/admin/login,Administration,Administrator / executive reviewer,Admin portal,Admin portal → /admin,DISCOVERED_ENTRY_REVIEW_PENDING,EXPOSED_OR_NAV_REVIEW,DISCOVERED,static_route,689
/admin,Administration,Administrator / executive reviewer,Admin portal,Admin portal → /,DISCOVERED_ENTRY_REVIEW_PENDING,EXPOSED_OR_NAV_REVIEW,DISCOVERED,static_route,698
/admin/hub_v1,Administration,Administrator / executive reviewer,Admin portal,Admin portal → /admin,DISCOVERED_ALIAS,REDIRECT,DISCOVERED,alias_or_redirect,699
/admin/hub_v2,Administration,Administrator / executive reviewer,Admin portal,Admin portal → /admin,DISCOVERED_ALIAS,REDIRECT,DISCOVERED,alias_or_redirect,701
/admin/executive-overview,Administration,Administrator / executive reviewer,Admin portal,Admin portal → /admin,DISCOVERED_ENTRY_REVIEW_PENDING,EXPOSED_OR_NAV_REVIEW,DISCOVERED,static_route,702
/admin/executive-intelligence,Administration,Administrator / executive reviewer,Admin portal,Admin portal → /admin,DISCOVERED_ENTRY_REVIEW_PENDING,EXPOSED_OR_NAV_REVIEW,DISCOVERED,static_route,703
/admin/material-ledger-quality,Administration,Administrator / executive reviewer,Admin portal,Admin portal → /admin,DISCOVERED_ENTRY_REVIEW_PENDING,EXPOSED_OR_NAV_REVIEW,DISCOVERED,static_route,705
/admin/people,Administration,Administrator / executive reviewer,Admin portal,Admin portal → /admin,DISCOVERED_ENTRY_REVIEW_PENDING,EXPOSED_OR_NAV_REVIEW,DISCOVERED,static_route,706
/admin/mfa,Administration,Administrator / executive reviewer,Admin portal,Admin portal → /admin,DISCOVERED_ENTRY_REVIEW_PENDING,EXPOSED_OR_NAV_REVIEW,DISCOVERED,static_route,707
/admin/promo-assets,Administration,Administrator / executive reviewer,Admin portal,Admin portal → /admin,DISCOVERED_ENTRY_REVIEW_PENDING,EXPOSED_OR_NAV_REVIEW,DISCOVERED,static_route,708
/admin/jobs,Administration,Administrator / executive reviewer,Admin portal,Admin portal → /admin,DISCOVERED_ENTRY_REVIEW_PENDING,EXPOSED_OR_NAV_REVIEW,DISCOVERED,static_route,709
/admin/cost-registry,Administration,Administrator / executive reviewer,Admin portal,Admin portal → /admin,DISCOVERED_ENTRY_REVIEW_PENDING,EXPOSED_OR_NAV_REVIEW,DISCOVERED,static_route,710
/admin/jobs/:projectNumber/team,Administration,Administrator / executive reviewer,Admin portal,Admin portal → /admin/jobs/:projectNumber,DISCOVERED_NEEDS_REACHABILITY_PROOF,JUSTIFIED_HIDDEN_REVIEW,DISCOVERED,parameterized_or_deep_link,711
/admin/project-staffing,Administration,Administrator / executive reviewer,Admin portal,Admin portal → /admin,DISCOVERED_ENTRY_REVIEW_PENDING,EXPOSED_OR_NAV_REVIEW,DISCOVERED,static_route,713
/admin/geofence-reconciliation,Administration,Administrator / executive reviewer,Admin portal,Admin portal → /admin,DISCOVERED_ENTRY_REVIEW_PENDING,EXPOSED_OR_NAV_REVIEW,DISCOVERED,static_route,715
/admin/operations-dashboard,Administration,Administrator / executive reviewer,Admin portal,Admin portal → /admin,DISCOVERED_ENTRY_REVIEW_PENDING,EXPOSED_OR_NAV_REVIEW,DISCOVERED,static_route,718
/admin/operations-control,Administration,Administrator / executive reviewer,Admin portal,Admin portal → /admin,DISCOVERED_ENTRY_REVIEW_PENDING,EXPOSED_OR_NAV_REVIEW,DISCOVERED,static_route,720
/admin/operations-control/cases/:caseId,Administration,Administrator / executive reviewer,Admin portal,Admin portal → /admin/operations-control/cases,DISCOVERED_NEEDS_REACHABILITY_PROOF,JUSTIFIED_HIDDEN_REVIEW,DISCOVERED,parameterized_or_deep_link,721
/operations-control/cases,Administration,Administrator / executive reviewer,Admin portal,Admin portal → /operations-control,DISCOVERED_ENTRY_REVIEW_PENDING,EXPOSED_OR_NAV_REVIEW,DISCOVERED,static_route,722
/operations-control/cases/:caseId,Administration,Administrator / executive reviewer,Admin portal,Admin portal → /operations-control/cases,DISCOVERED_NEEDS_REACHABILITY_PROOF,JUSTIFIED_HIDDEN_REVIEW,DISCOVERED,parameterized_or_deep_link,723
/admin/asset-mapping,Administration,Administrator / executive reviewer,Admin portal,Admin portal → /admin,DISCOVERED_ENTRY_REVIEW_PENDING,EXPOSED_OR_NAV_REVIEW,DISCOVERED,static_route,725
/admin/asset-spine,Administration,Administrator / executive reviewer,Admin portal,Admin portal → /admin,DISCOVERED_ENTRY_REVIEW_PENDING,EXPOSED_OR_NAV_REVIEW,DISCOVERED,static_route,726
/admin/equipment,Administration,Administrator / executive reviewer,Admin portal,Admin portal → /admin,DISCOVERED_ENTRY_REVIEW_PENDING,EXPOSED_OR_NAV_REVIEW,DISCOVERED,static_route,727
/admin/email,Administration,Administrator / executive reviewer,Admin portal,Admin portal → /admin,DISCOVERED_ENTRY_REVIEW_PENDING,EXPOSED_OR_NAV_REVIEW,DISCOVERED,static_route,728
/admin/training,Administration,Administrator / executive reviewer,Admin portal,Admin portal → /admin,DISCOVERED_ENTRY_REVIEW_PENDING,EXPOSED_OR_NAV_REVIEW,DISCOVERED,static_route,729
/admin/compliance,Administration,Administrator / executive reviewer,Admin portal,Admin portal → /admin,DISCOVERED_ENTRY_REVIEW_PENDING,EXPOSED_OR_NAV_REVIEW,DISCOVERED,static_route,730
/admin/system,Administration,Administrator / executive reviewer,Admin portal,Admin portal → /admin,DISCOVERED_ENTRY_REVIEW_PENDING,EXPOSED_OR_NAV_REVIEW,DISCOVERED,static_route,731
/admin/ai-configuration,Administration,Administrator / executive reviewer,Admin portal,Admin portal → /admin,DISCOVERED_ENTRY_REVIEW_PENDING,EXPOSED_OR_NAV_REVIEW,DISCOVERED,static_route,732
/admin/integration-truth,Administration,Administrator / executive reviewer,Admin portal,Admin portal → /admin,DISCOVERED_ENTRY_REVIEW_PENDING,EXPOSED_OR_NAV_REVIEW,DISCOVERED,static_route,733
/admin/preview-validation-identities,Administration,Administrator / executive reviewer,Admin portal,Admin portal → /admin,DISCOVERED_ENTRY_REVIEW_PENDING,EXPOSED_OR_NAV_REVIEW,DISCOVERED,static_route,734
/admin/recovery,Administration,Administrator / executive reviewer,Admin portal,Admin portal → /admin,DISCOVERED_ENTRY_REVIEW_PENDING,EXPOSED_OR_NAV_REVIEW,DISCOVERED,static_route,735
/admin/storage-recovery,Administration,Administrator / executive reviewer,Admin portal,Admin portal → /admin,DISCOVERED_ENTRY_REVIEW_PENDING,EXPOSED_OR_NAV_REVIEW,DISCOVERED,static_route,737
/admin/ai-operations,Administration,Administrator / executive reviewer,Admin portal,Admin portal → /admin,DISCOVERED_ENTRY_REVIEW_PENDING,EXPOSED_OR_NAV_REVIEW,DISCOVERED,static_route,739
/admin/communications,Administration,Administrator / executive reviewer,Admin portal,Admin portal → /admin,DISCOVERED_ENTRY_REVIEW_PENDING,EXPOSED_OR_NAV_REVIEW,DISCOVERED,static_route,740
/admin/identity-security,Administration,Administrator / executive reviewer,Admin portal,Admin portal → /admin,DISCOVERED_ENTRY_REVIEW_PENDING,EXPOSED_OR_NAV_REVIEW,DISCOVERED,static_route,741
/admin/trust-spine,Administration,Administrator / executive reviewer,Admin portal,Admin portal → /admin,DISCOVERED_ENTRY_REVIEW_PENDING,EXPOSED_OR_NAV_REVIEW,DISCOVERED,static_route,742
/admin/governance-trust,Administration,Administrator / executive reviewer,Admin portal,Admin portal → /admin,DISCOVERED_ENTRY_REVIEW_PENDING,EXPOSED_OR_NAV_REVIEW,DISCOVERED,static_route,743
/admin/platform-configuration,Administration,Administrator / executive reviewer,Admin portal,Admin portal → /admin,DISCOVERED_ENTRY_REVIEW_PENDING,EXPOSED_OR_NAV_REVIEW,DISCOVERED,static_route,745
/admin/diagnostics,Administration,Administrator / executive reviewer,Admin portal,Admin portal → /admin,DISCOVERED_ENTRY_REVIEW_PENDING,EXPOSED_OR_NAV_REVIEW,DISCOVERED,static_route,746
/admin/maintenance,Administration,Administrator / executive reviewer,Admin portal,Admin portal → /admin,DISCOVERED_ENTRY_REVIEW_PENDING,EXPOSED_OR_NAV_REVIEW,DISCOVERED,static_route,747
/admin/platform-overview,Administration,Administrator / executive reviewer,Admin portal,Admin portal → /admin,DISCOVERED_ENTRY_REVIEW_PENDING,EXPOSED_OR_NAV_REVIEW,DISCOVERED,static_route,748
/admin/recovery-stream,Administration,Administrator / executive reviewer,Admin portal,Admin portal → /admin,DISCOVERED_ENTRY_REVIEW_PENDING,EXPOSED_OR_NAV_REVIEW,DISCOVERED,static_route,749
/admin/jha-acknowledgements,Administration,Administrator / executive reviewer,Admin portal,Admin portal → /admin,DISCOVERED_ENTRY_REVIEW_PENDING,EXPOSED_OR_NAV_REVIEW,DISCOVERED,static_route,750
/admin/command-center,Administration,Administrator / executive reviewer,Admin portal,Admin portal → /admin,DISCOVERED_ENTRY_REVIEW_PENDING,EXPOSED_OR_NAV_REVIEW,DISCOVERED,static_route,751
/admin/database,Administration,Administrator / executive reviewer,Admin portal,Admin portal → /admin,DISCOVERED_ENTRY_REVIEW_PENDING,EXPOSED_OR_NAV_REVIEW,DISCOVERED,static_route,752
/admin/integrations,Administration,Administrator / executive reviewer,Admin portal,Admin portal → /admin,DISCOVERED_ENTRY_REVIEW_PENDING,EXPOSED_OR_NAV_REVIEW,DISCOVERED,static_route,753
/admin/dispatch,Administration,Administrator / executive reviewer,Admin portal,Admin portal → /admin,DISCOVERED_ENTRY_REVIEW_PENDING,EXPOSED_OR_NAV_REVIEW,DISCOVERED,static_route,754
/admin/dls/shift-qr,Administration,Administrator / executive reviewer,Admin portal,Admin portal → /admin/dls,DISCOVERED_ENTRY_REVIEW_PENDING,EXPOSED_OR_NAV_REVIEW,DISCOVERED,static_route,755
/admin/dls/day-1-debrief,Administration,Administrator / executive reviewer,Admin portal,Admin portal → /admin/dls,DISCOVERED_ENTRY_REVIEW_PENDING,EXPOSED_OR_NAV_REVIEW,DISCOVERED,static_route,756
/admin/dls/week-1-debrief,Administration,Administrator / executive reviewer,Admin portal,Admin portal → /admin/dls,DISCOVERED_ENTRY_REVIEW_PENDING,EXPOSED_OR_NAV_REVIEW,DISCOVERED,static_route,757
/admin/profile,Administration,Administrator / executive reviewer,Admin portal,Admin portal → /admin,DISCOVERED_ENTRY_REVIEW_PENDING,EXPOSED_OR_NAV_REVIEW,DISCOVERED,static_route,758
/admin/operations-events,Administration,Administrator / executive reviewer,Admin portal,Admin portal → /admin,DISCOVERED_ENTRY_REVIEW_PENDING,EXPOSED_OR_NAV_REVIEW,DISCOVERED,static_route,759
/admin/digest-config,Administration,Administrator / executive reviewer,Admin portal,Admin portal → /admin,DISCOVERED_ENTRY_REVIEW_PENDING,EXPOSED_OR_NAV_REVIEW,DISCOVERED,static_route,760
/admin/operational-intelligence,Administration,Administrator / executive reviewer,Admin portal,Admin portal → /admin,DISCOVERED_ENTRY_REVIEW_PENDING,EXPOSED_OR_NAV_REVIEW,DISCOVERED,static_route,761
/admin/operational-intelligence/recipients,Administration,Administrator / executive reviewer,Admin portal,Admin portal → /admin/operational-intelligence,DISCOVERED_ENTRY_REVIEW_PENDING,EXPOSED_OR_NAV_REVIEW,DISCOVERED,static_route,762
/admin/system-health,Administration,Administrator / executive reviewer,Admin portal,Admin portal → /admin,DISCOVERED_ENTRY_REVIEW_PENDING,EXPOSED_OR_NAV_REVIEW,DISCOVERED,static_route,763
/admin/audit-log,Administration,Administrator / executive reviewer,Admin portal,Admin portal → /admin,DISCOVERED_ENTRY_REVIEW_PENDING,EXPOSED_OR_NAV_REVIEW,DISCOVERED,static_route,764
/admin/scheduler-runs,Administration,Administrator / executive reviewer,Admin portal,Admin portal → /admin,DISCOVERED_ENTRY_REVIEW_PENDING,EXPOSED_OR_NAV_REVIEW,EXECUTIVE_CERTIFIED,static_route,767
/admin/legacy-imports,Administration,Administrator / executive reviewer,Admin portal,Admin portal → /admin,DISCOVERED_ENTRY_REVIEW_PENDING,EXPOSED_OR_NAV_REVIEW,DISCOVERED,static_route,768
/admin/sessions,Administration,Administrator / executive reviewer,Admin portal,Admin portal → /admin,DISCOVERED_ENTRY_REVIEW_PENDING,EXPOSED_OR_NAV_REVIEW,DISCOVERED,static_route,769
/admin/guidance-coverage,Administration,Administrator / executive reviewer,Admin portal,Admin portal → /admin,DISCOVERED_ENTRY_REVIEW_PENDING,EXPOSED_OR_NAV_REVIEW,DISCOVERED,static_route,770
/admin/operational-inventory,Administration,Administrator / executive reviewer,Admin portal,Admin portal → /admin,DISCOVERED_ENTRY_REVIEW_PENDING,EXPOSED_OR_NAV_REVIEW,DISCOVERED,static_route,771
/notifications,Shared Operational Home and Public Entry,Public / Shared,Home (/) or direct public workflow link,Home (/) or direct public workflow link → /,DISCOVERED_ENTRY_REVIEW_PENDING,EXPOSED_OR_NAV_REVIEW,DISCOVERED,static_route,773
/admin/governance,Administration,Administrator / executive reviewer,Admin portal,Admin portal → /admin,DISCOVERED_ENTRY_REVIEW_PENDING,EXPOSED_OR_NAV_REVIEW,DISCOVERED,static_route,775
/admin/governance/overview,Administration,Administrator / executive reviewer,Admin portal,Admin portal → /admin/governance,DISCOVERED_ENTRY_REVIEW_PENDING,EXPOSED_OR_NAV_REVIEW,DISCOVERED,static_route,776
/admin/governance/organization,Administration,Administrator / executive reviewer,Admin portal,Admin portal → /admin/governance,DISCOVERED_ENTRY_REVIEW_PENDING,EXPOSED_OR_NAV_REVIEW,DISCOVERED,static_route,777
/admin/governance/identities,Administration,Administrator / executive reviewer,Admin portal,Admin portal → /admin/governance,DISCOVERED_ENTRY_REVIEW_PENDING,EXPOSED_OR_NAV_REVIEW,DISCOVERED,static_route,778
/admin/governance/roles,Administration,Administrator / executive reviewer,Admin portal,Admin portal → /admin/governance,DISCOVERED_ENTRY_REVIEW_PENDING,EXPOSED_OR_NAV_REVIEW,DISCOVERED,static_route,779
/admin/governance/permissions,Administration,Administrator / executive reviewer,Admin portal,Admin portal → /admin/governance,DISCOVERED_ENTRY_REVIEW_PENDING,EXPOSED_OR_NAV_REVIEW,DISCOVERED,static_route,780
/admin/governance/policies,Administration,Administrator / executive reviewer,Admin portal,Admin portal → /admin/governance,DISCOVERED_ENTRY_REVIEW_PENDING,EXPOSED_OR_NAV_REVIEW,DISCOVERED,static_route,781
/admin/governance/approval-flows,Administration,Administrator / executive reviewer,Admin portal,Admin portal → /admin/governance,DISCOVERED_ENTRY_REVIEW_PENDING,EXPOSED_OR_NAV_REVIEW,DISCOVERED,static_route,782
/admin/governance/delegations,Administration,Administrator / executive reviewer,Admin portal,Admin portal → /admin/governance,DISCOVERED_ENTRY_REVIEW_PENDING,EXPOSED_OR_NAV_REVIEW,DISCOVERED,static_route,783
/admin/governance/separation-of-duties,Administration,Administrator / executive reviewer,Admin portal,Admin portal → /admin/governance,DISCOVERED_ENTRY_REVIEW_PENDING,EXPOSED_OR_NAV_REVIEW,DISCOVERED,static_route,784
/admin/governance/authority,Administration,Administrator / executive reviewer,Admin portal,Admin portal → /admin/governance,DISCOVERED_ENTRY_REVIEW_PENDING,EXPOSED_OR_NAV_REVIEW,DISCOVERED,static_route,785
/admin/governance/emergency-overrides,Administration,Administrator / executive reviewer,Admin portal,Admin portal → /admin/governance,DISCOVERED_ENTRY_REVIEW_PENDING,EXPOSED_OR_NAV_REVIEW,DISCOVERED,static_route,786
/admin/governance/decisions,Administration,Administrator / executive reviewer,Admin portal,Admin portal → /admin/governance,DISCOVERED_ENTRY_REVIEW_PENDING,EXPOSED_OR_NAV_REVIEW,DISCOVERED,static_route,787
/admin/governance/audit,Administration,Administrator / executive reviewer,Admin portal,Admin portal → /admin/governance,DISCOVERED_ENTRY_REVIEW_PENDING,EXPOSED_OR_NAV_REVIEW,DISCOVERED,static_route,788
/admin/governance/registry,Administration,Administrator / executive reviewer,Admin portal,Admin portal → /admin/governance,DISCOVERED_ENTRY_REVIEW_PENDING,EXPOSED_OR_NAV_REVIEW,DISCOVERED,static_route,789
/admin/governance/versions,Administration,Administrator / executive reviewer,Admin portal,Admin portal → /admin/governance,DISCOVERED_ENTRY_REVIEW_PENDING,EXPOSED_OR_NAV_REVIEW,DISCOVERED,static_route,790
/admin/governance/health,Administration,Administrator / executive reviewer,Admin portal,Admin portal → /admin/governance,DISCOVERED_ENTRY_REVIEW_PENDING,EXPOSED_OR_NAV_REVIEW,DISCOVERED,static_route,791
/admin/governance/legacy-health,Administration,Administrator / executive reviewer,Admin portal,Admin portal → /admin/governance,DISCOVERED_ENTRY_REVIEW_PENDING,EXPOSED_OR_NAV_REVIEW,DISCOVERED,static_route,792
/admin/project-identity,Administration,Administrator / executive reviewer,Admin portal,Admin portal → /admin,DISCOVERED_ENTRY_REVIEW_PENDING,EXPOSED_OR_NAV_REVIEW,DISCOVERED,static_route,793
/admin/governance/self-protection,Administration,Administrator / executive reviewer,Admin portal,Admin portal → /admin/governance,DISCOVERED_ENTRY_REVIEW_PENDING,EXPOSED_OR_NAV_REVIEW,DISCOVERED,static_route,794
/admin/compliance-findings,Administration,Administrator / executive reviewer,Admin portal,Admin portal → /admin,DISCOVERED_ENTRY_REVIEW_PENDING,EXPOSED_OR_NAV_REVIEW,DISCOVERED,static_route,795
/admin/operational-language,Administration,Administrator / executive reviewer,Admin portal,Admin portal → /admin,DISCOVERED_ENTRY_REVIEW_PENDING,EXPOSED_OR_NAV_REVIEW,DISCOVERED,static_route,796
/guidance,"Training, Guidance, and Coaching",Training user / poster / packet viewer,Training hub or QR/poster entry,Training hub or QR/poster entry → /,DISCOVERED_ENTRY_REVIEW_PENDING,EXPOSED_OR_NAV_REVIEW,EXECUTIVE_CERTIFIED,static_route,800
/guidance/section/:sectionId,"Training, Guidance, and Coaching",Training user / poster / packet viewer,Training hub or QR/poster entry,Training hub or QR/poster entry → /guidance/section,DISCOVERED_NEEDS_REACHABILITY_PROOF,JUSTIFIED_HIDDEN_REVIEW,EXECUTIVE_CERTIFIED,parameterized_or_deep_link,801
/guidance/:articleId,"Training, Guidance, and Coaching",Training user / poster / packet viewer,Training hub or QR/poster entry,Training hub or QR/poster entry → /guidance,DISCOVERED_NEEDS_REACHABILITY_PROOF,JUSTIFIED_HIDDEN_REVIEW,EXECUTIVE_CERTIFIED,parameterized_or_deep_link,802
/admin/deploy-recovery,Administration,Administrator / executive reviewer,Admin portal,Admin portal → /admin,DISCOVERED_ENTRY_REVIEW_PENDING,EXPOSED_OR_NAV_REVIEW,DISCOVERED,static_route,803
/admin/assets/:assetId,Administration,Administrator / executive reviewer,Admin portal,Admin portal → /admin/assets,DISCOVERED_NEEDS_REACHABILITY_PROOF,JUSTIFIED_HIDDEN_REVIEW,DISCOVERED,parameterized_or_deep_link,804
/admin/asset-admin,Administration,Administrator / executive reviewer,Admin portal,Admin portal → /admin,DISCOVERED_ENTRY_REVIEW_PENDING,EXPOSED_OR_NAV_REVIEW,DISCOVERED,static_route,805
/admin/driver-intel/:driverKey,Administration,Administrator / executive reviewer,Admin portal,Admin portal → /admin/driver-intel,DISCOVERED_NEEDS_REACHABILITY_PROOF,JUSTIFIED_HIDDEN_REVIEW,DISCOVERED,parameterized_or_deep_link,806
/admin/equipment/:id/history,Administration,Administrator / executive reviewer,Admin portal,Admin portal → /admin/equipment/:id,DISCOVERED_NEEDS_REACHABILITY_PROOF,JUSTIFIED_HIDDEN_REVIEW,DISCOVERED,parameterized_or_deep_link,807
/admin/employees/:id/history,Administration,Administrator / executive reviewer,Admin portal,Admin portal → /admin/employees/:id,DISCOVERED_NEEDS_REACHABILITY_PROOF,JUSTIFIED_HIDDEN_REVIEW,DISCOVERED,parameterized_or_deep_link,808
/admin/analytics,Administration,Administrator / executive reviewer,Admin portal,Admin portal → /admin,DISCOVERED_ENTRY_REVIEW_PENDING,EXPOSED_OR_NAV_REVIEW,DISCOVERED,static_route,809
/admin/leadership-equipment,Administration,Administrator / executive reviewer,Admin portal,Admin portal → /admin,DISCOVERED_ENTRY_REVIEW_PENDING,EXPOSED_OR_NAV_REVIEW,EXECUTIVE_CERTIFIED,static_route,810
/admin/terminations,Administration,Administrator / executive reviewer,Admin portal,Admin portal → /admin,DISCOVERED_ENTRY_REVIEW_PENDING,EXPOSED_OR_NAV_REVIEW,EXECUTIVE_CERTIFIED,static_route,811
/admin/guide,Administration,Administrator / executive reviewer,Admin portal,Admin portal → /admin,DISCOVERED_ENTRY_REVIEW_PENDING,EXPOSED_OR_NAV_REVIEW,EXECUTIVE_CERTIFIED,static_route,812
/admin/pnl,Administration,Administrator / executive reviewer,Admin portal,Admin portal → /admin,DISCOVERED_ENTRY_REVIEW_PENDING,EXPOSED_OR_NAV_REVIEW,DISCOVERED,static_route,813
/admin/inspections,Administration,Administrator / executive reviewer,Admin portal,Admin portal → /admin,DISCOVERED_ENTRY_REVIEW_PENDING,EXPOSED_OR_NAV_REVIEW,DISCOVERED,static_route,815
/admin/inspections/:id,Administration,Administrator / executive reviewer,Admin portal,Admin portal → /admin/inspections,DISCOVERED_NEEDS_REACHABILITY_PROOF,JUSTIFIED_HIDDEN_REVIEW,EXECUTIVE_CERTIFIED,parameterized_or_deep_link,816
/admin/meetings,Administration,Administrator / executive reviewer,Admin portal,Admin portal → /admin,DISCOVERED_ENTRY_REVIEW_PENDING,EXPOSED_OR_NAV_REVIEW,DISCOVERED,static_route,818
/admin/meetings/:id,Administration,Administrator / executive reviewer,Admin portal,Admin portal → /admin/meetings,DISCOVERED_NEEDS_REACHABILITY_PROOF,JUSTIFIED_HIDDEN_REVIEW,EXECUTIVE_CERTIFIED,parameterized_or_deep_link,819
/admin/jha-plans,Administration,Administrator / executive reviewer,Admin portal,Admin portal → /admin,DISCOVERED_ENTRY_REVIEW_PENDING,EXPOSED_OR_NAV_REVIEW,DISCOVERED,static_route,821
/admin/jha,Administration,Administrator / executive reviewer,Admin portal,Admin portal → /admin,DISCOVERED_ALIAS,REDIRECT,DISCOVERED,alias_or_redirect,822
/admin/jha/:id,Administration,Administrator / executive reviewer,Admin portal,Admin portal → /admin/jha,DISCOVERED_ALIAS,REDIRECT,DISCOVERED,alias_or_redirect,823
/admin/trench-boxes,Administration,Administrator / executive reviewer,Admin portal,Admin portal → /admin,DISCOVERED_ENTRY_REVIEW_PENDING,EXPOSED_OR_NAV_REVIEW,DISCOVERED,static_route,825
/admin/trench-boxes/poster,Administration,Administrator / executive reviewer,Admin portal,Admin portal → /admin/trench-boxes,DISCOVERED_ENTRY_REVIEW_PENDING,EXPOSED_OR_NAV_REVIEW,EXECUTIVE_CERTIFIED,static_route,826
/admin/trench-safety,Administration,Administrator / executive reviewer,Admin portal,Admin portal → /admin,DISCOVERED_ENTRY_REVIEW_PENDING,EXPOSED_OR_NAV_REVIEW,DISCOVERED,static_route,831
/admin/trench-safety/assets,Administration,Administrator / executive reviewer,Admin portal,Admin portal → /admin/trench-safety,DISCOVERED_ENTRY_REVIEW_PENDING,EXPOSED_OR_NAV_REVIEW,DISCOVERED,static_route,832
/admin/trench-safety/assets/:assetId,Administration,Administrator / executive reviewer,Admin portal,Admin portal → /admin/trench-safety/assets,DISCOVERED_NEEDS_REACHABILITY_PROOF,JUSTIFIED_HIDDEN_REVIEW,DISCOVERED,parameterized_or_deep_link,833
/admin/trench-safety/tabulated-data,Administration,Administrator / executive reviewer,Admin portal,Admin portal → /admin/trench-safety,DISCOVERED_ENTRY_REVIEW_PENDING,EXPOSED_OR_NAV_REVIEW,DISCOVERED,static_route,834
/admin/trench-safety/reports,Administration,Administrator / executive reviewer,Admin portal,Admin portal → /admin/trench-safety,DISCOVERED_ENTRY_REVIEW_PENDING,EXPOSED_OR_NAV_REVIEW,DISCOVERED,static_route,835
/admin/trench-safety/repair-review,Administration,Administrator / executive reviewer,Admin portal,Admin portal → /admin/trench-safety,DISCOVERED_ENTRY_REVIEW_PENDING,EXPOSED_OR_NAV_REVIEW,DISCOVERED,static_route,836
/admin/trench-safety/field-reports,Administration,Administrator / executive reviewer,Admin portal,Admin portal → /admin/trench-safety,DISCOVERED_ENTRY_REVIEW_PENDING,EXPOSED_OR_NAV_REVIEW,DISCOVERED,static_route,837
/admin/jha-plans/poster,Administration,Administrator / executive reviewer,Admin portal,Admin portal → /admin/jha-plans,DISCOVERED_ENTRY_REVIEW_PENDING,EXPOSED_OR_NAV_REVIEW,EXECUTIVE_CERTIFIED,static_route,839
/admin/posters/print-all,Administration,Administrator / executive reviewer,Admin portal,Admin portal → /admin/posters,DISCOVERED_ENTRY_REVIEW_PENDING,EXPOSED_OR_NAV_REVIEW,EXECUTIVE_CERTIFIED,static_route,841
/admin/incidents,Administration,Administrator / executive reviewer,Admin portal,Admin portal → /admin,DISCOVERED_ENTRY_REVIEW_PENDING,EXPOSED_OR_NAV_REVIEW,DISCOVERED,static_route,843
/admin/incidents/:id,Administration,Administrator / executive reviewer,Admin portal,Admin portal → /admin/incidents,DISCOVERED_NEEDS_REACHABILITY_PROOF,JUSTIFIED_HIDDEN_REVIEW,EXECUTIVE_CERTIFIED,parameterized_or_deep_link,844
/admin/daily,Administration,Administrator / executive reviewer,Admin portal,Admin portal → /admin,DISCOVERED_ENTRY_REVIEW_PENDING,EXPOSED_OR_NAV_REVIEW,DISCOVERED,static_route,846
/admin/daily/:id,Administration,Administrator / executive reviewer,Admin portal,Admin portal → /admin/daily,DISCOVERED_NEEDS_REACHABILITY_PROOF,JUSTIFIED_HIDDEN_REVIEW,EXECUTIVE_CERTIFIED,parameterized_or_deep_link,847
/admin/equipment-inspections,Administration,Administrator / executive reviewer,Admin portal,Admin portal → /admin,DISCOVERED_ENTRY_REVIEW_PENDING,EXPOSED_OR_NAV_REVIEW,DISCOVERED,static_route,853
/admin/equipment/:id,Administration,Administrator / executive reviewer,Admin portal,Admin portal → /admin/equipment,DISCOVERED_NEEDS_REACHABILITY_PROOF,JUSTIFIED_HIDDEN_REVIEW,DISCOVERED,parameterized_or_deep_link,854
/admin/qaqc/:id,Administration,Administrator / executive reviewer,Admin portal,Admin portal → /admin/qaqc,DISCOVERED_NEEDS_REACHABILITY_PROOF,JUSTIFIED_HIDDEN_REVIEW,EXECUTIVE_CERTIFIED,parameterized_or_deep_link,862
/admin/leadership/records,Administration,Administrator / executive reviewer,Admin portal,Admin portal,DISCOVERED_ENTRY_REVIEW_PENDING,EXPOSED_OR_NAV_REVIEW,DISCOVERED,static_route,863
/admin/leadership/records/:id,Administration,Administrator / executive reviewer,Admin portal,Admin portal → /admin/leadership/records,DISCOVERED_NEEDS_REACHABILITY_PROOF,JUSTIFIED_HIDDEN_REVIEW,DISCOVERED,parameterized_or_deep_link,864
/admin/safety/issuance/:id,Administration,Administrator / executive reviewer,Admin portal,Admin portal → /admin/safety/issuance,DISCOVERED_NEEDS_REACHABILITY_PROOF,JUSTIFIED_HIDDEN_REVIEW,DISCOVERED,parameterized_or_deep_link,865
/admin/safety/training/:id,Administration,Administrator / executive reviewer,Admin portal,Admin portal → /admin/safety/training,DISCOVERED_NEEDS_REACHABILITY_PROOF,JUSTIFIED_HIDDEN_REVIEW,DISCOVERED,parameterized_or_deep_link,866
/pm/login,Project Management,Project Management,PM portal,PM portal → /pm,DISCOVERED_ENTRY_REVIEW_PENDING,EXPOSED_OR_NAV_REVIEW,DISCOVERED,static_route,873
/pm/reset/:token,Project Management,Project Management,PM portal,PM portal → /pm/reset,DISCOVERED_NEEDS_REACHABILITY_PROOF,JUSTIFIED_HIDDEN_REVIEW,DISCOVERED,parameterized_or_deep_link,874
/pm/change-password,Project Management,Project Management,PM portal,PM portal → /pm,DISCOVERED_ENTRY_REVIEW_PENDING,EXPOSED_OR_NAV_REVIEW,DISCOVERED,static_route,875
/pm,Project Management,Project Management,PM portal,PM portal → /,DISCOVERED_ENTRY_REVIEW_PENDING,EXPOSED_OR_NAV_REVIEW,DISCOVERED,static_route,876
/pm/hub,Project Management,Project Management,PM portal,PM portal → /pm,DISCOVERED_ENTRY_REVIEW_PENDING,EXPOSED_OR_NAV_REVIEW,DISCOVERED,static_route,878
/pm/hub_legacy,Project Management,Project Management,PM portal,PM portal → /pm,DISCOVERED_NEEDS_REACHABILITY_PROOF,MERGE_OR_RETIRE_REVIEW,DISCOVERED,static_route,879
/pm/hub_v2,Project Management,Project Management,PM portal,PM portal → /pm,DISCOVERED_NEEDS_REACHABILITY_PROOF,MERGE_OR_RETIRE_REVIEW,DISCOVERED,static_route,881
/pm/holds,Project Management,Project Management,PM portal,PM portal → /pm,DISCOVERED_ENTRY_REVIEW_PENDING,EXPOSED_OR_NAV_REVIEW,DISCOVERED,static_route,884
/pm/due-today,Project Management,Project Management,PM portal,PM portal → /pm,DISCOVERED_ENTRY_REVIEW_PENDING,EXPOSED_OR_NAV_REVIEW,DISCOVERED,static_route,885
/pm/crew-compliance,Project Management,Project Management,PM portal,PM portal → /pm,DISCOVERED_ENTRY_REVIEW_PENDING,EXPOSED_OR_NAV_REVIEW,DISCOVERED,static_route,887
/pm/jobs,Project Management,Project Management,PM portal,PM portal → /pm,DISCOVERED_ENTRY_REVIEW_PENDING,EXPOSED_OR_NAV_REVIEW,DISCOVERED,static_route,895
/pm/job/:projectNumber/team,Project Management,Project Management,PM portal,PM portal → /pm/job/:projectNumber,DISCOVERED_NEEDS_REACHABILITY_PROOF,JUSTIFIED_HIDDEN_REVIEW,DISCOVERED,parameterized_or_deep_link,896
/pm/project-staffing,Project Management,Project Management,PM portal,PM portal → /pm,DISCOVERED_ENTRY_REVIEW_PENDING,EXPOSED_OR_NAV_REVIEW,DISCOVERED,static_route,898
/pm/project-schedule,Project Management,Project Management,PM portal,PM portal → /pm,DISCOVERED_ENTRY_REVIEW_PENDING,EXPOSED_OR_NAV_REVIEW,DISCOVERED,static_route,899
/pm/monday-review,Project Management,Project Management,PM portal,PM portal → /pm,DISCOVERED_ENTRY_REVIEW_PENDING,EXPOSED_OR_NAV_REVIEW,DISCOVERED,static_route,900
/pm/projects/:projectNumber,Project Management,Project Management,PM portal,PM portal → /pm/projects,DISCOVERED_NEEDS_REACHABILITY_PROOF,JUSTIFIED_HIDDEN_REVIEW,DISCOVERED,parameterized_or_deep_link,911
/pm/projects-legacy/:projectNumber,Project Management,Project Management,PM portal,PM portal → /pm/projects-legacy,DISCOVERED_NEEDS_REACHABILITY_PROOF,JUSTIFIED_HIDDEN_REVIEW,DISCOVERED,parameterized_or_deep_link,912
/pm/project/:projectNumber,Project Management,Project Management,PM portal,PM portal → /pm/project,DISCOVERED_NEEDS_REACHABILITY_PROOF,JUSTIFIED_HIDDEN_REVIEW,DISCOVERED,parameterized_or_deep_link,916
/pm/project/:projectNumber/thread,Project Management,Project Management,PM portal,PM portal → /pm/project/:projectNumber,DISCOVERED_NEEDS_REACHABILITY_PROOF,JUSTIFIED_HIDDEN_REVIEW,DISCOVERED,parameterized_or_deep_link,921
/pm/command-center,Project Management,Project Management,PM portal,PM portal → /pm,DISCOVERED_ENTRY_REVIEW_PENDING,EXPOSED_OR_NAV_REVIEW,DISCOVERED,static_route,925
/operations-center,Shared Operational Home and Public Entry,Public / Shared,Home (/) or direct public workflow link,Home (/) or direct public workflow link → /,DISCOVERED_ENTRY_REVIEW_PENDING,EXPOSED_OR_NAV_REVIEW,DISCOVERED,static_route,930
/admin/executive-operational-intelligence,Administration,Administrator / executive reviewer,Admin portal,Admin portal → /admin,DISCOVERED_ENTRY_REVIEW_PENDING,EXPOSED_OR_NAV_REVIEW,EXECUTIVE_CERTIFIED,static_route,931
/operations-map,Shared Operational Home and Public Entry,Public / Shared,Home (/) or direct public workflow link,Home (/) or direct public workflow link → /,DISCOVERED_ENTRY_REVIEW_PENDING,EXPOSED_OR_NAV_REVIEW,DISCOVERED,static_route,932
/pm/field-leadership,Project Management,Project Management,PM portal,PM portal → /pm,DISCOVERED_ENTRY_REVIEW_PENDING,EXPOSED_OR_NAV_REVIEW,DISCOVERED,static_route,933
/pm/fleet,Project Management,Project Management,PM portal,PM portal → /pm,DISCOVERED_ENTRY_REVIEW_PENDING,EXPOSED_OR_NAV_REVIEW,DISCOVERED,static_route,934
/pm/people,Project Management,Project Management,PM portal,PM portal → /pm,DISCOVERED_ENTRY_REVIEW_PENDING,EXPOSED_OR_NAV_REVIEW,DISCOVERED,static_route,935
/pm/suppliers,Project Management,Project Management,PM portal,PM portal → /pm,DISCOVERED_ENTRY_REVIEW_PENDING,EXPOSED_OR_NAV_REVIEW,DISCOVERED,static_route,936
/admin/vendors/:vendorId/thread,Administration,Administrator / executive reviewer,Admin portal,Admin portal → /admin/vendors/:vendorId,DISCOVERED_NEEDS_REACHABILITY_PROOF,JUSTIFIED_HIDDEN_REVIEW,DISCOVERED,parameterized_or_deep_link,941
/admin/assets/:assetRef/thread,Administration,Administrator / executive reviewer,Admin portal,Admin portal → /admin/assets/:assetRef,DISCOVERED_NEEDS_REACHABILITY_PROOF,JUSTIFIED_HIDDEN_REVIEW,DISCOVERED,parameterized_or_deep_link,942
/pm/posters,Project Management,Project Management,PM portal,PM portal → /pm,DISCOVERED_ENTRY_REVIEW_PENDING,EXPOSED_OR_NAV_REVIEW,DISCOVERED,static_route,943
/pm/qaqc,Project Management,Project Management,PM portal,PM portal → /pm,DISCOVERED_ENTRY_REVIEW_PENDING,EXPOSED_OR_NAV_REVIEW,DISCOVERED,static_route,944
/pm/photos,Project Management,Project Management,PM portal,PM portal → /pm,DISCOVERED_ENTRY_REVIEW_PENDING,EXPOSED_OR_NAV_REVIEW,DISCOVERED,static_route,945
/pm/daily,Project Management,Project Management,PM portal,PM portal → /pm,DISCOVERED_ENTRY_REVIEW_PENDING,EXPOSED_OR_NAV_REVIEW,DISCOVERED,static_route,954
/pm/daily/:id,Project Management,Project Management,PM portal,PM portal → /pm/daily,DISCOVERED_NEEDS_REACHABILITY_PROOF,JUSTIFIED_HIDDEN_REVIEW,EXECUTIVE_CERTIFIED,parameterized_or_deep_link,955
/pm/incidents,Project Management,Project Management,PM portal,PM portal → /pm,DISCOVERED_ENTRY_REVIEW_PENDING,EXPOSED_OR_NAV_REVIEW,DISCOVERED,static_route,956
/pm/incidents/:id,Project Management,Project Management,PM portal,PM portal → /pm/incidents,DISCOVERED_NEEDS_REACHABILITY_PROOF,JUSTIFIED_HIDDEN_REVIEW,DISCOVERED,parameterized_or_deep_link,957
/pm/meetings,Project Management,Project Management,PM portal,PM portal → /pm,DISCOVERED_ENTRY_REVIEW_PENDING,EXPOSED_OR_NAV_REVIEW,DISCOVERED,static_route,958
/pm/meetings/:id,Project Management,Project Management,PM portal,PM portal → /pm/meetings,DISCOVERED_NEEDS_REACHABILITY_PROOF,JUSTIFIED_HIDDEN_REVIEW,DISCOVERED,parameterized_or_deep_link,959
/pm/inspections,Project Management,Project Management,PM portal,PM portal → /pm,DISCOVERED_ENTRY_REVIEW_PENDING,EXPOSED_OR_NAV_REVIEW,DISCOVERED,static_route,960
/pm/inspections/:id,Project Management,Project Management,PM portal,PM portal → /pm/inspections,DISCOVERED_NEEDS_REACHABILITY_PROOF,JUSTIFIED_HIDDEN_REVIEW,DISCOVERED,parameterized_or_deep_link,961
/pm/jha-plans,Project Management,Project Management,PM portal,PM portal → /pm,DISCOVERED_ENTRY_REVIEW_PENDING,EXPOSED_OR_NAV_REVIEW,DISCOVERED,static_route,962
/pm/trench-boxes,Project Management,Project Management,PM portal,PM portal → /pm,DISCOVERED_ENTRY_REVIEW_PENDING,EXPOSED_OR_NAV_REVIEW,DISCOVERED,static_route,963
/pm/equipment,Project Management,Project Management,PM portal,PM portal → /pm,DISCOVERED_ENTRY_REVIEW_PENDING,EXPOSED_OR_NAV_REVIEW,DISCOVERED,static_route,964
/pm/equipment/:id,Project Management,Project Management,PM portal,PM portal → /pm/equipment,DISCOVERED_NEEDS_REACHABILITY_PROOF,JUSTIFIED_HIDDEN_REVIEW,DISCOVERED,parameterized_or_deep_link,965
/pm/trench-safety,Project Management,Project Management,PM portal,PM portal → /pm,DISCOVERED_ENTRY_REVIEW_PENDING,EXPOSED_OR_NAV_REVIEW,DISCOVERED,static_route,971
/pm/trench-safety/assets,Project Management,Project Management,PM portal,PM portal → /pm/trench-safety,DISCOVERED_ENTRY_REVIEW_PENDING,EXPOSED_OR_NAV_REVIEW,DISCOVERED,static_route,972
/pm/trench-safety/assets/:assetId,Project Management,Project Management,PM portal,PM portal → /pm/trench-safety/assets,DISCOVERED_NEEDS_REACHABILITY_PROOF,JUSTIFIED_HIDDEN_REVIEW,DISCOVERED,parameterized_or_deep_link,973
/pm/trench-safety/tabulated-data,Project Management,Project Management,PM portal,PM portal → /pm/trench-safety,DISCOVERED_ENTRY_REVIEW_PENDING,EXPOSED_OR_NAV_REVIEW,DISCOVERED,static_route,974
/pm/trench-safety/reports,Project Management,Project Management,PM portal,PM portal → /pm/trench-safety,DISCOVERED_ENTRY_REVIEW_PENDING,EXPOSED_OR_NAV_REVIEW,DISCOVERED,static_route,975
/pm/trench-safety/excavations,Project Management,Project Management,PM portal,PM portal → /pm/trench-safety,DISCOVERED_ENTRY_REVIEW_PENDING,EXPOSED_OR_NAV_REVIEW,DISCOVERED,static_route,976
/shop/login,Shop Operations,Shop operator,Shop portal,Shop portal → /shop,DISCOVERED_ENTRY_REVIEW_PENDING,EXPOSED_OR_NAV_REVIEW,DISCOVERED,static_route,982
/shop/reset/:token,Shop Operations,Shop operator,Shop portal,Shop portal → /shop/reset,DISCOVERED_NEEDS_REACHABILITY_PROOF,JUSTIFIED_HIDDEN_REVIEW,DISCOVERED,parameterized_or_deep_link,983
/shop/change-password,Shop Operations,Shop operator,Shop portal,Shop portal → /shop,DISCOVERED_ENTRY_REVIEW_PENDING,EXPOSED_OR_NAV_REVIEW,DISCOVERED,static_route,984
/shop,Shop Operations,Shop operator,Shop portal,Shop portal → /,DISCOVERED_ENTRY_REVIEW_PENDING,EXPOSED_OR_NAV_REVIEW,DISCOVERED,static_route,990
/shop/hub_legacy,Shop Operations,Shop operator,Shop portal,Shop portal → /shop,DISCOVERED_NEEDS_REACHABILITY_PROOF,MERGE_OR_RETIRE_REVIEW,DISCOVERED,static_route,991
/shop/hub_v2,Shop Operations,Shop operator,Shop portal,Shop portal → /shop,DISCOVERED_NEEDS_REACHABILITY_PROOF,MERGE_OR_RETIRE_REVIEW,DISCOVERED,static_route,992
/shop/asset-care,Shop Operations,Shop operator,Shop portal,Shop portal → /shop,DISCOVERED_ENTRY_REVIEW_PENDING,EXPOSED_OR_NAV_REVIEW,DISCOVERED,static_route,996
/shop/manager/queue,Shop Operations,Shop operator,Shop portal,Shop portal → /shop/manager,DISCOVERED_ENTRY_REVIEW_PENDING,EXPOSED_OR_NAV_REVIEW,DISCOVERED,static_route,1000
/shop/me,Shop Operations,Shop operator,Shop portal,Shop portal → /shop,DISCOVERED_ENTRY_REVIEW_PENDING,EXPOSED_OR_NAV_REVIEW,DISCOVERED,static_route,1001
/shop/units/history,Shop Operations,Shop operator,Shop portal,Shop portal → /shop/units,DISCOVERED_ENTRY_REVIEW_PENDING,EXPOSED_OR_NAV_REVIEW,DISCOVERED,static_route,1003
/shop/units/:unitNumber/history,Shop Operations,Shop operator,Shop portal,Shop portal → /shop/units/:unitNumber,DISCOVERED_NEEDS_REACHABILITY_PROOF,JUSTIFIED_HIDDEN_REVIEW,DISCOVERED,parameterized_or_deep_link,1004
/shop/fuel-lube/new,Shop Operations,Shop operator,Shop portal,Shop portal → /shop/fuel-lube,DISCOVERED_ENTRY_REVIEW_PENDING,EXPOSED_OR_NAV_REVIEW,DISCOVERED,static_route,1006
/shop/fuel-lube,Shop Operations,Shop operator,Shop portal,Shop portal → /shop,DISCOVERED_ENTRY_REVIEW_PENDING,EXPOSED_OR_NAV_REVIEW,DISCOVERED,static_route,1008
/shop/fuel-lube/:visitId,Shop Operations,Shop operator,Shop portal,Shop portal → /shop/fuel-lube,DISCOVERED_NEEDS_REACHABILITY_PROOF,JUSTIFIED_HIDDEN_REVIEW,DISCOVERED,parameterized_or_deep_link,1009
/shop/service-truck-reconciliation/new,Shop Operations,Shop operator,Shop portal,Shop portal → /shop/service-truck-reconciliation,DISCOVERED_ENTRY_REVIEW_PENDING,EXPOSED_OR_NAV_REVIEW,DISCOVERED,static_route,1011
/shop/service-truck-reconciliation,Shop Operations,Shop operator,Shop portal,Shop portal → /shop,DISCOVERED_ENTRY_REVIEW_PENDING,EXPOSED_OR_NAV_REVIEW,DISCOVERED,static_route,1012
/shop/service-truck-reconciliation/:recId,Shop Operations,Shop operator,Shop portal,Shop portal → /shop/service-truck-reconciliation,DISCOVERED_NEEDS_REACHABILITY_PROOF,JUSTIFIED_HIDDEN_REVIEW,DISCOVERED,parameterized_or_deep_link,1013
/shop/pm,Shop Operations,Shop operator,Shop portal,Shop portal → /shop,DISCOVERED_ENTRY_REVIEW_PENDING,EXPOSED_OR_NAV_REVIEW,DISCOVERED,static_route,1015
/shop/pm/templates,Shop Operations,Shop operator,Shop portal,Shop portal → /shop/pm,DISCOVERED_ENTRY_REVIEW_PENDING,EXPOSED_OR_NAV_REVIEW,DISCOVERED,static_route,1016
/shop/pm/schedules,Shop Operations,Shop operator,Shop portal,Shop portal → /shop/pm,DISCOVERED_ENTRY_REVIEW_PENDING,EXPOSED_OR_NAV_REVIEW,DISCOVERED,static_route,1017
/shop/pm/work-orders,Shop Operations,Shop operator,Shop portal,Shop portal → /shop/pm,DISCOVERED_ENTRY_REVIEW_PENDING,EXPOSED_OR_NAV_REVIEW,DISCOVERED,static_route,1018
/shop/pm/work-orders/:id,Shop Operations,Shop operator,Shop portal,Shop portal → /shop/pm/work-orders,DISCOVERED_NEEDS_REACHABILITY_PROOF,JUSTIFIED_HIDDEN_REVIEW,DISCOVERED,parameterized_or_deep_link,1019
/shop/trench-safety-repairs,Shop Operations,Shop operator,Shop portal,Shop portal → /shop,DISCOVERED_ENTRY_REVIEW_PENDING,EXPOSED_OR_NAV_REVIEW,DISCOVERED,static_route,1020
/shop/fleet,Shop Operations,Shop operator,Shop portal,Shop portal → /shop,DISCOVERED_ENTRY_REVIEW_PENDING,EXPOSED_OR_NAV_REVIEW,DISCOVERED,static_route,1021
/fleet/unit/:unit_number,Shared Operational Home and Public Entry,Public / Shared,Home (/) or direct public workflow link,Home (/) or direct public workflow link → /fleet/unit,DISCOVERED_NEEDS_REACHABILITY_PROOF,JUSTIFIED_HIDDEN_REVIEW,DISCOVERED,parameterized_or_deep_link,1025
/shop/equipment,Shop Operations,Shop operator,Shop portal,Shop portal → /shop,DISCOVERED_ENTRY_REVIEW_PENDING,EXPOSED_OR_NAV_REVIEW,DISCOVERED,static_route,1029
/shop/equipment/:id,Shop Operations,Shop operator,Shop portal,Shop portal → /shop/equipment,DISCOVERED_NEEDS_REACHABILITY_PROOF,JUSTIFIED_HIDDEN_REVIEW,DISCOVERED,parameterized_or_deep_link,1030
/hr/login,Human Resources,Human Resources,HR portal,HR portal → /hr,DISCOVERED_ENTRY_REVIEW_PENDING,EXPOSED_OR_NAV_REVIEW,DISCOVERED,static_route,1039
/sign-in,Shared Operational Home and Public Entry,Public / Shared,Home (/) or direct public workflow link,Home (/) or direct public workflow link → /,DISCOVERED_ENTRY_REVIEW_PENDING,EXPOSED_OR_NAV_REVIEW,DISCOVERED,static_route,1040
/change-password,Shared Operational Home and Public Entry,Public / Shared,Home (/) or direct public workflow link,Home (/) or direct public workflow link → /,DISCOVERED_ENTRY_REVIEW_PENDING,EXPOSED_OR_NAV_REVIEW,DISCOVERED,static_route,1041
/hr/forgot,Human Resources,Human Resources,HR portal,HR portal → /hr,DISCOVERED_ENTRY_REVIEW_PENDING,EXPOSED_OR_NAV_REVIEW,DISCOVERED,static_route,1042
/hr/reset/:token,Human Resources,Human Resources,HR portal,HR portal → /hr/reset,DISCOVERED_NEEDS_REACHABILITY_PROOF,JUSTIFIED_HIDDEN_REVIEW,DISCOVERED,parameterized_or_deep_link,1043
/hr/change-password,Human Resources,Human Resources,HR portal,HR portal → /hr,DISCOVERED_ENTRY_REVIEW_PENDING,EXPOSED_OR_NAV_REVIEW,DISCOVERED,static_route,1044
/hr,Human Resources,Human Resources,HR portal,HR portal → /,DISCOVERED_ENTRY_REVIEW_PENDING,EXPOSED_OR_NAV_REVIEW,DISCOVERED,static_route,1046
/hr/hub_legacy,Human Resources,Human Resources,HR portal,HR portal → /hr,DISCOVERED_NEEDS_REACHABILITY_PROOF,MERGE_OR_RETIRE_REVIEW,DISCOVERED,static_route,1047
/hr/hub_v2,Human Resources,Human Resources,HR portal,HR portal → /hr,DISCOVERED_NEEDS_REACHABILITY_PROOF,MERGE_OR_RETIRE_REVIEW,DISCOVERED,static_route,1049
/hr/field-leadership,Human Resources,Human Resources,HR portal,HR portal → /hr,DISCOVERED_ENTRY_REVIEW_PENDING,EXPOSED_OR_NAV_REVIEW,DISCOVERED,static_route,1050
/hr/field-leadership-users,Human Resources,Human Resources,HR portal,HR portal → /hr,DISCOVERED_ENTRY_REVIEW_PENDING,EXPOSED_OR_NAV_REVIEW,DISCOVERED,static_route,1051
/hr/employee-accountability,Human Resources,Human Resources,HR portal,HR portal → /hr,DISCOVERED_ENTRY_REVIEW_PENDING,EXPOSED_OR_NAV_REVIEW,DISCOVERED,static_route,1052
/hr/time-verification,Human Resources,Human Resources,HR portal,HR portal → /hr,DISCOVERED_ENTRY_REVIEW_PENDING,EXPOSED_OR_NAV_REVIEW,DISCOVERED,static_route,1053
/hr/time-off,Human Resources,Human Resources,HR portal,HR portal → /hr,DISCOVERED_ENTRY_REVIEW_PENDING,EXPOSED_OR_NAV_REVIEW,DISCOVERED,static_route,1054
/hr/payroll-variance,Human Resources,Human Resources,HR portal,HR portal → /hr,DISCOVERED_ENTRY_REVIEW_PENDING,EXPOSED_OR_NAV_REVIEW,DISCOVERED,static_route,1055
/hr/training-records,Human Resources,Human Resources,HR portal,HR portal → /hr,DISCOVERED_ENTRY_REVIEW_PENDING,EXPOSED_OR_NAV_REVIEW,DISCOVERED,static_route,1056
/hr/qualifications,Human Resources,Human Resources,HR portal,HR portal → /hr,DISCOVERED_ENTRY_REVIEW_PENDING,EXPOSED_OR_NAV_REVIEW,DISCOVERED,static_route,1057
/hr/driver-qualification,Human Resources,Human Resources,HR portal,HR portal → /hr,DISCOVERED_ENTRY_REVIEW_PENDING,EXPOSED_OR_NAV_REVIEW,DISCOVERED,static_route,1058
/hr/driver-qualification/import,Human Resources,Human Resources,HR portal,HR portal → /hr/driver-qualification,DISCOVERED_ENTRY_REVIEW_PENDING,EXPOSED_OR_NAV_REVIEW,DISCOVERED,static_route,1059
/hr/daily-reports,Human Resources,Human Resources,HR portal,HR portal → /hr,DISCOVERED_ENTRY_REVIEW_PENDING,EXPOSED_OR_NAV_REVIEW,DISCOVERED,static_route,1075
/hr/daily-reports/:id,Human Resources,Human Resources,HR portal,HR portal → /hr/daily-reports,DISCOVERED_NEEDS_REACHABILITY_PROOF,JUSTIFIED_HIDDEN_REVIEW,EXECUTIVE_CERTIFIED,parameterized_or_deep_link,1076
/hr/motive-drivers,Human Resources,Human Resources,HR portal,HR portal → /hr,DISCOVERED_ENTRY_REVIEW_PENDING,EXPOSED_OR_NAV_REVIEW,DISCOVERED,static_route,1078
/hr/driver/:driverKey,Human Resources,Human Resources,HR portal,HR portal → /hr/driver,DISCOVERED_NEEDS_REACHABILITY_PROOF,JUSTIFIED_HIDDEN_REVIEW,DISCOVERED,parameterized_or_deep_link,1080
/time-off/public/:token,Shared Operational Home and Public Entry,Public / Shared,Home (/) or direct public workflow link,Home (/) or direct public workflow link → /time-off/public,DISCOVERED_NEEDS_REACHABILITY_PROOF,JUSTIFIED_HIDDEN_REVIEW,DISCOVERED,parameterized_or_deep_link,1081
/field-leadership/portal/login,Field Leadership,Field Leadership / Admin reviewer,Home → Field Leadership or role login,Home → Field Leadership or role login → /field-leadership/portal,DISCOVERED_ENTRY_REVIEW_PENDING,EXPOSED_OR_NAV_REVIEW,DISCOVERED,static_route,1088
/field-leadership/portal/change-password,Field Leadership,Field Leadership / Admin reviewer,Home → Field Leadership or role login,Home → Field Leadership or role login → /field-leadership/portal,DISCOVERED_ENTRY_REVIEW_PENDING,EXPOSED_OR_NAV_REVIEW,DISCOVERED,static_route,1089
/field-leadership/portal/dashboard,Field Leadership,Field Leadership / Admin reviewer,Home → Field Leadership or role login,Home → Field Leadership or role login → /field-leadership/portal,DISCOVERED_ENTRY_REVIEW_PENDING,EXPOSED_OR_NAV_REVIEW,DISCOVERED,static_route,1090
/field-leadership/portal,Field Leadership,Field Leadership / Admin reviewer,Home → Field Leadership or role login,Home → Field Leadership or role login → /field-leadership,DISCOVERED_ENTRY_REVIEW_PENDING,EXPOSED_OR_NAV_REVIEW,DISCOVERED,static_route,1091
/field-leadership/portal/driver-qualification,Field Leadership,Field Leadership / Admin reviewer,Home → Field Leadership or role login,Home → Field Leadership or role login → /field-leadership/portal,DISCOVERED_ENTRY_REVIEW_PENDING,EXPOSED_OR_NAV_REVIEW,DISCOVERED,static_route,1093
/safety-portal/login,Safety Operations,Safety operator / public safety user,"Safety portal, public safety entry, or incident/trench workflow link","Safety portal, public safety entry, or incident/trench workflow link → /safety-portal",DISCOVERED_ENTRY_REVIEW_PENDING,EXPOSED_OR_NAV_REVIEW,DISCOVERED,static_route,1103
/safety-portal/forgot-password,Safety Operations,Safety operator / public safety user,"Safety portal, public safety entry, or incident/trench workflow link","Safety portal, public safety entry, or incident/trench workflow link → /safety-portal",DISCOVERED_ENTRY_REVIEW_PENDING,EXPOSED_OR_NAV_REVIEW,DISCOVERED,static_route,1104
/safety-portal/reset/:token,Safety Operations,Safety operator / public safety user,"Safety portal, public safety entry, or incident/trench workflow link","Safety portal, public safety entry, or incident/trench workflow link → /safety-portal/reset",DISCOVERED_NEEDS_REACHABILITY_PROOF,JUSTIFIED_HIDDEN_REVIEW,DISCOVERED,parameterized_or_deep_link,1105
/safety-portal/change-password,Safety Operations,Safety operator / public safety user,"Safety portal, public safety entry, or incident/trench workflow link","Safety portal, public safety entry, or incident/trench workflow link → /safety-portal",DISCOVERED_ENTRY_REVIEW_PENDING,EXPOSED_OR_NAV_REVIEW,DISCOVERED,static_route,1106
/safety-portal,Safety Operations,Safety operator / public safety user,"Safety portal, public safety entry, or incident/trench workflow link","Safety portal, public safety entry, or incident/trench workflow link → /",DISCOVERED_ENTRY_REVIEW_PENDING,EXPOSED_OR_NAV_REVIEW,DISCOVERED,static_route,1111
/safety-portal/hub_legacy,Safety Operations,Safety operator / public safety user,"Safety portal, public safety entry, or incident/trench workflow link","Safety portal, public safety entry, or incident/trench workflow link → /safety-portal",DISCOVERED_NEEDS_REACHABILITY_PROOF,MERGE_OR_RETIRE_REVIEW,DISCOVERED,static_route,1112
/safety-portal/hub_v2,Safety Operations,Safety operator / public safety user,"Safety portal, public safety entry, or incident/trench workflow link","Safety portal, public safety entry, or incident/trench workflow link → /safety-portal",DISCOVERED_NEEDS_REACHABILITY_PROOF,MERGE_OR_RETIRE_REVIEW,DISCOVERED,static_route,1113
/safety-portal/fleet,Safety Operations,Safety operator / public safety user,"Safety portal, public safety entry, or incident/trench workflow link","Safety portal, public safety entry, or incident/trench workflow link → /safety-portal",DISCOVERED_ENTRY_REVIEW_PENDING,EXPOSED_OR_NAV_REVIEW,DISCOVERED,static_route,1114
/safety-portal/corrective-actions,Safety Operations,Safety operator / public safety user,"Safety portal, public safety entry, or incident/trench workflow link","Safety portal, public safety entry, or incident/trench workflow link → /safety-portal",DISCOVERED_ENTRY_REVIEW_PENDING,EXPOSED_OR_NAV_REVIEW,DISCOVERED,static_route,1115
/safety-portal/fire-extinguishers,Safety Operations,Safety operator / public safety user,"Safety portal, public safety entry, or incident/trench workflow link","Safety portal, public safety entry, or incident/trench workflow link → /safety-portal",DISCOVERED_ENTRY_REVIEW_PENDING,EXPOSED_OR_NAV_REVIEW,DISCOVERED,static_route,1116
/safety-portal/fire-extinguishers/import,Safety Operations,Safety operator / public safety user,"Safety portal, public safety entry, or incident/trench workflow link","Safety portal, public safety entry, or incident/trench workflow link → /safety-portal/fire-extinguishers",DISCOVERED_ENTRY_REVIEW_PENDING,EXPOSED_OR_NAV_REVIEW,DISCOVERED,static_route,1117
/safety-portal/documents,Safety Operations,Safety operator / public safety user,"Safety portal, public safety entry, or incident/trench workflow link","Safety portal, public safety entry, or incident/trench workflow link → /safety-portal",DISCOVERED_ENTRY_REVIEW_PENDING,EXPOSED_OR_NAV_REVIEW,DISCOVERED,static_route,1118
/safety-portal/training,Safety Operations,Safety operator / public safety user,"Safety portal, public safety entry, or incident/trench workflow link","Safety portal, public safety entry, or incident/trench workflow link → /safety-portal",DISCOVERED_ENTRY_REVIEW_PENDING,EXPOSED_OR_NAV_REVIEW,DISCOVERED,static_route,1119
/safety-portal/incidents,Safety Operations,Safety operator / public safety user,"Safety portal, public safety entry, or incident/trench workflow link","Safety portal, public safety entry, or incident/trench workflow link → /safety-portal",DISCOVERED_ENTRY_REVIEW_PENDING,EXPOSED_OR_NAV_REVIEW,DISCOVERED,static_route,1120
/safety-portal/incidents/:id,Safety Operations,Safety operator / public safety user,"Safety portal, public safety entry, or incident/trench workflow link","Safety portal, public safety entry, or incident/trench workflow link → /safety-portal/incidents",DISCOVERED_NEEDS_REACHABILITY_PROOF,JUSTIFIED_HIDDEN_REVIEW,DISCOVERED,parameterized_or_deep_link,1126
/safety-portal/meetings/:id,Safety Operations,Safety operator / public safety user,"Safety portal, public safety entry, or incident/trench workflow link","Safety portal, public safety entry, or incident/trench workflow link → /safety-portal/meetings",DISCOVERED_NEEDS_REACHABILITY_PROOF,JUSTIFIED_HIDDEN_REVIEW,DISCOVERED,parameterized_or_deep_link,1127
/safety-portal/audits,Safety Operations,Safety operator / public safety user,"Safety portal, public safety entry, or incident/trench workflow link","Safety portal, public safety entry, or incident/trench workflow link → /safety-portal",DISCOVERED_ENTRY_REVIEW_PENDING,EXPOSED_OR_NAV_REVIEW,DISCOVERED,static_route,1128
/safety-portal/forms-records,Safety Operations,Safety operator / public safety user,"Safety portal, public safety entry, or incident/trench workflow link","Safety portal, public safety entry, or incident/trench workflow link → /safety-portal",DISCOVERED_ENTRY_REVIEW_PENDING,EXPOSED_OR_NAV_REVIEW,DISCOVERED,static_route,1129
/safety-portal/reports,Safety Operations,Safety operator / public safety user,"Safety portal, public safety entry, or incident/trench workflow link","Safety portal, public safety entry, or incident/trench workflow link → /safety-portal",DISCOVERED_ENTRY_REVIEW_PENDING,EXPOSED_OR_NAV_REVIEW,DISCOVERED,static_route,1130
/safety-portal/library,Safety Operations,Safety operator / public safety user,"Safety portal, public safety entry, or incident/trench workflow link","Safety portal, public safety entry, or incident/trench workflow link → /safety-portal",DISCOVERED_ENTRY_REVIEW_PENDING,EXPOSED_OR_NAV_REVIEW,DISCOVERED,static_route,1131
/safety-portal/employees,Safety Operations,Safety operator / public safety user,"Safety portal, public safety entry, or incident/trench workflow link","Safety portal, public safety entry, or incident/trench workflow link → /safety-portal",DISCOVERED_ENTRY_REVIEW_PENDING,EXPOSED_OR_NAV_REVIEW,DISCOVERED,static_route,1132
/safety-portal/digest,Safety Operations,Safety operator / public safety user,"Safety portal, public safety entry, or incident/trench workflow link","Safety portal, public safety entry, or incident/trench workflow link → /safety-portal",DISCOVERED_ENTRY_REVIEW_PENDING,EXPOSED_OR_NAV_REVIEW,DISCOVERED,static_route,1133
/safety-portal/inspections,Safety Operations,Safety operator / public safety user,"Safety portal, public safety entry, or incident/trench workflow link","Safety portal, public safety entry, or incident/trench workflow link → /safety-portal",DISCOVERED_ENTRY_REVIEW_PENDING,EXPOSED_OR_NAV_REVIEW,DISCOVERED,static_route,1140
/safety-portal/inspections/:id,Safety Operations,Safety operator / public safety user,"Safety portal, public safety entry, or incident/trench workflow link","Safety portal, public safety entry, or incident/trench workflow link → /safety-portal/inspections",DISCOVERED_NEEDS_REACHABILITY_PROOF,JUSTIFIED_HIDDEN_REVIEW,DISCOVERED,parameterized_or_deep_link,1141
/safety-portal/jha-plans,Safety Operations,Safety operator / public safety user,"Safety portal, public safety entry, or incident/trench workflow link","Safety portal, public safety entry, or incident/trench workflow link → /safety-portal",DISCOVERED_ENTRY_REVIEW_PENDING,EXPOSED_OR_NAV_REVIEW,DISCOVERED,static_route,1142
/safety-portal/driver/:driverKey,Safety Operations,Safety operator / public safety user,"Safety portal, public safety entry, or incident/trench workflow link","Safety portal, public safety entry, or incident/trench workflow link → /safety-portal/driver",DISCOVERED_NEEDS_REACHABILITY_PROOF,JUSTIFIED_HIDDEN_REVIEW,DISCOVERED,parameterized_or_deep_link,1144
/hr/safety-records,Human Resources,Human Resources,HR portal,HR portal → /hr,DISCOVERED_ENTRY_REVIEW_PENDING,EXPOSED_OR_NAV_REVIEW,DISCOVERED,static_route,1147
/dispatch-portal/login,Transportation Operations,Transportation / Dispatch / Carrier,"Dispatch portal, transportation portal, or secure carrier link","Dispatch portal, transportation portal, or secure carrier link → /dispatch-portal",DISCOVERED_ENTRY_REVIEW_PENDING,EXPOSED_OR_NAV_REVIEW,DISCOVERED,static_route,1153
/leadership/login,Field Leadership,Field Leadership / Admin reviewer,Home → Field Leadership or role login,Home → Field Leadership or role login → /leadership,DISCOVERED_ENTRY_REVIEW_PENDING,EXPOSED_OR_NAV_REVIEW,DISCOVERED,static_route,1159
/dispatch-portal/forgot-password,Transportation Operations,Transportation / Dispatch / Carrier,"Dispatch portal, transportation portal, or secure carrier link","Dispatch portal, transportation portal, or secure carrier link → /dispatch-portal",DISCOVERED_ENTRY_REVIEW_PENDING,EXPOSED_OR_NAV_REVIEW,DISCOVERED,static_route,1160
/dispatch-portal/reset/:token,Transportation Operations,Transportation / Dispatch / Carrier,"Dispatch portal, transportation portal, or secure carrier link","Dispatch portal, transportation portal, or secure carrier link → /dispatch-portal/reset",DISCOVERED_NEEDS_REACHABILITY_PROOF,JUSTIFIED_HIDDEN_REVIEW,DISCOVERED,parameterized_or_deep_link,1161
/dispatch-portal/change-password,Transportation Operations,Transportation / Dispatch / Carrier,"Dispatch portal, transportation portal, or secure carrier link","Dispatch portal, transportation portal, or secure carrier link → /dispatch-portal",DISCOVERED_ENTRY_REVIEW_PENDING,EXPOSED_OR_NAV_REVIEW,DISCOVERED,static_route,1162
/dispatch-portal,Transportation Operations,Transportation / Dispatch / Carrier,"Dispatch portal, transportation portal, or secure carrier link","Dispatch portal, transportation portal, or secure carrier link → /",DISCOVERED_ENTRY_REVIEW_PENDING,EXPOSED_OR_NAV_REVIEW,DISCOVERED,static_route,1168
/dispatch-portal/hub_legacy,Transportation Operations,Transportation / Dispatch / Carrier,"Dispatch portal, transportation portal, or secure carrier link","Dispatch portal, transportation portal, or secure carrier link → /dispatch-portal",DISCOVERED_NEEDS_REACHABILITY_PROOF,MERGE_OR_RETIRE_REVIEW,DISCOVERED,static_route,1169
/dispatch-portal/hub_v2,Transportation Operations,Transportation / Dispatch / Carrier,"Dispatch portal, transportation portal, or secure carrier link","Dispatch portal, transportation portal, or secure carrier link → /dispatch-portal",DISCOVERED_NEEDS_REACHABILITY_PROOF,MERGE_OR_RETIRE_REVIEW,DISCOVERED,static_route,1170
/dispatch-portal/board,Transportation Operations,Transportation / Dispatch / Carrier,"Dispatch portal, transportation portal, or secure carrier link","Dispatch portal, transportation portal, or secure carrier link → /dispatch-portal",DISCOVERED_ENTRY_REVIEW_PENDING,EXPOSED_OR_NAV_REVIEW,DISCOVERED,static_route,1171
/dispatch-portal/command,Transportation Operations,Transportation / Dispatch / Carrier,"Dispatch portal, transportation portal, or secure carrier link","Dispatch portal, transportation portal, or secure carrier link → /dispatch-portal",DISCOVERED_ENTRY_REVIEW_PENDING,EXPOSED_OR_NAV_REVIEW,DISCOVERED,static_route,1172
/dispatch-portal/fleet,Transportation Operations,Transportation / Dispatch / Carrier,"Dispatch portal, transportation portal, or secure carrier link","Dispatch portal, transportation portal, or secure carrier link → /dispatch-portal",DISCOVERED_ENTRY_REVIEW_PENDING,EXPOSED_OR_NAV_REVIEW,DISCOVERED,static_route,1173
/dispatch-portal/map,Transportation Operations,Transportation / Dispatch / Carrier,"Dispatch portal, transportation portal, or secure carrier link","Dispatch portal, transportation portal, or secure carrier link → /dispatch-portal",DISCOVERED_ENTRY_REVIEW_PENDING,EXPOSED_OR_NAV_REVIEW,DISCOVERED,static_route,1185
/dispatch-portal/haul-ledger,Transportation Operations,Transportation / Dispatch / Carrier,"Dispatch portal, transportation portal, or secure carrier link","Dispatch portal, transportation portal, or secure carrier link → /dispatch-portal",DISCOVERED_ENTRY_REVIEW_PENDING,EXPOSED_OR_NAV_REVIEW,DISCOVERED,static_route,1188
/dispatch-portal/driver-qualification,Transportation Operations,Transportation / Dispatch / Carrier,"Dispatch portal, transportation portal, or secure carrier link","Dispatch portal, transportation portal, or secure carrier link → /dispatch-portal",DISCOVERED_ENTRY_REVIEW_PENDING,EXPOSED_OR_NAV_REVIEW,DISCOVERED,static_route,1190
/dispatch-portal/driver/:driverKey,Transportation Operations,Transportation / Dispatch / Carrier,"Dispatch portal, transportation portal, or secure carrier link","Dispatch portal, transportation portal, or secure carrier link → /dispatch-portal/driver",DISCOVERED_NEEDS_REACHABILITY_PROOF,JUSTIFIED_HIDDEN_REVIEW,DISCOVERED,parameterized_or_deep_link,1192
/training,"Training, Guidance, and Coaching",Training user / poster / packet viewer,Training hub or QR/poster entry,Training hub or QR/poster entry → /,DISCOVERED_ENTRY_REVIEW_PENDING,EXPOSED_OR_NAV_REVIEW,DISCOVERED,static_route,1199
/training-hub,"Training, Guidance, and Coaching",Training user / poster / packet viewer,Training hub or QR/poster entry,Training hub or QR/poster entry → /,DISCOVERED_ALIAS,REDIRECT,DISCOVERED,alias_or_redirect,1200
/training/:track,"Training, Guidance, and Coaching",Training user / poster / packet viewer,Training hub or QR/poster entry,Training hub or QR/poster entry → /training,DISCOVERED_NEEDS_REACHABILITY_PROOF,JUSTIFIED_HIDDEN_REVIEW,DISCOVERED,parameterized_or_deep_link,1201
/training/:track/poster,"Training, Guidance, and Coaching",Training user / poster / packet viewer,Training hub or QR/poster entry,Training hub or QR/poster entry → /training/:track,DISCOVERED_NEEDS_REACHABILITY_PROOF,JUSTIFIED_HIDDEN_REVIEW,DISCOVERED,parameterized_or_deep_link,1202
/training/:track/packet,"Training, Guidance, and Coaching",Training user / poster / packet viewer,Training hub or QR/poster entry,Training hub or QR/poster entry → /training/:track,DISCOVERED_NEEDS_REACHABILITY_PROOF,JUSTIFIED_HIDDEN_REVIEW,DISCOVERED,parameterized_or_deep_link,1203
/admin/training-videos,Administration,Administrator / executive reviewer,Admin portal,Admin portal → /admin,DISCOVERED_ENTRY_REVIEW_PENDING,EXPOSED_OR_NAV_REVIEW,DISCOVERED,static_route,1204
/admin/deploy-readiness,Administration,Administrator / executive reviewer,Admin portal,Admin portal → /admin,DISCOVERED_ENTRY_REVIEW_PENDING,EXPOSED_OR_NAV_REVIEW,DISCOVERED,static_route,1205
/admin/platform-readiness,Administration,Administrator / executive reviewer,Admin portal,Admin portal,DISCOVERED_ENTRY_REVIEW_PENDING,EXPOSED_OR_NAV_REVIEW,DISCOVERED,static_route,1206
/admin/wp17d-certification,Administration,Administrator / executive reviewer,Admin portal,Admin portal,DISCOVERED_ENTRY_REVIEW_PENDING,EXPOSED_OR_NAV_REVIEW,DISCOVERED,static_route,1207
/ops-training,Shared Operational Home and Public Entry,Public / Shared,Home (/) or direct public workflow link,Home (/) or direct public workflow link → /,DISCOVERED_ALIAS,REDIRECT,DISCOVERED,alias_or_redirect,1222
/ops-training/:slug,Shared Operational Home and Public Entry,Public / Shared,Home (/) or direct public workflow link,Home (/) or direct public workflow link → /ops-training,DISCOVERED_ALIAS,REDIRECT,DISCOVERED,alias_or_redirect,1223
/dev/login,Shared Operational Home and Public Entry,Public / Shared,Home (/) or direct public workflow link,Home (/) or direct public workflow link → /dev,DISCOVERED_NEEDS_REACHABILITY_PROOF,MERGE_OR_RETIRE_REVIEW,DISCOVERED,static_route,1232
/dev,Shared Operational Home and Public Entry,Public / Shared,Home (/) or direct public workflow link,Home (/) or direct public workflow link → /,DISCOVERED_NEEDS_REACHABILITY_PROOF,MERGE_OR_RETIRE_REVIEW,DISCOVERED,static_route,1233
/inspections,Shared Operational Home and Public Entry,Public / Shared,Home (/) or direct public workflow link,Home (/) or direct public workflow link → /,DISCOVERED_ALIAS,REDIRECT,DISCOVERED,alias_or_redirect,1236
/inspect/:id,Shared Operational Home and Public Entry,Public / Shared,Home (/) or direct public workflow link,Home (/) or direct public workflow link → /inspect,DISCOVERED_NEEDS_REACHABILITY_PROOF,JUSTIFIED_HIDDEN_REVIEW,DISCOVERED,parameterized_or_deep_link,1237
/inspections/:id,Shared Operational Home and Public Entry,Public / Shared,Home (/) or direct public workflow link,Home (/) or direct public workflow link → /inspections,DISCOVERED_NEEDS_REACHABILITY_PROOF,JUSTIFIED_HIDDEN_REVIEW,DISCOVERED,parameterized_or_deep_link,1238
/meetings,Shared Operational Home and Public Entry,Public / Shared,Home (/) or direct public workflow link,Home (/) or direct public workflow link → /,DISCOVERED_ALIAS,REDIRECT,DISCOVERED,alias_or_redirect,1239
/meetings/:id,Shared Operational Home and Public Entry,Public / Shared,Home (/) or direct public workflow link,Home (/) or direct public workflow link → /meetings,DISCOVERED_NEEDS_REACHABILITY_PROOF,JUSTIFIED_HIDDEN_REVIEW,DISCOVERED,parameterized_or_deep_link,1240
/incidents,Shared Operational Home and Public Entry,Public / Shared,Home (/) or direct public workflow link,Home (/) or direct public workflow link → /,DISCOVERED_ALIAS,REDIRECT,DISCOVERED,alias_or_redirect,1241
/incidents/:id,Shared Operational Home and Public Entry,Public / Shared,Home (/) or direct public workflow link,Home (/) or direct public workflow link → /incidents,DISCOVERED_NEEDS_REACHABILITY_PROOF,JUSTIFIED_HIDDEN_REVIEW,DISCOVERED,parameterized_or_deep_link,1242
/daily,Shared Operational Home and Public Entry,Public / Shared,Home (/) or direct public workflow link,Home (/) or direct public workflow link → /,DISCOVERED_ALIAS,REDIRECT,DISCOVERED,alias_or_redirect,1243
/daily/:id,Shared Operational Home and Public Entry,Public / Shared,Home (/) or direct public workflow link,Home (/) or direct public workflow link → /daily,DISCOVERED_NEEDS_REACHABILITY_PROOF,JUSTIFIED_HIDDEN_REVIEW,DISCOVERED,parameterized_or_deep_link,1244
/safety-portal/meetings,Safety Operations,Safety operator / public safety user,"Safety portal, public safety entry, or incident/trench workflow link","Safety portal, public safety entry, or incident/trench workflow link → /safety-portal",DISCOVERED_ENTRY_REVIEW_PENDING,EXPOSED_OR_NAV_REVIEW,DISCOVERED,static_route,1254
/admin/daily-reports,Administration,Administrator / executive reviewer,Admin portal,Admin portal → /admin,DISCOVERED_ALIAS,REDIRECT,DISCOVERED,alias_or_redirect,1255
/admin/trench-safety-assets,Administration,Administrator / executive reviewer,Admin portal,Admin portal → /admin,DISCOVERED_ALIAS,REDIRECT,DISCOVERED,alias_or_redirect,1256
/legal/terms,Shared Operational Home and Public Entry,Public / Shared,Home (/) or direct public workflow link,Home (/) or direct public workflow link → /legal,DISCOVERED_ENTRY_REVIEW_PENDING,EXPOSED_OR_NAV_REVIEW,DISCOVERED,static_route,1259
/legal/privacy,Shared Operational Home and Public Entry,Public / Shared,Home (/) or direct public workflow link,Home (/) or direct public workflow link → /legal,DISCOVERED_ENTRY_REVIEW_PENDING,EXPOSED_OR_NAV_REVIEW,DISCOVERED,static_route,1260
/tasks,Shared Operational Home and Public Entry,Public / Shared,Home (/) or direct public workflow link,Home (/) or direct public workflow link → /,DISCOVERED_ENTRY_REVIEW_PENDING,EXPOSED_OR_NAV_REVIEW,DISCOVERED,static_route,1266
/document-expirations,Shared Operational Home and Public Entry,Public / Shared,Home (/) or direct public workflow link,Home (/) or direct public workflow link → /,DISCOVERED_ENTRY_REVIEW_PENDING,EXPOSED_OR_NAV_REVIEW,DISCOVERED,static_route,1268
/hr/employees,Human Resources,Human Resources,HR portal,HR portal → /hr,DISCOVERED_ENTRY_REVIEW_PENDING,EXPOSED_OR_NAV_REVIEW,DISCOVERED,static_route,1270
/hr/employee-requests,Human Resources,Human Resources,HR portal,HR portal → /hr,DISCOVERED_ENTRY_REVIEW_PENDING,EXPOSED_OR_NAV_REVIEW,DISCOVERED,static_route,1272
/hr/employees/:id/accountability,Human Resources,Human Resources,HR portal,HR portal → /hr/employees/:id,DISCOVERED_NEEDS_REACHABILITY_PROOF,JUSTIFIED_HIDDEN_REVIEW,DISCOVERED,parameterized_or_deep_link,1275
/hr/employees/:id/thread,Human Resources,Human Resources,HR portal,HR portal → /hr/employees/:id,DISCOVERED_NEEDS_REACHABILITY_PROOF,JUSTIFIED_HIDDEN_REVIEW,DISCOVERED,parameterized_or_deep_link,1280
/hr/employees/:empId/profile,Human Resources,Human Resources,HR portal,HR portal → /hr/employees/:empId,DISCOVERED_NEEDS_REACHABILITY_PROOF,JUSTIFIED_HIDDEN_REVIEW,DISCOVERED,parameterized_or_deep_link,1282
/hr/historical-records/intake,Human Resources,Human Resources,HR portal,HR portal → /hr/historical-records,DISCOVERED_ENTRY_REVIEW_PENDING,EXPOSED_OR_NAV_REVIEW,DISCOVERED,static_route,1284
/hr/historical-records/queue,Human Resources,Human Resources,HR portal,HR portal → /hr/historical-records,DISCOVERED_ENTRY_REVIEW_PENDING,EXPOSED_OR_NAV_REVIEW,DISCOVERED,static_route,1285
/hr/historical-records/batches,Human Resources,Human Resources,HR portal,HR portal → /hr/historical-records,DISCOVERED_ENTRY_REVIEW_PENDING,EXPOSED_OR_NAV_REVIEW,DISCOVERED,static_route,1287
/hr/historical-records/batches/:batchId,Human Resources,Human Resources,HR portal,HR portal → /hr/historical-records/batches,DISCOVERED_NEEDS_REACHABILITY_PROOF,JUSTIFIED_HIDDEN_REVIEW,DISCOVERED,parameterized_or_deep_link,1288
/hr/incidents,Human Resources,Human Resources,HR portal,HR portal → /hr,DISCOVERED_ENTRY_REVIEW_PENDING,EXPOSED_OR_NAV_REVIEW,DISCOVERED,static_route,1290
/po-requests,Shared Operational Home and Public Entry,Public / Shared,Home (/) or direct public workflow link,Home (/) or direct public workflow link → /,DISCOVERED_ENTRY_REVIEW_PENDING,EXPOSED_OR_NAV_REVIEW,DISCOVERED,static_route,1292
/project-health,Shared Operational Home and Public Entry,Public / Shared,Home (/) or direct public workflow link,Home (/) or direct public workflow link → /,DISCOVERED_ENTRY_REVIEW_PENDING,EXPOSED_OR_NAV_REVIEW,DISCOVERED,static_route,1295
/asset-transfers,Shared Operational Home and Public Entry,Public / Shared,Home (/) or direct public workflow link,Home (/) or direct public workflow link → /,DISCOVERED_ENTRY_REVIEW_PENDING,EXPOSED_OR_NAV_REVIEW,DISCOVERED,static_route,1299
/access-denied,Shared Operational Home and Public Entry,Public / Shared,Home (/) or direct public workflow link,Home (/) or direct public workflow link → /,DISCOVERED_ENTRY_REVIEW_PENDING,EXPOSED_OR_NAV_REVIEW,DISCOVERED,static_route,1303
/admin/audit,Administration,Administrator / executive reviewer,Admin portal,Admin portal → /admin,DISCOVERED_ALIAS,REDIRECT,DISCOVERED,alias_or_redirect,1311
/admin/health,Administration,Administrator / executive reviewer,Admin portal,Admin portal → /admin,DISCOVERED_ALIAS,REDIRECT,DISCOVERED,alias_or_redirect,1312
/d/:token,Field Operations,Field operator / public field user,Home → Field or public field entry link,Home → Field or public field entry link → /d,DISCOVERED_NEEDS_REACHABILITY_PROOF,JUSTIFIED_HIDDEN_REVIEW,DISCOVERED,parameterized_or_deep_link,1314
/driver,Field Operations,Field operator / public field user,Home → Field or public field entry link,Home → Field or public field entry link → /,DISCOVERED_ENTRY_REVIEW_PENDING,EXPOSED_OR_NAV_REVIEW,DISCOVERED,static_route,1315
/shift,Field Operations,Field operator / public field user,Home → Field or public field entry link,Home → Field or public field entry link → /,DISCOVERED_ENTRY_REVIEW_PENDING,EXPOSED_OR_NAV_REVIEW,DISCOVERED,static_route,1319
/field-leadership,Field Leadership,Field Leadership / Admin reviewer,Home → Field Leadership or role login,Home → Field Leadership or role login → /,DISCOVERED_ALIAS,REDIRECT,DISCOVERED,alias_or_redirect,1320
/odr/new,Shared Operational Home and Public Entry,Public / Shared,Home (/) or direct public workflow link,Home (/) or direct public workflow link → /odr,DISCOVERED_ENTRY_REVIEW_PENDING,EXPOSED_OR_NAV_REVIEW,DISCOVERED,static_route,1323
/odr/center,Shared Operational Home and Public Entry,Public / Shared,Home (/) or direct public workflow link,Home (/) or direct public workflow link → /odr,DISCOVERED_ENTRY_REVIEW_PENDING,EXPOSED_OR_NAV_REVIEW,DISCOVERED,static_route,1324
/pm/odr,Project Management,Project Management,PM portal,PM portal → /pm,DISCOVERED_ENTRY_REVIEW_PENDING,EXPOSED_OR_NAV_REVIEW,DISCOVERED,static_route,1325
/odr/public/:doc_id,Shared Operational Home and Public Entry,Public / Shared,Home (/) or direct public workflow link,Home (/) or direct public workflow link → /odr/public,DISCOVERED_NEEDS_REACHABILITY_PROOF,JUSTIFIED_HIDDEN_REVIEW,DISCOVERED,parameterized_or_deep_link,1326
/odr/:id/done,Shared Operational Home and Public Entry,Public / Shared,Home (/) or direct public workflow link,Home (/) or direct public workflow link → /odr/:id,DISCOVERED_NEEDS_REACHABILITY_PROOF,JUSTIFIED_HIDDEN_REVIEW,DISCOVERED,parameterized_or_deep_link,1327
/odr/:id,Shared Operational Home and Public Entry,Public / Shared,Home (/) or direct public workflow link,Home (/) or direct public workflow link → /odr,DISCOVERED_NEEDS_REACHABILITY_PROOF,JUSTIFIED_HIDDEN_REVIEW,DISCOVERED,parameterized_or_deep_link,1328
/operational-records,Shared Operational Home and Public Entry,Public / Shared,Home (/) or direct public workflow link,Home (/) or direct public workflow link → /,DISCOVERED_ENTRY_REVIEW_PENDING,EXPOSED_OR_NAV_REVIEW,DISCOVERED,static_route,1332
/operations-actions,Shared Operational Home and Public Entry,Public / Shared,Home (/) or direct public workflow link,Home (/) or direct public workflow link → /,DISCOVERED_ENTRY_REVIEW_PENDING,EXPOSED_OR_NAV_REVIEW,DISCOVERED,static_route,1335
/operations-actions/new,Shared Operational Home and Public Entry,Public / Shared,Home (/) or direct public workflow link,Home (/) or direct public workflow link → /operations-actions,DISCOVERED_ENTRY_REVIEW_PENDING,EXPOSED_OR_NAV_REVIEW,DISCOVERED,static_route,1336
/operations-actions/:id,Shared Operational Home and Public Entry,Public / Shared,Home (/) or direct public workflow link,Home (/) or direct public workflow link → /operations-actions,DISCOVERED_NEEDS_REACHABILITY_PROOF,JUSTIFIED_HIDDEN_REVIEW,DISCOVERED,parameterized_or_deep_link,1337
/_internal/design-system,Shared Operational Home and Public Entry,Public / Shared,Home (/) or direct public workflow link,Home (/) or direct public workflow link → /_internal,DISCOVERED_NEEDS_REACHABILITY_PROOF,MERGE_OR_RETIRE_REVIEW,DISCOVERED,static_route,1351
/_internal/pm-v2-preview,Shared Operational Home and Public Entry,Public / Shared,Home (/) or direct public workflow link,Home (/) or direct public workflow link → /_internal,DISCOVERED_NEEDS_REACHABILITY_PROOF,MERGE_OR_RETIRE_REVIEW,DISCOVERED,static_route,1352
/_internal/hr-v2-preview,Shared Operational Home and Public Entry,Public / Shared,Home (/) or direct public workflow link,Home (/) or direct public workflow link → /_internal,DISCOVERED_NEEDS_REACHABILITY_PROOF,MERGE_OR_RETIRE_REVIEW,DISCOVERED,static_route,1353
/_internal/v2-index,Shared Operational Home and Public Entry,Public / Shared,Home (/) or direct public workflow link,Home (/) or direct public workflow link → /_internal,DISCOVERED_NEEDS_REACHABILITY_PROOF,MERGE_OR_RETIRE_REVIEW,DISCOVERED,static_route,1354
/_internal/v2-compare/:portal,Shared Operational Home and Public Entry,Public / Shared,Home (/) or direct public workflow link,Home (/) or direct public workflow link → /_internal/v2-compare,DISCOVERED_NEEDS_REACHABILITY_PROOF,JUSTIFIED_HIDDEN_REVIEW,DISCOVERED,parameterized_or_deep_link,1355
/daily-report/v2,Shared Operational Home and Public Entry,Public / Shared,Home (/) or direct public workflow link,Home (/) or direct public workflow link → /daily-report,DISCOVERED_ALIAS,REDIRECT,DISCOVERED,alias_or_redirect,1358
/daily/v1,Shared Operational Home and Public Entry,Public / Shared,Home (/) or direct public workflow link,Home (/) or direct public workflow link → /daily,DISCOVERED_ALIAS,REDIRECT,DISCOVERED,alias_or_redirect,1359
/daily/v2,Shared Operational Home and Public Entry,Public / Shared,Home (/) or direct public workflow link,Home (/) or direct public workflow link → /daily,DISCOVERED_ALIAS,REDIRECT,DISCOVERED,alias_or_redirect,1360
/daily/v3,Shared Operational Home and Public Entry,Public / Shared,Home (/) or direct public workflow link,Home (/) or direct public workflow link → /daily,DISCOVERED_ALIAS,REDIRECT,DISCOVERED,alias_or_redirect,1361
/daily-report/v1,Shared Operational Home and Public Entry,Public / Shared,Home (/) or direct public workflow link,Home (/) or direct public workflow link → /daily-report,DISCOVERED_ALIAS,REDIRECT,DISCOVERED,alias_or_redirect,1362
/daily-report/v3,Shared Operational Home and Public Entry,Public / Shared,Home (/) or direct public workflow link,Home (/) or direct public workflow link → /daily-report,DISCOVERED_ALIAS,REDIRECT,DISCOVERED,alias_or_redirect,1363
/pm/operational-intelligence,Project Management,Project Management,PM portal,PM portal → /pm,DISCOVERED_ENTRY_REVIEW_PENDING,EXPOSED_OR_NAV_REVIEW,EXECUTIVE_CERTIFIED,static_route,1364
/admin/ods-intelligence,Administration,Administrator / executive reviewer,Admin portal,Admin portal → /admin,DISCOVERED_ALIAS,REDIRECT,DISCOVERED,alias_or_redirect,1366
/executive/ods-intelligence,Administration,Administrator / executive reviewer,Admin portal,Admin portal → /executive,DISCOVERED_ALIAS,REDIRECT,DISCOVERED,alias_or_redirect,1369
/admin/occ,Administration,Administrator / executive reviewer,Admin portal,Admin portal → /admin,DISCOVERED_ALIAS,REDIRECT,DISCOVERED,alias_or_redirect,1374
/executive,Administration,Administrator / executive reviewer,Admin portal,Admin portal → /,DISCOVERED_ALIAS,REDIRECT,DISCOVERED,alias_or_redirect,1378
/executive-dashboard,Administration,Administrator / executive reviewer,Admin portal,Admin portal → /,DISCOVERED_ALIAS,REDIRECT,DISCOVERED,alias_or_redirect,1379
/admin/executive,Administration,Administrator / executive reviewer,Admin portal,Admin portal → /admin,DISCOVERED_ALIAS,REDIRECT,DISCOVERED,alias_or_redirect,1380
/fleet,Shared Operational Home and Public Entry,Public / Shared,Home (/) or direct public workflow link,Home (/) or direct public workflow link → /,DISCOVERED_ALIAS,REDIRECT,DISCOVERED,alias_or_redirect,1388
/admin/ai,Administration,Administrator / executive reviewer,Admin portal,Admin portal → /admin,DISCOVERED_ALIAS,REDIRECT,DISCOVERED,alias_or_redirect,1389
/admin/storage,Administration,Administrator / executive reviewer,Admin portal,Admin portal → /admin,DISCOVERED_ALIAS,REDIRECT,DISCOVERED,alias_or_redirect,1390
/fl,Shared Operational Home and Public Entry,Public / Shared,Home (/) or direct public workflow link,Home (/) or direct public workflow link → /,DISCOVERED_ALIAS,REDIRECT,DISCOVERED,alias_or_redirect,1391
*,Shared Operational Home and Public Entry,Public / Shared,Home (/) or direct public workflow link,Home (/) or direct public workflow link → /,DISCOVERED_ENTRY_REVIEW_PENDING,EXPOSED_OR_NAV_REVIEW,DISCOVERED,wildcard_router,1392
