route,portal,page_component,shell_implementation,header_implementation,logo_asset,rendered_logo_dimensions,header_height,background_treatment,primary_colors,font_family,title_size,body_size,content_width,left_right_padding,card_style,button_style,form_style,sidebar_style,responsive_behavior,duplicate_components_used,hard_coded_styling,known_exceptions,remediation_action,visual_drift_categories
/,Shared/Public,Hub,Route-local shell,Legacy local header,MasciLogo,pending screenshot certification,pending screenshot certification,WP17 grid + glass,"red,amber,emerald,orange,slate",font-display + mono + sans tokens,pending live measurement,pending live measurement,max-w-6xl,pending live measurement,mixed/local,canonical button set,route-local / n/a,none/local,pending viewport certification,local-logo; local-lang-toggle; legacy-local-header,yes,none documented,Move route to PortalShell / PortalLoginShell / FormShell and remove local header/footer,header
/revise/:token,Shared/Public,Revise,Route-local shell,Minimal / inherited,none/unknown,pending screenshot certification,pending screenshot certification,WP17 grid + glass,"red,amber,slate",mixed/local,pending live measurement,pending live measurement,max-w-4xl,pending live measurement,mixed/local,native/mixed,route-local / n/a,none/local,pending viewport certification,,yes,none documented,Move route to PortalShell / PortalLoginShell / FormShell and remove local header/footer,forms
/safety,Safety,SafetySection,PortalShell,Canonical platform header,MasciLogo,pending screenshot certification,pending screenshot certification,Mixed / local,"red,amber,emerald,cyan,slate",font-display + mono + sans tokens,pending live measurement,pending live measurement,max-w-6xl,pending live measurement,wp17-panel/wp17-form-frame,native/mixed,route-local / n/a,PortalShell responsive nav,pending viewport certification,,yes,none documented,Visual recertification / remove local overrides,certification pending
/safety/forms/login,Safety,SafetyFormsLogin,PortalLoginShell,Canonical public auth header,MasciLogo,pending screenshot certification,pending screenshot certification,Mixed / local,"red,slate",font-display + mono + sans tokens,pending live measurement,pending live measurement,max-w-md,pending live measurement,wp17-panel/wp17-form-frame,canonical button set,PortalLoginShell,none/local,pending viewport certification,,yes,none documented,Visual recertification / remove local overrides,certification pending
/safety/forms,Safety,SafetyFormsHub,PortalShell,Canonical platform header,MasciLogo,pending screenshot certification,pending screenshot certification,Mixed / local,"red,amber,slate",font-display + mono + sans tokens,pending live measurement,pending live measurement,max-w-6xl,pending live measurement,wp17-panel/wp17-form-frame,native/mixed,route-local / n/a,PortalShell responsive nav,pending viewport certification,,yes,none documented,Visual recertification / remove local overrides,certification pending
/safety/forms/equipment-issuance/new,Safety,NewSafetyEquipmentIssuance,FormShell,Canonical form header,MasciLogo,pending screenshot certification,pending screenshot certification,Flat slate background,"red,amber,emerald,slate",font-display + mono + sans tokens,pending live measurement,pending live measurement,max-w-4xl,pending live measurement,wp17-panel/wp17-form-frame,canonical button set,FormShell,none/local,pending viewport certification,legacy-help-tip,yes,none documented,Audit coaching treatment and reduce duplicated help bands,coaching
/safety/forms/equipment-issuance/:id,Safety,ViewSafetyForm,Route-local shell,Legacy local header,MasciLogo,pending screenshot certification,pending screenshot certification,Legacy blueprint grid,"red,amber,emerald,slate",font-display + mono + sans tokens,pending live measurement,pending live measurement,max-w-2xl,pending live measurement,mixed/local,canonical button set,route-local / n/a,none/local,pending viewport certification,local-logo; local-lang-toggle; legacy-local-header,yes,none documented,Move route to PortalShell / PortalLoginShell / FormShell and remove local header/footer,header; tables
/safety/forms/equipment-issuance/:id/return,Safety,ReturnEquipment,FormShell,Canonical form header,MasciLogo,pending screenshot certification,pending screenshot certification,Flat slate background,"red,amber,emerald,slate",font-display + mono + sans tokens,pending live measurement,pending live measurement,max-w-2xl,pending live measurement,wp17-panel/wp17-form-frame,canonical button set,FormShell,none/local,pending viewport certification,,yes,none documented,Visual recertification / remove local overrides,certification pending
/safety/forms/equipment-training/new,Safety,NewSafetyEquipmentTraining,FormShell,Canonical form header,MasciLogo,pending screenshot certification,pending screenshot certification,Flat slate background,"red,amber,slate",font-display + mono + sans tokens,pending live measurement,pending live measurement,max-w-4xl,pending live measurement,wp17-panel/wp17-form-frame,canonical button set,FormShell,none/local,pending viewport certification,legacy-help-tip,yes,none documented,Audit coaching treatment and reduce duplicated help bands,coaching
/safety/forms/equipment-training/:id,Safety,ViewSafetyForm,Route-local shell,Legacy local header,MasciLogo,pending screenshot certification,pending screenshot certification,Legacy blueprint grid,"red,amber,emerald,slate",font-display + mono + sans tokens,pending live measurement,pending live measurement,max-w-2xl,pending live measurement,mixed/local,canonical button set,route-local / n/a,none/local,pending viewport certification,local-logo; local-lang-toggle; legacy-local-header,yes,none documented,Move route to PortalShell / PortalLoginShell / FormShell and remove local header/footer,header; tables
/safety/cards,Safety,FieldSafetyCards,Route-local shell,Legacy local header,MasciLogo,pending screenshot certification,pending screenshot certification,Legacy blueprint grid,"red,slate",font-display + mono + sans tokens,pending live measurement,pending live measurement,max-w-lg,pending live measurement,mixed/local,canonical button set,route-local / n/a,none/local,pending viewport certification,local-logo; local-lang-toggle; custom-dialog; legacy-local-header,yes,none documented,Move route to PortalShell / PortalLoginShell / FormShell and remove local header/footer,header; navigation; spacing
/field,Field,FieldSection,PortalShell,Canonical platform header,MasciLogo,pending screenshot certification,pending screenshot certification,Mixed / local,"red,amber,emerald,slate",font-display + mono + sans tokens,pending live measurement,pending live measurement,max-w-6xl,pending live measurement,wp17-panel/wp17-form-frame,native/mixed,route-local / n/a,PortalShell responsive nav,pending viewport certification,,yes,none documented,Visual recertification / remove local overrides,certification pending
/field/calculators,Field,MaterialCalculators,PortalShell,Canonical platform header,MasciLogo,pending screenshot certification,pending screenshot certification,Flat slate background,"red,amber,emerald,slate",font-display + mono + sans tokens,pending live measurement,pending live measurement,max-w-5xl,pending live measurement,wp17-panel/wp17-form-frame,canonical button set,route-local / n/a,PortalShell responsive nav,pending viewport certification,local-lang-toggle; legacy-help-tip,yes,none documented,Audit coaching treatment and reduce duplicated help bands,coaching
/qaqc,QAQC,QaqcSection,PortalShell,Canonical platform header,MasciLogo,pending screenshot certification,pending screenshot certification,Mixed / local,"red,amber,emerald,cyan,slate",font-display + mono + sans tokens,pending live measurement,pending live measurement,max-w-6xl,pending live measurement,wp17-panel/wp17-form-frame,native/mixed,route-local / n/a,PortalShell responsive nav,pending viewport certification,,yes,none documented,Visual recertification / remove local overrides,certification pending
/qa-qc,Shared/Public,unresolved,Route-local shell,Minimal / inherited,none/unknown,pending screenshot certification,pending screenshot certification,Mixed / local,pending,mixed/local,pending live measurement,pending live measurement,fluid/mixed,pending live measurement,mixed/local,native/mixed,route-local / n/a,none/local,pending viewport certification,,minimal,none documented,Move route to PortalShell / PortalLoginShell / FormShell and remove local header/footer,certification pending
/qaqc/:slug/new,QAQC,NewQaqcInspection,FormShell,Canonical form header,MasciLogo,pending screenshot certification,pending screenshot certification,Flat slate background,"red,emerald,slate",font-display + mono + sans tokens,pending live measurement,pending live measurement,max-w-3xl,pending live measurement,wp17-panel/wp17-form-frame,canonical button set,FormShell,none/local,pending viewport certification,legacy-help-tip,yes,none documented,Audit coaching treatment and reduce duplicated help bands,coaching
/qaqc/:id,QAQC,ViewQaqcInspection,Route-local shell,Legacy local header,MasciLogo,pending screenshot certification,pending screenshot certification,Legacy blueprint grid,"red,emerald,slate",font-display + mono + sans tokens,pending live measurement,pending live measurement,max-w-4xl,pending live measurement,mixed/local,canonical button set,route-local / n/a,none/local,pending viewport certification,local-logo; local-lang-toggle,yes,none documented,Move route to PortalShell / PortalLoginShell / FormShell and remove local header/footer,header
/admin/qaqc,Admin,AdminQaqcList,PortalShell,Canonical platform header,MasciLogo,pending screenshot certification,pending screenshot certification,Mixed / local,"red,emerald,slate",font-display + mono + sans tokens,pending live measurement,pending live measurement,max-w-6xl,pending live measurement,wp17-panel/wp17-form-frame,canonical button set,route-local / n/a,PortalShell responsive nav,pending viewport certification,,yes,none documented,Visual recertification / remove local overrides,certification pending
/admin/transportation/*,Admin,AdminTransportation,Route-local shell,Minimal / inherited,none/unknown,pending screenshot certification,pending screenshot certification,Mixed / local,pending,mixed/local,pending live measurement,pending live measurement,fluid/mixed,pending live measurement,mixed/local,native/mixed,route-local / n/a,none/local,pending viewport certification,,minimal,none documented,Move route to PortalShell / PortalLoginShell / FormShell and remove local header/footer,certification pending
/transportation-operations/*,Shared/Public,AdminTransportation,Route-local shell,Minimal / inherited,none/unknown,pending screenshot certification,pending screenshot certification,Mixed / local,pending,mixed/local,pending live measurement,pending live measurement,fluid/mixed,pending live measurement,mixed/local,native/mixed,route-local / n/a,none/local,pending viewport certification,,minimal,none documented,Move route to PortalShell / PortalLoginShell / FormShell and remove local header/footer,certification pending
/admin/photos,Admin,JobPhotosLibrary,PortalShell,Canonical platform header,MasciLogo,pending screenshot certification,pending screenshot certification,Flat slate background,"red,amber,emerald,slate",font-display + mono + sans tokens,pending live measurement,pending live measurement,max-w-7xl,pending live measurement,wp17-panel/wp17-form-frame,canonical button set,route-local / n/a,PortalShell responsive nav,pending viewport certification,,yes,none documented,Visual recertification / remove local overrides,certification pending
/constraints,Shared/Public,Constraints,Route-local shell,Minimal / inherited,none/unknown,pending screenshot certification,pending screenshot certification,Flat slate background,"amber,emerald,slate",mixed/local,pending live measurement,pending live measurement,max-w-3xl,pending live measurement,mixed/local,native/mixed,route-local / n/a,none/local,pending viewport certification,,yes,none documented,Move route to PortalShell / PortalLoginShell / FormShell and remove local header/footer,certification pending
/constraints/new,Shared/Public,NewConstraint,FormShell,Canonical form header,MasciLogo,pending screenshot certification,pending screenshot certification,Flat slate background,"red,slate",font-display + mono + sans tokens,pending live measurement,pending live measurement,max-w-2xl,pending live measurement,wp17-panel/wp17-form-frame,canonical button set,FormShell,none/local,pending viewport certification,,yes,none documented,Visual recertification / remove local overrides,certification pending
/constraints/:id,Shared/Public,ConstraintDetail,Route-local shell,Minimal / inherited,none/unknown,pending screenshot certification,pending screenshot certification,Flat slate background,"red,emerald,slate",mixed/local,pending live measurement,pending live measurement,max-w-3xl,pending live measurement,mixed/local,native/mixed,route-local / n/a,none/local,pending viewport certification,,yes,none documented,Move route to PortalShell / PortalLoginShell / FormShell and remove local header/footer,certification pending
/leadership,Shared/Public,FieldLeadershipHub,PortalShell,Canonical platform header,MasciLogo,pending screenshot certification,pending screenshot certification,Legacy blueprint grid,"red,amber,emerald,cyan,orange,purple,slate",font-display + mono + sans tokens,pending live measurement,pending live measurement,fluid/mixed,pending live measurement,wp17-panel/wp17-form-frame,canonical button set,route-local / n/a,PortalShell responsive nav,pending viewport certification,local-logo; local-lang-toggle; legacy-attribution; legacy-local-header,yes,none documented,Visual recertification / remove local overrides,certification pending
/leadership/hub_v2,Shared/Public,unresolved,Route-local shell,Minimal / inherited,none/unknown,pending screenshot certification,pending screenshot certification,Mixed / local,pending,mixed/local,pending live measurement,pending live measurement,fluid/mixed,pending live measurement,mixed/local,native/mixed,route-local / n/a,none/local,pending viewport certification,,minimal,none documented,Move route to PortalShell / PortalLoginShell / FormShell and remove local header/footer,certification pending
/leadership/records,Shared/Public,FieldLeadershipRecords,PortalShell,Canonical platform header,MasciLogo,pending screenshot certification,pending screenshot certification,Flat slate background,"red,slate",font-display + mono + sans tokens,pending live measurement,pending live measurement,fluid/mixed,pending live measurement,wp17-panel/wp17-form-frame,canonical button set,route-local / n/a,PortalShell responsive nav,pending viewport certification,legacy-help-tip,yes,none documented,Audit coaching treatment and reduce duplicated help bands,coaching
/leadership/records/:id,Shared/Public,FieldLeadershipView,PortalShell,Canonical platform header,MasciLogo,pending screenshot certification,pending screenshot certification,Flat slate background,"red,amber,emerald,slate",font-display + mono + sans tokens,pending live measurement,pending live measurement,max-w-5xl,pending live measurement,wp17-panel/wp17-form-frame,canonical button set,route-local / n/a,PortalShell responsive nav,pending viewport certification,,yes,none documented,Move table to canonical table shell,tables
/leadership/:kind/new,Shared/Public,FieldLeadershipFormPage,FormShell,Canonical form header,MasciLogo,pending screenshot certification,pending screenshot certification,Flat slate background,"red,amber,emerald,slate",font-display + mono + sans tokens,pending live measurement,pending live measurement,max-w-md,pending live measurement,wp17-panel/wp17-form-frame,canonical button set,FormShell,none/local,pending viewport certification,local-logo; local-lang-toggle; legacy-help-tip,yes,none documented,Audit coaching treatment and reduce duplicated help bands,coaching
/safety/inspections/new,Safety,NewInspection,FormShell,Canonical form header,MasciLogo,pending screenshot certification,pending screenshot certification,Mixed / local,"red,emerald,slate",font-display + mono + sans tokens,pending live measurement,pending live measurement,max-w-4xl,pending live measurement,wp17-panel/wp17-form-frame,canonical button set,FormShell,none/local,pending viewport certification,legacy-help-tip,yes,none documented,Audit coaching treatment and reduce duplicated help bands,coaching
/inspect/new,Shared/Public,unresolved,Route-local shell,Minimal / inherited,none/unknown,pending screenshot certification,pending screenshot certification,Mixed / local,pending,mixed/local,pending live measurement,pending live measurement,fluid/mixed,pending live measurement,mixed/local,native/mixed,route-local / n/a,none/local,pending viewport certification,,minimal,none documented,Move route to PortalShell / PortalLoginShell / FormShell and remove local header/footer,certification pending
/submit,Shared/Public,unresolved,Route-local shell,Minimal / inherited,none/unknown,pending screenshot certification,pending screenshot certification,Mixed / local,pending,mixed/local,pending live measurement,pending live measurement,fluid/mixed,pending live measurement,mixed/local,native/mixed,route-local / n/a,none/local,pending viewport certification,,minimal,none documented,Move route to PortalShell / PortalLoginShell / FormShell and remove local header/footer,certification pending
/inspections/submit,Shared/Public,unresolved,Route-local shell,Minimal / inherited,none/unknown,pending screenshot certification,pending screenshot certification,Mixed / local,pending,mixed/local,pending live measurement,pending live measurement,fluid/mixed,pending live measurement,mixed/local,native/mixed,route-local / n/a,none/local,pending viewport certification,,minimal,none documented,Move route to PortalShell / PortalLoginShell / FormShell and remove local header/footer,certification pending
/inspections/new,Shared/Public,unresolved,Route-local shell,Minimal / inherited,none/unknown,pending screenshot certification,pending screenshot certification,Mixed / local,pending,mixed/local,pending live measurement,pending live measurement,fluid/mixed,pending live measurement,mixed/local,native/mixed,route-local / n/a,none/local,pending viewport certification,,minimal,none documented,Move route to PortalShell / PortalLoginShell / FormShell and remove local header/footer,certification pending
/meetings/new,Meetings,NewMeeting,FormShell,Canonical form header,MasciLogo,pending screenshot certification,pending screenshot certification,Flat slate background,"red,amber,emerald,slate",font-display + mono + sans tokens,pending live measurement,pending live measurement,max-w-4xl,pending live measurement,wp17-panel/wp17-form-frame,canonical button set,FormShell,none/local,pending viewport certification,legacy-help-tip,yes,none documented,Visual recertification / remove local overrides,certification pending
/meetings/submit,Meetings,NewMeeting,FormShell,Canonical form header,MasciLogo,pending screenshot certification,pending screenshot certification,Flat slate background,"red,amber,emerald,slate",font-display + mono + sans tokens,pending live measurement,pending live measurement,max-w-4xl,pending live measurement,wp17-panel/wp17-form-frame,canonical button set,FormShell,none/local,pending viewport certification,legacy-help-tip,yes,none documented,Visual recertification / remove local overrides,certification pending
/jha,JHA,JhaPlansHub,PortalShell,Canonical platform header,MasciLogo,pending screenshot certification,pending screenshot certification,Flat slate background,"red,amber,slate",font-display + mono + sans tokens,pending live measurement,pending live measurement,max-w-5xl,pending live measurement,wp17-panel/wp17-form-frame,canonical button set,route-local / n/a,PortalShell responsive nav,pending viewport certification,legacy-help-tip,yes,none documented,Audit coaching treatment and reduce duplicated help bands,coaching
/jha/submit,JHA,unresolved,Route-local shell,Minimal / inherited,none/unknown,pending screenshot certification,pending screenshot certification,Mixed / local,pending,mixed/local,pending live measurement,pending live measurement,fluid/mixed,pending live measurement,mixed/local,native/mixed,route-local / n/a,none/local,pending viewport certification,,minimal,none documented,Move route to PortalShell / PortalLoginShell / FormShell and remove local header/footer,certification pending
/jha/new,JHA,unresolved,Route-local shell,Minimal / inherited,none/unknown,pending screenshot certification,pending screenshot certification,Mixed / local,pending,mixed/local,pending live measurement,pending live measurement,fluid/mixed,pending live measurement,mixed/local,native/mixed,route-local / n/a,none/local,pending viewport certification,,minimal,none documented,Move route to PortalShell / PortalLoginShell / FormShell and remove local header/footer,certification pending
/trench-boxes,Shared/Public,unresolved,Route-local shell,Minimal / inherited,none/unknown,pending screenshot certification,pending screenshot certification,Mixed / local,pending,mixed/local,pending live measurement,pending live measurement,fluid/mixed,pending live measurement,mixed/local,native/mixed,route-local / n/a,none/local,pending viewport certification,,minimal,none documented,Move route to PortalShell / PortalLoginShell / FormShell and remove local header/footer,certification pending
/trench-safety,Shared/Public,trench_safety/PublicTrenchSafetyDashboard,Route-local shell,Legacy local header,none/unknown,pending screenshot certification,pending screenshot certification,Legacy blueprint grid,"red,amber,cyan,slate",font-display + mono + sans tokens,pending live measurement,pending live measurement,max-w-3xl,pending live measurement,mixed/local,native/mixed,route-local / n/a,none/local,pending viewport certification,legacy-local-header,yes,none documented,Move route to PortalShell / PortalLoginShell / FormShell and remove local header/footer,header
/trench-safety/tabulated-data,Shared/Public,trench_safety/PublicTrenchSafetyTabulatedData,Route-local shell,Legacy local header,none/unknown,pending screenshot certification,pending screenshot certification,Legacy blueprint grid,"red,amber,cyan,slate",font-display + mono + sans tokens,pending live measurement,pending live measurement,max-w-3xl,pending live measurement,mixed/local,native/mixed,route-local / n/a,none/local,pending viewport certification,legacy-local-header,yes,none documented,Move route to PortalShell / PortalLoginShell / FormShell and remove local header/footer,header
/trench-safety/references,Shared/Public,trench_safety/PublicTrenchSafetyReferences,Route-local shell,Legacy local header,none/unknown,pending screenshot certification,pending screenshot certification,Legacy blueprint grid,"red,amber,cyan,slate",font-display + mono + sans tokens,pending live measurement,pending live measurement,max-w-3xl,pending live measurement,mixed/local,native/mixed,route-local / n/a,none/local,pending viewport certification,legacy-local-header,yes,none documented,Move route to PortalShell / PortalLoginShell / FormShell and remove local header/footer,header
/trench-safety/report,Shared/Public,trench_safety/PublicTrenchSafetyReport,Route-local shell,Legacy local header,none/unknown,pending screenshot certification,pending screenshot certification,Legacy blueprint grid,"amber,cyan,slate",font-display + mono + sans tokens,pending live measurement,pending live measurement,max-w-3xl,pending live measurement,mixed/local,native/mixed,route-local / n/a,none/local,pending viewport certification,legacy-local-header,yes,none documented,Move route to PortalShell / PortalLoginShell / FormShell and remove local header/footer,header
/trench-safety/assets/:assetId,Shared/Public,trench_safety/TrenchSafetyQrLanding,Route-local shell,Legacy local header,none/unknown,pending screenshot certification,pending screenshot certification,Legacy blueprint grid,"red,amber,emerald,cyan,orange,purple,slate",font-display + mono + sans tokens,pending live measurement,pending live measurement,max-w-md,pending live measurement,mixed/local,native/mixed,route-local / n/a,none/local,pending viewport certification,legacy-local-header,yes,none documented,Move route to PortalShell / PortalLoginShell / FormShell and remove local header/footer,header
/transport-invite/:token,Shared/Public,transportation/ExternalCarrierInvite,Route-local shell,Legacy local header,MasciLogo,pending screenshot certification,pending screenshot certification,WP17 grid + glass,"red,amber,emerald,slate",mixed/local,pending live measurement,pending live measurement,max-w-xl,pending live measurement,wp17-panel/wp17-form-frame,native/mixed,route-local / n/a,none/local,pending viewport certification,local-logo; legacy-attribution,yes,none documented,Move route to PortalShell / PortalLoginShell / FormShell and remove local header/footer,header; navigation; typography
/transport-verify/:cnum,Shared/Public,transportation/CertificateVerify,Route-local shell,Legacy local header,MasciLogo,pending screenshot certification,pending screenshot certification,WP17 grid + glass,"red,amber,emerald,slate",mixed/local,pending live measurement,pending live measurement,max-w-5xl,pending live measurement,mixed/local,native/mixed,route-local / n/a,none/local,pending viewport certification,local-logo; legacy-attribution,yes,none documented,Move route to PortalShell / PortalLoginShell / FormShell and remove local header/footer,header; navigation
/incidents/new,Incidents,unresolved,Route-local shell,Minimal / inherited,none/unknown,pending screenshot certification,pending screenshot certification,Mixed / local,pending,mixed/local,pending live measurement,pending live measurement,fluid/mixed,pending live measurement,mixed/local,native/mixed,route-local / n/a,none/local,pending viewport certification,,minimal,none documented,Move route to PortalShell / PortalLoginShell / FormShell and remove local header/footer,certification pending
/incidents/submit,Incidents,unresolved,Route-local shell,Minimal / inherited,none/unknown,pending screenshot certification,pending screenshot certification,Mixed / local,pending,mixed/local,pending live measurement,pending live measurement,fluid/mixed,pending live measurement,mixed/local,native/mixed,route-local / n/a,none/local,pending viewport certification,,minimal,none documented,Move route to PortalShell / PortalLoginShell / FormShell and remove local header/footer,certification pending
/incidents/report,Incidents,IncidentReport,FormShell,Canonical form header,MasciLogo,pending screenshot certification,pending screenshot certification,Flat slate background,"red,amber,emerald,slate",font-display + mono + sans tokens,pending live measurement,pending live measurement,max-w-2xl,pending live measurement,wp17-panel/wp17-form-frame,native/mixed,FormShell,none/local,pending viewport certification,,yes,none documented,Visual recertification / remove local overrides,certification pending
/near-miss,Shared/Public,NearMissKiosk,Route-local shell,Legacy local header,none/unknown,pending screenshot certification,pending screenshot certification,Flat slate background,"red,amber,emerald,slate",font-display + mono + sans tokens,pending live measurement,pending live measurement,max-w-xs,pending live measurement,mixed/local,native/mixed,route-local / n/a,none/local,pending viewport certification,local-lang-toggle,yes,none documented,Move route to PortalShell / PortalLoginShell / FormShell and remove local header/footer,header; forms
/safety/cases/:caseId,Safety,SafetyCaseWorkspace,Route-local shell,Minimal / inherited,none/unknown,pending screenshot certification,pending screenshot certification,Flat slate background,"red,amber,emerald,purple,slate",font-display + mono + sans tokens,pending live measurement,pending live measurement,max-w-md,pending live measurement,mixed/local,native/mixed,route-local / n/a,none/local,pending viewport certification,,yes,none documented,Move route to PortalShell / PortalLoginShell / FormShell and remove local header/footer,certification pending
/safety/incidents/:caseId/thread,Safety,SafetyIncidentThread,Route-local shell,Minimal / inherited,none/unknown,pending screenshot certification,pending screenshot certification,Flat slate background,"red,slate",mixed/local,pending live measurement,pending live measurement,max-w-5xl,pending live measurement,mixed/local,native/mixed,route-local / n/a,none/local,pending viewport certification,,yes,none documented,Move route to PortalShell / PortalLoginShell / FormShell and remove local header/footer,certification pending
/safety/executive-intelligence,Safety,ExecutiveIntelligence,Route-local shell,Minimal / inherited,none/unknown,pending screenshot certification,pending screenshot certification,Flat slate background,"red,amber,emerald,orange,slate",font-display + mono + sans tokens,pending live measurement,pending live measurement,max-w-md,pending live measurement,mixed/local,native/mixed,route-local / n/a,none/local,pending viewport certification,,yes,none documented,Move route to PortalShell / PortalLoginShell / FormShell and remove local header/footer,certification pending
/safety/cases/:caseId/reports/:reportType,Safety,IncidentReportViewer,Route-local shell,Minimal / inherited,none/unknown,pending screenshot certification,pending screenshot certification,Flat slate background,"red,amber,emerald,orange,slate",mixed/local,pending live measurement,pending live measurement,max-w-4xl,pending live measurement,mixed/local,native/mixed,route-local / n/a,none/local,pending viewport certification,,yes,none documented,Move route to PortalShell / PortalLoginShell / FormShell and remove local header/footer,tables; typography
/safety/cases/:caseId/executive-report,Safety,ExecutiveCaseReport,Route-local shell,Minimal / inherited,none/unknown,pending screenshot certification,pending screenshot certification,Flat slate background,"red,amber,emerald,cyan,orange,slate",font-display + mono + sans tokens,pending live measurement,pending live measurement,max-w-md,pending live measurement,mixed/local,native/mixed,route-local / n/a,none/local,pending viewport certification,,yes,none documented,Move route to PortalShell / PortalLoginShell / FormShell and remove local header/footer,tables
/daily/new,Shared/Public,unresolved,Route-local shell,Minimal / inherited,none/unknown,pending screenshot certification,pending screenshot certification,Mixed / local,pending,mixed/local,pending live measurement,pending live measurement,fluid/mixed,pending live measurement,mixed/local,native/mixed,route-local / n/a,none/local,pending viewport certification,,minimal,none documented,Move route to PortalShell / PortalLoginShell / FormShell and remove local header/footer,certification pending
/daily/submit,Shared/Public,NewDailyReportV3,FormShell,Canonical form header,MasciLogo,pending screenshot certification,pending screenshot certification,Mixed / local,"red,amber,emerald,slate",font-display + mono + sans tokens,pending live measurement,pending live measurement,max-w-3xl,pending live measurement,wp17-panel/wp17-form-frame,native/mixed,FormShell,none/local,pending viewport certification,,yes,none documented,Visual recertification / remove local overrides,certification pending
/equipment/new,Equipment,NewEquipmentInspection,FormShell,Canonical form header,MasciLogo,pending screenshot certification,pending screenshot certification,Flat slate background,"red,amber,emerald,slate",font-display + mono + sans tokens,pending live measurement,pending live measurement,max-w-4xl,pending live measurement,wp17-panel/wp17-form-frame,canonical button set,FormShell,none/local,pending viewport certification,legacy-help-tip,yes,none documented,Visual recertification / remove local overrides,certification pending
/equipment/submit,Equipment,NewEquipmentInspection,FormShell,Canonical form header,MasciLogo,pending screenshot certification,pending screenshot certification,Flat slate background,"red,amber,emerald,slate",font-display + mono + sans tokens,pending live measurement,pending live measurement,max-w-4xl,pending live measurement,wp17-panel/wp17-form-frame,canonical button set,FormShell,none/local,pending viewport certification,legacy-help-tip,yes,none documented,Visual recertification / remove local overrides,certification pending
/equipment/:id,Equipment,unresolved,Route-local shell,Minimal / inherited,none/unknown,pending screenshot certification,pending screenshot certification,Mixed / local,pending,mixed/local,pending live measurement,pending live measurement,fluid/mixed,pending live measurement,mixed/local,native/mixed,route-local / n/a,none/local,pending viewport certification,,minimal,none documented,Move route to PortalShell / PortalLoginShell / FormShell and remove local header/footer,certification pending
/fleet/dvir/new,Fleet,NewFleetDVIR,FormShell,Canonical form header,MasciLogo,pending screenshot certification,pending screenshot certification,Legacy blueprint grid,"red,amber,emerald,slate",font-display + mono + sans tokens,pending live measurement,pending live measurement,max-w-md,pending live measurement,wp17-panel/wp17-form-frame,canonical button set,FormShell,none/local,pending viewport certification,legacy-help-tip,yes,none documented,Visual recertification / remove local overrides,certification pending
/fleet/dvir/submit,Fleet,NewFleetDVIR,FormShell,Canonical form header,MasciLogo,pending screenshot certification,pending screenshot certification,Legacy blueprint grid,"red,amber,emerald,slate",font-display + mono + sans tokens,pending live measurement,pending live measurement,max-w-md,pending live measurement,wp17-panel/wp17-form-frame,canonical button set,FormShell,none/local,pending viewport certification,legacy-help-tip,yes,none documented,Visual recertification / remove local overrides,certification pending
/fleet/weekly-lead/new,Fleet,NewFleetDVIR,FormShell,Canonical form header,MasciLogo,pending screenshot certification,pending screenshot certification,Legacy blueprint grid,"red,amber,emerald,slate",font-display + mono + sans tokens,pending live measurement,pending live measurement,max-w-md,pending live measurement,wp17-panel/wp17-form-frame,canonical button set,FormShell,none/local,pending viewport certification,legacy-help-tip,yes,none documented,Visual recertification / remove local overrides,certification pending
/fleet/weekly-emergency/new,Fleet,NewFleetDVIR,FormShell,Canonical form header,MasciLogo,pending screenshot certification,pending screenshot certification,Legacy blueprint grid,"red,amber,emerald,slate",font-display + mono + sans tokens,pending live measurement,pending live measurement,max-w-md,pending live measurement,wp17-panel/wp17-form-frame,canonical button set,FormShell,none/local,pending viewport certification,legacy-help-tip,yes,none documented,Visual recertification / remove local overrides,certification pending
/fleet/dvir/submitted/:id,Fleet,FleetDVIRConfirmation,FormShell,Canonical form header,MasciLogo,pending screenshot certification,pending screenshot certification,Mixed / local,"red,amber,emerald,slate",font-display + mono + sans tokens,pending live measurement,pending live measurement,max-w-3xl,pending live measurement,wp17-panel/wp17-form-frame,canonical button set,FormShell,none/local,pending viewport certification,,yes,none documented,Visual recertification / remove local overrides,coaching
/thank-you,Shared/Public,ThankYou,Route-local shell,Legacy local header,MasciLogo,pending screenshot certification,pending screenshot certification,Legacy blueprint grid,"red,amber,emerald,slate",font-display + mono + sans tokens,pending live measurement,pending live measurement,max-w-3xl,pending live measurement,mixed/local,canonical button set,route-local / n/a,none/local,pending viewport certification,local-logo; local-lang-toggle; legacy-local-header,yes,none documented,Move route to PortalShell / PortalLoginShell / FormShell and remove local header/footer,header
/cheatsheet,Shared/Public,CheatSheet,Route-local shell,Legacy local header,none/unknown,pending screenshot certification,pending screenshot certification,Legacy blueprint grid,"red,slate",mixed/local,pending live measurement,pending live measurement,max-w-5xl,pending live measurement,mixed/local,canonical button set,route-local / n/a,none/local,pending viewport certification,local-lang-toggle; legacy-local-header,yes,none documented,Move route to PortalShell / PortalLoginShell / FormShell and remove local header/footer,header
/cheat-sheet,Shared/Public,unresolved,Route-local shell,Minimal / inherited,none/unknown,pending screenshot certification,pending screenshot certification,Mixed / local,pending,mixed/local,pending live measurement,pending live measurement,fluid/mixed,pending live measurement,mixed/local,native/mixed,route-local / n/a,none/local,pending viewport certification,,minimal,none documented,Move route to PortalShell / PortalLoginShell / FormShell and remove local header/footer,certification pending
/reports/daily/new,Shared/Public,unresolved,Route-local shell,Minimal / inherited,none/unknown,pending screenshot certification,pending screenshot certification,Mixed / local,pending,mixed/local,pending live measurement,pending live measurement,fluid/mixed,pending live measurement,mixed/local,native/mixed,route-local / n/a,none/local,pending viewport certification,,minimal,none documented,Move route to PortalShell / PortalLoginShell / FormShell and remove local header/footer,certification pending
/daily-reports/new,Shared/Public,unresolved,Route-local shell,Minimal / inherited,none/unknown,pending screenshot certification,pending screenshot certification,Mixed / local,pending,mixed/local,pending live measurement,pending live measurement,fluid/mixed,pending live measurement,mixed/local,native/mixed,route-local / n/a,none/local,pending viewport certification,,minimal,none documented,Move route to PortalShell / PortalLoginShell / FormShell and remove local header/footer,certification pending
/daily-reports,Shared/Public,DailyReportsDashboard,PortalShell,Canonical platform header,MasciLogo,pending screenshot certification,pending screenshot certification,Mixed / local,"red,amber,slate",font-display + mono + sans tokens,pending live measurement,pending live measurement,max-w-6xl,pending live measurement,wp17-panel/wp17-form-frame,canonical button set,route-local / n/a,PortalShell responsive nav,pending viewport certification,local-lang-toggle; legacy-help-tip,yes,none documented,Audit coaching treatment and reduce duplicated help bands,coaching
/daily-reports/:id,Shared/Public,unresolved,Route-local shell,Minimal / inherited,none/unknown,pending screenshot certification,pending screenshot certification,Mixed / local,pending,mixed/local,pending live measurement,pending live measurement,fluid/mixed,pending live measurement,mixed/local,native/mixed,route-local / n/a,none/local,pending viewport certification,,minimal,none documented,Move route to PortalShell / PortalLoginShell / FormShell and remove local header/footer,certification pending
/safety/jha,Safety,unresolved,Route-local shell,Minimal / inherited,none/unknown,pending screenshot certification,pending screenshot certification,Mixed / local,pending,mixed/local,pending live measurement,pending live measurement,fluid/mixed,pending live measurement,mixed/local,native/mixed,route-local / n/a,none/local,pending viewport certification,,minimal,none documented,Move route to PortalShell / PortalLoginShell / FormShell and remove local header/footer,certification pending
/safety/trench-boxes,Safety,unresolved,Route-local shell,Minimal / inherited,none/unknown,pending screenshot certification,pending screenshot certification,Mixed / local,pending,mixed/local,pending live measurement,pending live measurement,fluid/mixed,pending live measurement,mixed/local,native/mixed,route-local / n/a,none/local,pending viewport certification,,minimal,none documented,Move route to PortalShell / PortalLoginShell / FormShell and remove local header/footer,certification pending
/safety/trench-safety,Safety,unresolved,Route-local shell,Minimal / inherited,none/unknown,pending screenshot certification,pending screenshot certification,Mixed / local,pending,mixed/local,pending live measurement,pending live measurement,fluid/mixed,pending live measurement,mixed/local,native/mixed,route-local / n/a,none/local,pending viewport certification,,minimal,none documented,Move route to PortalShell / PortalLoginShell / FormShell and remove local header/footer,certification pending
/safety/trench-safety/assets,Safety,unresolved,Route-local shell,Minimal / inherited,none/unknown,pending screenshot certification,pending screenshot certification,Mixed / local,pending,mixed/local,pending live measurement,pending live measurement,fluid/mixed,pending live measurement,mixed/local,native/mixed,route-local / n/a,none/local,pending viewport certification,,minimal,none documented,Move route to PortalShell / PortalLoginShell / FormShell and remove local header/footer,certification pending
/safety/trench-safety/assets/:assetId,Safety,unresolved,Route-local shell,Minimal / inherited,none/unknown,pending screenshot certification,pending screenshot certification,Mixed / local,pending,mixed/local,pending live measurement,pending live measurement,fluid/mixed,pending live measurement,mixed/local,native/mixed,route-local / n/a,none/local,pending viewport certification,,minimal,none documented,Move route to PortalShell / PortalLoginShell / FormShell and remove local header/footer,certification pending
/safety/trench-safety/tabulated-data,Safety,unresolved,Route-local shell,Minimal / inherited,none/unknown,pending screenshot certification,pending screenshot certification,Mixed / local,pending,mixed/local,pending live measurement,pending live measurement,fluid/mixed,pending live measurement,mixed/local,native/mixed,route-local / n/a,none/local,pending viewport certification,,minimal,none documented,Move route to PortalShell / PortalLoginShell / FormShell and remove local header/footer,certification pending
/safety/trench-safety/reports,Safety,unresolved,Route-local shell,Minimal / inherited,none/unknown,pending screenshot certification,pending screenshot certification,Mixed / local,pending,mixed/local,pending live measurement,pending live measurement,fluid/mixed,pending live measurement,mixed/local,native/mixed,route-local / n/a,none/local,pending viewport certification,,minimal,none documented,Move route to PortalShell / PortalLoginShell / FormShell and remove local header/footer,certification pending
/safety/trench-safety/excavations,Safety,unresolved,Route-local shell,Minimal / inherited,none/unknown,pending screenshot certification,pending screenshot certification,Mixed / local,pending,mixed/local,pending live measurement,pending live measurement,fluid/mixed,pending live measurement,mixed/local,native/mixed,route-local / n/a,none/local,pending viewport certification,,minimal,none documented,Move route to PortalShell / PortalLoginShell / FormShell and remove local header/footer,certification pending
/admin/trench-safety/excavations,Admin,unresolved,Route-local shell,Minimal / inherited,none/unknown,pending screenshot certification,pending screenshot certification,Mixed / local,pending,mixed/local,pending live measurement,pending live measurement,fluid/mixed,pending live measurement,mixed/local,native/mixed,route-local / n/a,none/local,pending viewport certification,,minimal,none documented,Move route to PortalShell / PortalLoginShell / FormShell and remove local header/footer,certification pending
/trench-safety/excavation/new,Shared/Public,trench_safety/PublicExcavationForm,Route-local shell,Legacy local header,none/unknown,pending screenshot certification,pending screenshot certification,Legacy blueprint grid,"red,amber,emerald,cyan,slate",font-display + mono + sans tokens,pending live measurement,pending live measurement,max-w-3xl,pending live measurement,mixed/local,canonical button set,route-local / n/a,none/local,pending viewport certification,legacy-local-header,yes,none documented,Move route to PortalShell / PortalLoginShell / FormShell and remove local header/footer,header
/safety/trench-safety/repair-review,Safety,unresolved,Route-local shell,Minimal / inherited,none/unknown,pending screenshot certification,pending screenshot certification,Mixed / local,pending,mixed/local,pending live measurement,pending live measurement,fluid/mixed,pending live measurement,mixed/local,native/mixed,route-local / n/a,none/local,pending viewport certification,,minimal,none documented,Move route to PortalShell / PortalLoginShell / FormShell and remove local header/footer,certification pending
/safety/trench-safety/field-reports,Safety,unresolved,Route-local shell,Minimal / inherited,none/unknown,pending screenshot certification,pending screenshot certification,Mixed / local,pending,mixed/local,pending live measurement,pending live measurement,fluid/mixed,pending live measurement,mixed/local,native/mixed,route-local / n/a,none/local,pending viewport certification,,minimal,none documented,Move route to PortalShell / PortalLoginShell / FormShell and remove local header/footer,certification pending
/safety-portal/trench-safety,Safety,unresolved,Route-local shell,Minimal / inherited,none/unknown,pending screenshot certification,pending screenshot certification,Mixed / local,pending,mixed/local,pending live measurement,pending live measurement,fluid/mixed,pending live measurement,mixed/local,native/mixed,route-local / n/a,none/local,pending viewport certification,,minimal,none documented,Move route to PortalShell / PortalLoginShell / FormShell and remove local header/footer,certification pending
/safety-portal/trench-safety/assets,Safety,unresolved,Route-local shell,Minimal / inherited,none/unknown,pending screenshot certification,pending screenshot certification,Mixed / local,pending,mixed/local,pending live measurement,pending live measurement,fluid/mixed,pending live measurement,mixed/local,native/mixed,route-local / n/a,none/local,pending viewport certification,,minimal,none documented,Move route to PortalShell / PortalLoginShell / FormShell and remove local header/footer,certification pending
/safety-portal/trench-safety/tabulated-data,Safety,unresolved,Route-local shell,Minimal / inherited,none/unknown,pending screenshot certification,pending screenshot certification,Mixed / local,pending,mixed/local,pending live measurement,pending live measurement,fluid/mixed,pending live measurement,mixed/local,native/mixed,route-local / n/a,none/local,pending viewport certification,,minimal,none documented,Move route to PortalShell / PortalLoginShell / FormShell and remove local header/footer,certification pending
/app/*,Shared/Public,unresolved,Route-local shell,Minimal / inherited,none/unknown,pending screenshot certification,pending screenshot certification,Mixed / local,pending,mixed/local,pending live measurement,pending live measurement,fluid/mixed,pending live measurement,mixed/local,native/mixed,route-local / n/a,none/local,pending viewport certification,,minimal,none documented,Move route to PortalShell / PortalLoginShell / FormShell and remove local header/footer,certification pending
/admin/login,Admin,AdminLogin,PortalLoginShell,Canonical public auth header,MasciLogo,pending screenshot certification,pending screenshot certification,Mixed / local,"red,slate",font-display + mono + sans tokens,pending live measurement,pending live measurement,fluid/mixed,pending live measurement,wp17-panel/wp17-form-frame,canonical button set,PortalLoginShell,none/local,pending viewport certification,,yes,none documented,Visual recertification / remove local overrides,certification pending
/admin,Admin,unresolved,Route-local shell,Minimal / inherited,none/unknown,pending screenshot certification,pending screenshot certification,Mixed / local,pending,mixed/local,pending live measurement,pending live measurement,fluid/mixed,pending live measurement,mixed/local,native/mixed,route-local / n/a,none/local,pending viewport certification,,minimal,none documented,Move route to PortalShell / PortalLoginShell / FormShell and remove local header/footer,certification pending
/admin/hub_v1,Admin,unresolved,Route-local shell,Minimal / inherited,none/unknown,pending screenshot certification,pending screenshot certification,Mixed / local,pending,mixed/local,pending live measurement,pending live measurement,fluid/mixed,pending live measurement,mixed/local,native/mixed,route-local / n/a,none/local,pending viewport certification,,minimal,none documented,Move route to PortalShell / PortalLoginShell / FormShell and remove local header/footer,certification pending
/admin/hub_v2,Admin,unresolved,Route-local shell,Minimal / inherited,none/unknown,pending screenshot certification,pending screenshot certification,Mixed / local,pending,mixed/local,pending live measurement,pending live measurement,fluid/mixed,pending live measurement,mixed/local,native/mixed,route-local / n/a,none/local,pending viewport certification,,minimal,none documented,Move route to PortalShell / PortalLoginShell / FormShell and remove local header/footer,certification pending
/admin/executive-overview,Admin,unresolved,Route-local shell,Minimal / inherited,none/unknown,pending screenshot certification,pending screenshot certification,Mixed / local,pending,mixed/local,pending live measurement,pending live measurement,fluid/mixed,pending live measurement,mixed/local,native/mixed,route-local / n/a,none/local,pending viewport certification,,minimal,none documented,Move route to PortalShell / PortalLoginShell / FormShell and remove local header/footer,certification pending
/admin/executive-intelligence,Admin,ExecutiveIntelligence,Route-local shell,Minimal / inherited,none/unknown,pending screenshot certification,pending screenshot certification,Flat slate background,"red,amber,emerald,orange,slate",font-display + mono + sans tokens,pending live measurement,pending live measurement,max-w-md,pending live measurement,mixed/local,native/mixed,route-local / n/a,none/local,pending viewport certification,,yes,none documented,Move route to PortalShell / PortalLoginShell / FormShell and remove local header/footer,certification pending
/admin/material-ledger-quality,Admin,unresolved,Route-local shell,Minimal / inherited,none/unknown,pending screenshot certification,pending screenshot certification,Mixed / local,pending,mixed/local,pending live measurement,pending live measurement,fluid/mixed,pending live measurement,mixed/local,native/mixed,route-local / n/a,none/local,pending viewport certification,,minimal,none documented,Move route to PortalShell / PortalLoginShell / FormShell and remove local header/footer,certification pending
/admin/people,Admin,unresolved,Route-local shell,Minimal / inherited,none/unknown,pending screenshot certification,pending screenshot certification,Mixed / local,pending,mixed/local,pending live measurement,pending live measurement,fluid/mixed,pending live measurement,mixed/local,native/mixed,route-local / n/a,none/local,pending viewport certification,,minimal,none documented,Move route to PortalShell / PortalLoginShell / FormShell and remove local header/footer,certification pending
/admin/mfa,Admin,unresolved,Route-local shell,Minimal / inherited,none/unknown,pending screenshot certification,pending screenshot certification,Mixed / local,pending,mixed/local,pending live measurement,pending live measurement,fluid/mixed,pending live measurement,mixed/local,native/mixed,route-local / n/a,none/local,pending viewport certification,,minimal,none documented,Move route to PortalShell / PortalLoginShell / FormShell and remove local header/footer,certification pending
/admin/promo-assets,Admin,unresolved,Route-local shell,Minimal / inherited,none/unknown,pending screenshot certification,pending screenshot certification,Mixed / local,pending,mixed/local,pending live measurement,pending live measurement,fluid/mixed,pending live measurement,mixed/local,native/mixed,route-local / n/a,none/local,pending viewport certification,,minimal,none documented,Move route to PortalShell / PortalLoginShell / FormShell and remove local header/footer,certification pending
/admin/jobs,Admin,unresolved,Route-local shell,Minimal / inherited,none/unknown,pending screenshot certification,pending screenshot certification,Mixed / local,pending,mixed/local,pending live measurement,pending live measurement,fluid/mixed,pending live measurement,mixed/local,native/mixed,route-local / n/a,none/local,pending viewport certification,,minimal,none documented,Move route to PortalShell / PortalLoginShell / FormShell and remove local header/footer,certification pending
/admin/cost-registry,Admin,unresolved,Route-local shell,Minimal / inherited,none/unknown,pending screenshot certification,pending screenshot certification,Mixed / local,pending,mixed/local,pending live measurement,pending live measurement,fluid/mixed,pending live measurement,mixed/local,native/mixed,route-local / n/a,none/local,pending viewport certification,,minimal,none documented,Move route to PortalShell / PortalLoginShell / FormShell and remove local header/footer,certification pending
/admin/jobs/:projectNumber/team,Admin,unresolved,Route-local shell,Minimal / inherited,none/unknown,pending screenshot certification,pending screenshot certification,Mixed / local,pending,mixed/local,pending live measurement,pending live measurement,fluid/mixed,pending live measurement,mixed/local,native/mixed,route-local / n/a,none/local,pending viewport certification,,minimal,none documented,Move route to PortalShell / PortalLoginShell / FormShell and remove local header/footer,certification pending
/admin/project-staffing,Admin,unresolved,Route-local shell,Minimal / inherited,none/unknown,pending screenshot certification,pending screenshot certification,Mixed / local,pending,mixed/local,pending live measurement,pending live measurement,fluid/mixed,pending live measurement,mixed/local,native/mixed,route-local / n/a,none/local,pending viewport certification,,minimal,none documented,Move route to PortalShell / PortalLoginShell / FormShell and remove local header/footer,certification pending
/admin/geofence-reconciliation,Admin,unresolved,Route-local shell,Minimal / inherited,none/unknown,pending screenshot certification,pending screenshot certification,Mixed / local,pending,mixed/local,pending live measurement,pending live measurement,fluid/mixed,pending live measurement,mixed/local,native/mixed,route-local / n/a,none/local,pending viewport certification,,minimal,none documented,Move route to PortalShell / PortalLoginShell / FormShell and remove local header/footer,certification pending
/admin/operations-dashboard,Admin,unresolved,Route-local shell,Minimal / inherited,none/unknown,pending screenshot certification,pending screenshot certification,Mixed / local,pending,mixed/local,pending live measurement,pending live measurement,fluid/mixed,pending live measurement,mixed/local,native/mixed,route-local / n/a,none/local,pending viewport certification,,minimal,none documented,Move route to PortalShell / PortalLoginShell / FormShell and remove local header/footer,certification pending
/admin/operations-control,Admin,unresolved,Route-local shell,Minimal / inherited,none/unknown,pending screenshot certification,pending screenshot certification,Mixed / local,pending,mixed/local,pending live measurement,pending live measurement,fluid/mixed,pending live measurement,mixed/local,native/mixed,route-local / n/a,none/local,pending viewport certification,,minimal,none documented,Move route to PortalShell / PortalLoginShell / FormShell and remove local header/footer,certification pending
/admin/operations-control/cases/:caseId,Admin,unresolved,Route-local shell,Minimal / inherited,none/unknown,pending screenshot certification,pending screenshot certification,Mixed / local,pending,mixed/local,pending live measurement,pending live measurement,fluid/mixed,pending live measurement,mixed/local,native/mixed,route-local / n/a,none/local,pending viewport certification,,minimal,none documented,Move route to PortalShell / PortalLoginShell / FormShell and remove local header/footer,certification pending
/operations-control/cases,Shared/Public,unresolved,Route-local shell,Minimal / inherited,none/unknown,pending screenshot certification,pending screenshot certification,Mixed / local,pending,mixed/local,pending live measurement,pending live measurement,fluid/mixed,pending live measurement,mixed/local,native/mixed,route-local / n/a,none/local,pending viewport certification,,minimal,none documented,Move route to PortalShell / PortalLoginShell / FormShell and remove local header/footer,certification pending
/operations-control/cases/:caseId,Shared/Public,unresolved,Route-local shell,Minimal / inherited,none/unknown,pending screenshot certification,pending screenshot certification,Mixed / local,pending,mixed/local,pending live measurement,pending live measurement,fluid/mixed,pending live measurement,mixed/local,native/mixed,route-local / n/a,none/local,pending viewport certification,,minimal,none documented,Move route to PortalShell / PortalLoginShell / FormShell and remove local header/footer,certification pending
/admin/asset-mapping,Admin,unresolved,Route-local shell,Minimal / inherited,none/unknown,pending screenshot certification,pending screenshot certification,Mixed / local,pending,mixed/local,pending live measurement,pending live measurement,fluid/mixed,pending live measurement,mixed/local,native/mixed,route-local / n/a,none/local,pending viewport certification,,minimal,none documented,Move route to PortalShell / PortalLoginShell / FormShell and remove local header/footer,certification pending
/admin/asset-spine,Admin,unresolved,Route-local shell,Minimal / inherited,none/unknown,pending screenshot certification,pending screenshot certification,Mixed / local,pending,mixed/local,pending live measurement,pending live measurement,fluid/mixed,pending live measurement,mixed/local,native/mixed,route-local / n/a,none/local,pending viewport certification,,minimal,none documented,Move route to PortalShell / PortalLoginShell / FormShell and remove local header/footer,certification pending
/admin/equipment,Admin,unresolved,Route-local shell,Minimal / inherited,none/unknown,pending screenshot certification,pending screenshot certification,Mixed / local,pending,mixed/local,pending live measurement,pending live measurement,fluid/mixed,pending live measurement,mixed/local,native/mixed,route-local / n/a,none/local,pending viewport certification,,minimal,none documented,Move route to PortalShell / PortalLoginShell / FormShell and remove local header/footer,certification pending
/admin/email,Admin,unresolved,Route-local shell,Minimal / inherited,none/unknown,pending screenshot certification,pending screenshot certification,Mixed / local,pending,mixed/local,pending live measurement,pending live measurement,fluid/mixed,pending live measurement,mixed/local,native/mixed,route-local / n/a,none/local,pending viewport certification,,minimal,none documented,Move route to PortalShell / PortalLoginShell / FormShell and remove local header/footer,certification pending
/admin/training,Admin,unresolved,Route-local shell,Minimal / inherited,none/unknown,pending screenshot certification,pending screenshot certification,Mixed / local,pending,mixed/local,pending live measurement,pending live measurement,fluid/mixed,pending live measurement,mixed/local,native/mixed,route-local / n/a,none/local,pending viewport certification,,minimal,none documented,Move route to PortalShell / PortalLoginShell / FormShell and remove local header/footer,certification pending
/admin/compliance,Admin,unresolved,Route-local shell,Minimal / inherited,none/unknown,pending screenshot certification,pending screenshot certification,Mixed / local,pending,mixed/local,pending live measurement,pending live measurement,fluid/mixed,pending live measurement,mixed/local,native/mixed,route-local / n/a,none/local,pending viewport certification,,minimal,none documented,Move route to PortalShell / PortalLoginShell / FormShell and remove local header/footer,certification pending
/admin/system,Admin,unresolved,Route-local shell,Minimal / inherited,none/unknown,pending screenshot certification,pending screenshot certification,Mixed / local,pending,mixed/local,pending live measurement,pending live measurement,fluid/mixed,pending live measurement,mixed/local,native/mixed,route-local / n/a,none/local,pending viewport certification,,minimal,none documented,Move route to PortalShell / PortalLoginShell / FormShell and remove local header/footer,certification pending
/admin/ai-configuration,Admin,unresolved,Route-local shell,Minimal / inherited,none/unknown,pending screenshot certification,pending screenshot certification,Mixed / local,pending,mixed/local,pending live measurement,pending live measurement,fluid/mixed,pending live measurement,mixed/local,native/mixed,route-local / n/a,none/local,pending viewport certification,,minimal,none documented,Move route to PortalShell / PortalLoginShell / FormShell and remove local header/footer,certification pending
/admin/integration-truth,Admin,unresolved,Route-local shell,Minimal / inherited,none/unknown,pending screenshot certification,pending screenshot certification,Mixed / local,pending,mixed/local,pending live measurement,pending live measurement,fluid/mixed,pending live measurement,mixed/local,native/mixed,route-local / n/a,none/local,pending viewport certification,,minimal,none documented,Move route to PortalShell / PortalLoginShell / FormShell and remove local header/footer,certification pending
/admin/preview-validation-identities,Admin,unresolved,Route-local shell,Minimal / inherited,none/unknown,pending screenshot certification,pending screenshot certification,Mixed / local,pending,mixed/local,pending live measurement,pending live measurement,fluid/mixed,pending live measurement,mixed/local,native/mixed,route-local / n/a,none/local,pending viewport certification,,minimal,none documented,Move route to PortalShell / PortalLoginShell / FormShell and remove local header/footer,certification pending
/admin/recovery,Admin,unresolved,Route-local shell,Minimal / inherited,none/unknown,pending screenshot certification,pending screenshot certification,Mixed / local,pending,mixed/local,pending live measurement,pending live measurement,fluid/mixed,pending live measurement,mixed/local,native/mixed,route-local / n/a,none/local,pending viewport certification,,minimal,none documented,Move route to PortalShell / PortalLoginShell / FormShell and remove local header/footer,certification pending
/admin/storage-recovery,Admin,unresolved,Route-local shell,Minimal / inherited,none/unknown,pending screenshot certification,pending screenshot certification,Mixed / local,pending,mixed/local,pending live measurement,pending live measurement,fluid/mixed,pending live measurement,mixed/local,native/mixed,route-local / n/a,none/local,pending viewport certification,,minimal,none documented,Move route to PortalShell / PortalLoginShell / FormShell and remove local header/footer,certification pending
/admin/ai-operations,Admin,unresolved,Route-local shell,Minimal / inherited,none/unknown,pending screenshot certification,pending screenshot certification,Mixed / local,pending,mixed/local,pending live measurement,pending live measurement,fluid/mixed,pending live measurement,mixed/local,native/mixed,route-local / n/a,none/local,pending viewport certification,,minimal,none documented,Move route to PortalShell / PortalLoginShell / FormShell and remove local header/footer,certification pending
/admin/communications,Admin,unresolved,Route-local shell,Minimal / inherited,none/unknown,pending screenshot certification,pending screenshot certification,Mixed / local,pending,mixed/local,pending live measurement,pending live measurement,fluid/mixed,pending live measurement,mixed/local,native/mixed,route-local / n/a,none/local,pending viewport certification,,minimal,none documented,Move route to PortalShell / PortalLoginShell / FormShell and remove local header/footer,certification pending
/admin/identity-security,Admin,unresolved,Route-local shell,Minimal / inherited,none/unknown,pending screenshot certification,pending screenshot certification,Mixed / local,pending,mixed/local,pending live measurement,pending live measurement,fluid/mixed,pending live measurement,mixed/local,native/mixed,route-local / n/a,none/local,pending viewport certification,,minimal,none documented,Move route to PortalShell / PortalLoginShell / FormShell and remove local header/footer,certification pending
/admin/trust-spine,Admin,unresolved,Route-local shell,Minimal / inherited,none/unknown,pending screenshot certification,pending screenshot certification,Mixed / local,pending,mixed/local,pending live measurement,pending live measurement,fluid/mixed,pending live measurement,mixed/local,native/mixed,route-local / n/a,none/local,pending viewport certification,,minimal,none documented,Move route to PortalShell / PortalLoginShell / FormShell and remove local header/footer,certification pending
/admin/governance-trust,Admin,unresolved,Route-local shell,Minimal / inherited,none/unknown,pending screenshot certification,pending screenshot certification,Mixed / local,pending,mixed/local,pending live measurement,pending live measurement,fluid/mixed,pending live measurement,mixed/local,native/mixed,route-local / n/a,none/local,pending viewport certification,,minimal,none documented,Move route to PortalShell / PortalLoginShell / FormShell and remove local header/footer,certification pending
/admin/platform-configuration,Admin,unresolved,Route-local shell,Minimal / inherited,none/unknown,pending screenshot certification,pending screenshot certification,Mixed / local,pending,mixed/local,pending live measurement,pending live measurement,fluid/mixed,pending live measurement,mixed/local,native/mixed,route-local / n/a,none/local,pending viewport certification,,minimal,none documented,Move route to PortalShell / PortalLoginShell / FormShell and remove local header/footer,certification pending
/admin/diagnostics,Admin,unresolved,Route-local shell,Minimal / inherited,none/unknown,pending screenshot certification,pending screenshot certification,Mixed / local,pending,mixed/local,pending live measurement,pending live measurement,fluid/mixed,pending live measurement,mixed/local,native/mixed,route-local / n/a,none/local,pending viewport certification,,minimal,none documented,Move route to PortalShell / PortalLoginShell / FormShell and remove local header/footer,certification pending
/admin/maintenance,Admin,unresolved,Route-local shell,Minimal / inherited,none/unknown,pending screenshot certification,pending screenshot certification,Mixed / local,pending,mixed/local,pending live measurement,pending live measurement,fluid/mixed,pending live measurement,mixed/local,native/mixed,route-local / n/a,none/local,pending viewport certification,,minimal,none documented,Move route to PortalShell / PortalLoginShell / FormShell and remove local header/footer,certification pending
/admin/platform-overview,Admin,unresolved,Route-local shell,Minimal / inherited,none/unknown,pending screenshot certification,pending screenshot certification,Mixed / local,pending,mixed/local,pending live measurement,pending live measurement,fluid/mixed,pending live measurement,mixed/local,native/mixed,route-local / n/a,none/local,pending viewport certification,,minimal,none documented,Move route to PortalShell / PortalLoginShell / FormShell and remove local header/footer,certification pending
/admin/recovery-stream,Admin,unresolved,Route-local shell,Minimal / inherited,none/unknown,pending screenshot certification,pending screenshot certification,Mixed / local,pending,mixed/local,pending live measurement,pending live measurement,fluid/mixed,pending live measurement,mixed/local,native/mixed,route-local / n/a,none/local,pending viewport certification,,minimal,none documented,Move route to PortalShell / PortalLoginShell / FormShell and remove local header/footer,certification pending
/admin/jha-acknowledgements,Admin,unresolved,Route-local shell,Minimal / inherited,none/unknown,pending screenshot certification,pending screenshot certification,Mixed / local,pending,mixed/local,pending live measurement,pending live measurement,fluid/mixed,pending live measurement,mixed/local,native/mixed,route-local / n/a,none/local,pending viewport certification,,minimal,none documented,Move route to PortalShell / PortalLoginShell / FormShell and remove local header/footer,certification pending
/admin/command-center,Admin,unresolved,Route-local shell,Minimal / inherited,none/unknown,pending screenshot certification,pending screenshot certification,Mixed / local,pending,mixed/local,pending live measurement,pending live measurement,fluid/mixed,pending live measurement,mixed/local,native/mixed,route-local / n/a,none/local,pending viewport certification,,minimal,none documented,Move route to PortalShell / PortalLoginShell / FormShell and remove local header/footer,certification pending
/admin/database,Admin,unresolved,Route-local shell,Minimal / inherited,none/unknown,pending screenshot certification,pending screenshot certification,Mixed / local,pending,mixed/local,pending live measurement,pending live measurement,fluid/mixed,pending live measurement,mixed/local,native/mixed,route-local / n/a,none/local,pending viewport certification,,minimal,none documented,Move route to PortalShell / PortalLoginShell / FormShell and remove local header/footer,certification pending
/admin/integrations,Admin,unresolved,Route-local shell,Minimal / inherited,none/unknown,pending screenshot certification,pending screenshot certification,Mixed / local,pending,mixed/local,pending live measurement,pending live measurement,fluid/mixed,pending live measurement,mixed/local,native/mixed,route-local / n/a,none/local,pending viewport certification,,minimal,none documented,Move route to PortalShell / PortalLoginShell / FormShell and remove local header/footer,certification pending
/admin/dispatch,Admin,unresolved,Route-local shell,Minimal / inherited,none/unknown,pending screenshot certification,pending screenshot certification,Mixed / local,pending,mixed/local,pending live measurement,pending live measurement,fluid/mixed,pending live measurement,mixed/local,native/mixed,route-local / n/a,none/local,pending viewport certification,,minimal,none documented,Move route to PortalShell / PortalLoginShell / FormShell and remove local header/footer,certification pending
/admin/dls/shift-qr,Admin,unresolved,Route-local shell,Minimal / inherited,none/unknown,pending screenshot certification,pending screenshot certification,Mixed / local,pending,mixed/local,pending live measurement,pending live measurement,fluid/mixed,pending live measurement,mixed/local,native/mixed,route-local / n/a,none/local,pending viewport certification,,minimal,none documented,Move route to PortalShell / PortalLoginShell / FormShell and remove local header/footer,certification pending
/admin/dls/day-1-debrief,Admin,unresolved,Route-local shell,Minimal / inherited,none/unknown,pending screenshot certification,pending screenshot certification,Mixed / local,pending,mixed/local,pending live measurement,pending live measurement,fluid/mixed,pending live measurement,mixed/local,native/mixed,route-local / n/a,none/local,pending viewport certification,,minimal,none documented,Move route to PortalShell / PortalLoginShell / FormShell and remove local header/footer,certification pending
/admin/dls/week-1-debrief,Admin,unresolved,Route-local shell,Minimal / inherited,none/unknown,pending screenshot certification,pending screenshot certification,Mixed / local,pending,mixed/local,pending live measurement,pending live measurement,fluid/mixed,pending live measurement,mixed/local,native/mixed,route-local / n/a,none/local,pending viewport certification,,minimal,none documented,Move route to PortalShell / PortalLoginShell / FormShell and remove local header/footer,certification pending
/admin/profile,Admin,unresolved,Route-local shell,Minimal / inherited,none/unknown,pending screenshot certification,pending screenshot certification,Mixed / local,pending,mixed/local,pending live measurement,pending live measurement,fluid/mixed,pending live measurement,mixed/local,native/mixed,route-local / n/a,none/local,pending viewport certification,,minimal,none documented,Move route to PortalShell / PortalLoginShell / FormShell and remove local header/footer,certification pending
/admin/operations-events,Admin,unresolved,Route-local shell,Minimal / inherited,none/unknown,pending screenshot certification,pending screenshot certification,Mixed / local,pending,mixed/local,pending live measurement,pending live measurement,fluid/mixed,pending live measurement,mixed/local,native/mixed,route-local / n/a,none/local,pending viewport certification,,minimal,none documented,Move route to PortalShell / PortalLoginShell / FormShell and remove local header/footer,certification pending
/admin/digest-config,Admin,unresolved,Route-local shell,Minimal / inherited,none/unknown,pending screenshot certification,pending screenshot certification,Mixed / local,pending,mixed/local,pending live measurement,pending live measurement,fluid/mixed,pending live measurement,mixed/local,native/mixed,route-local / n/a,none/local,pending viewport certification,,minimal,none documented,Move route to PortalShell / PortalLoginShell / FormShell and remove local header/footer,certification pending
/admin/operational-intelligence,Admin,unresolved,Route-local shell,Minimal / inherited,none/unknown,pending screenshot certification,pending screenshot certification,Mixed / local,pending,mixed/local,pending live measurement,pending live measurement,fluid/mixed,pending live measurement,mixed/local,native/mixed,route-local / n/a,none/local,pending viewport certification,,minimal,none documented,Move route to PortalShell / PortalLoginShell / FormShell and remove local header/footer,certification pending
/admin/operational-intelligence/recipients,Admin,unresolved,Route-local shell,Minimal / inherited,none/unknown,pending screenshot certification,pending screenshot certification,Mixed / local,pending,mixed/local,pending live measurement,pending live measurement,fluid/mixed,pending live measurement,mixed/local,native/mixed,route-local / n/a,none/local,pending viewport certification,,minimal,none documented,Move route to PortalShell / PortalLoginShell / FormShell and remove local header/footer,certification pending
/admin/system-health,Admin,unresolved,Route-local shell,Minimal / inherited,none/unknown,pending screenshot certification,pending screenshot certification,Mixed / local,pending,mixed/local,pending live measurement,pending live measurement,fluid/mixed,pending live measurement,mixed/local,native/mixed,route-local / n/a,none/local,pending viewport certification,,minimal,none documented,Move route to PortalShell / PortalLoginShell / FormShell and remove local header/footer,certification pending
/admin/audit-log,Admin,unresolved,Route-local shell,Minimal / inherited,none/unknown,pending screenshot certification,pending screenshot certification,Mixed / local,pending,mixed/local,pending live measurement,pending live measurement,fluid/mixed,pending live measurement,mixed/local,native/mixed,route-local / n/a,none/local,pending viewport certification,,minimal,none documented,Move route to PortalShell / PortalLoginShell / FormShell and remove local header/footer,certification pending
/admin/scheduler-runs,Admin,AdminSchedulerRuns,LegacyAdminModernShell,Minimal / inherited,none/unknown,pending screenshot certification,pending screenshot certification,Flat slate background,"red,amber,emerald,slate",mixed/local,pending live measurement,pending live measurement,max-w-6xl,pending live measurement,mixed/local,canonical button set,route-local / n/a,none/local,pending viewport certification,,yes,none documented,Collapse wrapper into canonical PortalShell and remove duplicate shell layer (LegacyAdminModernShell),tables; typography
/admin/legacy-imports,Admin,AdminLegacyImports,LegacyAdminModernShell,Minimal / inherited,none/unknown,pending screenshot certification,pending screenshot certification,Flat slate background,"red,amber,emerald,slate",font-display + mono + sans tokens,pending live measurement,pending live measurement,max-w-6xl,pending live measurement,mixed/local,canonical button set,route-local / n/a,none/local,pending viewport certification,custom-dialog,yes,none documented,Collapse wrapper into canonical PortalShell and remove duplicate shell layer (LegacyAdminModernShell),certification pending
/admin/sessions,Admin,unresolved,Route-local shell,Minimal / inherited,none/unknown,pending screenshot certification,pending screenshot certification,Mixed / local,pending,mixed/local,pending live measurement,pending live measurement,fluid/mixed,pending live measurement,mixed/local,native/mixed,route-local / n/a,none/local,pending viewport certification,,minimal,none documented,Move route to PortalShell / PortalLoginShell / FormShell and remove local header/footer,certification pending
/admin/guidance-coverage,Admin,unresolved,Route-local shell,Minimal / inherited,none/unknown,pending screenshot certification,pending screenshot certification,Mixed / local,pending,mixed/local,pending live measurement,pending live measurement,fluid/mixed,pending live measurement,mixed/local,native/mixed,route-local / n/a,none/local,pending viewport certification,,minimal,none documented,Move route to PortalShell / PortalLoginShell / FormShell and remove local header/footer,certification pending
/admin/operational-inventory,Admin,unresolved,Route-local shell,Minimal / inherited,none/unknown,pending screenshot certification,pending screenshot certification,Mixed / local,pending,mixed/local,pending live measurement,pending live measurement,fluid/mixed,pending live measurement,mixed/local,native/mixed,route-local / n/a,none/local,pending viewport certification,,minimal,none documented,Move route to PortalShell / PortalLoginShell / FormShell and remove local header/footer,certification pending
/notifications,Shared/Public,unresolved,Route-local shell,Minimal / inherited,none/unknown,pending screenshot certification,pending screenshot certification,Mixed / local,pending,mixed/local,pending live measurement,pending live measurement,fluid/mixed,pending live measurement,mixed/local,native/mixed,route-local / n/a,none/local,pending viewport certification,,minimal,none documented,Move route to PortalShell / PortalLoginShell / FormShell and remove local header/footer,certification pending
/admin/governance,Admin,unresolved,Route-local shell,Minimal / inherited,none/unknown,pending screenshot certification,pending screenshot certification,Mixed / local,pending,mixed/local,pending live measurement,pending live measurement,fluid/mixed,pending live measurement,mixed/local,native/mixed,route-local / n/a,none/local,pending viewport certification,,minimal,none documented,Move route to PortalShell / PortalLoginShell / FormShell and remove local header/footer,certification pending
/admin/governance/overview,Admin,unresolved,Route-local shell,Minimal / inherited,none/unknown,pending screenshot certification,pending screenshot certification,Mixed / local,pending,mixed/local,pending live measurement,pending live measurement,fluid/mixed,pending live measurement,mixed/local,native/mixed,route-local / n/a,none/local,pending viewport certification,,minimal,none documented,Move route to PortalShell / PortalLoginShell / FormShell and remove local header/footer,certification pending
/admin/governance/organization,Admin,unresolved,Route-local shell,Minimal / inherited,none/unknown,pending screenshot certification,pending screenshot certification,Mixed / local,pending,mixed/local,pending live measurement,pending live measurement,fluid/mixed,pending live measurement,mixed/local,native/mixed,route-local / n/a,none/local,pending viewport certification,,minimal,none documented,Move route to PortalShell / PortalLoginShell / FormShell and remove local header/footer,certification pending
/admin/governance/identities,Admin,unresolved,Route-local shell,Minimal / inherited,none/unknown,pending screenshot certification,pending screenshot certification,Mixed / local,pending,mixed/local,pending live measurement,pending live measurement,fluid/mixed,pending live measurement,mixed/local,native/mixed,route-local / n/a,none/local,pending viewport certification,,minimal,none documented,Move route to PortalShell / PortalLoginShell / FormShell and remove local header/footer,certification pending
/admin/governance/roles,Admin,unresolved,Route-local shell,Minimal / inherited,none/unknown,pending screenshot certification,pending screenshot certification,Mixed / local,pending,mixed/local,pending live measurement,pending live measurement,fluid/mixed,pending live measurement,mixed/local,native/mixed,route-local / n/a,none/local,pending viewport certification,,minimal,none documented,Move route to PortalShell / PortalLoginShell / FormShell and remove local header/footer,certification pending
/admin/governance/permissions,Admin,unresolved,Route-local shell,Minimal / inherited,none/unknown,pending screenshot certification,pending screenshot certification,Mixed / local,pending,mixed/local,pending live measurement,pending live measurement,fluid/mixed,pending live measurement,mixed/local,native/mixed,route-local / n/a,none/local,pending viewport certification,,minimal,none documented,Move route to PortalShell / PortalLoginShell / FormShell and remove local header/footer,certification pending
/admin/governance/policies,Admin,unresolved,Route-local shell,Minimal / inherited,none/unknown,pending screenshot certification,pending screenshot certification,Mixed / local,pending,mixed/local,pending live measurement,pending live measurement,fluid/mixed,pending live measurement,mixed/local,native/mixed,route-local / n/a,none/local,pending viewport certification,,minimal,none documented,Move route to PortalShell / PortalLoginShell / FormShell and remove local header/footer,certification pending
/admin/governance/approval-flows,Admin,unresolved,Route-local shell,Minimal / inherited,none/unknown,pending screenshot certification,pending screenshot certification,Mixed / local,pending,mixed/local,pending live measurement,pending live measurement,fluid/mixed,pending live measurement,mixed/local,native/mixed,route-local / n/a,none/local,pending viewport certification,,minimal,none documented,Move route to PortalShell / PortalLoginShell / FormShell and remove local header/footer,certification pending
/admin/governance/delegations,Admin,unresolved,Route-local shell,Minimal / inherited,none/unknown,pending screenshot certification,pending screenshot certification,Mixed / local,pending,mixed/local,pending live measurement,pending live measurement,fluid/mixed,pending live measurement,mixed/local,native/mixed,route-local / n/a,none/local,pending viewport certification,,minimal,none documented,Move route to PortalShell / PortalLoginShell / FormShell and remove local header/footer,certification pending
/admin/governance/separation-of-duties,Admin,unresolved,Route-local shell,Minimal / inherited,none/unknown,pending screenshot certification,pending screenshot certification,Mixed / local,pending,mixed/local,pending live measurement,pending live measurement,fluid/mixed,pending live measurement,mixed/local,native/mixed,route-local / n/a,none/local,pending viewport certification,,minimal,none documented,Move route to PortalShell / PortalLoginShell / FormShell and remove local header/footer,certification pending
/admin/governance/authority,Admin,unresolved,Route-local shell,Minimal / inherited,none/unknown,pending screenshot certification,pending screenshot certification,Mixed / local,pending,mixed/local,pending live measurement,pending live measurement,fluid/mixed,pending live measurement,mixed/local,native/mixed,route-local / n/a,none/local,pending viewport certification,,minimal,none documented,Move route to PortalShell / PortalLoginShell / FormShell and remove local header/footer,certification pending
/admin/governance/emergency-overrides,Admin,unresolved,Route-local shell,Minimal / inherited,none/unknown,pending screenshot certification,pending screenshot certification,Mixed / local,pending,mixed/local,pending live measurement,pending live measurement,fluid/mixed,pending live measurement,mixed/local,native/mixed,route-local / n/a,none/local,pending viewport certification,,minimal,none documented,Move route to PortalShell / PortalLoginShell / FormShell and remove local header/footer,certification pending
/admin/governance/decisions,Admin,unresolved,Route-local shell,Minimal / inherited,none/unknown,pending screenshot certification,pending screenshot certification,Mixed / local,pending,mixed/local,pending live measurement,pending live measurement,fluid/mixed,pending live measurement,mixed/local,native/mixed,route-local / n/a,none/local,pending viewport certification,,minimal,none documented,Move route to PortalShell / PortalLoginShell / FormShell and remove local header/footer,certification pending
/admin/governance/audit,Admin,unresolved,Route-local shell,Minimal / inherited,none/unknown,pending screenshot certification,pending screenshot certification,Mixed / local,pending,mixed/local,pending live measurement,pending live measurement,fluid/mixed,pending live measurement,mixed/local,native/mixed,route-local / n/a,none/local,pending viewport certification,,minimal,none documented,Move route to PortalShell / PortalLoginShell / FormShell and remove local header/footer,certification pending
/admin/governance/registry,Admin,unresolved,Route-local shell,Minimal / inherited,none/unknown,pending screenshot certification,pending screenshot certification,Mixed / local,pending,mixed/local,pending live measurement,pending live measurement,fluid/mixed,pending live measurement,mixed/local,native/mixed,route-local / n/a,none/local,pending viewport certification,,minimal,none documented,Move route to PortalShell / PortalLoginShell / FormShell and remove local header/footer,certification pending
/admin/governance/versions,Admin,unresolved,Route-local shell,Minimal / inherited,none/unknown,pending screenshot certification,pending screenshot certification,Mixed / local,pending,mixed/local,pending live measurement,pending live measurement,fluid/mixed,pending live measurement,mixed/local,native/mixed,route-local / n/a,none/local,pending viewport certification,,minimal,none documented,Move route to PortalShell / PortalLoginShell / FormShell and remove local header/footer,certification pending
/admin/governance/health,Admin,unresolved,Route-local shell,Minimal / inherited,none/unknown,pending screenshot certification,pending screenshot certification,Mixed / local,pending,mixed/local,pending live measurement,pending live measurement,fluid/mixed,pending live measurement,mixed/local,native/mixed,route-local / n/a,none/local,pending viewport certification,,minimal,none documented,Move route to PortalShell / PortalLoginShell / FormShell and remove local header/footer,certification pending
/admin/governance/legacy-health,Admin,unresolved,Route-local shell,Minimal / inherited,none/unknown,pending screenshot certification,pending screenshot certification,Mixed / local,pending,mixed/local,pending live measurement,pending live measurement,fluid/mixed,pending live measurement,mixed/local,native/mixed,route-local / n/a,none/local,pending viewport certification,,minimal,none documented,Move route to PortalShell / PortalLoginShell / FormShell and remove local header/footer,certification pending
/admin/project-identity,Admin,unresolved,Route-local shell,Minimal / inherited,none/unknown,pending screenshot certification,pending screenshot certification,Mixed / local,pending,mixed/local,pending live measurement,pending live measurement,fluid/mixed,pending live measurement,mixed/local,native/mixed,route-local / n/a,none/local,pending viewport certification,,minimal,none documented,Move route to PortalShell / PortalLoginShell / FormShell and remove local header/footer,certification pending
/admin/governance/self-protection,Admin,unresolved,Route-local shell,Minimal / inherited,none/unknown,pending screenshot certification,pending screenshot certification,Mixed / local,pending,mixed/local,pending live measurement,pending live measurement,fluid/mixed,pending live measurement,mixed/local,native/mixed,route-local / n/a,none/local,pending viewport certification,,minimal,none documented,Move route to PortalShell / PortalLoginShell / FormShell and remove local header/footer,certification pending
/admin/compliance-findings,Admin,unresolved,Route-local shell,Minimal / inherited,none/unknown,pending screenshot certification,pending screenshot certification,Mixed / local,pending,mixed/local,pending live measurement,pending live measurement,fluid/mixed,pending live measurement,mixed/local,native/mixed,route-local / n/a,none/local,pending viewport certification,,minimal,none documented,Move route to PortalShell / PortalLoginShell / FormShell and remove local header/footer,certification pending
/admin/operational-language,Admin,unresolved,Route-local shell,Minimal / inherited,none/unknown,pending screenshot certification,pending screenshot certification,Mixed / local,pending,mixed/local,pending live measurement,pending live measurement,fluid/mixed,pending live measurement,mixed/local,native/mixed,route-local / n/a,none/local,pending viewport certification,,minimal,none documented,Move route to PortalShell / PortalLoginShell / FormShell and remove local header/footer,certification pending
/guidance,Shared/Public,unresolved,Route-local shell,Minimal / inherited,none/unknown,pending screenshot certification,pending screenshot certification,Mixed / local,pending,mixed/local,pending live measurement,pending live measurement,fluid/mixed,pending live measurement,mixed/local,native/mixed,route-local / n/a,none/local,pending viewport certification,,minimal,none documented,Move route to PortalShell / PortalLoginShell / FormShell and remove local header/footer,certification pending
/guidance/section/:sectionId,Shared/Public,unresolved,Route-local shell,Minimal / inherited,none/unknown,pending screenshot certification,pending screenshot certification,Mixed / local,pending,mixed/local,pending live measurement,pending live measurement,fluid/mixed,pending live measurement,mixed/local,native/mixed,route-local / n/a,none/local,pending viewport certification,,minimal,none documented,Move route to PortalShell / PortalLoginShell / FormShell and remove local header/footer,certification pending
/guidance/:articleId,Shared/Public,unresolved,Route-local shell,Minimal / inherited,none/unknown,pending screenshot certification,pending screenshot certification,Mixed / local,pending,mixed/local,pending live measurement,pending live measurement,fluid/mixed,pending live measurement,mixed/local,native/mixed,route-local / n/a,none/local,pending viewport certification,,minimal,none documented,Move route to PortalShell / PortalLoginShell / FormShell and remove local header/footer,certification pending
/admin/deploy-recovery,Admin,unresolved,Route-local shell,Minimal / inherited,none/unknown,pending screenshot certification,pending screenshot certification,Mixed / local,pending,mixed/local,pending live measurement,pending live measurement,fluid/mixed,pending live measurement,mixed/local,native/mixed,route-local / n/a,none/local,pending viewport certification,,minimal,none documented,Move route to PortalShell / PortalLoginShell / FormShell and remove local header/footer,certification pending
/admin/assets/:assetId,Admin,unresolved,Route-local shell,Minimal / inherited,none/unknown,pending screenshot certification,pending screenshot certification,Mixed / local,pending,mixed/local,pending live measurement,pending live measurement,fluid/mixed,pending live measurement,mixed/local,native/mixed,route-local / n/a,none/local,pending viewport certification,,minimal,none documented,Move route to PortalShell / PortalLoginShell / FormShell and remove local header/footer,certification pending
/admin/asset-admin,Admin,unresolved,Route-local shell,Minimal / inherited,none/unknown,pending screenshot certification,pending screenshot certification,Mixed / local,pending,mixed/local,pending live measurement,pending live measurement,fluid/mixed,pending live measurement,mixed/local,native/mixed,route-local / n/a,none/local,pending viewport certification,,minimal,none documented,Move route to PortalShell / PortalLoginShell / FormShell and remove local header/footer,certification pending
/admin/driver-intel/:driverKey,Admin,unresolved,Route-local shell,Minimal / inherited,none/unknown,pending screenshot certification,pending screenshot certification,Mixed / local,pending,mixed/local,pending live measurement,pending live measurement,fluid/mixed,pending live measurement,mixed/local,native/mixed,route-local / n/a,none/local,pending viewport certification,,minimal,none documented,Move route to PortalShell / PortalLoginShell / FormShell and remove local header/footer,certification pending
/admin/equipment/:id/history,Admin,unresolved,Route-local shell,Minimal / inherited,none/unknown,pending screenshot certification,pending screenshot certification,Mixed / local,pending,mixed/local,pending live measurement,pending live measurement,fluid/mixed,pending live measurement,mixed/local,native/mixed,route-local / n/a,none/local,pending viewport certification,,minimal,none documented,Move route to PortalShell / PortalLoginShell / FormShell and remove local header/footer,certification pending
/admin/employees/:id/history,Admin,unresolved,Route-local shell,Minimal / inherited,none/unknown,pending screenshot certification,pending screenshot certification,Mixed / local,pending,mixed/local,pending live measurement,pending live measurement,fluid/mixed,pending live measurement,mixed/local,native/mixed,route-local / n/a,none/local,pending viewport certification,,minimal,none documented,Move route to PortalShell / PortalLoginShell / FormShell and remove local header/footer,certification pending
/admin/analytics,Admin,unresolved,Route-local shell,Minimal / inherited,none/unknown,pending screenshot certification,pending screenshot certification,Mixed / local,pending,mixed/local,pending live measurement,pending live measurement,fluid/mixed,pending live measurement,mixed/local,native/mixed,route-local / n/a,none/local,pending viewport certification,,minimal,none documented,Move route to PortalShell / PortalLoginShell / FormShell and remove local header/footer,certification pending
/admin/leadership-equipment,Admin,AdminLeadershipEquipment,PortalShell,Canonical platform header,MasciLogo,pending screenshot certification,pending screenshot certification,Flat slate background,"red,emerald,slate",font-display + mono + sans tokens,pending live measurement,pending live measurement,max-w-6xl,pending live measurement,wp17-panel/wp17-form-frame,canonical button set,route-local / n/a,PortalShell responsive nav,pending viewport certification,custom-dialog,yes,none documented,Move table to canonical table shell,tables
/admin/terminations,Admin,AdminTerminations,PortalShell,Canonical platform header,MasciLogo,pending screenshot certification,pending screenshot certification,Flat slate background,"red,amber,emerald,slate",font-display + mono + sans tokens,pending live measurement,pending live measurement,max-w-6xl,pending live measurement,wp17-panel/wp17-form-frame,canonical button set,route-local / n/a,PortalShell responsive nav,pending viewport certification,,yes,none documented,Move table to canonical table shell,tables
/admin/guide,Admin,AdminGuide,PortalShell,Canonical platform header,MasciLogo,pending screenshot certification,pending screenshot certification,Flat slate background,"red,amber,emerald,cyan,orange,slate",font-display + mono + sans tokens,pending live measurement,pending live measurement,max-w-4xl,pending live measurement,wp17-panel/wp17-form-frame,canonical button set,route-local / n/a,PortalShell responsive nav,pending viewport certification,,yes,none documented,Move table to canonical table shell,tables
/admin/pnl,Admin,ProjectPnlPage,PortalShell,Canonical platform header,MasciLogo,pending screenshot certification,pending screenshot certification,Flat slate background,"red,amber,emerald,slate",font-display + mono + sans tokens,pending live measurement,pending live measurement,max-w-7xl,pending live measurement,wp17-panel/wp17-form-frame,canonical button set,route-local / n/a,PortalShell responsive nav,pending viewport certification,,yes,none documented,Move table to canonical table shell,tables
/admin/inspections,Admin,Dashboard,PortalShell,Canonical platform header,MasciLogo,pending screenshot certification,pending screenshot certification,Mixed / local,"red,slate",font-display + mono + sans tokens,pending live measurement,pending live measurement,max-w-6xl,pending live measurement,wp17-panel/wp17-form-frame,canonical button set,route-local / n/a,PortalShell responsive nav,pending viewport certification,,yes,none documented,Visual recertification / remove local overrides,certification pending
/admin/inspections/:id,Admin,ViewInspection,Route-local shell,Legacy local header,MasciLogo,pending screenshot certification,pending screenshot certification,Legacy blueprint grid,"red,slate",font-display + mono + sans tokens,pending live measurement,pending live measurement,max-w-4xl,pending live measurement,mixed/local,canonical button set,route-local / n/a,none/local,pending viewport certification,local-logo; legacy-local-header,yes,none documented,Move route to PortalShell / PortalLoginShell / FormShell and remove local header/footer,header
/admin/meetings,Admin,MeetingsDashboard,PortalShell,Canonical platform header,MasciLogo,pending screenshot certification,pending screenshot certification,Mixed / local,"red,slate",font-display + mono + sans tokens,pending live measurement,pending live measurement,max-w-6xl,pending live measurement,wp17-panel/wp17-form-frame,canonical button set,route-local / n/a,PortalShell responsive nav,pending viewport certification,,yes,none documented,Visual recertification / remove local overrides,certification pending
/admin/meetings/:id,Admin,ViewMeeting,Route-local shell,Legacy local header,MasciLogo,pending screenshot certification,pending screenshot certification,Legacy blueprint grid,"red,slate",font-display + mono + sans tokens,pending live measurement,pending live measurement,max-w-4xl,pending live measurement,mixed/local,canonical button set,route-local / n/a,none/local,pending viewport certification,local-logo; legacy-local-header,yes,none documented,Move route to PortalShell / PortalLoginShell / FormShell and remove local header/footer,header
/admin/jha-plans,Admin,JhaPlansAdmin,PortalShell,Canonical platform header,MasciLogo,pending screenshot certification,pending screenshot certification,Flat slate background,"red,amber,emerald,purple,slate",font-display + mono + sans tokens,pending live measurement,pending live measurement,max-w-7xl,pending live measurement,wp17-panel/wp17-form-frame,canonical button set,route-local / n/a,PortalShell responsive nav,pending viewport certification,,yes,none documented,Visual recertification / remove local overrides,certification pending
/admin/jha,Admin,unresolved,Route-local shell,Minimal / inherited,none/unknown,pending screenshot certification,pending screenshot certification,Mixed / local,pending,mixed/local,pending live measurement,pending live measurement,fluid/mixed,pending live measurement,mixed/local,native/mixed,route-local / n/a,none/local,pending viewport certification,,minimal,none documented,Move route to PortalShell / PortalLoginShell / FormShell and remove local header/footer,certification pending
/admin/jha/:id,Admin,unresolved,Route-local shell,Minimal / inherited,none/unknown,pending screenshot certification,pending screenshot certification,Mixed / local,pending,mixed/local,pending live measurement,pending live measurement,fluid/mixed,pending live measurement,mixed/local,native/mixed,route-local / n/a,none/local,pending viewport certification,,minimal,none documented,Move route to PortalShell / PortalLoginShell / FormShell and remove local header/footer,certification pending
/admin/trench-boxes,Admin,TrenchBoxesAdmin,PortalShell,Canonical platform header,MasciLogo,pending screenshot certification,pending screenshot certification,Mixed / local,"red,amber,slate",font-display + mono + sans tokens,pending live measurement,pending live measurement,max-w-5xl,pending live measurement,wp17-panel/wp17-form-frame,canonical button set,route-local / n/a,PortalShell responsive nav,pending viewport certification,custom-dialog,yes,none documented,Visual recertification / remove local overrides,certification pending
/admin/trench-boxes/poster,Admin,TrenchBoxPoster,Route-local shell,Legacy local header,none/unknown,pending screenshot certification,pending screenshot certification,Legacy blueprint grid,"red,slate",mixed/local,pending live measurement,pending live measurement,max-w-5xl,pending live measurement,mixed/local,canonical button set,route-local / n/a,none/local,pending viewport certification,local-lang-toggle; legacy-local-header,yes,none documented,Move route to PortalShell / PortalLoginShell / FormShell and remove local header/footer,header
/admin/trench-safety,Admin,unresolved,Route-local shell,Minimal / inherited,none/unknown,pending screenshot certification,pending screenshot certification,Mixed / local,pending,mixed/local,pending live measurement,pending live measurement,fluid/mixed,pending live measurement,mixed/local,native/mixed,route-local / n/a,none/local,pending viewport certification,,minimal,none documented,Move route to PortalShell / PortalLoginShell / FormShell and remove local header/footer,certification pending
/admin/trench-safety/assets,Admin,unresolved,Route-local shell,Minimal / inherited,none/unknown,pending screenshot certification,pending screenshot certification,Mixed / local,pending,mixed/local,pending live measurement,pending live measurement,fluid/mixed,pending live measurement,mixed/local,native/mixed,route-local / n/a,none/local,pending viewport certification,,minimal,none documented,Move route to PortalShell / PortalLoginShell / FormShell and remove local header/footer,certification pending
/admin/trench-safety/assets/:assetId,Admin,unresolved,Route-local shell,Minimal / inherited,none/unknown,pending screenshot certification,pending screenshot certification,Mixed / local,pending,mixed/local,pending live measurement,pending live measurement,fluid/mixed,pending live measurement,mixed/local,native/mixed,route-local / n/a,none/local,pending viewport certification,,minimal,none documented,Move route to PortalShell / PortalLoginShell / FormShell and remove local header/footer,certification pending
/admin/trench-safety/tabulated-data,Admin,unresolved,Route-local shell,Minimal / inherited,none/unknown,pending screenshot certification,pending screenshot certification,Mixed / local,pending,mixed/local,pending live measurement,pending live measurement,fluid/mixed,pending live measurement,mixed/local,native/mixed,route-local / n/a,none/local,pending viewport certification,,minimal,none documented,Move route to PortalShell / PortalLoginShell / FormShell and remove local header/footer,certification pending
/admin/trench-safety/reports,Admin,unresolved,Route-local shell,Minimal / inherited,none/unknown,pending screenshot certification,pending screenshot certification,Mixed / local,pending,mixed/local,pending live measurement,pending live measurement,fluid/mixed,pending live measurement,mixed/local,native/mixed,route-local / n/a,none/local,pending viewport certification,,minimal,none documented,Move route to PortalShell / PortalLoginShell / FormShell and remove local header/footer,certification pending
/admin/trench-safety/repair-review,Admin,unresolved,Route-local shell,Minimal / inherited,none/unknown,pending screenshot certification,pending screenshot certification,Mixed / local,pending,mixed/local,pending live measurement,pending live measurement,fluid/mixed,pending live measurement,mixed/local,native/mixed,route-local / n/a,none/local,pending viewport certification,,minimal,none documented,Move route to PortalShell / PortalLoginShell / FormShell and remove local header/footer,certification pending
/admin/trench-safety/field-reports,Admin,unresolved,Route-local shell,Minimal / inherited,none/unknown,pending screenshot certification,pending screenshot certification,Mixed / local,pending,mixed/local,pending live measurement,pending live measurement,fluid/mixed,pending live measurement,mixed/local,native/mixed,route-local / n/a,none/local,pending viewport certification,,minimal,none documented,Move route to PortalShell / PortalLoginShell / FormShell and remove local header/footer,certification pending
/admin/jha-plans/poster,Admin,JhaPlansPoster,Route-local shell,Legacy local header,none/unknown,pending screenshot certification,pending screenshot certification,Legacy blueprint grid,"amber,slate",mixed/local,pending live measurement,pending live measurement,max-w-5xl,pending live measurement,mixed/local,canonical button set,route-local / n/a,none/local,pending viewport certification,local-lang-toggle; legacy-local-header,yes,none documented,Move route to PortalShell / PortalLoginShell / FormShell and remove local header/footer,header
/admin/posters/print-all,Admin,AllPostersPrint,Route-local shell,Legacy local header,none/unknown,pending screenshot certification,pending screenshot certification,Legacy blueprint grid,"red,slate",mixed/local,pending live measurement,pending live measurement,max-w-5xl,pending live measurement,mixed/local,canonical button set,route-local / n/a,none/local,pending viewport certification,local-lang-toggle; legacy-local-header,yes,none documented,Move route to PortalShell / PortalLoginShell / FormShell and remove local header/footer,header
/admin/incidents,Admin,IncidentsDashboard,PortalShell,Canonical platform header,MasciLogo,pending screenshot certification,pending screenshot certification,Mixed / local,"red,slate",font-display + mono + sans tokens,pending live measurement,pending live measurement,max-w-6xl,pending live measurement,wp17-panel/wp17-form-frame,canonical button set,route-local / n/a,PortalShell responsive nav,pending viewport certification,,yes,none documented,Visual recertification / remove local overrides,certification pending
/admin/incidents/:id,Admin,ViewIncident,Route-local shell,Legacy local header,MasciLogo,pending screenshot certification,pending screenshot certification,Legacy blueprint grid,"red,amber,emerald,slate",font-display + mono + sans tokens,pending live measurement,pending live measurement,max-w-4xl,pending live measurement,mixed/local,canonical button set,route-local / n/a,none/local,pending viewport certification,local-logo; legacy-local-header,yes,none documented,Move route to PortalShell / PortalLoginShell / FormShell and remove local header/footer,header
/admin/daily,Admin,DailyReportsDashboard,PortalShell,Canonical platform header,MasciLogo,pending screenshot certification,pending screenshot certification,Mixed / local,"red,amber,slate",font-display + mono + sans tokens,pending live measurement,pending live measurement,max-w-6xl,pending live measurement,wp17-panel/wp17-form-frame,canonical button set,route-local / n/a,PortalShell responsive nav,pending viewport certification,local-lang-toggle; legacy-help-tip,yes,none documented,Audit coaching treatment and reduce duplicated help bands,coaching
/admin/daily/:id,Admin,ViewDailyReport,Route-local shell,Legacy local header,MasciLogo,pending screenshot certification,pending screenshot certification,Legacy blueprint grid,"red,amber,slate",font-display + mono + sans tokens,pending live measurement,pending live measurement,max-w-4xl,pending live measurement,mixed/local,canonical button set,route-local / n/a,none/local,pending viewport certification,local-logo; legacy-local-header,yes,none documented,Move route to PortalShell / PortalLoginShell / FormShell and remove local header/footer,header; tables; navigation
/admin/equipment-inspections,Admin,EquipmentDashboard,PortalShell,Canonical platform header,MasciLogo,pending screenshot certification,pending screenshot certification,Mixed / local,"red,emerald,slate",font-display + mono + sans tokens,pending live measurement,pending live measurement,max-w-6xl,pending live measurement,wp17-panel/wp17-form-frame,canonical button set,route-local / n/a,PortalShell responsive nav,pending viewport certification,,yes,none documented,Visual recertification / remove local overrides,certification pending
/admin/equipment/:id,Admin,ViewEquipmentInspection,Route-local shell,Legacy local header,MasciLogo,pending screenshot certification,pending screenshot certification,Legacy blueprint grid,"red,amber,emerald,slate",font-display + mono + sans tokens,pending live measurement,pending live measurement,max-w-5xl,pending live measurement,mixed/local,canonical button set,route-local / n/a,none/local,pending viewport certification,local-logo; legacy-local-header,yes,none documented,Move route to PortalShell / PortalLoginShell / FormShell and remove local header/footer,header
/admin/qaqc/:id,Admin,ViewQaqcInspection,Route-local shell,Legacy local header,MasciLogo,pending screenshot certification,pending screenshot certification,Legacy blueprint grid,"red,emerald,slate",font-display + mono + sans tokens,pending live measurement,pending live measurement,max-w-4xl,pending live measurement,mixed/local,canonical button set,route-local / n/a,none/local,pending viewport certification,local-logo; local-lang-toggle,yes,none documented,Move route to PortalShell / PortalLoginShell / FormShell and remove local header/footer,header
/admin/leadership/records,Admin,FieldLeadershipRecords,PortalShell,Canonical platform header,MasciLogo,pending screenshot certification,pending screenshot certification,Flat slate background,"red,slate",font-display + mono + sans tokens,pending live measurement,pending live measurement,fluid/mixed,pending live measurement,wp17-panel/wp17-form-frame,canonical button set,route-local / n/a,PortalShell responsive nav,pending viewport certification,legacy-help-tip,yes,none documented,Audit coaching treatment and reduce duplicated help bands,coaching
/admin/leadership/records/:id,Admin,FieldLeadershipView,PortalShell,Canonical platform header,MasciLogo,pending screenshot certification,pending screenshot certification,Flat slate background,"red,amber,emerald,slate",font-display + mono + sans tokens,pending live measurement,pending live measurement,max-w-5xl,pending live measurement,wp17-panel/wp17-form-frame,canonical button set,route-local / n/a,PortalShell responsive nav,pending viewport certification,,yes,none documented,Move table to canonical table shell,tables
/admin/safety/issuance/:id,Admin,ViewSafetyForm,Route-local shell,Legacy local header,MasciLogo,pending screenshot certification,pending screenshot certification,Legacy blueprint grid,"red,amber,emerald,slate",font-display + mono + sans tokens,pending live measurement,pending live measurement,max-w-2xl,pending live measurement,mixed/local,canonical button set,route-local / n/a,none/local,pending viewport certification,local-logo; local-lang-toggle; legacy-local-header,yes,none documented,Move route to PortalShell / PortalLoginShell / FormShell and remove local header/footer,header; tables
/admin/safety/training/:id,Admin,ViewSafetyForm,Route-local shell,Legacy local header,MasciLogo,pending screenshot certification,pending screenshot certification,Legacy blueprint grid,"red,amber,emerald,slate",font-display + mono + sans tokens,pending live measurement,pending live measurement,max-w-2xl,pending live measurement,mixed/local,canonical button set,route-local / n/a,none/local,pending viewport certification,local-logo; local-lang-toggle; legacy-local-header,yes,none documented,Move route to PortalShell / PortalLoginShell / FormShell and remove local header/footer,header; tables
/pm/login,PM,PmLogin,PortalLoginShell,Canonical public auth header,MasciLogo,pending screenshot certification,pending screenshot certification,Mixed / local,"red,amber,slate",font-display + mono + sans tokens,pending live measurement,pending live measurement,fluid/mixed,pending live measurement,wp17-panel/wp17-form-frame,canonical button set,PortalLoginShell,none/local,pending viewport certification,local-logo; local-lang-toggle; legacy-attribution; custom-dialog,yes,none documented,Visual recertification / remove local overrides,certification pending
/pm/reset/:token,PM,PmResetPassword,PortalLoginShell,Canonical public auth header,MasciLogo,pending screenshot certification,pending screenshot certification,Mixed / local,"amber,slate",font-display + mono + sans tokens,pending live measurement,pending live measurement,max-w-md,pending live measurement,wp17-panel/wp17-form-frame,canonical button set,PortalLoginShell,none/local,pending viewport certification,,yes,none documented,Visual recertification / remove local overrides,certification pending
/pm/change-password,PM,PmChangePassword,PortalLoginShell,Canonical public auth header,MasciLogo,pending screenshot certification,pending screenshot certification,Mixed / local,"amber,slate",font-display + mono + sans tokens,pending live measurement,pending live measurement,max-w-md,pending live measurement,wp17-panel/wp17-form-frame,canonical button set,PortalLoginShell,none/local,pending viewport certification,,yes,none documented,Visual recertification / remove local overrides,certification pending
/pm,PM,unresolved,Route-local shell,Minimal / inherited,none/unknown,pending screenshot certification,pending screenshot certification,Mixed / local,pending,mixed/local,pending live measurement,pending live measurement,fluid/mixed,pending live measurement,mixed/local,native/mixed,route-local / n/a,none/local,pending viewport certification,,minimal,none documented,Move route to PortalShell / PortalLoginShell / FormShell and remove local header/footer,certification pending
/pm/hub,PM,unresolved,Route-local shell,Minimal / inherited,none/unknown,pending screenshot certification,pending screenshot certification,Mixed / local,pending,mixed/local,pending live measurement,pending live measurement,fluid/mixed,pending live measurement,mixed/local,native/mixed,route-local / n/a,none/local,pending viewport certification,,minimal,none documented,Move route to PortalShell / PortalLoginShell / FormShell and remove local header/footer,certification pending
/pm/hub_legacy,PM,unresolved,Route-local shell,Minimal / inherited,none/unknown,pending screenshot certification,pending screenshot certification,Mixed / local,pending,mixed/local,pending live measurement,pending live measurement,fluid/mixed,pending live measurement,mixed/local,native/mixed,route-local / n/a,none/local,pending viewport certification,,minimal,none documented,Move route to PortalShell / PortalLoginShell / FormShell and remove local header/footer,certification pending
/pm/hub_v2,PM,unresolved,Route-local shell,Minimal / inherited,none/unknown,pending screenshot certification,pending screenshot certification,Mixed / local,pending,mixed/local,pending live measurement,pending live measurement,fluid/mixed,pending live measurement,mixed/local,native/mixed,route-local / n/a,none/local,pending viewport certification,,minimal,none documented,Move route to PortalShell / PortalLoginShell / FormShell and remove local header/footer,certification pending
/pm/holds,PM,unresolved,Route-local shell,Minimal / inherited,none/unknown,pending screenshot certification,pending screenshot certification,Mixed / local,pending,mixed/local,pending live measurement,pending live measurement,fluid/mixed,pending live measurement,mixed/local,native/mixed,route-local / n/a,none/local,pending viewport certification,,minimal,none documented,Move route to PortalShell / PortalLoginShell / FormShell and remove local header/footer,certification pending
/pm/due-today,PM,unresolved,Route-local shell,Minimal / inherited,none/unknown,pending screenshot certification,pending screenshot certification,Mixed / local,pending,mixed/local,pending live measurement,pending live measurement,fluid/mixed,pending live measurement,mixed/local,native/mixed,route-local / n/a,none/local,pending viewport certification,,minimal,none documented,Move route to PortalShell / PortalLoginShell / FormShell and remove local header/footer,certification pending
/pm/crew-compliance,PM,unresolved,Route-local shell,Minimal / inherited,none/unknown,pending screenshot certification,pending screenshot certification,Mixed / local,pending,mixed/local,pending live measurement,pending live measurement,fluid/mixed,pending live measurement,mixed/local,native/mixed,route-local / n/a,none/local,pending viewport certification,,minimal,none documented,Move route to PortalShell / PortalLoginShell / FormShell and remove local header/footer,certification pending
/pm/jobs,PM,unresolved,Route-local shell,Minimal / inherited,none/unknown,pending screenshot certification,pending screenshot certification,Mixed / local,pending,mixed/local,pending live measurement,pending live measurement,fluid/mixed,pending live measurement,mixed/local,native/mixed,route-local / n/a,none/local,pending viewport certification,,minimal,none documented,Move route to PortalShell / PortalLoginShell / FormShell and remove local header/footer,certification pending
/pm/job/:projectNumber/team,PM,unresolved,Route-local shell,Minimal / inherited,none/unknown,pending screenshot certification,pending screenshot certification,Mixed / local,pending,mixed/local,pending live measurement,pending live measurement,fluid/mixed,pending live measurement,mixed/local,native/mixed,route-local / n/a,none/local,pending viewport certification,,minimal,none documented,Move route to PortalShell / PortalLoginShell / FormShell and remove local header/footer,certification pending
/pm/project-staffing,PM,unresolved,Route-local shell,Minimal / inherited,none/unknown,pending screenshot certification,pending screenshot certification,Mixed / local,pending,mixed/local,pending live measurement,pending live measurement,fluid/mixed,pending live measurement,mixed/local,native/mixed,route-local / n/a,none/local,pending viewport certification,,minimal,none documented,Move route to PortalShell / PortalLoginShell / FormShell and remove local header/footer,certification pending
/pm/project-schedule,PM,unresolved,Route-local shell,Minimal / inherited,none/unknown,pending screenshot certification,pending screenshot certification,Mixed / local,pending,mixed/local,pending live measurement,pending live measurement,fluid/mixed,pending live measurement,mixed/local,native/mixed,route-local / n/a,none/local,pending viewport certification,,minimal,none documented,Move route to PortalShell / PortalLoginShell / FormShell and remove local header/footer,certification pending
/pm/monday-review,PM,unresolved,Route-local shell,Minimal / inherited,none/unknown,pending screenshot certification,pending screenshot certification,Mixed / local,pending,mixed/local,pending live measurement,pending live measurement,fluid/mixed,pending live measurement,mixed/local,native/mixed,route-local / n/a,none/local,pending viewport certification,,minimal,none documented,Move route to PortalShell / PortalLoginShell / FormShell and remove local header/footer,certification pending
/pm/projects/:projectNumber,PM,unresolved,Route-local shell,Minimal / inherited,none/unknown,pending screenshot certification,pending screenshot certification,Mixed / local,pending,mixed/local,pending live measurement,pending live measurement,fluid/mixed,pending live measurement,mixed/local,native/mixed,route-local / n/a,none/local,pending viewport certification,,minimal,none documented,Move route to PortalShell / PortalLoginShell / FormShell and remove local header/footer,certification pending
/pm/projects-legacy/:projectNumber,PM,unresolved,Route-local shell,Minimal / inherited,none/unknown,pending screenshot certification,pending screenshot certification,Mixed / local,pending,mixed/local,pending live measurement,pending live measurement,fluid/mixed,pending live measurement,mixed/local,native/mixed,route-local / n/a,none/local,pending viewport certification,,minimal,none documented,Move route to PortalShell / PortalLoginShell / FormShell and remove local header/footer,certification pending
/pm/project/:projectNumber,PM,unresolved,Route-local shell,Minimal / inherited,none/unknown,pending screenshot certification,pending screenshot certification,Mixed / local,pending,mixed/local,pending live measurement,pending live measurement,fluid/mixed,pending live measurement,mixed/local,native/mixed,route-local / n/a,none/local,pending viewport certification,,minimal,none documented,Move route to PortalShell / PortalLoginShell / FormShell and remove local header/footer,certification pending
/pm/project/:projectNumber/thread,PM,unresolved,Route-local shell,Minimal / inherited,none/unknown,pending screenshot certification,pending screenshot certification,Mixed / local,pending,mixed/local,pending live measurement,pending live measurement,fluid/mixed,pending live measurement,mixed/local,native/mixed,route-local / n/a,none/local,pending viewport certification,,minimal,none documented,Move route to PortalShell / PortalLoginShell / FormShell and remove local header/footer,certification pending
/pm/command-center,PM,unresolved,Route-local shell,Minimal / inherited,none/unknown,pending screenshot certification,pending screenshot certification,Mixed / local,pending,mixed/local,pending live measurement,pending live measurement,fluid/mixed,pending live measurement,mixed/local,native/mixed,route-local / n/a,none/local,pending viewport certification,,minimal,none documented,Move route to PortalShell / PortalLoginShell / FormShell and remove local header/footer,certification pending
/operations-center,Shared/Public,unresolved,Route-local shell,Minimal / inherited,none/unknown,pending screenshot certification,pending screenshot certification,Mixed / local,pending,mixed/local,pending live measurement,pending live measurement,fluid/mixed,pending live measurement,mixed/local,native/mixed,route-local / n/a,none/local,pending viewport certification,,minimal,none documented,Move route to PortalShell / PortalLoginShell / FormShell and remove local header/footer,certification pending
/admin/executive-operational-intelligence,Admin,ExecutiveOperationalIntelligence,LegacyAdminModernShell,Minimal / inherited,none/unknown,pending screenshot certification,pending screenshot certification,Flat slate background,"red,slate",mixed/local,pending live measurement,pending live measurement,max-w-3xl,pending live measurement,mixed/local,native/mixed,route-local / n/a,none/local,pending viewport certification,,yes,none documented,Collapse wrapper into canonical PortalShell and remove duplicate shell layer (LegacyAdminModernShell),tables
/operations-map,Shared/Public,unresolved,Route-local shell,Minimal / inherited,none/unknown,pending screenshot certification,pending screenshot certification,Mixed / local,pending,mixed/local,pending live measurement,pending live measurement,fluid/mixed,pending live measurement,mixed/local,native/mixed,route-local / n/a,none/local,pending viewport certification,,minimal,none documented,Move route to PortalShell / PortalLoginShell / FormShell and remove local header/footer,certification pending
/pm/field-leadership,PM,unresolved,Route-local shell,Minimal / inherited,none/unknown,pending screenshot certification,pending screenshot certification,Mixed / local,pending,mixed/local,pending live measurement,pending live measurement,fluid/mixed,pending live measurement,mixed/local,native/mixed,route-local / n/a,none/local,pending viewport certification,,minimal,none documented,Move route to PortalShell / PortalLoginShell / FormShell and remove local header/footer,certification pending
/pm/fleet,PM,unresolved,Route-local shell,Minimal / inherited,none/unknown,pending screenshot certification,pending screenshot certification,Mixed / local,pending,mixed/local,pending live measurement,pending live measurement,fluid/mixed,pending live measurement,mixed/local,native/mixed,route-local / n/a,none/local,pending viewport certification,,minimal,none documented,Move route to PortalShell / PortalLoginShell / FormShell and remove local header/footer,certification pending
/pm/people,PM,unresolved,Route-local shell,Minimal / inherited,none/unknown,pending screenshot certification,pending screenshot certification,Mixed / local,pending,mixed/local,pending live measurement,pending live measurement,fluid/mixed,pending live measurement,mixed/local,native/mixed,route-local / n/a,none/local,pending viewport certification,,minimal,none documented,Move route to PortalShell / PortalLoginShell / FormShell and remove local header/footer,certification pending
/pm/suppliers,PM,unresolved,Route-local shell,Minimal / inherited,none/unknown,pending screenshot certification,pending screenshot certification,Mixed / local,pending,mixed/local,pending live measurement,pending live measurement,fluid/mixed,pending live measurement,mixed/local,native/mixed,route-local / n/a,none/local,pending viewport certification,,minimal,none documented,Move route to PortalShell / PortalLoginShell / FormShell and remove local header/footer,certification pending
/admin/vendors/:vendorId/thread,Admin,unresolved,Route-local shell,Minimal / inherited,none/unknown,pending screenshot certification,pending screenshot certification,Mixed / local,pending,mixed/local,pending live measurement,pending live measurement,fluid/mixed,pending live measurement,mixed/local,native/mixed,route-local / n/a,none/local,pending viewport certification,,minimal,none documented,Move route to PortalShell / PortalLoginShell / FormShell and remove local header/footer,certification pending
/admin/assets/:assetRef/thread,Admin,unresolved,Route-local shell,Minimal / inherited,none/unknown,pending screenshot certification,pending screenshot certification,Mixed / local,pending,mixed/local,pending live measurement,pending live measurement,fluid/mixed,pending live measurement,mixed/local,native/mixed,route-local / n/a,none/local,pending viewport certification,,minimal,none documented,Move route to PortalShell / PortalLoginShell / FormShell and remove local header/footer,certification pending
/pm/posters,PM,unresolved,Route-local shell,Minimal / inherited,none/unknown,pending screenshot certification,pending screenshot certification,Mixed / local,pending,mixed/local,pending live measurement,pending live measurement,fluid/mixed,pending live measurement,mixed/local,native/mixed,route-local / n/a,none/local,pending viewport certification,,minimal,none documented,Move route to PortalShell / PortalLoginShell / FormShell and remove local header/footer,certification pending
/pm/qaqc,PM,unresolved,Route-local shell,Minimal / inherited,none/unknown,pending screenshot certification,pending screenshot certification,Mixed / local,pending,mixed/local,pending live measurement,pending live measurement,fluid/mixed,pending live measurement,mixed/local,native/mixed,route-local / n/a,none/local,pending viewport certification,,minimal,none documented,Move route to PortalShell / PortalLoginShell / FormShell and remove local header/footer,certification pending
/pm/photos,PM,JobPhotosLibrary,PortalShell,Canonical platform header,MasciLogo,pending screenshot certification,pending screenshot certification,Flat slate background,"red,amber,emerald,slate",font-display + mono + sans tokens,pending live measurement,pending live measurement,max-w-7xl,pending live measurement,wp17-panel/wp17-form-frame,canonical button set,route-local / n/a,PortalShell responsive nav,pending viewport certification,,yes,none documented,Visual recertification / remove local overrides,certification pending
/pm/daily,PM,DailyReportsDashboard,PortalShell,Canonical platform header,MasciLogo,pending screenshot certification,pending screenshot certification,Mixed / local,"red,amber,slate",font-display + mono + sans tokens,pending live measurement,pending live measurement,max-w-6xl,pending live measurement,wp17-panel/wp17-form-frame,canonical button set,route-local / n/a,PortalShell responsive nav,pending viewport certification,local-lang-toggle; legacy-help-tip,yes,none documented,Audit coaching treatment and reduce duplicated help bands,coaching
/pm/daily/:id,PM,ViewDailyReport,Route-local shell,Legacy local header,MasciLogo,pending screenshot certification,pending screenshot certification,Legacy blueprint grid,"red,amber,slate",font-display + mono + sans tokens,pending live measurement,pending live measurement,max-w-4xl,pending live measurement,mixed/local,canonical button set,route-local / n/a,none/local,pending viewport certification,local-logo; legacy-local-header,yes,none documented,Move route to PortalShell / PortalLoginShell / FormShell and remove local header/footer,header; tables; navigation
/pm/incidents,PM,IncidentsDashboard,PortalShell,Canonical platform header,MasciLogo,pending screenshot certification,pending screenshot certification,Mixed / local,"red,slate",font-display + mono + sans tokens,pending live measurement,pending live measurement,max-w-6xl,pending live measurement,wp17-panel/wp17-form-frame,canonical button set,route-local / n/a,PortalShell responsive nav,pending viewport certification,,yes,none documented,Visual recertification / remove local overrides,certification pending
/pm/incidents/:id,PM,ViewIncident,Route-local shell,Legacy local header,MasciLogo,pending screenshot certification,pending screenshot certification,Legacy blueprint grid,"red,amber,emerald,slate",font-display + mono + sans tokens,pending live measurement,pending live measurement,max-w-4xl,pending live measurement,mixed/local,canonical button set,route-local / n/a,none/local,pending viewport certification,local-logo; legacy-local-header,yes,none documented,Move route to PortalShell / PortalLoginShell / FormShell and remove local header/footer,header
/pm/meetings,PM,MeetingsDashboard,PortalShell,Canonical platform header,MasciLogo,pending screenshot certification,pending screenshot certification,Mixed / local,"red,slate",font-display + mono + sans tokens,pending live measurement,pending live measurement,max-w-6xl,pending live measurement,wp17-panel/wp17-form-frame,canonical button set,route-local / n/a,PortalShell responsive nav,pending viewport certification,,yes,none documented,Visual recertification / remove local overrides,certification pending
/pm/meetings/:id,PM,ViewMeeting,Route-local shell,Legacy local header,MasciLogo,pending screenshot certification,pending screenshot certification,Legacy blueprint grid,"red,slate",font-display + mono + sans tokens,pending live measurement,pending live measurement,max-w-4xl,pending live measurement,mixed/local,canonical button set,route-local / n/a,none/local,pending viewport certification,local-logo; legacy-local-header,yes,none documented,Move route to PortalShell / PortalLoginShell / FormShell and remove local header/footer,header
/pm/inspections,PM,Dashboard,PortalShell,Canonical platform header,MasciLogo,pending screenshot certification,pending screenshot certification,Mixed / local,"red,slate",font-display + mono + sans tokens,pending live measurement,pending live measurement,max-w-6xl,pending live measurement,wp17-panel/wp17-form-frame,canonical button set,route-local / n/a,PortalShell responsive nav,pending viewport certification,,yes,none documented,Visual recertification / remove local overrides,certification pending
/pm/inspections/:id,PM,ViewInspection,Route-local shell,Legacy local header,MasciLogo,pending screenshot certification,pending screenshot certification,Legacy blueprint grid,"red,slate",font-display + mono + sans tokens,pending live measurement,pending live measurement,max-w-4xl,pending live measurement,mixed/local,canonical button set,route-local / n/a,none/local,pending viewport certification,local-logo; legacy-local-header,yes,none documented,Move route to PortalShell / PortalLoginShell / FormShell and remove local header/footer,header
/pm/jha-plans,PM,JhaPlansAdmin,PortalShell,Canonical platform header,MasciLogo,pending screenshot certification,pending screenshot certification,Flat slate background,"red,amber,emerald,purple,slate",font-display + mono + sans tokens,pending live measurement,pending live measurement,max-w-7xl,pending live measurement,wp17-panel/wp17-form-frame,canonical button set,route-local / n/a,PortalShell responsive nav,pending viewport certification,,yes,none documented,Visual recertification / remove local overrides,certification pending
/pm/trench-boxes,PM,TrenchBoxesAdmin,PortalShell,Canonical platform header,MasciLogo,pending screenshot certification,pending screenshot certification,Mixed / local,"red,amber,slate",font-display + mono + sans tokens,pending live measurement,pending live measurement,max-w-5xl,pending live measurement,wp17-panel/wp17-form-frame,canonical button set,route-local / n/a,PortalShell responsive nav,pending viewport certification,custom-dialog,yes,none documented,Visual recertification / remove local overrides,certification pending
/pm/equipment,PM,EquipmentDashboard,PortalShell,Canonical platform header,MasciLogo,pending screenshot certification,pending screenshot certification,Mixed / local,"red,emerald,slate",font-display + mono + sans tokens,pending live measurement,pending live measurement,max-w-6xl,pending live measurement,wp17-panel/wp17-form-frame,canonical button set,route-local / n/a,PortalShell responsive nav,pending viewport certification,,yes,none documented,Visual recertification / remove local overrides,certification pending
/pm/equipment/:id,PM,ViewEquipmentInspection,Route-local shell,Legacy local header,MasciLogo,pending screenshot certification,pending screenshot certification,Legacy blueprint grid,"red,amber,emerald,slate",font-display + mono + sans tokens,pending live measurement,pending live measurement,max-w-5xl,pending live measurement,mixed/local,canonical button set,route-local / n/a,none/local,pending viewport certification,local-logo; legacy-local-header,yes,none documented,Move route to PortalShell / PortalLoginShell / FormShell and remove local header/footer,header
/pm/trench-safety,PM,unresolved,Route-local shell,Minimal / inherited,none/unknown,pending screenshot certification,pending screenshot certification,Mixed / local,pending,mixed/local,pending live measurement,pending live measurement,fluid/mixed,pending live measurement,mixed/local,native/mixed,route-local / n/a,none/local,pending viewport certification,,minimal,none documented,Move route to PortalShell / PortalLoginShell / FormShell and remove local header/footer,certification pending
/pm/trench-safety/assets,PM,unresolved,Route-local shell,Minimal / inherited,none/unknown,pending screenshot certification,pending screenshot certification,Mixed / local,pending,mixed/local,pending live measurement,pending live measurement,fluid/mixed,pending live measurement,mixed/local,native/mixed,route-local / n/a,none/local,pending viewport certification,,minimal,none documented,Move route to PortalShell / PortalLoginShell / FormShell and remove local header/footer,certification pending
/pm/trench-safety/assets/:assetId,PM,unresolved,Route-local shell,Minimal / inherited,none/unknown,pending screenshot certification,pending screenshot certification,Mixed / local,pending,mixed/local,pending live measurement,pending live measurement,fluid/mixed,pending live measurement,mixed/local,native/mixed,route-local / n/a,none/local,pending viewport certification,,minimal,none documented,Move route to PortalShell / PortalLoginShell / FormShell and remove local header/footer,certification pending
/pm/trench-safety/tabulated-data,PM,unresolved,Route-local shell,Minimal / inherited,none/unknown,pending screenshot certification,pending screenshot certification,Mixed / local,pending,mixed/local,pending live measurement,pending live measurement,fluid/mixed,pending live measurement,mixed/local,native/mixed,route-local / n/a,none/local,pending viewport certification,,minimal,none documented,Move route to PortalShell / PortalLoginShell / FormShell and remove local header/footer,certification pending
/pm/trench-safety/reports,PM,unresolved,Route-local shell,Minimal / inherited,none/unknown,pending screenshot certification,pending screenshot certification,Mixed / local,pending,mixed/local,pending live measurement,pending live measurement,fluid/mixed,pending live measurement,mixed/local,native/mixed,route-local / n/a,none/local,pending viewport certification,,minimal,none documented,Move route to PortalShell / PortalLoginShell / FormShell and remove local header/footer,certification pending
/pm/trench-safety/excavations,PM,unresolved,Route-local shell,Minimal / inherited,none/unknown,pending screenshot certification,pending screenshot certification,Mixed / local,pending,mixed/local,pending live measurement,pending live measurement,fluid/mixed,pending live measurement,mixed/local,native/mixed,route-local / n/a,none/local,pending viewport certification,,minimal,none documented,Move route to PortalShell / PortalLoginShell / FormShell and remove local header/footer,certification pending
/shop/login,Shop,ShopLogin,PortalLoginShell,Canonical public auth header,MasciLogo,pending screenshot certification,pending screenshot certification,Mixed / local,"red,amber,orange,slate",font-display + mono + sans tokens,pending live measurement,pending live measurement,fluid/mixed,pending live measurement,wp17-panel/wp17-form-frame,canonical button set,PortalLoginShell,none/local,pending viewport certification,local-logo; local-lang-toggle; legacy-attribution; custom-dialog,yes,none documented,Visual recertification / remove local overrides,certification pending
/shop/reset/:token,Shop,ShopResetPassword,PortalLoginShell,Canonical public auth header,MasciLogo,pending screenshot certification,pending screenshot certification,Mixed / local,"amber,slate",font-display + mono + sans tokens,pending live measurement,pending live measurement,max-w-md,pending live measurement,wp17-panel/wp17-form-frame,canonical button set,PortalLoginShell,none/local,pending viewport certification,,yes,none documented,Visual recertification / remove local overrides,certification pending
/shop/change-password,Shop,ShopChangePassword,PortalLoginShell,Canonical public auth header,MasciLogo,pending screenshot certification,pending screenshot certification,Mixed / local,"amber,slate",font-display + mono + sans tokens,pending live measurement,pending live measurement,max-w-md,pending live measurement,wp17-panel/wp17-form-frame,canonical button set,PortalLoginShell,none/local,pending viewport certification,,yes,none documented,Visual recertification / remove local overrides,certification pending
/shop,Shop,unresolved,Route-local shell,Minimal / inherited,none/unknown,pending screenshot certification,pending screenshot certification,Mixed / local,pending,mixed/local,pending live measurement,pending live measurement,fluid/mixed,pending live measurement,mixed/local,native/mixed,route-local / n/a,none/local,pending viewport certification,,minimal,none documented,Move route to PortalShell / PortalLoginShell / FormShell and remove local header/footer,certification pending
/shop/hub_legacy,Shop,unresolved,Route-local shell,Minimal / inherited,none/unknown,pending screenshot certification,pending screenshot certification,Mixed / local,pending,mixed/local,pending live measurement,pending live measurement,fluid/mixed,pending live measurement,mixed/local,native/mixed,route-local / n/a,none/local,pending viewport certification,,minimal,none documented,Move route to PortalShell / PortalLoginShell / FormShell and remove local header/footer,certification pending
/shop/hub_v2,Shop,unresolved,Route-local shell,Minimal / inherited,none/unknown,pending screenshot certification,pending screenshot certification,Mixed / local,pending,mixed/local,pending live measurement,pending live measurement,fluid/mixed,pending live measurement,mixed/local,native/mixed,route-local / n/a,none/local,pending viewport certification,,minimal,none documented,Move route to PortalShell / PortalLoginShell / FormShell and remove local header/footer,certification pending
/shop/asset-care,Shop,unresolved,Route-local shell,Minimal / inherited,none/unknown,pending screenshot certification,pending screenshot certification,Mixed / local,pending,mixed/local,pending live measurement,pending live measurement,fluid/mixed,pending live measurement,mixed/local,native/mixed,route-local / n/a,none/local,pending viewport certification,,minimal,none documented,Move route to PortalShell / PortalLoginShell / FormShell and remove local header/footer,certification pending
/shop/manager/queue,Shop,unresolved,Route-local shell,Minimal / inherited,none/unknown,pending screenshot certification,pending screenshot certification,Mixed / local,pending,mixed/local,pending live measurement,pending live measurement,fluid/mixed,pending live measurement,mixed/local,native/mixed,route-local / n/a,none/local,pending viewport certification,,minimal,none documented,Move route to PortalShell / PortalLoginShell / FormShell and remove local header/footer,certification pending
/shop/me,Shop,unresolved,Route-local shell,Minimal / inherited,none/unknown,pending screenshot certification,pending screenshot certification,Mixed / local,pending,mixed/local,pending live measurement,pending live measurement,fluid/mixed,pending live measurement,mixed/local,native/mixed,route-local / n/a,none/local,pending viewport certification,,minimal,none documented,Move route to PortalShell / PortalLoginShell / FormShell and remove local header/footer,certification pending
/shop/units/history,Shop,unresolved,Route-local shell,Minimal / inherited,none/unknown,pending screenshot certification,pending screenshot certification,Mixed / local,pending,mixed/local,pending live measurement,pending live measurement,fluid/mixed,pending live measurement,mixed/local,native/mixed,route-local / n/a,none/local,pending viewport certification,,minimal,none documented,Move route to PortalShell / PortalLoginShell / FormShell and remove local header/footer,certification pending
/shop/units/:unitNumber/history,Shop,unresolved,Route-local shell,Minimal / inherited,none/unknown,pending screenshot certification,pending screenshot certification,Mixed / local,pending,mixed/local,pending live measurement,pending live measurement,fluid/mixed,pending live measurement,mixed/local,native/mixed,route-local / n/a,none/local,pending viewport certification,,minimal,none documented,Move route to PortalShell / PortalLoginShell / FormShell and remove local header/footer,certification pending
/shop/fuel-lube/new,Shop,unresolved,Route-local shell,Minimal / inherited,none/unknown,pending screenshot certification,pending screenshot certification,Mixed / local,pending,mixed/local,pending live measurement,pending live measurement,fluid/mixed,pending live measurement,mixed/local,native/mixed,route-local / n/a,none/local,pending viewport certification,,minimal,none documented,Move route to PortalShell / PortalLoginShell / FormShell and remove local header/footer,certification pending
/shop/fuel-lube,Shop,unresolved,Route-local shell,Minimal / inherited,none/unknown,pending screenshot certification,pending screenshot certification,Mixed / local,pending,mixed/local,pending live measurement,pending live measurement,fluid/mixed,pending live measurement,mixed/local,native/mixed,route-local / n/a,none/local,pending viewport certification,,minimal,none documented,Move route to PortalShell / PortalLoginShell / FormShell and remove local header/footer,certification pending
/shop/fuel-lube/:visitId,Shop,unresolved,Route-local shell,Minimal / inherited,none/unknown,pending screenshot certification,pending screenshot certification,Mixed / local,pending,mixed/local,pending live measurement,pending live measurement,fluid/mixed,pending live measurement,mixed/local,native/mixed,route-local / n/a,none/local,pending viewport certification,,minimal,none documented,Move route to PortalShell / PortalLoginShell / FormShell and remove local header/footer,certification pending
/shop/service-truck-reconciliation/new,Shop,unresolved,Route-local shell,Minimal / inherited,none/unknown,pending screenshot certification,pending screenshot certification,Mixed / local,pending,mixed/local,pending live measurement,pending live measurement,fluid/mixed,pending live measurement,mixed/local,native/mixed,route-local / n/a,none/local,pending viewport certification,,minimal,none documented,Move route to PortalShell / PortalLoginShell / FormShell and remove local header/footer,certification pending
/shop/service-truck-reconciliation,Shop,unresolved,Route-local shell,Minimal / inherited,none/unknown,pending screenshot certification,pending screenshot certification,Mixed / local,pending,mixed/local,pending live measurement,pending live measurement,fluid/mixed,pending live measurement,mixed/local,native/mixed,route-local / n/a,none/local,pending viewport certification,,minimal,none documented,Move route to PortalShell / PortalLoginShell / FormShell and remove local header/footer,certification pending
/shop/service-truck-reconciliation/:recId,Shop,unresolved,Route-local shell,Minimal / inherited,none/unknown,pending screenshot certification,pending screenshot certification,Mixed / local,pending,mixed/local,pending live measurement,pending live measurement,fluid/mixed,pending live measurement,mixed/local,native/mixed,route-local / n/a,none/local,pending viewport certification,,minimal,none documented,Move route to PortalShell / PortalLoginShell / FormShell and remove local header/footer,certification pending
/shop/pm,Shop,unresolved,Route-local shell,Minimal / inherited,none/unknown,pending screenshot certification,pending screenshot certification,Mixed / local,pending,mixed/local,pending live measurement,pending live measurement,fluid/mixed,pending live measurement,mixed/local,native/mixed,route-local / n/a,none/local,pending viewport certification,,minimal,none documented,Move route to PortalShell / PortalLoginShell / FormShell and remove local header/footer,certification pending
/shop/pm/templates,Shop,unresolved,Route-local shell,Minimal / inherited,none/unknown,pending screenshot certification,pending screenshot certification,Mixed / local,pending,mixed/local,pending live measurement,pending live measurement,fluid/mixed,pending live measurement,mixed/local,native/mixed,route-local / n/a,none/local,pending viewport certification,,minimal,none documented,Move route to PortalShell / PortalLoginShell / FormShell and remove local header/footer,certification pending
/shop/pm/schedules,Shop,unresolved,Route-local shell,Minimal / inherited,none/unknown,pending screenshot certification,pending screenshot certification,Mixed / local,pending,mixed/local,pending live measurement,pending live measurement,fluid/mixed,pending live measurement,mixed/local,native/mixed,route-local / n/a,none/local,pending viewport certification,,minimal,none documented,Move route to PortalShell / PortalLoginShell / FormShell and remove local header/footer,certification pending
/shop/pm/work-orders,Shop,unresolved,Route-local shell,Minimal / inherited,none/unknown,pending screenshot certification,pending screenshot certification,Mixed / local,pending,mixed/local,pending live measurement,pending live measurement,fluid/mixed,pending live measurement,mixed/local,native/mixed,route-local / n/a,none/local,pending viewport certification,,minimal,none documented,Move route to PortalShell / PortalLoginShell / FormShell and remove local header/footer,certification pending
/shop/pm/work-orders/:id,Shop,unresolved,Route-local shell,Minimal / inherited,none/unknown,pending screenshot certification,pending screenshot certification,Mixed / local,pending,mixed/local,pending live measurement,pending live measurement,fluid/mixed,pending live measurement,mixed/local,native/mixed,route-local / n/a,none/local,pending viewport certification,,minimal,none documented,Move route to PortalShell / PortalLoginShell / FormShell and remove local header/footer,certification pending
/shop/trench-safety-repairs,Shop,unresolved,Route-local shell,Minimal / inherited,none/unknown,pending screenshot certification,pending screenshot certification,Mixed / local,pending,mixed/local,pending live measurement,pending live measurement,fluid/mixed,pending live measurement,mixed/local,native/mixed,route-local / n/a,none/local,pending viewport certification,,minimal,none documented,Move route to PortalShell / PortalLoginShell / FormShell and remove local header/footer,certification pending
/shop/fleet,Shop,FleetVisibility,PortalShell,Canonical platform header,MasciLogo,pending screenshot certification,pending screenshot certification,Flat slate background,"red,amber,emerald,slate",font-display + mono + sans tokens,pending live measurement,pending live measurement,max-w-7xl,pending live measurement,wp17-panel/wp17-form-frame,canonical button set,route-local / n/a,PortalShell responsive nav,pending viewport certification,legacy-help-tip,yes,none documented,Audit coaching treatment and reduce duplicated help bands,coaching
/fleet/unit/:unit_number,Fleet,unresolved,Route-local shell,Minimal / inherited,none/unknown,pending screenshot certification,pending screenshot certification,Mixed / local,pending,mixed/local,pending live measurement,pending live measurement,fluid/mixed,pending live measurement,mixed/local,native/mixed,route-local / n/a,none/local,pending viewport certification,,minimal,none documented,Move route to PortalShell / PortalLoginShell / FormShell and remove local header/footer,certification pending
/shop/equipment,Shop,EquipmentDashboard,PortalShell,Canonical platform header,MasciLogo,pending screenshot certification,pending screenshot certification,Mixed / local,"red,emerald,slate",font-display + mono + sans tokens,pending live measurement,pending live measurement,max-w-6xl,pending live measurement,wp17-panel/wp17-form-frame,canonical button set,route-local / n/a,PortalShell responsive nav,pending viewport certification,,yes,none documented,Visual recertification / remove local overrides,certification pending
/shop/equipment/:id,Shop,ViewEquipmentInspection,Route-local shell,Legacy local header,MasciLogo,pending screenshot certification,pending screenshot certification,Legacy blueprint grid,"red,amber,emerald,slate",font-display + mono + sans tokens,pending live measurement,pending live measurement,max-w-5xl,pending live measurement,mixed/local,canonical button set,route-local / n/a,none/local,pending viewport certification,local-logo; legacy-local-header,yes,none documented,Move route to PortalShell / PortalLoginShell / FormShell and remove local header/footer,header
/hr/login,HR,HrLogin,PortalLoginShell,Canonical public auth header,MasciLogo,pending screenshot certification,pending screenshot certification,Mixed / local,"red,amber,purple,slate",font-display + mono + sans tokens,pending live measurement,pending live measurement,fluid/mixed,pending live measurement,wp17-panel/wp17-form-frame,canonical button set,PortalLoginShell,none/local,pending viewport certification,local-logo; local-lang-toggle; legacy-attribution; custom-dialog,yes,none documented,Visual recertification / remove local overrides,certification pending
/sign-in,Shared/Public,SignIn,Route-local shell,Legacy local header,MasciLogo,pending screenshot certification,pending screenshot certification,WP17 grid + glass,"red,slate",font-display + mono + sans tokens,pending live measurement,pending live measurement,max-w-6xl,pending live measurement,wp17-panel/wp17-form-frame,canonical button set,route-local / n/a,none/local,pending viewport certification,local-logo; local-lang-toggle; legacy-attribution; legacy-local-header,yes,none documented,Move route to PortalShell / PortalLoginShell / FormShell and remove local header/footer,header; forms
/change-password,Shared/Public,DirectoryChangePassword,PortalLoginShell,Canonical public auth header,MasciLogo,pending screenshot certification,pending screenshot certification,Mixed / local,"red,slate",font-display + mono + sans tokens,pending live measurement,pending live measurement,max-w-md,pending live measurement,wp17-panel/wp17-form-frame,canonical button set,PortalLoginShell,none/local,pending viewport certification,,yes,none documented,Visual recertification / remove local overrides,certification pending
/hr/forgot,HR,HrForgotPassword,Route-local shell,Minimal / inherited,none/unknown,pending screenshot certification,pending screenshot certification,Mixed / local,pending,mixed/local,pending live measurement,pending live measurement,fluid/mixed,pending live measurement,mixed/local,native/mixed,route-local / n/a,none/local,pending viewport certification,,minimal,none documented,Move route to PortalShell / PortalLoginShell / FormShell and remove local header/footer,certification pending
/hr/reset/:token,HR,HrResetPassword,PortalLoginShell,Canonical public auth header,MasciLogo,pending screenshot certification,pending screenshot certification,Mixed / local,"red,amber,purple,slate",font-display + mono + sans tokens,pending live measurement,pending live measurement,max-w-md,pending live measurement,wp17-panel/wp17-form-frame,canonical button set,PortalLoginShell,none/local,pending viewport certification,,yes,none documented,Visual recertification / remove local overrides,certification pending
/hr/change-password,HR,HrChangePassword,PortalLoginShell,Canonical public auth header,MasciLogo,pending screenshot certification,pending screenshot certification,Mixed / local,"red,purple,slate",font-display + mono + sans tokens,pending live measurement,pending live measurement,max-w-md,pending live measurement,wp17-panel/wp17-form-frame,canonical button set,PortalLoginShell,none/local,pending viewport certification,,yes,none documented,Visual recertification / remove local overrides,certification pending
/hr,HR,unresolved,Route-local shell,Minimal / inherited,none/unknown,pending screenshot certification,pending screenshot certification,Mixed / local,pending,mixed/local,pending live measurement,pending live measurement,fluid/mixed,pending live measurement,mixed/local,native/mixed,route-local / n/a,none/local,pending viewport certification,,minimal,none documented,Move route to PortalShell / PortalLoginShell / FormShell and remove local header/footer,certification pending
/hr/hub_legacy,HR,unresolved,Route-local shell,Minimal / inherited,none/unknown,pending screenshot certification,pending screenshot certification,Mixed / local,pending,mixed/local,pending live measurement,pending live measurement,fluid/mixed,pending live measurement,mixed/local,native/mixed,route-local / n/a,none/local,pending viewport certification,,minimal,none documented,Move route to PortalShell / PortalLoginShell / FormShell and remove local header/footer,certification pending
/hr/hub_v2,HR,unresolved,Route-local shell,Minimal / inherited,none/unknown,pending screenshot certification,pending screenshot certification,Mixed / local,pending,mixed/local,pending live measurement,pending live measurement,fluid/mixed,pending live measurement,mixed/local,native/mixed,route-local / n/a,none/local,pending viewport certification,,minimal,none documented,Move route to PortalShell / PortalLoginShell / FormShell and remove local header/footer,certification pending
/hr/field-leadership,HR,unresolved,Route-local shell,Minimal / inherited,none/unknown,pending screenshot certification,pending screenshot certification,Mixed / local,pending,mixed/local,pending live measurement,pending live measurement,fluid/mixed,pending live measurement,mixed/local,native/mixed,route-local / n/a,none/local,pending viewport certification,,minimal,none documented,Move route to PortalShell / PortalLoginShell / FormShell and remove local header/footer,certification pending
/hr/field-leadership-users,HR,unresolved,Route-local shell,Minimal / inherited,none/unknown,pending screenshot certification,pending screenshot certification,Mixed / local,pending,mixed/local,pending live measurement,pending live measurement,fluid/mixed,pending live measurement,mixed/local,native/mixed,route-local / n/a,none/local,pending viewport certification,,minimal,none documented,Move route to PortalShell / PortalLoginShell / FormShell and remove local header/footer,certification pending
/hr/employee-accountability,HR,unresolved,Route-local shell,Minimal / inherited,none/unknown,pending screenshot certification,pending screenshot certification,Mixed / local,pending,mixed/local,pending live measurement,pending live measurement,fluid/mixed,pending live measurement,mixed/local,native/mixed,route-local / n/a,none/local,pending viewport certification,,minimal,none documented,Move route to PortalShell / PortalLoginShell / FormShell and remove local header/footer,certification pending
/hr/time-verification,HR,unresolved,Route-local shell,Minimal / inherited,none/unknown,pending screenshot certification,pending screenshot certification,Mixed / local,pending,mixed/local,pending live measurement,pending live measurement,fluid/mixed,pending live measurement,mixed/local,native/mixed,route-local / n/a,none/local,pending viewport certification,,minimal,none documented,Move route to PortalShell / PortalLoginShell / FormShell and remove local header/footer,certification pending
/hr/time-off,HR,unresolved,Route-local shell,Minimal / inherited,none/unknown,pending screenshot certification,pending screenshot certification,Mixed / local,pending,mixed/local,pending live measurement,pending live measurement,fluid/mixed,pending live measurement,mixed/local,native/mixed,route-local / n/a,none/local,pending viewport certification,,minimal,none documented,Move route to PortalShell / PortalLoginShell / FormShell and remove local header/footer,certification pending
/hr/payroll-variance,HR,unresolved,Route-local shell,Minimal / inherited,none/unknown,pending screenshot certification,pending screenshot certification,Mixed / local,pending,mixed/local,pending live measurement,pending live measurement,fluid/mixed,pending live measurement,mixed/local,native/mixed,route-local / n/a,none/local,pending viewport certification,,minimal,none documented,Move route to PortalShell / PortalLoginShell / FormShell and remove local header/footer,certification pending
/hr/training-records,HR,unresolved,Route-local shell,Minimal / inherited,none/unknown,pending screenshot certification,pending screenshot certification,Mixed / local,pending,mixed/local,pending live measurement,pending live measurement,fluid/mixed,pending live measurement,mixed/local,native/mixed,route-local / n/a,none/local,pending viewport certification,,minimal,none documented,Move route to PortalShell / PortalLoginShell / FormShell and remove local header/footer,certification pending
/hr/qualifications,HR,unresolved,Route-local shell,Minimal / inherited,none/unknown,pending screenshot certification,pending screenshot certification,Mixed / local,pending,mixed/local,pending live measurement,pending live measurement,fluid/mixed,pending live measurement,mixed/local,native/mixed,route-local / n/a,none/local,pending viewport certification,,minimal,none documented,Move route to PortalShell / PortalLoginShell / FormShell and remove local header/footer,certification pending
/hr/driver-qualification,HR,unresolved,Route-local shell,Minimal / inherited,none/unknown,pending screenshot certification,pending screenshot certification,Mixed / local,pending,mixed/local,pending live measurement,pending live measurement,fluid/mixed,pending live measurement,mixed/local,native/mixed,route-local / n/a,none/local,pending viewport certification,,minimal,none documented,Move route to PortalShell / PortalLoginShell / FormShell and remove local header/footer,certification pending
/hr/driver-qualification/import,HR,unresolved,Route-local shell,Minimal / inherited,none/unknown,pending screenshot certification,pending screenshot certification,Mixed / local,pending,mixed/local,pending live measurement,pending live measurement,fluid/mixed,pending live measurement,mixed/local,native/mixed,route-local / n/a,none/local,pending viewport certification,,minimal,none documented,Move route to PortalShell / PortalLoginShell / FormShell and remove local header/footer,certification pending
/hr/daily-reports,HR,unresolved,Route-local shell,Minimal / inherited,none/unknown,pending screenshot certification,pending screenshot certification,Mixed / local,pending,mixed/local,pending live measurement,pending live measurement,fluid/mixed,pending live measurement,mixed/local,native/mixed,route-local / n/a,none/local,pending viewport certification,,minimal,none documented,Move route to PortalShell / PortalLoginShell / FormShell and remove local header/footer,certification pending
/hr/daily-reports/:id,HR,ViewDailyReport,Route-local shell,Legacy local header,MasciLogo,pending screenshot certification,pending screenshot certification,Legacy blueprint grid,"red,amber,slate",font-display + mono + sans tokens,pending live measurement,pending live measurement,max-w-4xl,pending live measurement,mixed/local,canonical button set,route-local / n/a,none/local,pending viewport certification,local-logo; legacy-local-header,yes,none documented,Move route to PortalShell / PortalLoginShell / FormShell and remove local header/footer,header; tables; navigation
/hr/motive-drivers,HR,unresolved,Route-local shell,Minimal / inherited,none/unknown,pending screenshot certification,pending screenshot certification,Mixed / local,pending,mixed/local,pending live measurement,pending live measurement,fluid/mixed,pending live measurement,mixed/local,native/mixed,route-local / n/a,none/local,pending viewport certification,,minimal,none documented,Move route to PortalShell / PortalLoginShell / FormShell and remove local header/footer,certification pending
/hr/driver/:driverKey,HR,unresolved,Route-local shell,Minimal / inherited,none/unknown,pending screenshot certification,pending screenshot certification,Mixed / local,pending,mixed/local,pending live measurement,pending live measurement,fluid/mixed,pending live measurement,mixed/local,native/mixed,route-local / n/a,none/local,pending viewport certification,,minimal,none documented,Move route to PortalShell / PortalLoginShell / FormShell and remove local header/footer,certification pending
/time-off/public/:token,Shared/Public,PublicTimeOff,Route-local shell,Legacy local header,MasciLogo,pending screenshot certification,pending screenshot certification,Flat slate background,"red,emerald,cyan,slate",font-display + mono + sans tokens,pending live measurement,pending live measurement,max-w-2xl,pending live measurement,mixed/local,canonical button set,route-local / n/a,none/local,pending viewport certification,local-logo; local-lang-toggle,yes,none documented,Move route to PortalShell / PortalLoginShell / FormShell and remove local header/footer,header
/field-leadership/portal/login,Field,FieldLeadershipPortalLogin,PortalLoginShell,Canonical public auth header,MasciLogo,pending screenshot certification,pending screenshot certification,Legacy blueprint grid,"red,amber,purple,slate",font-display + mono + sans tokens,pending live measurement,pending live measurement,fluid/mixed,pending live measurement,wp17-panel/wp17-form-frame,canonical button set,PortalLoginShell,none/local,pending viewport certification,local-logo; local-lang-toggle; legacy-attribution; custom-dialog; legacy-local-header,yes,none documented,Visual recertification / remove local overrides,certification pending
/field-leadership/portal/change-password,Field,FieldLeadershipPortalChangePassword,PortalLoginShell,Canonical public auth header,MasciLogo,pending screenshot certification,pending screenshot certification,Mixed / local,"red,slate",font-display + mono + sans tokens,pending live measurement,pending live measurement,fluid/mixed,pending live measurement,wp17-panel/wp17-form-frame,canonical button set,PortalLoginShell,none/local,pending viewport certification,legacy-help-tip,yes,none documented,Audit coaching treatment and reduce duplicated help bands,coaching
/field-leadership/portal/dashboard,Field,FieldLeadershipPortalDashboard,PortalShell,Canonical platform header,MasciLogo,pending screenshot certification,pending screenshot certification,Flat slate background,"red,slate",font-display + mono + sans tokens,pending live measurement,pending live measurement,max-w-6xl,pending live measurement,wp17-panel/wp17-form-frame,canonical button set,route-local / n/a,PortalShell responsive nav,pending viewport certification,legacy-help-tip,yes,none documented,Audit coaching treatment and reduce duplicated help bands,coaching
/field-leadership/portal,Field,FieldLeadershipPortalDashboard,PortalShell,Canonical platform header,MasciLogo,pending screenshot certification,pending screenshot certification,Flat slate background,"red,slate",font-display + mono + sans tokens,pending live measurement,pending live measurement,max-w-6xl,pending live measurement,wp17-panel/wp17-form-frame,canonical button set,route-local / n/a,PortalShell responsive nav,pending viewport certification,legacy-help-tip,yes,none documented,Audit coaching treatment and reduce duplicated help bands,coaching
/field-leadership/portal/driver-qualification,Field,FieldLeadershipDriverQualification,PortalShell,Canonical platform header,MasciLogo,pending screenshot certification,pending screenshot certification,Mixed / local,red,font-display + mono + sans tokens,pending live measurement,pending live measurement,max-w-6xl,pending live measurement,wp17-panel/wp17-form-frame,native/mixed,route-local / n/a,PortalShell responsive nav,pending viewport certification,,minimal,none documented,Visual recertification / remove local overrides,certification pending
/safety-portal/login,Safety,SafetyLogin,PortalLoginShell,Canonical public auth header,MasciLogo,pending screenshot certification,pending screenshot certification,Mixed / local,"red,cyan,slate",font-display + mono + sans tokens,pending live measurement,pending live measurement,fluid/mixed,pending live measurement,wp17-panel/wp17-form-frame,canonical button set,PortalLoginShell,none/local,pending viewport certification,local-logo; local-lang-toggle; legacy-attribution,yes,none documented,Visual recertification / remove local overrides,certification pending
/safety-portal/forgot-password,Safety,SafetyForgotPassword,PortalLoginShell,Canonical public auth header,MasciLogo,pending screenshot certification,pending screenshot certification,Mixed / local,"emerald,cyan,slate",font-display + mono + sans tokens,pending live measurement,pending live measurement,max-w-md,pending live measurement,wp17-panel/wp17-form-frame,canonical button set,PortalLoginShell,none/local,pending viewport certification,,yes,none documented,Visual recertification / remove local overrides,certification pending
/safety-portal/reset/:token,Safety,SafetyResetPassword,PortalLoginShell,Canonical public auth header,MasciLogo,pending screenshot certification,pending screenshot certification,Mixed / local,"red,cyan,slate",font-display + mono + sans tokens,pending live measurement,pending live measurement,max-w-md,pending live measurement,wp17-panel/wp17-form-frame,canonical button set,PortalLoginShell,none/local,pending viewport certification,,yes,none documented,Visual recertification / remove local overrides,certification pending
/safety-portal/change-password,Safety,SafetyChangePassword,PortalLoginShell,Canonical public auth header,MasciLogo,pending screenshot certification,pending screenshot certification,Mixed / local,"cyan,slate",font-display + mono + sans tokens,pending live measurement,pending live measurement,max-w-md,pending live measurement,wp17-panel/wp17-form-frame,canonical button set,PortalLoginShell,none/local,pending viewport certification,,yes,none documented,Visual recertification / remove local overrides,certification pending
/safety-portal,Safety,unresolved,Route-local shell,Minimal / inherited,none/unknown,pending screenshot certification,pending screenshot certification,Mixed / local,pending,mixed/local,pending live measurement,pending live measurement,fluid/mixed,pending live measurement,mixed/local,native/mixed,route-local / n/a,none/local,pending viewport certification,,minimal,none documented,Move route to PortalShell / PortalLoginShell / FormShell and remove local header/footer,certification pending
/safety-portal/hub_legacy,Safety,unresolved,Route-local shell,Minimal / inherited,none/unknown,pending screenshot certification,pending screenshot certification,Mixed / local,pending,mixed/local,pending live measurement,pending live measurement,fluid/mixed,pending live measurement,mixed/local,native/mixed,route-local / n/a,none/local,pending viewport certification,,minimal,none documented,Move route to PortalShell / PortalLoginShell / FormShell and remove local header/footer,certification pending
/safety-portal/hub_v2,Safety,unresolved,Route-local shell,Minimal / inherited,none/unknown,pending screenshot certification,pending screenshot certification,Mixed / local,pending,mixed/local,pending live measurement,pending live measurement,fluid/mixed,pending live measurement,mixed/local,native/mixed,route-local / n/a,none/local,pending viewport certification,,minimal,none documented,Move route to PortalShell / PortalLoginShell / FormShell and remove local header/footer,certification pending
/safety-portal/fleet,Safety,FleetVisibility,PortalShell,Canonical platform header,MasciLogo,pending screenshot certification,pending screenshot certification,Flat slate background,"red,amber,emerald,slate",font-display + mono + sans tokens,pending live measurement,pending live measurement,max-w-7xl,pending live measurement,wp17-panel/wp17-form-frame,canonical button set,route-local / n/a,PortalShell responsive nav,pending viewport certification,legacy-help-tip,yes,none documented,Audit coaching treatment and reduce duplicated help bands,coaching
/safety-portal/corrective-actions,Safety,unresolved,Route-local shell,Minimal / inherited,none/unknown,pending screenshot certification,pending screenshot certification,Mixed / local,pending,mixed/local,pending live measurement,pending live measurement,fluid/mixed,pending live measurement,mixed/local,native/mixed,route-local / n/a,none/local,pending viewport certification,,minimal,none documented,Move route to PortalShell / PortalLoginShell / FormShell and remove local header/footer,certification pending
/safety-portal/fire-extinguishers,Safety,unresolved,Route-local shell,Minimal / inherited,none/unknown,pending screenshot certification,pending screenshot certification,Mixed / local,pending,mixed/local,pending live measurement,pending live measurement,fluid/mixed,pending live measurement,mixed/local,native/mixed,route-local / n/a,none/local,pending viewport certification,,minimal,none documented,Move route to PortalShell / PortalLoginShell / FormShell and remove local header/footer,certification pending
/safety-portal/fire-extinguishers/import,Safety,unresolved,Route-local shell,Minimal / inherited,none/unknown,pending screenshot certification,pending screenshot certification,Mixed / local,pending,mixed/local,pending live measurement,pending live measurement,fluid/mixed,pending live measurement,mixed/local,native/mixed,route-local / n/a,none/local,pending viewport certification,,minimal,none documented,Move route to PortalShell / PortalLoginShell / FormShell and remove local header/footer,certification pending
/safety-portal/documents,Safety,unresolved,Route-local shell,Minimal / inherited,none/unknown,pending screenshot certification,pending screenshot certification,Mixed / local,pending,mixed/local,pending live measurement,pending live measurement,fluid/mixed,pending live measurement,mixed/local,native/mixed,route-local / n/a,none/local,pending viewport certification,,minimal,none documented,Move route to PortalShell / PortalLoginShell / FormShell and remove local header/footer,certification pending
/safety-portal/training,Safety,unresolved,Route-local shell,Minimal / inherited,none/unknown,pending screenshot certification,pending screenshot certification,Mixed / local,pending,mixed/local,pending live measurement,pending live measurement,fluid/mixed,pending live measurement,mixed/local,native/mixed,route-local / n/a,none/local,pending viewport certification,,minimal,none documented,Move route to PortalShell / PortalLoginShell / FormShell and remove local header/footer,certification pending
/safety-portal/incidents,Safety,unresolved,Route-local shell,Minimal / inherited,none/unknown,pending screenshot certification,pending screenshot certification,Mixed / local,pending,mixed/local,pending live measurement,pending live measurement,fluid/mixed,pending live measurement,mixed/local,native/mixed,route-local / n/a,none/local,pending viewport certification,,minimal,none documented,Move route to PortalShell / PortalLoginShell / FormShell and remove local header/footer,certification pending
/safety-portal/incidents/:id,Safety,ViewIncident,Route-local shell,Legacy local header,MasciLogo,pending screenshot certification,pending screenshot certification,Legacy blueprint grid,"red,amber,emerald,slate",font-display + mono + sans tokens,pending live measurement,pending live measurement,max-w-4xl,pending live measurement,mixed/local,canonical button set,route-local / n/a,none/local,pending viewport certification,local-logo; legacy-local-header,yes,none documented,Move route to PortalShell / PortalLoginShell / FormShell and remove local header/footer,header
/safety-portal/meetings/:id,Safety,ViewMeeting,Route-local shell,Legacy local header,MasciLogo,pending screenshot certification,pending screenshot certification,Legacy blueprint grid,"red,slate",font-display + mono + sans tokens,pending live measurement,pending live measurement,max-w-4xl,pending live measurement,mixed/local,canonical button set,route-local / n/a,none/local,pending viewport certification,local-logo; legacy-local-header,yes,none documented,Move route to PortalShell / PortalLoginShell / FormShell and remove local header/footer,header
/safety-portal/audits,Safety,unresolved,Route-local shell,Minimal / inherited,none/unknown,pending screenshot certification,pending screenshot certification,Mixed / local,pending,mixed/local,pending live measurement,pending live measurement,fluid/mixed,pending live measurement,mixed/local,native/mixed,route-local / n/a,none/local,pending viewport certification,,minimal,none documented,Move route to PortalShell / PortalLoginShell / FormShell and remove local header/footer,certification pending
/safety-portal/forms-records,Safety,unresolved,Route-local shell,Minimal / inherited,none/unknown,pending screenshot certification,pending screenshot certification,Mixed / local,pending,mixed/local,pending live measurement,pending live measurement,fluid/mixed,pending live measurement,mixed/local,native/mixed,route-local / n/a,none/local,pending viewport certification,,minimal,none documented,Move route to PortalShell / PortalLoginShell / FormShell and remove local header/footer,certification pending
/safety-portal/reports,Safety,unresolved,Route-local shell,Minimal / inherited,none/unknown,pending screenshot certification,pending screenshot certification,Mixed / local,pending,mixed/local,pending live measurement,pending live measurement,fluid/mixed,pending live measurement,mixed/local,native/mixed,route-local / n/a,none/local,pending viewport certification,,minimal,none documented,Move route to PortalShell / PortalLoginShell / FormShell and remove local header/footer,certification pending
/safety-portal/library,Safety,unresolved,Route-local shell,Minimal / inherited,none/unknown,pending screenshot certification,pending screenshot certification,Mixed / local,pending,mixed/local,pending live measurement,pending live measurement,fluid/mixed,pending live measurement,mixed/local,native/mixed,route-local / n/a,none/local,pending viewport certification,,minimal,none documented,Move route to PortalShell / PortalLoginShell / FormShell and remove local header/footer,certification pending
/safety-portal/employees,Safety,unresolved,Route-local shell,Minimal / inherited,none/unknown,pending screenshot certification,pending screenshot certification,Mixed / local,pending,mixed/local,pending live measurement,pending live measurement,fluid/mixed,pending live measurement,mixed/local,native/mixed,route-local / n/a,none/local,pending viewport certification,,minimal,none documented,Move route to PortalShell / PortalLoginShell / FormShell and remove local header/footer,certification pending
/safety-portal/digest,Safety,unresolved,Route-local shell,Minimal / inherited,none/unknown,pending screenshot certification,pending screenshot certification,Mixed / local,pending,mixed/local,pending live measurement,pending live measurement,fluid/mixed,pending live measurement,mixed/local,native/mixed,route-local / n/a,none/local,pending viewport certification,,minimal,none documented,Move route to PortalShell / PortalLoginShell / FormShell and remove local header/footer,certification pending
/safety-portal/inspections,Safety,Dashboard,PortalShell,Canonical platform header,MasciLogo,pending screenshot certification,pending screenshot certification,Mixed / local,"red,slate",font-display + mono + sans tokens,pending live measurement,pending live measurement,max-w-6xl,pending live measurement,wp17-panel/wp17-form-frame,canonical button set,route-local / n/a,PortalShell responsive nav,pending viewport certification,,yes,none documented,Visual recertification / remove local overrides,certification pending
/safety-portal/inspections/:id,Safety,ViewInspection,Route-local shell,Legacy local header,MasciLogo,pending screenshot certification,pending screenshot certification,Legacy blueprint grid,"red,slate",font-display + mono + sans tokens,pending live measurement,pending live measurement,max-w-4xl,pending live measurement,mixed/local,canonical button set,route-local / n/a,none/local,pending viewport certification,local-logo; legacy-local-header,yes,none documented,Move route to PortalShell / PortalLoginShell / FormShell and remove local header/footer,header
/safety-portal/jha-plans,Safety,JhaPlansAdmin,PortalShell,Canonical platform header,MasciLogo,pending screenshot certification,pending screenshot certification,Flat slate background,"red,amber,emerald,purple,slate",font-display + mono + sans tokens,pending live measurement,pending live measurement,max-w-7xl,pending live measurement,wp17-panel/wp17-form-frame,canonical button set,route-local / n/a,PortalShell responsive nav,pending viewport certification,,yes,none documented,Visual recertification / remove local overrides,certification pending
/safety-portal/driver/:driverKey,Safety,unresolved,Route-local shell,Minimal / inherited,none/unknown,pending screenshot certification,pending screenshot certification,Mixed / local,pending,mixed/local,pending live measurement,pending live measurement,fluid/mixed,pending live measurement,mixed/local,native/mixed,route-local / n/a,none/local,pending viewport certification,,minimal,none documented,Move route to PortalShell / PortalLoginShell / FormShell and remove local header/footer,certification pending
/hr/safety-records,HR,unresolved,Route-local shell,Minimal / inherited,none/unknown,pending screenshot certification,pending screenshot certification,Mixed / local,pending,mixed/local,pending live measurement,pending live measurement,fluid/mixed,pending live measurement,mixed/local,native/mixed,route-local / n/a,none/local,pending viewport certification,,minimal,none documented,Move route to PortalShell / PortalLoginShell / FormShell and remove local header/footer,certification pending
/dispatch-portal/login,Dispatch,DispatchLogin,PortalLoginShell,Canonical public auth header,MasciLogo,pending screenshot certification,pending screenshot certification,Mixed / local,"red,orange,slate",font-display + mono + sans tokens,pending live measurement,pending live measurement,fluid/mixed,pending live measurement,wp17-panel/wp17-form-frame,canonical button set,PortalLoginShell,none/local,pending viewport certification,local-logo; local-lang-toggle; legacy-attribution,yes,none documented,Visual recertification / remove local overrides,certification pending
/leadership/login,Shared/Public,FieldLeadershipPortalLogin,PortalLoginShell,Canonical public auth header,MasciLogo,pending screenshot certification,pending screenshot certification,Legacy blueprint grid,"red,amber,purple,slate",font-display + mono + sans tokens,pending live measurement,pending live measurement,fluid/mixed,pending live measurement,wp17-panel/wp17-form-frame,canonical button set,PortalLoginShell,none/local,pending viewport certification,local-logo; local-lang-toggle; legacy-attribution; custom-dialog; legacy-local-header,yes,none documented,Visual recertification / remove local overrides,certification pending
/dispatch-portal/forgot-password,Dispatch,DispatchForgotPassword,PortalLoginShell,Canonical public auth header,MasciLogo,pending screenshot certification,pending screenshot certification,Mixed / local,"emerald,orange,slate",font-display + mono + sans tokens,pending live measurement,pending live measurement,fluid/mixed,pending live measurement,wp17-panel/wp17-form-frame,canonical button set,PortalLoginShell,none/local,pending viewport certification,,yes,none documented,Visual recertification / remove local overrides,certification pending
/dispatch-portal/reset/:token,Dispatch,DispatchResetPassword,PortalLoginShell,Canonical public auth header,MasciLogo,pending screenshot certification,pending screenshot certification,Mixed / local,"red,orange,slate",font-display + mono + sans tokens,pending live measurement,pending live measurement,max-w-md,pending live measurement,wp17-panel/wp17-form-frame,canonical button set,PortalLoginShell,none/local,pending viewport certification,,yes,none documented,Visual recertification / remove local overrides,certification pending
/dispatch-portal/change-password,Dispatch,DispatchChangePassword,PortalLoginShell,Canonical public auth header,MasciLogo,pending screenshot certification,pending screenshot certification,Mixed / local,"orange,slate",font-display + mono + sans tokens,pending live measurement,pending live measurement,max-w-md,pending live measurement,wp17-panel/wp17-form-frame,canonical button set,PortalLoginShell,none/local,pending viewport certification,,yes,none documented,Visual recertification / remove local overrides,certification pending
/dispatch-portal,Dispatch,unresolved,Route-local shell,Minimal / inherited,none/unknown,pending screenshot certification,pending screenshot certification,Mixed / local,pending,mixed/local,pending live measurement,pending live measurement,fluid/mixed,pending live measurement,mixed/local,native/mixed,route-local / n/a,none/local,pending viewport certification,,minimal,none documented,Move route to PortalShell / PortalLoginShell / FormShell and remove local header/footer,certification pending
/dispatch-portal/hub_legacy,Dispatch,unresolved,Route-local shell,Minimal / inherited,none/unknown,pending screenshot certification,pending screenshot certification,Mixed / local,pending,mixed/local,pending live measurement,pending live measurement,fluid/mixed,pending live measurement,mixed/local,native/mixed,route-local / n/a,none/local,pending viewport certification,,minimal,none documented,Move route to PortalShell / PortalLoginShell / FormShell and remove local header/footer,certification pending
/dispatch-portal/hub_v2,Dispatch,unresolved,Route-local shell,Minimal / inherited,none/unknown,pending screenshot certification,pending screenshot certification,Mixed / local,pending,mixed/local,pending live measurement,pending live measurement,fluid/mixed,pending live measurement,mixed/local,native/mixed,route-local / n/a,none/local,pending viewport certification,,minimal,none documented,Move route to PortalShell / PortalLoginShell / FormShell and remove local header/footer,certification pending
/dispatch-portal/board,Dispatch,unresolved,Route-local shell,Minimal / inherited,none/unknown,pending screenshot certification,pending screenshot certification,Mixed / local,pending,mixed/local,pending live measurement,pending live measurement,fluid/mixed,pending live measurement,mixed/local,native/mixed,route-local / n/a,none/local,pending viewport certification,,minimal,none documented,Move route to PortalShell / PortalLoginShell / FormShell and remove local header/footer,certification pending
/dispatch-portal/command,Dispatch,unresolved,Route-local shell,Minimal / inherited,none/unknown,pending screenshot certification,pending screenshot certification,Mixed / local,pending,mixed/local,pending live measurement,pending live measurement,fluid/mixed,pending live measurement,mixed/local,native/mixed,route-local / n/a,none/local,pending viewport certification,,minimal,none documented,Move route to PortalShell / PortalLoginShell / FormShell and remove local header/footer,certification pending
/dispatch-portal/fleet,Dispatch,FleetVisibility,PortalShell,Canonical platform header,MasciLogo,pending screenshot certification,pending screenshot certification,Flat slate background,"red,amber,emerald,slate",font-display + mono + sans tokens,pending live measurement,pending live measurement,max-w-7xl,pending live measurement,wp17-panel/wp17-form-frame,canonical button set,route-local / n/a,PortalShell responsive nav,pending viewport certification,legacy-help-tip,yes,none documented,Audit coaching treatment and reduce duplicated help bands,coaching
/dispatch-portal/map,Dispatch,unresolved,Route-local shell,Minimal / inherited,none/unknown,pending screenshot certification,pending screenshot certification,Mixed / local,pending,mixed/local,pending live measurement,pending live measurement,fluid/mixed,pending live measurement,mixed/local,native/mixed,route-local / n/a,none/local,pending viewport certification,,minimal,none documented,Move route to PortalShell / PortalLoginShell / FormShell and remove local header/footer,certification pending
/dispatch-portal/haul-ledger,Dispatch,unresolved,Route-local shell,Minimal / inherited,none/unknown,pending screenshot certification,pending screenshot certification,Mixed / local,pending,mixed/local,pending live measurement,pending live measurement,fluid/mixed,pending live measurement,mixed/local,native/mixed,route-local / n/a,none/local,pending viewport certification,,minimal,none documented,Move route to PortalShell / PortalLoginShell / FormShell and remove local header/footer,certification pending
/dispatch-portal/driver-qualification,Dispatch,unresolved,Route-local shell,Minimal / inherited,none/unknown,pending screenshot certification,pending screenshot certification,Mixed / local,pending,mixed/local,pending live measurement,pending live measurement,fluid/mixed,pending live measurement,mixed/local,native/mixed,route-local / n/a,none/local,pending viewport certification,,minimal,none documented,Move route to PortalShell / PortalLoginShell / FormShell and remove local header/footer,certification pending
/dispatch-portal/driver/:driverKey,Dispatch,unresolved,Route-local shell,Minimal / inherited,none/unknown,pending screenshot certification,pending screenshot certification,Mixed / local,pending,mixed/local,pending live measurement,pending live measurement,fluid/mixed,pending live measurement,mixed/local,native/mixed,route-local / n/a,none/local,pending viewport certification,,minimal,none documented,Move route to PortalShell / PortalLoginShell / FormShell and remove local header/footer,certification pending
/training,Training,unresolved,Route-local shell,Minimal / inherited,none/unknown,pending screenshot certification,pending screenshot certification,Mixed / local,pending,mixed/local,pending live measurement,pending live measurement,fluid/mixed,pending live measurement,mixed/local,native/mixed,route-local / n/a,none/local,pending viewport certification,,minimal,none documented,Move route to PortalShell / PortalLoginShell / FormShell and remove local header/footer,certification pending
/training-hub,Training,unresolved,Route-local shell,Minimal / inherited,none/unknown,pending screenshot certification,pending screenshot certification,Mixed / local,pending,mixed/local,pending live measurement,pending live measurement,fluid/mixed,pending live measurement,mixed/local,native/mixed,route-local / n/a,none/local,pending viewport certification,,minimal,none documented,Move route to PortalShell / PortalLoginShell / FormShell and remove local header/footer,certification pending
/training/:track,Training,unresolved,Route-local shell,Minimal / inherited,none/unknown,pending screenshot certification,pending screenshot certification,Mixed / local,pending,mixed/local,pending live measurement,pending live measurement,fluid/mixed,pending live measurement,mixed/local,native/mixed,route-local / n/a,none/local,pending viewport certification,,minimal,none documented,Move route to PortalShell / PortalLoginShell / FormShell and remove local header/footer,certification pending
/training/:track/poster,Training,unresolved,Route-local shell,Minimal / inherited,none/unknown,pending screenshot certification,pending screenshot certification,Mixed / local,pending,mixed/local,pending live measurement,pending live measurement,fluid/mixed,pending live measurement,mixed/local,native/mixed,route-local / n/a,none/local,pending viewport certification,,minimal,none documented,Move route to PortalShell / PortalLoginShell / FormShell and remove local header/footer,certification pending
/training/:track/packet,Training,unresolved,Route-local shell,Minimal / inherited,none/unknown,pending screenshot certification,pending screenshot certification,Mixed / local,pending,mixed/local,pending live measurement,pending live measurement,fluid/mixed,pending live measurement,mixed/local,native/mixed,route-local / n/a,none/local,pending viewport certification,,minimal,none documented,Move route to PortalShell / PortalLoginShell / FormShell and remove local header/footer,certification pending
/admin/training-videos,Admin,unresolved,Route-local shell,Minimal / inherited,none/unknown,pending screenshot certification,pending screenshot certification,Mixed / local,pending,mixed/local,pending live measurement,pending live measurement,fluid/mixed,pending live measurement,mixed/local,native/mixed,route-local / n/a,none/local,pending viewport certification,,minimal,none documented,Move route to PortalShell / PortalLoginShell / FormShell and remove local header/footer,certification pending
/admin/deploy-readiness,Admin,AdminDeployReadiness,Route-local shell,Minimal / inherited,none/unknown,pending screenshot certification,pending screenshot certification,Flat slate background,"red,amber,emerald,slate",font-display + mono + sans tokens,pending live measurement,pending live measurement,max-w-6xl,pending live measurement,mixed/local,canonical button set,route-local / n/a,none/local,pending viewport certification,,yes,none documented,Move route to PortalShell / PortalLoginShell / FormShell and remove local header/footer,coaching
/ops-training,Shared/Public,unresolved,Route-local shell,Minimal / inherited,none/unknown,pending screenshot certification,pending screenshot certification,Mixed / local,pending,mixed/local,pending live measurement,pending live measurement,fluid/mixed,pending live measurement,mixed/local,native/mixed,route-local / n/a,none/local,pending viewport certification,,minimal,none documented,Move route to PortalShell / PortalLoginShell / FormShell and remove local header/footer,certification pending
/ops-training/:slug,Shared/Public,unresolved,Route-local shell,Minimal / inherited,none/unknown,pending screenshot certification,pending screenshot certification,Mixed / local,pending,mixed/local,pending live measurement,pending live measurement,fluid/mixed,pending live measurement,mixed/local,native/mixed,route-local / n/a,none/local,pending viewport certification,,minimal,none documented,Move route to PortalShell / PortalLoginShell / FormShell and remove local header/footer,certification pending
/dev/login,Shared/Public,DevLogin,PortalLoginShell,Canonical public auth header,MasciLogo,pending screenshot certification,pending screenshot certification,Mixed / local,"amber,emerald,slate",font-display + mono + sans tokens,pending live measurement,pending live measurement,max-w-sm,pending live measurement,wp17-panel/wp17-form-frame,canonical button set,PortalLoginShell,none/local,pending viewport certification,,yes,none documented,Visual recertification / remove local overrides,certification pending
/dev,Shared/Public,DevHub,Route-local shell,Minimal / inherited,none/unknown,pending screenshot certification,pending screenshot certification,Mixed / local,"red,emerald,slate",mixed/local,pending live measurement,pending live measurement,max-w-5xl,pending live measurement,mixed/local,native/mixed,route-local / n/a,none/local,pending viewport certification,,yes,none documented,Move route to PortalShell / PortalLoginShell / FormShell and remove local header/footer,tables
/inspections,Shared/Public,unresolved,Route-local shell,Minimal / inherited,none/unknown,pending screenshot certification,pending screenshot certification,Mixed / local,pending,mixed/local,pending live measurement,pending live measurement,fluid/mixed,pending live measurement,mixed/local,native/mixed,route-local / n/a,none/local,pending viewport certification,,minimal,none documented,Move route to PortalShell / PortalLoginShell / FormShell and remove local header/footer,certification pending
/inspect/:id,Shared/Public,unresolved,Route-local shell,Minimal / inherited,none/unknown,pending screenshot certification,pending screenshot certification,Mixed / local,pending,mixed/local,pending live measurement,pending live measurement,fluid/mixed,pending live measurement,mixed/local,native/mixed,route-local / n/a,none/local,pending viewport certification,,minimal,none documented,Move route to PortalShell / PortalLoginShell / FormShell and remove local header/footer,certification pending
/inspections/:id,Shared/Public,unresolved,Route-local shell,Minimal / inherited,none/unknown,pending screenshot certification,pending screenshot certification,Mixed / local,pending,mixed/local,pending live measurement,pending live measurement,fluid/mixed,pending live measurement,mixed/local,native/mixed,route-local / n/a,none/local,pending viewport certification,,minimal,none documented,Move route to PortalShell / PortalLoginShell / FormShell and remove local header/footer,certification pending
/meetings,Meetings,unresolved,Route-local shell,Minimal / inherited,none/unknown,pending screenshot certification,pending screenshot certification,Mixed / local,pending,mixed/local,pending live measurement,pending live measurement,fluid/mixed,pending live measurement,mixed/local,native/mixed,route-local / n/a,none/local,pending viewport certification,,minimal,none documented,Move route to PortalShell / PortalLoginShell / FormShell and remove local header/footer,certification pending
/meetings/:id,Meetings,unresolved,Route-local shell,Minimal / inherited,none/unknown,pending screenshot certification,pending screenshot certification,Mixed / local,pending,mixed/local,pending live measurement,pending live measurement,fluid/mixed,pending live measurement,mixed/local,native/mixed,route-local / n/a,none/local,pending viewport certification,,minimal,none documented,Move route to PortalShell / PortalLoginShell / FormShell and remove local header/footer,certification pending
/incidents,Incidents,unresolved,Route-local shell,Minimal / inherited,none/unknown,pending screenshot certification,pending screenshot certification,Mixed / local,pending,mixed/local,pending live measurement,pending live measurement,fluid/mixed,pending live measurement,mixed/local,native/mixed,route-local / n/a,none/local,pending viewport certification,,minimal,none documented,Move route to PortalShell / PortalLoginShell / FormShell and remove local header/footer,certification pending
/incidents/:id,Incidents,unresolved,Route-local shell,Minimal / inherited,none/unknown,pending screenshot certification,pending screenshot certification,Mixed / local,pending,mixed/local,pending live measurement,pending live measurement,fluid/mixed,pending live measurement,mixed/local,native/mixed,route-local / n/a,none/local,pending viewport certification,,minimal,none documented,Move route to PortalShell / PortalLoginShell / FormShell and remove local header/footer,certification pending
/daily,Shared/Public,unresolved,Route-local shell,Minimal / inherited,none/unknown,pending screenshot certification,pending screenshot certification,Mixed / local,pending,mixed/local,pending live measurement,pending live measurement,fluid/mixed,pending live measurement,mixed/local,native/mixed,route-local / n/a,none/local,pending viewport certification,,minimal,none documented,Move route to PortalShell / PortalLoginShell / FormShell and remove local header/footer,certification pending
/daily/:id,Shared/Public,unresolved,Route-local shell,Minimal / inherited,none/unknown,pending screenshot certification,pending screenshot certification,Mixed / local,pending,mixed/local,pending live measurement,pending live measurement,fluid/mixed,pending live measurement,mixed/local,native/mixed,route-local / n/a,none/local,pending viewport certification,,minimal,none documented,Move route to PortalShell / PortalLoginShell / FormShell and remove local header/footer,certification pending
/safety-portal/meetings,Safety,MeetingsDashboard,PortalShell,Canonical platform header,MasciLogo,pending screenshot certification,pending screenshot certification,Mixed / local,"red,slate",font-display + mono + sans tokens,pending live measurement,pending live measurement,max-w-6xl,pending live measurement,wp17-panel/wp17-form-frame,canonical button set,route-local / n/a,PortalShell responsive nav,pending viewport certification,,yes,none documented,Visual recertification / remove local overrides,certification pending
/admin/daily-reports,Admin,unresolved,Route-local shell,Minimal / inherited,none/unknown,pending screenshot certification,pending screenshot certification,Mixed / local,pending,mixed/local,pending live measurement,pending live measurement,fluid/mixed,pending live measurement,mixed/local,native/mixed,route-local / n/a,none/local,pending viewport certification,,minimal,none documented,Move route to PortalShell / PortalLoginShell / FormShell and remove local header/footer,certification pending
/admin/trench-safety-assets,Admin,unresolved,Route-local shell,Minimal / inherited,none/unknown,pending screenshot certification,pending screenshot certification,Mixed / local,pending,mixed/local,pending live measurement,pending live measurement,fluid/mixed,pending live measurement,mixed/local,native/mixed,route-local / n/a,none/local,pending viewport certification,,minimal,none documented,Move route to PortalShell / PortalLoginShell / FormShell and remove local header/footer,certification pending
/legal/terms,Shared/Public,unresolved,Route-local shell,Minimal / inherited,none/unknown,pending screenshot certification,pending screenshot certification,Mixed / local,pending,mixed/local,pending live measurement,pending live measurement,fluid/mixed,pending live measurement,mixed/local,native/mixed,route-local / n/a,none/local,pending viewport certification,,minimal,none documented,Move route to PortalShell / PortalLoginShell / FormShell and remove local header/footer,certification pending
/legal/privacy,Shared/Public,unresolved,Route-local shell,Minimal / inherited,none/unknown,pending screenshot certification,pending screenshot certification,Mixed / local,pending,mixed/local,pending live measurement,pending live measurement,fluid/mixed,pending live measurement,mixed/local,native/mixed,route-local / n/a,none/local,pending viewport certification,,minimal,none documented,Move route to PortalShell / PortalLoginShell / FormShell and remove local header/footer,certification pending
/tasks,Shared/Public,unresolved,Route-local shell,Minimal / inherited,none/unknown,pending screenshot certification,pending screenshot certification,Mixed / local,pending,mixed/local,pending live measurement,pending live measurement,fluid/mixed,pending live measurement,mixed/local,native/mixed,route-local / n/a,none/local,pending viewport certification,,minimal,none documented,Move route to PortalShell / PortalLoginShell / FormShell and remove local header/footer,certification pending
/document-expirations,Shared/Public,unresolved,Route-local shell,Minimal / inherited,none/unknown,pending screenshot certification,pending screenshot certification,Mixed / local,pending,mixed/local,pending live measurement,pending live measurement,fluid/mixed,pending live measurement,mixed/local,native/mixed,route-local / n/a,none/local,pending viewport certification,,minimal,none documented,Move route to PortalShell / PortalLoginShell / FormShell and remove local header/footer,certification pending
/hr/employees,HR,unresolved,Route-local shell,Minimal / inherited,none/unknown,pending screenshot certification,pending screenshot certification,Mixed / local,pending,mixed/local,pending live measurement,pending live measurement,fluid/mixed,pending live measurement,mixed/local,native/mixed,route-local / n/a,none/local,pending viewport certification,,minimal,none documented,Move route to PortalShell / PortalLoginShell / FormShell and remove local header/footer,certification pending
/hr/employee-requests,HR,unresolved,Route-local shell,Minimal / inherited,none/unknown,pending screenshot certification,pending screenshot certification,Mixed / local,pending,mixed/local,pending live measurement,pending live measurement,fluid/mixed,pending live measurement,mixed/local,native/mixed,route-local / n/a,none/local,pending viewport certification,,minimal,none documented,Move route to PortalShell / PortalLoginShell / FormShell and remove local header/footer,certification pending
/hr/employees/:id/accountability,HR,unresolved,Route-local shell,Minimal / inherited,none/unknown,pending screenshot certification,pending screenshot certification,Mixed / local,pending,mixed/local,pending live measurement,pending live measurement,fluid/mixed,pending live measurement,mixed/local,native/mixed,route-local / n/a,none/local,pending viewport certification,,minimal,none documented,Move route to PortalShell / PortalLoginShell / FormShell and remove local header/footer,certification pending
/hr/employees/:id/thread,HR,unresolved,Route-local shell,Minimal / inherited,none/unknown,pending screenshot certification,pending screenshot certification,Mixed / local,pending,mixed/local,pending live measurement,pending live measurement,fluid/mixed,pending live measurement,mixed/local,native/mixed,route-local / n/a,none/local,pending viewport certification,,minimal,none documented,Move route to PortalShell / PortalLoginShell / FormShell and remove local header/footer,certification pending
/hr/employees/:empId/profile,HR,unresolved,Route-local shell,Minimal / inherited,none/unknown,pending screenshot certification,pending screenshot certification,Mixed / local,pending,mixed/local,pending live measurement,pending live measurement,fluid/mixed,pending live measurement,mixed/local,native/mixed,route-local / n/a,none/local,pending viewport certification,,minimal,none documented,Move route to PortalShell / PortalLoginShell / FormShell and remove local header/footer,certification pending
/hr/historical-records/intake,HR,unresolved,Route-local shell,Minimal / inherited,none/unknown,pending screenshot certification,pending screenshot certification,Mixed / local,pending,mixed/local,pending live measurement,pending live measurement,fluid/mixed,pending live measurement,mixed/local,native/mixed,route-local / n/a,none/local,pending viewport certification,,minimal,none documented,Move route to PortalShell / PortalLoginShell / FormShell and remove local header/footer,certification pending
/hr/historical-records/queue,HR,unresolved,Route-local shell,Minimal / inherited,none/unknown,pending screenshot certification,pending screenshot certification,Mixed / local,pending,mixed/local,pending live measurement,pending live measurement,fluid/mixed,pending live measurement,mixed/local,native/mixed,route-local / n/a,none/local,pending viewport certification,,minimal,none documented,Move route to PortalShell / PortalLoginShell / FormShell and remove local header/footer,certification pending
/hr/historical-records/batches,HR,unresolved,Route-local shell,Minimal / inherited,none/unknown,pending screenshot certification,pending screenshot certification,Mixed / local,pending,mixed/local,pending live measurement,pending live measurement,fluid/mixed,pending live measurement,mixed/local,native/mixed,route-local / n/a,none/local,pending viewport certification,,minimal,none documented,Move route to PortalShell / PortalLoginShell / FormShell and remove local header/footer,certification pending
/hr/historical-records/batches/:batchId,HR,unresolved,Route-local shell,Minimal / inherited,none/unknown,pending screenshot certification,pending screenshot certification,Mixed / local,pending,mixed/local,pending live measurement,pending live measurement,fluid/mixed,pending live measurement,mixed/local,native/mixed,route-local / n/a,none/local,pending viewport certification,,minimal,none documented,Move route to PortalShell / PortalLoginShell / FormShell and remove local header/footer,certification pending
/hr/incidents,HR,unresolved,Route-local shell,Minimal / inherited,none/unknown,pending screenshot certification,pending screenshot certification,Mixed / local,pending,mixed/local,pending live measurement,pending live measurement,fluid/mixed,pending live measurement,mixed/local,native/mixed,route-local / n/a,none/local,pending viewport certification,,minimal,none documented,Move route to PortalShell / PortalLoginShell / FormShell and remove local header/footer,certification pending
/po-requests,Shared/Public,unresolved,Route-local shell,Minimal / inherited,none/unknown,pending screenshot certification,pending screenshot certification,Mixed / local,pending,mixed/local,pending live measurement,pending live measurement,fluid/mixed,pending live measurement,mixed/local,native/mixed,route-local / n/a,none/local,pending viewport certification,,minimal,none documented,Move route to PortalShell / PortalLoginShell / FormShell and remove local header/footer,certification pending
/project-health,Shared/Public,unresolved,Route-local shell,Minimal / inherited,none/unknown,pending screenshot certification,pending screenshot certification,Mixed / local,pending,mixed/local,pending live measurement,pending live measurement,fluid/mixed,pending live measurement,mixed/local,native/mixed,route-local / n/a,none/local,pending viewport certification,,minimal,none documented,Move route to PortalShell / PortalLoginShell / FormShell and remove local header/footer,certification pending
/asset-transfers,Shared/Public,unresolved,Route-local shell,Minimal / inherited,none/unknown,pending screenshot certification,pending screenshot certification,Mixed / local,pending,mixed/local,pending live measurement,pending live measurement,fluid/mixed,pending live measurement,mixed/local,native/mixed,route-local / n/a,none/local,pending viewport certification,,minimal,none documented,Move route to PortalShell / PortalLoginShell / FormShell and remove local header/footer,certification pending
/access-denied,Shared/Public,AccessDenied,Route-local shell,Legacy local header,MasciLogo,pending screenshot certification,pending screenshot certification,Legacy blueprint grid,"red,amber,slate",font-display + mono + sans tokens,pending live measurement,pending live measurement,max-w-3xl,pending live measurement,mixed/local,native/mixed,route-local / n/a,none/local,pending viewport certification,local-logo; legacy-local-header,yes,none documented,Move route to PortalShell / PortalLoginShell / FormShell and remove local header/footer,header
/admin/audit,Admin,unresolved,Route-local shell,Minimal / inherited,none/unknown,pending screenshot certification,pending screenshot certification,Mixed / local,pending,mixed/local,pending live measurement,pending live measurement,fluid/mixed,pending live measurement,mixed/local,native/mixed,route-local / n/a,none/local,pending viewport certification,,minimal,none documented,Move route to PortalShell / PortalLoginShell / FormShell and remove local header/footer,certification pending
/admin/health,Admin,unresolved,Route-local shell,Minimal / inherited,none/unknown,pending screenshot certification,pending screenshot certification,Mixed / local,pending,mixed/local,pending live measurement,pending live measurement,fluid/mixed,pending live measurement,mixed/local,native/mixed,route-local / n/a,none/local,pending viewport certification,,minimal,none documented,Move route to PortalShell / PortalLoginShell / FormShell and remove local header/footer,certification pending
/d/:token,Shared/Public,unresolved,Route-local shell,Minimal / inherited,none/unknown,pending screenshot certification,pending screenshot certification,Mixed / local,pending,mixed/local,pending live measurement,pending live measurement,fluid/mixed,pending live measurement,mixed/local,native/mixed,route-local / n/a,none/local,pending viewport certification,,minimal,none documented,Move route to PortalShell / PortalLoginShell / FormShell and remove local header/footer,certification pending
/driver,Shared/Public,unresolved,Route-local shell,Minimal / inherited,none/unknown,pending screenshot certification,pending screenshot certification,Mixed / local,pending,mixed/local,pending live measurement,pending live measurement,fluid/mixed,pending live measurement,mixed/local,native/mixed,route-local / n/a,none/local,pending viewport certification,,minimal,none documented,Move route to PortalShell / PortalLoginShell / FormShell and remove local header/footer,certification pending
/shift,Shared/Public,unresolved,Route-local shell,Minimal / inherited,none/unknown,pending screenshot certification,pending screenshot certification,Mixed / local,pending,mixed/local,pending live measurement,pending live measurement,fluid/mixed,pending live measurement,mixed/local,native/mixed,route-local / n/a,none/local,pending viewport certification,,minimal,none documented,Move route to PortalShell / PortalLoginShell / FormShell and remove local header/footer,certification pending
/field-leadership,Field,unresolved,Route-local shell,Minimal / inherited,none/unknown,pending screenshot certification,pending screenshot certification,Mixed / local,pending,mixed/local,pending live measurement,pending live measurement,fluid/mixed,pending live measurement,mixed/local,native/mixed,route-local / n/a,none/local,pending viewport certification,,minimal,none documented,Move route to PortalShell / PortalLoginShell / FormShell and remove local header/footer,certification pending
/odr/new,Shared/Public,unresolved,Route-local shell,Minimal / inherited,none/unknown,pending screenshot certification,pending screenshot certification,Mixed / local,pending,mixed/local,pending live measurement,pending live measurement,fluid/mixed,pending live measurement,mixed/local,native/mixed,route-local / n/a,none/local,pending viewport certification,,minimal,none documented,Move route to PortalShell / PortalLoginShell / FormShell and remove local header/footer,certification pending
/odr/center,Shared/Public,unresolved,Route-local shell,Minimal / inherited,none/unknown,pending screenshot certification,pending screenshot certification,Mixed / local,pending,mixed/local,pending live measurement,pending live measurement,fluid/mixed,pending live measurement,mixed/local,native/mixed,route-local / n/a,none/local,pending viewport certification,,minimal,none documented,Move route to PortalShell / PortalLoginShell / FormShell and remove local header/footer,certification pending
/pm/odr,PM,unresolved,Route-local shell,Minimal / inherited,none/unknown,pending screenshot certification,pending screenshot certification,Mixed / local,pending,mixed/local,pending live measurement,pending live measurement,fluid/mixed,pending live measurement,mixed/local,native/mixed,route-local / n/a,none/local,pending viewport certification,,minimal,none documented,Move route to PortalShell / PortalLoginShell / FormShell and remove local header/footer,certification pending
/odr/public/:doc_id,Shared/Public,unresolved,Route-local shell,Minimal / inherited,none/unknown,pending screenshot certification,pending screenshot certification,Mixed / local,pending,mixed/local,pending live measurement,pending live measurement,fluid/mixed,pending live measurement,mixed/local,native/mixed,route-local / n/a,none/local,pending viewport certification,,minimal,none documented,Move route to PortalShell / PortalLoginShell / FormShell and remove local header/footer,certification pending
/odr/:id/done,Shared/Public,unresolved,Route-local shell,Minimal / inherited,none/unknown,pending screenshot certification,pending screenshot certification,Mixed / local,pending,mixed/local,pending live measurement,pending live measurement,fluid/mixed,pending live measurement,mixed/local,native/mixed,route-local / n/a,none/local,pending viewport certification,,minimal,none documented,Move route to PortalShell / PortalLoginShell / FormShell and remove local header/footer,certification pending
/odr/:id,Shared/Public,unresolved,Route-local shell,Minimal / inherited,none/unknown,pending screenshot certification,pending screenshot certification,Mixed / local,pending,mixed/local,pending live measurement,pending live measurement,fluid/mixed,pending live measurement,mixed/local,native/mixed,route-local / n/a,none/local,pending viewport certification,,minimal,none documented,Move route to PortalShell / PortalLoginShell / FormShell and remove local header/footer,certification pending
/operational-records,Shared/Public,unresolved,Route-local shell,Minimal / inherited,none/unknown,pending screenshot certification,pending screenshot certification,Mixed / local,pending,mixed/local,pending live measurement,pending live measurement,fluid/mixed,pending live measurement,mixed/local,native/mixed,route-local / n/a,none/local,pending viewport certification,,minimal,none documented,Move route to PortalShell / PortalLoginShell / FormShell and remove local header/footer,certification pending
/operations-actions,Shared/Public,unresolved,Route-local shell,Minimal / inherited,none/unknown,pending screenshot certification,pending screenshot certification,Mixed / local,pending,mixed/local,pending live measurement,pending live measurement,fluid/mixed,pending live measurement,mixed/local,native/mixed,route-local / n/a,none/local,pending viewport certification,,minimal,none documented,Move route to PortalShell / PortalLoginShell / FormShell and remove local header/footer,certification pending
/operations-actions/new,Shared/Public,unresolved,Route-local shell,Minimal / inherited,none/unknown,pending screenshot certification,pending screenshot certification,Mixed / local,pending,mixed/local,pending live measurement,pending live measurement,fluid/mixed,pending live measurement,mixed/local,native/mixed,route-local / n/a,none/local,pending viewport certification,,minimal,none documented,Move route to PortalShell / PortalLoginShell / FormShell and remove local header/footer,certification pending
/operations-actions/:id,Shared/Public,unresolved,Route-local shell,Minimal / inherited,none/unknown,pending screenshot certification,pending screenshot certification,Mixed / local,pending,mixed/local,pending live measurement,pending live measurement,fluid/mixed,pending live measurement,mixed/local,native/mixed,route-local / n/a,none/local,pending viewport certification,,minimal,none documented,Move route to PortalShell / PortalLoginShell / FormShell and remove local header/footer,certification pending
/_internal/design-system,Shared/Public,unresolved,Route-local shell,Minimal / inherited,none/unknown,pending screenshot certification,pending screenshot certification,Mixed / local,pending,mixed/local,pending live measurement,pending live measurement,fluid/mixed,pending live measurement,mixed/local,native/mixed,route-local / n/a,none/local,pending viewport certification,,minimal,none documented,Move route to PortalShell / PortalLoginShell / FormShell and remove local header/footer,certification pending
/_internal/pm-v2-preview,Shared/Public,unresolved,Route-local shell,Minimal / inherited,none/unknown,pending screenshot certification,pending screenshot certification,Mixed / local,pending,mixed/local,pending live measurement,pending live measurement,fluid/mixed,pending live measurement,mixed/local,native/mixed,route-local / n/a,none/local,pending viewport certification,,minimal,none documented,Move route to PortalShell / PortalLoginShell / FormShell and remove local header/footer,certification pending
/_internal/hr-v2-preview,Shared/Public,unresolved,Route-local shell,Minimal / inherited,none/unknown,pending screenshot certification,pending screenshot certification,Mixed / local,pending,mixed/local,pending live measurement,pending live measurement,fluid/mixed,pending live measurement,mixed/local,native/mixed,route-local / n/a,none/local,pending viewport certification,,minimal,none documented,Move route to PortalShell / PortalLoginShell / FormShell and remove local header/footer,certification pending
/_internal/v2-index,Shared/Public,unresolved,Route-local shell,Minimal / inherited,none/unknown,pending screenshot certification,pending screenshot certification,Mixed / local,pending,mixed/local,pending live measurement,pending live measurement,fluid/mixed,pending live measurement,mixed/local,native/mixed,route-local / n/a,none/local,pending viewport certification,,minimal,none documented,Move route to PortalShell / PortalLoginShell / FormShell and remove local header/footer,certification pending
/_internal/v2-compare/:portal,Shared/Public,unresolved,Route-local shell,Minimal / inherited,none/unknown,pending screenshot certification,pending screenshot certification,Mixed / local,pending,mixed/local,pending live measurement,pending live measurement,fluid/mixed,pending live measurement,mixed/local,native/mixed,route-local / n/a,none/local,pending viewport certification,,minimal,none documented,Move route to PortalShell / PortalLoginShell / FormShell and remove local header/footer,certification pending
/daily-report/v2,Shared/Public,unresolved,Route-local shell,Minimal / inherited,none/unknown,pending screenshot certification,pending screenshot certification,Mixed / local,pending,mixed/local,pending live measurement,pending live measurement,fluid/mixed,pending live measurement,mixed/local,native/mixed,route-local / n/a,none/local,pending viewport certification,,minimal,none documented,Move route to PortalShell / PortalLoginShell / FormShell and remove local header/footer,certification pending
/daily/v1,Shared/Public,unresolved,Route-local shell,Minimal / inherited,none/unknown,pending screenshot certification,pending screenshot certification,Mixed / local,pending,mixed/local,pending live measurement,pending live measurement,fluid/mixed,pending live measurement,mixed/local,native/mixed,route-local / n/a,none/local,pending viewport certification,,minimal,none documented,Move route to PortalShell / PortalLoginShell / FormShell and remove local header/footer,certification pending
/daily/v2,Shared/Public,unresolved,Route-local shell,Minimal / inherited,none/unknown,pending screenshot certification,pending screenshot certification,Mixed / local,pending,mixed/local,pending live measurement,pending live measurement,fluid/mixed,pending live measurement,mixed/local,native/mixed,route-local / n/a,none/local,pending viewport certification,,minimal,none documented,Move route to PortalShell / PortalLoginShell / FormShell and remove local header/footer,certification pending
/daily/v3,Shared/Public,unresolved,Route-local shell,Minimal / inherited,none/unknown,pending screenshot certification,pending screenshot certification,Mixed / local,pending,mixed/local,pending live measurement,pending live measurement,fluid/mixed,pending live measurement,mixed/local,native/mixed,route-local / n/a,none/local,pending viewport certification,,minimal,none documented,Move route to PortalShell / PortalLoginShell / FormShell and remove local header/footer,certification pending
/daily-report/v1,Shared/Public,unresolved,Route-local shell,Minimal / inherited,none/unknown,pending screenshot certification,pending screenshot certification,Mixed / local,pending,mixed/local,pending live measurement,pending live measurement,fluid/mixed,pending live measurement,mixed/local,native/mixed,route-local / n/a,none/local,pending viewport certification,,minimal,none documented,Move route to PortalShell / PortalLoginShell / FormShell and remove local header/footer,certification pending
/daily-report/v3,Shared/Public,unresolved,Route-local shell,Minimal / inherited,none/unknown,pending screenshot certification,pending screenshot certification,Mixed / local,pending,mixed/local,pending live measurement,pending live measurement,fluid/mixed,pending live measurement,mixed/local,native/mixed,route-local / n/a,none/local,pending viewport certification,,minimal,none documented,Move route to PortalShell / PortalLoginShell / FormShell and remove local header/footer,certification pending
/pm/operational-intelligence,PM,PmOperationalIntelligence,PmShell,Minimal / inherited,none/unknown,pending screenshot certification,pending screenshot certification,Mixed / local,"red,amber,slate",mixed/local,pending live measurement,pending live measurement,fluid/mixed,pending live measurement,mixed/local,native/mixed,route-local / n/a,none/local,pending viewport certification,,yes,none documented,Collapse wrapper into canonical PortalShell and remove duplicate shell layer (PmShell),tables
/admin/ods-intelligence,Admin,unresolved,Route-local shell,Minimal / inherited,none/unknown,pending screenshot certification,pending screenshot certification,Mixed / local,pending,mixed/local,pending live measurement,pending live measurement,fluid/mixed,pending live measurement,mixed/local,native/mixed,route-local / n/a,none/local,pending viewport certification,,minimal,none documented,Move route to PortalShell / PortalLoginShell / FormShell and remove local header/footer,certification pending
/executive/ods-intelligence,Shared/Public,unresolved,Route-local shell,Minimal / inherited,none/unknown,pending screenshot certification,pending screenshot certification,Mixed / local,pending,mixed/local,pending live measurement,pending live measurement,fluid/mixed,pending live measurement,mixed/local,native/mixed,route-local / n/a,none/local,pending viewport certification,,minimal,none documented,Move route to PortalShell / PortalLoginShell / FormShell and remove local header/footer,certification pending
/admin/occ,Admin,unresolved,Route-local shell,Minimal / inherited,none/unknown,pending screenshot certification,pending screenshot certification,Mixed / local,pending,mixed/local,pending live measurement,pending live measurement,fluid/mixed,pending live measurement,mixed/local,native/mixed,route-local / n/a,none/local,pending viewport certification,,minimal,none documented,Move route to PortalShell / PortalLoginShell / FormShell and remove local header/footer,certification pending
/executive,Shared/Public,unresolved,Route-local shell,Minimal / inherited,none/unknown,pending screenshot certification,pending screenshot certification,Mixed / local,pending,mixed/local,pending live measurement,pending live measurement,fluid/mixed,pending live measurement,mixed/local,native/mixed,route-local / n/a,none/local,pending viewport certification,,minimal,none documented,Move route to PortalShell / PortalLoginShell / FormShell and remove local header/footer,certification pending
/executive-dashboard,Shared/Public,unresolved,Route-local shell,Minimal / inherited,none/unknown,pending screenshot certification,pending screenshot certification,Mixed / local,pending,mixed/local,pending live measurement,pending live measurement,fluid/mixed,pending live measurement,mixed/local,native/mixed,route-local / n/a,none/local,pending viewport certification,,minimal,none documented,Move route to PortalShell / PortalLoginShell / FormShell and remove local header/footer,certification pending
/admin/executive,Admin,unresolved,Route-local shell,Minimal / inherited,none/unknown,pending screenshot certification,pending screenshot certification,Mixed / local,pending,mixed/local,pending live measurement,pending live measurement,fluid/mixed,pending live measurement,mixed/local,native/mixed,route-local / n/a,none/local,pending viewport certification,,minimal,none documented,Move route to PortalShell / PortalLoginShell / FormShell and remove local header/footer,certification pending
/fleet,Fleet,unresolved,Route-local shell,Minimal / inherited,none/unknown,pending screenshot certification,pending screenshot certification,Mixed / local,pending,mixed/local,pending live measurement,pending live measurement,fluid/mixed,pending live measurement,mixed/local,native/mixed,route-local / n/a,none/local,pending viewport certification,,minimal,none documented,Move route to PortalShell / PortalLoginShell / FormShell and remove local header/footer,certification pending
/admin/ai,Admin,unresolved,Route-local shell,Minimal / inherited,none/unknown,pending screenshot certification,pending screenshot certification,Mixed / local,pending,mixed/local,pending live measurement,pending live measurement,fluid/mixed,pending live measurement,mixed/local,native/mixed,route-local / n/a,none/local,pending viewport certification,,minimal,none documented,Move route to PortalShell / PortalLoginShell / FormShell and remove local header/footer,certification pending
/admin/storage,Admin,unresolved,Route-local shell,Minimal / inherited,none/unknown,pending screenshot certification,pending screenshot certification,Mixed / local,pending,mixed/local,pending live measurement,pending live measurement,fluid/mixed,pending live measurement,mixed/local,native/mixed,route-local / n/a,none/local,pending viewport certification,,minimal,none documented,Move route to PortalShell / PortalLoginShell / FormShell and remove local header/footer,certification pending
/fl,Shared/Public,unresolved,Route-local shell,Minimal / inherited,none/unknown,pending screenshot certification,pending screenshot certification,Mixed / local,pending,mixed/local,pending live measurement,pending live measurement,fluid/mixed,pending live measurement,mixed/local,native/mixed,route-local / n/a,none/local,pending viewport certification,,minimal,none documented,Move route to PortalShell / PortalLoginShell / FormShell and remove local header/footer,certification pending
*,Shared/Public,NotFound,Route-local shell,Legacy local header,MasciLogo,pending screenshot certification,pending screenshot certification,Legacy blueprint grid,"red,slate",font-display + mono + sans tokens,pending live measurement,pending live measurement,max-w-3xl,pending live measurement,mixed/local,native/mixed,route-local / n/a,none/local,pending viewport certification,local-logo; legacy-local-header,yes,none documented,Move route to PortalShell / PortalLoginShell / FormShell and remove local header/footer,header
